run,a_au,ecc,obliquity_deg,lon_perihelion_deg,days_per_year,years_to_equilibrium,T_overshoot_K,max_hemis_asymmetry_K,max_hemis_asymmetry_year,final_hemis_asymmetry_K,iceline_start_deg,iceline_end_deg,iceline_migration_deg,iceline_peak_rate_deg_per_yr,T_year1_degC,T_final_degC,diag_seasonal_range_K,dT_vs_baseline_K,Score,n_ejected,bh_rp_au,bh_inc_deg,bh_Omega_deg,bh_omega_deg
20260724_230314__rp0p25__vinf25__inc0__toff56210__Om0__om0,1.4306049871798832,0.2233245327237774,23.70168833365585,83.00347782631717,624.9962224050814,11,0.0,6.873718810214655,2,3.6493474908638746e-11,,,,,-7.411601896418957,-66.26177528842135,16.314506225814192,-81.57850830409426,5.256907428428605,2,0.25,0.0,0.0,0.0
20260724_230314__rp0p25__vinf25__inc0__toff56210__Om0__om180,0.7923239872915679,0.2331602469643267,21.015434260483964,271.22049837127014,257.603640754542,24,0.0,4.92888224542947,2,0.0002413847403914815,90.0,90.0,0.0,0.0,31.188566003563032,88.38554812550048,11.348843040917238,73.06881510982757,5.055172319448047,1,0.25,0.0,0.0,180.0
20260724_230314__rp0p25__vinf25__inc0__toff56210__Om0__om270,1.2306201758912432,0.1267112473459505,22.581199552910444,52.097455203989526,498.6362375045165,14,0.0,5.495954574967737,3,1.2221960332681192e-08,48.11140308495899,27.100685348240216,-21.01071773671877,21.01071773671877,2.4560694772126714,-56.09032177683196,14.84648669597074,-71.40705479250488,4.312175009928982,1,0.25,0.0,0.0,270.0
20260724_230314__rp0p25__vinf25__inc0__toff56210__Om0__om90,1.0166818183807187,0.2811479078892679,25.93211793520845,176.12114869988952,374.4340848938256,6,0.0,6.451799700389735,1,0.6092532546458607,61.37544904657465,70.81186354627908,9.436414499704433,5.87769967906052,15.142641499320096,15.72229782643015,39.506013925358204,0.4055648107572374,4.7471068422819584,2,0.25,0.0,0.0,90.0
20260724_230314__rp0p25__vinf25__inc0__toff56210__Om180__om0,0.7923239872915679,0.2331602469643267,21.015434260483964,271.22049837127014,257.603640754542,24,0.0,4.92888224542947,2,0.0002413847403914815,90.0,90.0,0.0,0.0,31.188566003563032,88.38554812550048,11.348843040917238,73.06881510982757,5.055172319448047,1,0.25,0.0,180.0,0.0
20260724_230314__rp0p25__vinf25__inc0__toff56210__Om180__om180,1.4306049866744706,0.2233245331377317,23.70168832560552,83.00347775856739,624.9962220738778,11,0.0,6.873718810525425,2,3.538502824085299e-11,,,,,-7.411601875682422,-66.26177526349265,16.314506248395432,-81.57850827916556,5.25690742720019,2,0.25,0.0,180.0,180.0
20260724_230314__rp0p25__vinf25__inc0__toff56210__Om180__om270,1.0166818177318506,0.2811479058077433,25.932117981665176,176.12114944395958,374.4340845353678,6,0.0,6.451799702855105,1,0.6092532682031777,61.37544904657465,70.81186354627908,9.436414499704433,5.87769967906052,15.142641515801875,15.722297887103732,39.50601354251356,0.4055648714308191,4.747106858976243,2,0.25,0.0,180.0,270.0
20260724_230314__rp0p25__vinf25__inc0__toff56210__Om180__om90,1.2306201758912432,0.1267112473459505,22.581199552910444,52.097455203989526,498.6362375045165,14,0.0,5.495954574967737,3,1.2221960332681192e-08,48.11140308495899,27.100685348240216,-21.01071773671877,21.01071773671877,2.4560694772126714,-56.09032177683196,14.84648669597074,-71.40705479250488,4.312175009928982,1,0.25,0.0,180.0,90.0
20260724_230314__rp0p25__vinf25__inc0__toff56210__Om270__om0,1.2306201758912432,0.1267112473459505,22.581199552910444,52.097455203989526,498.6362375045165,14,0.0,5.495954574967737,3,1.2221960332681192e-08,48.11140308495899,27.100685348240216,-21.01071773671877,21.01071773671877,2.4560694772126714,-56.09032177683196,14.84648669597074,-71.40705479250488,4.312175009928982,1,0.25,0.0,270.0,0.0
20260724_230314__rp0p25__vinf25__inc0__toff56210__Om270__om180,1.0166818177318506,0.2811479058077433,25.932117981665176,176.12114944395958,374.4340845353678,6,0.0,6.451799702855105,1,0.6092532682031777,61.37544904657465,70.81186354627908,9.436414499704433,5.87769967906052,15.142641515801875,15.722297887103732,39.50601354251356,0.4055648714308191,4.747106858976243,2,0.25,0.0,270.0,180.0
20260724_230314__rp0p25__vinf25__inc0__toff56210__Om270__om270,0.7923239908426015,0.2331602451178122,21.01543432349174,271.2204974362536,257.603642486332,24,0.0,4.928882066985281,2,0.00024138471430035224,90.0,90.0,0.0,0.0,31.188565673659852,88.38554636952651,11.34884330149179,73.0688133538536,5.055172302911926,1,0.25,0.0,270.0,270.0
20260724_230314__rp0p25__vinf25__inc0__toff56210__Om270__om90,1.4306049866744706,0.2233245331377317,23.70168832560552,83.00347775856739,624.9962220738778,11,0.0,6.873718810525425,2,3.538502824085299e-11,,,,,-7.411601875682422,-66.26177526349265,16.314506248395432,-81.57850827916556,5.25690742720019,2,0.25,0.0,270.0,90.0
20260724_230314__rp0p25__vinf25__inc0__toff56210__Om90__om0,1.0166818183807187,0.2811479078892679,25.93211793520845,176.12114869988952,374.4340848938256,6,0.0,6.451799700389735,1,0.6092532546458607,61.37544904657465,70.81186354627908,9.436414499704433,5.87769967906052,15.142641499320096,15.72229782643015,39.506013925358204,0.4055648107572374,4.7471068422819584,2,0.25,0.0,90.0,0.0
20260724_230314__rp0p25__vinf25__inc0__toff56210__Om90__om180,1.2306201758912432,0.1267112473459505,22.581199552910444,52.097455203989526,498.6362375045165,14,0.0,5.495954574967737,3,1.2221960332681192e-08,48.11140308495899,27.100685348240216,-21.01071773671877,21.01071773671877,2.4560694772126714,-56.09032177683196,14.84648669597074,-71.40705479250488,4.312175009928982,1,0.25,0.0,90.0,180.0
20260724_230314__rp0p25__vinf25__inc0__toff56210__Om90__om270,1.4306049866744706,0.2233245331377317,23.70168832560552,83.00347775856739,624.9962220738778,11,0.0,6.873718810525425,2,3.538502824085299e-11,,,,,-7.411601875682422,-66.26177526349265,16.314506248395432,-81.57850827916556,5.25690742720019,2,0.25,0.0,90.0,270.0
20260724_230314__rp0p25__vinf25__inc0__toff56210__Om90__om90,0.7923239872915679,0.2331602469643267,21.015434260483964,271.22049837127014,257.603640754542,24,0.0,4.92888224542947,2,0.0002413847403914815,90.0,90.0,0.0,0.0,31.188566003563032,88.38554812550048,11.348843040917238,73.06881510982757,5.055172319448047,1,0.25,0.0,90.0,90.0
20260724_230314__rp0p25__vinf25__inc30__toff56210__Om0__om0,1.3788260121350175,0.204388457249952,23.304570159776578,71.49021877675223,591.373680858856,11,0.0,6.651622921254969,2,1.6356693777197506e-10,,,,,-5.347297315284244,-64.03034186454781,16.04842584791797,-79.34707488022072,5.716894492920149,2,0.25,30.0,0.0,0.0
20260724_230314__rp0p25__vinf25__inc30__toff56210__Om0__om180,0.8829994133590646,0.1596977056968631,24.930210706507143,286.80832446843897,303.0668345616973,18,0.0,2.864235486440222,1,0.00013632000919727716,81.4509211694784,90.0,8.549078830521594,8.549078830521594,23.375489327417167,49.5932683545256,19.800819560472846,34.27653533885268,4.912200031792338,2,0.25,30.0,0.0,180.0
20260724_230314__rp0p25__vinf25__inc30__toff56210__Om0__om270,1.2481316149214106,0.1390635470883844,23.746185182037564,38.02109352297312,509.3172274271904,13,0.0,5.732934544043502,2,6.813955621964851e-09,46.23825730732021,17.457603123722098,-28.780654183598113,28.780654183598113,0.4917865867372479,-57.17082727877557,14.911123313292038,-72.48756029444849,4.569765520926923,1,0.25,30.0,0.0,270.0
20260724_230314__rp0p25__vinf25__inc30__toff56210__Om0__om90,0.9892361890096284,0.3785730925865211,21.69865698032752,206.44028573383235,359.37493532798686,13,0.0,4.8059802237539095,1,0.009377313460991132,67.25314872563517,90.0,22.74685127436483,10.63905762319932,17.972656798587025,27.645115505354287,34.92767725368651,12.328382489681374,5.405464056882556,2,0.25,30.0,0.0,90.0
20260724_230314__rp0p25__vinf25__inc30__toff56210__Om180__om0,0.7278003749144271,0.3477972989469803,24.212242188321987,259.09289099970005,226.7859800121821,28,0.0,7.284369965117918,3,0.0014605249372721119,90.0,90.0,0.0,0.0,38.844822067745845,130.4559656437158,15.813103540555787,115.1392326280429,5.396737817814231,1,0.25,30.0,180.0,0.0
20260724_230314__rp0p25__vinf25__inc30__toff56210__Om180__om180,1.6461932221223652,0.319234394887897,23.39853775065705,94.0990989604158,771.4699321542009,9,0.0,7.182507906461215,1,9.521272659185342e-13,,,,,-15.268976521205925,-73.18345655307697,16.912062271104787,-88.50018956874987,4.789768867145566,0,0.25,30.0,180.0,180.0
20260724_230314__rp0p25__vinf25__inc30__toff56210__Om180__om270,1.0803905018860556,0.2061032613885255,28.11224587752384,146.30759838550992,410.1747542758503,35,0.0,6.8023165676519755,1,0.002874849927295031,56.4426902380793,7.020370749121086,-49.422319488958216,7.7861361627764305,10.902395403732422,-43.099496128603754,25.06044263598229,-58.41622914427667,3.547084357650361,1,0.25,30.0,180.0,270.0
20260724_230314__rp0p25__vinf25__inc30__toff56210__Om180__om90,1.167996042347918,0.0752865195239307,22.6958196652158,83.68669783093786,461.0625492315246,16,0.0,5.508841398173104,4,9.729326677643257e-08,52.08179734355447,5.739170477266791,-46.34262686628768,19.940118142190066,5.771737931238838,-51.795250860343835,14.831009272190087,-67.11198387601675,3.5845675516084365,0,0.25,30.0,180.0,90.0
20260724_230314__rp0p25__vinf25__inc30__toff56210__Om270__om0,1.2075255995643623,0.1114581190322099,25.131055101016656,45.3437463807016,484.6657274703983,14,0.0,5.355237967637905,3,2.370599361256609e-08,52.08179734355447,1.9102131717099364,-50.171584171844536,29.57121898745905,3.6617773441685673,-54.57882216066173,15.860097370029365,-69.89555517633464,3.981606316433883,0,0.25,30.0,270.0,0.0
20260724_230314__rp0p25__vinf25__inc30__toff56210__Om270__om180,0.9438006279567466,0.2684068964360735,25.14277799667831,180.38918895578695,334.9023409968352,15,0.0,5.096012628551101,1,0.01368439666669019,70.81186354627908,90.0,19.188136453720915,10.63905762319932,19.761459473014288,34.4162820747044,40.584575819591265,19.099549059031485,5.020044551764386,2,0.25,30.0,270.0,180.0
20260724_230314__rp0p25__vinf25__inc30__toff56210__Om270__om270,0.901325829838077,0.1349955284600514,27.916761699446223,289.88101028579,312.55072884777525,17,0.0,2.747805556359605,1,0.0024965013925282165,81.4509211694784,90.0,8.549078830521594,8.549078830521594,21.910420934669123,42.84135915333465,24.004403501186403,27.524626137661738,4.0717622816179535,1,0.25,30.0,270.0,270.0
20260724_230314__rp0p25__vinf25__inc30__toff56210__Om270__om90,1.4103001899946852,0.2002567632215497,26.191654805935755,111.8277044159024,611.7375465814735,11,0.0,7.974943892671722,1,6.541256425407482e-11,,,,,-6.729940988227817,-65.52538189760489,16.682543702038345,-80.8421149132778,4.541338453036087,0,0.25,30.0,270.0,90.0
20260724_230314__rp0p25__vinf25__inc30__toff56210__Om90__om0,1.1263574205131002,0.3157697218069617,27.551812193676103,172.12100027862962,436.6285474924404,20,0.0,8.370248932285138,1,1.7231933711059355e-06,52.08179734355447,13.493398821551693,-38.58839852200278,6.9417770681327085,8.86825295973163,-45.880255659323666,25.41074322596078,-61.196988674996575,5.093274128922198,2,0.25,30.0,90.0,0.0
20260724_230314__rp0p25__vinf25__inc30__toff56210__Om90__om180,1.24501658888183,0.1468277402997767,19.707404347380397,50.54433436098866,507.4117239193752,14,0.0,5.6387323366863065,3,7.896552745023655e-09,46.23825730732021,22.885380476158566,-23.352876831161645,23.352876831161645,0.6891308039065303,-56.92399788613977,13.72863520249144,-72.24073090181268,4.398244016536854,0,0.25,30.0,90.0,180.0
20260724_230314__rp0p25__vinf25__inc30__toff56210__Om90__om270,1.372143451379739,0.1933256472990219,22.50682297855981,62.25978067733916,587.0797035461313,12,0.0,6.441543629217566,2,1.9657164784803172e-10,,,,,-5.093964208071501,-63.78254350724299,15.04181318781319,-79.0992765229159,5.040038680101366,2,0.25,30.0,90.0,270.0
20260724_230314__rp0p25__vinf25__inc30__toff56210__Om90__om90,0.7211794476627111,0.3006985277158152,19.70500178371639,269.99636077757503,223.6983613393404,29,0.0,8.09836760589743,2,0.0016893414841376853,90.0,90.0,0.0,0.0,38.88118894798697,131.39978154819653,7.47346507955973,116.08304853252362,5.66088770526556,2,0.25,30.0,90.0,90.0
20260724_230314__rp0p25__vinf25__inc60__toff56210__Om0__om0,1.4913395684121868,0.258325697887344,23.362028864729133,74.87699575814011,665.2158698687573,10,0.0,6.1696812184180985,2,5.115907697472721e-12,,,,,-9.679916734659187,-68.47960342922913,16.459410309380203,-83.79633644490204,5.047211686470536,1,0.25,60.0,0.0,0.0
20260724_230314__rp0p25__vinf25__inc60__toff56210__Om0__om180,0.7466365597828374,0.3010083580669216,25.47584342557701,241.79119918159773,235.6468658884745,27,0.0,5.398881029666967,3,0.0008591009613496681,90.0,90.0,0.0,0.0,36.14986930823003,115.27640078010313,26.614545801458846,99.95966776443022,5.262960054194821,1,0.25,60.0,0.0,180.0
20260724_230314__rp0p25__vinf25__inc60__toff56210__Om0__om270,1.2059558549826817,0.1067430028308991,25.53841560158565,37.36095569783905,483.72095980840254,14,0.0,5.18740432233426,3,2.4822533362112154e-08,52.08179734355447,4.460843697873993,-47.62095364568048,27.020588461294995,3.7486209562183497,-54.48996182867739,15.600842807293901,-69.8066948443503,4.037043906252116,0,0.25,60.0,0.0,270.0
20260724_230314__rp0p25__vinf25__inc60__toff56210__Om0__om90,1.0387460199177905,0.2485264736478784,24.080009206492928,209.88910682307812,386.6890279954095,13,0.0,5.466836179306986,1,0.5809299691773031,61.37544904657465,58.82116446134409,-2.554284585230562,2.554284585230562,13.610216364367895,9.073519791374174,22.945801051456876,-6.243213224298739,4.341513391124517,1,0.25,60.0,0.0,90.0
20260724_230314__rp0p25__vinf25__inc60__toff56210__Om180__om0,0.7524068943917406,0.361272438627932,25.97567436561604,257.36148724139883,238.3839106019396,27,0.0,6.1266450987228325,3,0.0007736675635925394,90.0,90.0,0.0,0.0,36.518699861463006,116.6998552854921,17.799910372328767,101.3831222698192,5.372701112977166,1,0.25,60.0,180.0,0.0
20260724_230314__rp0p25__vinf25__inc60__toff56210__Om180__om180,1.9689159901924524,0.4450486212569844,21.81522322981928,94.1707988900452,1009.1101382039142,7,0.0,7.288088412437087,1,1.6626700016786344e-12,,,,,-24.839388719402077,-79.45206478324047,17.957735333100473,-94.76879779891338,5.008253987698385,0,0.25,60.0,180.0,180.0
20260724_230314__rp0p25__vinf25__inc60__toff56210__Om180__om270,1.1812249882279051,0.1792211759695456,29.2530396320658,95.99625719908782,468.9178109186879,15,0.0,5.668422713034651,4,5.95249787238572e-08,52.08179734355447,20.147886287247108,-31.933911056307362,17.56368950249321,5.1876818884758125,-52.20500677982294,23.46118625732899,-67.52173979549585,2.3199088159441503,0,0.25,60.0,180.0,270.0
20260724_230314__rp0p25__vinf25__inc60__toff56210__Om180__om90,1.1170421400500838,0.0717362632345911,23.813875279014457,168.46516941898187,431.2232078245406,19,0.0,6.584649268783916,1,1.0782845549783815e-06,54.2046324563124,16.127620213160764,-38.07701224315164,10.973065135079452,8.563346649184275,-47.56469903584666,14.523552176544868,-62.88143205151957,2.3852854874383365,0,0.25,60.0,180.0,90.0
20260724_230314__rp0p25__vinf25__inc60__toff56210__Om270__om0,1.178152114562664,0.1143373280132694,26.551296856471257,30.96566290384394,467.08921642955806,15,0.0,5.204459280281011,4,6.105997840677446e-08,56.4426902380793,16.127620213160764,-40.31507002491854,21.542266751168864,5.250742791476055,-52.408739327604486,16.687343298776327,-67.7254723432774,3.761719749215101,0,0.25,60.0,270.0,0.0
20260724_230314__rp0p25__vinf25__inc60__toff56210__Om270__om180,0.9259299606138324,0.2633317967628132,23.547969340666192,177.5776724910908,325.4355522547376,16,0.0,4.465499817310725,1,0.005137868702135506,70.81186354627908,90.0,19.188136453720915,10.63905762319932,20.969591432693427,39.525527978165506,40.57317885967353,24.208794962492593,5.087327706276651,3,0.25,60.0,270.0,180.0
20260724_230314__rp0p25__vinf25__inc60__toff56210__Om270__om270,0.9774255508517335,0.0683345299161782,32.531052154899434,342.9624023514384,352.95823735974176,11,0.0,3.9727636064351763,1,0.02928118263142565,90.0,90.0,0.0,0.0,16.57650319720146,20.46154817654594,32.98638460538463,5.144815160873026,2.792920618905306,0,0.25,60.0,270.0,270.0
20260724_230314__rp0p25__vinf25__inc60__toff56210__Om270__om90,1.295361092364476,0.1391889977573648,27.8069060669002,159.70851504397132,538.4979606813368,13,0.0,10.325635742233759,1,1.7128130025412247e-09,,,,,-2.0287214374035836,-60.041351319469584,14.945304406818991,-75.3580843351425,3.4902134592930483,0,0.25,60.0,270.0,90.0
20260724_230314__rp0p25__vinf25__inc60__toff56210__Om90__om0,1.297269837783509,0.3089524629593913,31.30473595914856,133.81652394042806,539.6886333877276,13,0.0,9.22899937818431,1,1.674251848271524e-09,39.2964802391875,10.887948130120165,-28.408532109067338,28.408532109067338,-0.849147493839,-58.62146870941533,27.39732872751255,-73.93820172508825,5.0772404292644335,2,0.25,60.0,90.0,0.0
20260724_230314__rp0p25__vinf25__inc60__toff56210__Om90__om180,1.2440470544123463,0.1718632879085611,17.63576691780591,44.13528344287694,506.8191325753149,14,0.0,5.569200418827062,3,8.301853426928574e-09,46.23825730732021,24.274652194584778,-21.963605112735433,21.963605112735433,0.977021640265743,-56.69487462334746,13.272163791094627,-72.01160763902037,4.198182606219317,0,0.25,60.0,90.0,180.0
20260724_230314__rp0p25__vinf25__inc60__toff56210__Om90__om270,1.21685035008661,0.1049540335603889,22.700860786977483,31.75480767888784,490.2905780316742,14,0.0,5.273861899817756,3,1.815877936905963e-08,52.08179734355447,30.000000000000004,-22.081797343554467,22.081797343554467,3.2009446996804303,-55.26050286560466,13.619334628714405,-70.57723588127757,3.610331575242834,0,0.25,60.0,90.0,270.0
20260724_230314__rp0p25__vinf25__inc60__toff56210__Om90__om90,0.7642430409101882,0.2325943616458536,21.26289148713306,264.1780524648983,244.03101683232995,26,0.0,5.586192503378818,2,0.0005193495644988388,90.0,90.0,0.0,0.0,33.73785115081933,102.21969139681212,13.790050503671793,86.90295838113921,5.008449931639092,2,0.25,60.0,90.0,90.0
20260724_230314__rp0p25__vinf25__inc90__toff56210__Om0__om0,1.780937562963534,0.3828313564172327,24.3829305592172,82.6612123605276,868.1021490952062,8,1.4210854715202004e-14,6.630869494599157,1,7.389644451905042e-13,,,,,-19.450860642305845,-76.15917765753703,18.406813594123932,-91.47591067320994,4.597047127053144,0,0.25,90.0,0.0,0.0
20260724_230314__rp0p25__vinf25__inc90__toff56210__Om0__om180,0.7332199712101505,0.3607954723633659,21.781205286228733,246.01498126001823,229.32384708930823,28,0.0,6.633799766038251,3,0.0012869514298756712,90.0,90.0,0.0,0.0,38.5329031438587,128.65906910311043,23.52043118177346,113.34233608743752,5.520829733182193,1,0.25,90.0,0.0,180.0
20260724_230314__rp0p25__vinf25__inc90__toff56210__Om0__om270,1.1428434544752837,0.0578095583958243,27.278519488650694,74.62571223619328,446.24967029177947,17,0.0,4.741539877372684,5,2.6940553254917177e-07,56.4426902380793,5.739170477266791,-50.70351976081251,18.535481717317985,7.089434836348568,-49.827064670801064,17.17554033310897,-65.14379768647397,3.0950847117793345,0,0.25,90.0,0.0,270.0
20260724_230314__rp0p25__vinf25__inc90__toff56210__Om0__om90,1.1221360414332968,0.1811524439252093,26.03989992720594,186.95823847639176,434.17624434300086,19,0.0,7.354067332588599,1,8.81659381946065e-07,52.08179734355447,14.806506911897516,-37.275290431656956,8.568370342990583,8.433906359870944,-47.31561745197843,16.315677056884006,-62.63235046765135,2.8973206650340697,0,0.25,90.0,0.0,90.0
20260724_230314__rp0p25__vinf25__inc90__toff56210__Om180__om0,0.7962940912007014,0.350715286915684,25.23514928750201,254.4001319918273,259.54222894376164,24,0.0,4.324939238354979,3,0.00023515709555965714,90.0,90.0,0.0,0.0,32.20691456087907,93.04889041207255,16.72204339895947,77.73215739639964,4.78516904294008,1,0.25,90.0,180.0,0.0
20260724_230314__rp0p25__vinf25__inc90__toff56210__Om180__om180,2.071027549738594,0.5164560335179849,21.051442900993376,86.56618961973247,1088.6207411301898,7,0.0,6.904888020485824,1,2.4016344468691386e-12,,,,,-27.147168436272917,-80.42879944749696,20.772738501130704,-95.74553246316987,5.042471983670086,0,0.25,90.0,180.0,180.0
20260724_230314__rp0p25__vinf25__inc90__toff56210__Om180__om270,1.2249491822118732,0.2074432332107186,30.77440117412517,59.22037185959522,495.1934579037903,14,0.0,5.3602200217023,3,1.3929799536072096e-08,50.05549481018513,27.100685348240216,-22.954809461944915,22.954809461944915,2.1024053026764475,-55.126768699462474,23.716156590138425,-70.44350171513538,2.877936122741092,0,0.25,90.0,180.0,270.0
20260724_230314__rp0p25__vinf25__inc90__toff56210__Om180__om90,1.1027005296513963,0.1689123110441978,24.43626489934824,197.6147415535453,422.94526291488734,22,0.0,6.566556999946325,1,4.691262844858102e-06,54.2046324563124,12.187474135425045,-42.01715832088736,6.757117036476075,9.511396196521533,-45.65300357663428,14.404671189188946,-60.9697365923072,2.836497130440848,0,0.25,90.0,180.0,90.0
20260724_230314__rp0p25__vinf25__inc90__toff56210__Om270__om0,1.1542094019599605,0.136170282505344,25.999912561857062,20.428496945486238,452.9233406012121,16,0.0,4.614079272593891,4,1.6001147429278717e-07,58.82116446134409,13.493398821551693,-45.327765639792396,17.988033337617296,6.59668038191975,-50.39809831800159,16.980348831934656,-65.7148313336745,3.642766480283036,0,0.25,90.0,270.0,0.0
20260724_230314__rp0p25__vinf25__inc90__toff56210__Om270__om180,0.9460794330093056,0.2761521881740977,22.289962290968443,173.52159773691557,336.1160045791088,15,0.0,4.6099701366174735,1,0.02366072391409091,67.25314872563517,90.0,22.74685127436483,14.83511158197571,19.718295574883744,34.33149932820994,40.634311684394525,19.014766312537024,5.045627892701042,3,0.25,90.0,270.0,180.0
20260724_230314__rp0p25__vinf25__inc90__toff56210__Om270__om270,1.147426132432262,0.1681026244739787,33.17425362651397,44.20168625367792,448.93647821822987,17,0.0,3.834082809092372,5,1.999499232852031e-07,61.37544904657465,20.147886287247108,-41.22756275932754,15.13719173925444,6.917613917018015,-49.60607870438602,24.535749796498656,-64.92281172005893,2.5973161709985857,0,0.25,90.0,270.0,270.0
20260724_230314__rp0p25__vinf25__inc90__toff56210__Om270__om90,1.0750484099983966,0.1607422904702079,28.078374220024543,242.92851284018585,407.1362968620373,37,0.0,5.315055402177723,23,0.007203752412124231,61.37544904657465,4.460843697873993,-56.91460534870066,9.0325551236777,11.093724267189877,-43.01444523541529,12.280608200481296,-58.331178251088204,3.1172031444700625,0,0.25,90.0,270.0,90.0
20260724_230314__rp0p25__vinf25__inc90__toff56210__Om90__om0,1.2308314094345498,0.2800387065733455,28.936165418018007,150.31619155313516,498.76462791416895,14,0.0,9.428568143960923,1,1.2798878401554248e-08,42.670233871257594,24.274652194584778,-18.395581676672816,18.395581676672816,2.203861921107507,-54.734619461942515,24.08913396436555,-70.05135247761542,4.861937084567298,2,0.25,90.0,90.0,0.0
20260724_230314__rp0p25__vinf25__inc90__toff56210__Om90__om180,1.2361678586399043,0.2031307589229531,17.797460155715378,36.97571578460274,502.0118415140389,14,0.0,5.482787889658887,3,1.0552625440141128e-08,48.11140308495899,27.100685348240216,-21.01071773671877,21.01071773671877,1.6090228522469547,-55.92545184126838,14.2796174242836,-71.2421848569413,3.981157526922496,0,0.25,90.0,90.0,180.0
20260724_230314__rp0p25__vinf25__inc90__toff56210__Om90__om270,1.0361719835304073,0.0998379453689776,23.300143004957945,300.1054980902577,385.2525824225857,16,0.0,0.3314368525709064,4,0.09535357411997936,70.81186354627908,56.4426902380793,-14.369173308199784,6.653796309446193,13.26150383825642,6.519454848958335,17.419828966960104,-8.797278166714577,2.498293926921969,0,0.25,90.0,90.0,270.0
20260724_230314__rp0p25__vinf25__inc90__toff56210__Om90__om90,0.9189758173638712,0.1410419445780811,22.272458104280798,206.71702538061868,321.77619742826914,16,0.0,3.089472665417901,1,0.0030944134953756475,70.81186354627908,90.0,19.188136453720915,10.63905762319932,20.732896185154917,38.17579701022932,24.490234494699,22.859063994556404,3.287192756590832,1,0.25,90.0,90.0,90.0
20260724_230314__rp0p25__vinf25__incm30__toff56210__Om0__om0,1.646193221430159,0.3192343945534814,23.39853775250955,94.09909898251982,771.4699316676089,9,0.0,7.18250790669787,1,1.4210854715202004e-13,,,,,-15.268976500576516,-73.18345653568204,16.912062266969414,-88.50018955135495,4.789768864598996,0,0.25,-30.0,0.0,0.0
20260724_230314__rp0p25__vinf25__incm30__toff56210__Om0__om180,0.7277798548862059,0.3476638808286621,24.213038100792616,259.1024178891048,226.77638887551552,28,0.0,7.285000503854548,3,0.00146114708178402,90.0,90.0,0.0,0.0,38.844681731773235,130.45665867925788,15.814195244553545,115.13992566358498,5.396524014538173,1,0.25,-30.0,0.0,180.0
20260724_230314__rp0p25__vinf25__incm30__toff56210__Om0__om270,1.167996042398734,0.0752865197048109,22.69581966658713,83.68669778340885,461.0625492616138,16,0.0,5.508841397587606,4,9.72935652043816e-08,52.08179734355447,5.739170477266791,-46.34262686628768,19.940118142190066,5.771737929158848,-51.79525086367915,14.831009278963897,-67.11198387935207,3.584567551722435,0,0.25,-30.0,0.0,270.0
20260724_230314__rp0p25__vinf25__incm30__toff56210__Om0__om90,1.0803905018822206,0.2061032613322903,28.11224587785834,146.30759839060153,410.1747542736664,35,0.0,6.802316567816978,1,0.0028748499278847817,56.4426902380793,7.020370749121086,-49.422319488958216,7.7861361627764305,10.902395403592672,-43.099496128874264,25.060442632479834,-58.416229144547174,3.547084357518851,1,0.25,-30.0,0.0,90.0
20260724_230314__rp0p25__vinf25__incm30__toff56210__Om180__om0,0.8829994204069216,0.159697711964707,24.93021068156837,286.8083251872852,303.0668381901907,18,0.0,2.8642353803233647,1,0.0001363200169706147,81.4509211694784,90.0,8.549078830521594,8.549078830521594,23.37548884862229,49.59326616353899,19.8008189555755,34.276533147866076,4.912200026309785,2,0.25,-30.0,180.0,0.0
20260724_230314__rp0p25__vinf25__incm30__toff56210__Om180__om180,1.3788260118664388,0.204388457303787,23.30457015809547,71.49021882182656,591.3736806860672,11,0.0,6.651622922260458,2,1.6409273939643754e-10,,,,,-5.347297304789104,-64.03034185121443,16.048425855487807,-79.34707486688734,5.716894492261363,2,0.25,-30.0,180.0,180.0
20260724_230314__rp0p25__vinf25__incm30__toff56210__Om180__om270,0.9892361289486362,0.3785731306784857,21.69865673460489,206.4402974965483,359.37490259907685,13,0.0,4.805979043564964,1,0.009377354960978579,67.25314872563517,90.0,22.74685127436483,10.63905762319932,17.97266106729448,27.64513278886913,34.92767964991757,12.328399773196217,5.405464890583239,2,0.25,-30.0,180.0,270.0
20260724_230314__rp0p25__vinf25__incm30__toff56210__Om180__om90,1.248131615015869,0.1390635465588359,23.74618518338837,38.02109342704669,509.317227485008,13,0.0,5.7329345431758725,2,6.813472452904534e-09,46.23825730732021,17.457603123722098,-28.780654183598113,28.780654183598113,0.49178658141013504,-57.17082728785581,14.911123289454757,-72.48756030352872,4.569765521759555,1,0.25,-30.0,180.0,90.0
20260724_230314__rp0p25__vinf25__incm30__toff56210__Om270__om0,1.2450165843964636,0.1468277363800061,19.707404318781077,50.54433348475913,507.4117211773303,14,0.0,5.638732342023797,3,7.896645115579304e-09,46.23825730732021,22.885380476158566,-23.352876831161645,23.352876831161645,0.6891309841997247,-56.92399761915575,13.728635092555606,-72.24073063482867,4.398244005312186,0,0.25,-30.0,270.0,0.0
20260724_230314__rp0p25__vinf25__incm30__toff56210__Om270__om180,1.1263574215850536,0.3157697221788291,27.551812186688394,172.12100025937468,436.6285481157489,20,0.0,8.370248937801058,1,1.7231935842687562e-06,52.08179734355447,13.493398821551693,-38.58839852200278,6.9417770681327085,8.868252908534528,-45.88025575043976,25.410743208425956,-61.19698876611267,5.0932741123193335,2,0.25,-30.0,270.0,180.0
20260724_230314__rp0p25__vinf25__incm30__toff56210__Om270__om270,0.7222555286360657,0.3003535410137764,19.706721606925672,270.1287151547611,224.19922278921,29,0.0,8.05319009802411,2,0.0016426988269699905,90.0,90.0,0.0,0.0,38.76144121673825,130.69282146043471,7.517027155464035,115.3760884447618,5.656649265972788,2,0.25,-30.0,270.0,270.0
20260724_230314__rp0p25__vinf25__incm30__toff56210__Om270__om90,1.3721434513992417,0.1933256473061598,22.506822978628907,62.25978067156186,587.0797035586479,12,0.0,6.44154362912451,2,1.972111363102158e-10,,,,,-5.093964208785965,-63.78254350814735,15.041813187576267,-79.09927652382027,5.040038680138254,2,0.25,-30.0,270.0,90.0
20260724_230314__rp0p25__vinf25__incm30__toff56210__Om90__om0,0.9438006278482834,0.2684068964250831,25.142777995714503,180.3891889851745,334.902340939104,15,0.0,5.096012626785495,1,0.013684396727477122,70.81186354627908,90.0,19.188136453720915,10.63905762319932,19.761459479979358,34.41628210463034,40.58457581512583,19.099549088957428,5.020044552065031,2,0.25,-30.0,90.0,0.0
20260724_230314__rp0p25__vinf25__incm30__toff56210__Om90__om180,1.207525599489252,0.1114581189782525,25.131055099851213,45.34374634586867,484.6657274251776,14,0.0,5.355237967468739,3,2.3706327567651897e-08,52.08179734355447,1.9102131717099364,-50.171584171844536,29.57121898745905,3.6617773475635613,-54.57882215560999,15.860097367583805,-69.89555517128291,3.981606315653389,0,0.25,-30.0,90.0,180.0
20260724_230314__rp0p25__vinf25__incm30__toff56210__Om90__om270,1.410300190119849,0.2002567632964733,26.19165480585636,111.82770440151188,611.7375466629107,11,0.0,7.974943892226404,1,6.519940143334679e-11,,,,,-6.729940992544046,-65.5253819027418,16.682543703242644,-80.84211491841471,4.541338454199444,0,0.25,-30.0,90.0,270.0
20260724_230314__rp0p25__vinf25__incm30__toff56210__Om90__om90,0.9013264611026608,0.1349954194130736,27.916762222172384,289.8813026271879,312.55105720113056,17,0.0,2.7478128357477623,1,0.0024966014973486494,81.4509211694784,90.0,8.549078830521594,8.549078830521594,21.910376005617497,42.84116067006091,24.00441049323709,27.524427654387996,4.071759291680368,1,0.25,-30.0,90.0,90.0
20260724_230314__rp0p25__vinf25__incm60__toff56210__Om0__om0,1.968915988248462,0.4450486208276562,21.81522323378972,94.1707987882006,1009.1101367094112,7,2.842170943040401e-14,7.2880884082649615,1,1.6910917111090384e-12,,,,,-24.83938866740423,-79.4520647522951,17.957735337387987,-94.76879776796801,5.008253986316138,0,0.25,-60.0,0.0,0.0
20260724_230314__rp0p25__vinf25__incm60__toff56210__Om0__om180,0.7523264189482232,0.3612673392013686,25.973268089999262,257.3699024887038,238.34566625948705,27,0.0,6.130448691484418,3,0.0007753137527686249,90.0,90.0,0.0,0.0,36.52666683627717,116.74555791742482,17.79593303425078,101.42882490175191,5.37282096840395,1,0.25,-60.0,0.0,180.0
20260724_230314__rp0p25__vinf25__incm60__toff56210__Om0__om270,1.1170421399794708,0.0717362631478273,23.813875277575985,168.46516931753928,431.2232077836514,19,0.0,6.584649266784975,1,1.0782848676171852e-06,54.2046324563124,16.127620213160764,-38.07701224315164,10.973065135079452,8.563346652930962,-47.56469902987225,14.523552180081268,-62.88143204554517,2.385285487147762,0,0.25,-60.0,0.0,270.0
20260724_230314__rp0p25__vinf25__incm60__toff56210__Om0__om90,1.1812249880724837,0.179221175973139,29.253039630685475,95.99625723923916,468.9178108261398,15,0.0,5.668422714294888,4,5.952463055791668e-08,52.08179734355447,20.147886287247108,-31.933911056307362,17.56368950249321,5.187681895799147,-52.205006767932254,23.46118626143103,-67.52173978360517,2.319908815991788,0,0.25,-60.0,0.0,90.0
20260724_230314__rp0p25__vinf25__incm60__toff56210__Om180__om0,0.7454183787068396,0.3007875833899558,25.472318959323456,241.71496148057216,235.07039378564627,27,0.0,5.443882054164902,3,0.000887033944451332,90.0,90.0,0.0,0.0,36.268442741655996,115.9565629133339,26.73334715759688,100.63982989766099,5.266152060656921,1,0.25,-60.0,180.0,0.0
20260724_230314__rp0p25__vinf25__incm60__toff56210__Om180__om180,1.4913395686917572,0.2583256976629638,23.36202886487675,74.87699577714346,665.2158700558118,10,0.0,6.169681218184046,2,4.902744876744691e-12,,,,,-9.679916745853937,-68.47960344181134,16.459410294969288,-83.79633645748424,5.04721168488731,1,0.25,-60.0,180.0,180.0
20260724_230314__rp0p25__vinf25__incm60__toff56210__Om180__om270,1.0387460199909235,0.2485264737199464,24.080009207229036,209.8891068334237,386.6890280362467,13,0.0,5.466836179977449,1,0.5809299690944361,61.37544904657465,58.82116446134409,-2.554284585230562,2.554284585230562,13.610216360680106,9.073519778304636,22.945801048913285,-6.243213237368277,4.341513391010629,1,0.25,-60.0,180.0,270.0
20260724_230314__rp0p25__vinf25__incm60__toff56210__Om180__om90,1.2059557911797405,0.1067430506488785,25.538416335386312,37.36093795445298,483.720921420406,14,0.0,5.187404225526702,3,2.4822242039590492e-08,52.08179734355447,4.460843697873993,-47.62095364568048,27.020588461294995,3.7486240427757727,-54.48995708092341,15.600845301949754,-69.80669009659633,4.0370436740192455,0,0.25,-60.0,180.0,90.0
20260724_230314__rp0p25__vinf25__incm60__toff56210__Om270__om0,1.2440470529033332,0.1718632869572632,17.635766913327696,44.13528338714565,506.8191316531671,14,0.0,5.569200421896504,3,8.301356047013542e-09,46.23825730732021,24.274652194584778,-21.963605112735433,21.963605112735433,0.9770217010387512,-56.694874531741796,13.272163778378406,-72.01160754741471,4.198182602212987,0,0.25,-60.0,270.0,0.0
20260724_230314__rp0p25__vinf25__incm60__toff56210__Om270__om180,1.2974078998272018,0.3089601690363408,31.30543073758525,133.81275317031222,539.7747902873078,13,0.0,9.230316119324886,1,1.6688730397618201e-09,39.2964802391875,10.887948130120165,-28.408532109067338,28.408532109067338,-0.855560999173116,-58.6295926389559,27.393900910784794,-73.94632565462881,5.077233917894549,2,0.25,-60.0,270.0,180.0
20260724_230314__rp0p25__vinf25__incm60__toff56210__Om270__om270,0.7642430408513842,0.2325943615409021,21.26289148379565,264.17805236903416,244.0310168041648,26,0.0,5.5861925003230795,2,0.000519349566630467,90.0,90.0,0.0,0.0,33.737851155408976,102.21969142278613,13.790050527937126,86.90295840711322,5.008449931587786,2,0.25,-60.0,270.0,270.0
20260724_230314__rp0p25__vinf25__incm60__toff56210__Om270__om90,1.2168503500854355,0.1049540335615974,22.700860786834376,31.754807681825937,490.29057803096447,14,0.0,5.273861899835534,3,1.8158935688461497e-08,52.08179734355447,30.000000000000004,-22.081797343554467,22.081797343554467,3.2009446997333986,-55.26050286551769,13.619334628827758,-70.5772358811906,3.610331575246725,0,0.25,-60.0,270.0,90.0
20260724_230314__rp0p25__vinf25__incm60__toff56210__Om90__om0,0.9259299805646624,0.2633318100290127,23.547969572210185,177.5776767277263,325.4355627728809,16,0.0,4.4655002182603205,1,0.005137872091722784,70.81186354627908,90.0,19.188136453720915,10.63905762319932,20.96959018616742,39.52552257421832,40.57317738954723,24.20878955854541,5.087350094442247,3,0.25,-60.0,90.0,0.0
20260724_230314__rp0p25__vinf25__incm60__toff56210__Om90__om180,1.1781521148906335,0.1143373281949311,26.551296848703814,30.965663088187437,467.0892166245978,15,0.0,5.20445927968434,4,6.106025551844141e-08,56.4426902380793,16.127620213160764,-40.31507002491854,21.542266751168864,5.25074277589214,-52.40873935163769,16.68734330369079,-67.7254723673106,3.761719750258664,0,0.25,-60.0,90.0,180.0
20260724_230314__rp0p25__vinf25__incm60__toff56210__Om90__om270,1.2953610910682365,0.1391889981475506,27.80690606530139,159.70851462032795,538.497959873042,13,0.0,10.325635731805725,1,1.7133174878836144e-09,,,,,-2.028721382714193,-60.041351242896404,14.94530446744016,-75.35808425856932,3.4902134554197253,0,0.25,-60.0,90.0,270.0
20260724_230314__rp0p25__vinf25__incm60__toff56210__Om90__om90,0.9774255746364706,0.0683345214196489,32.531052167779094,342.9624223297428,352.958250243105,11,0.0,3.972763405591987,1,0.029281245293280023,90.0,90.0,0.0,0.0,16.576501641525628,20.46154229969685,32.986385311466464,5.1448092840239354,2.792920451275506,0,0.25,-60.0,90.0,90.0
20260724_230314__rp0p25__vinf25__incm90__toff56210__Om0__om0,2.071027549726596,0.5164560334390238,21.05144290161384,86.5661896691803,1088.6207411207297,7,1.4210854715202004e-14,6.904888022469169,1,3.097966327914037e-12,,,,,-27.147168436713073,-80.4287994482377,20.77273849630241,-95.7455324639106,5.042471983716937,0,0.25,-90.0,0.0,0.0
20260724_230314__rp0p25__vinf25__incm90__toff56210__Om0__om180,0.7963031023695136,0.3462572103255522,25.16270977404978,254.17424889107247,259.5466345750756,24,0.0,4.298357085044039,3,0.0002341176342355311,90.0,90.0,0.0,0.0,32.13762468837646,92.71836735254774,16.808921159363777,77.40163433687484,4.781624196247362,1,0.25,-90.0,0.0,180.0
20260724_230314__rp0p25__vinf25__incm90__toff56210__Om0__om270,1.1027005313623892,0.1689123105380128,24.436264900805767,197.61474085634703,422.9452638992747,22,0.0,6.566557024290767,1,4.691262986966649e-06,54.2046324563124,12.187474135425045,-42.01715832088736,6.757117036476075,9.511396108137143,-45.6530037413622,14.404671226792075,-60.96973675703511,2.836497127960412,0,0.25,-90.0,0.0,270.0
20260724_230314__rp0p25__vinf25__incm90__toff56210__Om0__om90,1.224949182926044,0.2074432325669405,30.77440117148727,59.22037192833175,495.1934583368524,14,0.0,5.360220021568111,3,1.3929806641499454e-08,50.05549481018513,27.100685348240216,-22.954809461944915,22.954809461944915,2.1024052672640017,-55.1267687544859,23.7161565313487,-70.44350177015882,2.8779361195942585,0,0.25,-90.0,0.0,90.0
20260724_230314__rp0p25__vinf25__incm90__toff56210__Om180__om0,0.7328769197473303,0.3603482504979231,21.782573359904543,246.0215068367916,229.1629253705344,28,0.0,6.646812871141961,3,0.0012979787978224522,90.0,90.0,0.0,0.0,38.560733901592016,128.82848170999512,23.482429493619293,113.51174869432221,5.521106467059533,1,0.25,-90.0,180.0,0.0
20260724_230314__rp0p25__vinf25__incm90__toff56210__Om180__om180,1.7809375639625182,0.3828313562308874,24.382930557620867,82.6612122710934,868.1021498256251,8,0.0,6.630869492631227,1,1.4068746168049984e-12,,,,,-19.45086067473749,-76.15917768298765,18.406813565876647,-91.47591069866056,4.597047128648184,0,0.25,-90.0,180.0,180.0
20260724_230314__rp0p25__vinf25__incm90__toff56210__Om180__om270,1.1221360417374673,0.181152443610343,26.039899927098496,186.95823850899745,434.1762445195351,19,0.0,7.35406733382244,1,8.81660675133844e-07,52.08179734355447,14.806506911897516,-37.275290431656956,8.568370342990583,8.433906342742294,-47.31561748200734,16.31567703759937,-62.63235049768025,2.8973206635639226,0,0.25,-90.0,180.0,270.0
20260724_230314__rp0p25__vinf25__incm90__toff56210__Om180__om90,1.1428434527704925,0.0578095566924899,27.278519483118203,74.62571265955727,446.24966929326655,17,0.0,4.741539888318826,5,2.6940546860032555e-07,56.4426902380793,5.739170477266791,-50.70351976081251,18.535481717317985,7.089434917724466,-49.82706453393491,17.175540305949724,-65.14379754960783,3.0950847060730777,0,0.25,-90.0,180.0,90.0
20260724_230314__rp0p25__vinf25__incm90__toff56210__Om270__om0,1.2361678587681588,0.2031307591431627,17.797460154822627,36.97571578583594,502.01184159216575,14,0.0,5.482787889509076,3,1.0552852813816571e-08,48.11140308495899,27.100685348240216,-21.01071773671877,21.01071773671877,1.6090228478799724,-55.925451847920044,14.279617429875813,-71.24218486359295,3.981157527201714,0,0.25,-90.0,270.0,0.0
20260724_230314__rp0p25__vinf25__incm90__toff56210__Om270__om180,1.2308313840760583,0.2800386965962377,28.936165405644605,150.31618890891448,498.7646125002971,14,0.0,9.428567932877607,1,1.2798587079032586e-08,42.670233871257594,24.274652194584778,-18.395581676672816,18.395581676672816,2.2038629691753733,-54.73461783808047,24.0891345440227,-70.05135085375338,4.8619370480195805,2,0.25,-90.0,270.0,180.0
20260724_230314__rp0p25__vinf25__incm90__toff56210__Om270__om270,0.9189758270523518,0.1410419346571056,22.27245832507331,206.71702796734428,321.7762025168511,16,0.0,3.0894727539652393,1,0.0030944134191415174,70.81186354627908,90.0,19.188136453720915,10.63905762319932,20.732895482597318,38.17579394077934,24.490233662214937,22.85906092510643,3.2871926791283377,1,0.25,-90.0,270.0,270.0
20260724_230314__rp0p25__vinf25__incm90__toff56210__Om270__om90,1.036171983937768,0.0998379453229819,23.30014300867171,300.1054982913195,385.252582649773,16,0.0,0.33143685376756515,4,0.09535357527337052,70.81186354627908,56.4426902380793,-14.369173308199784,6.653796309446193,13.261503814719084,6.519454765138508,17.41982897318227,-8.797278250534404,2.498293926677825,0,0.25,-90.0,270.0,90.0
20260724_230314__rp0p25__vinf25__incm90__toff56210__Om90__om0,0.9460794317394154,0.276152187103904,22.28996230337746,173.5215973598429,336.1160039023733,15,0.0,4.609970114856296,1,0.023660723169093956,67.25314872563517,90.0,22.74685127436483,14.83511158197571,19.718295649145855,34.33149963850649,40.63431180606216,19.01476662283358,5.045627890479244,3,0.25,-90.0,90.0,0.0
20260724_230314__rp0p25__vinf25__incm90__toff56210__Om90__om180,1.1542094009132906,0.1361702827694678,25.99991255372357,20.428496563703444,452.9233399851264,16,0.0,4.614079274648166,4,1.6001035874069203e-07,58.82116446134409,13.493398821551693,-45.327765639792396,17.988033337617296,6.5966804351007235,-50.3980982312705,16.980348833841596,-65.71483124694342,3.642766476277357,0,0.25,-90.0,90.0,180.0
20260724_230314__rp0p25__vinf25__incm90__toff56210__Om90__om270,1.075048418612613,0.1607422859916695,28.07837423970392,242.928510404693,407.1363017555289,37,0.0,5.315055337057952,23,0.007203751703123373,61.37544904657465,4.460843697873993,-56.91460534870066,9.0325551236777,11.093723792486003,-43.014446147000896,12.280608309507329,-58.331179162673806,3.117203123752472,0,0.25,-90.0,90.0,270.0
20260724_230314__rp0p25__vinf25__incm90__toff56210__Om90__om90,1.1474261324238708,0.1681026244450576,33.17425362725536,44.20168623435004,448.93647821330535,17,0.0,3.834082808995799,5,1.9995034961084457e-07,61.37544904657465,20.147886287247108,-41.22756275932754,15.13719173925444,6.917613917367761,-49.606078703927714,24.535749794126332,-64.92281171960063,2.5973161706766765,0,0.25,-90.0,90.0,90.0
20260724_230314__rp0p5__vinf25__inc0__toff56210__Om0__om0,1.4563859119186395,0.223912507506597,22.403395859421096,100.2382324352328,641.9666899291227,11,0.0,7.328173478801594,1,1.6441958905488718e-11,,,,,-8.46183491723787,-67.34581442804837,15.236766944615368,-82.66254744372128,5.095864228982615,1,0.5,0.0,0.0,0.0
20260724_230314__rp0p5__vinf25__inc0__toff56210__Om0__om180,0.7459020002990039,0.2482155422412985,24.686064786673636,251.91195988377189,235.2991986263993,27,0.0,5.721373895704588,3,0.0008489102479671828,90.0,90.0,0.0,0.0,35.60374888549888,112.49951620280072,22.135138864533047,97.18278318712781,4.539773875780156,1,0.5,0.0,0.0,180.0
20260724_230314__rp0p5__vinf25__inc0__toff56210__Om0__om270,1.1499934633107738,0.0948457971259651,22.925378683934348,37.27038210663758,450.44404317520906,17,0.0,4.938824375684732,5,1.8870043305696527e-07,56.4426902380793,16.127620213160764,-40.31507002491854,16.85908686931816,6.768320350188467,-50.28156084219973,15.032216389563828,-65.59829385787265,3.802494707039929,1,0.5,0.0,0.0,270.0
20260724_230314__rp0p5__vinf25__inc0__toff56210__Om0__om90,0.9884658814852844,0.4102894767708703,25.23034770298934,182.1637212649003,358.9552549900002,13,0.0,6.347853631212493,1,0.0847513348045581,67.25314872563517,90.0,22.74685127436483,8.549078830521594,18.38433969077465,29.40026229168971,56.01659980361325,14.083529276016797,4.921909084365955,2,0.5,0.0,0.0,90.0
20260724_230314__rp0p5__vinf25__inc0__toff56210__Om180__om0,0.7459020002990039,0.2482155422412985,24.686064786673636,251.91195988377189,235.2991986263993,27,0.0,5.721373895704588,3,0.0008489102479671828,90.0,90.0,0.0,0.0,35.60374888549888,112.49951620280072,22.135138864533047,97.18278318712781,4.539773875780156,1,0.5,0.0,180.0,0.0
20260724_230314__rp0p5__vinf25__inc0__toff56210__Om180__om180,1.4563859122555345,0.223912507236958,22.40339585766999,100.23823239227622,641.9666901518747,11,0.0,7.328173478059666,1,1.6640910871501546e-11,,,,,-8.46183493073702,-67.34581444379664,15.236766927641781,-82.66254745946955,5.095864229243494,1,0.5,0.0,180.0,180.0
20260724_230314__rp0p5__vinf25__inc0__toff56210__Om180__om270,0.9884658813211916,0.4102894770289404,25.230347693980477,182.16372128524748,358.9552549006162,13,0.0,6.34785362797405,1,0.08475133488183317,67.25314872563517,90.0,22.74685127436483,8.549078830521594,18.38433970525508,29.400262350710005,56.01659984688007,14.083529335037092,4.921909013428125,2,0.5,0.0,180.0,270.0
20260724_230314__rp0p5__vinf25__inc0__toff56210__Om180__om90,1.1499934633107738,0.0948457971259651,22.925378683934348,37.27038210663758,450.44404317520906,17,0.0,4.938824375684732,5,1.8870043305696527e-07,56.4426902380793,16.127620213160764,-40.31507002491854,16.85908686931816,6.768320350188467,-50.28156084219973,15.032216389563828,-65.59829385787265,3.802494707039929,1,0.5,0.0,180.0,90.0
20260724_230314__rp0p5__vinf25__inc0__toff56210__Om270__om0,1.1499934633107738,0.0948457971259651,22.925378683934348,37.27038210663758,450.44404317520906,17,0.0,4.938824375684732,5,1.8870043305696527e-07,56.4426902380793,16.127620213160764,-40.31507002491854,16.85908686931816,6.768320350188467,-50.28156084219973,15.032216389563828,-65.59829385787265,3.802494707039929,1,0.5,0.0,270.0,0.0
20260724_230314__rp0p5__vinf25__inc0__toff56210__Om270__om180,0.9884658813211916,0.4102894770289404,25.230347693980477,182.16372128524748,358.9552549006162,13,0.0,6.34785362797405,1,0.08475133488183317,67.25314872563517,90.0,22.74685127436483,8.549078830521594,18.38433970525508,29.400262350710005,56.01659984688007,14.083529335037092,4.921909013428125,2,0.5,0.0,270.0,180.0
20260724_230314__rp0p5__vinf25__inc0__toff56210__Om270__om270,0.7459020118377181,0.2482154826558602,24.68606535418963,251.9119264004997,235.2992040863328,27,0.0,5.721371876001754,3,0.0008489099588473437,90.0,90.0,0.0,0.0,35.603747098306286,112.49950632136317,22.135153446107324,97.18277330569026,4.5397736685742,1,0.5,0.0,270.0,270.0
20260724_230314__rp0p5__vinf25__inc0__toff56210__Om270__om90,1.4563859122555345,0.223912507236958,22.40339585766999,100.23823239227622,641.9666901518747,11,0.0,7.328173478059666,1,1.6640910871501546e-11,,,,,-8.46183493073702,-67.34581444379664,15.236766927641781,-82.66254745946955,5.095864229243494,1,0.5,0.0,270.0,90.0
20260724_230314__rp0p5__vinf25__inc0__toff56210__Om90__om0,0.9884658814852844,0.4102894767708703,25.23034770298934,182.1637212649003,358.9552549900002,13,0.0,6.347853631212493,1,0.0847513348045581,67.25314872563517,90.0,22.74685127436483,8.549078830521594,18.38433969077465,29.40026229168971,56.01659980361325,14.083529276016797,4.921909084365955,2,0.5,0.0,90.0,0.0
20260724_230314__rp0p5__vinf25__inc0__toff56210__Om90__om180,1.1499934633107738,0.0948457971259651,22.925378683934348,37.27038210663758,450.44404317520906,17,0.0,4.938824375684732,5,1.8870043305696527e-07,56.4426902380793,16.127620213160764,-40.31507002491854,16.85908686931816,6.768320350188467,-50.28156084219973,15.032216389563828,-65.59829385787265,3.802494707039929,1,0.5,0.0,90.0,180.0
20260724_230314__rp0p5__vinf25__inc0__toff56210__Om90__om270,1.4563859122555345,0.223912507236958,22.40339585766999,100.23823239227622,641.9666901518747,11,0.0,7.328173478059666,1,1.6640910871501546e-11,,,,,-8.46183493073702,-67.34581444379664,15.236766927641781,-82.66254745946955,5.095864229243494,1,0.5,0.0,90.0,270.0
20260724_230314__rp0p5__vinf25__inc0__toff56210__Om90__om90,0.7459020002990039,0.2482155422412985,24.686064786673636,251.91195988377189,235.2991986263993,27,0.0,5.721373895704588,3,0.0008489102479671828,90.0,90.0,0.0,0.0,35.60374888549888,112.49951620280072,22.135138864533047,97.18278318712781,4.539773875780156,1,0.5,0.0,90.0,90.0
20260724_230314__rp0p5__vinf25__inc30__toff56210__Om0__om0,1.4514401985084064,0.2204708970359593,23.66585411670441,99.39871740131892,638.6994038539926,11,0.0,7.287434951580628,1,1.7962520360015333e-11,,,,,-8.282740703267889,-67.16575857874098,15.800891877702668,-82.48249159441389,8.358155144572983,2,0.5,30.0,0.0,0.0
20260724_230314__rp0p5__vinf25__inc30__toff56210__Om0__om180,0.7424832276121951,0.2382385589880081,22.940120972644426,240.3420825461073,233.68334559522103,27,0.0,5.4730256321544175,3,0.000926631290781188,90.0,90.0,0.0,0.0,35.860242027093776,114.14658525924773,24.689565085692344,98.82985224357482,4.7060347149736295,1,0.5,30.0,0.0,180.0
20260724_230314__rp0p5__vinf25__inc30__toff56210__Om0__om270,1.1579431323102938,0.1041182852553951,23.618118609496072,28.370592860161405,455.12284682461865,16,0.0,4.717727365509383,4,1.414015144973746e-07,56.4426902380793,12.187474135425045,-44.25521610265426,17.81252586457496,6.352730824099037,-50.8813134302868,15.112565136906404,-66.19804644595972,4.498706297575938,2,0.5,30.0,0.0,270.0
20260724_230314__rp0p5__vinf25__inc30__toff56210__Om0__om90,0.972174266867874,0.4354912089608123,23.021460482490323,197.95381057337676,350.1176237518635,15,0.0,5.273124219927286,1,0.003410806853196391,67.25314872563517,90.0,22.74685127436483,14.83511158197571,19.932535555228576,35.7114103294124,49.84735776871723,20.39467731373949,5.534210324572904,2,0.5,30.0,0.0,90.0
20260724_230314__rp0p5__vinf25__inc30__toff56210__Om180__om0,0.7640935576031779,0.2596891388355495,26.227552017913432,255.43516439587464,243.9594228936977,26,0.0,5.1321012343234,3,0.0005243006462904987,90.0,90.0,0.0,0.0,33.94451367694293,103.02784887198506,21.559834887452325,87.71111585631215,4.772418312991861,1,0.5,30.0,180.0,0.0
20260724_230314__rp0p5__vinf25__inc30__toff56210__Om180__om180,1.4713503208411216,0.2467379313705974,21.27744460270327,98.26679061819694,651.8864032197213,10,0.0,7.239960088301634,1,9.251266419596504e-12,,,,,-8.935577449604018,-67.78406636959089,15.422123308471924,-83.1007993852638,4.182496658002864,0,0.5,30.0,180.0,180.0
20260724_230314__rp0p5__vinf25__inc30__toff56210__Om180__om270,1.0046029439381672,0.3074597622888881,27.423480292884054,166.90988672044628,367.7811446406352,11,0.0,6.611381581915639,1,0.3566824817384351,64.15806723683289,90.0,25.841932763167108,8.549078830521594,16.10256932956313,19.727824625123723,48.51257860995219,4.411091609450811,3.791117396277374,1,0.5,30.0,180.0,270.0
20260724_230314__rp0p5__vinf25__inc30__toff56210__Om180__om90,1.1186318116000076,0.0535448794831834,22.779622839815403,65.0812751834513,432.1440510081104,19,0.0,3.8089358381370424,7,1.2394127111292619e-06,58.82116446134409,9.594068226860466,-49.227096234483625,14.680583967724312,8.437954721616988,-47.76261566060566,14.92934351562078,-63.07934867627857,3.128858376320905,0,0.5,30.0,180.0,90.0
20260724_230314__rp0p5__vinf25__inc30__toff56210__Om270__om0,1.1364872388454097,0.0865348413344751,25.32675061472601,31.46141869738481,442.5319543636065,17,0.0,4.257406205607339,5,3.663294165789921e-07,58.82116446134409,12.187474135425045,-46.63369032591905,16.352891349450513,7.468032162480139,-49.19468840369302,16.1680661689562,-64.51142141936593,3.683249502473146,0,0.5,30.0,270.0,0.0
20260724_230314__rp0p5__vinf25__inc30__toff56210__Om270__om180,0.913224152694376,0.3835095757763176,28.29889501426442,181.31466070745083,318.76004096230605,17,0.0,5.665518494292819,1,4.878944795905227e-05,70.81186354627908,90.0,19.188136453720915,19.188136453720915,23.15577240584925,49.119030714909485,62.85754892050542,33.802297699236576,5.180196617600334,2,0.5,30.0,270.0,180.0
20260724_230314__rp0p5__vinf25__inc30__toff56210__Om270__om270,0.7979852648198963,0.1674583844329949,28.043517581694868,246.8102098377369,260.3694935387103,23,0.0,3.358427087766067,3,0.0001950811096662619,81.4509211694784,90.0,8.549078830521594,8.549078830521594,30.06510029277682,82.36530445820979,28.826494479734635,67.04857144253688,3.76563040658529,1,0.5,30.0,270.0,270.0
20260724_230314__rp0p5__vinf25__inc30__toff56210__Om270__om90,1.372887764683031,0.1835246587375521,23.309648270711307,119.07456180361268,587.5574566038788,12,0.0,8.107082310266279,1,1.9350920865690568e-10,,,,,-5.234881568063849,-63.88285927517786,15.046330803639776,-79.19959229085077,3.5717106949243886,0,0.5,30.0,270.0,90.0
20260724_230314__rp0p5__vinf25__inc30__toff56210__Om90__om0,1.2038065480204356,0.3989354074298655,21.936837322670645,166.47052088815852,482.42837337074366,16,0.0,8.646865112659555,1,5.7928815522245714e-08,46.23825730732021,12.187474135425045,-34.05078317189516,12.087178059159733,4.804829098438481,-50.71693310014572,26.262310938694824,-66.03366611581863,5.025103402875688,1,0.5,30.0,90.0,0.0
20260724_230314__rp0p5__vinf25__inc30__toff56210__Om90__om180,1.150730900272394,0.105782697317292,20.253077401728927,36.90998685589484,450.87738563768016,17,0.0,4.998368569791346,5,1.8998271400505473e-07,56.4426902380793,16.127620213160764,-40.31507002491854,16.85908686931816,6.74755900752352,-50.289358006362704,13.858861378764828,-65.60609102203561,4.274288713797789,1,0.5,30.0,90.0,180.0
20260724_230314__rp0p5__vinf25__inc30__toff56210__Om90__om270,1.381492274057871,0.1847623811147742,22.147123356450223,85.06039559853515,593.0898355288595,11,0.0,6.938410042444641,2,1.5151613297348376e-10,,,,,-5.548948347034828,-64.28963211024629,14.820083020199547,-79.6063651259192,4.33611002932931,1,0.5,30.0,90.0,270.0
20260724_230314__rp0p5__vinf25__inc30__toff56210__Om90__om90,0.7375950643786587,0.2478655717007351,21.99174569509112,251.35346072011268,231.37945475107287,27,0.0,6.1628015648896195,3,0.0010620976822082184,90.0,90.0,0.0,0.0,36.47422134501249,117.62703697679306,18.899649633095237,102.31030396112016,4.935054415395455,1,0.5,30.0,90.0,90.0
20260724_230314__rp0p5__vinf25__inc60__toff56210__Om0__om0,1.4623180275374112,0.2309618795239822,24.946259687998904,95.58008314737836,645.8929458646505,11,0.0,7.096204710415827,1,1.34718902700115e-11,,,,,-8.672689709411467,-67.53796334409601,16.723207763855186,-82.85469635976892,4.621930791832244,1,0.5,60.0,0.0,0.0
20260724_230314__rp0p5__vinf25__inc60__toff56210__Om0__om180,0.7512402695014206,0.2519224865858835,21.52670985515943,240.82869671535803,237.82969563701025,26,0.0,5.2646855740509935,3,0.0007424186105708941,81.4509211694784,90.0,8.549078830521594,8.549078830521594,35.164884956405075,110.17912598237565,21.751795786424083,94.86239296670274,4.682428735600438,1,0.5,60.0,0.0,180.0
20260724_230314__rp0p5__vinf25__inc60__toff56210__Om0__om270,1.1365466663583144,0.0789736453130565,24.681518485278517,27.627602987223952,442.5666651588338,17,0.0,4.276700499969042,5,3.674713724421963e-07,58.82116446134409,12.187474135425045,-46.63369032591905,16.352891349450513,7.474711194467312,-49.229869956911436,15.426051270207878,-64.54660297258435,3.541252475514339,1,0.5,60.0,0.0,270.0
20260724_230314__rp0p5__vinf25__inc60__toff56210__Om0__om90,0.995909348347098,0.3704848873570792,22.33215896383814,205.4804940887965,363.0174517445183,13,0.0,5.051740340767662,1,0.02786337703615871,67.25314872563517,90.0,22.74685127436483,8.549078830521594,17.42679266389008,25.440862356701736,34.64928485982874,10.124129341028823,4.52488643286097,1,0.5,60.0,0.0,90.0
20260724_230314__rp0p5__vinf25__inc60__toff56210__Om180__om0,0.8122681946072988,0.2533652417709084,26.312469689180237,257.5939695831813,267.3911091279981,22,0.0,3.5603316199950115,3,0.00013801095508370054,90.0,90.0,0.0,0.0,29.570003987825547,79.65559632137081,19.032510066416393,64.3388633056979,4.287351119049056,1,0.5,60.0,180.0,0.0
20260724_230314__rp0p5__vinf25__inc60__toff56210__Om180__om180,1.4943485030238663,0.286933569028317,20.28909638836616,94.49896361014434,667.2300995889104,10,0.0,7.067483537006729,1,4.931166586175095e-12,,,,,-9.622695422524927,-68.3525242213465,16.364842316978496,-83.66925723701941,3.983318051754152,0,0.5,60.0,180.0,180.0
20260724_230314__rp0p5__vinf25__inc60__toff56210__Om180__om270,0.9952566737771484,0.1829205964677053,28.861231768064943,157.77718070523733,362.660652046868,10,0.0,6.025184305488301,1,0.34503746235744615,64.15806723683289,90.0,25.841932763167108,8.549078830521594,15.835924460899347,18.016386646365763,39.98137793006389,2.6996536306928505,2.303928804614819,0,0.5,60.0,180.0,270.0
20260724_230314__rp0p5__vinf25__inc60__toff56210__Om180__om90,1.081813964660798,0.0515698566865538,23.01131563622403,166.085401831544,410.9856565868619,36,0.0,5.924499116764818,1,0.004910655175343948,56.4426902380793,7.020370749121086,-49.422319488958216,9.107249464039679,10.51829064984065,-44.32407982127297,14.598293197772811,-59.640812836945884,1.756904986674532,0,0.5,60.0,180.0,90.0
20260724_230314__rp0p5__vinf25__inc60__toff56210__Om270__om0,1.1210749057157277,0.0898730894813253,26.59220335917593,20.21090034581536,433.560528911378,18,0.0,4.762833140022568,6,7.045288228368918e-07,64.15806723683289,7.020370749121086,-57.13769648771181,15.720739016654715,8.313634699134953,-47.84906308009639,16.79561937756249,-63.16579609576931,3.4860592211142825,0,0.5,60.0,270.0,0.0
20260724_230314__rp0p5__vinf25__inc60__toff56210__Om270__om180,0.9412098153109284,0.3054451518810283,25.77843810498793,169.33882118996124,333.5242848713097,15,0.0,5.310297909918734,1,0.02189226970744329,70.81186354627908,90.0,19.188136453720915,10.63905762319932,20.267977978158903,36.625322648349474,50.329452376416356,21.30858963267656,4.569737751196018,2,0.5,60.0,270.0,180.0
20260724_230314__rp0p5__vinf25__inc60__toff56210__Om270__om270,0.8933719610863349,0.0557603277016252,29.992112385094988,267.6192113126121,308.42265193205367,17,0.0,1.4591799527946563,3,0.00024004182275660924,81.4509211694784,90.0,8.549078830521594,8.549078830521594,22.205544912799272,44.02836051526202,31.813301476086576,28.71162749958911,2.88563969300244,0,0.5,60.0,270.0,270.0
20260724_230314__rp0p5__vinf25__inc60__toff56210__Om270__om90,1.1727884753204865,0.0806559851337644,24.124593625963417,169.38279214667313,463.90315353975376,15,0.0,7.689387703638028,3,7.464430495929264e-08,48.11140308495899,16.127620213160764,-31.983782871798223,16.85908686931816,5.5399626330234595,-52.14711014691589,13.648110720277337,-67.4638431625888,2.6759752794730245,0,0.5,60.0,270.0,90.0
20260724_230314__rp0p5__vinf25__inc60__toff56210__Om90__om0,1.2465930161880376,0.3486696378237016,25.07784895299068,161.02503103276925,508.3757482420899,14,0.0,9.389965065490388,1,8.875147727849253e-09,42.670233871257594,25.679288619456855,-16.99094525180074,16.99094525180074,1.9995705874806948,-54.796952066047524,23.980947810546404,-70.11368508172043,4.81476795884786,1,0.5,60.0,90.0,0.0
20260724_230314__rp0p5__vinf25__inc60__toff56210__Om90__om180,1.1331262724958469,0.1169953202676382,18.49126238306263,30.09301581630381,440.5703377534183,18,0.0,4.6573528738659284,6,4.6280518972707796e-07,58.82116446134409,17.457603123722098,-41.36356133762199,12.582907154023879,7.748566253917685,-48.75664904871873,13.240434349673691,-64.07338206439164,3.48365754773184,0,0.5,60.0,90.0,180.0
20260724_230314__rp0p5__vinf25__inc60__toff56210__Om90__om270,1.2213455575072458,0.092492452376449,22.350655212986428,65.43583436941748,493.00988368197096,14,0.0,5.707762218109586,3,1.5987986046184233e-08,48.11140308495899,28.540365484875558,-19.57103760008343,19.57103760008343,2.9295671082607195,-55.62089924715781,14.018112179073356,-70.93763226283072,2.841399027390615,0,0.5,60.0,90.0,270.0
20260724_230314__rp0p5__vinf25__inc60__toff56210__Om90__om90,0.7874263376455314,0.1800769832015575,20.97508781296091,244.1760085307929,255.21881958088628,24,0.0,3.937132920297607,3,0.0002680339082132832,81.4509211694784,90.0,8.549078830521594,8.549078830521594,31.189970051157665,88.56386372556352,20.10746767639087,73.24713070989061,4.904667972631945,2,0.5,60.0,90.0,90.0
20260724_230314__rp0p5__vinf25__inc90__toff56210__Om0__om0,1.4850176195995215,0.2622463230582087,26.02160166413025,93.34051747859068,660.9904733556668,10,0.0,7.00884708821217,1,6.153300091682468e-12,,,,,-9.421746444249777,-68.20226957201189,18.310486201670884,-83.5190025876848,3.966908415062252,0,0.5,90.0,0.0,0.0
20260724_230314__rp0p5__vinf25__inc90__toff56210__Om0__om180,0.7836171305664789,0.2617397128050055,20.4018810423579,249.16973779244503,253.369113907298,24,0.0,4.428988657960161,3,0.000312601652112221,81.4509211694784,90.0,8.549078830521594,8.549078830521594,32.250338484977796,94.0425381746892,15.203051597830736,78.72580515901629,4.623211849987614,1,0.5,90.0,0.0,180.0
20260724_230314__rp0p5__vinf25__inc90__toff56210__Om0__om270,1.100668803249636,0.0361184513754514,25.80472018641096,69.60502767176855,421.7768861529272,23,0.0,2.914000904164297,11,6.989217126829317e-06,61.37544904657465,10.887948130120165,-50.487500916454486,11.997432346038401,9.398830133416396,-46.173629131653946,16.47068020704056,-61.49036214732686,2.593754997092573,0,0.5,90.0,0.0,270.0
20260724_230314__rp0p5__vinf25__inc90__toff56210__Om0__om90,1.0050844265356893,0.2539988550035244,21.957235554118373,201.3231905153232,368.0455796163832,10,0.0,4.970566678578081,1,0.26659071638892584,64.15806723683289,75.16488841802429,11.006821181191398,4.353024871745205,15.73555497662186,18.064525629798617,25.95286470148131,2.7477926141257036,3.106983368891374,0,0.5,90.0,0.0,90.0
20260724_230314__rp0p5__vinf25__inc90__toff56210__Om180__om0,0.8645203853524585,0.2321487638519987,24.68168020066499,253.158804727825,293.6031075510021,19,0.0,2.001279239629554,3,2.9297231016300884e-05,81.4509211694784,90.0,8.549078830521594,8.549078830521594,25.214593033280813,58.2484277370202,17.152511342532293,42.931694721347284,3.811967206796095,1,0.5,90.0,180.0,0.0
20260724_230314__rp0p5__vinf25__inc90__toff56210__Om180__om180,1.4755584488251072,0.3282580088548426,20.38170114499953,88.6069032913254,654.6850384703072,10,0.0,6.835969254912982,2,8.483880264975596e-12,,,,,-8.585658794805699,-67.19168315706807,18.918160461895575,-82.50841617274098,4.143235648931238,0,0.5,90.0,180.0,180.0
20260724_230314__rp0p5__vinf25__inc90__toff56210__Om180__om270,0.964681414334724,0.0827754640390677,29.470693924398955,179.4206182538335,346.07773322248954,13,0.0,5.416827659092082,1,0.023021360181807893,67.25314872563517,90.0,22.74685127436483,8.549078830521594,17.4252119260344,24.105825433166558,32.98533702520603,8.789092417493645,2.0700404271832014,0,0.5,90.0,180.0,270.0
20260724_230314__rp0p5__vinf25__inc90__toff56210__Om180__om90,1.0557343743139644,0.1465682744952532,23.04291433326329,197.18859024481824,396.2139696283615,21,0.0,5.66860732343501,1,0.2997880952608878,58.82116446134409,50.05549481018513,-8.765669651158959,2.3784742232647886,12.143755616874554,1.2235846996560986,21.582337796214148,-14.093148316016814,2.388885630025762,0,0.5,90.0,180.0,90.0
20260724_230314__rp0p5__vinf25__inc90__toff56210__Om270__om0,1.0998724157931443,0.100392026531515,26.094106511847045,11.253154895711026,421.31920480458206,22,0.0,4.012596567704595,9,4.66185205993952e-06,67.25314872563517,9.594068226860466,-57.659080498774706,13.048516269322768,9.513153882067076,-45.87333402321017,16.784393909869166,-61.190067038883086,3.3937013717554487,0,0.5,90.0,270.0,0.0
20260724_230314__rp0p5__vinf25__inc90__toff56210__Om270__om180,0.9577640835190414,0.2837127469057628,22.48903744810599,167.4858589882984,342.3620440120564,14,0.0,4.831249536375633,1,0.04371024721845629,67.25314872563517,90.0,22.74685127436483,8.549078830521594,19.00041318595622,31.386443471166466,42.95722647527799,16.069710455493553,4.5776925736251055,2,0.5,90.0,270.0,180.0
20260724_230314__rp0p5__vinf25__inc90__toff56210__Om270__om270,1.0276707448583182,0.0898410307483266,30.409712528455607,48.707183657192765,380.5211324392204,13,0.0,0.9242867188114605,1,0.6995774527592236,81.4509211694784,61.37544904657465,-20.075472122903754,10.63905762319932,13.505821596861978,8.121412304319605,34.590129778841025,-7.1953207113533075,2.3426558591835858,0,0.5,90.0,270.0,270.0
20260724_230314__rp0p5__vinf25__inc90__toff56210__Om270__om90,0.9583094257796304,0.1707468427300588,23.648718205477103,268.4294696828359,342.6544924375264,14,0.0,0.4896773955351037,4,0.06944762186203945,75.16488841802429,90.0,14.83511158197571,8.549078830521594,18.281476353309667,27.71382408106945,14.482612551949817,12.397091065396538,3.1164105060322727,0,0.5,90.0,270.0,90.0
20260724_230314__rp0p5__vinf25__inc90__toff56210__Om90__om0,1.1464609385971436,0.3005187118055326,26.888157152486112,175.9874830406496,448.3701416504297,18,0.0,8.479111505290764,1,3.803523256351582e-07,50.05549481018513,7.020370749121086,-43.035124061064046,11.776998075285459,7.584901985546017,-47.92373956071624,22.512622117554315,-63.24047257638915,4.462108629103847,1,0.5,90.0,90.0,0.0
20260724_230314__rp0p5__vinf25__inc90__toff56210__Om90__om180,1.101783189663961,0.1270557609568532,18.73579195152865,22.616155812507348,422.41759848223137,23,0.0,3.2018993077626767,10,6.9507909330468465e-06,61.37544904657465,10.887948130120165,-50.487500916454486,10.62224013676732,9.510745242068756,-45.89314501904859,13.920194039741624,-61.2098780347215,3.547413272556684,0,0.5,90.0,90.0,180.0
20260724_230314__rp0p5__vinf25__inc90__toff56210__Om90__om270,1.0695420782285254,0.04534219258744,22.890934078627943,314.2918272504675,404.0123150612642,26,0.0,0.7875429107798229,4,0.554348593688279,67.25314872563517,40.961788552349375,-26.291360173285796,8.431984264291081,11.26110431158346,-5.523720005673127,18.16442608554761,-20.84045302134604,2.100800121364072,0,0.5,90.0,90.0,270.0
20260724_230314__rp0p5__vinf25__inc90__toff56210__Om90__om90,0.9208958098959944,0.1399409729053157,21.089234643145986,184.8342056256632,322.7851420566085,16,0.0,3.4546867587369157,1,0.0009405971214135889,70.81186354627908,90.0,19.188136453720915,10.63905762319932,20.61255097769326,37.69256542730917,27.426875267862602,22.375832411636257,3.559661160833955,0,0.5,90.0,90.0,90.0
20260724_230314__rp0p5__vinf25__incm30__toff56210__Om0__om0,1.4713503213616754,0.2467379315191616,21.27744459915793,98.26679068129988,651.8864035656708,10,0.0,7.239960092559045,1,9.29389898374211e-12,,,,,-8.935577467572891,-67.78406638930593,15.422123303727759,-83.10079940497884,4.182496659062605,0,0.5,-30.0,0.0,0.0
20260724_230314__rp0p5__vinf25__incm30__toff56210__Om0__om180,0.7640935574031361,0.2596891387594985,26.22755202281725,255.43516447872943,243.95942279789384,26,0.0,5.132101244891203,3,0.0005243006483652835,90.0,90.0,0.0,0.0,33.944513694927856,103.02784897188096,21.5598348799789,87.71111595620805,4.772418313227435,1,0.5,-30.0,0.0,180.0
20260724_230314__rp0p5__vinf25__incm30__toff56210__Om0__om270,1.1186318102774664,0.0535448790646528,22.77962283045016,65.08127402201131,432.1440502417345,19,0.0,3.808935844416709,7,1.2394119721648167e-06,58.82116446134409,9.594068226860466,-49.227096234483625,14.680583967724312,8.43795479012028,-47.762615544645804,14.929343510506783,-63.07934856031872,3.128858370873056,0,0.5,-30.0,0.0,270.0
20260724_230314__rp0p5__vinf25__incm30__toff56210__Om0__om90,1.0046029447379847,0.3074597613324245,27.423480273193377,166.9098867771421,367.7811450798502,11,0.0,6.611381585951822,1,0.35668248290154025,64.15806723683289,90.0,25.841932763167108,8.549078830521594,16.102569271664724,19.727824401650516,48.51257837200609,4.411091385977603,3.791117393456489,1,0.5,-30.0,0.0,90.0
20260724_230314__rp0p5__vinf25__incm30__toff56210__Om180__om0,0.7424832287643939,0.2382385613356867,22.940120973229146,240.34208242994663,233.68334613917204,27,0.0,5.473025587783695,3,0.0009266312640363594,90.0,90.0,0.0,0.0,35.86024193643773,114.14658472844654,24.689565018941124,98.82985171277363,4.706034716528398,1,0.5,-30.0,180.0,0.0
20260724_230314__rp0p5__vinf25__incm30__toff56210__Om180__om180,1.4514401984239371,0.2204708971113217,23.66585411846791,99.39871741680857,638.6994037982374,11,0.0,7.287434952033399,1,1.8985701899509877e-11,,,,,-8.282740699852694,-67.16575857471268,15.800891883006145,-82.48249159038559,8.358155210762511,2,0.5,-30.0,180.0,180.0
20260724_230314__rp0p5__vinf25__incm30__toff56210__Om180__om270,0.9721231880554876,0.4355237878114035,23.021777775008687,197.94663075124515,350.0900309249605,15,0.0,5.27274932024071,1,0.0034899593704409426,67.25314872563517,90.0,22.74685127436483,14.83511158197571,19.93647272368452,35.72784043277407,49.862393410295844,20.41110741710116,5.534414537544477,2,0.5,-30.0,180.0,270.0
20260724_230314__rp0p5__vinf25__incm30__toff56210__Om180__om90,1.157943130667357,0.1041182866602705,23.618118601840283,28.3705933004821,455.12284585599866,16,0.0,4.7177273710084435,4,1.4140191240130662e-07,56.4426902380793,12.187474135425045,-44.25521610265426,17.81252586457496,6.352730906254476,-50.881313291783336,15.112565232329104,-66.19804630745625,4.498706291039978,2,0.5,-30.0,180.0,90.0
20260724_230314__rp0p5__vinf25__incm30__toff56210__Om270__om0,1.1507308997881271,0.1057826974284712,20.253077401676755,36.90998711931904,450.8773853530632,17,0.0,4.998368572939302,5,1.8998265716163587e-07,56.4426902380793,16.127620213160764,-40.31507002491854,16.85908686931816,6.747559031143558,-50.289357966259125,13.85886140442745,-65.60609098193204,4.27428871191197,1,0.5,-30.0,270.0,0.0
20260724_230314__rp0p5__vinf25__incm30__toff56210__Om270__om180,1.2038065265361886,0.3989354305221574,21.936836179296137,166.47052019098442,482.42836045594817,16,0.0,8.646864805744997,1,5.792944790528054e-08,46.23825730732021,12.187474135425045,-34.05078317189516,12.087178059159733,4.804830424701409,-50.71693092803085,26.262313053492022,-66.03366394370376,5.02510333109014,1,0.5,-30.0,270.0,180.0
20260724_230314__rp0p5__vinf25__incm30__toff56210__Om270__om270,0.737542385752544,0.2479311738295818,21.99182869773602,251.34730999092235,231.35466770718176,27,0.0,6.165013558484688,3,0.0010636069572456108,90.0,90.0,0.0,0.0,36.48023905824455,117.66144432296502,18.90188228081273,102.34471130729212,4.9354541826399725,1,0.5,-30.0,270.0,270.0
20260724_230314__rp0p5__vinf25__incm30__toff56210__Om270__om90,1.381492274057871,0.1847623811147742,22.147123356450223,85.06039559853515,593.0898355288595,11,0.0,6.938410042444641,2,1.5151613297348376e-10,,,,,-5.548948347034828,-64.28963211024629,14.820083020199547,-79.6063651259192,4.33611002932931,1,0.5,-30.0,270.0,90.0
20260724_230314__rp0p5__vinf25__incm30__toff56210__Om90__om0,0.9132241526819624,0.3835095757092044,28.29889501226976,181.31466065073104,318.76004095580663,17,0.0,5.665518493560128,1,4.878944875486013e-05,70.81186354627908,90.0,19.188136453720915,19.188136453720915,23.15577240592967,49.119030714703804,62.85754894308024,33.80229769903089,5.180196616964712,2,0.5,-30.0,90.0,0.0
20260724_230314__rp0p5__vinf25__incm30__toff56210__Om90__om180,1.136487239678105,0.0865348419422643,25.326750610371764,31.461418895980422,442.53195484996616,17,0.0,4.257406203355167,5,3.663294307898468e-07,58.82116446134409,12.187474135425045,-46.63369032591905,16.352891349450513,7.468032121603295,-49.1946884715988,16.168066175202483,-64.51142148727172,3.6832495055788574,0,0.5,-30.0,90.0,180.0
20260724_230314__rp0p5__vinf25__incm30__toff56210__Om90__om270,1.372887764683031,0.1835246587375521,23.309648270711307,119.07456180361268,587.5574566038788,12,0.0,8.107082310266279,1,1.9350920865690568e-10,,,,,-5.234881568063849,-63.88285927517786,15.046330803639776,-79.19959229085077,3.5717106949243886,0,0.5,-30.0,90.0,270.0
20260724_230314__rp0p5__vinf25__incm30__toff56210__Om90__om90,0.7979852648340755,0.1674583844142732,28.043517582487897,246.8102098327325,260.36949354565,23,0.0,3.3584270871031734,3,0.00019508110914046028,81.4509211694784,90.0,8.549078830521594,8.549078830521594,30.065100291432614,82.36530445113249,28.826494481836377,67.04857143545958,3.76563040663688,1,0.5,-30.0,90.0,90.0
20260724_230314__rp0p5__vinf25__incm60__toff56210__Om0__om0,1.4943485025786345,0.286933569053924,20.28909639235271,94.49896354134032,667.2300992907146,10,0.0,7.06748353247526,1,4.803268893738277e-12,,,,,-9.622695406470017,-68.35252420388252,16.364842328394246,-83.66925721955543,3.983318050749384,0,0.5,-60.0,0.0,0.0
20260724_230314__rp0p5__vinf25__incm60__toff56210__Om0__om180,0.8122682165526148,0.2533652610533988,26.312469747052088,257.59396888063554,267.391119964288,22,0.0,3.560330974618175,3,0.0001380108728170626,90.0,90.0,0.0,0.0,29.570002324991375,79.65558767746322,19.03250850898801,64.33885466179031,4.287351098884615,1,0.5,-60.0,0.0,180.0
20260724_230314__rp0p5__vinf25__incm60__toff56210__Om0__om270,1.0818139650167653,0.0515698568597268,23.01131563943477,166.08540143184536,410.98565678971215,36,0.0,5.924499116246992,1,0.004910655155498489,56.4426902380793,7.020370749121086,-49.422319488958216,9.107249464039679,10.518290632004367,-44.32407985570253,14.598293206835343,-59.640812871375445,1.7569049883247934,0,0.5,-60.0,0.0,270.0
20260724_230314__rp0p5__vinf25__incm60__toff56210__Om0__om90,0.995256672568821,0.182920595445643,28.861231766041943,157.77718073225128,362.6606513864161,10,0.0,6.025184289318624,1,0.3450374647943093,64.15806723683289,90.0,25.841932763167108,8.549078830521594,15.835924527908675,18.016386903591936,39.981377916339994,2.6996538879190233,2.3039288049019446,0,0.5,-60.0,0.0,90.0
20260724_230314__rp0p5__vinf25__incm60__toff56210__Om180__om0,0.7512402696090419,0.2519224866840574,21.52670985506537,240.828696724839,237.8296956881168,26,0.0,5.2646855704416495,3,0.0007424186082261031,81.4509211694784,90.0,8.549078830521594,8.549078830521594,35.16488494697507,110.17912592843194,21.75179577495002,94.86239291275903,4.682428735579082,1,0.5,-60.0,180.0,0.0
20260724_230314__rp0p5__vinf25__incm60__toff56210__Om180__om180,1.4623180273490413,0.2309618793680693,24.94625969117756,95.5800831434057,645.8929457398484,11,0.0,7.09620470982945,1,1.3642420526593924e-11,,,,,-8.67268970338473,-67.53796333756775,16.723207761906615,-82.85469635324066,4.621930791820924,1,0.5,-60.0,180.0,180.0
20260724_230314__rp0p5__vinf25__incm60__toff56210__Om180__om270,0.9959093478527066,0.3704848879049643,22.33215895401636,205.48049415642336,363.01745147420354,13,0.0,5.051740331279563,1,0.02786337726995569,67.25314872563517,90.0,22.74685127436483,8.549078830521594,17.42679270175453,25.44086250820194,34.649284912694185,10.124129492529025,4.524886435820994,1,0.5,-60.0,180.0,270.0
20260724_230314__rp0p5__vinf25__incm60__toff56210__Om180__om90,1.1365466664617674,0.078973645309082,24.68151848802773,27.627602878898177,442.5666652192601,17,0.0,4.276700499472671,5,3.674713084933501e-07,58.82116446134409,12.187474135425045,-46.63369032591905,16.352891349450513,7.474711189572608,-49.22986996567311,15.42605126490892,-64.54660298134603,3.541252475915529,1,0.5,-60.0,180.0,90.0
20260724_230314__rp0p5__vinf25__incm60__toff56210__Om270__om0,1.1331262724938276,0.1169953202705839,18.491262382772653,30.09301581394887,440.5703377522406,18,0.0,4.657352873886559,6,4.628051470945138e-07,58.82116446134409,17.457603123722098,-41.36356133762199,12.582907154023879,7.748566254030646,-48.756649048529226,13.240434349514757,-64.07338206420214,3.4836575479817524,0,0.5,-60.0,270.0,0.0
20260724_230314__rp0p5__vinf25__incm60__toff56210__Om270__om180,1.2465930169801849,0.3486696358667311,25.077848957288317,161.02503073538952,508.37574872666073,14,0.0,9.389965057906592,1,8.874131651737116e-09,42.670233871257594,25.679288619456855,-16.99094525180074,16.99094525180074,1.9995705323951098,-54.796952153026695,23.98094770336538,-70.1136851686996,4.814767951854726,1,0.5,-60.0,270.0,180.0
20260724_230314__rp0p5__vinf25__incm60__toff56210__Om270__om270,0.7874263377221289,0.1800769832509837,20.97508781253755,244.1760085490224,255.2188196181262,24,0.0,3.937132918370814,3,0.0002680339084975003,81.4509211694784,90.0,8.549078830521594,8.549078830521594,31.189970044728625,88.56386369117027,20.107467665552285,73.24713067549736,4.9046679734083405,2,0.5,-60.0,270.0,270.0
20260724_230314__rp0p5__vinf25__incm60__toff56210__Om270__om90,1.2213455586090818,0.0924924531451432,22.35065521075813,65.43583421408968,493.0098843491237,14,0.0,5.707762214533378,3,1.5987914991910657e-08,48.11140308495899,28.540365484875558,-19.57103760008343,19.57103760008343,2.9295670603399766,-55.6208993193212,14.018112181735646,-70.9376323349941,2.841399030538282,0,0.5,-60.0,270.0,90.0
20260724_230314__rp0p5__vinf25__incm60__toff56210__Om90__om0,0.9412098151422176,0.3054451520912574,25.778438105511015,169.33882121557178,333.524284781634,15,0.0,5.310297908602774,1,0.021892269756584426,70.81186354627908,90.0,19.188136453720915,10.63905762319932,20.267977991536547,36.62532270577198,50.329452412250774,21.308589690099065,4.569737752324432,2,0.5,-60.0,90.0,0.0
20260724_230314__rp0p5__vinf25__incm60__toff56210__Om90__om180,1.1210749058385054,0.0898730895075621,26.592203355364024,20.21089993358699,433.560528982602,18,0.0,4.762833139635816,6,7.045288228368918e-07,64.15806723683289,7.020370749121086,-57.13769648771181,15.720739016654715,8.313634694301891,-47.84906309080402,16.795619351627508,-63.16579610647693,3.4860592215932438,0,0.5,-60.0,90.0,180.0
20260724_230314__rp0p5__vinf25__incm60__toff56210__Om90__om270,1.172788475490497,0.0806559851446783,24.12459362727359,169.38279225503524,463.9031536406266,15,0.0,7.689387703172013,3,7.46442267995917e-08,48.11140308495899,16.127620213160764,-31.983782871798223,16.85908686931816,5.539962624553581,-52.1471101599583,13.648110712738458,-67.46384317563121,2.6759752800732035,0,0.5,-60.0,90.0,270.0
20260724_230314__rp0p5__vinf25__incm60__toff56210__Om90__om90,0.8933719612795459,0.0557603280227426,29.9921123847394,267.6192116389572,308.42265203210826,17,0.0,1.4591799575835225,3,0.00024004184610504353,81.4509211694784,90.0,8.549078830521594,8.549078830521594,22.205544899126036,44.02836045671324,31.813301435133805,28.711627441040324,2.8856396934040767,0,0.5,-60.0,90.0,90.0
20260724_230314__rp0p5__vinf25__incm90__toff56210__Om0__om0,1.4755584490811076,0.328258008756489,20.381701143261623,88.6069032580245,654.6850386406829,10,0.0,6.835969253695325,2,7.858602657506708e-12,,,,,-8.585658804834647,-67.19168316859354,18.918160449536117,-82.50841618426645,4.143235649483683,0,0.5,-90.0,0.0,0.0
20260724_230314__rp0p5__vinf25__incm90__toff56210__Om0__om180,0.863990585550852,0.2328415210133153,24.681701164968192,253.1065877257473,293.3332578685149,19,0.0,2.0135175017090887,3,2.979471477004836e-05,81.4509211694784,90.0,8.549078830521594,8.549078830521594,25.260538633900953,58.46572900303193,17.15720398753789,43.148995987359015,3.815785531343173,1,0.5,-90.0,0.0,180.0
20260724_230314__rp0p5__vinf25__incm90__toff56210__Om0__om270,1.055734374359233,0.1465682744552977,23.04291433363774,197.1885902616249,396.21396965384514,21,0.0,5.668607323549251,1,0.2997880955121812,58.82116446134409,50.05549481018513,-8.765669651158959,2.3784742232647886,12.143755614169704,1.2235846903522065,21.582337791120114,-14.093148325320707,2.388885629819503,0,0.5,-90.0,0.0,270.0
20260724_230314__rp0p5__vinf25__incm90__toff56210__Om0__om90,0.9646814135401603,0.08277546349332,29.4706939228974,179.42061790323697,346.07773279491704,13,0.0,5.416827647136154,1,0.02302135972182029,67.25314872563517,90.0,22.74685127436483,8.549078830521594,17.425211975533728,24.105825628641437,32.985337098213336,8.789092612968524,2.0700404284130034,0,0.5,-90.0,0.0,90.0
20260724_230314__rp0p5__vinf25__incm90__toff56210__Om180__om0,0.7836171303496894,0.2617397131452577,20.401881045344,249.1697378402458,253.3691138021553,24,0.0,4.428988667769701,3,0.00031260165316382427,81.4509211694784,90.0,8.549078830521594,8.549078830521594,32.2503385081496,94.04253829847926,15.203051582776212,78.72580528280635,4.623211853119602,1,0.5,-90.0,180.0,0.0
20260724_230314__rp0p5__vinf25__incm90__toff56210__Om180__om180,1.4850176199713552,0.2622463232441467,26.02160166446611,93.34051747671047,660.990473603925,10,0.0,7.008847088998423,1,5.4569682106375694e-12,,,,,-9.421746456547744,-68.20226958504759,18.310486203752674,-83.5190026007205,3.966908415617482,0,0.5,-90.0,180.0,180.0
20260724_230314__rp0p5__vinf25__incm90__toff56210__Om180__om270,1.005084426562084,0.2539988552346572,21.957235543066343,201.32319057290084,368.0455796308812,10,0.0,4.970566676127829,1,0.2665907164487642,64.15806723683289,75.16488841802429,11.006821181191398,4.353024871745205,15.735554976789134,18.064525631602496,25.952864687216255,2.7477926159295833,3.1069833697782183,0,0.5,-90.0,180.0,270.0
20260724_230314__rp0p5__vinf25__incm90__toff56210__Om180__om90,1.100668804377037,0.0361184523451297,25.804720179838213,69.60502823598952,421.7768868009582,23,0.0,2.9140008977021203,11,6.989216927877351e-06,61.37544904657465,10.887948130120165,-50.487500916454486,11.997432346038401,9.398830074570581,-46.17362923454541,16.470680217526272,-61.490362250218325,2.593755001905131,0,0.5,-90.0,180.0,90.0
20260724_230314__rp0p5__vinf25__incm90__toff56210__Om270__om0,1.1017831904837996,0.1270557613458224,18.735791952337085,22.616156049691018,422.41759895371376,23,0.0,3.201899303417605,10,6.950790876203428e-06,61.37544904657465,10.887948130120165,-50.487500916454486,10.62224013676732,9.51074520021017,-45.89314509293243,13.920194050865618,-61.20987810860534,3.547413278047764,0,0.5,-90.0,270.0,0.0
20260724_230314__rp0p5__vinf25__incm90__toff56210__Om270__om180,1.1464609524942364,0.3005187052572484,26.8881571695348,175.98748600983967,448.37014980296414,18,0.0,8.479111611114483,1,3.803524393219959e-07,50.05549481018513,7.020370749121086,-43.035124061064046,11.776998075285459,7.584901217080723,-47.92374086390948,22.512620687718737,-63.240473879582396,4.462108606097475,1,0.5,-90.0,270.0,180.0
20260724_230314__rp0p5__vinf25__incm90__toff56210__Om270__om270,0.9208958084317712,0.1399409734800778,21.08923465822019,184.8342046492839,322.7851412867665,16,0.0,3.454686745913019,1,0.0009405968303610734,70.81186354627908,90.0,19.188136453720915,10.63905762319932,20.61255108013387,37.692565866483754,27.426875565397527,22.37583285081084,3.5596611691167,0,0.5,-90.0,270.0,270.0
20260724_230314__rp0p5__vinf25__incm90__toff56210__Om270__om90,1.0695420784448897,0.0453421923807365,22.8909340807757,314.2918272825958,404.0123151838592,26,0.0,0.7875429114550361,4,0.5543485944379514,67.25314872563517,40.961788552349375,-26.291360173285796,8.431984264291081,11.26110429969686,-5.5237200439749525,18.164426088209126,-20.840453059647864,2.1008001226745554,0,0.5,-90.0,270.0,90.0
20260724_230314__rp0p5__vinf25__incm90__toff56210__Om90__om0,0.9577640863019444,0.2837127486371346,22.48903745426791,167.48585877106197,342.3620455042198,14,0.0,4.831249576284563,1,0.043710245979870166,67.25314872563517,90.0,22.74685127436483,8.549078830521594,19.00041302321469,31.386442791995883,42.95722653804514,16.06970977632297,4.5776925709493135,2,0.5,-90.0,90.0,0.0
20260724_230314__rp0p5__vinf25__incm90__toff56210__Om90__om180,1.0998724161203102,0.100392026779764,26.094106512311143,11.253154741538848,421.3192049925692,22,0.0,4.012596566188023,9,4.6618521167829385e-06,67.25314872563517,9.594068226860466,-57.659080498774706,13.048516269322768,9.513153866040076,-45.87333405249417,16.78439389688262,-61.19006706816708,3.393701373101649,0,0.5,-90.0,90.0,180.0
20260724_230314__rp0p5__vinf25__incm90__toff56210__Om90__om270,0.9583094260942688,0.1707468471210528,23.648718294167395,268.4294694595484,342.6544926062803,14,0.0,0.4896773899566398,4,0.0694476197074998,75.16488841802429,90.0,14.83511158197571,8.549078830521594,18.281476354029696,27.713824089219948,14.482612373040071,12.397091073547035,3.11641052247992,0,0.5,-90.0,90.0,270.0
20260724_230314__rp0p5__vinf25__incm90__toff56210__Om90__om90,1.0276707442294295,0.0898410306786311,30.409712528336957,48.70718402587518,380.5211320899276,13,0.0,0.9242867069958365,1,0.6995774529757677,81.4509211694784,61.37544904657465,-20.075472122903754,10.63905762319932,13.505821631657295,8.121412427664318,34.590129831445054,-7.195320588008595,2.342655858752304,0,0.5,-90.0,90.0,90.0
20260724_230314__rp0p75__vinf25__inc0__toff56210__Om0__om0,1.3306673205891495,0.1778661282868549,22.413692446937365,109.80413591905568,560.6631688842268,12,0.0,7.637842559850046,2,6.377476324814779e-10,,,,,-3.4252543220907725,-61.7679220415203,15.398879295159283,-77.08465505719322,4.978885223946116,1,0.75,0.0,0.0,0.0
20260724_230314__rp0p75__vinf25__inc0__toff56210__Om0__om180,0.7786134503967123,0.201096693233791,24.802706754127897,244.7400497107417,250.9462111974497,24,0.0,4.108446256396007,3,0.000342430544762351,81.4509211694784,90.0,8.549078830521594,8.549078830521594,32.0697265162262,93.09355841139467,24.69462218867215,77.77682539572176,4.123487603078175,1,0.75,0.0,0.0,180.0
20260724_230314__rp0p75__vinf25__inc0__toff56210__Om0__om270,1.0938608646778722,0.0844418380991346,23.1298533207519,19.744185251150007,417.86973480797,24,0.0,3.692170269660874,11,1.4094884051019108e-05,64.15806723683289,12.187474135425045,-51.97059310140784,11.333545871921881,9.839820698961494,-45.38376877402181,15.32911064554714,-60.70050178969473,3.559282528180046,1,0.75,0.0,0.0,270.0
20260724_230314__rp0p75__vinf25__inc0__toff56210__Om0__om90,0.9824251197218048,0.5523050289709445,19.518429339882804,204.20488909655143,355.6697896257111,15,0.0,4.602543178909901,1,0.011734531976792084,70.81186354627908,90.0,19.188136453720915,10.63905762319932,21.830612504272395,43.69269748217487,68.61962373877368,28.37596446650196,5.044616304420654,1,0.75,0.0,0.0,90.0
20260724_230314__rp0p75__vinf25__inc0__toff56210__Om180__om0,0.7786134503967123,0.201096693233791,24.802706754127897,244.7400497107417,250.9462111974497,24,0.0,4.108446256396007,3,0.000342430544762351,81.4509211694784,90.0,8.549078830521594,8.549078830521594,32.0697265162262,93.09355841139467,24.69462218867215,77.77682539572176,4.123487603078175,1,0.75,0.0,180.0,0.0
20260724_230314__rp0p75__vinf25__inc0__toff56210__Om180__om180,1.3306673207318829,0.1778661283529621,22.413692445708907,109.80413595539903,560.6631689744355,12,0.0,7.637842560206074,2,6.37015773463645e-10,,,,,-3.42525432746795,-61.76792204870768,15.39887929387362,-77.0846550643806,4.978885218733627,1,0.75,0.0,180.0,180.0
20260724_230314__rp0p75__vinf25__inc0__toff56210__Om180__om270,0.9822161435723792,0.5522032292421791,19.518319412347925,204.1836490516473,355.55631143451654,15,0.0,4.600101160930983,1,0.011970979913549229,70.81186354627908,90.0,19.188136453720915,10.63905762319932,21.842104542909045,43.741699264811956,68.63135059543337,28.424966249139043,5.044988464381244,1,0.75,0.0,180.0,270.0
20260724_230314__rp0p75__vinf25__inc0__toff56210__Om180__om90,1.0938608646778722,0.0844418380991346,23.1298533207519,19.744185251150007,417.86973480797,24,0.0,3.692170269660874,11,1.4094884051019108e-05,64.15806723683289,12.187474135425045,-51.97059310140784,11.333545871921881,9.839820698961494,-45.38376877402181,15.32911064554714,-60.70050178969473,3.559282528180046,1,0.75,0.0,180.0,90.0
20260724_230314__rp0p75__vinf25__inc0__toff56210__Om270__om0,1.0938608646778722,0.0844418380991346,23.1298533207519,19.744185251150007,417.86973480797,24,0.0,3.692170269660874,11,1.4094884051019108e-05,64.15806723683289,12.187474135425045,-51.97059310140784,11.333545871921881,9.839820698961494,-45.38376877402181,15.32911064554714,-60.70050178969473,3.559282528180046,1,0.75,0.0,270.0,0.0
20260724_230314__rp0p75__vinf25__inc0__toff56210__Om270__om180,0.9822161435723792,0.5522032292421791,19.518319412347925,204.1836490516473,355.55631143451654,15,0.0,4.600101160930983,1,0.011970979913549229,70.81186354627908,90.0,19.188136453720915,10.63905762319932,21.842104542909045,43.741699264811956,68.63135059543337,28.424966249139043,5.044988464381244,1,0.75,0.0,270.0,180.0
20260724_230314__rp0p75__vinf25__inc0__toff56210__Om270__om270,0.7783905866927128,0.2009690919260403,24.80359526073938,244.73543616499057,250.83847583805655,24,0.0,4.115588411083081,3,0.00034450738530722447,81.4509211694784,90.0,8.549078830521594,8.549078830521594,32.08890207493431,93.19736295005767,24.71537030650834,77.88062993438476,4.1238702998609575,1,0.75,0.0,270.0,270.0
20260724_230314__rp0p75__vinf25__inc0__toff56210__Om270__om90,1.3306673207318829,0.1778661283529621,22.413692445708907,109.80413595539903,560.6631689744355,12,0.0,7.637842560206074,2,6.37015773463645e-10,,,,,-3.42525432746795,-61.76792204870768,15.39887929387362,-77.0846550643806,4.978885218733627,1,0.75,0.0,270.0,90.0
20260724_230314__rp0p75__vinf25__inc0__toff56210__Om90__om0,0.9824251197218048,0.5523050289709445,19.518429339882804,204.20488909655143,355.6697896257111,15,0.0,4.602543178909901,1,0.011734531976792084,70.81186354627908,90.0,19.188136453720915,10.63905762319932,21.830612504272395,43.69269748217487,68.61962373877368,28.37596446650196,5.044616304420654,1,0.75,0.0,90.0,0.0
20260724_230314__rp0p75__vinf25__inc0__toff56210__Om90__om180,1.0938608646778722,0.0844418380991346,23.1298533207519,19.744185251150007,417.86973480797,24,0.0,3.692170269660874,11,1.4094884051019108e-05,64.15806723683289,12.187474135425045,-51.97059310140784,11.333545871921881,9.839820698961494,-45.38376877402181,15.32911064554714,-60.70050178969473,3.559282528180046,1,0.75,0.0,90.0,180.0
20260724_230314__rp0p75__vinf25__inc0__toff56210__Om90__om270,1.3306673207318829,0.1778661283529621,22.413692445708907,109.80413595539903,560.6631689744355,12,0.0,7.637842560206074,2,6.37015773463645e-10,,,,,-3.42525432746795,-61.76792204870768,15.39887929387362,-77.0846550643806,4.978885218733627,1,0.75,0.0,90.0,270.0
20260724_230314__rp0p75__vinf25__inc0__toff56210__Om90__om90,0.7786134503967123,0.201096693233791,24.802706754127897,244.7400497107417,250.9462111974497,24,0.0,4.108446256396007,3,0.000342430544762351,81.4509211694784,90.0,8.549078830521594,8.549078830521594,32.0697265162262,93.09355841139467,24.69462218867215,77.77682539572176,4.123487603078175,1,0.75,0.0,90.0,90.0
20260724_230314__rp0p75__vinf25__inc30__toff56210__Om0__om0,1.3372717081025387,0.1788493711683506,23.688270816193768,109.8041820823577,564.8423812324929,12,0.0,7.61793326684322,2,5.293330218592018e-10,,,,,-3.7187294693464645,-62.111393350507115,15.968727350701698,-77.42812636618002,5.30170009204964,1,0.75,30.0,0.0,0.0
20260724_230314__rp0p75__vinf25__inc30__toff56210__Om0__om180,0.771557359211996,0.2046340674568998,22.8339172013769,237.77344376788767,247.54269643645165,25,0.0,4.230243141771339,3,0.00041763629351976306,81.4509211694784,90.0,8.549078830521594,8.549078830521594,32.77171629935335,97.00208713526278,24.487637850394236,81.68535411958987,4.116132892524119,1,0.75,30.0,0.0,180.0
20260724_230314__rp0p75__vinf25__inc30__toff56210__Om0__om270,1.0990311952061491,0.0932035072727597,23.51460422955362,11.533742516182386,420.83593791869583,23,0.0,3.8260145906061425,10,7.012632252667572e-06,64.15806723683289,8.305109528050396,-55.8529577087825,11.08276236115346,9.573311819216391,-45.830488813564315,15.18595881333006,-61.147221829237225,3.690100710898268,1,0.75,30.0,0.0,270.0
20260724_230314__rp0p75__vinf25__inc30__toff56210__Om0__om90,1.1220426913182384,0.6760592783496318,26.62214076537544,184.25048034267505,434.1220670089755,13,0.0,9.764429807756605,1,0.7469973816993374,61.37544904657465,90.0,28.62455095342535,8.549078830521594,16.151428521248782,23.257545726641734,138.51805930147276,7.940812710968821,5.576561709118847,2,0.75,30.0,0.0,90.0
20260724_230314__rp0p75__vinf25__inc30__toff56210__Om180__om0,0.8047860759646033,0.1952544385243688,25.89919739905129,252.63819265877424,263.7050648105074,23,0.0,3.4860324956645954,3,0.00016435743204112896,81.4509211694784,90.0,8.549078830521594,8.549078830521594,29.712600324007852,80.55612191549415,22.979156985554766,65.23938889982124,3.9875175683440287,1,0.75,30.0,180.0,0.0
20260724_230314__rp0p75__vinf25__inc30__toff56210__Om180__om180,1.3180813701910312,0.183663060653745,21.353555225365398,104.38257286801036,552.7275639939947,12,0.0,7.540987452392468,2,9.088338970286713e-10,,,,,-2.840883629394195,-61.0472138434498,15.43701729417419,-76.36394685912272,3.48334693344189,0,0.75,30.0,180.0,180.0
20260724_230314__rp0p75__vinf25__inc30__toff56210__Om180__om270,0.9274557338009076,0.3483997911596821,22.92134779267342,189.70640731036747,326.2402761942287,16,0.0,4.459117445007742,1,0.0021776441173813055,70.81186354627908,90.0,19.188136453720915,10.63905762319932,21.760079581571492,43.11873304425028,44.50660524255196,27.802000028577364,3.9741359504519416,1,0.75,30.0,180.0,270.0
20260724_230314__rp0p75__vinf25__inc30__toff56210__Om180__om90,1.0776980019877789,0.0461290502789274,22.958302744469208,34.99963151540123,408.6423817931735,40,0.0,1.7524426292535704,40,1.7524426292535704,64.15806723683289,30.000000000000004,-34.15806723683289,7.715376998753591,10.710560657984987,-13.272397898777673,21.90593125031882,-28.589130914450585,2.833299408846335,1,0.75,30.0,180.0,90.0
20260724_230314__rp0p75__vinf25__inc30__toff56210__Om270__om0,1.0873069472386845,0.079124409293265,25.110304309352586,15.41880766498855,414.1198373288231,27,0.0,3.1988983158294353,15,6.0529639519302236e-05,67.25314872563517,12.187474135425045,-55.06567459021012,11.20263117559346,10.182300567026129,-44.779261526415006,16.301264887146097,-60.09599454208792,3.27595052566362,0,0.75,30.0,270.0,0.0
20260724_230314__rp0p75__vinf25__inc30__toff56210__Om270__om180,0.9614571146927102,0.6095107718155841,38.19284230214236,179.66887471174198,344.34411622975034,16,0.0,10.29302277454191,1,4.135857833631462e-05,70.81186354627908,90.0,19.188136453720915,19.188136453720915,24.746062239245056,55.27000064105898,160.56843271200754,39.95326762538606,5.294128195702017,2,0.75,30.0,270.0,180.0
20260724_230314__rp0p75__vinf25__inc30__toff56210__Om270__om270,0.8116537019775716,0.1506647499243958,26.27091091447921,250.7571669655568,267.08773866374514,22,0.0,3.1316627426190635,3,0.00013204844155723094,81.4509211694784,90.0,8.549078830521594,8.549078830521594,28.84418952920261,76.12652717008963,26.09044324226292,60.80979415441672,3.494665646809767,1,0.75,30.0,270.0,270.0
20260724_230314__rp0p75__vinf25__inc30__toff56210__Om270__om90,1.2763325741748524,0.1533894960740315,22.79930076264869,127.48299238730854,526.6760506949133,13,0.0,8.410518024918645,2,2.9510189847314905e-09,39.2964802391875,9.594068226860466,-29.702412012327038,29.702412012327038,-1.0467240570910188,-58.841242516590185,15.100070357324824,-74.1579755322631,3.301226487189502,0,0.75,30.0,270.0,90.0
20260724_230314__rp0p75__vinf25__inc30__toff56210__Om90__om0,1.630955317999858,0.5436246885919702,18.0769085235662,153.5804250712235,760.7831499070796,9,0.0,9.489604993054037,1,1.0800249583553523e-12,,,,,-12.237067358648503,-69.56283294485291,26.480866319266212,-84.87956596052582,5.006500681177262,1,0.75,30.0,90.0,0.0
20260724_230314__rp0p75__vinf25__inc30__toff56210__Om90__om180,1.0929124194203987,0.0896620849430713,20.95495475106924,19.10151778712668,417.32637414118375,25,0.0,3.6384565694504793,13,2.2687436015189633e-05,64.15806723683289,12.187474135425045,-51.97059310140784,11.20263117559346,9.926611290249859,-45.269430610555915,14.16817842825759,-60.586163626228824,3.3674484869123207,0,0.75,30.0,90.0,180.0
20260724_230314__rp0p75__vinf25__inc30__toff56210__Om90__om270,1.274998534515604,0.1446315103443018,22.25470644330643,96.5200580753575,525.8505333556703,13,0.0,7.526132744745308,2,3.077538224260934e-09,40.961788552349375,10.887948130120165,-30.07384042222921,30.07384042222921,-0.9425219819066394,-58.8120501744829,15.21273959034869,-74.12878319015581,3.4315659808229717,0,0.75,30.0,90.0,270.0
20260724_230314__rp0p75__vinf25__inc30__toff56210__Om90__om90,0.774215818353961,0.2088061178048935,22.89548714064521,245.2123330728872,248.82318844263224,25,0.0,4.382097617684927,3,0.0003894245378148753,81.4509211694784,90.0,8.549078830521594,8.549078830521594,32.5649475719762,95.83618358188272,21.922686188127912,80.51945056620981,4.33488013871518,1,0.75,30.0,90.0,90.0
20260724_230314__rp0p75__vinf25__inc60__toff56210__Om0__om0,1.3253889353438917,0.178844933485625,24.90024833925093,104.89339660954847,557.3304882416079,12,0.0,7.563261865812528,2,7.357456865975109e-10,,,,,-3.1980175199946035,-61.47817615078596,16.93973947561716,-76.79490916645888,3.6699876197128543,0,0.75,60.0,0.0,0.0
20260724_230314__rp0p75__vinf25__inc60__toff56210__Om0__om180,0.788593923896714,0.2007541650674038,21.297407999466277,240.36833635954048,255.78668302519185,24,0.0,3.8092155395337954,3,0.00026197699671115515,81.4509211694784,90.0,8.549078830521594,8.549078830521594,31.22854147543044,88.73459800451437,20.79136393015164,73.41786498884146,4.091602014826487,1,0.75,60.0,0.0,180.0
20260724_230314__rp0p75__vinf25__inc60__toff56210__Om0__om270,1.0885976367230998,0.0706616921366979,24.1528961449736,10.83103332257482,414.85742855243456,27,0.0,3.3268883783853873,15,5.758160403246393e-05,67.25314872563517,10.887948130120165,-56.365200595515006,11.20263117559346,10.121843964609006,-44.936904719087394,15.316959643863306,-60.253637734760304,3.2697969691968813,1,0.75,60.0,0.0,270.0
20260724_230314__rp0p75__vinf25__inc60__toff56210__Om0__om90,0.935116473482106,0.4546363531109497,25.967927690630678,191.4949616216065,330.2907050603701,16,0.0,5.585912566064291,1,0.002660568793309892,70.81186354627908,90.0,19.188136453720915,19.188136453720915,22.81902783119085,47.7530089584205,64.9349720567983,32.436275942747585,4.679676894670951,1,0.75,60.0,0.0,90.0
20260724_230314__rp0p75__vinf25__inc60__toff56210__Om180__om0,0.8609483243880531,0.1884377426611186,25.845945082509143,257.6243087358702,291.78530637333967,19,0.0,2.1104889511156912,3,3.144526836251771e-05,81.4509211694784,90.0,8.549078830521594,8.549078830521594,25.149704924328393,57.90789148783778,19.82185625655358,42.591158472164864,3.566428700237881,1,0.75,60.0,180.0,0.0
20260724_230314__rp0p75__vinf25__inc60__toff56210__Om180__om180,1.2761472029952952,0.1902079868454785,20.79901390612769,99.7628620217511,526.5613152986499,13,0.0,6.481559551902485,2,3.0956712748775317e-09,40.961788552349375,14.806506911897516,-26.15528164045186,26.15528164045186,-0.9113671809514156,-58.578286963296186,16.334813315186324,-73.8950199789691,3.2906131783835164,0,0.75,60.0,180.0,180.0
20260724_230314__rp0p75__vinf25__inc60__toff56210__Om180__om270,0.9406673622334172,0.1942993287017615,25.074697206755225,187.94827529439152,333.2359933531283,15,0.0,4.655564665716671,1,0.007004217127210666,70.81186354627908,90.0,19.188136453720915,14.83511158197571,19.46317594829796,32.92202819875889,32.54178304674502,17.605295183085975,2.6021376068791677,0,0.75,60.0,180.0,270.0
20260724_230314__rp0p75__vinf25__inc60__toff56210__Om180__om90,1.0541501676331893,0.0295999779961607,22.877503687667478,166.67630683105483,395.3224821922779,19,0.0,5.463206852559184,1,0.09310080343852539,58.82116446134409,48.11140308495899,-10.709761376385103,2.3784742232647886,12.086606431817659,0.4737974558682044,22.020762141286863,-14.842935559804708,1.5547960651704646,0,0.75,60.0,180.0,90.0
20260724_230314__rp0p75__vinf25__inc60__toff56210__Om270__om0,1.0761511354526112,0.079352608894193,26.05954079055898,8.815055242248592,407.76288446060113,40,0.0,1.9818434974308836,40,1.9818434974308836,70.81186354627908,30.000000000000004,-40.811863546279085,11.990699084934995,10.807388188534773,-13.360864745645545,26.51378964515319,-28.67759776131846,2.9978696244088154,0,0.75,60.0,270.0,0.0
20260724_230314__rp0p75__vinf25__inc60__toff56210__Om270__om180,1.2228312959007497,0.3898353008889118,29.12614215200778,136.11630664671424,493.90975975544,15,0.0,8.54622932150657,1,1.788999882934469,46.23825730732021,16.127620213160764,-30.110637094159447,15.353811946008225,3.7355654160161365,-50.00236748431101,50.155576919275774,-65.31910049998392,4.424985102132988,2,0.75,60.0,270.0,180.0
20260724_230314__rp0p75__vinf25__inc60__toff56210__Om270__om270,0.892295593618924,0.0647228038070822,28.111620289703808,263.2144457715815,307.865421390594,17,0.0,1.3853120333690185,3,0.0001612949529246066,81.4509211694784,90.0,8.549078830521594,8.549078830521594,22.323047032044297,44.66038324929723,29.1561422295849,29.34365023362432,2.4721628824534188,0,0.75,60.0,270.0,270.0
20260724_230314__rp0p75__vinf25__inc60__toff56210__Om270__om90,1.1239484311889956,0.0777598563148817,22.906434594166708,174.7968467177801,435.2285421886925,19,0.0,6.5807540151282815,1,7.877352032892304e-07,52.08179734355447,12.187474135425045,-39.89432320812942,12.087178059159733,8.199838321851185,-48.15152840478937,13.674434328112199,-63.468261420462284,2.475194619872838,0,0.75,60.0,270.0,90.0
20260724_230314__rp0p75__vinf25__inc60__toff56210__Om90__om0,1.7544597910811224,0.5631907184323036,22.070559882717497,146.3416434880895,848.8147534609255,8,0.0,9.836280968723228,1,1.0231815394945443e-12,,,,,-16.46750352643141,-72.95026961868885,29.222139862973464,-88.26700263436176,5.066973882477663,1,0.75,60.0,90.0,0.0
20260724_230314__rp0p75__vinf25__inc60__toff56210__Om90__om180,1.0772089092548085,0.0949982009908751,19.61777257401929,13.886006717438317,408.3642315027663,37,0.0,1.007588817067079,33,0.9873626892690996,64.15806723683289,36.07819997184264,-28.07986726499025,7.715376998753591,10.837399496066679,-9.52084686528934,20.014890341755844,-24.837579880962252,3.1527466808195257,0,0.75,60.0,90.0,180.0
20260724_230314__rp0p75__vinf25__inc60__toff56210__Om90__om270,1.1641089444310777,0.0704111009721405,22.385680705378228,80.22043235671393,458.762836810719,16,0.0,5.471719177547435,4,1.1240294384151639e-07,52.08179734355447,8.305109528050396,-43.776687815504076,18.795575820189818,5.974930548113342,-51.50730792427296,14.527711546284138,-66.82404093994587,2.430298219448705,0,0.75,60.0,90.0,270.0
20260724_230314__rp0p75__vinf25__inc60__toff56210__Om90__om90,0.817391269067261,0.1529862624360183,21.683888275651046,233.98531315488933,269.924796181588,22,0.0,2.683861519649298,3,0.00011334024607378979,81.4509211694784,90.0,8.549078830521594,8.549078830521594,28.446074121189298,74.31251543864205,22.961821484700053,58.99578242296914,3.9514521760377943,1,0.75,60.0,90.0,90.0
20260724_230314__rp0p75__vinf25__inc90__toff56210__Om0__om0,1.3002020085715646,0.1846575325480611,25.733788399739552,101.0770883584244,541.5194241641339,13,0.0,7.574478129984826,2,1.4857448604743695e-09,,,,,-2.0587250156804573,-60.0374268220119,18.273325203259134,-75.35415983768482,3.3701103910535952,0,0.75,90.0,0.0,0.0
20260724_230314__rp0p75__vinf25__inc90__toff56210__Om0__om180,0.8297040422639136,0.1921897284850459,20.62295710566472,249.4605407528614,276.04672514043654,21,0.0,2.835889259655332,3,8.133217039585361e-05,81.4509211694784,90.0,8.549078830521594,8.549078830521594,27.70160006903112,70.53651832071006,16.1717496075142,55.21978530503715,3.8350013097224185,1,0.75,90.0,0.0,180.0
20260724_230314__rp0p75__vinf25__inc90__toff56210__Om0__om270,1.0663676945780851,0.0238936334432097,24.872143156066706,41.10035881722823,402.2149972560069,28,0.0,0.9171136749183852,4,0.686233540690675,67.25314872563517,42.670233871257594,-24.582914854377577,8.431984264291081,11.320350714995994,-4.473196582463826,23.9893015069665,-19.789929598136737,2.318123665486036,0,0.75,90.0,0.0,270.0
20260724_230314__rp0p75__vinf25__inc90__toff56210__Om0__om90,0.9327671285499276,0.2741013361920615,23.280897193636957,202.4291432270929,329.04677571727683,16,0.0,4.020174909299502,1,0.007416771056448113,70.81186354627908,90.0,19.188136453720915,10.63905762319932,20.60847597669695,37.971713358131666,31.04013341072769,22.654980342458753,3.320706003768872,0,0.75,90.0,0.0,90.0
20260724_230314__rp0p75__vinf25__inc90__toff56210__Om180__om0,0.9216618214411636,0.1539768727359026,24.12577097907735,249.178569838928,323.1879702921096,16,0.0,0.9102498999056614,1,0.010595324292012265,75.16488841802429,90.0,14.83511158197571,14.83511158197571,20.610708336687818,37.47675304994531,18.61556667935182,22.160020034272396,3.065286944447227,0,0.75,90.0,180.0,0.0
20260724_230314__rp0p75__vinf25__inc90__toff56210__Om180__om180,1.2199189828510362,0.2067092803214628,21.69796713149158,96.45847663498166,492.1463565826506,14,0.0,6.493657764082457,3,1.676441030440401e-08,46.23825730732021,27.100685348240216,-19.137571959079995,19.137571959079995,2.4898433416048342,-54.78459530330592,19.061010065727572,-70.10132831897883,3.266818721906045,0,0.75,90.0,180.0,180.0
20260724_230314__rp0p75__vinf25__inc90__toff56210__Om180__om270,0.9583327316630206,0.0968155312090325,25.251921985164596,204.9295029050636,342.66699244115125,13,0.0,4.152901879323602,1,0.00883917532013001,70.81186354627908,90.0,19.188136453720915,8.549078830521594,17.92617994913408,26.30127581592059,26.01440485558826,10.984542800247677,2.369243187176715,0,0.75,90.0,180.0,270.0
20260724_230314__rp0p75__vinf25__inc90__toff56210__Om180__om90,1.0302726135867415,0.1157619899194434,22.6411182120008,195.62839071444296,381.9671584756879,15,0.0,5.1883435055529965,1,0.3653552754396152,61.37544904657465,58.82116446134409,-2.554284585230562,2.554284585230562,13.56374358552106,8.268244384862575,21.71091173302998,-7.048488630810338,2.036955569517468,0,0.75,90.0,180.0,90.0
20260724_230314__rp0p75__vinf25__inc90__toff56210__Om270__om0,1.0619663692426728,0.08352893099522,25.477611067480225,2.7069818254468943,399.72741560941273,23,0.0,1.5319450182926797,1,0.3782245596471878,70.81186354627908,46.23825730732021,-24.573606238958874,9.436414499704433,11.630600700618505,-2.12542270324243,24.745481333600637,-17.442155718915345,2.799025937889017,0,0.75,90.0,270.0,0.0
20260724_230314__rp0p75__vinf25__inc90__toff56210__Om270__om180,1.076715874050855,0.2817293537905672,22.56019207507268,149.8789105757326,408.0839030064925,28,0.0,6.270287870145909,1,1.550204405101117,56.4426902380793,39.2964802391875,-17.1462099988918,2.238057781766898,11.609003290649854,-5.729253553105236,39.21928701626717,-21.045986568778147,4.0856050987797214,1,0.75,90.0,270.0,180.0
20260724_230314__rp0p75__vinf25__inc90__toff56210__Om270__om270,0.9883892948653146,0.0473696498971811,28.12892483847592,41.53813340561842,358.91353786394313,10,0.0,1.8197076261044955,1,0.1779675024724945,81.4509211694784,90.0,8.549078830521594,8.549078830521594,15.870184116261496,17.925797690899245,31.88130551274945,2.609064675226332,1.5608510230089394,0,0.75,90.0,270.0,270.0
20260724_230314__rp0p75__vinf25__inc90__toff56210__Om270__om90,0.9595677389416206,0.1227453152802587,21.7920438593745,262.1832614455116,343.3296003176511,13,0.0,0.6452464009787562,1,0.0622567394334439,70.81186354627908,90.0,19.188136453720915,8.549078830521594,18.019090105127102,26.637704396800416,15.813518799674007,11.320971381127503,3.138252214970519,1,0.75,90.0,270.0,90.0
20260724_230314__rp0p75__vinf25__inc90__toff56210__Om90__om0,0.9932608948873132,0.3812144729286723,24.29553231629652,204.3534647038704,361.5703390874136,13,0.0,5.4678174179830865,1,0.029002888403709903,67.25314872563517,90.0,22.74685127436483,10.63905762319932,17.699949230521213,26.540809270200956,38.03768783935449,11.224076254528043,4.349387647054846,1,0.75,90.0,90.0,0.0
20260724_230314__rp0p75__vinf25__inc90__toff56210__Om90__om180,1.0502327765663575,0.0969075010230846,20.002520701777765,9.684618441986515,393.1209081089538,19,0.0,0.9679105396545733,1,0.14189796394754017,67.25314872563517,50.05549481018513,-17.19765391545004,5.87769967906052,12.385828574739437,2.449696551190415,21.604850976534998,-12.867036464482497,2.975658358529672,0,0.75,90.0,90.0,180.0
20260724_230314__rp0p75__vinf25__inc90__toff56210__Om90__om270,1.059682711479311,0.0257668622173169,22.908150502299787,312.8765714413145,398.4387452870275,22,0.0,0.7063489083971124,4,0.40538838692321266,67.25314872563517,46.23825730732021,-21.01489141831496,5.87769967906052,11.807658556856628,-1.4517207073820677,20.324203258231716,-16.768453723054982,1.6293998738744713,0,0.75,90.0,90.0,270.0
20260724_230314__rp0p75__vinf25__inc90__toff56210__Om90__om90,0.9373049803506748,0.1138307384241549,21.885567014000475,170.4018408870125,331.4508807075403,15,0.0,3.8511539231398793,1,0.011115594663415607,70.81186354627908,90.0,19.188136453720915,14.83511158197571,19.40859280751935,32.48697454757113,28.78888280611507,17.170241531898217,2.87249153942014,0,0.75,90.0,90.0,90.0
20260724_230314__rp0p75__vinf25__incm30__toff56210__Om0__om0,1.3181074503237291,0.183677776519539,21.35358647659355,104.38176216070092,552.7439688380131,12,0.0,7.540933576325703,2,9.072493867279263e-10,,,,,-2.8418582781629893,-61.04854603583411,15.437168215108699,-76.36527905150702,3.483405560582189,0,0.75,-30.0,0.0,0.0
20260724_230314__rp0p75__vinf25__incm30__toff56210__Om0__om180,0.8047845494520337,0.1952504933753178,25.899105706972712,252.6370197582155,263.70431451999434,23,0.0,3.486035759363048,3,0.00016436418434295774,81.4509211694784,90.0,8.549078830521594,8.549078830521594,29.712703428651203,80.55666613806437,22.97958273048075,65.23993312239146,3.987513597950672,1,0.75,-30.0,0.0,180.0
20260724_230314__rp0p75__vinf25__incm30__toff56210__Om0__om270,1.0776980022311788,0.0461290504244221,22.958302747133896,34.999631303302735,408.6423819316124,40,0.0,1.7524426286866657,40,1.7524426286866657,64.15806723683289,30.000000000000004,-34.15806723683289,7.715376998753591,10.71056064553385,-13.272397934882191,21.905931242943346,-28.589130950555102,2.833299409973957,1,0.75,-30.0,0.0,270.0
20260724_230314__rp0p75__vinf25__incm30__toff56210__Om0__om90,0.9274557519894124,0.3483997576942297,22.921347762283357,189.7064059678175,326.24028579116583,16,0.0,4.459117675398353,1,0.002177644612622487,70.81186354627908,90.0,19.188136453720915,10.63905762319932,21.760077898701734,43.11872567777545,44.50659978080174,27.80199266210254,3.974135805942502,1,0.75,-30.0,0.0,90.0
20260724_230314__rp0p75__vinf25__incm30__toff56210__Om180__om0,0.7715573076638979,0.2046339986482707,22.83390966878086,237.7733287982216,247.54267162879185,25,0.0,4.230241822248331,3,0.00041763686670037714,81.4509211694784,90.0,8.549078830521594,8.549078830521594,32.77172061803739,97.00211122528894,24.48767110026722,81.68537820961603,4.11613327391697,1,0.75,-30.0,180.0,0.0
20260724_230314__rp0p75__vinf25__incm30__toff56210__Om180__om180,1.3372717077294167,0.1788493714114521,23.68827081837099,109.8041821650559,564.8423809960916,12,0.0,7.617933269190743,2,5.289351179271762e-10,,,,,-3.718729453832672,-62.11139332930588,15.968727367703195,-77.42812634497879,5.301700091646511,1,0.75,-30.0,180.0,180.0
20260724_230314__rp0p75__vinf25__incm30__toff56210__Om180__om270,1.122120997817272,0.6760714421342958,26.622267491764337,184.2535766610501,434.1675133711204,13,0.0,9.764963318895465,1,0.7470568317048425,61.37544904657465,90.0,28.62455095342535,8.549078830521594,16.147370021571597,23.24198140783607,138.50632207427685,7.925248392163159,5.576642443155253,2,0.75,-30.0,180.0,270.0
20260724_230314__rp0p75__vinf25__incm30__toff56210__Om180__om90,1.0990312013343786,0.0932035023807827,23.51460428561461,11.533728369568792,420.8359414385856,23,0.0,3.826014559100429,10,7.012632110559025e-06,64.15806723683289,8.305109528050396,-55.8529577087825,11.08276236115346,9.573311527009894,-45.83048941079589,15.185957809344693,-61.1472224264688,3.690101114722437,1,0.75,-30.0,180.0,90.0
20260724_230314__rp0p75__vinf25__incm30__toff56210__Om270__om0,1.092912420016917,0.0896620853137575,20.95495474759707,19.101517569330788,417.3263744828525,25,0.0,3.6384565657706283,13,2.2687435489388008e-05,64.15806723683289,12.187474135425045,-51.97059310140784,11.20263117559346,9.926611260107851,-45.269430665580586,14.168178410415372,-60.586163681253495,3.3674484894968275,0,0.75,-30.0,270.0,0.0
20260724_230314__rp0p75__vinf25__incm30__toff56210__Om270__om180,1.6309553438544706,0.5436246891448092,18.07690869947493,153.5804232873592,760.7831679974774,9,0.0,9.489604972925854,1,1.4495071809506044e-12,,,,,-12.2370682574639,-69.56283381161565,26.48086607082537,-84.87956682728856,5.006500680166499,1,0.75,-30.0,270.0,180.0
20260724_230314__rp0p75__vinf25__incm30__toff56210__Om270__om270,0.7742158187447297,0.2088061182192409,22.89548713588156,245.21233313340812,248.8231886310144,25,0.0,4.382097607021699,3,0.00038942453601009674,81.4509211694784,90.0,8.549078830521594,8.549078830521594,32.5649475397182,95.83618340505123,21.92268612752411,80.51945038937832,4.3348801385687725,1,0.75,-30.0,270.0,270.0
20260724_230314__rp0p75__vinf25__incm30__toff56210__Om270__om90,1.2749985356619686,0.1446315104795978,22.254706451153044,96.5200577304756,525.8505340648669,13,0.0,7.526132737016992,2,3.077268218021345e-09,40.961788552349375,10.887948130120165,-30.07384042222921,30.07384042222921,-0.9425220283717528,-58.81205024287787,15.212739580054276,-74.12878325855078,3.4315659839707777,0,0.75,-30.0,270.0,90.0
20260724_230314__rp0p75__vinf25__incm30__toff56210__Om90__om0,0.9633720872837448,0.6096229898447125,38.19089849429917,179.70877251608755,345.3733942420903,16,0.0,10.320082073617815,1,7.514208102321618e-05,70.81186354627908,90.0,19.188136453720915,19.188136453720915,24.607269142669672,54.68095066737422,160.00745845769006,39.36421765170131,5.291146131161692,2,0.75,-30.0,90.0,0.0
20260724_230314__rp0p75__vinf25__incm30__toff56210__Om90__om180,1.087306947730291,0.0791244095152951,25.11030431093105,15.418807407957424,414.1198376096786,27,0.0,3.1988983131912185,15,6.05296386524401e-05,67.25314872563517,12.187474135425045,-55.06567459021012,11.20263117559346,10.182300542163027,-44.779261572956955,16.301264867790664,-60.095994588629864,3.275950527801723,0,0.75,-30.0,90.0,180.0
20260724_230314__rp0p75__vinf25__incm30__toff56210__Om90__om270,1.276332574732308,0.1533894960793919,22.799300764116825,127.48299222869376,526.6760510399628,13,0.0,8.410518021111947,2,2.9515518917833106e-09,39.2964802391875,9.594068226860466,-29.702412012327038,29.702412012327038,-1.0467240796915531,-58.84124255012631,15.100070354120376,-74.15797556579922,3.301226488788216,0,0.75,-30.0,90.0,270.0
20260724_230314__rp0p75__vinf25__incm30__toff56210__Om90__om90,0.8247130962783326,0.1523687121163187,26.020790563275025,245.31080628450377,273.55970520297234,21,0.0,2.5963445201381106,3,9.066910463673139e-05,81.4509211694784,90.0,8.549078830521594,8.549078830521594,27.775739244027072,70.75423412686709,25.797722596559588,55.43750111119418,3.4780955525505077,1,0.75,-30.0,90.0,90.0
20260724_230314__rp0p75__vinf25__incm60__toff56210__Om0__om0,1.276147203056306,0.1902079867130551,20.79901390380335,99.7628620453167,526.561315336411,13,0.0,6.481559552731596,2,3.095969702826551e-09,40.961788552349375,14.806506911897516,-26.15528164045186,26.15528164045186,-0.9113671840596712,-58.578286968007106,16.33481330622017,-73.89501998368002,3.290613178700767,0,0.75,-60.0,0.0,0.0
20260724_230314__rp0p75__vinf25__incm60__toff56210__Om0__om180,0.860948324351097,0.188437742627085,25.84594508263111,257.62430873475944,291.7853063545524,19,0.0,2.11048895192004,3,3.144526760223698e-05,81.4509211694784,90.0,8.549078830521594,8.549078830521594,25.149704926907493,57.907891500113365,19.821856260328396,42.591158484440456,3.566428700273023,1,0.75,-60.0,0.0,180.0
20260724_230314__rp0p75__vinf25__incm60__toff56210__Om0__om270,1.054150168208597,0.0295999783140258,22.877503680776307,166.67630769340042,395.3224825159579,19,0.0,5.463206866859771,1,0.09310079980964259,58.82116446134409,48.11140308495899,-10.709761376385103,2.3784742232647886,12.086606398763935,0.47379734337261886,22.02076208689607,-14.842935672300294,1.554796068097265,0,0.75,-60.0,0.0,270.0
20260724_230314__rp0p75__vinf25__incm60__toff56210__Om0__om90,0.9406673630042436,0.1942993288013505,25.074697206184105,187.9482755122952,333.23599376273194,15,0.0,4.655564674610186,1,0.0070042174147104674,70.81186354627908,90.0,19.188136453720915,14.83511158197571,19.463175897842135,32.92202798793042,32.541782946492816,17.605294972257507,2.602137604430143,0,0.75,-60.0,0.0,90.0
20260724_230314__rp0p75__vinf25__incm60__toff56210__Om180__om0,0.7885939232809447,0.2007541644819849,21.297407989434028,240.36833631385963,255.7866827255974,24,0.0,3.8092155578151647,3,0.00026197700367447396,81.4509211694784,90.0,8.549078830521594,8.549078830521594,31.228541525476707,88.73459827340152,20.791363976696914,73.41786525772861,4.091602015312592,1,0.75,-60.0,180.0,0.0
20260724_230314__rp0p75__vinf25__incm60__toff56210__Om180__om180,1.3253890474174097,0.1788449858694962,24.900248009685736,104.89337896596768,557.3305589325444,12,0.0,7.563261323438173,2,7.376996791208512e-10,,,,,-3.19802171528035,-61.47818185784189,16.939739548469802,-76.7949148735148,3.669987872919107,0,0.75,-60.0,180.0,180.0
20260724_230314__rp0p75__vinf25__incm60__toff56210__Om180__om270,0.9354100634892948,0.4535323133459731,26.050897805851243,191.2919235100084,330.4462648179393,16,0.0,5.614565469565871,1,0.0027213067639308974,70.81186354627908,90.0,19.188136453720915,19.188136453720915,22.774061955344834,47.56151513149136,64.89629888105831,32.24478211581845,4.679131763973884,1,0.75,-60.0,180.0,270.0
20260724_230314__rp0p75__vinf25__incm60__toff56210__Om180__om90,1.088597636672033,0.0706616921046692,24.1528961447529,10.831033353391735,414.8574285232425,27,0.0,3.326888378650665,15,5.758160365587628e-05,67.25314872563517,10.887948130120165,-56.365200595515006,11.20263117559346,10.121843967173646,-44.93690471429644,15.316959645813029,-60.253637729969356,3.269796968700854,1,0.75,-60.0,180.0,90.0
20260724_230314__rp0p75__vinf25__incm60__toff56210__Om270__om0,1.0772089092555093,0.0949982009858987,19.617772573826056,13.88600669358344,408.36423150316494,37,0.0,1.0075888169406166,33,0.9873626891433513,64.15806723683289,36.07819997184264,-28.07986726499025,7.715376998753591,10.837399496068512,-9.52084686536717,20.014890339638214,-24.837579881040085,3.1527466807864624,0,0.75,-60.0,270.0,0.0
20260724_230314__rp0p75__vinf25__incm60__toff56210__Om270__om180,1.7544597020585568,0.563190699743264,22.07056015323993,146.34164623962752,848.8146888567097,8,0.0,9.836281131860293,1,2.0463630789890885e-12,,,,,-16.467500872113057,-72.9502675253774,29.222139838449678,-88.26700054105031,5.066973834538976,1,0.75,-60.0,270.0,180.0
20260724_230314__rp0p75__vinf25__incm60__toff56210__Om270__om270,0.8173912690065739,0.1529862618892374,21.683888270006253,233.9853133475364,269.92479615152723,22,0.0,2.6838615255624774,3,0.00011334024594589209,81.4509211694784,90.0,8.549078830521594,8.549078830521594,28.44607412329583,74.31251545005485,22.96182145723961,58.99578243438194,3.951452174614636,1,0.75,-60.0,270.0,270.0
20260724_230314__rp0p75__vinf25__incm60__toff56210__Om270__om90,1.164108944602132,0.0704111010443465,22.38568070389884,80.22043255368715,458.762836911835,16,0.0,5.471719177903548,4,1.124026240972853e-07,52.08179734355447,8.305109528050396,-43.776687815504076,18.795575820189818,5.974930539770618,-51.50730793748627,14.527711546433792,-66.82404095315918,2.430298220070376,0,0.75,-60.0,270.0,90.0
20260724_230314__rp0p75__vinf25__incm60__toff56210__Om90__om0,1.222831362127292,0.3898353235755761,29.126141671058804,136.11631332220566,493.9097998794573,15,0.0,8.546230036611306,1,1.7889997000895477,46.23825730732021,16.127620213160764,-30.110637094159447,15.353811946008225,3.7355626535177504,-50.002372059493204,50.15557307860139,-65.31910507516612,4.424985181533355,2,0.75,-60.0,90.0,0.0
20260724_230314__rp0p75__vinf25__incm60__toff56210__Om90__om180,1.0761511358550244,0.0793526095202459,26.059540791119467,8.81505525144851,407.7628846893178,40,0.0,1.9818434953168662,40,1.9818434953168662,70.81186354627908,30.000000000000004,-40.811863546279085,11.990699084934995,10.80738816791205,-13.36086480370672,26.51378964678169,-28.677597819379635,2.9978696263818585,0,0.75,-60.0,90.0,180.0
20260724_230314__rp0p75__vinf25__incm60__toff56210__Om90__om270,1.123948431873705,0.0777598565159083,22.906434593103945,174.7968463237972,435.2285425864044,19,0.0,6.580754018652596,1,7.87735174867521e-07,52.08179734355447,12.187474135425045,-39.89432320812942,12.087178059159733,8.199838288807667,-48.151528463867486,13.674434337019918,-63.4682614795404,2.475194622669913,0,0.75,-60.0,90.0,270.0
20260724_230314__rp0p75__vinf25__incm60__toff56210__Om90__om90,0.892295593428557,0.0647228036153701,28.111620287778464,263.21444584075846,307.8654212920716,17,0.0,1.3853120391099765,3,0.0001612949588434276,81.4509211694784,90.0,8.549078830521594,8.549078830521594,22.323047045123065,44.66038330830418,29.15614225242108,29.34365029263127,2.472162882559042,0,0.75,-60.0,90.0,90.0
20260724_230314__rp0p75__vinf25__incm90__toff56210__Om0__om0,1.2199189824268577,0.206709279814779,21.69796713935353,96.45847644342828,492.146356325964,14,0.0,6.493657763122734,3,1.676579586273874e-08,46.23825730732021,27.100685348240216,-19.137571959079995,19.137571959079995,2.489843357723939,-54.784595278409675,19.061010056803866,-70.10132829408259,3.2668187197141005,0,0.75,-90.0,0.0,0.0
20260724_230314__rp0p75__vinf25__incm90__toff56210__Om0__om180,0.9216618214665436,0.1539768727691482,24.125770978485,249.17856985535303,323.18797030545915,16,0.0,0.9102498992388739,1,0.010595324298982689,75.16488841802429,90.0,14.83511158197571,14.83511158197571,20.610708335116172,37.47675304328235,18.615566674181935,22.160020027609438,3.06528694446324,0,0.75,-90.0,0.0,180.0
20260724_230314__rp0p75__vinf25__incm90__toff56210__Om0__om270,1.030272613705133,0.1157619898694442,22.64111821155483,195.6283906514776,381.9671585415273,15,0.0,5.188343507716262,1,0.3653552750674933,61.37544904657465,58.82116446134409,-2.554284585230562,2.554284585230562,13.563743578811916,8.268244360582546,21.710911736261835,-7.048488655090367,2.0369555692793315,0,0.75,-90.0,0.0,270.0
20260724_230314__rp0p75__vinf25__incm90__toff56210__Om0__om90,0.9583327317676644,0.0968155311073845,25.25192198264181,204.92950297269547,342.6669924972768,13,0.0,4.152901878036317,1,0.008839175290692225,70.81186354627908,90.0,19.188136453720915,8.549078830521594,17.92617994214295,26.301275787810457,26.01440483954299,10.984542772137544,2.3692431862120094,0,0.75,-90.0,0.0,90.0
20260724_230314__rp0p75__vinf25__incm90__toff56210__Om180__om0,0.8297040423845294,0.1921897285978035,20.62295710556804,249.46054074996368,276.0467252006308,21,0.0,2.835889256438911,3,8.133216883265959e-05,81.4509211694784,90.0,8.549078830521594,8.549078830521594,27.701600060075815,70.53651827570596,16.171749598714396,55.21978526003305,3.835001309632047,1,0.75,-90.0,180.0,0.0
20260724_230314__rp0p75__vinf25__incm90__toff56210__Om180__om180,1.3002020092412676,0.184657532513854,25.733788398773147,101.07708820253556,541.5194245825194,13,0.0,7.574478125538469,2,1.4857022279102239e-09,,,,,-2.058725042654386,-60.03742686061301,18.27332518765651,-75.35415987628592,3.3701103928463647,0,0.75,-90.0,180.0,180.0
20260724_230314__rp0p75__vinf25__incm90__toff56210__Om180__om270,0.9327671282732892,0.2741013363862022,23.28089719429043,202.4291432800208,329.0467755708947,16,0.0,4.020174903854407,1,0.007416771023677882,70.81186354627908,90.0,19.188136453720915,10.63905762319932,20.608475996947018,37.97171344607761,31.040133419833865,22.654980430404695,3.320706005264927,0,0.75,-90.0,180.0,270.0
20260724_230314__rp0p75__vinf25__incm90__toff56210__Om180__om90,1.0663676943983804,0.0238936336541439,24.87214315584614,41.10035889303732,402.2149971543348,28,0.0,0.9171136739434642,4,0.6862335410102212,67.25314872563517,42.670233871257594,-24.582914854377577,8.431984264291081,11.320350724554906,-4.473196551272222,23.98930152356,-19.789929566945133,2.318123664537331,0,0.75,-90.0,180.0,90.0
20260724_230314__rp0p75__vinf25__incm90__toff56210__Om270__om0,1.0502327765822272,0.0969075010247044,20.00252070184475,9.684618451414314,393.1209081178643,19,0.0,0.9679105392979537,1,0.14189796398942311,67.25314872563517,50.05549481018513,-17.19765391545004,5.87769967906052,12.385828573841959,2.4496965481446034,21.604850976880343,-12.86703646752831,2.9756583585405405,0,0.75,-90.0,270.0,0.0
20260724_230314__rp0p75__vinf25__incm90__toff56210__Om270__om180,0.9932371015862368,0.3812455547454251,24.29482130203448,204.35197930597465,361.5573471829775,13,0.0,5.467498767922553,1,0.029177684467455833,67.25314872563517,90.0,22.74685127436483,10.63905762319932,17.70188058412933,26.548656373029573,38.043266138372175,11.23192335735666,4.349542003277798,1,0.75,-90.0,270.0,180.0
20260724_230314__rp0p75__vinf25__incm90__toff56210__Om270__om270,0.9373049806388408,0.1138307384334439,21.88556701618161,170.4018406685403,331.4508808603927,15,0.0,3.851153926237714,1,0.011115594471625911,70.81186354627908,90.0,19.188136453720915,14.83511158197571,19.40859278900515,32.48697446789006,28.788882825299932,17.170241452217144,2.872491538082274,0,0.75,-90.0,270.0,270.0
20260724_230314__rp0p75__vinf25__incm90__toff56210__Om270__om90,1.059682712122303,0.0257668618056153,22.90815049026827,312.8765700439364,398.43874564967314,22,0.0,0.7063489190460355,4,0.40538838691791024,67.25314872563517,46.23825730732021,-21.01489141831496,5.87769967906052,11.807658524919063,-1.4517208124093484,20.32420322071696,-16.76845382808226,1.629399877221291,0,0.75,-90.0,270.0,90.0
20260724_230314__rp0p75__vinf25__incm90__toff56210__Om90__om0,1.0767158252953193,0.2817294107653017,22.560192261546373,149.87891370285453,408.0838752883877,28,0.0,6.270287610487058,1,1.550204333577292,56.4426902380793,39.2964802391875,-17.1462099988918,2.238057781766898,11.60900642259436,-5.7292433198107595,39.219296102367096,-21.045976335483672,4.085605298472471,1,0.75,-90.0,90.0,0.0
20260724_230314__rp0p75__vinf25__incm90__toff56210__Om90__om180,1.0619663683150369,0.0835289308422451,25.477611067971104,2.706982384167013,399.72741508566514,23,0.0,1.531945029242891,1,0.37822456389379333,70.81186354627908,46.23825730732021,-24.573606238958874,9.436414499704433,11.63060074917651,-2.1254225430122737,24.745481417899654,-17.442155558685187,2.799025937146088,0,0.75,-90.0,90.0,180.0
20260724_230314__rp0p75__vinf25__incm90__toff56210__Om90__om270,0.9595677383249632,0.1227453151348995,21.79204386862613,262.18326172706384,343.32959998669463,13,0.0,0.6452463730333697,1,0.062256739846240805,70.81186354627908,90.0,19.188136453720915,8.549078830521594,18.019090143283652,26.637704552709838,15.81351882358821,11.320971537036925,3.138252217042416,1,0.75,-90.0,90.0,270.0
20260724_230314__rp0p75__vinf25__incm90__toff56210__Om90__om90,0.9883892948295896,0.0473696498066225,28.128924839171344,41.53813332162624,358.9135378444839,10,0.0,1.8197076308802007,1,0.17796750247221738,81.4509211694784,90.0,8.549078830521594,8.549078830521594,15.870184118535336,17.9257976991871,31.881305505124637,2.6090646835141875,1.5608510226989487,0,0.75,-90.0,90.0,90.0
20260724_230314__rp1__vinf25__inc0__toff56210__Om0__om0,1.2157219148782816,0.1377043350766808,22.678051439095483,118.94893211068644,489.6087363426906,14,0.0,6.877117263650714,3,1.9055221400776645e-08,46.23825730732021,27.100685348240216,-19.137571959079995,19.137571959079995,3.2897361299513816,-55.012333571647105,15.967034196590532,-70.32906658732001,3.1693136103711925,0,1.0,0.0,0.0,0.0
20260724_230314__rp1__vinf25__inc0__toff56210__Om0__om180,0.8402307806320937,0.1772423335925868,24.423048348164095,248.0203883973705,281.3168016735262,21,0.0,2.3563326836510896,3,5.852233989855904e-05,81.4509211694784,90.0,8.549078830521594,8.549078830521594,26.702550321362413,65.47837547108998,21.316565196714656,50.161642455417066,3.64083943281992,1,1.0,0.0,0.0,180.0
20260724_230314__rp1__vinf25__inc0__toff56210__Om0__om270,1.0571721692992353,0.0796921273511961,23.26016182702425,8.873691288631282,397.0236454148517,22,0.0,1.2321545911746234,1,0.2815628262554215,70.81186354627908,48.11140308495899,-22.700460461320098,9.436414499704433,11.91788085943667,-0.2617574964895722,23.482978208191614,-15.578490512162485,3.3963717059987424,1,1.0,0.0,0.0,270.0
20260724_230314__rp1__vinf25__inc0__toff56210__Om0__om90,1.2286520729916692,0.4026580719453567,16.97717696786518,243.74843084660125,497.4405294748048,15,0.0,6.436222547283383,1,2.2430199919654115e-08,46.23825730732021,18.797368824406544,-27.440888482913667,14.756825148151222,3.4635981157869327,-52.50058012368727,7.537340065469394,-67.81731313936018,4.177571687993257,1,1.0,0.0,0.0,90.0
20260724_230314__rp1__vinf25__inc0__toff56210__Om180__om0,0.8402307806320937,0.1772423335925868,24.423048348164095,248.0203883973705,281.3168016735262,21,0.0,2.3563326836510896,3,5.852233989855904e-05,81.4509211694784,90.0,8.549078830521594,8.549078830521594,26.702550321362413,65.47837547108998,21.316565196714656,50.161642455417066,3.64083943281992,1,1.0,0.0,180.0,0.0
20260724_230314__rp1__vinf25__inc0__toff56210__Om180__om180,1.2157219081036563,0.1377043458074422,22.6780512439203,118.94893148819487,489.6087322501646,14,0.0,6.8771172790574475,3,1.9054951394537056e-08,46.23825730732021,27.100685348240216,-19.137571959079995,19.137571959079995,3.2897364795219226,-55.012333036977196,15.967034703131688,-70.3290660526501,3.169313583958593,0,1.0,0.0,180.0,180.0
20260724_230314__rp1__vinf25__inc0__toff56210__Om180__om270,1.22865207282663,0.4026580718289208,16.977176963843306,243.7484308360593,497.44052937457633,15,0.0,6.436222546676677,1,2.2430228341363545e-08,46.23825730732021,18.797368824406544,-27.440888482913667,14.756825148151222,3.4635981218250675,-52.50058011416446,7.537340065122535,-67.81731312983737,4.177571687651104,1,1.0,0.0,180.0,270.0
20260724_230314__rp1__vinf25__inc0__toff56210__Om180__om90,1.0571721692992353,0.0796921273511961,23.26016182702425,8.873691288631282,397.0236454148517,22,0.0,1.2321545911746234,1,0.2815628262554215,70.81186354627908,48.11140308495899,-22.700460461320098,9.436414499704433,11.91788085943667,-0.2617574964895722,23.482978208191614,-15.578490512162485,3.3963717059987424,1,1.0,0.0,180.0,90.0
20260724_230314__rp1__vinf25__inc0__toff56210__Om270__om0,1.0571721692992353,0.0796921273511961,23.26016182702425,8.873691288631282,397.0236454148517,22,0.0,1.2321545911746234,1,0.2815628262554215,70.81186354627908,48.11140308495899,-22.700460461320098,9.436414499704433,11.91788085943667,-0.2617574964895722,23.482978208191614,-15.578490512162485,3.3963717059987424,1,1.0,0.0,270.0,0.0
20260724_230314__rp1__vinf25__inc0__toff56210__Om270__om180,1.22865207282663,0.4026580718289208,16.977176963843306,243.7484308360593,497.44052937457633,15,0.0,6.436222546676677,1,2.2430228341363545e-08,46.23825730732021,18.797368824406544,-27.440888482913667,14.756825148151222,3.4635981218250675,-52.50058011416446,7.537340065122535,-67.81731312983737,4.177571687651104,1,1.0,0.0,270.0,180.0
20260724_230314__rp1__vinf25__inc0__toff56210__Om270__om270,0.8389861099759565,0.1780816103940663,24.420525218851925,248.2920843157517,280.6919428748108,21,0.0,2.3978899456055274,3,6.0755670901357917e-05,81.4509211694784,90.0,8.549078830521594,8.549078830521594,26.806179448295588,65.98704599553112,21.27943711836545,50.67031297985821,3.647920086848917,1,1.0,0.0,270.0,270.0
20260724_230314__rp1__vinf25__inc0__toff56210__Om270__om90,1.2157219081036563,0.1377043458074422,22.6780512439203,118.94893148819487,489.6087322501646,14,0.0,6.8771172790574475,3,1.9054951394537056e-08,46.23825730732021,27.100685348240216,-19.137571959079995,19.137571959079995,3.2897364795219226,-55.012333036977196,15.967034703131688,-70.3290660526501,3.169313583958593,0,1.0,0.0,270.0,90.0
20260724_230314__rp1__vinf25__inc0__toff56210__Om90__om0,1.2286520729916692,0.4026580719453567,16.97717696786518,243.74843084660125,497.4405294748048,15,0.0,6.436222547283383,1,2.2430199919654115e-08,46.23825730732021,18.797368824406544,-27.440888482913667,14.756825148151222,3.4635981157869327,-52.50058012368727,7.537340065469394,-67.81731313936018,4.177571687993257,1,1.0,0.0,90.0,0.0
20260724_230314__rp1__vinf25__inc0__toff56210__Om90__om180,1.0571721692992353,0.0796921273511961,23.26016182702425,8.873691288631282,397.0236454148517,22,0.0,1.2321545911746234,1,0.2815628262554215,70.81186354627908,48.11140308495899,-22.700460461320098,9.436414499704433,11.91788085943667,-0.2617574964895722,23.482978208191614,-15.578490512162485,3.3963717059987424,1,1.0,0.0,90.0,180.0
20260724_230314__rp1__vinf25__inc0__toff56210__Om90__om270,1.2157219081036563,0.1377043458074422,22.6780512439203,118.94893148819487,489.6087322501646,14,0.0,6.8771172790574475,3,1.9054951394537056e-08,46.23825730732021,27.100685348240216,-19.137571959079995,19.137571959079995,3.2897364795219226,-55.012333036977196,15.967034703131688,-70.3290660526501,3.169313583958593,0,1.0,0.0,90.0,270.0
20260724_230314__rp1__vinf25__inc0__toff56210__Om90__om90,0.8402307806320937,0.1772423335925868,24.423048348164095,248.0203883973705,281.3168016735262,21,0.0,2.3563326836510896,3,5.852233989855904e-05,81.4509211694784,90.0,8.549078830521594,8.549078830521594,26.702550321362413,65.47837547108998,21.316565196714656,50.161642455417066,3.64083943281992,1,1.0,0.0,90.0,90.0
20260724_230314__rp1__vinf25__inc30__toff56210__Om0__om0,1.2207738200863505,0.1390250842805038,23.60512341779197,117.55929664794446,492.6637418294503,14,0.0,6.801133786137338,3,1.6362477595066593e-08,46.23825730732021,25.679288619456855,-20.558968687863356,20.558968687863356,3.0090071417348256,-55.35353887145251,16.469649945325983,-70.67027188712542,3.238330120011071,0,1.0,30.0,0.0,0.0
20260724_230314__rp1__vinf25__inc30__toff56210__Om0__om180,0.8197733503275207,0.174373694551653,22.88814917664737,243.1896286389792,271.1055973143645,22,0.0,2.8273478683900066,3,0.00010669021003195667,81.4509211694784,90.0,8.549078830521594,8.549078830521594,28.359899160125174,73.79491554105111,21.537042244673785,58.4781825253782,3.755973100541559,1,1.0,30.0,0.0,180.0
20260724_230314__rp1__vinf25__inc30__toff56210__Om0__om270,1.0608643581945791,0.0867764002018313,23.46600368231746,4.625761076104958,399.1053765186757,23,0.0,1.2792997492298657,1,0.4183938251206949,70.81186354627908,46.23825730732021,-24.573606238958874,9.436414499704433,11.720655237859402,-1.5016624199409647,23.421223698032776,-16.818395435613876,3.662714204187189,1,1.0,30.0,0.0,270.0
20260724_230314__rp1__vinf25__inc30__toff56210__Om180__om0,0.8569096376078124,0.1594847821946899,25.224662790756863,254.75328188206024,289.7345798405716,20,0.0,2.0897856612958705,3,3.4975209828758125e-05,81.4509211694784,90.0,8.549078830521594,8.549078830521594,25.29614776273602,58.63370376509757,21.403376123578965,43.316970749424655,3.4163686526414203,1,1.0,30.0,180.0,0.0
20260724_230314__rp1__vinf25__inc30__toff56210__Om180__om180,1.1943446128855637,0.1306129868765654,21.907497266832703,112.1612142488296,476.7517247392783,15,0.0,6.904699470757514,3,3.786149704865238e-08,48.11140308495899,10.887948130120165,-37.22345495483882,20.593484029048824,4.437636773530711,-53.528195128248704,15.894490402921619,-68.84492814392162,2.9013970328685548,0,1.0,30.0,180.0,180.0
20260724_230314__rp1__vinf25__inc30__toff56210__Om180__om270,1.0071546613949207,0.2310339676552107,18.466606483290494,194.43227000143,369.1832945011108,9,0.0,4.522075084190435,1,0.36490952919358577,64.15806723683289,70.81186354627908,6.653796309446193,3.558714820643914,15.496799780392523,17.02353517049886,23.802646303240582,1.7068021548259473,3.0552330177289404,0,1.0,30.0,180.0,270.0
20260724_230314__rp1__vinf25__inc30__toff56210__Om180__om90,1.048442972476589,0.0465835425322365,23.11785799702123,16.13185324037331,392.116402868904,18,0.0,1.1076216398102616,1,0.0709743509037759,70.81186354627908,52.08179734355447,-18.730066202724615,6.653796309446193,12.389973968047876,2.3271058647453615,23.013909397341244,-12.989627150927552,2.6196940634313397,1,1.0,30.0,180.0,90.0
20260724_230314__rp1__vinf25__inc30__toff56210__Om270__om0,1.0540096826800196,0.0754008978267992,24.837912603035235,5.873865344042113,395.2434588068049,19,0.0,1.5215410706722121,1,0.14951249315939696,70.81186354627908,50.05549481018513,-20.756368736093954,6.653796309446193,12.07899198816272,0.6491563672574995,24.460019038971744,-14.667576648415414,2.8210003424687597,0,1.0,30.0,270.0,0.0
20260724_230314__rp1__vinf25__inc30__toff56210__Om270__om270,0.8615603096153006,0.1279327614844384,25.958567374241397,251.52244567899425,292.09647492027443,19,0.0,1.826359988571312,3,2.9707568387493666e-05,81.4509211694784,90.0,8.549078830521594,8.549078830521594,24.780238738551,56.15949888258947,24.3660336001249,40.84276586691655,3.13452068222412,0,1.0,30.0,270.0,270.0
20260724_230314__rp1__vinf25__inc30__toff56210__Om270__om90,1.1808416910508028,0.1219460306630415,22.877032221591158,135.36472082687922,468.68958984274286,15,0.0,7.4176246828325105,3,5.842019135116061e-08,48.11140308495899,14.806506911897516,-33.30489617306147,18.180200170581408,5.18798891474062,-52.57198249938558,15.596696501263146,-67.8887155150585,2.8220523758607765,0,1.0,30.0,270.0,90.0
20260724_230314__rp1__vinf25__inc30__toff56210__Om90__om180,1.0551373262426265,0.0815416528939558,21.526536588870496,7.321934394706752,395.8779116049458,19,0.0,1.0591213114707845,1,0.24074531923971532,67.25314872563517,48.11140308495899,-19.141745640676184,5.87769967906052,12.065927463453818,0.6581219602930639,22.025228446754824,-14.658611055379849,2.8792189140007154,0,1.0,30.0,90.0,180.0
20260724_230314__rp1__vinf25__inc30__toff56210__Om90__om270,1.1828293207850151,0.1099649707187587,22.373653070288803,106.33395773993485,469.8734571792111,15,0.0,6.789581994696038,3,5.4553360939735285e-08,50.05549481018513,14.806506911897516,-35.248987898287616,18.180200170581408,5.02039435310707,-52.7847029062822,15.658387947237124,-68.10143592195512,2.704719658911673,0,1.0,30.0,90.0,270.0
20260724_230314__rp1__vinf25__inc30__toff56210__Om90__om90,0.8212291227064573,0.168331001703972,23.009150535273807,239.8219976000892,271.82807116066084,22,0.0,2.6775143247750037,3,0.00010192111582796315,81.4509211694784,90.0,8.549078830521594,8.549078830521594,28.197555739608884,72.99333144873074,22.605982615830143,57.67659843305783,3.807115750538189,1,1.0,30.0,90.0,90.0
20260724_230314__rp1__vinf25__inc60__toff56210__Om0__om0,1.2094448854315571,0.133908895300623,24.485631373186564,113.53303288279082,485.8217049650781,14,0.0,6.918150692582081,3,2.275163524245727e-08,48.11140308495899,28.540365484875558,-19.57103760008343,19.57103760008343,3.61364690566078,-54.594926624582754,17.117469797661144,-69.91165964025566,2.967863026094027,0,1.0,60.0,0.0,0.0
20260724_230314__rp1__vinf25__inc60__toff56210__Om0__om180,0.8356776993337052,0.1620853360786519,21.708096274348343,242.79302405703515,279.0332835003161,21,0.0,2.415864492568595,3,6.687653556980422e-05,81.4509211694784,90.0,8.549078830521594,8.549078830521594,27.01537246852661,67.12439986965958,19.95037238447955,51.807666853986674,3.5834404388905665,1,1.0,60.0,0.0,180.0
20260724_230314__rp1__vinf25__inc60__toff56210__Om0__om270,1.0552056692196097,0.0681230936928636,23.828453102398264,1.9360929623587528,395.9163747212107,20,0.0,1.3824755493244574,1,0.19456511838355217,70.81186354627908,48.11140308495899,-22.700460461320098,9.436414499704433,12.020893967483396,0.32348262857776144,23.125755549545048,-14.993250387095152,3.0857886301690973,1,1.0,60.0,0.0,270.0
20260724_230314__rp1__vinf25__inc60__toff56210__Om0__om90,1.0547690128542284,0.3064626622420451,35.28436687689766,168.41632152403855,395.6706479532742,16,0.0,8.699954971868706,1,1.7580595268076973,58.82116446134409,58.82116446134409,0.0,2.554284585230562,12.878881027133513,5.6050937546411665,51.05362984108875,-9.711639261031745,3.59380942938086,1,1.0,60.0,0.0,90.0
20260724_230314__rp1__vinf25__inc60__toff56210__Om180__om0,0.902865132291546,0.1400981266939008,25.02928135053442,256.8054920606443,313.3517412704291,17,0.0,1.1149845739392674,3,0.0018432211616996597,81.4509211694784,90.0,8.549078830521594,8.549078830521594,21.84299488187821,42.76869134979547,20.22625206546424,27.451958334122555,3.003559745576691,0,1.0,60.0,180.0,0.0
20260724_230314__rp1__vinf25__inc60__toff56210__Om180__om180,1.1495833831111957,0.1228611363710969,21.801635352225336,107.8097070385424,450.20312652562114,17,0.0,5.949767017110927,4,1.9745574775242858e-07,52.08179734355447,16.127620213160764,-35.9541771303937,13.87237978683924,6.835504265449943,-50.10241519976673,16.636389423431254,-65.41914821543965,2.7060814513863027,0,1.0,60.0,180.0,180.0
20260724_230314__rp1__vinf25__inc60__toff56210__Om180__om270,0.9849627104685555,0.1231505893678638,22.42128029069069,191.31998107914285,357.04871446165083,11,0.0,4.599146979910849,1,0.1353932615290354,67.25314872563517,81.4509211694784,14.197772443843235,6.286032751454115,16.34780034989093,20.0236587914148,24.40696582167194,4.706925775741887,1.8441335319552212,0,1.0,60.0,180.0,270.0
20260724_230314__rp1__vinf25__inc60__toff56210__Om180__om90,1.033685643618512,0.0113645559312411,22.94679848390054,174.20407891682322,383.8667689982679,14,0.0,5.1538228606023,1,0.2106446880276316,61.37544904657465,56.4426902380793,-4.93275880849535,2.554284585230562,13.27606041949841,6.522814998351796,22.186591753958062,-8.793918017321117,1.4332304139599092,0,1.0,60.0,180.0,90.0
20260724_230314__rp1__vinf25__inc60__toff56210__Om270__om0,1.048531503768287,0.0722286795773209,25.49660601614461,0.4152277611306864,392.1660698112756,19,0.0,1.751967988077464,1,0.08718322651876909,75.16488841802429,52.08179734355447,-23.08309107446982,11.006821181191398,12.38953216266305,2.2926785140712593,24.617563298218478,-13.024054501601654,2.58399148260165,0,1.0,60.0,270.0,0.0
20260724_230314__rp1__vinf25__inc60__toff56210__Om270__om270,0.912905161995006,0.0653323818560357,26.693681765289043,266.986776828976,318.5930404375122,16,0.0,1.077904329942939,3,0.004297188628946458,81.4509211694784,90.0,8.549078830521594,8.549078830521594,20.909143494373588,38.47552902099253,26.402253284391712,23.15879600531962,2.1676569486735704,0,1.0,60.0,270.0,270.0
20260724_230314__rp1__vinf25__inc60__toff56210__Om270__om90,1.085115916067469,0.0710230047365988,22.7815079626742,175.8946767471797,412.86872941336753,30,0.0,6.035799917585122,1,0.00024425946403994203,56.4426902380793,10.887948130120165,-45.554742107959136,7.9094206942863785,10.344986505416053,-44.59859334439255,14.296643268549559,-59.915326360065464,2.250532259552287,0,1.0,60.0,270.0,90.0
20260724_230314__rp1__vinf25__inc60__toff56210__Om90__om180,1.0448895194928995,0.0831335225584182,20.57096514108186,2.9896755008566074,390.1246122605296,18,0.0,1.171305304047909,1,0.03202849758582538,70.81186354627908,52.08179734355447,-18.730066202724615,6.653796309446193,12.67646935526646,3.8706091122620876,21.10957503971531,-11.446123903410825,2.701257036039692,0,1.0,60.0,90.0,180.0
20260724_230314__rp1__vinf25__inc60__toff56210__Om90__om270,1.1127834826785097,0.0512205992194697,22.56857575654453,93.75850370074954,428.75954008388817,20,0.0,3.568067426049258,1,2.11531196470105e-06,56.4426902380793,8.305109528050396,-48.13758071002891,13.20507873883709,8.789132756994007,-47.24690785741658,15.01003866303568,-62.5636408730895,2.026264476628484,0,1.0,60.0,90.0,270.0
20260724_230314__rp1__vinf25__inc60__toff56210__Om90__om90,0.8551349635215284,0.1250270693160757,22.21811363572306,226.81541846802315,288.8349783276016,20,0.0,1.5993276604782523,4,3.652336605597384e-05,75.16488841802429,90.0,14.83511158197571,14.83511158197571,25.304639450370935,58.82534451281699,23.93240386324427,43.508611497144074,3.375868338399358,1,1.0,60.0,90.0,90.0
20260724_230314__rp1__vinf25__inc90__toff56210__Om0__om0,1.1772659322221586,0.1252240913966323,25.0309489453478,109.74909730634548,466.5623128615644,15,0.0,6.941612392502954,3,6.426401455428277e-08,50.05549481018513,16.127620213160764,-33.92787459702437,18.390487627900495,5.345225284644352,-52.28156535738605,17.924990916509444,-67.59829837305897,2.760188645530005,0,1.0,90.0,0.0,0.0
20260724_230314__rp1__vinf25__inc90__toff56210__Om0__om180,0.8788611617889438,0.15365579959948,21.23358097873141,251.0089509120795,300.93881013357617,18,0.0,1.5801786910561404,3,1.7823777419323505e-05,75.16488841802429,90.0,14.83511158197571,14.83511158197571,23.68151538566121,51.20850142455285,16.784802967300536,35.89176840887994,3.261878031455553,0,1.0,90.0,0.0,180.0
20260724_230314__rp1__vinf25__inc90__toff56210__Om0__om270,1.0430618641829552,0.0242511247677732,24.29211784213035,6.704870548149323,389.1014876736795,16,0.0,1.4466660571297378,1,0.025228211471789663,70.81186354627908,54.2046324563124,-16.60723108996668,6.653796309446193,12.689147962218135,3.767575386690187,23.250105615305934,-11.549157628982726,2.079421699817183,1,1.0,90.0,0.0,270.0
20260724_230314__rp1__vinf25__inc90__toff56210__Om0__om90,0.9925526791889474,0.1780156481890582,26.122062629564624,190.55752359359167,361.1836972589813,11,0.0,5.538917147542161,1,0.17629417929370916,64.15806723683289,81.4509211694784,17.292853932645514,6.653796309446193,16.01143485976238,18.855769961479194,29.574954731645903,3.5390369458062807,2.403046972749061,0,1.0,90.0,0.0,90.0
20260724_230314__rp1__vinf25__inc90__toff56210__Om180__om0,0.9574639247350012,0.1045961363117977,23.6140236225175,248.07870878843852,342.20111462742886,13,0.0,1.6185755406940565,1,0.04398867887606528,70.81186354627908,90.0,19.188136453720915,8.549078830521594,18.05941295836449,26.776115195477466,19.534691761826622,11.459382179804553,2.504304639718083,0,1.0,90.0,180.0,0.0
20260724_230314__rp1__vinf25__inc90__toff56210__Om180__om180,1.0848161950851398,0.1232561191583555,23.267050384527,109.1961994526656,412.69768288188914,30,0.0,4.214976691151033,1,0.0002192845093063056,58.82116446134409,9.594068226860466,-49.227096234483625,9.203300597546077,10.442773693353546,-44.29870615310619,19.3471326988437,-59.615439168779105,2.647297176935844,0,1.0,90.0,180.0,180.0
20260724_230314__rp1__vinf25__inc90__toff56210__Om180__om270,0.9867033899497228,0.0597684987591693,23.54533781748833,208.969168571488,357.995626269556,11,0.0,4.099576154500202,1,0.11806788687139047,67.25314872563517,81.4509211694784,14.197772443843235,6.286032751454115,16.097864196751182,18.813608124450443,23.23152650103782,3.4968751087775303,1.8301237341638283,0,1.0,90.0,180.0,270.0
20260724_230314__rp1__vinf25__inc90__toff56210__Om180__om90,1.0171471922182729,0.0870365275082731,22.695123883817345,194.25607339666823,374.6912033394558,11,0.0,4.945694283462881,1,0.3753133788293308,64.15806723683289,64.15806723683289,0.0,0.0,14.289793085387114,11.416187928266034,22.2727508277964,-3.900545087406879,1.852481106297894,0,1.0,90.0,180.0,90.0
20260724_230314__rp1__vinf25__inc90__toff56210__Om270__om0,1.0392987052256029,0.0688878397653064,24.87022922748258,355.259784557538,386.99768732980647,16,0.0,1.8459832586651963,1,0.06662686352243874,75.16488841802429,56.4426902380793,-18.72219817994499,7.911739692389119,12.937839338767107,5.078533218279167,23.871541327310013,-10.238199797393746,2.4102283781227065,0,1.0,90.0,270.0,0.0
20260724_230314__rp1__vinf25__inc90__toff56210__Om270__om180,1.2552873052083546,0.278516643644611,21.91340289879636,125.46287925999,513.7034655372762,14,0.0,7.3467709276997475,1,6.352969705858413e-09,42.670233871257594,21.510188266887486,-21.160045604370108,21.160045604370108,0.972713780214813,-56.394318625425626,21.265611795200954,-71.71105164109854,3.82130554866924,1,1.0,90.0,270.0,180.0
20260724_230314__rp1__vinf25__inc90__toff56210__Om270__om270,0.97957402474805,0.0268472102752401,26.52186168859928,21.621149455589222,354.1226300675599,11,0.0,2.630924391085509,1,0.07590149781550792,81.4509211694784,90.0,8.549078830521594,8.549078830521594,16.44737081244909,20.20921212609502,28.952765513403875,4.892479110422109,1.229323875800396,0,1.0,90.0,270.0,270.0
20260724_230314__rp1__vinf25__inc90__toff56210__Om270__om90,0.9775396042754644,0.0826321168521266,21.696738916449377,252.1897015872358,353.0200179265997,12,0.0,1.6106059322642459,1,0.008181798508701377,70.81186354627908,90.0,19.188136453720915,8.549078830521594,16.760995805813444,21.490196382078214,18.043952030080565,6.173463366405301,2.353839653143789,0,1.0,90.0,270.0,90.0
20260724_230314__rp1__vinf25__inc90__toff56210__Om90__om0,0.6320888270397769,0.6767726095326126,26.534202749564543,289.6538810460891,183.55446822746535,36,0.0,22.300753361352292,2,0.022740821135300848,90.0,90.0,0.0,0.0,64.8279737071176,286.5077139125338,166.07908976821966,271.1909808968609,5.527759750890199,1,1.0,90.0,90.0,0.0
20260724_230314__rp1__vinf25__inc90__toff56210__Om90__om180,1.0247496655894464,0.081172062803933,21.075238783235022,359.2037148593962,378.89988045773794,14,0.0,1.6325091057256582,1,0.19092224679619285,70.81186354627908,61.37544904657465,-9.436414499704433,3.558714820643914,13.851790980121018,9.406066176878458,21.688494951193633,-5.910666838794455,2.536700635317209,0,1.0,90.0,90.0,180.0
20260724_230314__rp1__vinf25__inc90__toff56210__Om90__om270,1.0425902385894783,0.0183234437037671,23.02619013483301,304.65547122622627,388.83761625671934,16,0.0,0.5871019224198664,4,0.012632552831709276,67.25314872563517,54.2046324563124,-13.048516269322768,3.095081488802279,12.790552120319925,3.9985275476561304,20.931171131626137,-11.318205468016782,1.3675278183861526,0,1.0,90.0,90.0,270.0
20260724_230314__rp1__vinf25__inc90__toff56210__Om90__om90,0.949158593245518,0.0873433458011896,22.72581917569132,168.89908626496856,337.7582504337624,14,0.0,4.097198217318908,1,0.011552367766011429,67.25314872563517,90.0,22.74685127436483,8.549078830521594,18.551786978102236,28.83458922121836,28.0809240712525,13.517856205545446,2.5672508242377123,0,1.0,90.0,90.0,90.0
20260724_230314__rp1__vinf25__incm30__toff56210__Om0__om0,1.1943446138774223,0.1306129875853597,21.907497266363485,112.1612141499992,476.751725333165,15,0.0,6.904699465860563,3,3.7861930479721195e-08,48.11140308495899,10.887948130120165,-37.22345495483882,20.593484029048824,4.437636729818655,-53.52819519678532,15.89449041257403,-68.84492821245823,2.9013970359242,0,1.0,-30.0,0.0,0.0
20260724_230314__rp1__vinf25__incm30__toff56210__Om0__om180,0.8569093706646417,0.1594845789215196,25.22466322412208,254.75335211484105,289.734444454077,20,0.0,2.0897938553387903,3,3.4975492575028966e-05,81.4509211694784,90.0,8.549078830521594,8.549078830521594,25.296166924890088,58.63379566407503,21.403392301255376,43.317062648402114,3.416369006410003,1,1.0,-30.0,0.0,180.0
20260724_230314__rp1__vinf25__incm30__toff56210__Om0__om270,1.0484429740564551,0.0465835412976444,23.117857980436817,16.131854413114983,392.116403755206,18,0.0,1.1076215840629082,1,0.07097435331862245,70.81186354627908,52.08179734355447,-18.730066202724615,6.653796309446193,12.389973876599859,2.327105550492173,23.013909343809736,-12.989627465180739,2.619694071877574,1,1.0,-30.0,0.0,270.0
20260724_230314__rp1__vinf25__incm30__toff56210__Om0__om90,1.0071546621875218,0.2310339676239344,18.466606481262367,194.4322701616972,369.1832949369154,9,0.0,4.522075091552729,1,0.36490952952577516,64.15806723683289,70.81186354627908,6.653796309446193,3.558714820643914,15.496799732684432,17.023534989088414,23.802646224321148,1.7068019734155015,3.055233017893718,0,1.0,-30.0,0.0,90.0
20260724_230314__rp1__vinf25__incm30__toff56210__Om180__om0,0.8197733631051011,0.1743736995099565,22.888149162171278,243.18962434768588,271.1056036528364,22,0.0,2.8273474022017595,3,0.00010669017086684107,81.4509211694784,90.0,8.549078830521594,8.549078830521594,28.35989814345504,73.79491036267888,21.537042362419065,58.47817734700597,3.755973068099645,1,1.0,-30.0,180.0,0.0
20260724_230314__rp1__vinf25__incm30__toff56210__Om180__om180,1.2207738189767918,0.1390250832301064,23.605123415606897,117.55929667023427,492.6637411577789,14,0.0,6.801133791652013,3,1.6363635779725882e-08,46.23825730732021,25.679288619456855,-20.558968687863356,20.558968687863356,3.009007188057847,-55.3535388014953,16.46964992406719,-70.67027181716821,3.2383301520946803,0,1.0,-30.0,180.0,180.0
20260724_230314__rp1__vinf25__incm30__toff56210__Om180__om90,1.0608643683459476,0.0867763972576129,23.46600390060198,4.625752511644676,399.1053822472106,23,0.0,1.2792996732046458,1,0.4183937758921288,70.81186354627908,46.23825730732021,-24.573606238958874,9.436414499704433,11.720654699470897,-1.501664233981983,23.42122268275353,-16.818397249654897,3.662675458711135,1,1.0,-30.0,180.0,90.0
20260724_230314__rp1__vinf25__incm30__toff56210__Om270__om0,1.055137326063661,0.0815416527050335,21.52653659328717,7.321934324607122,395.87791150422646,19,0.0,1.0591213151430061,1,0.24074531933230126,67.25314872563517,48.11140308495899,-19.141745640676184,5.87769967906052,12.065927473121993,0.6581219919804736,22.02522844649559,-14.658611023692439,2.87921891297068,0,1.0,-30.0,270.0,0.0
20260724_230314__rp1__vinf25__incm30__toff56210__Om270__om270,0.8212313422162909,0.1683326090763938,23.009174944929104,239.82395219018076,271.82917315303047,22,0.0,2.6775040052039287,3,0.00010191467488596118,81.4509211694784,90.0,8.549078830521594,8.549078830521594,28.197382310945407,72.99245571726132,22.605403139763858,57.67572270158841,3.8071078290882263,1,1.0,-30.0,270.0,270.0
20260724_230314__rp1__vinf25__incm30__toff56210__Om270__om90,1.1828272797648502,0.1099670752003093,22.373662772086217,106.3344835268186,469.872241001056,15,0.0,6.789415118266293,3,5.4553829897940886e-08,50.05549481018513,14.806506911897516,-35.248987898287616,18.180200170581408,5.020495780642191,-52.78453895135722,15.658519173045704,-68.10127196703013,2.704711831117788,0,1.0,-30.0,270.0,90.0
20260724_230314__rp1__vinf25__incm30__toff56210__Om90__om180,1.0540096825949326,0.0754008978341476,24.837912603107064,5.873865284399483,395.2434587589447,19,0.0,1.5215410727905638,1,0.1495124929161341,70.81186354627908,50.05549481018513,-20.756368736093954,6.653796309446193,12.078991993049046,0.6491563836144856,24.460019038468452,-14.667576632058427,2.8210003425325665,0,1.0,-30.0,90.0,180.0
20260724_230314__rp1__vinf25__incm30__toff56210__Om90__om270,1.180841692093734,0.1219460290240485,22.877032184920157,135.36472094047147,468.6895904636698,15,0.0,7.417624680174777,3,5.8419622916972e-08,48.11140308495899,14.806506911897516,-33.30489617306147,18.180200170581408,5.187988859987138,-52.5719825874149,15.596696392743368,-67.88871560308782,2.82205238029099,0,1.0,-30.0,90.0,270.0
20260724_230314__rp1__vinf25__incm30__toff56210__Om90__om90,0.8615603095947448,0.1279327613322763,25.958567371606115,251.52244562237092,292.0964749098208,19,0.0,1.8263599875118146,3,2.970756778353234e-05,81.4509211694784,90.0,8.549078830521594,8.549078830521594,24.78023873958376,56.15949888717559,24.36603361338059,40.84276587150268,3.134520681779392,0,1.0,-30.0,90.0,90.0
20260724_230314__rp1__vinf25__incm60__toff56210__Om0__om0,1.1495833812929388,0.122861135772987,21.801635344951077,107.8097076635122,450.2031254575148,17,0.0,5.949767030750067,4,1.9745545642990692e-07,52.08179734355447,16.127620213160764,-35.9541771303937,13.87237978683924,6.8355043520646355,-50.102415054065666,16.636389426923067,-65.41914806973858,2.706081444714272,0,1.0,-60.0,0.0,0.0
20260724_230314__rp1__vinf25__incm60__toff56210__Om0__om180,0.9028651318570988,0.1400981266536202,25.0292813563672,256.80549227383835,313.35174104425795,17,0.0,1.1149845874489657,3,0.0018432212119279257,81.4509211694784,90.0,8.549078830521594,8.549078830521594,21.842994911655982,42.768691483139825,20.226252075381694,27.451958467466913,3.0035597471819067,0,1.0,-60.0,0.0,180.0
20260724_230314__rp1__vinf25__incm60__toff56210__Om0__om270,1.03368564334836,0.0113645556646063,22.9467984773925,174.20407730258054,383.86676884778353,14,0.0,5.1538228524172975,1,0.21064468620625387,61.37544904657465,56.4426902380793,-4.93275880849535,2.554284585230562,13.276060437676973,6.522815065269814,22.186591788362545,-8.793917950403099,1.4332304140385417,0,1.0,-60.0,0.0,270.0
20260724_230314__rp1__vinf25__incm60__toff56210__Om0__om90,0.9849627111419348,0.123150589645288,22.42128029183523,191.3199813330404,357.0487148278005,11,0.0,4.599146986144044,1,0.13539326216196912,67.25314872563517,81.4509211694784,14.197772443843235,6.286032751454115,16.34780030928745,20.023658633922427,24.406965760210433,4.706925618249514,1.8441335302383643,0,1.0,-60.0,0.0,90.0
20260724_230314__rp1__vinf25__incm60__toff56210__Om180__om0,0.8356776989132403,0.1620853359738584,21.708096272818235,242.7930242181536,279.0332832897259,21,0.0,2.4158645073720777,3,6.687653676351601e-05,81.4509211694784,90.0,8.549078830521594,8.549078830521594,27.015372501237103,67.12440003238359,19.950372373203443,51.80766701671068,3.5834404401451105,1,1.0,-60.0,180.0,0.0
20260724_230314__rp1__vinf25__incm60__toff56210__Om180__om180,1.209444885742804,0.1339088951516866,24.48563137041081,113.53303277563448,485.8217051526152,14,0.0,6.918150690162836,3,2.2751294181944104e-08,48.11140308495899,28.540365484875558,-19.57103760008343,19.57103760008343,3.613646891089337,-54.5949266474149,17.117469785169746,-69.91165966308782,2.96786302718427,0,1.0,-60.0,180.0,180.0
20260724_230314__rp1__vinf25__incm60__toff56210__Om180__om270,1.0547690126006208,0.3064626622023936,35.28436687415806,168.4163215727898,395.6706478105722,16,0.0,8.699954970816595,1,1.7580595290779417,58.82116446134409,58.82116446134409,0.0,2.554284585230562,12.878881040675521,5.605093801729011,51.05362983410092,-9.7116392139439,3.593809429168401,1,1.0,-60.0,180.0,270.0
20260724_230314__rp1__vinf25__incm60__toff56210__Om180__om90,1.055205667892377,0.0681230940310231,23.82845310434144,1.936091946307061,395.91637397423807,20,0.0,1.3824755794356403,1,0.19456511512955596,70.81186354627908,48.11140308495899,-22.700460461320098,9.436414499704433,12.020894043953335,0.3234828837187057,23.12575554215865,-14.993250131954207,3.085788623374192,1,1.0,-60.0,180.0,90.0
20260724_230314__rp1__vinf25__incm60__toff56210__Om270__om0,1.044889519290759,0.0831335227848865,20.570965144234663,2.989675481072204,390.1246121473214,18,0.0,1.171305308711057,1,0.03202849732520274,70.81186354627908,52.08179734355447,-18.730066202724615,6.653796309446193,12.676469366968584,3.8706091533300966,21.10957505363587,-11.446123862342816,2.7012570372908105,0,1.0,-60.0,270.0,0.0
20260724_230314__rp1__vinf25__incm60__toff56210__Om270__om270,0.8551349758441349,0.125027073251742,22.21811366600732,226.8154230186693,288.8349845708263,20,0.0,1.5993274579961536,4,3.652335206538737e-05,75.16488841802429,90.0,14.83511158197571,14.83511158197571,25.304638525061833,58.82534008895252,23.932402390480075,43.508607073279606,3.3758682961584103,1,1.0,-60.0,270.0,270.0
20260724_230314__rp1__vinf25__incm60__toff56210__Om270__om90,1.1127834818815998,0.0512205992144381,22.568575766254963,93.7585028630468,428.7595396233098,20,0.0,3.5680673740634656,1,2.1153118723304942e-06,56.4426902380793,8.305109528050396,-48.13758071002891,13.20507873883709,8.789132798566255,-47.24690778577465,15.01003869116505,-62.56364080144756,2.0262644732064072,0,1.0,-60.0,270.0,90.0
20260724_230314__rp1__vinf25__incm60__toff56210__Om90__om180,1.048531504128326,0.0722286792309514,25.496606014368545,0.4152276967621435,392.1660700132653,19,0.0,1.7519679807415276,1,0.08718322673674361,75.16488841802429,52.08179734355447,-23.08309107446982,11.006821181191398,12.389532142420064,2.292678443739812,24.61756326956986,-13.024054571933101,2.583991480604851,0,1.0,-60.0,90.0,180.0
20260724_230314__rp1__vinf25__incm60__toff56210__Om90__om270,1.085115915460948,0.0710230049948214,22.78150796138459,175.8946772218354,412.86872906721067,30,0.0,6.0357999140682645,1,0.00024425946654105246,56.4426902380793,10.887948130120165,-45.554742107959136,7.9094206942863785,10.34498653670204,-44.59859328453028,14.296643263559957,-59.91532630020319,2.250532256701278,0,1.0,-60.0,90.0,270.0
20260724_230314__rp1__vinf25__incm60__toff56210__Om90__om90,0.912905161931398,0.0653323817972668,26.69368176522393,266.9867768526089,318.5930404042146,16,0.0,1.077904331702456,3,0.004297188643121785,81.4509211694784,90.0,8.549078830521594,8.549078830521594,20.90914349858542,38.47552903938254,26.402253291990476,23.15879602370963,2.1676569487190203,0,1.0,-60.0,90.0,90.0
20260724_230314__rp1__vinf25__incm90__toff56210__Om0__om0,1.0848161951763962,0.1232561193091184,23.267050383218,109.19619951590155,412.6976829339642,30,0.0,4.214976695512165,1,0.00021928450932051646,58.82116446134409,9.594068226860466,-49.227096234483625,9.203300597546077,10.442773688924113,-44.29870616102056,19.34713270113879,-59.61543917669347,2.6472971776903806,0,1.0,-90.0,0.0,0.0
20260724_230314__rp1__vinf25__incm90__toff56210__Om0__om180,0.9574639245559132,0.1045961362613512,23.614023623318488,248.0787089558961,342.20111453141897,13,0.0,1.6185755274100053,1,0.04398867901072734,70.81186354627908,90.0,19.188136453720915,8.549078830521594,18.059412969332737,26.776115240914688,19.534691760876647,11.459382225241775,2.504304640310875,0,1.0,-90.0,0.0,180.0
20260724_230314__rp1__vinf25__incm90__toff56210__Om0__om270,1.017147191563554,0.0870365275884788,22.69512388254681,194.25607379650577,374.691202977683,11,0.0,4.945694269533012,1,0.37531338026954586,64.15806723683289,64.15806723683289,0.0,0.0,14.289793122489911,11.416188065682736,22.272750808319575,-3.900544949990177,1.8524811066695197,0,1.0,-90.0,0.0,270.0
20260724_230314__rp1__vinf25__incm90__toff56210__Om0__om90,0.9867033895925392,0.0597684989846475,23.54533781571805,208.9691688573373,357.99562607516606,11,0.0,4.099576141187983,1,0.1180678874394232,67.25314872563517,81.4509211694784,14.197772443843235,6.286032751454115,16.09786421798384,18.81360820880223,23.231526490125887,3.4968751931293163,1.8301237373223624,0,1.0,-90.0,0.0,90.0
20260724_230314__rp1__vinf25__incm90__toff56210__Om180__om0,0.8788612612474278,0.1536558992461835,21.23358135887124,251.00892574850383,300.93886121829803,18,0.0,1.580176037023186,3,1.782372155645362e-05,75.16488841802429,90.0,14.83511158197571,14.83511158197571,23.681508634621455,51.20847011085952,16.784797945842733,35.89173709518661,3.2618779397511117,0,1.0,-90.0,180.0,0.0
20260724_230314__rp1__vinf25__incm90__toff56210__Om180__om180,1.1772659335877746,0.1252240902782962,25.030948945833423,109.74909752886248,466.5623136733754,15,0.0,6.941612391916328,3,6.426421350624878e-08,50.05549481018513,16.127620213160764,-33.92787459702437,18.390487627900495,5.34522521573581,-52.281565468166306,17.924990825021524,-67.59829848383922,2.760188650777234,0,1.0,-90.0,180.0,180.0
20260724_230314__rp1__vinf25__incm90__toff56210__Om180__om270,0.9925526775180326,0.178015649263573,26.12206261439045,190.5575231060072,361.1836963469281,11,0.0,5.538917135384748,1,0.17629417634772793,64.15806723683289,81.4509211694784,17.292853932645514,6.653796309446193,16.011434967742307,18.85577037970041,29.574954967163826,3.5390373640274966,2.40304698390301,0,1.0,-90.0,180.0,270.0
20260724_230314__rp1__vinf25__incm90__toff56210__Om180__om90,1.0430618659817663,0.0242511233558177,24.292117848557712,6.704868281758895,389.1014886802163,16,0.0,1.4466660505479858,1,0.025228210203785295,70.81186354627908,54.2046324563124,-16.60723108996668,6.653796309446193,12.689147868718148,3.767575053654259,23.250105459258744,-11.549157962018654,2.079421709690307,1,1.0,-90.0,180.0,90.0
20260724_230314__rp1__vinf25__incm90__toff56210__Om270__om0,1.0247496655859156,0.0811720628141655,21.075238783024883,359.20371486110275,378.8998804557798,14,0.0,1.6325091057874133,1,0.19092224680483127,70.81186354627908,61.37544904657465,-9.436414499704433,3.558714820643914,13.851790980339024,9.406066177710656,21.688494951506705,-5.910666837962257,2.536700635371586,0,1.0,-90.0,270.0,0.0
20260724_230314__rp1__vinf25__incm90__toff56210__Om270__om180,0.6325032191346662,0.6769644251320224,26.5696176598701,289.7140296234347,183.73500294659632,36,0.0,22.279505058202133,2,0.02252692091008157,90.0,90.0,0.0,0.0,64.77420264381561,286.0872293284122,166.17917844796375,270.7704963127393,5.527127622139912,1,1.0,-90.0,270.0,180.0
20260724_230314__rp1__vinf25__incm90__toff56210__Om270__om270,0.9491585933253992,0.0873433459072344,22.725819171658443,168.89908643005438,337.75825047640114,14,0.0,4.097198219765758,1,0.011552367886469739,67.25314872563517,90.0,22.74685127436483,8.549078830521594,18.551786973006212,28.834589201299,28.08092404832749,13.517856185626087,2.5672508243456047,0,1.0,-90.0,270.0,270.0
20260724_230314__rp1__vinf25__incm90__toff56210__Om270__om90,1.0425902382143473,0.0183234434752258,23.026190133948298,304.65547204765244,388.83761604685975,16,0.0,0.5871019141833855,4,0.012632553347182718,67.25314872563517,54.2046324563124,-13.048516269322768,3.095081488802279,12.790552139637828,3.998527613677048,20.931171158535662,-11.318205401995865,1.3675278163844404,0,1.0,-90.0,270.0,90.0
20260724_230314__rp1__vinf25__incm90__toff56210__Om90__om0,1.2552872985440486,0.2785166268838689,21.91340241671738,125.4628662400309,513.7034614464075,14,0.0,7.346770190008272,1,6.353033654704632e-09,42.670233871257594,21.510188266887486,-21.160045604370108,21.160045604370108,0.9727139577812327,-56.39431839809891,21.2656115785571,-71.71105141377183,3.821305482116243,1,1.0,-90.0,90.0,0.0
20260724_230314__rp1__vinf25__incm90__toff56210__Om90__om180,1.0392987052548557,0.0688878396560935,24.87022922681471,355.25978459842486,386.9976873461456,16,0.0,1.84598325770434,1,0.06662686318685296,75.16488841802429,56.4426902380793,-18.72219817994499,7.911739692389119,12.937839336857195,5.078533211442299,23.871541327245815,-10.238199804230614,2.410228377502073,0,1.0,-90.0,90.0,180.0
20260724_230314__rp1__vinf25__incm90__toff56210__Om90__om270,0.9775396039715724,0.0826321168539712,21.696738914501267,252.18970204796204,353.0200177619824,12,0.0,1.610605901790004,1,0.008181798460086043,70.81186354627908,90.0,19.188136453720915,8.549078830521594,16.760995823840837,21.49019645454806,18.043952019331787,6.173463438875146,2.353839654696888,0,1.0,-90.0,90.0,270.0
20260724_230314__rp1__vinf25__incm90__toff56210__Om90__om90,0.9795740253223412,0.0268472107482326,26.52186168361976,21.621150292040674,354.1226303789751,11,0.0,2.6309243552021417,1,0.07590149758877018,81.4509211694784,90.0,8.549078830521594,8.549078830521594,16.447370775023128,20.209211986689084,28.95276551942841,4.892478971016171,1.2293238751752598,0,1.0,-90.0,90.0,90.0
20260724_230314__rp1p25__vinf25__inc0__toff56210__Om0__om0,1.139611428300529,0.1097279958269257,22.6566062063143,121.10707595795,444.3579802162967,17,0.0,6.2720304668754885,5,2.828439988888931e-07,52.08179734355447,4.460843697873993,-47.62095364568048,14.33652512653255,7.395243206071158,-49.3477802674646,16.489209795520594,-64.66451328313751,2.61094517170886,0,1.25,0.0,0.0,0.0
20260724_230314__rp1p25__vinf25__inc0__toff56210__Om0__om180,0.8700169264085589,0.1375989728610842,23.99133811884373,249.69568348883087,296.4076057751051,19,0.0,1.6452682274767838,3,2.3105682323887322e-05,81.4509211694784,90.0,8.549078830521594,8.549078830521594,24.21712816194748,53.60246891215074,21.328564931357917,38.28573589647783,3.26266956315536,1,1.25,0.0,0.0,180.0
20260724_230314__rp1p25__vinf25__inc0__toff56210__Om0__om270,1.034326046719651,0.0720597760599867,23.32297593955382,0.5500178329807434,384.22355184872447,15,0.0,1.7149913484298214,1,0.18072118056775466,75.16488841802429,56.4426902380793,-18.72219817994499,7.911739692389119,13.248580580931796,6.592152464582892,23.23405093485143,-8.724580551090021,3.344992806564294,1,1.25,0.0,0.0,270.0
20260724_230314__rp1p25__vinf25__inc0__toff56210__Om180__om0,0.8700169264085589,0.1375989728610842,23.99133811884373,249.69568348883087,296.4076057751051,19,0.0,1.6452682274767838,3,2.3105682323887322e-05,81.4509211694784,90.0,8.549078830521594,8.549078830521594,24.21712816194748,53.60246891215074,21.328564931357917,38.28573589647783,3.26266956315536,1,1.25,0.0,180.0,0.0
20260724_230314__rp1p25__vinf25__inc0__toff56210__Om180__om180,1.1396191212263784,0.1097337364712567,22.6562353293491,121.10140862799754,444.3624796693688,17,0.0,6.274171478287226,5,2.827752751954904e-07,52.08179734355447,4.460843697873993,-47.62095364568048,14.33652512653255,7.39488692215526,-49.34839667000297,16.48919680549612,-64.66512968567588,2.610970008115423,0,1.25,0.0,180.0,180.0
20260724_230314__rp1p25__vinf25__inc0__toff56210__Om180__om90,1.034326046719651,0.0720597760599867,23.32297593955382,0.5500178329807434,384.22355184872447,15,0.0,1.7149913484298214,1,0.18072118056775466,75.16488841802429,56.4426902380793,-18.72219817994499,7.911739692389119,13.248580580931796,6.592152464582892,23.23405093485143,-8.724580551090021,3.344992806564294,1,1.25,0.0,180.0,90.0
20260724_230314__rp1p25__vinf25__inc0__toff56210__Om270__om0,1.034326046719651,0.0720597760599867,23.32297593955382,0.5500178329807434,384.22355184872447,15,0.0,1.7149913484298214,1,0.18072118056775466,75.16488841802429,56.4426902380793,-18.72219817994499,7.911739692389119,13.248580580931796,6.592152464582892,23.23405093485143,-8.724580551090021,3.344992806564294,1,1.25,0.0,270.0,0.0
20260724_230314__rp1p25__vinf25__inc0__toff56210__Om270__om270,0.8700176917603276,0.1375995869768831,23.991333255622923,249.69557440921167,296.4079968987632,19,0.0,1.6452489853502783,3,2.3105134587808607e-05,81.4509211694784,90.0,8.549078830521594,8.549078830521594,24.21707436896688,53.60221697547537,21.328502238176707,38.28548395980246,3.262668783270158,1,1.25,0.0,270.0,270.0
20260724_230314__rp1p25__vinf25__inc0__toff56210__Om270__om90,1.1396191212263784,0.1097337364712567,22.6562353293491,121.10140862799754,444.3624796693688,17,0.0,6.274171478287226,5,2.827752751954904e-07,52.08179734355447,4.460843697873993,-47.62095364568048,14.33652512653255,7.39488692215526,-49.34839667000297,16.48919680549612,-64.66512968567588,2.610970008115423,0,1.25,0.0,270.0,90.0
20260724_230314__rp1p25__vinf25__inc0__toff56210__Om90__om180,1.034326046719651,0.0720597760599867,23.32297593955382,0.5500178329807434,384.22355184872447,15,0.0,1.7149913484298214,1,0.18072118056775466,75.16488841802429,56.4426902380793,-18.72219817994499,7.911739692389119,13.248580580931796,6.592152464582892,23.23405093485143,-8.724580551090021,3.344992806564294,1,1.25,0.0,90.0,180.0
20260724_230314__rp1p25__vinf25__inc0__toff56210__Om90__om270,1.1396191212263784,0.1097337364712567,22.6562353293491,121.10140862799754,444.3624796693688,17,0.0,6.274171478287226,5,2.827752751954904e-07,52.08179734355447,4.460843697873993,-47.62095364568048,14.33652512653255,7.39488692215526,-49.34839667000297,16.48919680549612,-64.66512968567588,2.610970008115423,0,1.25,0.0,90.0,270.0
20260724_230314__rp1p25__vinf25__inc0__toff56210__Om90__om90,0.8700169264085589,0.1375989728610842,23.99133811884373,249.69568348883087,296.4076057751051,19,0.0,1.6452682274767838,3,2.3105682323887322e-05,81.4509211694784,90.0,8.549078830521594,8.549078830521594,24.21712816194748,53.60246891215074,21.328564931357917,38.28573589647783,3.26266956315536,1,1.25,0.0,90.0,90.0
20260724_230314__rp1p25__vinf25__inc30__toff56210__Om0__om0,1.1342690812432146,0.1090245911423501,23.508372220718197,129.2823260407385,441.2370082395548,18,0.0,5.891720180724746,1,4.1766126912534673e-07,52.08179734355447,13.493398821551693,-38.58839852200278,13.607286526688522,7.680197485761528,-48.89900586637333,16.81513988171058,-64.21573888204624,2.510693863885688,0,1.25,30.0,0.0,0.0
20260724_230314__rp1p25__vinf25__inc30__toff56210__Om0__om180,0.8629276686507381,0.1376532258964597,22.80568024532191,245.43668287428028,292.79211835471625,19,0.0,1.735489385047039,3,2.8920059222059535e-05,81.4509211694784,90.0,8.549078830521594,8.549078830521594,24.764650681263735,56.21739285637844,20.8072953193,40.90065984070553,3.3874596386520244,1,1.25,30.0,0.0,180.0
20260724_230314__rp1p25__vinf25__inc30__toff56210__Om0__om270,1.0350111872928878,0.0790299940686158,23.429425368618386,355.64085190463527,384.60538125518616,15,0.0,1.763657646930092,1,0.1687114554405298,75.16488841802429,56.4426902380793,-18.72219817994499,7.911739692389119,13.224719598767777,6.4846672490296555,23.01452234682006,-8.832065766643257,3.9156569279321136,1,1.25,30.0,0.0,270.0
20260724_230314__rp1p25__vinf25__inc30__toff56210__Om180__om0,0.8969880083875188,0.1259757707159539,24.844330706731817,252.7733423050648,310.2971209216654,17,0.0,1.115324929903025,3,0.0007096767836429763,75.16488841802429,90.0,14.83511158197571,14.83511158197571,22.199786251430314,44.35836735634125,21.47920793363913,29.041634340668335,2.9529849041652474,0,1.25,30.0,180.0,0.0
20260724_230314__rp1p25__vinf25__inc30__toff56210__Om180__om180,1.1129925521898048,0.0926226695778279,22.538115229427586,124.9193277859137,428.8803786286503,20,0.0,5.272036900276082,1,1.723551115162536e-06,54.2046324563124,14.806506911897516,-39.39812554441489,10.872781707559339,8.832041967799558,-47.11572501982384,16.25335737479803,-62.43245803549675,2.3994402558784564,0,1.25,30.0,180.0,180.0
20260724_230314__rp1p25__vinf25__inc30__toff56210__Om180__om270,1.109567669202077,0.1260513462061587,19.49260634846359,158.51364534766907,426.9022864967411,21,0.0,5.963719554416802,1,2.48277854097978e-06,54.2046324563124,9.594068226860466,-44.61056422945194,10.553818060386641,9.093361371643224,-46.61825227229757,14.085138496459379,-61.93498528797048,2.056120021645805,0,1.25,30.0,180.0,270.0
20260724_230314__rp1p25__vinf25__inc30__toff56210__Om180__om90,1.0297931270169631,0.0453649679019415,23.227832037529197,3.6660972457105263,381.7005395109562,14,0.0,1.6617353547104479,1,0.27106335432000783,75.16488841802429,58.82116446134409,-16.3437239566802,7.911739692389119,13.486962214713214,7.7035991442057155,22.983150453863637,-7.6131338714671974,2.53501622203057,1,1.25,30.0,180.0,90.0
20260724_230314__rp1p25__vinf25__inc30__toff56210__Om270__om0,1.0333854643885405,0.0682164482203513,24.56597991538923,0.1896396114726772,383.6995704898404,15,0.0,1.8881420504844453,1,0.18668314752679294,75.16488841802429,58.82116446134409,-16.3437239566802,7.911739692389119,13.279688066452307,6.7599000546688,24.199723911694456,-8.556832961004112,2.481813774233696,0,1.25,30.0,270.0,0.0
20260724_230314__rp1p25__vinf25__inc30__toff56210__Om270__om270,0.8969181960291718,0.1106525939409017,25.17460406404148,256.3083918179548,310.2608961024478,17,0.0,1.1873046266729474,3,0.0006520210012084249,81.4509211694784,90.0,8.549078830521594,8.549078830521594,22.14911169544469,44.08636128354121,22.56661275344502,28.769628267868296,2.783527797894377,0,1.25,30.0,270.0,270.0
20260724_230314__rp1p25__vinf25__inc30__toff56210__Om270__om90,1.1096381133545017,0.0948846391074167,23.118013329152262,146.79441687916488,426.9429418545229,20,0.0,6.113062568196986,1,2.046552822321246e-06,54.2046324563124,4.460843697873993,-49.74378875843841,11.66677651528677,9.010692898580778,-46.801250342109576,15.90979302505334,-62.11798335778249,2.3438549656523757,0,1.25,30.0,270.0,90.0
20260724_230314__rp1p25__vinf25__inc30__toff56210__Om90__om180,1.0334743363711858,0.0759319392743221,21.97677433616926,359.37770817975843,383.74906926240993,14,0.0,1.5701668185757143,1,0.12689150759860635,70.81186354627908,56.4426902380793,-14.369173308199784,3.558714820643914,13.319175054046958,6.971920970278202,22.118452771718996,-8.344812045394711,2.508517218925132,0,1.25,30.0,90.0,180.0
20260724_230314__rp1p25__vinf25__inc30__toff56210__Om90__om270,1.1138937987568034,0.0827156663043742,22.714453114022533,117.36756928114649,429.4014133901158,20,0.0,4.916666295540079,1,1.6477129847203287e-06,54.2046324563124,14.806506911897516,-39.39812554441489,10.872781707559339,8.764499167902905,-47.24070469362921,16.129129855677093,-62.55743770930212,2.2491198251094926,0,1.25,30.0,90.0,270.0
20260724_230314__rp1p25__vinf25__inc30__toff56210__Om90__om90,0.8659161826219678,0.1380571956979456,23.043402845638965,241.1732212991742,294.3144426302206,19,0.0,1.5534257706564603,3,2.63334302843532e-05,81.4509211694784,90.0,8.549078830521594,8.549078830521594,24.535596845876007,55.14396582814054,21.54605046515442,39.82723281246763,3.342116158764914,1,1.25,30.0,90.0,90.0
20260724_230314__rp1p25__vinf25__inc60__toff56210__Om0__om0,1.1261329084099994,0.1003541102927509,24.058422084588013,124.30816516531256,436.498006990873,18,0.0,5.689987491541292,6,5.78434907083647e-07,54.2046324563124,3.1847385367204106,-51.01989391959199,14.272864587001688,8.108027944731312,-48.242495199756156,17.17184950272494,-63.55922821542907,2.4881943993500197,0,1.25,60.0,0.0,0.0
20260724_230314__rp1p25__vinf25__inc60__toff56210__Om0__om180,0.8759707252518351,0.1325190522698373,22.030239580742293,248.5187014527,299.45542063710747,18,0.0,1.5367579923785613,3,1.922728417724784e-05,81.4509211694784,90.0,8.549078830521594,8.549078830521594,23.785303101807013,51.652331294995385,19.254121121528645,36.33559827932247,3.146026120964268,1,1.25,60.0,0.0,180.0
20260724_230314__rp1p25__vinf25__inc60__toff56210__Om0__om270,1.034164683072055,0.0632707225997747,23.64490971074631,355.382459762423,384.1336421497976,15,0.0,1.7452997186064678,1,0.16251452506570896,75.16488841802429,56.4426902380793,-18.72219817994499,7.911739692389119,13.252388653752837,6.561939514034427,22.94046377321913,-8.754793501638485,3.2034578856380262,1,1.25,60.0,0.0,270.0
20260724_230314__rp1p25__vinf25__inc60__toff56210__Om0__om90,1.4031641089025164,0.2524034648577438,33.794837447127954,102.666329754652,607.1003616489927,11,0.0,7.5572218142087095,2,7.915446076367516e-11,,,,,-6.2231447221754115,-64.80017210973469,23.68964881699064,-80.1169051254076,3.3753541420060102,1,1.25,60.0,0.0,90.0
20260724_230314__rp1p25__vinf25__inc60__toff56210__Om180__om0,0.9363813841882804,0.1049029466359916,24.46661598901243,255.23867448392627,330.9610966834782,15,0.0,0.7726935659135634,1,0.019879200360541915,75.16488841802429,90.0,14.83511158197571,8.549078830521594,19.4369239227793,32.39116546197557,20.616814094199302,17.074432446302655,2.557001461421831,0,1.25,60.0,180.0,0.0
20260724_230314__rp1p25__vinf25__inc60__toff56210__Om180__om180,1.074836377300498,0.0800379693594953,22.711355735629866,120.14672751664168,407.0158530523272,37,0.0,4.517708108106255,1,1.1934041790873327,58.82116446134409,36.07819997184264,-22.742964489501446,4.6165320050316865,10.937126128749467,-9.01113350565041,25.861639392368865,-24.327866521323323,2.232876782333056,0,1.25,60.0,180.0,180.0
20260724_230314__rp1p25__vinf25__inc60__toff56210__Om180__om270,1.0098265541376292,0.0629366800120909,22.461331951581847,185.14664128923096,370.6533846486202,9,0.0,4.87573170052524,1,0.39170758722460164,64.15806723683289,67.25314872563517,3.095081488802279,3.095081488802279,14.704261610941039,13.055625947024643,22.921665092147745,-2.26110706864827,1.059058953357777,0,1.25,60.0,180.0,270.0
20260724_230314__rp1p25__vinf25__inc60__toff56210__Om180__om90,1.0212679647229934,0.0045773361250728,23.045927020066458,234.85481856753023,376.97048993647127,13,0.0,3.295523849665141,1,0.3796485710453972,64.15806723683289,61.37544904657465,-2.7826181902582405,2.7826181902582405,13.999826486995373,9.882294868785666,22.38010998227238,-5.434438146887247,1.4911540369937193,1,1.25,60.0,180.0,90.0
20260724_230314__rp1p25__vinf25__inc60__toff56210__Om270__om0,1.03030171337716,0.0628770803439574,25.005299967030265,356.13342017659664,381.9833414392031,14,0.0,2.005085114003146,1,0.3306312338757271,75.16488841802429,58.82116446134409,-16.3437239566802,7.911739692389119,13.456725346421477,7.592698568313509,24.276909088513072,-7.724034447359404,2.304299577187531,0,1.25,60.0,270.0,0.0
20260724_230314__rp1p25__vinf25__inc60__toff56210__Om270__om180,1.9877412711579152,0.4667687337844575,25.735680124296668,80.5256341433014,1023.6171954431102,7,0.0,6.560959275672197,1,2.0037305148434825e-12,,,,,-25.228739578932835,-79.56819302164732,20.860117116560573,-94.88492603732023,4.262339018774076,1,1.25,60.0,270.0,180.0
20260724_230314__rp1p25__vinf25__inc60__toff56210__Om270__om270,0.9342107874147264,0.0610362951145989,25.69229095971196,270.41843106844766,329.8109777933102,15,0.0,0.7587222531754314,3,0.014597585188354856,75.16488841802429,90.0,14.83511158197571,14.83511158197571,19.477669250488518,32.40295883500131,24.646971679260492,17.086225819328394,1.9119403774480277,0,1.25,60.0,270.0,270.0
20260724_230314__rp1p25__vinf25__inc60__toff56210__Om270__om90,1.055908222515762,0.0648516926269389,22.984548227774344,179.26605961244982,396.3118407265478,24,0.0,5.651563352213216,1,0.026522800972620945,58.82116446134409,48.11140308495899,-10.709761376385103,2.3784742232647886,11.991309480367152,-0.013867494287180154,22.09346755075024,-15.330600509960092,1.7372113352352487,0,1.25,60.0,270.0,90.0
20260724_230314__rp1p25__vinf25__inc60__toff56210__Om90__om0,2.800094320269848,0.7486733149294379,11.84974990575103,350.146929279466,1711.4207030617165,5,0.0,5.401325281699528,1,1.1334577720845118e-10,,,,,-42.020407718472114,-85.3700225894206,21.869851032630308,-100.68675560509351,5.036511327935747,1,1.25,60.0,90.0,0.0
20260724_230314__rp1p25__vinf25__inc60__toff56210__Om90__om180,1.0252208626937196,0.074549376050432,21.329434416593315,354.5265397135755,379.1612472887227,14,0.0,1.6450255772547084,1,0.18202413466416978,70.81186354627908,61.37544904657465,-9.436414499704433,3.558714820643914,13.819059498483973,9.209460178032316,21.339946692589287,-6.107272837640597,2.37942785873112,0,1.25,60.0,90.0,180.0
20260724_230314__rp1p25__vinf25__inc60__toff56210__Om90__om270,1.0726044778309278,0.0366870580329051,22.743541922682702,107.21329467692875,405.74875779121743,33,0.0,3.721207567508328,1,1.2651457883978656,58.82116446134409,37.66988696432963,-21.151277497014462,4.360892894524831,11.029953757839294,-7.74872623117517,23.386170603786958,-23.065459246848082,1.7176106187280424,0,1.25,60.0,90.0,270.0
20260724_230314__rp1p25__vinf25__inc60__toff56210__Om90__om90,0.8925047398921524,0.1038967772351045,22.536004036402577,225.27510383051523,307.9736691712091,17,0.0,1.6798773641461189,1,4.154417266022392e-05,75.16488841802429,90.0,14.83511158197571,14.83511158197571,22.46215070284886,45.64614061014989,23.322131065712195,30.32940759447698,2.9411409997729003,1,1.25,60.0,90.0,90.0
20260724_230314__rp1p25__vinf25__inc90__toff56210__Om0__om0,1.09867879659415,0.0858079973802433,24.279300017110007,120.46912260210702,420.6335458769395,23,0.0,5.018256269687671,1,6.894304675597596e-06,56.4426902380793,8.305109528050396,-48.13758071002891,9.643082224518118,9.595029369875665,-45.83180915868948,17.5313368952471,-61.14854217436239,2.3103119983616414,0,1.25,90.0,0.0,0.0
20260724_230314__rp1p25__vinf25__inc90__toff56210__Om0__om180,0.9118711433859068,0.1185073432477466,21.98958793499782,252.59514663463432,318.051903453196,16,0.0,0.8918612721067873,4,0.005038067673488911,75.16488841802429,90.0,14.83511158197571,14.83511158197571,21.175375585728798,39.911990377147106,18.274772473254192,24.595257361474193,2.7977280089660272,0,1.25,90.0,0.0,180.0
20260724_230314__rp1p25__vinf25__inc90__toff56210__Om0__om270,1.0263457713260968,0.0258666456606861,23.920275366156527,351.6923387943637,379.78546215739664,13,0.0,1.7851587466654184,1,0.2801968734250089,75.16488841802429,58.82116446134409,-16.3437239566802,7.911739692389119,13.692287289563591,8.508498689188565,23.038506515926763,-6.808234326484348,2.063692865768984,1,1.25,90.0,0.0,270.0
20260724_230314__rp1p25__vinf25__inc90__toff56210__Om0__om90,1.041478728489976,0.0904580822448439,25.6568508550211,166.7700813806214,388.21596974215856,16,0.0,5.9369932058392045,1,0.4359555022802155,61.37544904657465,54.2046324563124,-7.170816590262248,2.554284585230562,12.825457172360805,4.574353467120394,26.557944617169895,-10.742379548552519,1.507024699662149,0,1.25,90.0,0.0,90.0
20260724_230314__rp1p25__vinf25__inc90__toff56210__Om180__om0,0.9788070387921488,0.0715409593302242,23.267322995668888,247.0797988620758,353.70680557988044,12,0.0,2.018786998255992,1,0.002772360841142074,70.81186354627908,90.0,19.188136453720915,8.549078830521594,16.634404890455855,20.943233535231787,20.386375809845212,5.626500519558874,2.0717059921372707,0,1.25,90.0,180.0,0.0
20260724_230314__rp1p25__vinf25__inc90__toff56210__Om180__om180,1.0224015320418476,0.0710090883088055,24.266882458011604,127.26622794045616,377.5982977174378,13,0.0,4.213704611935139,1,0.6117070892893626,64.15806723683289,61.37544904657465,-2.7826181902582405,2.7826181902582405,13.952835956072843,9.74437815940714,28.108113515899817,-5.572354856265774,2.1831759462731304,0,1.25,90.0,180.0,180.0
20260724_230314__rp1p25__vinf25__inc90__toff56210__Om180__om270,0.9980425001855654,0.0340565807228973,23.30601169610711,217.28113277086277,364.1844041239227,5,0.0,3.8459744669006586,1,0.2356806045716855,67.25314872563517,70.81186354627908,3.558714820643914,3.558714820643914,15.388026339178017,15.81568260291382,22.783078134624112,0.498949587240908,1.4185361512608288,0,1.25,90.0,180.0,270.0
20260724_230314__rp1p25__vinf25__inc90__toff56210__Om180__om90,1.0091850656783532,0.0633450096039718,22.86224221702312,194.71343180766596,370.3002565251756,9,0.0,4.7630026220085,1,0.3514067873727491,64.15806723683289,67.25314872563517,3.095081488802279,3.095081488802279,14.738139519207229,13.205820774708297,22.6212237727583,-2.110912240964616,1.8108881665066288,0,1.25,90.0,180.0,90.0
20260724_230314__rp1p25__vinf25__inc90__toff56210__Om270__om0,1.0222814442538617,0.0565676618296912,24.372366216572463,350.8125355035259,377.5317725636345,12,0.0,2.035083534043739,1,0.35010682048059927,75.16488841802429,61.37544904657465,-13.789439371449639,4.353024871745205,13.943088487120644,9.718220023556924,23.632490561139576,-5.598512992115989,2.0182082972924182,0,1.25,90.0,270.0,0.0
20260724_230314__rp1p25__vinf25__inc90__toff56210__Om270__om180,1.2644657237540924,0.2235724490613928,21.717353260176797,107.87378085522428,519.3479028946989,13,0.0,6.505239669806113,1,4.572605405428476e-09,42.670233871257594,18.797368824406544,-23.87286504685105,23.87286504685105,0.05323697896641176,-57.57481847476184,18.612102595658342,-72.89155149043475,3.3295343621419526,1,1.25,90.0,270.0,180.0
20260724_230314__rp1p25__vinf25__inc90__toff56210__Om270__om270,0.980115224157343,0.0190243141303081,25.444351697554985,353.5512074193533,354.4161414643102,11,0.0,2.877517651219362,1,0.09298341028275559,81.4509211694784,90.0,8.549078830521594,8.549078830521594,16.46519973911136,20.133730074509288,26.902196940658133,4.816997058836375,1.0702701848753826,0,1.25,90.0,270.0,270.0
20260724_230314__rp1p25__vinf25__inc90__toff56210__Om270__om90,0.9891239541889636,0.0587822960846479,22.04144133724035,242.85285565471565,359.3137771771839,10,0.0,2.355252418484117,1,0.12439130427407363,67.25314872563517,75.16488841802429,7.911739692389119,4.353024871745205,15.98993957131615,18.306748174825625,19.753135370396755,2.990015159152712,1.7361861622414998,0,1.25,90.0,270.0,90.0
20260724_230314__rp1p25__vinf25__inc90__toff56210__Om90__om0,0.6995832539017209,0.4459891336273008,27.25808449930504,322.4977062884298,213.7257737524971,31,0.0,15.574838645789868,1,0.00326546859932364,90.0,90.0,0.0,0.0,44.07068272399401,160.32366306865546,78.08726791422342,145.00693005298254,4.837666103228624,1,1.25,90.0,90.0,0.0
20260724_230314__rp1p25__vinf25__inc90__toff56210__Om90__om180,1.0131849381249898,0.0669541343062658,21.864130628991777,352.724863674075,372.50394616806807,10,0.0,1.9201760719228744,1,0.2807760720706387,75.16488841802429,64.15806723683289,-11.006821181191398,4.353024871745205,14.522304341249034,12.300078175130777,22.056478187948656,-3.0166548405421363,2.2932477625034915,0,1.25,90.0,90.0,180.0
20260724_230314__rp1p25__vinf25__inc90__toff56210__Om90__om270,1.0299139630034797,0.0145259085033708,23.143614859815536,285.76057126019447,381.76772462760624,15,0.0,0.6885615307200581,3,0.1788653079689828,67.25314872563517,58.82116446134409,-8.431984264291081,3.095081488802279,13.522249858625381,7.5240433490001335,21.441902162987603,-7.792689666672779,1.1904864321118425,0,1.25,90.0,90.0,270.0
20260724_230314__rp1p25__vinf25__inc90__toff56210__Om90__om90,0.9605395562739848,0.0670371175348912,23.189020875940937,171.72411035677396,343.8513010378075,13,0.0,4.304187527965746,1,0.012972370092672492,67.25314872563517,90.0,22.74685127436483,8.549078830521594,17.773686794014534,25.59683487653668,27.0862522084875,10.280101860863766,2.321061668385706,0,1.25,90.0,90.0,90.0
20260724_230314__rp1p25__vinf25__incm30__toff56210__Om0__om0,1.1129925526364088,0.0926226698419522,22.538115224941865,124.91932795605943,428.8803788867919,20,0.0,5.272036911593943,1,1.7235504827795012e-06,54.2046324563124,14.806506911897516,-39.39812554441489,10.872781707559339,8.832041945286736,-47.11572505883839,16.2533573659623,-62.4324580745113,2.3994402576775102,0,1.25,-30.0,0.0,0.0
20260724_230314__rp1p25__vinf25__incm30__toff56210__Om0__om180,0.89698800847795,0.1259757708900018,24.844330710589748,252.77334238503207,310.29712096859004,17,0.0,1.1153249299570547,3,0.000709676789441005,75.16488841802429,90.0,14.83511158197571,14.83511158197571,22.1997862455799,44.358367330541185,21.47920791620302,29.041634314868272,2.952984904450308,0,1.25,-30.0,0.0,180.0
20260724_230314__rp1p25__vinf25__incm30__toff56210__Om0__om270,1.0297931255585948,0.045364969085449,23.227832031803512,3.666096120719821,381.7005387001233,14,0.0,1.6617353931990912,1,0.2710633587367095,75.16488841802429,58.82116446134409,-16.3437239566802,7.911739692389119,13.486962301694088,7.703599456120751,22.98315047958716,-7.613133559552162,2.535016213774406,1,1.25,-30.0,0.0,270.0
20260724_230314__rp1p25__vinf25__incm30__toff56210__Om0__om90,1.1095676682457725,0.1260513471290239,19.4926063545096,158.5136452662008,426.9022859448388,21,0.0,5.963719546477585,1,2.4827790099379854e-06,54.2046324563124,9.594068226860466,-44.61056422945194,10.553818060386641,9.09336142401194,-46.618252178994055,14.085138554270308,-61.934985194666965,2.056120026560219,0,1.25,-30.0,0.0,90.0
20260724_230314__rp1p25__vinf25__incm30__toff56210__Om180__om0,0.8629390698088006,0.1376652646845733,22.80567847933653,245.4374894368332,292.79792100834794,19,0.0,1.7352539994252254,3,2.8910041358187755e-05,81.4509211694784,90.0,8.549078830521594,8.549078830521594,24.763847690798634,56.21359652911076,20.806051878018476,40.89686351343785,3.387454558356076,1,1.25,-30.0,180.0,0.0
20260724_230314__rp1p25__vinf25__incm30__toff56210__Om180__om180,1.1342690679297591,0.1090245828007694,23.508372154175724,129.2823238579596,441.237000471042,18,0.0,5.891719968182747,1,4.176610914896628e-07,52.08179734355447,13.493398821551693,-38.58839852200278,13.607286526688522,7.680198132213997,-48.89900477533417,16.815139927747552,-64.21573779100709,2.5106937842873505,0,1.25,-30.0,180.0,180.0
20260724_230314__rp1p25__vinf25__incm30__toff56210__Om180__om90,1.0350111877496022,0.0790299945578778,23.429425370204903,355.64085199980696,384.6053815097556,15,0.0,1.7636576407126423,1,0.16871145411050126,75.16488841802429,56.4426902380793,-18.72219817994499,7.911739692389119,13.224719573441137,6.484667155795104,23.014522346420744,-8.832065859877808,3.915656930656839,1,1.25,-30.0,180.0,90.0
20260724_230314__rp1p25__vinf25__incm30__toff56210__Om270__om0,1.033474336483359,0.0759319391966541,21.97677433728807,359.3777081174182,383.749069324888,14,0.0,1.5701668167162897,1,0.12689150772047508,70.81186354627908,56.4426902380793,-14.369173308199784,3.558714820643914,13.319175047714909,6.971920947299239,22.11845276217474,-8.344812068373674,2.508517218487221,0,1.25,-30.0,270.0,0.0
20260724_230314__rp1p25__vinf25__incm30__toff56210__Om270__om270,0.865916182713057,0.1380571955134143,23.04340285055204,241.17322120117512,294.3144426766608,19,0.0,1.5534257661349855,3,2.6333430696467985e-05,81.4509211694784,90.0,8.549078830521594,8.549078830521594,24.535596838316046,55.14396579161101,21.54605049027232,39.8272327759381,3.34211615778275,1,1.25,-30.0,270.0,270.0
20260724_230314__rp1p25__vinf25__incm30__toff56210__Om270__om90,1.1138937987947244,0.082715666335122,22.71445311352052,117.3675693131417,429.4014134120434,20,0.0,4.9166662973833875,1,1.6477142281701163e-06,54.2046324563124,14.806506911897516,-39.39812554441489,10.872781707559339,8.764499165983764,-47.240704696907265,16.129129854992563,-62.55743771258018,2.249119825259604,0,1.25,-30.0,270.0,90.0
20260724_230314__rp1p25__vinf25__incm30__toff56210__Om90__om180,1.0333854636029165,0.0682164480838615,24.565979914668432,0.1896402274780153,383.69957005228287,15,0.0,1.8881420608631174,1,0.18668314518799622,75.16488841802429,58.82116446134409,-16.3437239566802,7.911739692389119,13.279688108881034,6.759900206737417,24.19972398474236,-8.556832808935496,2.481813773484346,0,1.25,-30.0,90.0,180.0
20260724_230314__rp1p25__vinf25__incm30__toff56210__Om90__om270,1.10963811296614,0.0948846397420029,23.11801332737889,146.79441681046248,426.9429416303847,20,0.0,6.113062563279187,1,2.0465531562763317e-06,54.2046324563124,4.460843697873993,-49.74378875843841,11.66677651528677,9.010692920188593,-46.801250303714255,15.909793057312044,-62.117983319387164,2.343854963826142,0,1.25,-30.0,90.0,270.0
20260724_230314__rp1p25__vinf25__incm30__toff56210__Om90__om90,0.8969181950335438,0.1106525929191253,25.174604058978364,256.3083918362321,310.26089558583806,17,0.0,1.187304646799113,3,0.0006520210197535903,81.4509211694784,90.0,8.549078830521594,8.549078830521594,22.14911176218411,44.086361581701254,22.566612860546503,28.76962856602834,2.783527798239561,0,1.25,-30.0,90.0,90.0
20260724_230314__rp1p25__vinf25__incm60__toff56210__Om0__om0,1.0748363778934251,0.0800379698410865,22.711355739762546,120.14672759752528,407.0158533891191,37,0.0,4.517708118776762,1,1.1934041797299937,58.82116446134409,36.07819997184264,-22.742964489501446,4.6165320050316865,10.937126097766079,-9.011133599423976,25.861639397645888,-24.327866615096887,2.232876785047871,0,1.25,-60.0,0.0,0.0
20260724_230314__rp1p25__vinf25__incm60__toff56210__Om0__om180,0.9363813836900374,0.1049029471999296,24.46661599309663,255.2386744160011,330.9610964193246,15,0.0,0.7726935618689907,1,0.01987920024068046,75.16488841802429,90.0,14.83511158197571,8.549078830521594,19.436923957019896,32.391165607436434,20.616814086905148,17.07443259176352,2.5570014661054064,0,1.25,-60.0,0.0,180.0
20260724_230314__rp1p25__vinf25__incm60__toff56210__Om0__om270,1.0212679646489864,0.0045773361912788,23.04592702035196,234.85481940414448,376.970489895495,13,0.0,3.2955238106533127,1,0.37964857058319446,64.15806723683289,61.37544904657465,-2.7826181902582405,2.7826181902582405,13.999826489571175,9.882294877378797,22.38010997093231,-5.434438138294116,1.491154036181539,1,1.25,-60.0,0.0,270.0
20260724_230314__rp1p25__vinf25__incm60__toff56210__Om0__om90,1.009826554105422,0.062936679984447,22.461331951578483,185.1466412677624,370.6533846308878,9,0.0,4.875731700214127,1,0.3917075872377431,64.15806723683289,67.25314872563517,3.095081488802279,3.095081488802279,14.704261612831045,13.055625954026583,22.921665094726137,-2.26110706164633,1.0590589531990957,0,1.25,-60.0,0.0,90.0
20260724_230314__rp1p25__vinf25__incm60__toff56210__Om180__om0,0.8759707125117374,0.1325190450766983,22.03023953160521,248.51870673562223,299.4554141041985,18,0.0,1.5367583846049087,3,1.9227290607659597e-05,81.4509211694784,90.0,8.549078830521594,8.549078830521594,23.78530400014189,51.652335487218224,19.254121321451464,36.335602471545315,3.146026147245901,1,1.25,-60.0,180.0,0.0
20260724_230314__rp1p25__vinf25__incm60__toff56210__Om180__om180,1.126132908410452,0.1003541103004359,24.058422084386013,124.30816518048572,436.49800699113626,18,0.0,5.689987491572257,6,5.784345873394159e-07,54.2046324563124,3.1847385367204106,-51.01989391959199,14.272864587001688,8.108027944702954,-48.2424951997574,17.171849502407397,-63.55922821543031,2.488194399343471,0,1.25,-60.0,180.0,180.0
20260724_230314__rp1p25__vinf25__incm60__toff56210__Om180__om270,1.4031641081056083,0.2524034653683607,33.794837447363506,102.66632986249532,607.1003611318013,11,0.0,7.557221819215783,2,7.94102561485488e-11,,,,,-6.223144689432892,-64.80017206837775,23.68964886843463,-80.11690508405066,3.3753541399398577,1,1.25,-60.0,180.0,270.0
20260724_230314__rp1p25__vinf25__incm60__toff56210__Om180__om90,1.034164683065793,0.0632707225476806,23.6449097108988,355.3824597817164,384.1336421463086,15,0.0,1.7452997185699441,1,0.16251452492022533,75.16488841802429,56.4426902380793,-18.72219817994499,7.911739692389119,13.252388653992163,6.561939514787483,22.94046377440876,-8.75479350088543,3.2034578853410896,1,1.25,-60.0,180.0,90.0
20260724_230314__rp1p25__vinf25__incm60__toff56210__Om270__om0,1.0252208625293684,0.074549375840538,21.329434417920293,354.52653959362584,379.16124719754873,14,0.0,1.6450255795791335,1,0.18202413495329672,70.81186354627908,61.37544904657465,-9.436414499704433,3.558714820643914,13.81905950786218,9.209460211070533,21.339946687286545,-6.107272804602379,2.379427857553279,0,1.25,-60.0,270.0,0.0
20260724_230314__rp1p25__vinf25__incm60__toff56210__Om270__om180,2.8000948538228903,0.7486763226422638,11.84987345695396,350.1481923698412,1711.4211922240415,5,4.263256414560601e-14,5.401295441125043,1,1.1259260190854548e-10,,,,,-42.020354679927244,-85.36996614324576,21.87049782776407,-100.68669915891867,5.036521938823638,1,1.25,-60.0,270.0,180.0
20260724_230314__rp1p25__vinf25__incm60__toff56210__Om270__om270,0.8925047402018904,0.1038967774041066,22.536004036621577,225.27510404986387,307.97366933152955,17,0.0,1.6798773596647436,1,4.1544175445551446e-05,75.16488841802429,90.0,14.83511158197571,14.83511158197571,22.46215068116503,45.646140513466555,23.322131017997194,30.329407497793643,2.9411409990490265,1,1.25,-60.0,270.0,270.0
20260724_230314__rp1p25__vinf25__incm60__toff56210__Om270__om90,1.0726044785153457,0.0366870573958,22.74354192540332,107.21329454480606,405.7487581795736,33,0.0,3.721207569257686,1,1.265145784555604,58.82116446134409,37.66988696432963,-21.151277497014462,4.360892894524831,11.029953720781817,-7.7487263477750385,23.386170543320308,-23.06545936344795,1.7176106221852498,0,1.25,-60.0,270.0,90.0
20260724_230314__rp1p25__vinf25__incm60__toff56210__Om90__om0,1.9877414188592812,0.4667687395008996,25.735679900614677,80.52562568045703,1023.6173095346649,7,1.4210854715202004e-14,6.560959035888629,1,1.5631940186722204e-12,,,,,-25.22874374935226,-79.56819559240313,20.8601147584141,-94.88492860807604,4.262339160010352,1,1.25,-60.0,90.0,0.0
20260724_230314__rp1p25__vinf25__incm60__toff56210__Om90__om180,1.0303017130440717,0.0628770806405783,25.00529996298221,356.1334204552204,381.98334125396485,14,0.0,2.005085120238391,1,0.33063123339881706,75.16488841802429,58.82116446134409,-16.3437239566802,7.911739692389119,13.456725364862749,7.592698636021096,24.276909123069093,-7.724034379651817,2.3042995789075382,0,1.25,-60.0,90.0,180.0
20260724_230314__rp1p25__vinf25__incm60__toff56210__Om90__om270,1.0559082225312757,0.0648516927290094,22.98454822798428,179.26605959365128,396.31184073528186,24,0.0,5.65156335267752,1,0.026522801369006328,58.82116446134409,48.11140308495899,-10.709761376385103,2.3784742232647886,11.991309479702679,-0.01386749623789139,22.09346755386914,-15.330600511910804,1.7372113352970793,0,1.25,-60.0,90.0,270.0
20260724_230314__rp1p25__vinf25__incm60__toff56210__Om90__om90,0.934210788403687,0.0610362950206036,25.69229095227977,270.4184300656747,329.8109783170197,15,0.0,0.7587222150367019,3,0.014597584553278864,75.16488841802429,90.0,14.83511158197571,14.83511158197571,19.47766918694559,32.40295856127809,24.646971630491,17.086225545605178,1.9119403720739665,0,1.25,-60.0,90.0,90.0
20260724_230314__rp1p25__vinf25__incm90__toff56210__Om0__om0,1.0224015316943764,0.0710090882232284,24.266882457666316,127.26622821222897,377.5982975249432,13,0.0,4.213704620241929,1,0.6117070907217865,64.15806723683289,61.37544904657465,-2.7826181902582405,2.7826181902582405,13.952835975646238,9.74437822884932,28.10811351266598,-5.572354786823594,2.1831759457820934,0,1.25,-90.0,0.0,0.0
20260724_230314__rp1p25__vinf25__incm90__toff56210__Om0__om180,0.9788070387149064,0.0715409595893837,23.267322994635244,247.07979880415863,353.7068055380112,12,0.0,2.0187870006799145,1,0.002772360983666289,70.81186354627908,90.0,19.188136453720915,8.549078830521594,16.634404895667057,20.943233556411084,20.386375800107608,5.626500540738171,2.0717059938883136,0,1.25,-90.0,0.0,180.0
20260724_230314__rp1p25__vinf25__incm90__toff56210__Om0__om270,1.0091850656160808,0.0633450096791938,22.86224221748051,194.71343177567303,370.3002564909012,9,0.0,4.76300262207787,1,0.3514067873040041,64.15806723683289,67.25314872563517,3.095081488802279,3.095081488802279,14.738139523015732,13.205820789077057,22.62122377847524,-2.1109122265958558,1.810888166927934,0,1.25,-90.0,0.0,270.0
20260724_230314__rp1p25__vinf25__incm90__toff56210__Om0__om90,0.9980425011865705,0.0340565800806111,23.30601169348946,217.2811309760013,364.1844046718208,5,0.0,3.8459745446021607,1,0.2356806025106195,67.25314872563517,70.81186354627908,3.558714820643914,3.558714820643914,15.388026283252442,15.815682385238023,22.783078176184837,0.4989493695651106,1.418536141370099,0,1.25,-90.0,0.0,90.0
20260724_230314__rp1p25__vinf25__incm90__toff56210__Om180__om0,0.9118711438180288,0.1185073433563601,21.989587936925464,252.5951468420164,318.0519036792758,16,0.0,0.8918612676031685,4,0.005038067737437757,75.16488841802429,90.0,14.83511158197571,14.83511158197571,21.175375556293872,39.91199024870283,18.274772437545742,24.595257233029916,2.7977280075517106,0,1.25,-90.0,180.0,0.0
20260724_230314__rp1p25__vinf25__incm90__toff56210__Om180__om180,1.0986787979135153,0.0858079970079632,24.279300032154005,120.46912178503926,420.6335466346259,23,0.0,5.018256243154968,1,6.89430407163627e-06,56.4426902380793,8.305109528050396,-48.13758071002891,9.643082224518118,9.595029301506768,-45.8318092838944,17.531336876564055,-61.14854229956731,2.310312004267037,0,1.25,-90.0,180.0,180.0
20260724_230314__rp1p25__vinf25__incm90__toff56210__Om180__om270,1.041478728977254,0.0904580818332711,25.65685085232216,166.770081564708,388.2159700146112,16,0.0,5.936993211836432,1,0.43595550469559097,61.37544904657465,54.2046324563124,-7.170816590262248,2.554284585230562,12.825457143720302,4.574353365796026,26.557944556837654,-10.742379649876888,1.5070246974352828,0,1.25,-90.0,180.0,270.0
20260724_230314__rp1p25__vinf25__incm90__toff56210__Om180__om90,1.0263457711345387,0.0258666454413316,23.920275364327207,351.6923393679653,379.78546205107136,13,0.0,1.785158750775727,1,0.28019687179306096,75.16488841802429,58.82116446134409,-16.3437239566802,7.911739692389119,13.69228729879201,8.508498723214196,23.038506535247038,-6.808234292458717,2.063692864694315,1,1.25,-90.0,180.0,90.0
20260724_230314__rp1p25__vinf25__incm90__toff56210__Om270__om0,1.013184937976095,0.0669541342426035,21.86413062620061,352.7248638272809,372.5039460859551,10,0.0,1.9201760745224394,1,0.2807760714635652,75.16488841802429,64.15806723683289,-11.006821181191398,4.353024871745205,14.522304349482066,12.300078206074406,22.056478201293984,-3.0166548095985064,2.2932477621330496,0,1.25,-90.0,270.0,0.0
20260724_230314__rp1p25__vinf25__incm90__toff56210__Om270__om180,0.6995761001694076,0.4459859833443018,27.25851776418784,322.4976696764172,213.72249551565383,31,0.0,15.575290277070309,1,0.0032660426225561423,90.0,90.0,0.0,0.0,44.07143612356686,160.32839191488938,78.08863979503931,145.01165889921646,4.837638442473049,1,1.25,-90.0,270.0,180.0
20260724_230314__rp1p25__vinf25__incm90__toff56210__Om270__om270,0.9605395565139674,0.0670371173919726,23.18902087753412,171.7241106055906,343.85130116666994,13,0.0,4.304187532689133,1,0.012972370281932655,67.25314872563517,90.0,22.74685127436483,8.549078830521594,17.77368677830808,25.59683481342037,27.086252172346395,10.280101797747456,2.3210616664429957,0,1.25,-90.0,270.0,270.0
20260724_230314__rp1p25__vinf25__incm90__toff56210__Om270__om90,1.0299139630015892,0.0145259085045067,23.143614859799623,285.76057127028685,381.7677246265552,15,0.0,0.6885615305691193,3,0.17886530797006195,67.25314872563517,58.82116446134409,-8.431984264291081,3.095081488802279,13.522249858714476,7.524043349304144,21.44190216297483,-7.792689666368769,1.1904864320948672,0,1.25,-90.0,270.0,90.0
20260724_230314__rp1p25__vinf25__incm90__toff56210__Om90__om0,1.264465707950508,0.2235724462612859,21.71735312111373,107.87377820469146,519.347893158304,13,0.0,6.505239434593912,1,4.57271198683884e-09,42.670233871257594,18.797368824406544,-23.87286504685105,23.87286504685105,0.05323763347273625,-57.57481750858743,18.61210283698972,-72.89155052426034,3.32953435458318,1,1.25,-90.0,90.0,0.0
20260724_230314__rp1p25__vinf25__incm90__toff56210__Om90__om180,1.0222814440933143,0.0565676616202766,24.37236621545417,350.8125353681636,377.5317724746986,12,0.0,2.0350835355619896,1,0.35010682081136224,75.16488841802429,61.37544904657465,-13.789439371449639,4.353024871745205,13.943088496568716,9.718220057085585,23.63249055863722,-5.598512958587328,2.0182082960734986,0,1.25,-90.0,90.0,180.0
20260724_230314__rp1p25__vinf25__incm90__toff56210__Om90__om270,0.9891239544298231,0.0587822963320555,22.041441340153064,242.85285552862524,359.3137773084276,10,0.0,2.355252429111836,1,0.12439130432467138,67.25314872563517,75.16488841802429,7.911739692389119,4.353024871745205,15.98993955723398,18.30674812059285,19.753135356740177,2.9900151049199373,1.7361861623080546,0,1.25,-90.0,90.0,270.0
20260724_230314__rp1p25__vinf25__incm90__toff56210__Om90__om90,0.980115224167108,0.0190243141171677,25.44435169772675,353.55120741447035,354.4161414696068,11,0.0,2.8775176509971043,1,0.0929834102713798,81.4509211694784,90.0,8.549078830521594,8.549078830521594,16.4651997385298,20.133730072148406,26.90219694027776,4.816997056475493,1.0702701847372984,0,1.25,-90.0,90.0,90.0
20260724_230314__rp1p5__vinf25__inc0__toff56210__Om0__om0,1.0750200545392623,0.0814512870503396,23.202493263690112,141.16451785494752,407.1201890378752,36,0.0,5.448114943403073,1,1.0379577995694724,58.82116446134409,36.07819997184264,-22.742964489501446,4.6165320050316865,10.927932670497908,-9.255697168832668,25.250734768725003,-24.57243018450558,2.185615693870533,0,1.5,0.0,0.0,0.0
20260724_230314__rp1p5__vinf25__inc0__toff56210__Om0__om180,0.9086086037726888,0.113692307311723,23.92686294093749,250.50911775146824,316.3465173768339,16,0.0,0.8818016784013594,4,0.002981408164167476,75.16488841802429,90.0,14.83511158197571,14.83511158197571,21.354256336172487,40.64108909921189,20.93285963610238,25.324356083538976,2.8765330484361886,0,1.5,0.0,0.0,180.0
20260724_230314__rp1p5__vinf25__inc0__toff56210__Om0__om270,1.0212266638415275,0.0643257982348133,23.360947698113435,356.18714410666945,376.9476226920506,12,0.0,1.9616518305479413,1,0.3235478330677459,75.16488841802429,61.37544904657465,-13.789439371449639,4.353024871745205,14.018080603510601,10.09774813626947,23.23856215151144,-5.218984879403443,2.40316860253932,0,1.5,0.0,0.0,270.0
20260724_230314__rp1p5__vinf25__inc0__toff56210__Om180__om0,0.9086086037726888,0.113692307311723,23.92686294093749,250.50911775146824,316.3465173768339,16,0.0,0.8818016784013594,4,0.002981408164167476,75.16488841802429,90.0,14.83511158197571,14.83511158197571,21.354256336172487,40.64108909921189,20.93285963610238,25.324356083538976,2.8765330484361886,0,1.5,0.0,180.0,0.0
20260724_230314__rp1p5__vinf25__inc0__toff56210__Om180__om180,1.0750200558716427,0.0814512880900699,23.20249327114133,141.16451758515004,407.1201897947525,36,0.0,5.448114949328696,1,1.0379578059603443,58.82116446134409,36.07819997184264,-22.742964489501446,4.6165320050316865,10.927932601580837,-9.255697374540782,25.25073479435089,-24.572430390213697,2.1856156999701515,0,1.5,0.0,180.0,180.0
20260724_230314__rp1p5__vinf25__inc0__toff56210__Om180__om90,1.0212266638415275,0.0643257982348133,23.360947698113435,356.18714410666945,376.9476226920506,12,0.0,1.9616518305479413,1,0.3235478330677459,75.16488841802429,61.37544904657465,-13.789439371449639,4.353024871745205,14.018080603510601,10.09774813626947,23.23856215151144,-5.218984879403443,2.40316860253932,0,1.5,0.0,180.0,90.0
20260724_230314__rp1p5__vinf25__inc0__toff56210__Om270__om0,1.0212266638415275,0.0643257982348133,23.360947698113435,356.18714410666945,376.9476226920506,12,0.0,1.9616518305479413,1,0.3235478330677459,75.16488841802429,61.37544904657465,-13.789439371449639,4.353024871745205,14.018080603510601,10.09774813626947,23.23856215151144,-5.218984879403443,2.40316860253932,0,1.5,0.0,270.0,0.0
20260724_230314__rp1p5__vinf25__inc0__toff56210__Om270__om270,0.9086086040484996,0.113692307196398,23.92686294730985,250.5091179456564,316.3465175208757,16,0.0,0.8818016762083047,4,0.00298140822109616,75.16488841802429,90.0,14.83511158197571,14.83511158197571,21.354256316552416,40.64108901300185,20.93285962194904,25.32435599732894,2.8765330467988024,0,1.5,0.0,270.0,270.0
20260724_230314__rp1p5__vinf25__inc0__toff56210__Om270__om90,1.0750200558716427,0.0814512880900699,23.20249327114133,141.16451758515004,407.1201897947525,36,0.0,5.448114949328696,1,1.0379578059603443,58.82116446134409,36.07819997184264,-22.742964489501446,4.6165320050316865,10.927932601580837,-9.255697374540782,25.25073479435089,-24.572430390213697,2.1856156999701515,0,1.5,0.0,270.0,90.0
20260724_230314__rp1p5__vinf25__inc0__toff56210__Om90__om180,1.0212266638415275,0.0643257982348133,23.360947698113435,356.18714410666945,376.9476226920506,12,0.0,1.9616518305479413,1,0.3235478330677459,75.16488841802429,61.37544904657465,-13.789439371449639,4.353024871745205,14.018080603510601,10.09774813626947,23.23856215151144,-5.218984879403443,2.40316860253932,0,1.5,0.0,90.0,180.0
20260724_230314__rp1p5__vinf25__inc0__toff56210__Om90__om270,1.0750200558716427,0.0814512880900699,23.20249327114133,141.16451758515004,407.1201897947525,36,0.0,5.448114949328696,1,1.0379578059603443,58.82116446134409,36.07819997184264,-22.742964489501446,4.6165320050316865,10.927932601580837,-9.255697374540782,25.25073479435089,-24.572430390213697,2.1856156999701515,0,1.5,0.0,90.0,270.0
20260724_230314__rp1p5__vinf25__inc0__toff56210__Om90__om90,0.9086086037726888,0.113692307311723,23.92686294093749,250.50911775146824,316.3465173768339,16,0.0,0.8818016784013594,4,0.002981408164167476,75.16488841802429,90.0,14.83511158197571,14.83511158197571,21.354256336172487,40.64108909921189,20.93285963610238,25.324356083538976,2.8765330484361886,0,1.5,0.0,90.0,90.0
20260724_230314__rp1p5__vinf25__inc30__toff56210__Om0__om0,1.0770062825618545,0.0855007096138735,23.43737636363521,140.82899639057436,408.2490148510946,40,0.0,5.502592381598779,1,0.26831949178792946,56.4426902380793,28.540365484875558,-27.902324753203743,4.149137646127272,10.820487774097748,-13.766482175042709,23.378179039823614,-29.08321519071562,2.133273951425599,0,1.5,30.0,0.0,0.0
20260724_230314__rp1p5__vinf25__inc30__toff56210__Om0__om180,0.9040500890084144,0.1167226733894383,23.18563911800247,246.712632370088,313.9688268803921,17,0.0,0.9193467369290502,4,0.001741995642774441,75.16488841802429,90.0,14.83511158197571,14.83511158197571,21.690362498298605,42.15663164951226,20.47997059740422,26.83989863383935,3.0016545545326814,1,1.5,30.0,0.0,180.0
20260724_230314__rp1p5__vinf25__inc30__toff56210__Om0__om270,0.9928237883050516,0.1251273334971578,23.23631348680715,287.4954560973929,361.331689725112,10,0.0,0.4213864364619919,1,0.040884567472943445,70.81186354627908,75.16488841802429,4.353024871745205,4.353024871745205,15.932184357607248,18.07808192806107,16.540406150720994,2.761348912388158,3.497305727979784,0,1.5,30.0,0.0,270.0
20260724_230314__rp1p5__vinf25__inc30__toff56210__Om180__om0,0.9270055377622884,0.1015084240635654,24.329206528642725,254.5936779408907,326.00276471540207,15,0.0,0.6374732805771295,4,0.013092571617491444,75.16488841802429,90.0,14.83511158197571,14.83511158197571,20.055545349118184,35.000864146641376,21.080535515804968,19.684131130968463,2.565390124574687,0,1.5,30.0,180.0,0.0
20260724_230314__rp1p5__vinf25__inc30__toff56210__Om180__om180,1.0609028603812232,0.0679252508904427,23.044777209836248,136.91558235591006,399.1271039464125,24,0.0,5.035929411218959,1,0.24481491813698342,58.82116446134409,46.23825730732021,-12.582907154023879,2.3784742232647886,11.72266876740355,-1.836339438795079,24.888878925481855,-17.153072454467992,2.0365700723017897,0,1.5,30.0,180.0,180.0
20260724_230314__rp1p5__vinf25__inc30__toff56210__Om180__om270,1.098892022402589,0.0853558457740039,21.69160003837096,120.77943712991576,420.75600334082833,23,0.0,4.798472122999939,1,7.560231480852053e-06,56.4426902380793,9.594068226860466,-46.848622011218836,9.742996660469014,9.609005925615115,-45.853545474553805,15.907998575257892,-61.17027849022672,1.914523103861192,0,1.5,30.0,180.0,270.0
20260724_230314__rp1p5__vinf25__inc30__toff56210__Om180__om90,1.0175893542939871,0.041585369431535,23.286500551743977,357.1852177077208,374.9355518150238,12,0.0,1.9288297740851306,1,0.3095458316948143,75.16488841802429,64.15806723683289,-11.006821181191398,4.353024871745205,14.214507742639382,10.89324409249998,23.15543221782027,-4.423488923172933,2.185495890077436,1,1.5,30.0,180.0,90.0
20260724_230314__rp1p5__vinf25__inc30__toff56210__Om270__om0,1.0187112410058103,0.0601744325785075,24.34282204095638,357.2700586297773,375.55576928385096,12,0.0,2.1177338759142295,1,0.30285763056362214,75.16488841802429,64.15806723683289,-11.006821181191398,4.353024871745205,14.14813969545798,10.64833233361018,24.255611820663862,-4.6684006820627335,2.289736260879748,0,1.5,30.0,270.0,0.0
20260724_230314__rp1p5__vinf25__inc30__toff56210__Om270__om180,2.311459246265036,0.5512824242902861,32.952435177983766,70.04527331166464,1283.5924426124411,6,4.263256414560601e-14,5.81056202847855,1,2.6290081223123707e-12,,,,,-33.44610045827086,-83.39445586113384,25.4932515613624,-98.71118887680674,4.20605435749709,1,1.5,30.0,270.0,180.0
20260724_230314__rp1p5__vinf25__inc30__toff56210__Om270__om270,0.9274970598502246,0.0935349502241204,24.684980054111097,257.53075946641127,326.2620816100092,15,0.0,0.6602024500975148,4,0.01327282017631859,75.16488841802429,90.0,14.83511158197571,14.83511158197571,19.99841036733261,34.72307711777691,21.804828479190956,19.406344102103997,2.441661274515735,0,1.5,30.0,270.0,270.0
20260724_230314__rp1p5__vinf25__inc30__toff56210__Om270__om90,1.0633265343125884,0.0791873491730988,23.448582024108333,157.2177918418539,400.4956169449426,25,0.0,5.729669577272421,1,0.1537166463476174,58.82116446134409,44.4270040008057,-14.394160460538387,2.3784742232647886,11.584920446096588,-2.6756711571235012,24.42706804492786,-17.992404172796412,1.973278007251636,0,1.5,30.0,270.0,90.0
20260724_230314__rp1p5__vinf25__inc30__toff56210__Om90__om180,1.0209249749544975,0.0660902176094068,22.313811684289448,353.8995097937569,376.7805992776128,12,0.0,1.8286821677672584,1,0.27802765547197517,75.16488841802429,61.37544904657465,-13.789439371449639,7.911739692389119,14.052199649517572,10.264393836429461,22.200311214797857,-5.052339179243452,2.237994708269172,0,1.5,30.0,90.0,180.0
20260724_230314__rp1p5__vinf25__inc30__toff56210__Om90__om270,1.0661377400240546,0.0634160314235695,22.882302737324647,128.819099637807,402.0849020960378,29,0.0,4.752674741867983,1,0.6880187658628549,58.82116446134409,42.670233871257594,-16.150930590086496,4.360892894524831,11.418258291293244,-4.21707218249093,24.742245434945666,-19.533805198163844,1.9399896704272903,0,1.5,30.0,90.0,270.0
20260724_230314__rp1p5__vinf25__inc30__toff56210__Om90__om90,0.9048641388799288,0.11162403667002,23.102679626607404,241.4584668187088,314.3929911161711,17,0.0,1.027514919043977,1,0.0017048741151910463,75.16488841802429,90.0,14.83511158197571,14.83511158197571,21.61437264705237,41.83165902414834,21.149658941746083,26.514926008475424,2.934294696137278,1,1.5,30.0,90.0,90.0
20260724_230314__rp1p5__vinf25__inc60__toff56210__Om0__om0,1.0706488794110347,0.0761578026439939,23.692963565885087,136.58259763004438,404.6396073136154,35,0.0,5.2645509591825945,1,0.8993081915948888,58.82116446134409,39.2964802391875,-19.524684222156587,4.6165320050316865,11.165059059530856,-6.540599362130823,25.735712395366,-21.857332377803736,2.138665804934337,0,1.5,60.0,0.0,0.0
20260724_230314__rp1p5__vinf25__inc60__toff56210__Om0__om180,0.914373360380201,0.1105435793640417,22.60381442423305,247.56731326411688,319.3619250273802,16,0.0,0.7826216825221337,1,0.005706624277834749,75.16488841802429,90.0,14.83511158197571,14.83511158197571,20.963636610492166,38.98010430164918,19.709125002853295,23.663371285976265,2.7687055234155658,0,1.5,60.0,0.0,180.0
20260724_230314__rp1p5__vinf25__inc60__toff56210__Om0__om270,1.0201501785013458,0.0567193617802323,23.547602413105963,352.3095041967002,376.3517633423298,12,0.0,1.9750782573681516,1,0.30485338921233485,75.16488841802429,61.37544904657465,-13.789439371449639,4.353024871745205,14.07661563587257,10.321107676866,23.096599468722232,-4.995625338806914,2.733402455326336,1,1.5,60.0,0.0,270.0
20260724_230314__rp1p5__vinf25__inc60__toff56210__Om0__om90,1.4378879101100908,0.2886066544243749,29.127300787224254,76.40448276717358,629.7748868812992,11,0.0,6.7998026359486445,2,2.852118541341042e-11,,,,,-7.385636761763553,-66.02083183230975,22.262239674002863,-81.33756484798266,3.2492791030634525,1,1.5,60.0,0.0,90.0
20260724_230314__rp1p5__vinf25__inc60__toff56210__Om180__om0,0.9608202436664308,0.0811552634604784,23.988732810865777,254.4375076942956,344.0020315958825,13,0.0,1.2680230621153505,1,0.04846579616821245,70.81186354627908,90.0,19.188136453720915,8.549078830521594,17.787699209847826,25.59494543015838,20.78410299023777,10.278212414485466,2.194611630446276,0,1.5,60.0,180.0,0.0
20260724_230314__rp1p5__vinf25__inc60__toff56210__Om180__om180,1.0334875168568076,0.0517174764304936,23.331497523445226,135.79606750819397,383.7564105408122,15,0.0,4.584425469960925,1,0.36548219911513957,61.37544904657465,56.4426902380793,-4.93275880849535,2.554284585230562,13.297137283791916,6.627487709653062,25.112040396790448,-8.689245306019851,1.8896942953481708,0,1.5,60.0,180.0,180.0
20260724_230314__rp1p5__vinf25__inc60__toff56210__Om180__om270,1.0125058881252114,0.0312066660031809,22.967830513698825,183.68248938104296,372.1295232844972,10,0.0,4.893439608330469,1,0.3921576817930035,64.15806723683289,64.15806723683289,0.0,0.0,14.521670446873577,12.191016523196028,23.087638016901497,-3.1257164924768848,0.6392625528957024,0,1.5,60.0,180.0,270.0
20260724_230314__rp1p5__vinf25__inc60__toff56210__Om180__om90,1.0131995381553751,0.006693437887249,23.14349243484623,294.3075147104892,372.5119978894082,10,0.0,0.3767694434251645,7,0.3566226647334858,70.81186354627908,64.15806723683289,-6.653796309446193,3.558714820643914,14.519320086608145,11.960010066461798,22.74529652597811,-3.3567229492111146,1.4676731046471096,1,1.5,60.0,180.0,90.0
20260724_230314__rp1p5__vinf25__inc60__toff56210__Om270__om0,1.018395051905461,0.0545987019174289,24.607296413248807,353.007225304494,375.3809345200211,12,0.0,2.140367489708817,1,0.30448535729691173,75.16488841802429,64.15806723683289,-11.006821181191398,4.353024871745205,14.166081763042868,10.675275866586171,24.143851479938622,-4.641457149086742,1.877557992438923,0,1.5,60.0,270.0,0.0
20260724_230314__rp1p5__vinf25__inc60__toff56210__Om270__om180,1.4119759904589813,0.2573047502156421,24.324195356061068,77.40892353123054,612.8282234606945,11,0.0,6.846061212630445,2,6.212985681486316e-11,,,,,-6.473053534160555,-65.16090412589816,18.51553213819234,-80.47763714157107,3.411907097624047,1,1.5,60.0,270.0,180.0
20260724_230314__rp1p5__vinf25__inc60__toff56210__Om270__om270,0.9545289365692792,0.0551404056677649,25.01616268235385,269.98888066673913,340.6288577735137,13,0.0,0.3781737888731449,4,0.030431684439029993,75.16488841802429,90.0,14.83511158197571,8.549078830521594,18.148325312439393,26.922803871423913,23.567563965814585,11.606070855751,1.7135371519064644,0,1.5,60.0,270.0,270.0
20260724_230314__rp1p5__vinf25__inc60__toff56210__Om270__om90,1.0345885351492123,0.0558805337385765,23.259796678018244,185.7882763584703,384.3698219277811,15,0.0,5.308232041289779,1,0.2834736879104538,61.37544904657465,56.4426902380793,-4.93275880849535,2.554284585230562,13.217909063150078,6.434554221901188,22.38000954006704,-8.882178793771725,1.431145445237927,0,1.5,60.0,270.0,90.0
20260724_230314__rp1p5__vinf25__inc60__toff56210__Om90__om0,1.021313184129059,0.3251657078987346,17.86700848485674,12.2330787285168,376.995527298271,9,0.0,2.1750442038051823,1,0.31909778681010437,75.16488841802429,70.81186354627908,-4.353024871745205,4.353024871745205,15.363142700008257,16.86728197511373,38.18234683494089,1.5505489594408175,3.6015224336951888,1,1.5,60.0,90.0,0.0
20260724_230314__rp1p5__vinf25__inc60__toff56210__Om90__om180,1.016372128982896,0.0636144714720576,21.890775777424484,349.2424078511881,374.2630145059072,12,0.0,1.8358529725950934,1,0.26364890098311555,75.16488841802429,64.15806723683289,-11.006821181191398,4.353024871745205,14.331940724018985,11.426800584484095,21.62745524570497,-3.889932431188818,1.7925554013365197,0,1.5,60.0,90.0,180.0
20260724_230314__rp1p5__vinf25__inc60__toff56210__Om90__om270,1.0457419397359071,0.027483907259949,22.864714193585023,120.1579394631686,390.6021047488388,17,0.0,3.963876115967734,1,0.15438685320791423,61.37544904657465,52.08179734355447,-9.293651703020181,2.554284585230562,12.577971522195604,3.0578640083305877,23.278813459483125,-12.258869007342325,1.492885959426041,0,1.5,60.0,90.0,270.0
20260724_230314__rp1p5__vinf25__inc60__toff56210__Om90__om90,0.9233971969096548,0.0852183841459302,22.7583848462594,224.7798952957432,324.10118441823374,16,0.0,2.2988830087512184,1,0.006343991702621565,70.81186354627908,90.0,19.188136453720915,10.63905762319932,20.260018948232734,35.979491313691994,22.8271828782029,20.66275829801908,2.573336899390136,0,1.5,60.0,90.0,90.0
20260724_230314__rp1p5__vinf25__inc90__toff56210__Om0__om0,1.0508950051828994,0.0609434262107687,23.70916321681011,133.9218186339796,393.4927927362197,18,0.0,4.829800800028243,1,0.1790826128559464,61.37544904657465,50.05549481018513,-11.31995423638952,2.554284585230562,12.283816273450373,1.5655632911413628,25.484123873026313,-13.75116972453155,1.985499677961449,0,1.5,90.0,0.0,0.0
20260724_230314__rp1p5__vinf25__inc90__toff56210__Om0__om180,0.9411664772356484,0.0933608058885213,22.54145926272763,252.10621281196435,333.5012494110833,14,0.0,0.997697029415388,1,0.027823345478424244,75.16488841802429,90.0,14.83511158197571,8.549078830521594,19.113864721065333,31.08880396291668,19.360281314165494,15.772070947243765,2.407808789644094,0,1.5,90.0,0.0,180.0
20260724_230314__rp1p5__vinf25__inc90__toff56210__Om0__om270,1.0176863657769295,0.0268940619892991,23.721659655710177,345.8140758832982,374.9891695940789,12,0.0,1.8926068484039504,1,0.31746589146680293,75.16488841802429,64.15806723683289,-11.006821181191398,4.353024871745205,14.213406353057005,10.783762971632076,23.075791039525054,-4.532970044040837,2.1149993626569774,1,1.5,90.0,0.0,270.0
20260724_230314__rp1p5__vinf25__inc90__toff56210__Om0__om90,1.0383783600544902,0.043538913416739,24.462548245024543,144.73318338737718,386.4837456863845,17,0.0,5.079448279300555,1,0.2856809498874959,61.37544904657465,54.2046324563124,-7.170816590262248,2.554284585230562,12.990487886896886,5.122306442534037,25.128903811371465,-10.194426573138877,1.170454157599983,0,1.5,90.0,0.0,90.0
20260724_230314__rp1p5__vinf25__inc90__toff56210__Om180__om0,0.9914725430845952,0.0514260207616315,23.102248878213462,249.0164331193934,360.59427555501486,9,0.0,2.0915597755038284,1,0.1532856479150233,67.25314872563517,75.16488841802429,7.911739692389119,4.353024871745205,15.826445609665267,17.597505310903884,20.90433917390362,2.280772295230971,1.757313773351913,0,1.5,90.0,180.0,0.0
20260724_230314__rp1p5__vinf25__inc90__toff56210__Om180__om180,0.996594287891777,0.0403365076647411,24.589986445848645,153.4963290377674,363.3920155869055,6,0.0,4.724377919010873,1,0.30340170228327423,64.15806723683289,75.16488841802429,11.006821181191398,4.353024871745205,15.481664864231783,16.093053064737724,26.954718738621885,0.776320049064811,1.8793280038178464,0,1.5,90.0,180.0,180.0
20260724_230314__rp1p5__vinf25__inc90__toff56210__Om180__om270,1.0013601975932618,0.0215367756822432,23.33900905738251,229.18176707535972,366.0018475968288,4,0.0,3.3310369171843917,1,0.28582824562703735,67.25314872563517,70.81186354627908,3.558714820643914,3.558714820643914,15.186250929808148,14.940210892064687,22.82775813323354,-0.37652212360822546,1.168608450052088,0,1.5,90.0,180.0,270.0
20260724_230314__rp1p5__vinf25__inc90__toff56210__Om180__om90,1.0052969128711902,0.0452024804357673,23.033467304036467,197.99152373171623,368.1622993480382,8,0.0,4.595747815323435,1,0.31460174432525,64.15806723683289,67.25314872563517,3.095081488802279,3.095081488802279,14.955421305822842,14.059272771924642,22.835655055642068,-1.2574602437482714,1.97762907385895,1,1.5,90.0,180.0,90.0
20260724_230314__rp1p5__vinf25__inc90__toff56210__Om270__om0,1.0140635381625986,0.0468635756008049,24.02439427019865,346.289826040609,372.98858561127753,11,0.0,2.0807810592477125,1,0.33421522733835474,75.16488841802429,64.15806723683289,-11.006821181191398,4.353024871745205,14.433834527788049,11.798169270364687,23.429706852247136,-3.518563745308226,1.900048913898988,0,1.5,90.0,270.0,0.0
20260724_230314__rp1p5__vinf25__inc90__toff56210__Om270__om180,1.1691694632645298,0.1376113851682779,22.06236312373045,95.15133048388792,461.7575297110199,16,0.0,5.884181742060271,4,9.02118486578729e-08,52.08179734355447,1.9102131717099364,-50.171584171844536,22.36443902287484,5.778918912256862,-51.580444092655874,17.149798793228427,-66.89717710832879,2.852045417007277,1,1.5,90.0,270.0,180.0
20260724_230314__rp1p5__vinf25__inc90__toff56210__Om270__om270,0.9864108798721064,0.0164593750226594,24.748275082127364,324.5483591991284,357.8364453522756,10,0.0,2.139349420444333,1,0.12525619433008472,75.16488841802429,81.4509211694784,6.286032751454115,6.286032751454115,16.117627438913363,18.5852395138873,25.325096335478822,3.2685064982143857,0.92331559317382,0,1.5,90.0,270.0,270.0
20260724_230314__rp1p5__vinf25__inc90__toff56210__Om270__om90,0.9963157330443012,0.0450362094815923,22.388359350956392,236.9612485526635,363.2396704423437,7,0.0,2.8122665026144062,1,0.1846287375465714,67.25314872563517,70.81186354627908,3.558714820643914,3.558714820643914,15.520642516839619,16.369353382218357,20.810196283530836,1.0526203665454439,1.4964360981285028,0,1.5,90.0,270.0,90.0
20260724_230314__rp1p5__vinf25__inc90__toff56210__Om90__om0,0.8602410439714817,0.217353722528989,23.66985561957632,325.83729352553604,291.4258220059688,20,0.0,6.015749313785339,1,3.337465172847942e-05,90.0,90.0,0.0,0.0,25.42756790519707,59.361973853234176,29.196746027077147,44.045240837561266,3.656514405769189,1,1.5,90.0,90.0,0.0
20260724_230314__rp1p5__vinf25__inc90__toff56210__Om90__om180,1.0090446209652568,0.0561608632393513,22.41766739227649,347.4757863420504,370.2229591508639,9,0.0,2.0107193165892046,1,0.27492095324692123,75.16488841802429,67.25314872563517,-7.911739692389119,4.353024871745205,14.759730785443159,13.20880078259409,22.29692402356829,-2.1079322330788237,1.902603023902916,0,1.5,90.0,90.0,180.0
20260724_230314__rp1p5__vinf25__inc90__toff56210__Om90__om270,1.018421018339993,0.0124061632794655,23.215053722994995,272.29306232291435,375.3952914730157,12,0.0,1.1482266088143636,1,0.3434168835915532,67.25314872563517,64.15806723683289,-3.095081488802279,3.095081488802279,14.19245042819594,10.597839304819749,22.128386963009557,-4.718893710853164,1.0397884152261216,0,1.5,90.0,90.0,270.0
20260724_230314__rp1p5__vinf25__inc90__toff56210__Om90__om90,0.9705364661052516,0.0518842818167181,23.39280766701818,176.24466358886002,349.23324321237965,12,0.0,4.445547523522574,1,0.033919979708379344,67.25314872563517,90.0,22.74685127436483,8.549078830521594,17.114493102241802,22.882624597382144,26.106099392842353,7.565891581709231,2.1141689646263746,0,1.5,90.0,90.0,90.0
20260724_230314__rp1p5__vinf25__incm30__toff56210__Om0__om0,1.060902859209709,0.0679252513719667,23.04477722030585,136.91558318002535,399.1271032853014,24,0.0,5.0359294308969424,1,0.24481491405790923,58.82116446134409,46.23825730732021,-12.582907154023879,2.3784742232647886,11.722668830882233,-1.8363392328172097,24.88887896253165,-17.153072248490123,2.036570066386711,0,1.5,-30.0,0.0,0.0
20260724_230314__rp1p5__vinf25__incm30__toff56210__Om0__om180,0.9270055368673908,0.1015084241076837,24.32920653960456,254.5936785413076,326.0027642433351,15,0.0,0.6374733004232382,4,0.013092571977566081,75.16488841802429,90.0,14.83511158197571,14.83511158197571,20.055545407953982,35.000864401287956,21.080535527370422,19.684131385615043,2.565390128808834,0,1.5,-30.0,0.0,180.0
20260724_230314__rp1p5__vinf25__incm30__toff56210__Om0__om270,1.017589354275461,0.0415853696772603,23.28650054900012,357.1852185039391,374.9355518047847,12,0.0,1.9288297729418318,1,0.30954582947926035,75.16488841802429,64.15806723683289,-11.006821181191398,4.353024871745205,14.214507741591497,10.893244091418248,23.15543224799392,-4.423488924254665,2.1854958915678004,1,1.5,-30.0,0.0,270.0
20260724_230314__rp1p5__vinf25__incm30__toff56210__Om0__om90,1.0988920227590886,0.0853558457559029,21.691600036455817,120.7794374006761,420.7560035455791,23,0.0,4.7984721385286635,1,7.560231217951241e-06,56.4426902380793,9.594068226860466,-46.848622011218836,9.742996660469014,9.609005906710106,-45.85354550799769,15.907998557330188,-61.1702785236706,1.914523105429481,0,1.5,-30.0,0.0,90.0
20260724_230314__rp1p5__vinf25__incm30__toff56210__Om180__om0,0.9040500892000016,0.1167226736319878,23.18563912250305,246.71263219665772,313.9688269801971,17,0.0,0.9193467317488384,4,0.001741995600227142,75.16488841802429,90.0,14.83511158197571,14.83511158197571,21.690362485946608,42.15663159401906,20.479970598270683,26.839898578346148,3.001654555415808,1,1.5,-30.0,180.0,0.0
20260724_230314__rp1p5__vinf25__incm30__toff56210__Om180__om180,1.0770062823212594,0.0855007098335585,23.4373763618584,140.82899632838135,408.24901471429496,40,0.0,5.502592377083419,1,0.26831949015277345,56.4426902380793,28.540365484875558,-27.902324753203743,4.149137646127272,10.820487787539319,-13.766482134739885,23.37817907156797,-29.083215150412798,2.1332739502517013,0,1.5,-30.0,180.0,180.0
20260724_230314__rp1p5__vinf25__incm30__toff56210__Om180__om90,0.9928237881798676,0.1251273333534651,23.236313486687624,287.4954560626107,361.3316896567722,10,0.0,0.4213864363839388,1,0.04088456755787817,70.81186354627908,75.16488841802429,4.353024871745205,4.353024871745205,15.932184364753104,18.078081955189194,16.540406159718692,2.7613489395162816,3.4973057278568302,0,1.5,-30.0,180.0,90.0
20260724_230314__rp1p5__vinf25__incm30__toff56210__Om270__om0,1.0209249749752212,0.06609021743367,22.313811690905517,353.8995100600271,376.780599289085,12,0.0,1.8286821681568917,1,0.27802765390386597,75.16488841802429,61.37544904657465,-13.789439371449639,7.911739692389119,14.052199647347505,10.264393828398372,22.200311236060003,-5.052339187274541,2.2379947072711266,0,1.5,-30.0,270.0,0.0
20260724_230314__rp1p5__vinf25__incm30__toff56210__Om270__om270,0.9048641387271908,0.1116240365577352,23.102679625990486,241.45846693910332,314.3929910365684,17,0.0,1.0275149084828605,1,0.001704874140592949,75.16488841802429,90.0,14.83511158197571,14.83511158197571,21.61437265714177,41.83165906938476,21.149658940232587,26.51492605371185,2.9342946960786374,1,1.5,-30.0,270.0,270.0
20260724_230314__rp1p5__vinf25__incm30__toff56210__Om270__om90,1.0661377400214511,0.0634160314265077,22.882302737281343,128.81909963598622,402.0849020945652,29,0.0,4.75267474176205,1,0.6880187658942618,58.82116446134409,42.670233871257594,-16.150930590086496,4.360892894524831,11.418258291441871,-4.217072181993551,24.742245435290215,-19.533805197666464,1.9399896704123003,0,1.5,-30.0,270.0,90.0
20260724_230314__rp1p5__vinf25__incm30__toff56210__Om90__om0,2.31145927590767,0.5512824018530567,32.952435467290705,70.0452720594917,1283.5924673040265,6,5.684341886080802e-14,5.81056204868473,1,1.6058265828178264e-12,,,,,-33.44610142915796,-83.3944564637182,25.493249005056,-98.71118947939111,4.206054415029604,1,1.5,-30.0,90.0,0.0
20260724_230314__rp1p5__vinf25__incm30__toff56210__Om90__om180,1.0187112406963994,0.0601744328464587,24.342822040075927,357.27005886547994,375.55576911275085,12,0.0,2.1177338819125406,1,0.3028576301600907,75.16488841802429,64.15806723683289,-11.006821181191398,4.353024871745205,14.14813971292528,10.648332399087186,24.25561185324256,-4.668400616585727,2.289736262422303,0,1.5,-30.0,90.0,180.0
20260724_230314__rp1p5__vinf25__incm30__toff56210__Om90__om270,1.0633265358053183,0.0791873498677964,23.448582011635377,157.2177925881408,400.4956177882844,25,0.0,5.729669607565679,1,0.1537166412001918,58.82116446134409,44.4270040008057,-14.394160460538387,2.3784742232647886,11.584920364763757,-2.6756714236609063,24.42706794241896,-17.992404439333818,1.973278011215446,0,1.5,-30.0,90.0,270.0
20260724_230314__rp1p5__vinf25__incm30__toff56210__Om90__om90,0.9274970600572356,0.0935349504039921,24.68498005435107,257.53075956275467,326.2620817192384,15,0.0,0.6602024482396018,4,0.013272820208676706,75.16488841802429,90.0,14.83511158197571,14.83511158197571,19.99841035387201,34.72307706102931,21.804828455111846,19.406344045356395,2.441661274372672,0,1.5,-30.0,90.0,90.0
20260724_230314__rp1p5__vinf25__incm60__toff56210__Om0__om0,1.033487517269453,0.0517174759925783,23.33149752491445,135.79606746302665,383.7564107706488,15,0.0,4.584425472661952,1,0.36548219987075736,61.37544904657465,56.4426902380793,-4.93275880849535,2.554284585230562,13.297137260024359,6.62748762431169,25.112040357144807,-8.689245391361222,1.889694292709492,0,1.5,-60.0,0.0,0.0
20260724_230314__rp1p5__vinf25__incm60__toff56210__Om0__om180,0.9608202436394616,0.0811552634632543,23.98873281119072,254.43750766762452,344.00203158139897,13,0.0,1.2680230633414453,1,0.04846579614472901,70.81186354627908,90.0,19.188136453720915,8.549078830521594,17.787699211587704,25.594945437103018,20.784102992530162,10.278212421430105,2.1946116305929597,0,1.5,-60.0,0.0,180.0
20260724_230314__rp1p5__vinf25__incm60__toff56210__Om0__om270,1.0131995384121588,0.0066934379303492,23.14349243400955,294.307517338852,372.5119980310214,10,0.0,0.37676943979387545,7,0.3566226621409978,70.81186354627908,64.15806723683289,-6.653796309446193,3.558714820643914,14.519320066586603,11.960009991408201,22.745296484363234,-3.3567230242647117,1.4676731058932744,1,1.5,-60.0,0.0,270.0
20260724_230314__rp1p5__vinf25__incm60__toff56210__Om0__om90,1.0125058879159738,0.0312066657855808,22.96783051459866,183.68248943350787,372.1295231691446,10,0.0,4.893439604952711,1,0.3921576822389028,64.15806723683289,64.15806723683289,0.0,0.0,14.521670458853663,12.191016567229674,23.08763802198746,-3.1257164484432387,0.6392625515473143,0,1.5,-60.0,0.0,90.0
20260724_230314__rp1p5__vinf25__incm60__toff56210__Om180__om0,0.914373360710874,0.1105435793316128,22.60381442263096,247.56731352253504,319.3619252006208,16,0.0,0.782621672760488,1,0.005706624375704905,75.16488841802429,90.0,14.83511158197571,14.83511158197571,20.963636587617817,38.98010420268781,19.709124969116964,23.6633711870149,2.768705521843776,0,1.5,-60.0,180.0,0.0
20260724_230314__rp1p5__vinf25__incm60__toff56210__Om180__om180,1.070648878866432,0.0761578024821342,23.692963566701337,136.5825979687794,404.6396070048759,35,0.0,5.26455096661029,1,0.8993081880244729,58.82116446134409,39.2964802391875,-19.524684222156587,4.6165320050316865,11.1650590880451,-6.540599274867334,25.735712390154127,-21.857332290540246,2.1386658023428,0,1.5,-60.0,180.0,180.0
20260724_230314__rp1p5__vinf25__incm60__toff56210__Om180__om270,1.4378879097199324,0.2886066542732922,29.127300785749423,76.40448273659905,629.7748866249732,11,0.0,6.799802636084216,2,2.8634872251132037e-11,,,,,-7.385636748210624,-66.02083181683746,22.262239673231505,-81.33756483251037,3.249279102390506,1,1.5,-60.0,180.0,270.0
20260724_230314__rp1p5__vinf25__incm60__toff56210__Om180__om90,1.020150177747054,0.0567193622873085,23.547602413795623,352.30950475185045,376.351762924922,12,0.0,1.975078274475642,1,0.3048533879499562,75.16488841802429,61.37544904657465,-13.789439371449639,4.353024871745205,14.076615678279238,10.32110783481537,23.096599534045257,-4.995625180857543,2.733402458278177,1,1.5,-60.0,180.0,90.0
20260724_230314__rp1p5__vinf25__incm60__toff56210__Om270__om0,1.016372129012447,0.0636144714681932,21.8907757765922,349.24240781016874,374.26301452222975,12,0.0,1.835852971683689,1,0.2636489011492422,75.16488841802429,64.15806723683289,-11.006821181191398,4.353024871745205,14.331940722407802,11.42680057847675,21.627455241192052,-3.8899324371961637,1.7925554013161458,0,1.5,-60.0,270.0,0.0
20260724_230314__rp1p5__vinf25__incm60__toff56210__Om270__om180,1.0213128888408782,0.3251659628745861,17.867014075131745,12.233008960983286,376.9953637994778,9,0.0,2.17505329452505,1,0.3190985964768487,75.16488841802429,70.81186354627908,-4.353024871745205,4.353024871745205,15.363162928391853,16.8673586238915,38.18238377646707,1.5506256082185885,3.601523291488335,1,1.5,-60.0,270.0,180.0
20260724_230314__rp1p5__vinf25__incm60__toff56210__Om270__om270,0.9233971969233744,0.0852183841652211,22.758384846373776,224.7798953015578,324.10118442545684,16,0.0,2.2988830087720977,1,0.006343991701733387,70.81186354627908,90.0,19.188136453720915,10.63905762319932,20.26001894734478,35.97949130994002,22.82718287648487,20.66275829426711,2.5733368994064576,0,1.5,-60.0,270.0,270.0
20260724_230314__rp1p5__vinf25__incm60__toff56210__Om270__om90,1.0457419402787804,0.0274839076935768,22.864714194310856,120.15793892787084,390.60210505299705,17,0.0,3.963876098912248,1,0.15438684950226467,61.37544904657465,52.08179734355447,-9.293651703020181,2.554284585230562,12.577971492531722,3.0578639100099014,23.278813474130658,-12.258869105663011,1.4928859622660509,0,1.5,-60.0,270.0,90.0
20260724_230314__rp1p5__vinf25__incm60__toff56210__Om90__om0,1.4119759900879585,0.257304749985807,24.324195353161272,77.40892354879517,612.8282232191466,11,0.0,6.846061213517185,2,6.288303211476887e-11,,,,,-6.473053521518131,-65.16090411105509,18.515532133375643,-80.477637126728,3.41190709699967,1,1.5,-60.0,90.0,0.0
20260724_230314__rp1p5__vinf25__incm60__toff56210__Om90__om180,1.0183950515833953,0.0545987014997893,24.60729641083905,353.0072252172792,375.3809343419508,12,0.0,2.140367493814784,1,0.30448535716436886,75.16488841802429,64.15806723683289,-11.006821181191398,4.353024871745205,14.166081781572709,10.675275933239762,24.143851483358468,-4.641457082433151,1.8775579899923125,0,1.5,-60.0,90.0,180.0
20260724_230314__rp1p5__vinf25__incm60__toff56210__Om90__om270,1.0345885349640156,0.0558805335423516,23.259796677423903,185.78827631747052,384.36982182457473,15,0.0,5.308232038944926,1,0.283473688101882,61.37544904657465,56.4426902380793,-4.93275880849535,2.554284585230562,13.217909073487963,6.434554258214021,22.38000954749254,-8.882178757458892,1.4311454440981728,0,1.5,-60.0,90.0,270.0
20260724_230314__rp1p5__vinf25__incm60__toff56210__Om90__om90,0.9545289352267168,0.0551404071037357,25.016162689146896,269.988880973918,340.62885705486264,13,0.0,0.37817380882102114,4,0.03043168424287046,75.16488841802429,90.0,14.83511158197571,8.549078830521594,18.14832539866058,26.92280422969385,23.567563930089033,11.606071214020936,1.7135371662013252,0,1.5,-60.0,90.0,90.0
20260724_230314__rp1p5__vinf25__incm90__toff56210__Om0__om0,0.9965942879404314,0.0403365076166659,24.589986445520797,153.49632902615747,363.39201561351706,6,0.0,4.724377919173071,1,0.30340170229856867,64.15806723683289,75.16488841802429,11.006821181191398,4.353024871745205,15.481664861314542,16.093053053546807,26.95471873441872,0.7763200378738944,1.879328003247604,0,1.5,-90.0,0.0,0.0
20260724_230314__rp1p5__vinf25__incm90__toff56210__Om0__om180,0.9914725428988512,0.0514260208710722,23.10224887832834,249.01643295020483,360.59427545368345,9,0.0,2.091559782240614,1,0.15328564799052202,67.25314872563517,75.16488841802429,7.911739692389119,4.353024871745205,15.826445621186004,17.597505355435285,20.904339179320132,2.280772339762372,1.7573137750122525,0,1.5,-90.0,0.0,180.0
20260724_230314__rp1p5__vinf25__incm90__toff56210__Om0__om270,1.0052969130399338,0.0452024803756807,23.03346730377764,197.99152400052236,368.1622994407347,8,0.0,4.59574781175251,1,0.31460174458006307,64.15806723683289,67.25314872563517,3.095081488802279,3.095081488802279,14.955421295273068,14.059272732343068,22.835655034160588,-1.257460283329845,1.977629073509502,1,1.5,-90.0,0.0,270.0
20260724_230314__rp1p5__vinf25__incm90__toff56210__Om0__om90,1.0013601970822916,0.0215367752446309,23.339009057895176,229.18176642172955,366.0018473166857,4,0.0,3.3310369384241714,1,0.2858282456224295,67.25314872563517,70.81186354627908,3.558714820643914,3.558714820643914,15.186250961339342,14.940211009750328,22.827758191534244,-0.37652200592258467,1.1686084472628953,0,1.5,-90.0,0.0,90.0
20260724_230314__rp1p5__vinf25__incm90__toff56210__Om180__om0,0.9411664780404618,0.0933608066295172,22.54145926353779,252.10621288176955,333.5012498388604,14,0.0,0.9976970403266492,1,0.02782334532232511,75.16488841802429,90.0,14.83511158197571,8.549078830521594,19.11386467034517,31.088803752269346,19.360281237391497,15.772070736596433,2.407808789218574,0,1.5,-90.0,180.0,0.0
20260724_230314__rp1p5__vinf25__incm90__toff56210__Om180__om180,1.0508950044719518,0.0609434258125373,23.709163216020947,133.92181911561823,393.4927923369133,18,0.0,4.829800810793488,1,0.1790826182198213,61.37544904657465,50.05549481018513,-11.31995423638952,2.554284585230562,12.283816311590954,1.5655634174847548,25.484123860523347,-13.751169598188158,1.9854996743479312,0,1.5,-90.0,180.0,180.0
20260724_230314__rp1p5__vinf25__incm90__toff56210__Om180__om270,1.038378358745114,0.0435389147590586,24.462548244442623,144.73318282482938,386.4837449553609,17,0.0,5.079448249261498,1,0.2856809437724763,61.37544904657465,54.2046324563124,-7.170816590262248,2.554284585230562,12.990487962393733,5.1223067132367905,25.128903954463624,-10.194426302436122,1.1704541503370494,0,1.5,-90.0,180.0,270.0
20260724_230314__rp1p5__vinf25__incm90__toff56210__Om180__om90,1.0176863657508688,0.0268940619703367,23.721659655646487,345.8140758156156,374.989169579675,12,0.0,1.8926068482412841,1,0.31746589162285765,75.16488841802429,64.15806723683289,-11.006821181191398,4.353024871745205,14.213406354759316,10.783762977682136,23.075791039281746,-4.532970037990777,2.114999362503787,1,1.5,-90.0,180.0,90.0
20260724_230314__rp1p5__vinf25__incm90__toff56210__Om270__om0,1.009044621361432,0.0561608637114916,22.41766739211033,347.4757867326202,370.2229593689015,9,0.0,2.0107193135505135,1,0.27492095233069413,75.16488841802429,67.25314872563517,-7.911739692389119,4.353024871745205,14.759730761671898,13.208800696332231,22.296924027403392,-2.107932319340682,1.902603026666928,0,1.5,-90.0,270.0,0.0
20260724_230314__rp1p5__vinf25__incm90__toff56210__Om270__om180,0.8602410580013395,0.2173537022891873,23.66985569360225,325.8372953741391,291.4258291353592,20,0.0,6.01574886712795,1,3.3374637681049535e-05,90.0,90.0,0.0,0.0,25.427566680871628,59.36196801284356,29.196745169775696,44.04523499717065,3.6565142969909576,1,1.5,-90.0,270.0,180.0
20260724_230314__rp1p5__vinf25__incm90__toff56210__Om270__om270,0.9705364656254512,0.0518842813913669,23.392807665884213,176.24466389942378,349.233242953406,12,0.0,4.445547515692461,1,0.0339199801658836,67.25314872563517,90.0,22.74685127436483,8.549078830521594,17.11449313097154,22.88262471271556,26.10609938179863,7.565891697042648,2.1141689649431874,0,1.5,-90.0,270.0,270.0
20260724_230314__rp1p5__vinf25__incm90__toff56210__Om270__om90,1.0184210190654397,0.0124061640243838,23.21505372499163,272.2930620612453,375.3952918741205,12,0.0,1.1482266343326106,1,0.3434168848159249,67.25314872563517,64.15806723683289,-3.095081488802279,3.095081488802279,14.192450386401633,10.597839153832423,22.12838688883862,-4.71889386184049,1.0397884149252676,0,1.5,-90.0,270.0,90.0
20260724_230314__rp1p5__vinf25__incm90__toff56210__Om90__om0,1.1691694696551325,0.137611384393668,22.06236311298055,95.15132820770717,461.757533496924,16,0.0,5.884181691165917,4,9.021092495231642e-08,52.08179734355447,1.9102131717099364,-50.171584171844536,22.36443902287484,5.778918605477396,-51.58044459709571,17.14979860634034,-66.89717761276863,2.8520454401122115,1,1.5,-90.0,90.0,0.0
20260724_230314__rp1p5__vinf25__incm90__toff56210__Om90__om180,1.0140635390454753,0.0468635764420801,24.02439427286232,346.2898262642568,372.9885860983815,11,0.0,2.0807810477030095,1,0.3342152274614367,75.16488841802429,64.15806723683289,-11.006821181191398,4.353024871745205,14.433834476348105,11.798169082920294,23.429706826793876,-3.5185639327526186,1.9000489189230063,0,1.5,-90.0,90.0,180.0
20260724_230314__rp1p5__vinf25__incm90__toff56210__Om90__om270,0.9963157321950724,0.045036210414232,22.388359347564087,236.96124877490516,363.2396699779223,7,0.0,2.8122664815893224,1,0.18462873843711947,67.25314872563517,70.81186354627908,3.558714820643914,3.558714820643914,15.520642567665796,16.36935357966926,20.81019625850103,1.0526205639963457,1.4964361084922466,0,1.5,-90.0,90.0,270.0
20260724_230314__rp1p5__vinf25__incm90__toff56210__Om90__om90,0.986410879877605,0.0164593750205653,24.748275082272173,324.54835916524866,357.8364453552676,10,0.0,2.1393494193309373,1,0.12525619431820445,75.16488841802429,81.4509211694784,6.286032751454115,6.286032751454115,16.1176274386723,18.585239512760634,25.325096335104533,3.2685064970877207,0.923315593140411,0,1.5,-90.0,90.0,90.0
