run,t_end_days,a_au_before,ecc_before,obliquity_deg_before,lon_perihelion_deg_before,a_au_after,ecc_after,obliquity_deg_after,lon_perihelion_deg_after,days_per_year_after,bound_after
20260811_184731__rp0p25__vinf25__inc0__toff59132__Om0__om0,115317.0,0.9998034496770202,0.01652574388691028,23.455291394606874,283.70218158014455,1.2724309932693156,0.14802957778375395,22.308072069902202,141.3897021003132,524.2629280138665,True
20260811_184731__rp0p25__vinf25__inc0__toff59132__Om0__om105,115317.0,0.9997962855110509,0.016528760198591116,23.45529278511996,283.7104593270209,1.1609965140046894,0.2712830388759514,21.568774546726893,187.0793154009193,456.92420402824064,True
20260811_184731__rp0p25__vinf25__inc0__toff59132__Om0__om120,115317.0,0.9997892858009033,0.016531717636956964,23.455292050059956,283.7181830529603,0.8670418180609165,0.306074081003354,23.412151135416806,230.0485648579973,294.88851391044926,True
20260811_184731__rp0p25__vinf25__inc0__toff59132__Om0__om135,115317.0,0.9998045470386675,0.016526825217763982,23.455278256902634,283.6977481436909,0.7126726173071757,0.44461427461098413,24.63575351962269,246.55133242139345,219.75203169541024,True
20260811_184731__rp0p25__vinf25__inc0__toff59132__Om0__om15,115317.0,0.999796437508408,0.016528690728782103,23.455290952703624,283.70998161783905,1.4437831612991696,0.21902111512028968,21.52280020306777,141.46205282458726,633.6519109199864,True
20260811_184731__rp0p25__vinf25__inc0__toff59132__Om0__om150,115317.0,0.9998041597968146,0.01652644930941081,23.45528297281035,283.69932250620167,0.6289017544362863,0.5667499018280256,24.637213799200126,254.14771193269354,182.16796203218325,True
20260811_184731__rp0p25__vinf25__inc0__toff59132__Om0__om165,115317.0,0.999789277072535,0.01653172110391209,23.45529216000389,283.71821160888953,0.5913460801346785,0.6379363457500438,22.61473472220027,270.7643024726689,166.0964590075818,True
20260811_184731__rp0p25__vinf25__inc0__toff59132__Om0__om180,115317.0,0.9998057418618345,0.016527861901885623,23.45526394653297,283.6930094523689,0.6317414828764584,0.5216645060766804,23.075609112841313,300.12017916473167,183.40318929921605,True
20260811_184731__rp0p25__vinf25__inc0__toff59132__Om0__om195,115317.0,0.9997986424641968,0.016530867314004667,23.45526438412606,283.7010430657385,0.7234247493364551,0.31034327365658815,23.557638230091257,304.15814207269773,224.74385918947274,True
20260811_184731__rp0p25__vinf25__inc0__toff59132__Om0__om210,115317.0,0.9997986730299782,0.016530861260118008,23.45526394436211,283.7009299330057,0.730504441611478,0.272924402776433,24.790628606491506,296.0315614075648,228.05105288721097,True
20260811_184731__rp0p25__vinf25__inc0__toff59132__Om0__om225,115317.0,0.9997975433687833,0.016525123031409867,23.455320161289638,283.71565249422724,0.7292233098388674,0.26436382097624855,25.537808440981532,293.0404019088087,227.45139469386586,True
20260811_184731__rp0p25__vinf25__inc0__toff59132__Om0__om240,115317.0,0.9997946226000062,0.016526359884549743,23.455319427488384,283.7188018683397,0.7421654369816182,0.24645586092611144,25.811523533862964,295.77442764056093,233.5333332552369,True
20260811_184731__rp0p25__vinf25__inc0__toff59132__Om0__om255,115317.0,0.9997986890163684,0.01653084883683038,23.455263797758718,283.70089073936856,0.7613888806351929,0.2236550216367942,25.83459252884904,301.5094325059433,242.66524790132897,True
20260811_184731__rp0p25__vinf25__inc0__toff59132__Om0__om270,115317.0,0.9997987209891507,0.01653082399027766,23.45526350455196,283.7008123519175,0.785013923172031,0.20058432503999246,25.677431095501944,310.2573262070263,254.04685897968602,True
20260811_184731__rp0p25__vinf25__inc0__toff59132__Om0__om285,115317.0,0.9997986933647152,0.0165308410328255,23.45526379774718,283.70088962733666,0.8133167581718908,0.17266461269022443,25.32099347151846,319.1261037888396,267.9090421986754,True
20260811_184731__rp0p25__vinf25__inc0__toff59132__Om0__om30,115317.0,0.9997987188149771,0.016530827892279897,23.45526350455775,283.7008129079521,1.36563275147749,0.19408556663168303,20.76464795313089,120.8780170601663,582.9062018030027,True
20260811_184731__rp0p25__vinf25__inc0__toff59132__Om0__om300,115317.0,0.9997915896082044,0.016533830289304892,23.455264455193063,283.708974122819,0.8536975760273431,0.17380479271689359,24.592695113396985,327.19970107214954,288.1070348595154,True
20260811_184731__rp0p25__vinf25__inc0__toff59132__Om0__om315,115317.0,0.9998033841964862,0.01652576380051243,23.455292274148135,283.70240902663903,0.9223639826862141,0.1470886688414102,21.979190776676443,84.357231496785,323.5573681744255,True
20260811_184731__rp0p25__vinf25__inc0__toff59132__Om0__om330,115317.0,0.9998041348702335,0.01652647135880284,23.455283177259908,283.699377852874,0.9812860840438029,0.12149352781926138,25.136537109664342,95.11108388541564,355.05141710494047,True
20260811_184731__rp0p25__vinf25__inc0__toff59132__Om0__om345,115317.0,0.9997892741312407,0.01653171011840731,23.455292306573728,283.7182474761483,1.103900217039929,0.06560152222211726,23.189820199702027,120.08800261812601,423.6356680613778,True
20260811_184731__rp0p25__vinf25__inc0__toff59132__Om0__om45,115317.0,0.9997941096806973,0.016526572484155122,23.455318987547102,283.7193050697458,0.7831957026485891,0.4123082917950415,3.6154393230947313,350.34895563004636,253.16474919285335,True
20260811_184731__rp0p25__vinf25__inc0__toff59132__Om0__om60,115317.0,0.9997993553011206,0.01653056120123734,23.455263797952714,283.7001473992466,-8.945359354127463,1.1130685088426742,5.956806304308721,143.00664691931735,,False
20260811_184731__rp0p25__vinf25__inc0__toff59132__Om0__om75,115317.0,0.9997986235364594,0.016530868748629364,23.455264677298143,283.70111811687184,3.922581442871471,0.7472335623320807,15.991715025709858,153.3760009672406,2837.629853354802,True
20260811_184731__rp0p25__vinf25__inc0__toff59132__Om0__om90,115317.0,0.9998010869271333,0.016523639139172083,23.45531986912646,283.7116199831047,1.7946543801044716,0.4552184367774081,19.181230098303008,157.9183246979168,878.1506461456669,True
20260811_184731__rp0p25__vinf25__inc0__toff59132__Om180__om0,115317.0,0.9998057418618345,0.016527861901885623,23.45526394653297,283.6930094523689,0.6317414828764584,0.5216645060766804,23.075609112841313,300.12017916473167,183.40318929921605,True
20260811_184731__rp0p25__vinf25__inc0__toff59132__Om180__om105,115317.0,0.9997986933647152,0.0165308410328255,23.45526379774718,283.70088962733666,0.8133167581718908,0.17266461269022443,25.32099347151846,319.1261037888396,267.9090421986754,True
20260811_184731__rp0p25__vinf25__inc0__toff59132__Om180__om120,115317.0,0.9997915896082044,0.016533830289304892,23.455264455193063,283.708974122819,0.8536976231471841,0.1738048858919949,24.592695112541634,327.1997282464929,288.10705871261905,True
20260811_184731__rp0p25__vinf25__inc0__toff59132__Om180__om135,115317.0,0.9998033841964862,0.01652576380051243,23.455292274148135,283.70240902663903,0.9223639826862141,0.1470886688414102,21.979190776676443,84.357231496785,323.5573681744255,True
20260811_184731__rp0p25__vinf25__inc0__toff59132__Om180__om15,115317.0,0.9997986424641968,0.016530867314004667,23.45526438412606,283.7010430657385,0.7233800395794475,0.3101778777377415,23.557406793493644,304.1582592868105,224.7230247735472,True
20260811_184731__rp0p25__vinf25__inc0__toff59132__Om180__om150,115317.0,0.9998041348702335,0.01652647135880284,23.455283177259908,283.699377852874,0.9812861989678938,0.12149379414489545,25.136536795997237,95.11105515205482,355.0514794781309,True
20260811_184731__rp0p25__vinf25__inc0__toff59132__Om180__om165,115317.0,0.9997892741312407,0.01653171011840731,23.455292306573728,283.7182474761483,1.1038993433534028,0.0655984731863596,23.189804908642348,120.0875816507002,423.63516512909786,True
20260811_184731__rp0p25__vinf25__inc0__toff59132__Om180__om180,115317.0,0.9998034496770202,0.01652574388691028,23.455291394606874,283.70218158014455,1.2724309932693156,0.14802957778375395,22.308072069902202,141.3897021003132,524.2629280138665,True
20260811_184731__rp0p25__vinf25__inc0__toff59132__Om180__om195,115317.0,0.999796437508408,0.016528690728782103,23.455290952703624,283.70998161783905,1.4437831612991696,0.21902111512028968,21.52280020306777,141.46205282458726,633.6519109199864,True
20260811_184731__rp0p25__vinf25__inc0__toff59132__Om180__om210,115317.0,0.9997987188149771,0.016530827892279897,23.45526350455775,283.7008129079521,1.36563275147749,0.19408556663168303,20.76464795313089,120.8780170601663,582.9062018030027,True
20260811_184731__rp0p25__vinf25__inc0__toff59132__Om180__om225,115317.0,0.9997941096806973,0.016526572484155122,23.455318987547102,283.7193050697458,0.7835241484086202,0.41238488472370866,3.619213760525483,350.4725737790782,253.3240189741572,True
20260811_184731__rp0p25__vinf25__inc0__toff59132__Om180__om240,115317.0,0.9997993553011206,0.01653056120123734,23.455263797952714,283.7001473992466,-8.945359354127463,1.1130685088426742,5.956806304308721,143.00664691931735,,False
20260811_184731__rp0p25__vinf25__inc0__toff59132__Om180__om255,115317.0,0.9997986235364594,0.016530868748629364,23.455264677298143,283.70111811687184,3.922581442871471,0.7472335623320807,15.991715025709858,153.3760009672406,2837.629853354802,True
20260811_184731__rp0p25__vinf25__inc0__toff59132__Om180__om270,115317.0,0.9998010869271333,0.016523639139172083,23.45531986912646,283.7116199831047,1.794654390273311,0.4552184411740586,19.181230168974615,157.9183217549433,878.1506536093096,True
20260811_184731__rp0p25__vinf25__inc0__toff59132__Om180__om285,115317.0,0.9997962855110509,0.016528760198591116,23.45529278511996,283.7104593270209,1.1609965164205005,0.27128304499036504,21.56877461376372,187.07931455881044,456.9242054543981,True
20260811_184731__rp0p25__vinf25__inc0__toff59132__Om180__om30,115317.0,0.9997986730299782,0.016530861260118008,23.45526394436211,283.7009299330057,0.7305765682166205,0.2731147528919862,24.79069459123775,296.0418810014124,228.08482876860236,True
20260811_184731__rp0p25__vinf25__inc0__toff59132__Om180__om300,115317.0,0.9997892858009033,0.016531717636956964,23.455292050059956,283.7181830529603,0.8670422225520739,0.3060743778942658,23.41216109388058,230.04854101821957,294.88872026694963,True
20260811_184731__rp0p25__vinf25__inc0__toff59132__Om180__om315,115317.0,0.9998045470386675,0.016526825217763982,23.455278256902634,283.6977481436909,0.7123880849923766,0.4443046463945929,24.634346917661436,246.51228454849218,219.62044186416736,True
20260811_184731__rp0p25__vinf25__inc0__toff59132__Om180__om330,115317.0,0.9998041597968146,0.01652644930941081,23.45528297281035,283.69932250620167,0.6273330540523642,0.5657834314813401,24.640424605085528,254.1667938382927,181.4868015603138,True
20260811_184731__rp0p25__vinf25__inc0__toff59132__Om180__om345,115317.0,0.999789277072535,0.01653172110391209,23.45529216000389,283.71821160888953,0.5914919409297271,0.6378200959023337,22.619642835204452,270.76320528953516,166.1579165607827,True
20260811_184731__rp0p25__vinf25__inc0__toff59132__Om180__om45,115317.0,0.9997975433687833,0.016525123031409867,23.455320161289638,283.71565249422724,0.7292233098388674,0.26436382097624855,25.537808440981532,293.0404019088087,227.45139469386586,True
20260811_184731__rp0p25__vinf25__inc0__toff59132__Om180__om60,115317.0,0.9997946226000062,0.016526359884549743,23.455319427488384,283.7188018683397,0.7421527736083017,0.24658825463558667,25.81428152834707,295.6552781470249,233.5273562041271,True
20260811_184731__rp0p25__vinf25__inc0__toff59132__Om180__om75,115317.0,0.9997986890163684,0.01653084883683038,23.455263797758718,283.70089073936856,0.7613921827183247,0.22365500115467904,25.834456003164053,301.5158826769181,242.66682653291446,True
20260811_184731__rp0p25__vinf25__inc0__toff59132__Om180__om90,115317.0,0.9997987209891507,0.01653082399027766,23.45526350455196,283.7008123519175,0.785013923172031,0.20058432503999246,25.677431095501944,310.2573262070263,254.04685897968602,True
20260811_184731__rp0p25__vinf25__inc0__toff59132__Om270__om0,115317.0,0.9997987209891507,0.01653082399027766,23.45526350455196,283.7008123519175,0.785013923172031,0.20058432503999246,25.677431095501944,310.2573262070263,254.04685897968602,True
20260811_184731__rp0p25__vinf25__inc0__toff59132__Om270__om105,115317.0,0.999796437508408,0.016528690728782103,23.455290952703624,283.70998161783905,1.4437831612991696,0.21902111512028968,21.52280020306777,141.46205282458726,633.6519109199864,True
20260811_184731__rp0p25__vinf25__inc0__toff59132__Om270__om120,115317.0,0.9997987188149771,0.016530827892279897,23.45526350455775,283.7008129079521,1.36563275147749,0.19408556663168303,20.76464795313089,120.8780170601663,582.9062018030027,True
20260811_184731__rp0p25__vinf25__inc0__toff59132__Om270__om135,115317.0,0.9997941096806973,0.016526572484155122,23.455318987547102,283.7193050697458,0.7829153409660452,0.4116931317862999,3.6189948318544976,350.4509242765657,253.02882273967796,True
20260811_184731__rp0p25__vinf25__inc0__toff59132__Om270__om15,115317.0,0.9997986933647152,0.0165308410328255,23.45526379774718,283.70088962733666,0.8133167581718908,0.17266461269022443,25.32099347151846,319.1261037888396,267.9090421986754,True
20260811_184731__rp0p25__vinf25__inc0__toff59132__Om270__om150,115317.0,0.9997993553011206,0.01653056120123734,23.455263797952714,283.7001473992466,-8.945359354127463,1.1130685088426742,5.956806304308721,143.00664691931735,,False
20260811_184731__rp0p25__vinf25__inc0__toff59132__Om270__om165,115317.0,0.9997986235364594,0.016530868748629364,23.455264677298143,283.70111811687184,3.922581442871471,0.7472335623320807,15.991715025709858,153.3760009672406,2837.629853354802,True
20260811_184731__rp0p25__vinf25__inc0__toff59132__Om270__om180,115317.0,0.9998010869271333,0.016523639139172083,23.45531986912646,283.7116199831047,1.794654390273311,0.4552184411740586,19.181230168974615,157.9183217549433,878.1506536093096,True
20260811_184731__rp0p25__vinf25__inc0__toff59132__Om270__om195,115317.0,0.9997962855110509,0.016528760198591116,23.45529278511996,283.7104593270209,1.1609965140046894,0.2712830388759514,21.568774546726893,187.0793154009193,456.92420402824064,True
20260811_184731__rp0p25__vinf25__inc0__toff59132__Om270__om210,115317.0,0.9997892858009033,0.016531717636956964,23.455292050059956,283.7181830529603,0.8670394105623677,0.3060726401217868,23.412136785616806,230.04827599972552,294.88728569429804,True
20260811_184731__rp0p25__vinf25__inc0__toff59132__Om270__om225,115317.0,0.9998045470386675,0.016526825217763982,23.455278256902634,283.6977481436909,0.7124857324227183,0.4444715907978283,24.632028893534333,246.51211974061567,219.66559865535137,True
20260811_184731__rp0p25__vinf25__inc0__toff59132__Om270__om240,115317.0,0.9998041597968146,0.01652644930941081,23.45528297281035,283.69932250620167,0.6279335753192493,0.5662900875314312,24.639306007071784,254.1208227297734,181.74745918380148,True
20260811_184731__rp0p25__vinf25__inc0__toff59132__Om270__om255,115317.0,0.999789277072535,0.01653172110391209,23.45529216000389,283.71821160888953,0.5914919409297271,0.6378200959023337,22.619642835204452,270.76320528953516,166.1579165607827,True
20260811_184731__rp0p25__vinf25__inc0__toff59132__Om270__om270,115317.0,0.9998057418618345,0.016527861901885623,23.45526394653297,283.6930094523689,0.6317414824725867,0.5216645030071232,23.075609373811865,300.12018120435346,183.40318912334186,True
20260811_184731__rp0p25__vinf25__inc0__toff59132__Om270__om285,115317.0,0.9997986424641968,0.016530867314004667,23.45526438412606,283.7010430657385,0.7234376568776963,0.31034722849905444,23.557948270032792,304.1482598143478,224.74987412794448,True
20260811_184731__rp0p25__vinf25__inc0__toff59132__Om270__om30,115317.0,0.9997915896082044,0.016533830289304892,23.455264455193063,283.708974122819,0.8536975919706783,0.17380482448945733,24.59269511444496,327.1997100283389,288.10704293038356,True
20260811_184731__rp0p25__vinf25__inc0__toff59132__Om270__om300,115317.0,0.9997986730299782,0.016530861260118008,23.45526394436211,283.7009299330057,0.7306920643920851,0.27255989250536894,24.788638855572945,296.03803187201623,228.138917486312,True
20260811_184731__rp0p25__vinf25__inc0__toff59132__Om270__om315,115317.0,0.9997975433687833,0.016525123031409867,23.455320161289638,283.71565249422724,0.7292610278035757,0.26432150779627517,25.5381883958284,293.0585007641581,227.4690417873457,True
20260811_184731__rp0p25__vinf25__inc0__toff59132__Om270__om330,115317.0,0.9997946226000062,0.016526359884549743,23.455319427488384,283.7188018683397,0.7409166706697601,0.24603657862572145,25.815076548665946,295.442022809129,232.94416707297,True
20260811_184731__rp0p25__vinf25__inc0__toff59132__Om270__om345,115317.0,0.9997986890163684,0.01653084883683038,23.455263797758718,283.70089073936856,0.7613921827183247,0.22365500115467904,25.834456003164053,301.5158826769181,242.66682653291446,True
20260811_184731__rp0p25__vinf25__inc0__toff59132__Om270__om45,115317.0,0.9998033841964862,0.01652576380051243,23.455292274148135,283.70240902663903,0.9223770408783134,0.14710346491612686,21.97974931392022,84.36280895567965,323.5642392513029,True
20260811_184731__rp0p25__vinf25__inc0__toff59132__Om270__om60,115317.0,0.9998041348702335,0.01652647135880284,23.455283177259908,283.699377852874,0.9812862616703215,0.12149396671930424,25.13654647952304,95.11118393161725,355.0515135088603,True
20260811_184731__rp0p25__vinf25__inc0__toff59132__Om270__om75,115317.0,0.9997892741312407,0.01653171011840731,23.455292306573728,283.7182474761483,1.1038994167482343,0.0656007040085221,23.189790970789797,120.08814496084509,423.63520737837393,True
20260811_184731__rp0p25__vinf25__inc0__toff59132__Om270__om90,115317.0,0.9998034496770202,0.01652574388691028,23.455291394606874,283.70218158014455,1.2724309932693156,0.14802957778375395,22.308072069902202,141.3897021003132,524.2629280138665,True
20260811_184731__rp0p25__vinf25__inc0__toff59132__Om90__om0,115317.0,0.9998010869271333,0.016523639139172083,23.45531986912646,283.7116199831047,1.7946543801044716,0.4552184367774081,19.181230098303008,157.9183246979168,878.1506461456669,True
20260811_184731__rp0p25__vinf25__inc0__toff59132__Om90__om105,115317.0,0.9997986424641968,0.016530867314004667,23.45526438412606,283.7010430657385,0.7234247493364551,0.31034327365658815,23.557638230091257,304.15814207269773,224.74385918947274,True
20260811_184731__rp0p25__vinf25__inc0__toff59132__Om90__om120,115317.0,0.9997986730299782,0.016530861260118008,23.45526394436211,283.7009299330057,0.7306353547018135,0.2727941467106222,24.789749373933866,295.9985661461735,228.11235889148742,True
20260811_184731__rp0p25__vinf25__inc0__toff59132__Om90__om135,115317.0,0.9997975433687833,0.016525123031409867,23.455320161289638,283.71565249422724,0.7291131675248866,0.2644883307929655,25.537395429832145,293.0105661318669,227.39986505280828,True
20260811_184731__rp0p25__vinf25__inc0__toff59132__Om90__om15,115317.0,0.9997962855110509,0.016528760198591116,23.45529278511996,283.7104593270209,1.1609965140046894,0.2712830388759514,21.568774546726893,187.0793154009193,456.92420402824064,True
20260811_184731__rp0p25__vinf25__inc0__toff59132__Om90__om150,115317.0,0.9997946226000062,0.016526359884549743,23.455319427488384,283.7188018683397,0.741296959605244,0.24706019793864262,25.814897487115964,295.74467326963173,233.12353431957783,True
20260811_184731__rp0p25__vinf25__inc0__toff59132__Om90__om165,115317.0,0.9997986890163684,0.01653084883683038,23.455263797758718,283.70089073936856,0.7613934101800645,0.22366054236393837,25.834533230665045,301.51027859727174,242.66741334816925,True
20260811_184731__rp0p25__vinf25__inc0__toff59132__Om90__om180,115317.0,0.9997987209891507,0.01653082399027766,23.45526350455196,283.7008123519175,0.785013923172031,0.20058432503999246,25.677431095501944,310.2573262070263,254.04685897968602,True
20260811_184731__rp0p25__vinf25__inc0__toff59132__Om90__om195,115317.0,0.9997986933647152,0.0165308410328255,23.45526379774718,283.70088962733666,0.8133167581718908,0.17266461269022443,25.32099347151846,319.1261037888396,267.9090421986754,True
20260811_184731__rp0p25__vinf25__inc0__toff59132__Om90__om210,115317.0,0.9997915896082044,0.016533830289304892,23.455264455193063,283.708974122819,0.8536975760273431,0.17380479271689359,24.592695113396985,327.19970107214954,288.1070348595154,True
20260811_184731__rp0p25__vinf25__inc0__toff59132__Om90__om225,115317.0,0.9998033841964862,0.01652576380051243,23.455292274148135,283.70240902663903,0.9223770408783134,0.14710346491612686,21.97974931392022,84.36280895567965,323.5642392513029,True
20260811_184731__rp0p25__vinf25__inc0__toff59132__Om90__om240,115317.0,0.9998041348702335,0.01652647135880284,23.455283177259908,283.699377852874,0.9812863632331816,0.12149404541278135,25.136545460963784,95.11114317809538,355.0515686304638,True
20260811_184731__rp0p25__vinf25__inc0__toff59132__Om90__om255,115317.0,0.9997892741312407,0.01653171011840731,23.455292306573728,283.7182474761483,1.103900217039929,0.06560152222211726,23.189820199702027,120.08800261812601,423.6356680613778,True
20260811_184731__rp0p25__vinf25__inc0__toff59132__Om90__om270,115317.0,0.9998034496770202,0.01652574388691028,23.455291394606874,283.70218158014455,1.2724309932693156,0.14802957778375395,22.308072069902202,141.3897021003132,524.2629280138665,True
20260811_184731__rp0p25__vinf25__inc0__toff59132__Om90__om285,115317.0,0.999796437508408,0.016528690728782103,23.455290952703624,283.70998161783905,1.4437831612991696,0.21902111512028968,21.52280020306777,141.46205282458726,633.6519109199864,True
20260811_184731__rp0p25__vinf25__inc0__toff59132__Om90__om30,115317.0,0.9997892858009033,0.016531717636956964,23.455292050059956,283.7181830529603,0.8670424097884305,0.3060748504159111,23.412160873786895,230.04860677556556,294.88881578806354,True
20260811_184731__rp0p25__vinf25__inc0__toff59132__Om90__om300,115317.0,0.9997987188149771,0.016530827892279897,23.45526350455775,283.7008129079521,1.36563275147749,0.19408556663168303,20.76464795313089,120.8780170601663,582.9062018030027,True
20260811_184731__rp0p25__vinf25__inc0__toff59132__Om90__om315,115317.0,0.9997941096806973,0.016526572484155122,23.455318987547102,283.7193050697458,0.7829153409660452,0.4116931317862999,3.6189948318544976,350.4509242765657,253.02882273967796,True
20260811_184731__rp0p25__vinf25__inc0__toff59132__Om90__om330,115317.0,0.9997993553011206,0.01653056120123734,23.455263797952714,283.7001473992466,-8.945359354127463,1.1130685088426742,5.956806304308721,143.00664691931735,,False
20260811_184731__rp0p25__vinf25__inc0__toff59132__Om90__om345,115317.0,0.9997986235364594,0.016530868748629364,23.455264677298143,283.70111811687184,3.922581442871471,0.7472335623320807,15.991715025709858,153.3760009672406,2837.629853354802,True
20260811_184731__rp0p25__vinf25__inc0__toff59132__Om90__om45,115317.0,0.9998045470386675,0.016526825217763982,23.455278256902634,283.6977481436909,0.7118432506587545,0.44368796767169894,24.63266593583547,246.5328461750188,219.36854150607485,True
20260811_184731__rp0p25__vinf25__inc0__toff59132__Om90__om60,115317.0,0.9998041597968146,0.01652644930941081,23.45528297281035,283.69932250620167,0.6271702684964912,0.565715842568312,24.64044067895428,254.15791502735306,181.41616560451968,True
20260811_184731__rp0p25__vinf25__inc0__toff59132__Om90__om75,115317.0,0.999789277072535,0.01653172110391209,23.45529216000389,283.71821160888953,0.5914919409297271,0.6378200959023337,22.619642835204452,270.76320528953516,166.1579165607827,True
20260811_184731__rp0p25__vinf25__inc0__toff59132__Om90__om90,115317.0,0.9998057418618345,0.016527861901885623,23.45526394653297,283.6930094523689,0.6317414828764584,0.5216645060766804,23.075609112841313,300.12017916473167,183.40318929921605,True
20260811_184731__rp0p25__vinf25__inc30__toff59132__Om0__om0,115317.0,0.9998035418167165,0.016525964021307158,23.4553039383319,283.7016346813808,1.2672459779647627,0.14707849997168707,23.755245639732244,139.20201377921217,521.0617246891225,True
20260811_184731__rp0p25__vinf25__inc30__toff59132__Om0__om105,115317.0,0.9997965524383178,0.016528910912202214,23.455304532404405,283.70934159839334,1.1762126365962065,0.3011543713523242,24.255834437714462,206.36571281708223,465.9363054823498,True
20260811_184731__rp0p25__vinf25__inc30__toff59132__Om0__om120,115317.0,0.9997917939200353,0.01653402410491488,23.455276124245003,283.70802163170686,0.8538976607152758,0.32427531294074907,23.769768807997504,251.16683111376943,288.2083280785437,True
20260811_184731__rp0p25__vinf25__inc30__toff59132__Om0__om135,115317.0,0.9998036019394758,0.016525934078799157,23.455303737628856,283.70145142991555,0.692950732713616,0.4646582484061151,23.270751867429812,265.43428503583027,210.6935922861491,True
20260811_184731__rp0p25__vinf25__inc30__toff59132__Om0__om15,115317.0,0.9997965663184184,0.016528896285148052,23.455303636782403,283.70931519578977,1.4648813339792668,0.22969646854381523,23.984929007939794,142.958571797023,647.5919745744262,True
20260811_184731__rp0p25__vinf25__inc30__toff59132__Om0__om150,115317.0,0.9998041799582875,0.016526463692475346,23.455281982969055,283.6992439557415,0.6092037272609296,0.6017289781379227,23.04220300364285,263.7003057718509,173.67672378618076,True
20260811_184731__rp0p25__vinf25__inc30__toff59132__Om0__om165,115317.0,0.9997892474064983,0.016531659206303083,23.455287560251712,283.7183782763972,0.5576436108342654,0.7448965961454768,25.07081245660938,248.564160620611,152.10128613126543,True
20260811_184731__rp0p25__vinf25__inc30__toff59132__Om0__om180,115317.0,0.9998030979788359,0.016525461183593288,23.455272036740894,283.70375630815175,0.5902267479631205,0.7038984129668919,69.6140636929451,211.31636080685269,165.62508756342908,True
20260811_184731__rp0p25__vinf25__inc30__toff59132__Om0__om195,115317.0,0.9997988838672722,0.016531028208375338,23.455275348759823,283.7000081655423,1.2799657526525792,0.3293331070262539,29.10094128194486,16.052598353765955,528.9264859133965,True
20260811_184731__rp0p25__vinf25__inc30__toff59132__Om0__om210,115317.0,0.999799332068756,0.01653151719310558,23.455308810599462,283.69790049864366,0.7955660335994851,0.2022239042181116,23.55652009709851,296.9661163718289,259.1863582374744,True
20260811_184731__rp0p25__vinf25__inc30__toff59132__Om0__om225,115317.0,0.9998019238453386,0.01652907152485017,23.455243150490062,283.6982785377031,0.7415693726898719,0.2426279397636216,22.931326862617162,285.5492113866512,233.2520490818825,True
20260811_184731__rp0p25__vinf25__inc30__toff59132__Om0__om240,115317.0,0.9997989458664739,0.01653033080419775,23.455244140777427,283.70161648963915,0.7411429757966486,0.24036451312849444,22.734537182669424,287.8625592342988,233.0509007042746,True
20260811_184731__rp0p25__vinf25__inc30__toff59132__Om0__om255,115317.0,0.9997994087703251,0.016531480674493667,23.455308099967343,283.69766280414615,0.759040516010607,0.22568776982383013,22.74313708246951,293.8332242099508,241.54342922250095,True
20260811_184731__rp0p25__vinf25__inc30__toff59132__Om0__om270,115317.0,0.9997960379208931,0.01652843925348301,23.45527128554984,283.71168603577996,0.7803562706425864,0.20471996981209883,22.7827246696835,303.3029836541507,251.7892459256844,True
20260811_184731__rp0p25__vinf25__inc30__toff59132__Om0__om285,115317.0,0.999796088192145,0.016528425368030574,23.45527170160303,283.71150931859825,0.8055497927472096,0.17371054412740802,22.87610635187674,306.1656440053642,264.08052562252277,True
20260811_184731__rp0p25__vinf25__inc30__toff59132__Om0__om30,115317.0,0.9997971151916328,0.016529336095655107,23.4553346082823,283.7068961714334,1.4054516218031994,0.21238321350832998,24.30396361640369,127.89408039129617,608.5855575896869,True
20260811_184731__rp0p25__vinf25__inc30__toff59132__Om0__om300,115317.0,0.9997889427260125,0.01653143162440098,23.455271880910903,283.7197287590106,0.8548947939655155,0.18438227478841768,22.963210086352333,326.89334184937496,288.7133054328996,True
20260811_184731__rp0p25__vinf25__inc30__toff59132__Om0__om315,115317.0,0.9998033846420701,0.016525689939442808,23.45528714459533,283.70247700200264,0.6649798472901762,0.30004979812804744,29.752398148884783,142.04926301237512,198.06626689818304,True
20260811_184731__rp0p25__vinf25__inc30__toff59132__Om0__om330,115317.0,0.9998041105649853,0.016526479594123684,23.45528245774524,283.6994579677847,0.9705863007323249,0.1237762133026589,22.8905409133802,85.32814987601006,349.2601419417754,True
20260811_184731__rp0p25__vinf25__inc30__toff59132__Om0__om345,115317.0,0.9997892616753848,0.016531641384925945,23.455287239123614,283.71835763099875,1.0948257339642642,0.057896879122077825,23.55448390174503,114.14243060795707,418.4227465078784,True
20260811_184731__rp0p25__vinf25__inc30__toff59132__Om0__om45,115317.0,0.9997982806656409,0.016530603805769487,23.45524461526784,283.7026172546613,0.6550319143138932,0.6599260724247478,39.70098180249529,8.366725300033474,193.63839778402496,True
20260811_184731__rp0p25__vinf25__inc30__toff59132__Om0__om60,115317.0,0.9997989639886051,0.016530312440014218,23.455244975671654,283.70181211620616,-1.7365598511841884,1.5469788967288995,31.275605192464365,149.95849741624116,,False
20260811_184731__rp0p25__vinf25__inc30__toff59132__Om0__om75,115317.0,0.999799383254218,0.016531484722455244,23.455308877590333,283.6977597424595,7.830648135865139,0.8824768077790272,23.337458676012567,153.1306733658755,8003.765482588282,True
20260811_184731__rp0p25__vinf25__inc30__toff59132__Om0__om90,115317.0,0.9998054608231867,0.016527590603962968,23.455243342916585,283.6942673083977,1.981252119575438,0.5248020580873087,24.861289595484145,173.11153037135782,1018.608759654729,True
20260811_184731__rp0p25__vinf25__inc30__toff59132__Om180__om0,115317.0,0.9998035897763548,0.016525926750811108,23.455303498523424,283.7015170676634,0.6822491638285115,0.4413155113150062,25.55175410348969,273.9232950720901,205.8317225054646,True
20260811_184731__rp0p25__vinf25__inc30__toff59132__Om180__om105,115317.0,0.9997965938747935,0.01652888534333317,23.455304092612334,283.70922568538776,0.8453794360073384,0.12637575955025893,28.17007559261604,315.52006268747897,283.9064827515601,True
20260811_184731__rp0p25__vinf25__inc30__toff59132__Om180__om120,115317.0,0.9997894521940213,0.016531890011094418,23.455304525431345,283.71743312418084,0.8856832044386546,0.07637420579499588,26.936418015188412,310.22209204133935,304.44959730267755,True
20260811_184731__rp0p25__vinf25__inc30__toff59132__Om180__om135,115317.0,0.9998036368539511,0.016525920220452246,23.45530329785277,283.70133715141037,0.8410104088456096,0.10445314629166384,24.3332629914573,261.98784748288637,281.7084322623276,True
20260811_184731__rp0p25__vinf25__inc30__toff59132__Om180__om15,115317.0,0.9997988876545584,0.016531026705053308,23.45527560215411,283.6999960219555,0.6972320196848442,0.3910199139656638,26.965761322689076,281.0471312307061,212.6492109221226,True
20260811_184731__rp0p25__vinf25__inc30__toff59132__Om180__om150,115317.0,0.9998041140860147,0.01652647819652953,23.455282693322967,283.69944667479774,1.1457897704306734,0.1857983308873501,26.213167680014237,130.20210619446215,447.9764679000447,True
20260811_184731__rp0p25__vinf25__inc30__toff59132__Om180__om165,115317.0,0.9997892648313957,0.016531640131209707,23.45528745028556,283.71834751316266,1.1660786075017027,0.08045414693914842,22.945505571278638,126.2990147041731,459.9276637870848,True
20260811_184731__rp0p25__vinf25__inc30__toff59132__Om180__om180,115317.0,0.9998030500192449,0.016525498455256707,23.455272476551336,283.70387392057836,1.2945380952917962,0.15569018657784864,21.272427922174895,134.99328995410534,537.9848467927992,True
20260811_184731__rp0p25__vinf25__inc30__toff59132__Om180__om195,115317.0,0.99979656253115,0.016528897789054944,23.45530338338819,283.70932734010944,1.3677488501554256,0.18686342237668654,20.083406495880585,127.13944542321752,584.261578735594,True
20260811_184731__rp0p25__vinf25__inc30__toff59132__Om180__om210,115317.0,0.9997971278158752,0.016529331083116536,23.455335452928082,283.70685569073214,1.2173524008907253,0.14215767109919586,19.423672367863983,86.85463869693116,490.59403708053657,True
20260811_184731__rp0p25__vinf25__inc30__toff59132__Om180__om225,115317.0,0.9997982806656409,0.016530603805769487,23.45524461526784,283.7026172546613,0.8206015923839967,0.3571800203351427,9.989870197021244,333.17384552262484,271.5165604720064,True
20260811_184731__rp0p25__vinf25__inc30__toff59132__Om180__om240,115317.0,0.9997989690383208,0.016530310435443576,23.455245313531346,283.7017959242477,2.072741682381838,0.47222078885934016,7.844090007004109,66.91639864839823,1089.9725529974899,True
20260811_184731__rp0p25__vinf25__inc30__toff59132__Om180__om255,115317.0,0.9997993782044979,0.016531486726708334,23.45530853973192,283.6977759337161,1.9921027197956573,0.4533874284648077,12.83401850587916,115.9416122875995,1026.9880329400644,True
20260811_184731__rp0p25__vinf25__inc30__toff59132__Om180__om270,115317.0,0.9998054507236245,0.016527594611870627,23.455242667197,283.69429969967075,1.4575314072517456,0.2919280976081951,17.58112240492156,133.56869956235127,642.7242306542352,True
20260811_184731__rp0p25__vinf25__inc30__toff59132__Om180__om285,115317.0,0.9997960467557111,0.016528450938082754,23.45527214139614,283.7116252316084,1.1197124485898091,0.19563951951143455,21.243951961924523,174.21056755187053,432.77040134845976,True
20260811_184731__rp0p25__vinf25__inc30__toff59132__Om180__om30,115317.0,0.9997993194444583,0.01653152220376985,23.455307965953413,283.69794097665346,0.7157372994225091,0.3438420699187033,28.132202749450133,285.9337319162812,221.17104291906023,True
20260811_184731__rp0p25__vinf25__inc30__toff59132__Om180__om300,115317.0,0.9997912844514069,0.01653356561895725,23.455243480064173,283.71031672832027,0.9098242567230284,0.2558937144945348,24.003445738488416,218.44559863819043,316.98160300861946,True
20260811_184731__rp0p25__vinf25__inc30__toff59132__Om180__om315,115317.0,0.9998033497276126,0.01652570379837481,23.45528758437145,283.702591281233,0.7817310445308377,0.3701316390237387,25.4816834603529,236.98688317078074,252.45491436279107,True
20260811_184731__rp0p25__vinf25__inc30__toff59132__Om180__om330,115317.0,0.9998041764372579,0.01652646509005777,23.455281747391357,283.6992552487561,0.708973007809491,0.45196194021949493,25.395532847931324,248.9646620062084,218.0430969050813,True
20260811_184731__rp0p25__vinf25__inc30__toff59132__Om180__om345,115317.0,0.9997892442504875,0.01653166046002086,23.455287349089765,283.7183883942191,0.6819925976504847,0.47277097700222,24.89797278150962,262.63582163024336,205.71562600588143,True
20260811_184731__rp0p25__vinf25__inc30__toff59132__Om180__om45,115317.0,0.9998019238453386,0.01652907152485017,23.455243150490062,283.6982785377031,0.7356371319026036,0.2973964096079172,28.846483674915547,290.3364931996949,230.45877767373236,True
20260811_184731__rp0p25__vinf25__inc30__toff59132__Om180__om60,115317.0,0.9997989408167585,0.016530332808753316,23.455243802917753,283.70163268159763,0.7580971163440473,0.2570100171711735,29.189877063074714,293.8249603207204,241.0932533100102,True
20260811_184731__rp0p25__vinf25__inc30__toff59132__Om180__om75,115317.0,0.9997994138200453,0.016531478670249983,23.45530843782576,283.69764661287024,0.7829102210968834,0.21348819742269626,29.15639490216194,299.854622075635,253.0263407235246,True
20260811_184731__rp0p25__vinf25__inc30__toff59132__Om180__om90,115317.0,0.9997960480202653,0.016528435242692863,23.455271961268984,283.7116536505655,0.8108450162706246,0.1701421885127041,28.83998791937917,306.3975530358348,266.6886714989437,True
20260811_184731__rp0p25__vinf25__inc30__toff59132__Om270__om0,115317.0,0.999798887369686,0.01653103289657286,23.45527494878511,283.69998334008943,0.7996970411032799,0.20295600409378117,27.491116474046724,308.8095007092824,261.2077294225302,True
20260811_184731__rp0p25__vinf25__inc30__toff59132__Om270__om105,115317.0,0.9997966259111205,0.016528884778197715,23.45530357956208,283.7090946084878,1.577933622719283,0.2864045214053226,26.8715082757156,158.51046217382287,723.9871962252746,True
20260811_184731__rp0p25__vinf25__inc30__toff59132__Om270__om120,115317.0,0.9997989092517331,0.016531005976820955,23.45527554000442,283.6999516677708,1.6939633264120737,0.3425033578698493,28.778992204429827,150.74633970029117,805.2927627646262,True
20260811_184731__rp0p25__vinf25__inc30__toff59132__Om270__om135,115317.0,0.9997942888956193,0.0165267671069642,23.455330854348187,283.7184537276553,3.3082205552887203,0.6855762879223987,34.20978090875175,151.29375145420374,2197.8066039037703,True
20260811_184731__rp0p25__vinf25__inc30__toff59132__Om270__om15,115317.0,0.9997988760165103,0.016531031324182932,23.455275748745912,283.70003410339723,0.8287310653106795,0.17221914991765522,27.800328057862643,316.42060096758195,275.5612960039243,True
20260811_184731__rp0p25__vinf25__inc30__toff59132__Om270__om150,115317.0,0.9997992399164637,0.016530602347455285,23.455263170814067,283.7003016056107,82.75999832085908,0.9898937027562262,24.723941312703545,148.02378810839235,274997.34451849817,True
20260811_184731__rp0p25__vinf25__inc30__toff59132__Om270__om165,115317.0,0.9997985546081953,0.016530828500901703,23.4552605173834,283.7014000819719,3.465873698781404,0.7288057333318223,19.37821838910832,156.2175671176868,2356.7683049819498,True
20260811_184731__rp0p25__vinf25__inc30__toff59132__Om270__om180,115317.0,0.9997937340053683,0.01652630854583599,23.455299849310045,283.7209388111829,1.6113989673277775,0.4184179098785635,18.403320741359565,161.31120132984026,747.1407290439587,True
20260811_184731__rp0p25__vinf25__inc30__toff59132__Om270__om195,115317.0,0.9997964730720402,0.016528936348382647,23.455304482833345,283.7096135208086,1.0764883123605677,0.24100493345023036,19.81286179385559,186.86305935413196,407.95453829922246,True
20260811_184731__rp0p25__vinf25__inc30__toff59132__Om270__om210,115317.0,0.9997970398273309,0.016529375132982683,23.455336479086792,283.7071239365674,0.8317836763271529,0.2841859452832662,22.666457463095202,222.36517683179346,277.0852323437786,True
20260811_184731__rp0p25__vinf25__inc30__toff59132__Om270__om225,115317.0,0.9997901268039024,0.016532484199533036,23.45525789717481,283.7149991192966,0.7025895906969062,0.40812880935865714,26.650835050980735,231.15435972473136,215.1049265246655,True
20260811_184731__rp0p25__vinf25__inc30__toff59132__Om270__om240,115317.0,0.9997897391437667,0.016532126825181362,23.455263457764644,283.7165361749407,0.6283686111009118,0.5367682226177458,31.941915156367067,228.63959490344365,181.93636532917031,True
20260811_184731__rp0p25__vinf25__inc30__toff59132__Om270__om255,115317.0,0.9997899865919869,0.016532338519108375,23.455336755993947,283.71505597667624,0.5655236246271256,0.7561663105116563,43.522271402192125,217.73294855082756,155.33664419169534,True
20260811_184731__rp0p25__vinf25__inc30__toff59132__Om270__om270,115317.0,0.9997983636046902,0.016530561767481713,23.455243251247317,283.70236520638537,1.555708372243965,0.4315170035504301,43.88765028310511,120.71122321608983,708.7451071697783,True
20260811_184731__rp0p25__vinf25__inc30__toff59132__Om270__om285,115317.0,0.9997983425772844,0.016530570113397675,23.455244620136906,283.70243492511645,0.8583983149881215,0.2086451763333159,22.264214589433568,328.1077748947854,290.48992539591904,True
20260811_184731__rp0p25__vinf25__inc30__toff59132__Om270__om30,115317.0,0.999799322322134,0.016531508905168513,23.45530803922786,283.69795779057165,0.8679349961491777,0.13185762617669783,28.030882405721023,324.12691012873324,295.34429777323805,True
20260811_184731__rp0p25__vinf25__inc30__toff59132__Om270__om300,115317.0,0.9997983518220857,0.01653058467835632,23.455243335748012,283.7023644927038,0.7586921202367946,0.24924371143131002,24.74758757981141,292.7171732430207,241.37714748061344,True
20260811_184731__rp0p25__vinf25__inc30__toff59132__Om270__om315,115317.0,0.9997939566263261,0.01652655048595649,23.455315873569692,283.71989515142184,0.7449835418531112,0.25524270741438543,25.854263195829883,290.0745587445123,234.86473271349178,True
20260811_184731__rp0p25__vinf25__inc30__toff59132__Om270__om330,115317.0,0.9997945502569836,0.016526394551878383,23.4553185648116,283.71890769878934,0.7566242639394791,0.24467673915992533,26.558256800016046,294.5086265027663,240.3909905478417,True
20260811_184731__rp0p25__vinf25__inc30__toff59132__Om270__om345,115317.0,0.9997986245416312,0.01653079618462689,23.455259426661623,283.70118087809385,0.775987060621368,0.22610388174109866,27.074263754029953,301.36370652345806,249.6775589826277,True
20260811_184731__rp0p25__vinf25__inc30__toff59132__Om270__om45,115317.0,0.9997889509251615,0.016531446597753942,23.455271914451767,283.7196628144355,0.9238301351990906,0.07747413717509233,28.20185249804428,332.6271108853632,324.3291452434422,True
20260811_184731__rp0p25__vinf25__inc30__toff59132__Om270__om60,115317.0,0.9997897178648201,0.016532135276852575,23.455263324332183,283.71660545880354,1.0119900384957867,0.0036721785155824542,28.25618125804031,51.3939500476547,371.8451717168137,True
20260811_184731__rp0p25__vinf25__inc30__toff59132__Om270__om75,115317.0,0.9997899669589582,0.016532364547640507,23.455337240474595,283.71508117731264,1.152825203093406,0.09364956241661387,27.98459048241919,157.0110090350542,452.1088246593841,True
20260811_184731__rp0p25__vinf25__inc30__toff59132__Om270__om90,115317.0,0.9997960815272234,0.016528440169491166,23.45527137493516,283.71150463515454,1.3596441444508724,0.19958381367084438,27.311128046018993,160.7113863788697,579.0761460407847,True
20260811_184731__rp0p25__vinf25__inc30__toff59132__Om90__om0,115317.0,0.9997942258008155,0.01652677393875952,23.455331311546466,283.71869917376694,1.8261409899604684,0.4471549261542708,20.10986998036511,159.02026858540148,901.3620055758007,True
20260811_184731__rp0p25__vinf25__inc30__toff59132__Om90__om105,115317.0,0.9997988482604463,0.01653103018388166,23.45527701080855,283.70015182146784,0.6976219644379592,0.3263570055346072,27.05247321543889,298.22646839770323,212.82763008808155,True
20260811_184731__rp0p25__vinf25__inc30__toff59132__Om90__om120,115317.0,0.9997988612925428,0.016531043246213278,23.455275979813806,283.700069249331,0.7438245641172344,0.2324189779256261,26.110098984461146,301.5748807123762,234.31687409736733,True
20260811_184731__rp0p25__vinf25__inc30__toff59132__Om90__om135,115317.0,0.9997942088370213,0.01652678067682781,23.455332027054272,283.71875510365595,0.7556367470565206,0.2106862526482173,25.4753214882537,301.65618855558034,239.9205205312103,True
20260811_184731__rp0p25__vinf25__inc30__toff59132__Om90__om15,115317.0,0.9997964768593081,0.01652893484445794,23.455304736227557,283.70960137654373,1.3416621963136977,0.3277912841764987,23.075750116664945,180.7116919408658,567.6263721730301,True
20260811_184731__rp0p25__vinf25__inc30__toff59132__Om90__om150,115317.0,0.9997945537779455,0.01652639315315816,23.455318800389122,283.7188964074439,0.7625182156115161,0.20463006487365415,24.8919293827745,301.96573906664423,243.20535025033217,True
20260811_184731__rp0p25__vinf25__inc30__toff59132__Om90__om165,115317.0,0.9997986276977014,0.016530794931800402,23.45525963782369,283.70117075838033,0.7753565728684991,0.19403266504704803,24.20164971611109,305.77278381431324,249.37332711230476,True
20260811_184731__rp0p25__vinf25__inc30__toff59132__Om90__om180,115317.0,0.9997983955731864,0.016530567311730117,23.455243487226863,283.7022219116284,0.7937263743951634,0.18113776335613738,23.419518447031393,312.39584890061695,258.28786811013487,True
20260811_184731__rp0p25__vinf25__inc30__toff59132__Om90__om195,115317.0,0.999798872229224,0.01653103282750732,23.455275495351657,283.70004624697714,0.8192943268128792,0.1673462224577329,22.578272670919336,319.6761487423642,270.86800667517906,True
20260811_184731__rp0p25__vinf25__inc30__toff59132__Om90__om210,115317.0,0.9997993349464321,0.01653150389450064,23.455308883873908,283.69791731253395,0.846791368654225,0.19071023369528262,21.698869425477312,327.5388118001226,284.6180404440099,True
20260811_184731__rp0p25__vinf25__inc30__toff59132__Om90__om225,115317.0,0.9997889509251615,0.016531446597753942,23.455271914451767,283.7196628144355,0.8852104295154517,0.13794344597496583,20.992777491578213,333.1320660457633,304.20585847305625,True
20260811_184731__rp0p25__vinf25__inc30__toff59132__Om90__om240,115317.0,0.9997897229144423,0.01653213327105894,23.455263662191626,283.71658927053534,0.9474486687133502,0.09157709784157429,20.21657878484586,347.9180768355642,336.84594621205184,True
20260811_184731__rp0p25__vinf25__inc30__toff59132__Om90__om255,115317.0,0.9997899619093334,0.01653236655332934,23.455336902616438,283.715097365514,1.0228246679975639,0.03369023369567835,19.266884282709658,18.80052450273319,377.83273390779965,True
20260811_184731__rp0p25__vinf25__inc30__toff59132__Om90__om270,115317.0,0.9997960714278508,0.016528444180256462,23.455270699216044,283.711537020395,1.1366115616443313,0.05794638966827123,18.412036859406452,127.33703828561988,442.6045706419151,True
20260811_184731__rp0p25__vinf25__inc30__toff59132__Om90__om285,115317.0,0.9997961202284397,0.0165284248015417,23.45527118855382,283.71137823810017,1.2781474134925865,0.13285917843367875,17.8040616955417,138.81414106202442,527.7997845735581,True
20260811_184731__rp0p25__vinf25__inc30__toff59132__Om90__om30,115317.0,0.9997970272030908,0.01652938014557683,23.455335634440967,283.7071644170778,1.0143662417240118,0.2821755199404313,25.00183885658404,219.21211828697616,373.1556068001655,True
20260811_184731__rp0p25__vinf25__inc30__toff59132__Om90__om300,115317.0,0.9997983997812273,0.01653054740776296,23.45524289593668,283.7022469126116,1.402213313190581,0.1928039111227681,17.14428773591679,138.53017593754598,606.4834017843228,True
20260811_184731__rp0p25__vinf25__inc30__toff59132__Om90__om315,115317.0,0.9997940366848838,0.016526536914543324,23.45531470086435,283.71959377205644,1.485670982835418,0.23279017480081884,15.491726027934973,137.89676828703998,661.4267453239299,True
20260811_184731__rp0p25__vinf25__inc30__toff59132__Om90__om330,115317.0,0.9997992363954689,0.0165306037450906,23.455262935236412,283.70031289562587,1.8031292862693133,0.37641869929555466,13.86911410529824,140.99072023100732,884.378327343311,True
20260811_184731__rp0p25__vinf25__inc30__toff59132__Om90__om345,115317.0,0.9997985514521258,0.016530829753739953,23.4552603062213,283.7014102016469,2.1837985469421324,0.505605779170034,16.369083099259072,147.91397525451595,1178.736276249229,True
20260811_184731__rp0p25__vinf25__inc30__toff59132__Om90__om45,115317.0,0.9997901268039024,0.016532484199533036,23.45525789717481,283.7149991192966,0.8205410049035653,0.34862126492153195,26.146755405537004,250.7222851449244,271.48649070222564,True
20260811_184731__rp0p25__vinf25__inc30__toff59132__Om90__om60,115317.0,0.9997897340941443,0.016532128830970664,23.45526311990522,283.7165523632225,0.7137870428169282,0.4288387098474698,26.721251493070508,268.42166075787134,220.26768147031697,True
20260811_184731__rp0p25__vinf25__inc30__toff59132__Om90__om75,115317.0,0.9997899916416121,0.01653233651342296,23.455337093852137,283.7150397884423,0.6605778484204854,0.4689650272987473,27.07255619104215,280.49493627955053,196.1028022041238,True
20260811_184731__rp0p25__vinf25__inc30__toff59132__Om90__om90,115317.0,0.9997983737041094,0.0165305577582515,23.455243926966617,283.70233282310875,0.6537183585537791,0.4357882553003941,27.373679835152625,290.85026856279285,193.05622628631937,True
20260811_184731__rp0p25__vinf25__inc60__toff59132__Om0__om0,115317.0,0.9998042365221921,0.016526550450527942,23.45525796064744,283.69913526542484,1.2844169690813314,0.15390423781200638,25.149120461739933,130.71891415104145,531.6879800746344,True
20260811_184731__rp0p25__vinf25__inc60__toff59132__Om0__om105,115317.0,0.9997981834193511,0.01653044711129607,23.455322475872524,283.70252001136936,1.1490634464703635,0.2381252428561748,29.219318660509998,221.57047241705004,449.89773245570836,True
20260811_184731__rp0p25__vinf25__inc60__toff59132__Om0__om120,115317.0,0.9997911000972358,0.01653343745201633,23.455322392559772,283.7105174858984,0.8900804926276515,0.28296913961091064,27.19020795444687,267.8580136454369,306.7197311109712,True
20260811_184731__rp0p25__vinf25__inc60__toff59132__Om0__om135,115317.0,0.999804225163394,0.016526448192667992,23.455296403144608,283.6989843060696,0.7431318620111439,0.4102898972623929,24.980120751356758,282.2680959060635,233.98963161624604,True
20260811_184731__rp0p25__vinf25__inc60__toff59132__Om0__om15,115317.0,0.9997960054638496,0.016528458218789815,23.455272643282225,283.7117799555331,1.4155854175556262,0.20459676130203855,26.133838413920635,133.76415375952993,615.1795790928629,True
20260811_184731__rp0p25__vinf25__inc60__toff59132__Om0__om150,115317.0,0.99980416291414,0.016526442285276645,23.45528132039852,283.6993193597526,0.6612228459481313,0.5142587910888232,23.016307610578565,278.225444632527,196.39008861593993,True
20260811_184731__rp0p25__vinf25__inc60__toff59132__Om0__om165,115317.0,0.9997900227055052,0.01653244308999409,23.455297891254677,283.71509963373245,0.6284128043218844,0.5467492647788093,22.77967501458392,263.83114859232387,181.95555906805689,True
20260811_184731__rp0p25__vinf25__inc60__toff59132__Om0__om180,115317.0,0.999804224150807,0.016526537126054026,23.45525787928867,283.69921478348505,0.6477093320380864,0.48316888214036896,23.741594807797473,254.73240203038034,190.40047250985285,True
20260811_184731__rp0p25__vinf25__inc60__toff59132__Om0__om195,115317.0,0.9997972013923356,0.01652951235851633,23.455258355255356,283.7069980022526,0.6831982986986467,0.3813189056553125,23.114989132674204,259.3167214209345,206.26139689575402,True
20260811_184731__rp0p25__vinf25__inc60__toff59132__Om0__om210,115317.0,0.9997960549571095,0.016528450720113847,23.45527191034494,283.711591749175,0.7071933548808338,0.32110466150473965,21.4940169113595,265.13377640821506,217.22261978654984,True
20260811_184731__rp0p25__vinf25__inc60__toff59132__Om0__om225,115317.0,0.999799560718312,0.016526963682568577,23.455271455587408,283.70772204779166,0.7234834981555665,0.2846714345835295,20.5640350889806,269.6799536130587,224.77123668325947,True
20260811_184731__rp0p25__vinf25__inc60__toff59132__Om0__om240,115317.0,0.9997966209512095,0.016528207949510147,23.455271763914737,283.71093450367516,0.7428426086015458,0.2538862968885385,20.214438291208374,274.68311713330706,233.85302925326639,True
20260811_184731__rp0p25__vinf25__inc60__toff59132__Om0__om255,115317.0,0.9997960026541354,0.01652846541227099,23.45527182098245,283.711775363599,0.7662409803811224,0.22306873426573068,20.180075440946666,281.99965577494777,244.9885873085615,True
20260811_184731__rp0p25__vinf25__inc60__toff59132__Om0__om270,115317.0,0.9997983952246363,0.01653054921636718,23.455243053697536,283.7022619056879,0.7923515459182913,0.19133698270166313,20.37608984653638,290.6891273712181,257.61708083288636,True
20260811_184731__rp0p25__vinf25__inc60__toff59132__Om0__om285,115317.0,0.9997981790731413,0.01653043971976817,23.45532221129441,283.70255357744446,0.8225622175738735,0.15790366489002358,20.778717431267626,301.94691915987937,272.49022429647636,True
20260811_184731__rp0p25__vinf25__inc60__toff59132__Om0__om30,115317.0,0.9997960883345808,0.016528422272632754,23.455272028288,283.71151566267247,1.302820956397191,0.16740120387083945,27.189681988964274,113.70463987958067,543.1563909952159,True
20260811_184731__rp0p25__vinf25__inc60__toff59132__Om0__om300,115317.0,0.9997901438760209,0.016532477419274827,23.455257882864725,283.714943432978,0.8619830193936839,0.13908997475450463,21.528360963355087,313.3199822235598,292.31146946869296,True
20260811_184731__rp0p25__vinf25__inc60__toff59132__Om0__om315,115317.0,0.9998041721061661,0.016526469250389114,23.455296669977443,283.6991576329084,0.9019357016167282,0.05418049160719252,23.73006251868874,356.58383389607485,312.86800829903103,True
20260811_184731__rp0p25__vinf25__inc60__toff59132__Om0__om330,115317.0,0.9998042071056517,0.01652645160324052,23.455282113967137,283.69913238677964,1.0038326183136292,0.11176682144811967,22.229937587961093,86.88118193314217,367.35820601963655,True
20260811_184731__rp0p25__vinf25__inc60__toff59132__Om0__om345,115317.0,0.9997900759217155,0.01653240980061228,23.455297631555386,283.71495202395306,1.1270068869314527,0.07610160021489851,23.977036873276365,112.90217089401858,437.00624703225793,True
20260811_184731__rp0p25__vinf25__inc60__toff59132__Om0__om45,115317.0,0.9997960855248663,0.016528429466119265,23.4552712059883,283.7115110708437,0.8672978980144324,0.28983692131520006,41.78908932949028,11.897786853757477,295.0191661078001,True
20260811_184731__rp0p25__vinf25__inc60__toff59132__Om0__om60,115317.0,0.9997990454549596,0.016530280104190727,23.45524394952861,283.70154553706243,4.376044800529181,0.8126662465770983,40.20042810834572,160.5969778504063,3343.6470644130836,True
20260811_184731__rp0p25__vinf25__inc60__toff59132__Om0__om75,115317.0,0.9997960236901259,0.016528450981462547,23.455272012238606,283.7117199800089,2.6549919592766913,0.602828043257644,34.67416285181232,167.06104392373805,1580.1292250392291,True
20260811_184731__rp0p25__vinf25__inc60__toff59132__Om0__om90,115317.0,0.9998031035109014,0.016525480260344234,23.45527157466681,283.70369210814084,1.629415353067059,0.38163972413632846,31.371991514702135,183.02239811328113,759.7058952807496,True
20260811_184731__rp0p25__vinf25__inc60__toff59132__Om180__om0,115317.0,0.9998042292005757,0.016526535121688272,23.455258217148412,283.69919858739996,0.7731707631567927,0.3704039284194202,25.634400671851854,268.99861367718097,248.31955717410187,True
20260811_184731__rp0p25__vinf25__inc60__toff59132__Om180__om105,115317.0,0.999798184122849,0.01653043771511534,23.455322549152797,283.70253738573183,0.9234296621563551,0.06850150712437238,30.49108722146413,267.6911854273608,324.11827692852177,True
20260811_184731__rp0p25__vinf25__inc60__toff59132__Om180__om120,115317.0,0.9997911451462137,0.016533401331691126,23.455321989401007,283.7104094642582,0.9833389894750343,0.035235024416426106,29.010286045955194,202.28338178983114,356.166180800783,True
20260811_184731__rp0p25__vinf25__inc60__toff59132__Om180__om135,115317.0,0.9998041771559342,0.016526467246017494,23.455297007836524,283.69914143676044,1.0687219667022307,0.10189925057976973,26.837031589966372,110.88704722655748,403.547716745236,True
20260811_184731__rp0p25__vinf25__inc60__toff59132__Om180__om15,115317.0,0.9997971988674867,0.016529513361018638,23.455258186325544,283.70700609830783,0.7740528262386009,0.3537397347624259,27.353087438513466,275.67567487415124,248.74461716650382,True
20260811_184731__rp0p25__vinf25__inc60__toff59132__Om180__om150,115317.0,0.9998041881468784,0.01652643847815311,23.45528089059189,283.69921387154824,1.0784386361795177,0.18235267799071825,22.560972198135197,151.17891758205425,409.0637055487626,True
20260811_184731__rp0p25__vinf25__inc60__toff59132__Om180__om165,115317.0,0.9997900721344962,0.016532411304862753,23.45529737816129,283.71496416509086,1.264139213862532,0.20642698130977188,22.52678381294765,137.1672110112492,519.1467571335926,True
20260811_184731__rp0p25__vinf25__inc60__toff59132__Om180__om180,115317.0,0.9998042314724234,0.01652655245488832,23.455257622787677,283.699151461502,1.3408055954294964,0.218896888289825,21.198597046419582,117.12460648321482,567.0828467957789,True
20260811_184731__rp0p25__vinf25__inc60__toff59132__Om180__om195,115317.0,0.9997960079886927,0.016528457216087877,23.455272812211984,283.71177185924626,1.2997713167754015,0.18452497524893882,21.142597286585527,102.43749478370233,541.2503790580729,True
20260811_184731__rp0p25__vinf25__inc60__toff59132__Om180__om210,115317.0,0.9997960832848942,0.01652842427801576,23.455271690428432,283.7115318553125,1.109127293722076,0.17507074743912043,23.162568413617066,52.05388387672146,426.6481623232638,True
20260811_184731__rp0p25__vinf25__inc60__toff59132__Om180__om225,115317.0,0.99979608047518,0.01652843147150181,23.455270868128704,283.71152726347555,0.7351467570103453,0.4995607055881221,31.114555825808672,351.40403640481486,230.22838073345986,True
20260811_184731__rp0p25__vinf25__inc60__toff59132__Om180__om240,115317.0,0.9997990454549596,0.016530280104190727,23.45524394952861,283.70154553706243,0.9252819079585672,0.22397872731450147,38.65609665738519,150.45385457176266,325.0939565456211,True
20260811_184731__rp0p25__vinf25__inc60__toff59132__Om180__om255,115317.0,0.9997960186404402,0.016528452986862403,23.455271674379023,283.71173617259404,1.5905242812401295,0.3301089715900221,16.541548806320524,71.26791625665254,732.6697240127484,True
20260811_184731__rp0p25__vinf25__inc60__toff59132__Om180__om270,115317.0,0.9998030984611441,0.016525482265086093,23.455271236807093,283.7037083047247,1.2784035080516387,0.18899503560422243,18.181193817262574,111.4355737382032,527.9584205283082,True
20260811_184731__rp0p25__vinf25__inc60__toff59132__Om180__om285,115317.0,0.9997981783696435,0.01653044911594739,23.45532213801417,283.70253620307403,1.0703312491246237,0.1397074507680085,21.059941491453813,173.52629952363614,404.4595535202091,True
20260811_184731__rp0p25__vinf25__inc60__toff59132__Om180__om30,115317.0,0.9997960600067961,0.016528448714725873,23.455272248204505,283.7115755565685,0.7846077548432632,0.3267760626187238,28.988546250702754,280.12878639394506,253.84971768678855,True
20260811_184731__rp0p25__vinf25__inc60__toff59132__Om180__om300,115317.0,0.9997900988271334,0.0165325135417739,23.45525828602736,283.71505145161086,0.9359292196128991,0.2157392332614691,23.006968565841447,215.76336973477726,330.72140137499645,True
20260811_184731__rp0p25__vinf25__inc60__toff59132__Om180__om315,115317.0,0.9998042201136255,0.016526450197026567,23.45529606528548,283.6990005022559,0.8505116633555998,0.3018673621416973,23.73245323298595,234.11332793925487,286.49576117805583,True
20260811_184731__rp0p25__vinf25__inc60__toff59132__Om180__om330,115317.0,0.9998041818729124,0.016526455410324506,23.45528254377378,283.69923787491666,0.8032568894250728,0.3551806542132779,23.79067240314468,247.21670311356942,262.95381681535565,True
20260811_184731__rp0p25__vinf25__inc60__toff59132__Om180__om345,115317.0,0.9997900264927244,0.016532441585735188,23.455298144648797,283.71508749263074,0.779336737770434,0.37326047842193766,24.3154346835638,259.16760098168015,251.29596441257664,True
20260811_184731__rp0p25__vinf25__inc60__toff59132__Om180__om45,115317.0,0.9997995657680337,0.016526961677497794,23.455271793447046,283.7077058532035,0.7989214332472614,0.28936106912098936,30.28118533909486,282.6187221525558,260.82781248092846,True
20260811_184731__rp0p25__vinf25__inc60__toff59132__Om180__om60,115317.0,0.9997966209512095,0.016528207949510147,23.455271763914737,283.71093450367516,0.818611884809054,0.2424096045113189,31.123252862404115,283.6323731643424,270.52964254853794,True
20260811_184731__rp0p25__vinf25__inc60__toff59132__Om180__om75,115317.0,0.9997960077038212,0.016528463406867856,23.45527215884203,283.711759171031,0.8445298487373333,0.18860275265491647,31.457809631110326,283.4698447368392,283.47861087732014,True
20260811_184731__rp0p25__vinf25__inc60__toff59132__Om180__om90,115317.0,0.999798400274346,0.01653054721175997,23.455243391557158,283.702245714027,0.8788983794578099,0.12705004173614573,31.264711409827036,280.185815296356,300.95792639456226,True
20260811_184731__rp0p25__vinf25__inc60__toff59132__Om270__om0,115317.0,0.9997984028321062,0.01653055075501245,23.4552433182702,283.7022275066363,0.8345188499781228,0.19582341114129703,28.52245379062905,310.1344149803967,278.45307402421554,True
20260811_184731__rp0p25__vinf25__inc60__toff59132__Om270__om105,115317.0,0.999800655733277,0.01652784748937025,23.45533521168302,283.70288757056085,1.5621785263347014,0.30666472204516354,30.18395574350837,181.91480218012023,713.1711822431728,True
20260811_184731__rp0p25__vinf25__inc60__toff59132__Om270__om120,115317.0,0.9997993943225321,0.01653149248697968,23.455307424261278,283.6976963000587,1.8691611588612063,0.41736485930923223,28.90074185752607,178.38241473925007,933.4002483050675,True
20260811_184731__rp0p25__vinf25__inc60__toff59132__Om270__om135,115317.0,0.9997942892462992,0.016526770006011122,23.45533102328273,283.7184461827807,2.2955122691828325,0.537953748573355,26.57558831987351,173.4253005154341,1270.3319405205718,True
20260811_184731__rp0p25__vinf25__inc60__toff59132__Om270__om15,115317.0,0.9998019016211567,0.016529089461954746,23.455243950481314,283.6983320904327,0.8613367784823853,0.1730249109579796,29.27354158369507,313.97929776774254,291.9828059988724,True
20260811_184731__rp0p25__vinf25__inc60__toff59132__Om270__om150,115317.0,0.9997993244488922,0.016530575979958387,23.455262442402425,283.7002279562782,2.527504292556412,0.6067763644563438,22.847768364962878,167.92888158243784,1467.6944200856544,True
20260811_184731__rp0p25__vinf25__inc60__toff59132__Om270__om165,115317.0,0.9997988065213932,0.016531067264053956,23.455277050636152,283.7002438817576,2.065336705874571,0.5448138585912778,19.149581614875846,166.89148203147866,1084.1367982054373,True
20260811_184731__rp0p25__vinf25__inc60__toff59132__Om270__om180,115317.0,0.9997937155601148,0.016526331065281633,23.455299342548027,283.72096585808083,1.4524016006580869,0.3818959708134121,17.1395707141359,168.01016846779436,639.3340996396881,True
20260811_184731__rp0p25__vinf25__inc60__toff59132__Om270__om195,115317.0,0.9997959890610554,0.01652845865479612,23.455273105384606,283.7118469203616,1.0864149603147955,0.24160965610085763,17.766050289579734,176.32672378787507,413.6103486623717,True
20260811_184731__rp0p25__vinf25__inc60__toff59132__Om270__om210,115317.0,0.9997960338553078,0.016528456060775642,23.455272203523275,283.7116673638412,0.8888876556419731,0.2088328728007252,20.99249550316306,199.56443749480627,306.1033643274896,True
20260811_184731__rp0p25__vinf25__inc60__toff59132__Om270__om225,115317.0,0.9997971647885785,0.016529536007746364,23.455257730511715,283.7070972707013,0.7867237832825137,0.2441957464003603,25.803224965487214,214.52318322382823,254.8773303151927,True
20260811_184731__rp0p25__vinf25__inc60__toff59132__Om270__om240,115317.0,0.999796794169882,0.01652914445646362,23.455263122102476,283.70863753784374,0.7511105164577351,0.2584178263619257,31.743910829654507,218.72072242051146,237.76808193840327,True
20260811_184731__rp0p25__vinf25__inc60__toff59132__Om270__om255,115317.0,0.9998030729788205,0.016525483263655383,23.455271639918177,283.7038113948005,0.8403941466905407,0.11627649382646213,38.54296273777458,216.38599371545357,281.39885029386244,True
20260811_184731__rp0p25__vinf25__inc60__toff59132__Om270__om270,115317.0,0.999798363955373,0.016530564667178477,23.455243420183113,283.7023576662741,1.8386592691594976,0.5027609563283219,31.015237511273906,49.095615650220445,910.6461872181529,True
20260811_184731__rp0p25__vinf25__inc60__toff59132__Om270__om285,115317.0,0.9997993299296177,0.01653151044450857,23.455308303798443,283.69792339387453,0.9730929676382789,0.1595696304320738,24.537702772583017,355.2230507299228,350.6140305998169,True
20260811_184731__rp0p25__vinf25__inc60__toff59132__Om270__om30,115317.0,0.999805391982369,0.016527602723253897,23.455244949115812,283.6945259098474,0.8969757281227233,0.13786723972653056,30.03306311717058,314.54960447707026,310.2907487331872,True
20260811_184731__rp0p25__vinf25__inc60__toff59132__Om270__om300,115317.0,0.9997983700921683,0.016530560711560966,23.45524375803977,283.7023411967849,0.8278490912228897,0.1822143665496948,25.370456111395256,302.1899146059682,275.1215153712648,True
20260811_184731__rp0p25__vinf25__inc60__toff59132__Om270__om315,115317.0,0.999794207942803,0.016526778753301528,23.45533185812098,283.71876278651996,0.7996720157353652,0.20659385593035046,26.3107648110764,295.39958563792857,261.1954683385422,True
20260811_184731__rp0p25__vinf25__inc60__toff59132__Om270__om330,115317.0,0.9997945759833002,0.016526374432556255,23.455319295251496,283.71885758236715,0.8022740184613387,0.21369260685169492,27.07226707097155,299.27836547403535,262.4713361823264,True
20260811_184731__rp0p25__vinf25__inc60__toff59132__Om270__om345,115317.0,0.9997988953561808,0.016531010731817272,23.45527642443989,283.6999993566443,0.8146680874726472,0.20814251437552567,27.79300389408803,304.8416066558022,268.577017510987,True
20260811_184731__rp0p25__vinf25__inc60__toff59132__Om270__om45,115317.0,0.9997960070003263,0.016528472802249852,23.455272085563134,283.71174178947035,0.9498995484431125,0.09010432164493752,30.70999167887852,306.42119077281643,338.15383116445406,True
20260811_184731__rp0p25__vinf25__inc60__toff59132__Om270__om60,115317.0,0.9997967735919987,0.016529158704293053,23.455263326541125,283.7086917546818,1.0273689278244216,0.050530917241894874,31.181220537692855,254.56934516120478,380.35351164150615,True
20260811_184731__rp0p25__vinf25__inc60__toff59132__Om270__om75,115317.0,0.9997960149616401,0.016528454447483666,23.455272122182613,283.7117485430548,1.1467892615048414,0.10429436579111247,31.307339161401718,198.4078569694511,448.5627614632822,True
20260811_184731__rp0p25__vinf25__inc60__toff59132__Om270__om90,115317.0,0.999796081176542,0.016528437270161088,23.45527120599968,283.71151217792556,1.3251464286513366,0.2027793527800505,30.97062142542087,186.1057082824372,557.1775329235425,True
20260811_184731__rp0p25__vinf25__inc60__toff59132__Om90__om0,115317.0,0.9997937206097774,0.016526329059109383,23.45529968040752,283.7209496645158,1.7319340594170283,0.41759506362424675,21.53113609027237,164.35364324431106,832.5202764479893,True
20260811_184731__rp0p25__vinf25__inc60__toff59132__Om90__om105,115317.0,0.999799334979337,0.016531508440243283,23.455308641656842,283.69790720265985,0.7625400190869753,0.22345768884788902,30.30199007658832,290.05861429821914,243.2157816597403,True
20260811_184731__rp0p25__vinf25__inc60__toff59132__Om90__om120,115317.0,0.9997993713663232,0.01653148488222216,23.455307864007075,283.6978074812276,0.8212593778307937,0.11306816354902857,27.97556165605113,300.293684882593,271.8430930363055,True
20260811_184731__rp0p25__vinf25__inc60__toff59132__Om90__om135,115317.0,0.9997942129924704,0.016526776747302994,23.455332195979857,283.71874659314165,0.858457930007941,0.07934004190092532,25.422882952831642,330.925904544154,290.52018733206177,True
20260811_184731__rp0p25__vinf25__inc60__toff59132__Om90__om15,115317.0,0.9997959865362124,0.01652845965750114,23.45527293645483,283.71185501664354,1.5405191079680958,0.3921000173162004,24.550545026883242,176.6574693020937,698.3906631396638,True
20260811_184731__rp0p25__vinf25__inc60__toff59132__Om90__om150,115317.0,0.999794557024663,0.01652636131489916,23.45531807185898,283.71893908368656,0.8425466066171157,0.11283925075403735,23.802476351506122,326.9208522583507,282.48064165835206,True
20260811_184731__rp0p25__vinf25__inc60__toff59132__Om90__om165,115317.0,0.9997988915688947,0.01653101223513954,23.455276171045643,283.7000115002436,0.8301495642634207,0.14011407924564628,22.533802446377162,319.9381768466725,276.2690961140186,True
20260811_184731__rp0p25__vinf25__inc60__toff59132__Om90__om180,115317.0,0.9997983977823965,0.01653055275961816,23.45524298041056,283.7022436982963,0.8303447457337694,0.15292094519485058,21.368303366060548,319.2397088429821,276.3665347806868,True
20260811_184731__rp0p25__vinf25__inc60__toff59132__Om90__om195,115317.0,0.9998019041460295,0.016529088459812016,23.45524411941116,283.69832399362105,0.8419369551638394,0.1599395963982643,20.351579415855408,320.4893234410104,282.17410031855985,True
20260811_184731__rp0p25__vinf25__inc60__toff59132__Om90__om210,115317.0,0.9998053869325882,0.016527604727228678,23.455244611256035,283.6945421054435,0.8581842095072205,0.16170702617122282,19.45703068053334,321.6317189139952,290.381249262138,True
20260811_184731__rp0p25__vinf25__inc60__toff59132__Om90__om225,115317.0,0.9997960019506408,0.01652847480765152,23.45527174770355,283.71175798203103,0.8823256521674753,0.1486075372348864,18.62989647555287,323.0489319232593,302.7200239440663,True
20260811_184731__rp0p25__vinf25__inc60__toff59132__Om90__om240,115317.0,0.9997967735919987,0.016529158704293053,23.455263326541125,283.7086917546818,0.9146235098577075,0.12522312457172025,17.81974504641269,320.7695012116128,319.49298803579217,True
20260811_184731__rp0p25__vinf25__inc60__toff59132__Om90__om255,115317.0,0.9997960099119543,0.016528456452885972,23.455271784323045,283.7117647356334,0.9591972055190129,0.0857037265704909,17.00909665948583,318.2122787248909,343.13075639288695,True
20260811_184731__rp0p25__vinf25__inc60__toff59132__Om90__om270,115317.0,0.9997960761268557,0.016528439275543663,23.455270868140133,283.7115283705495,1.0213933817575749,0.044261277490780036,16.43654403805173,287.10075719228524,377.03993298289237,True
20260811_184731__rp0p25__vinf25__inc60__toff59132__Om90__om285,115317.0,0.9998006506835446,0.01652784949405939,23.45533487382466,283.7029037648358,1.1043317685337395,0.05145154935732119,16.17186164874981,194.25661663237702,423.8841123533551,True
20260811_184731__rp0p25__vinf25__inc60__toff59132__Om90__om30,115317.0,0.9997960389049938,0.016528454055381475,23.455272541382836,283.71165117125037,1.263971620695243,0.329276924382701,27.190366681442825,196.28545661798884,519.0435217882135,True
20260811_184731__rp0p25__vinf25__inc60__toff59132__Om90__om300,115317.0,0.9997983930483314,0.016530568314032504,23.455243318297033,283.7022300074508,1.2140663990052667,0.12209745665942179,16.29919951319737,167.2112820146826,488.60898588464994,True
20260811_184731__rp0p25__vinf25__inc60__toff59132__Om90__om315,115317.0,0.9997942841966309,0.01652677201198467,23.455330685423903,283.71846237620224,1.3523091240204421,0.20378677378202484,16.760675958142404,158.3907063763252,574.3964639811019,True
20260811_184731__rp0p25__vinf25__inc60__toff59132__Om90__om330,115317.0,0.9997993434075959,0.016530589104724266,23.45526366577375,283.7001464894509,1.5167467415559364,0.2917473289253069,17.5381422976611,155.66302405139598,682.2874709714032,True
20260811_184731__rp0p25__vinf25__inc60__toff59132__Om90__om345,115317.0,0.9997988103086789,0.01653106576071724,23.455277304030425,283.7002317382205,1.694393503864378,0.3775590891762735,19.030434322457314,157.3047095969909,805.5995351507905,True
20260811_184731__rp0p25__vinf25__inc60__toff59132__Om90__om45,115317.0,0.9997971698382759,0.016529534002734707,23.455258068371325,283.7070810786245,1.03315714313961,0.28429357780369713,29.157681632472944,223.80893121478027,383.57241281888116,True
20260811_184731__rp0p25__vinf25__inc60__toff59132__Om90__om60,115317.0,0.999796794169882,0.01652914445646362,23.455263122102476,283.70863753784374,0.876658396900041,0.28401369597375575,30.53134019364202,251.2867724727372,299.8081163494058,True
20260811_184731__rp0p25__vinf25__inc60__toff59132__Om90__om75,115317.0,0.9998030780285777,0.016525481258904986,23.45527197777789,283.70379519823047,0.787203144042977,0.2979099869887451,31.3066239294428,270.78045791068934,255.11031577229602,True
20260811_184731__rp0p25__vinf25__inc60__toff59132__Om90__om90,115317.0,0.9997983690050826,0.016530562662563312,23.45524375804273,283.7023414746394,0.749885882020843,0.28708784158849987,31.3217858658673,282.8537985377297,237.18682207925684,True
20260811_184731__rp0p25__vinf25__inc90__toff59132__Om0__om0,115317.0,0.9998038738381132,0.016526173114195096,23.455262112624837,283.7006147658966,1.3172294963526883,0.163941159829452,25.88147241809355,115.71043693288188,552.1918101977419,True
20260811_184731__rp0p25__vinf25__inc90__toff59132__Om0__om105,115317.0,0.999796832856149,0.01652914044347793,23.455262955059556,283.7084903414346,1.0985484119073796,0.16858597532063896,33.90630364020829,236.24697242674367,420.5586706548316,True
20260811_184731__rp0p25__vinf25__inc90__toff59132__Om0__om120,115317.0,0.9997897572803381,0.016532127930358714,23.45526177034841,283.7164613025975,0.9278723766544991,0.23407064837290423,30.94166310217796,276.33679331067293,326.4601372707357,True
20260811_184731__rp0p25__vinf25__inc90__toff59132__Om0__om135,115317.0,0.9998038882860357,0.016526161301220053,23.455262788332742,283.70058126091686,0.8181638563773034,0.3327220461428981,28.036364569089425,288.2941876982012,270.3075805648081,True
20260811_184731__rp0p25__vinf25__inc90__toff59132__Om0__om15,115317.0,0.9997968191798692,0.016529136757957738,23.4552616036038,283.7085534478719,1.332401265111534,0.17959674405269532,26.566637881048255,111.02425364168884,561.7593956905758,True
20260811_184731__rp0p25__vinf25__inc90__toff59132__Om0__om150,115317.0,0.999804190065429,0.01652644844102957,23.45528178666427,283.6992126077397,0.7579854336277023,0.39912184606195183,25.31307382266164,288.4779406923021,241.0399785570744,True
20260811_184731__rp0p25__vinf25__inc90__toff59132__Om0__om165,115317.0,0.9997902781102583,0.01653258183888178,23.455295174938666,283.714129425636,0.7306911825815527,0.41904355421047756,22.928237703838967,284.3870531462153,228.138504504053,True
20260811_184731__rp0p25__vinf25__inc90__toff59132__Om0__om180,115317.0,0.9998048932098935,0.0165270719007665,23.45532655664011,283.69606052297485,0.7233232122517902,0.40334261421979817,20.912559760417803,278.89081709123167,224.69654458860774,True
20260811_184731__rp0p25__vinf25__inc90__toff59132__Om0__om195,115317.0,0.9997968274557731,0.016529139549157502,23.455262448264374,283.70851407562725,0.7289193501100892,0.3745603104725694,19.353543496970318,273.98523647479453,227.30919780087896,True
20260811_184731__rp0p25__vinf25__inc90__toff59132__Om0__om210,115317.0,0.9997968205825956,0.016529148355754412,23.455262279346144,283.7085232802689,0.7403555927739671,0.33738634951161794,18.339008551674723,269.61415318356,232.67961287704503,True
20260811_184731__rp0p25__vinf25__inc90__toff59132__Om0__om225,115317.0,0.9998003589514052,0.016527648433743897,23.45526261829564,283.7045477508098,0.7559273162802647,0.2973997735703098,17.825498243518155,266.34894861817673,240.05892080307143,True
20260811_184731__rp0p25__vinf25__inc90__toff59132__Om0__om240,115317.0,0.9997973648395135,0.016528914226123462,23.45526160379117,283.70793648662413,0.7768397421595444,0.25266609895086695,17.713406129524586,265.26643922820915,250.08920357575826,True
20260811_184731__rp0p25__vinf25__inc90__toff59132__Om0__om255,115317.0,0.9997968249309261,0.016529140551723165,23.455262279334573,283.70852217177423,0.8018154601890884,0.20479684550449315,17.90252284988709,266.38782215206135,262.2463359960686,True
20260811_184731__rp0p25__vinf25__inc90__toff59132__Om0__om270,115317.0,0.9997968285778938,0.01652912694879273,23.455261941451845,283.70853614708824,0.8321974433750712,0.15276341625311488,18.379801584643015,269.6490212402151,277.29201025713206,True
20260811_184731__rp0p25__vinf25__inc90__toff59132__Om0__om285,115317.0,0.9997968343289508,0.01652913074256091,23.455262617182555,283.70850487097493,0.8693263629403538,0.09818408266630532,19.153054348677514,275.8409394820323,296.0547718780298,True
20260811_184731__rp0p25__vinf25__inc90__toff59132__Om0__om30,115317.0,0.9997968264037285,0.016529130850808454,23.45526194145763,283.7085367013327,1.139255654826492,0.1468601825379879,26.37803732476352,65.43956519575016,444.14991134399173,True
20260811_184731__rp0p25__vinf25__inc90__toff59132__Om0__om300,115317.0,0.9997897778995798,0.01653210150953122,23.455262277102857,283.71643370641533,0.9222172823388821,0.045766561435184226,20.33400685149431,289.3949519054088,323.4801794098123,True
20260811_184731__rp0p25__vinf25__inc90__toff59132__Om0__om315,115317.0,0.9998043901832919,0.016526622892382947,23.45529492572055,283.69830980628365,0.9875104105632705,0.09253013250235083,22.258486149532704,52.1632068568478,358.4349207719283,True
20260811_184731__rp0p25__vinf25__inc90__toff59132__Om0__om330,115317.0,0.999804178821614,0.016526444409759224,23.455281661354345,283.6992436809925,1.0254042839967952,0.10895508008046707,24.32036752824665,117.5472481432619,379.26300491447694,True
20260811_184731__rp0p25__vinf25__inc90__toff59132__Om0__om345,115317.0,0.9997902817571773,0.016532568236391012,23.455294837057867,283.7141434026646,1.1894717422428895,0.1567548343143384,24.699458474733508,123.17097953596554,473.83701537611705,True
20260811_184731__rp0p25__vinf25__inc90__toff59132__Om0__om45,115317.0,0.9997968321547854,0.01652913464457646,23.455262617188357,283.70850542522686,0.7429805032878056,0.47861324486875123,32.42551121737414,355.44263740171067,233.91814786559902,True
20260811_184731__rp0p25__vinf25__inc90__toff59132__Om0__om60,115317.0,0.9997995038908376,0.01653069706947118,23.455391169402997,283.69867801797295,1.4577592112784148,0.2593970028744338,54.21095999721137,179.65381126660517,642.8749178585092,True
20260811_184731__rp0p25__vinf25__inc90__toff59132__Om0__om75,115317.0,0.9997968191798692,0.016529136757957738,23.4552616036038,283.7085534478719,1.7060302349395413,0.36520666540438035,42.05905769474563,173.68437167942875,813.912795032632,True
20260811_184731__rp0p25__vinf25__inc90__toff59132__Om0__om90,115317.0,0.9998038741887996,0.0165261760139587,23.455262281560504,283.7006072239659,1.3548924006348901,0.234772413461046,37.197535354593974,190.66621036716222,576.0431289276032,True
20260811_184731__rp0p25__vinf25__inc90__toff59132__Om180__om0,115317.0,0.9998038868832893,0.01652614970216333,23.455262112590113,283.7006114286661,0.8542133046633394,0.3373778737196252,23.433047992794403,265.2536705536786,288.36814750147227,True
20260811_184731__rp0p25__vinf25__inc90__toff59132__Om180__om105,115317.0,0.9997968393786452,0.0165291287374312,23.45526295504215,283.7084886786666,1.0913556227882906,0.16858075712151446,30.94862823306514,197.54778220761747,416.4350023385469,True
20260811_184731__rp0p25__vinf25__inc90__toff59132__Om180__om120,115317.0,0.9997897703251456,0.016532104518202816,23.45526177031367,283.7164579888913,1.1788869537979578,0.19349235912901894,29.361360873495833,173.9053913700735,467.52628520065946,True
20260811_184731__rp0p25__vinf25__inc90__toff59132__Om180__om135,115317.0,0.9998038882860357,0.016526161301220053,23.455262788332742,283.70058126091686,1.285072230349705,0.21961048852661713,25.935651867271098,152.80626266652976,532.0949028021404,True
20260811_184731__rp0p25__vinf25__inc90__toff59132__Om180__om15,115317.0,0.9997968148315387,0.016529144561989197,23.455261603615405,283.70855455635217,0.8650147946093228,0.32909856682311145,25.64054308559348,268.1712534901831,293.8550059131683,True
20260811_184731__rp0p25__vinf25__inc90__toff59132__Om180__om150,115317.0,0.9998041813686398,0.01652646404904191,23.45528178668666,283.69921483372934,1.3893370867532289,0.33264950055837395,24.705300637214382,147.07217246259728,598.1487970452308,True
20260811_184731__rp0p25__vinf25__inc90__toff59132__Om180__om165,115317.0,0.9997902868068055,0.01653256623079258,23.455295174916692,283.7141272145369,1.4531242933534763,0.17976525633081605,14.866574288512588,116.96102149748637,639.8113432150942,True
20260811_184731__rp0p25__vinf25__inc90__toff59132__Om180__om180,115317.0,0.9998048801646912,0.016527095312755133,23.455326556671245,283.6960638659302,1.351676308699387,0.0627657619935314,20.298451445330517,36.06250274894824,573.9933264705056,True
20260811_184731__rp0p25__vinf25__inc90__toff59132__Om180__om195,115317.0,0.9997968318041037,0.016529131745126196,23.45526244825277,283.7085129671268,1.4456780427408753,0.2759452204471343,25.24182862935639,95.38562840485552,634.8997670592308,True
20260811_184731__rp0p25__vinf25__inc90__toff59132__Om180__om210,115317.0,0.9997968314534222,0.016529128845676203,23.455262279317203,283.7085205090299,1.357620211690451,0.2964640042247831,28.395877718710437,84.57091215400114,577.7836296247908,True
20260811_184731__rp0p25__vinf25__inc90__toff59132__Om180__om225,115317.0,0.9997968321547854,0.01652913464457646,23.455262617188357,283.70850542522686,1.3992174286849082,0.3993393034095313,34.154400332866835,79.26535188703225,604.5407764740346,True
20260811_184731__rp0p25__vinf25__inc90__toff59132__Om180__om240,115317.0,0.9997974811156602,0.01652885689821546,23.455261603809593,283.70781127056335,4.5893620785125355,0.835870472130279,38.88848672859007,93.10870859665957,3591.0898757527307,True
20260811_184731__rp0p25__vinf25__inc90__toff59132__Om180__om255,115317.0,0.9997968292792567,0.016529132747691848,23.455262279322984,283.70852106327817,-0.9146109111849188,1.5754635085930015,27.049765752051314,53.46945357341073,,False
20260811_184731__rp0p25__vinf25__inc90__toff59132__Om180__om270,115317.0,0.9998038691390346,0.01652617801844237,23.45526194370074,283.70062342023516,8.09645681692005,0.8729469260916715,23.927450585340473,38.104910791709216,8414.732144301754,True
20260811_184731__rp0p25__vinf25__inc90__toff59132__Om180__om285,115317.0,0.9997968278064548,0.016529142448607686,23.45526261719996,283.70850653373,1.3236756013349236,0.22466787020538842,21.64881042636171,78.01463798399108,556.2501435335882,True
20260811_184731__rp0p25__vinf25__inc90__toff59132__Om180__om30,115317.0,0.9997968155329019,0.016529150360886855,23.455261941486537,283.708539472552,0.884475455499224,0.31121020034561087,27.708669268469496,268.99764210367823,303.82707229117847,True
20260811_184731__rp0p25__vinf25__inc90__toff59132__Om180__om300,115317.0,0.9997897648547717,0.01653212492168678,23.45526227713758,283.71643702015706,0.9971118307236936,0.13792456027727223,21.054711408598664,189.6686804730206,363.6751227899007,True
20260811_184731__rp0p25__vinf25__inc90__toff59132__Om180__om315,115317.0,0.9998043901832919,0.016526622892382947,23.45529492572055,283.69830980628365,0.894176000403366,0.24666237101603491,20.391723600107696,227.33897453600937,308.8391185398428,True
20260811_184731__rp0p25__vinf25__inc90__toff59132__Om180__om330,115317.0,0.9998041875184032,0.016526428801746804,23.45528166133191,283.6992414550209,0.858630811886478,0.3081891704490979,20.409740598297834,245.064069414092,290.60795203652566,True
20260811_184731__rp0p25__vinf25__inc90__toff59132__Om180__om345,115317.0,0.9997902730606303,0.01653258384448035,23.455294837079844,283.71414561374866,0.8486693373602929,0.33357648215490315,21.55003878051731,257.43711503736597,285.56538125068096,True
20260811_184731__rp0p25__vinf25__inc90__toff59132__Om180__om45,115317.0,0.9998003589514052,0.016527648433743897,23.45526261829564,283.7045477508098,0.9087262181110689,0.2816277099140999,29.459713488801757,266.05929738637053,316.40794331460705,True
20260811_184731__rp0p25__vinf25__inc90__toff59132__Om180__om60,115317.0,0.9997993876145567,0.01653075439227455,23.455391169388424,283.6988032483628,0.9375870858440022,0.24370092475248908,30.735075128710402,259.2119200572235,331.60052967680843,True
20260811_184731__rp0p25__vinf25__inc90__toff59132__Om180__om75,115317.0,0.9997968148315387,0.016529144561989197,23.455261603615405,283.70855455635217,0.9757649408358064,0.20152412765258487,31.476788110400403,246.1597339621223,352.05912494933995,True
20260811_184731__rp0p25__vinf25__inc90__toff59132__Om180__om90,115317.0,0.9997968336275878,0.01652912494366046,23.455262279311416,283.70851995478074,1.0248864122567454,0.17075927734806848,31.599474394948896,224.81146749318674,378.9757258463296,True
20260811_184731__rp0p25__vinf25__inc90__toff59132__Om270__om0,115317.0,0.9997989737256895,0.016530314901549183,23.455243149536486,283.70158912941895,0.8773272098439853,0.1869286304807972,28.332006314874324,314.0317310398975,300.15127245560893,True
20260811_184731__rp0p25__vinf25__inc90__toff59132__Om270__om105,115317.0,0.9997967072173007,0.016528168852813455,23.45527144211034,283.7107171764152,1.322273415542513,0.2611186787375231,30.623488343572056,213.07156051468158,555.366513752106,True
20260811_184731__rp0p25__vinf25__inc90__toff59132__Om270__om120,115317.0,0.9997989686759741,0.016530316906102495,23.45524281167683,283.70160532139613,1.4899169173789917,0.3392521473556517,28.6358961120077,204.69319779600312,664.2642311542317,True
20260811_184731__rp0p25__vinf25__inc90__toff59132__Om270__om135,115317.0,0.9997943790385995,0.016526047737819644,23.45529930780361,283.72004855106354,1.6357375157100769,0.4075043187746898,25.505289488999892,198.17582573450215,764.1316914391423,True
20260811_184731__rp0p25__vinf25__inc90__toff59132__Om270__om15,115317.0,0.9997989428750164,0.01653032714717626,23.455242935930723,283.7016895827459,0.891478402742965,0.18088569847255442,29.12478958202152,314.24190462627325,307.4425897569328,True
20260811_184731__rp0p25__vinf25__inc90__toff59132__Om270__om150,115317.0,0.9997992579794304,0.016530615069547047,23.45526311670701,283.7002656608732,1.6897402107396315,0.44444363534701264,21.668840770788826,191.6640958434772,802.283201745382,True
20260811_184731__rp0p25__vinf25__inc90__toff59132__Om270__om165,115317.0,0.9997993964040048,0.016530807924081285,23.455277388651723,283.6995782918102,1.5961950058102599,0.43740879089200996,18.284338513128603,184.27985102300482,736.5915150766755,True
20260811_184731__rp0p25__vinf25__inc90__toff59132__Om270__om180,115317.0,0.9997953054334741,0.016527001278957402,23.45536395679572,283.71575740203485,1.3877311667510108,0.37616156818493374,16.267634899011423,175.8243602599892,597.1120060184184,True
20260811_184731__rp0p25__vinf25__inc90__toff59132__Om270__om195,115317.0,0.9997965541678169,0.016528229626025053,23.455272767721194,283.7112175266962,1.174997067901356,0.28235353854274037,16.32867816879715,164.65411264794528,465.2142023373527,True
20260811_184731__rp0p25__vinf25__inc90__toff59132__Om270__om210,115317.0,0.9997966098329418,0.01652820752246678,23.455271865831293,283.71103519924293,1.027438662169075,0.19704655426313492,18.91882096657369,158.70315448624854,380.3922379727671,True
20260811_184731__rp0p25__vinf25__inc90__toff59132__Om270__om225,115317.0,0.9997977602639507,0.01652927366512387,23.45525840639072,283.70641539177643,0.9515812297505813,0.1328325221476902,22.859516168975116,159.43497867828924,339.05221867161555,True
20260811_184731__rp0p25__vinf25__inc90__toff59132__Om270__om240,115317.0,0.9997973535258258,0.016528911644047597,23.455262108711146,283.70803940219673,0.9404845693053652,0.07782597483772873,26.713124595624276,148.15350259881558,333.13886514483994,True
20260811_184731__rp0p25__vinf25__inc90__toff59132__Om270__om255,115317.0,0.9997966011044458,0.016528210988390815,23.455271975775297,283.71106376286,1.01478989192843,0.08845242373348268,29.025571951118376,72.8588191791474,373.3894039452596,True
20260811_184731__rp0p25__vinf25__inc90__toff59132__Om270__om270,115317.0,0.9997989362866823,0.01653032976202186,23.455243420382224,283.70171147344684,1.145293807048127,0.19483622289702235,27.939550008514573,49.24828683494285,447.6856346006829,True
20260811_184731__rp0p25__vinf25__inc90__toff59132__Om270__om285,115317.0,0.9997989114719663,0.016530339611141275,23.45524453587714,283.70179333744073,1.0584237527781337,0.15365820527627888,25.9101684158716,27.68082846916812,397.7289069978716,True
20260811_184731__rp0p25__vinf25__inc90__toff59132__Om270__om30,115317.0,0.9997988955535122,0.01653034592999985,23.455243933453712,283.70184476258237,0.9127637907916526,0.16745401669579876,29.968908225344773,310.4272678974579,318.5190380006213,True
20260811_184731__rp0p25__vinf25__inc90__toff59132__Om270__om300,115317.0,0.9997989413363976,0.016530327757459697,23.455243758241892,283.70169528149495,0.9445493798344264,0.12281522414620628,25.81249324375738,343.25338382693093,335.3009556142162,True
20260811_184731__rp0p25__vinf25__inc90__toff59132__Om270__om315,115317.0,0.9997947878299586,0.016526546108890046,23.455332618483975,283.718081212847,0.895004008675968,0.14364385160857446,26.398495557504887,319.250097314758,309.26819604033955,True
20260811_184731__rp0p25__vinf25__inc90__toff59132__Om270__om330,115317.0,0.9997946390074363,0.016526336792240727,23.45531862092045,283.718823774999,0.8773265595763616,0.1677894679024028,27.014134522131336,315.0508582357413,300.15093875123443,True
20260811_184731__rp0p25__vinf25__inc90__toff59132__Om270__om345,115317.0,0.9997994611826478,0.0165307822143052,23.455276171241763,283.6993659907096,0.8716191138686663,0.18041384828599086,27.641030693730507,314.5560311813446,297.2267607367692,True
20260811_184731__rp0p25__vinf25__inc90__toff59132__Om270__om45,115317.0,0.9997965974256416,0.01652821244897187,23.455272423578897,283.71107613355906,0.9466851613386355,0.1461179815939503,30.77769873303132,300.47276462458746,336.4388541675919,True
20260811_184731__rp0p25__vinf25__inc90__toff59132__Om270__om60,115317.0,0.9997993600711128,0.016530758247415584,23.455391878735593,283.69895925798915,0.9974359493281502,0.12693532421810222,31.41926464535526,280.0383748481471,363.8524601477589,True
20260811_184731__rp0p25__vinf25__inc90__toff59132__Om270__om75,115317.0,0.9997965793670682,0.016528219620329205,23.455271446648155,283.71113423346156,1.0712360942892167,0.13656944810726046,31.744197351256823,249.81444601996546,404.9725497651072,True
20260811_184731__rp0p25__vinf25__inc90__toff59132__Om270__om90,115317.0,0.9997966622039233,0.016528186727007576,23.45527120616723,283.7108638172816,1.179923693185633,0.18773799960376505,31.56016443255461,226.35936136133463,468.14315028101413,True
20260811_184731__rp0p25__vinf25__inc90__toff59132__Om90__om0,115317.0,0.9997942991116063,0.016526079488126327,23.45529951163764,283.72030946162624,1.6311703303358058,0.4032827083176227,22.483854777175026,170.61498624215503,760.9335983756757,True
20260811_184731__rp0p25__vinf25__inc90__toff59132__Om90__om105,115317.0,0.9997989165216814,0.016530337606572354,23.45524487373679,283.7017771455081,0.9382616617406068,0.0850451977452088,31.742676575721745,221.3829670192813,331.9584643555557,True
20260811_184731__rp0p25__vinf25__inc90__toff59132__Om90__om120,115317.0,0.9997989337618246,0.01653033076430345,23.45524325145239,283.70171956942147,1.003534023578518,0.08019684990333895,29.20358062223855,151.35631900145307,367.19430956901954,True
20260811_184731__rp0p25__vinf25__inc90__toff59132__Om90__om135,115317.0,0.9997942859350611,0.01652608472197219,23.45530048054096,283.720353247901,1.1341741544629764,0.1858243744630005,25.30181203633412,106.50778286538322,441.18161882686644,True
20260811_184731__rp0p25__vinf25__inc90__toff59132__Om90__om15,115317.0,0.9997965415435891,0.016528234639424644,23.455271923072207,283.71125800886864,1.6892177750017716,0.44211665619239254,25.394062269410465,174.71936338338932,801.911154301794,True
20260811_184731__rp0p25__vinf25__inc90__toff59132__Om90__om150,115317.0,0.9997946415546409,0.016526356429431708,23.455318746270812,283.71879490353854,1.0695770487783132,0.1585751002437823,22.898889622084038,63.68108356305006,404.03213005763735,True
20260811_184731__rp0p25__vinf25__inc90__toff59132__Om90__om165,115317.0,0.9997994662323686,0.016530780209928535,23.45527650910081,283.69934979893094,0.9487559561076859,0.1202220963871976,21.89338596982972,7.541096183417962,337.54335548437655,True
20260811_184731__rp0p25__vinf25__inc90__toff59132__Om90__om180,115317.0,0.9997999800499003,0.016531237083291857,23.455307593342614,283.69703920463087,0.8948481565679,0.14240858142093007,20.883141338698422,336.0886266009993,309.18741762799027,True
20260811_184731__rp0p25__vinf25__inc90__toff59132__Om90__om195,115317.0,0.999798955499305,0.016530322135777948,23.45524378057986,283.70164910284626,0.8738295566992833,0.1671041448062674,19.977778615423894,321.1828996023585,298.3581364470318,True
20260811_184731__rp0p25__vinf25__inc90__toff59132__Om90__om210,115317.0,0.9997989006032271,0.016530343925426585,23.455244271313404,283.70182857066277,0.8687072928333336,0.1837525120896402,19.246525458504088,316.9411301653605,295.7385856322252,True
20260811_184731__rp0p25__vinf25__inc90__toff59132__Om90__om225,115317.0,0.9997965974256416,0.01652821244897187,23.455272423578897,283.71107613355906,0.874035604608266,0.1895590505485381,18.558238520036145,312.3908485069501,298.4636713769117,True
20260811_184731__rp0p25__vinf25__inc90__toff59132__Om90__om240,115317.0,0.9997973372962545,0.01652891808768773,23.455262313138217,283.7080925116141,0.884475698268245,0.18270819607277883,17.8733060956159,305.8343111860017,303.8271973819407,True
20260811_184731__rp0p25__vinf25__inc90__toff59132__Om90__om255,115317.0,0.9997965894664511,0.016528215609629363,23.45527212236731,283.71110184766525,0.9074354820704709,0.17189135066200634,17.173154230129366,298.77596727939203,315.7340537430601,True
20260811_184731__rp0p25__vinf25__inc90__toff59132__Om90__om270,115317.0,0.9997966571542312,0.01652818873233708,23.455270868307665,283.71088001023895,0.9391088411626372,0.15146920911753545,16.600884502192017,284.88229703047875,332.4081659642137,True
20260811_184731__rp0p25__vinf25__inc90__toff59132__Om90__om285,115317.0,0.9997967021676077,0.016528170858130815,23.45527110425077,283.71073336940896,0.9900612811520675,0.13066506875047243,16.290366513685186,260.32606359455986,359.82464479944474,True
20260811_184731__rp0p25__vinf25__inc90__toff59132__Om90__om30,115317.0,0.9997966047832503,0.016528209527810558,23.455271527971703,283.71105139215916,1.6051328110269978,0.43829363756500794,28.319986396582465,180.5732330120057,742.7869224808293,True
20260811_184731__rp0p25__vinf25__inc90__toff59132__Om90__om300,115317.0,0.9997989762505474,0.016530313899272942,23.455243318466337,283.70158103342817,1.0627805244049904,0.13460286794452606,16.396829955559124,225.50010579328847,400.18717947053614,True
20260811_184731__rp0p25__vinf25__inc90__toff59132__Om90__om315,115317.0,0.9997948809335904,0.01652650912784531,23.455331445746992,283.7177765199055,1.1659637201763642,0.18093703840598968,17.027827120937573,195.62355127763362,459.8596942386233,True
20260811_184731__rp0p25__vinf25__inc90__toff59132__Om90__om330,115317.0,0.9997992554323122,0.016530595430354737,23.45526299137823,283.7002945041809,1.309592498608869,0.25434869393328174,18.244633990654346,178.50641833503568,547.3965532530791,True
20260811_184731__rp0p25__vinf25__inc90__toff59132__Om90__om345,115317.0,0.9997993913542849,0.016530809928476844,23.455277050792642,283.6995944835333,1.4775168903681264,0.3348578481359571,20.064739683764216,171.27520019541012,655.9888713237189,True
20260811_184731__rp0p25__vinf25__inc90__toff59132__Om90__om45,115317.0,0.9997977602639507,0.01652927366512387,23.45525840639072,283.70641539177643,1.3967806525879,0.37981505798035486,30.617705942606392,187.9377369854263,602.9622273620167,True
20260811_184731__rp0p25__vinf25__inc90__toff59132__Om90__om60,115317.0,0.99979937630075,0.01653075180595498,23.45539167430879,283.69890615125394,1.1844251403071262,0.28831798802139535,32.266844754214084,197.7199239904306,470.8246756805937,True
20260811_184731__rp0p25__vinf25__inc90__toff59132__Om90__om75,115317.0,0.9997965910050627,0.016528214999084332,23.455271300056136,283.71109614867436,1.0353428637846347,0.20451671445740557,33.14719085688755,211.07839971805254,384.7902702462214,True
20260811_184731__rp0p25__vinf25__inc90__toff59132__Om90__om90,115317.0,0.9997989413363976,0.016530327757459697,23.455243758241892,283.70169528149495,0.9557316846857454,0.1400153494418614,33.00970063435556,223.85325752825932,341.2728713775376,True
20260811_184731__rp0p25__vinf25__incm30__toff59132__Om0__om0,115317.0,0.9998030500192449,0.016525498455256707,23.455272476551336,283.70387392057836,1.2945380924620387,0.15569019243861662,21.272427989986138,134.9932921698331,537.9848450288109,True
20260811_184731__rp0p25__vinf25__incm30__toff59132__Om0__om105,115317.0,0.9997960467557111,0.016528450938082754,23.45527214139614,283.7116252316084,1.1197124486868772,0.19563951919139777,21.243951977907944,174.21056739220387,432.77040140473525,True
20260811_184731__rp0p25__vinf25__incm30__toff59132__Om0__om120,115317.0,0.9997912844514069,0.01653356561895725,23.455243480064173,283.71031672832027,0.9098242567230284,0.2558937144945348,24.003445738488416,218.44559863819043,316.98160300861946,True
20260811_184731__rp0p25__vinf25__incm30__toff59132__Om0__om135,115317.0,0.9998033497276126,0.01652570379837481,23.45528758437145,283.702591281233,0.7820748613676949,0.37034285261193756,25.481161454882862,237.01734921746186,252.6214827633949,True
20260811_184731__rp0p25__vinf25__incm30__toff59132__Om0__om15,115317.0,0.99979656253115,0.016528897789054944,23.45530338338819,283.70932734010944,1.3677488501554256,0.18686342237668654,20.083406495880585,127.13944542321752,584.261578735594,True
20260811_184731__rp0p25__vinf25__incm30__toff59132__Om0__om150,115317.0,0.9998041764372579,0.01652646509005777,23.455281747391357,283.6992552487561,0.7085405411376027,0.4515695725593864,25.395545353265533,248.96699317949722,217.84362106472344,True
20260811_184731__rp0p25__vinf25__incm30__toff59132__Om0__om165,115317.0,0.9997892442504875,0.01653166046002086,23.455287349089765,283.7183883942191,0.6821146325759594,0.47279320088842347,24.897765535438065,262.654182102125,205.77084423152652,True
20260811_184731__rp0p25__vinf25__incm30__toff59132__Om0__om180,115317.0,0.9998035897763548,0.016525926750811108,23.455303498523424,283.7015170676634,0.6833465335397181,0.44155951716220504,25.535810181617716,274.22030306714345,206.32852993137226,True
20260811_184731__rp0p25__vinf25__incm30__toff59132__Om0__om195,115317.0,0.9997988876545584,0.016531026705053308,23.45527560215411,283.6999960219555,0.6973148423892077,0.3909539520985436,26.96304528137737,281.08647082678687,212.68710226657495,True
20260811_184731__rp0p25__vinf25__incm30__toff59132__Om0__om210,115317.0,0.9997993194444583,0.01653152220376985,23.455307965953413,283.69794097665346,0.7160254147261027,0.3442568095846995,28.132271532542784,285.9905231261514,221.3046027627176,True
20260811_184731__rp0p25__vinf25__incm30__toff59132__Om0__om225,115317.0,0.9998019238453386,0.01652907152485017,23.455243150490062,283.6982785377031,0.7352345165916615,0.2978702055166319,28.85074772371744,290.2391332250346,230.26960790835565,True
20260811_184731__rp0p25__vinf25__incm30__toff59132__Om0__om240,115317.0,0.9997989408167585,0.016530332808753316,23.455243802917753,283.70163268159763,0.7600326963090019,0.2583406993759789,29.174038872308454,294.8196309880443,242.01718442874005,True
20260811_184731__rp0p25__vinf25__incm30__toff59132__Om0__om255,115317.0,0.9997994138200453,0.016531478670249983,23.45530843782576,283.69764661287024,0.7829059793603086,0.21349059716913935,29.156461776811575,299.85483449294804,253.0242844156597,True
20260811_184731__rp0p25__vinf25__incm30__toff59132__Om0__om270,115317.0,0.9997960480202653,0.016528435242692863,23.455271961268984,283.7116536505655,0.8108450162706246,0.1701421885127041,28.83998791937917,306.3975530358348,266.6886714989437,True
20260811_184731__rp0p25__vinf25__incm30__toff59132__Om0__om285,115317.0,0.9997965938747935,0.01652888534333317,23.455304092612334,283.70922568538776,0.8453794360073384,0.12637575955025893,28.17007559261604,315.52006268747897,283.9064827515601,True
20260811_184731__rp0p25__vinf25__incm30__toff59132__Om0__om30,115317.0,0.9997971278158752,0.016529331083116536,23.455335452928082,283.70685569073214,1.217353358179661,0.14215792488287105,19.42366443082646,86.85442287335378,490.59461576301453,True
20260811_184731__rp0p25__vinf25__incm30__toff59132__Om0__om300,115317.0,0.9997894521940213,0.016531890011094418,23.455304525431345,283.71743312418084,0.8856832044386546,0.07637420579499588,26.936418015188412,310.22209204133935,304.44959730267755,True
20260811_184731__rp0p25__vinf25__incm30__toff59132__Om0__om315,115317.0,0.9998036368539511,0.016525920220452246,23.45530329785277,283.70133715141037,0.8410073673727955,0.10445052918051909,24.333314923223856,261.99021529037753,281.7069040866571,True
20260811_184731__rp0p25__vinf25__incm30__toff59132__Om0__om330,115317.0,0.9998041140860147,0.01652647819652953,23.455282693322967,283.69944667479774,1.14579448706185,0.18579961081216356,26.21312146652232,130.20170862209088,447.9792340383065,True
20260811_184731__rp0p25__vinf25__incm30__toff59132__Om0__om345,115317.0,0.9997892648313957,0.016531640131209707,23.45528745028556,283.71834751316266,1.1660786075017027,0.08045414693914842,22.945505571278638,126.2990147041731,459.9276637870848,True
20260811_184731__rp0p25__vinf25__incm30__toff59132__Om0__om45,115317.0,0.9997982806656409,0.016530603805769487,23.45524461526784,283.7026172546613,0.820489534525916,0.35737238146364325,9.991862932783777,333.1231164249242,271.4609466532624,True
20260811_184731__rp0p25__vinf25__incm30__toff59132__Om0__om60,115317.0,0.9997989690383208,0.016530310435443576,23.455245313531346,283.7017959242477,2.0727417894488367,0.4722207128547031,7.844089892165325,66.91640121425591,1089.9726374509164,True
20260811_184731__rp0p25__vinf25__incm30__toff59132__Om0__om75,115317.0,0.9997993782044979,0.016531486726708334,23.45530853973192,283.6977759337161,1.9921027197956573,0.4533874284648077,12.83401850587916,115.9416122875995,1026.9880329400644,True
20260811_184731__rp0p25__vinf25__incm30__toff59132__Om0__om90,115317.0,0.9998054507236245,0.016527594611870627,23.455242667197,283.69429969967075,1.4575314072517456,0.2919280976081951,17.58112240492156,133.56869956235127,642.7242306542352,True
20260811_184731__rp0p25__vinf25__incm30__toff59132__Om180__om0,115317.0,0.9998030979788359,0.016525461183593288,23.455272036740894,283.70375630815175,0.5900660332763115,0.7035904885949446,69.62316255288863,211.44196035294476,165.55744430916027,True
20260811_184731__rp0p25__vinf25__incm30__toff59132__Om180__om105,115317.0,0.999796088192145,0.016528425368030574,23.45527170160303,283.71150931859825,0.8055497927472096,0.17371054412740802,22.87610635187674,306.1656440053642,264.08052562252277,True
20260811_184731__rp0p25__vinf25__incm30__toff59132__Om180__om120,115317.0,0.9997889427260125,0.01653143162440098,23.455271880910903,283.7197287590106,0.8548948596561005,0.18438225576924228,22.963210076497326,326.89336788511804,288.7133387102334,True
20260811_184731__rp0p25__vinf25__incm30__toff59132__Om180__om135,115317.0,0.9998033846420701,0.016525689939442808,23.45528714459533,283.70247700200264,0.6569358903704562,0.29800087801161473,29.71716910168352,143.6924255038546,194.48328178248778,True
20260811_184731__rp0p25__vinf25__incm30__toff59132__Om180__om15,115317.0,0.9997988838672722,0.016531028208375338,23.455275348759823,283.7000081655423,1.27996561653933,0.3293332462927262,29.10094178219848,16.05259447091912,528.9264015432869,True
20260811_184731__rp0p25__vinf25__incm30__toff59132__Om180__om150,115317.0,0.9998041105649853,0.016526479594123684,23.45528245774524,283.6994579677847,0.9705862269007299,0.12377600200264781,22.890540943348032,85.32835090653309,349.2601020899361,True
20260811_184731__rp0p25__vinf25__incm30__toff59132__Om180__om165,115317.0,0.9997892616753848,0.016531641384925945,23.455287239123614,283.71835763099875,1.0948257255758267,0.05789689309318228,23.554483905704995,114.14245013164192,418.42274169901305,True
20260811_184731__rp0p25__vinf25__incm30__toff59132__Om180__om180,115317.0,0.9998035418167165,0.016525964021307158,23.4553039383319,283.7016346813808,1.267246244511785,0.14707798912426143,23.75526888061452,139.20224601094114,521.0618890859256,True
20260811_184731__rp0p25__vinf25__incm30__toff59132__Om180__om195,115317.0,0.9997965663184184,0.016528896285148052,23.455303636782403,283.70931519578977,1.4648813341222984,0.22969646764215068,23.984929007346413,142.95857154154578,647.5919746692729,True
20260811_184731__rp0p25__vinf25__incm30__toff59132__Om180__om210,115317.0,0.9997971151916328,0.016529336095655107,23.4553346082823,283.7068961714334,1.4054516218031994,0.21238321350832998,24.30396361640369,127.89408039129617,608.5855575896869,True
20260811_184731__rp0p25__vinf25__incm30__toff59132__Om180__om225,115317.0,0.9997982806656409,0.016530603805769487,23.45524461526784,283.7026172546613,0.6546272906405718,0.659868211615722,39.699172618954044,8.337397216885751,193.4590051989469,True
20260811_184731__rp0p25__vinf25__incm30__toff59132__Om180__om240,115317.0,0.9997989639886051,0.016530312440014218,23.455244975671654,283.70181211620616,-1.7365598511841884,1.5469788967288995,31.275605192464365,149.95849741624116,,False
20260811_184731__rp0p25__vinf25__incm30__toff59132__Om180__om255,115317.0,0.999799383254218,0.016531484722455244,23.455308877590333,283.6977597424595,7.830648135865139,0.8824768077790272,23.337458676012567,153.1306733658755,8003.765482588282,True
20260811_184731__rp0p25__vinf25__incm30__toff59132__Om180__om270,115317.0,0.9998054608231867,0.016527590603962968,23.455243342916585,283.6942673083977,1.9812521186353713,0.524802054239184,24.861289521956298,173.11153025842546,1018.6087589297631,True
20260811_184731__rp0p25__vinf25__incm30__toff59132__Om180__om285,115317.0,0.9997965524383178,0.016528910912202214,23.455304532404405,283.70934159839334,1.1762126365962065,0.3011543713523242,24.255834437714462,206.36571281708223,465.9363054823498,True
20260811_184731__rp0p25__vinf25__incm30__toff59132__Om180__om30,115317.0,0.999799332068756,0.01653151719310558,23.455308810599462,283.69790049864366,0.795566028770881,0.20222389451836903,23.55652012837694,296.9661184173449,259.186355877818,True
20260811_184731__rp0p25__vinf25__incm30__toff59132__Om180__om300,115317.0,0.9997917939200353,0.01653402410491488,23.455276124245003,283.70802163170686,0.8538976607152758,0.32427531294074907,23.769768807997504,251.16683111376943,288.2083280785437,True
20260811_184731__rp0p25__vinf25__incm30__toff59132__Om180__om315,115317.0,0.9998036019394758,0.016525934078799157,23.455303737628856,283.70145142991555,0.6929505686356922,0.46465833735369455,23.270743903665963,265.4342751153439,210.69351745363178,True
20260811_184731__rp0p25__vinf25__incm30__toff59132__Om180__om330,115317.0,0.9998041799582875,0.016526463692475346,23.455281982969055,283.6992439557415,0.6082592774991872,0.6024526629023333,23.04226960116772,263.76422620709,173.27300329902346,True
20260811_184731__rp0p25__vinf25__incm30__toff59132__Om180__om345,115317.0,0.9997892474064983,0.016531659206303083,23.455287560251712,283.7183782763972,0.5594566821378625,0.7450338647217563,25.053384619800248,248.65302353025402,152.8436810161588,True
20260811_184731__rp0p25__vinf25__incm30__toff59132__Om180__om45,115317.0,0.9998019238453386,0.01652907152485017,23.455243150490062,283.6982785377031,0.7424699760810604,0.24235876639824014,22.916041020084947,285.89296314340004,233.6770895987265,True
20260811_184731__rp0p25__vinf25__incm30__toff59132__Om180__om60,115317.0,0.9997989458664739,0.01653033080419775,23.455244140777427,283.70161648963915,0.7423444954206997,0.24014874570325065,22.727770966529935,288.3607217461362,233.6178534325397,True
20260811_184731__rp0p25__vinf25__incm30__toff59132__Om180__om75,115317.0,0.9997994087703251,0.016531480674493667,23.455308099967343,283.69766280414615,0.759040516010607,0.22568776982383013,22.74313708246951,293.8332242099508,241.54342922250095,True
20260811_184731__rp0p25__vinf25__incm30__toff59132__Om180__om90,115317.0,0.9997960379208931,0.01652843925348301,23.45527128554984,283.71168603577996,0.7803562706425864,0.20471996981209883,22.7827246696835,303.3029836541507,251.7892459256844,True
20260811_184731__rp0p25__vinf25__incm30__toff59132__Om270__om0,115317.0,0.9997983955731864,0.016530567311730117,23.455243487226863,283.7022219116284,0.7937264175353131,0.18113781185017347,23.419517632710015,312.3958386927143,258.28788916760095,True
20260811_184731__rp0p25__vinf25__incm30__toff59132__Om270__om105,115317.0,0.9997961202284397,0.0165284248015417,23.45527118855382,283.71137823810017,1.2781474134925865,0.13285917843367875,17.8040616955417,138.81414106202442,527.7997845735581,True
20260811_184731__rp0p25__vinf25__incm30__toff59132__Om270__om120,115317.0,0.9997983997812273,0.01653054740776296,23.45524289593668,283.7022469126116,1.402213313190581,0.1928039111227681,17.14428773591679,138.53017593754598,606.4834017843228,True
20260811_184731__rp0p25__vinf25__incm30__toff59132__Om270__om135,115317.0,0.9997940366848838,0.016526536914543324,23.45531470086435,283.71959377205644,1.485670982835418,0.23279017480081884,15.491726027934973,137.89676828703998,661.4267453239299,True
20260811_184731__rp0p25__vinf25__incm30__toff59132__Om270__om15,115317.0,0.999798872229224,0.01653103282750732,23.455275495351657,283.70004624697714,0.8192943268128792,0.1673462224577329,22.578272670919336,319.6761487423642,270.86800667517906,True
20260811_184731__rp0p25__vinf25__incm30__toff59132__Om270__om150,115317.0,0.9997992363954689,0.0165306037450906,23.455262935236412,283.70031289562587,1.8031292862693133,0.37641869929555466,13.86911410529824,140.99072023100732,884.378327343311,True
20260811_184731__rp0p25__vinf25__incm30__toff59132__Om270__om165,115317.0,0.9997985514521258,0.016530829753739953,23.4552603062213,283.7014102016469,2.1837985469421324,0.505605779170034,16.369083099259072,147.91397525451595,1178.736276249229,True
20260811_184731__rp0p25__vinf25__incm30__toff59132__Om270__om180,115317.0,0.9997942258008155,0.01652677393875952,23.455331311546466,283.71869917376694,1.8261409899604684,0.4471549261542708,20.10986998036511,159.02026858540148,901.3620055758007,True
20260811_184731__rp0p25__vinf25__incm30__toff59132__Om270__om195,115317.0,0.9997964768593081,0.01652893484445794,23.455304736227557,283.70960137654373,1.3416621963136977,0.3277912841764987,23.075750116664945,180.7116919408658,567.6263721730301,True
20260811_184731__rp0p25__vinf25__incm30__toff59132__Om270__om210,115317.0,0.9997970272030908,0.01652938014557683,23.455335634440967,283.7071644170778,1.0143662417240118,0.2821755199404313,25.00183885658404,219.21211828697616,373.1556068001655,True
20260811_184731__rp0p25__vinf25__incm30__toff59132__Om270__om225,115317.0,0.9997901268039024,0.016532484199533036,23.45525789717481,283.7149991192966,0.820168751943082,0.3490237401363631,26.145907401094593,250.65290176603094,271.30176467453924,True
20260811_184731__rp0p25__vinf25__incm30__toff59132__Om270__om240,115317.0,0.9997897340941443,0.016532128830970664,23.45526311990522,283.7165523632225,0.7135795706791868,0.4286652266162404,26.721556169675814,268.4137424907353,220.17165264857633,True
20260811_184731__rp0p25__vinf25__incm30__toff59132__Om270__om255,115317.0,0.9997899916416121,0.01653233651342296,23.455337093852137,283.7150397884423,0.6603390501041243,0.4692701345460312,27.074712226886298,280.43147357608325,195.99647532676653,True
20260811_184731__rp0p25__vinf25__incm30__toff59132__Om270__om270,115317.0,0.9997983737041094,0.0165305577582515,23.455243926966617,283.70233282310875,0.6537104655539034,0.43579279707304924,27.37376560819517,290.84908778101436,193.0527298536036,True
20260811_184731__rp0p25__vinf25__incm30__toff59132__Om270__om285,115317.0,0.9997988482604463,0.01653103018388166,23.45527701080855,283.70015182146784,0.6967120056836718,0.3263380180235889,27.049514568310904,298.30327030088324,212.41135621337872,True
20260811_184731__rp0p25__vinf25__incm30__toff59132__Om270__om30,115317.0,0.9997993349464321,0.01653150389450064,23.455308883873908,283.69791731253395,0.8467913730808244,0.1907102054535272,21.698867768204444,327.53882312313254,284.6180426757699,True
20260811_184731__rp0p25__vinf25__incm30__toff59132__Om270__om300,115317.0,0.9997988612925428,0.016531043246213278,23.455275979813806,283.700069249331,0.7436370281344118,0.23270111962553897,26.111946620110874,301.5560419423887,234.22826434141504,True
20260811_184731__rp0p25__vinf25__incm30__toff59132__Om270__om315,115317.0,0.9997942088370213,0.01652678067682781,23.455332027054272,283.71875510365595,0.7556367470565206,0.2106862526482173,25.4753214882537,301.65618855558034,239.9205205312103,True
20260811_184731__rp0p25__vinf25__incm30__toff59132__Om270__om330,115317.0,0.9997945537779455,0.01652639315315816,23.455318800389122,283.7188964074439,0.7625182156115161,0.20463006487365415,24.8919293827745,301.96573906664423,243.20535025033217,True
20260811_184731__rp0p25__vinf25__incm30__toff59132__Om270__om345,115317.0,0.9997986276977014,0.016530794931800402,23.45525963782369,283.70117075838033,0.7753565728684991,0.19403266504704803,24.20164971611109,305.77278381431324,249.37332711230476,True
20260811_184731__rp0p25__vinf25__incm30__toff59132__Om270__om45,115317.0,0.9997889509251615,0.016531446597753942,23.455271914451767,283.7196628144355,0.8852016571030475,0.13794498812538727,20.992867790648262,333.13015566234935,304.2013364760048,True
20260811_184731__rp0p25__vinf25__incm30__toff59132__Om270__om60,115317.0,0.9997897229144423,0.01653213327105894,23.455263662191626,283.71658927053534,0.9474486687133502,0.09157709784157429,20.21657878484586,347.9180768355642,336.84594621205184,True
20260811_184731__rp0p25__vinf25__incm30__toff59132__Om270__om75,115317.0,0.9997899619093334,0.01653236655332934,23.455336902616438,283.715097365514,1.0228246679975639,0.03369023369567835,19.266884282709658,18.80052450273319,377.83273390779965,True
20260811_184731__rp0p25__vinf25__incm30__toff59132__Om270__om90,115317.0,0.9997960714278508,0.016528444180256462,23.455270699216044,283.711537020395,1.1366115616443313,0.05794638966827123,18.412036859406452,127.33703828561988,442.6045706419151,True
20260811_184731__rp0p25__vinf25__incm30__toff59132__Om90__om0,115317.0,0.9997937340053683,0.01652630854583599,23.455299849310045,283.7209388111829,1.6113989673277775,0.4184179098785635,18.403320741359565,161.31120132984026,747.1407290439587,True
20260811_184731__rp0p25__vinf25__incm30__toff59132__Om90__om105,115317.0,0.9997983425772844,0.016530570113397675,23.455244620136906,283.70243492511645,0.8583983506556411,0.20864515847512963,22.264213586037044,328.10775360543226,290.4899435012468,True
20260811_184731__rp0p25__vinf25__incm30__toff59132__Om90__om120,115317.0,0.9997983518220857,0.01653058467835632,23.455243335748012,283.7023644927038,0.7579752631472182,0.2502274269678109,24.747921608455425,292.81501855020815,241.0351272418664,True
20260811_184731__rp0p25__vinf25__incm30__toff59132__Om90__om135,115317.0,0.9997939566263261,0.01652655048595649,23.455315873569692,283.71989515142184,0.7452128826054788,0.25466757072451385,25.85011533265166,290.28883050447837,234.97319457217958,True
20260811_184731__rp0p25__vinf25__incm30__toff59132__Om90__om15,115317.0,0.9997964730720402,0.016528936348382647,23.455304482833345,283.7096135208086,1.0764883123605677,0.24100493345023036,19.81286179385559,186.86305935413196,407.95453829922246,True
20260811_184731__rp0p25__vinf25__incm30__toff59132__Om90__om150,115317.0,0.9997945502569836,0.016526394551878383,23.4553185648116,283.71890769878934,0.7558280161086939,0.24416671412986596,26.55771923153629,294.3385400689301,240.01162040399143,True
20260811_184731__rp0p25__vinf25__incm30__toff59132__Om90__om165,115317.0,0.9997986245416312,0.01653079618462689,23.455259426661623,283.70118087809385,0.775987060621368,0.22610388174109866,27.074263754029953,301.36370652345806,249.6775589826277,True
20260811_184731__rp0p25__vinf25__incm30__toff59132__Om90__om180,115317.0,0.999798887369686,0.01653103289657286,23.45527494878511,283.69998334008943,0.7996970415621553,0.2029560074742662,27.49111646923537,308.8095017848282,261.2077296473562,True
20260811_184731__rp0p25__vinf25__incm30__toff59132__Om90__om195,115317.0,0.9997988760165103,0.016531031324182932,23.455275748745912,283.70003410339723,0.8287310687460214,0.17221914298024552,27.800328079226954,316.4206046740919,275.5612977173522,True
20260811_184731__rp0p25__vinf25__incm30__toff59132__Om90__om210,115317.0,0.999799322322134,0.016531508905168513,23.45530803922786,283.69795779057165,0.8679349961491777,0.13185762617669783,28.030882405721023,324.12691012873324,295.34429777323805,True
20260811_184731__rp0p25__vinf25__incm30__toff59132__Om90__om225,115317.0,0.9997889509251615,0.016531446597753942,23.455271914451767,283.7196628144355,0.9238301783876296,0.07747408397831407,28.20185235715405,332.6271419616262,324.32916798675,True
20260811_184731__rp0p25__vinf25__incm30__toff59132__Om90__om240,115317.0,0.9997897178648201,0.016532135276852575,23.455263324332183,283.71660545880354,1.0119900405041122,0.003672184665314871,28.256181257846997,51.393875329769436,371.845172823721,True
20260811_184731__rp0p25__vinf25__incm30__toff59132__Om90__om255,115317.0,0.9997899669589582,0.016532364547640507,23.455337240474595,283.71508117731264,1.152825203093406,0.09364956241661387,27.98459048241919,157.0110090350542,452.1088246593841,True
20260811_184731__rp0p25__vinf25__incm30__toff59132__Om90__om270,115317.0,0.9997960815272234,0.016528440169491166,23.45527137493516,283.71150463515454,1.3596441444508724,0.19958381367084438,27.311128046018993,160.7113863788697,579.0761460407847,True
20260811_184731__rp0p25__vinf25__incm30__toff59132__Om90__om285,115317.0,0.9997966259111205,0.016528884778197715,23.45530357956208,283.7090946084878,1.5779336182302564,0.28640451751915286,26.871508232401666,158.51046362297902,723.987193135793,True
20260811_184731__rp0p25__vinf25__incm30__toff59132__Om90__om30,115317.0,0.9997970398273309,0.016529375132982683,23.455336479086792,283.7071239365674,0.831783622694654,0.2841859400510295,22.666457480080553,222.36519166497578,277.0852055445514,True
20260811_184731__rp0p25__vinf25__incm30__toff59132__Om90__om300,115317.0,0.9997989092517331,0.016531005976820955,23.45527554000442,283.6999516677708,1.6939633264120737,0.3425033578698493,28.778992204429827,150.74633970029117,805.2927627646262,True
20260811_184731__rp0p25__vinf25__incm30__toff59132__Om90__om315,115317.0,0.9997942888956193,0.0165267671069642,23.455330854348187,283.7184537276553,3.3082205552887203,0.6855762879223987,34.20978090875175,151.29375145420374,2197.8066039037703,True
20260811_184731__rp0p25__vinf25__incm30__toff59132__Om90__om330,115317.0,0.9997992399164637,0.016530602347455285,23.455263170814067,283.7003016056107,82.75999832085908,0.9898937027562262,24.723941312703545,148.02378810839235,274997.34451849817,True
20260811_184731__rp0p25__vinf25__incm30__toff59132__Om90__om345,115317.0,0.9997985546081953,0.016530828500901703,23.4552605173834,283.7014000819719,3.465873708291343,0.7288057311650334,19.378219161271478,156.21756562379522,2356.7683146819813,True
20260811_184731__rp0p25__vinf25__incm30__toff59132__Om90__om45,115317.0,0.9997901268039024,0.016532484199533036,23.45525789717481,283.7149991192966,0.7025803517073177,0.40812483576418407,26.65030949820424,231.1532792068576,215.10068362311347,True
20260811_184731__rp0p25__vinf25__incm30__toff59132__Om90__om60,115317.0,0.9997897391437667,0.016532126825181362,23.455263457764644,283.7165361749407,0.6284943500701197,0.5372224690757231,31.937881669283843,228.54345332182723,181.99097730774625,True
20260811_184731__rp0p25__vinf25__incm30__toff59132__Om90__om75,115317.0,0.9997899865919869,0.016532338519108375,23.455336755993947,283.71505597667624,0.5665200868259328,0.7562901537789668,43.53634252968696,217.7475508847244,155.74738368596888,True
20260811_184731__rp0p25__vinf25__incm30__toff59132__Om90__om90,115317.0,0.9997983636046902,0.016530561767481713,23.455243251247317,283.70236520638537,1.5557089491695597,0.43151805167140095,43.887617447721766,120.71116127432842,708.7455014209479,True
20260811_184731__rp0p25__vinf25__incm60__toff59132__Om0__om0,115317.0,0.9998042314724234,0.01652655245488832,23.455257622787677,283.699151461502,1.3408049897131604,0.21889834528535887,21.198604186226447,117.12465996730089,567.0824625216084,True
20260811_184731__rp0p25__vinf25__incm60__toff59132__Om0__om105,115317.0,0.9997981783696435,0.01653044911594739,23.45532213801417,283.70253620307403,1.0703312491246237,0.1397074507680085,21.059941491453813,173.52629952363614,404.4595535202091,True
20260811_184731__rp0p25__vinf25__incm60__toff59132__Om0__om120,115317.0,0.9997900988271334,0.0165325135417739,23.45525828602736,283.71505145161086,0.9359292196128991,0.2157392332614691,23.006968565841447,215.76336973477726,330.72140137499645,True
20260811_184731__rp0p25__vinf25__incm60__toff59132__Om0__om135,115317.0,0.9998042201136255,0.016526450197026567,23.45529606528548,283.6990005022559,0.8505116672261935,0.30186736091180216,23.732453582764368,234.11333020074898,286.4957631337763,True
20260811_184731__rp0p25__vinf25__incm60__toff59132__Om0__om15,115317.0,0.9997960079886927,0.016528457216087877,23.455272812211984,283.71177185924626,1.2997713167754015,0.18452497524893882,21.142597286585527,102.43749478370233,541.2503790580729,True
20260811_184731__rp0p25__vinf25__incm60__toff59132__Om0__om150,115317.0,0.9998041818729124,0.016526455410324506,23.45528254377378,283.69923787491666,0.8029681107503417,0.35497495107539795,23.7920803003771,247.23037631262537,262.81202787378135,True
20260811_184731__rp0p25__vinf25__incm60__toff59132__Om0__om165,115317.0,0.9997900264927244,0.016532441585735188,23.455298144648797,283.71508749263074,0.7789040666072552,0.3726114313202302,24.315986650572892,259.11870543763763,251.08672220772542,True
20260811_184731__rp0p25__vinf25__incm60__toff59132__Om0__om180,115317.0,0.9998042292005757,0.016526535121688272,23.455258217148412,283.69919858739996,0.7731967968250669,0.3703621624369722,25.633811674774616,269.00171686346897,248.33209914484823,True
20260811_184731__rp0p25__vinf25__incm60__toff59132__Om0__om195,115317.0,0.9997971988674867,0.016529513361018638,23.455258186325544,283.70700609830783,0.7743111388544082,0.3538976488984137,27.352905514298275,275.7118745481915,248.86914206492818,True
20260811_184731__rp0p25__vinf25__incm60__toff59132__Om0__om210,115317.0,0.9997960600067961,0.016528448714725873,23.455272248204505,283.7115755565685,0.7841715734299322,0.32667666299490955,28.987120578774356,280.0500675709062,253.63806580478177,True
20260811_184731__rp0p25__vinf25__incm60__toff59132__Om0__om225,115317.0,0.9997995657680337,0.016526961677497794,23.455271793447046,283.7077058532035,0.7985244237495959,0.28901664269992416,30.281334527104868,282.6149140118998,260.63341616927534,True
20260811_184731__rp0p25__vinf25__incm60__toff59132__Om0__om240,115317.0,0.9997966209512095,0.016528207949510147,23.455271763914737,283.71093450367516,0.818611884809054,0.2424096045113189,31.123252862404115,283.6323731643424,270.52964254853794,True
20260811_184731__rp0p25__vinf25__incm60__toff59132__Om0__om255,115317.0,0.9997960077038212,0.016528463406867856,23.45527215884203,283.711759171031,0.8445298487373333,0.18860275265491647,31.457809631110326,283.4698447368392,283.47861087732014,True
20260811_184731__rp0p25__vinf25__incm60__toff59132__Om0__om270,115317.0,0.999798400274346,0.01653054721175997,23.455243391557158,283.702245714027,0.8788983794578099,0.12705004173614573,31.264711409827036,280.185815296356,300.95792639456226,True
20260811_184731__rp0p25__vinf25__incm60__toff59132__Om0__om285,115317.0,0.999798184122849,0.01653043771511534,23.455322549152797,283.70253738573183,0.9234296621563551,0.06850150712437238,30.49108722146413,267.6911854273608,324.11827692852177,True
20260811_184731__rp0p25__vinf25__incm60__toff59132__Om0__om30,115317.0,0.9997960832848942,0.01652842427801576,23.455271690428432,283.7115318553125,1.109127293722076,0.17507074743912043,23.162568413617066,52.05388387672146,426.6481623232638,True
20260811_184731__rp0p25__vinf25__incm60__toff59132__Om0__om300,115317.0,0.9997911451462137,0.016533401331691126,23.455321989401007,283.7104094642582,0.9833389894750343,0.035235024416426106,29.010286045955194,202.28338178983114,356.166180800783,True
20260811_184731__rp0p25__vinf25__incm60__toff59132__Om0__om315,115317.0,0.9998041771559342,0.016526467246017494,23.455297007836524,283.69914143676044,1.0687217847186743,0.10189907585136568,26.837031177030838,110.8870685545317,403.54761367018773,True
20260811_184731__rp0p25__vinf25__incm60__toff59132__Om0__om330,115317.0,0.9998041881468784,0.01652643847815311,23.45528089059189,283.69921387154824,1.0795068331448323,0.18288615328291177,22.96030553498539,152.23274431912697,409.6716244127949,True
20260811_184731__rp0p25__vinf25__incm60__toff59132__Om0__om345,115317.0,0.9997900721344962,0.016532411304862753,23.45529737816129,283.71496416509086,1.2641394005624291,0.2064273102670357,22.52678381989423,137.16734308901687,519.1468721422664,True
20260811_184731__rp0p25__vinf25__incm60__toff59132__Om0__om45,115317.0,0.99979608047518,0.01652843147150181,23.455270868128704,283.71152726347555,0.7354572015589119,0.4999276209295966,31.11479411860883,351.4006081359838,230.37423057248063,True
20260811_184731__rp0p25__vinf25__incm60__toff59132__Om0__om60,115317.0,0.9997990454549596,0.016530280104190727,23.45524394952861,283.70154553706243,0.9260591883097993,0.22331712861064948,38.66591120793307,150.31336025158402,325.5036838992298,True
20260811_184731__rp0p25__vinf25__incm60__toff59132__Om0__om75,115317.0,0.9997960186404402,0.016528452986862403,23.455271674379023,283.71173617259404,1.5905242634553776,0.330108968924461,16.541548802866505,71.26791936915467,732.6697117240182,True
20260811_184731__rp0p25__vinf25__incm60__toff59132__Om0__om90,115317.0,0.9998030984611441,0.016525482265086093,23.455271236807093,283.7037083047247,1.278403509170174,0.18899502793733058,18.18119386688094,111.43557399901832,527.9584212212116,True
20260811_184731__rp0p25__vinf25__incm60__toff59132__Om180__om0,115317.0,0.999804224150807,0.016526537126054026,23.45525787928867,283.69921478348505,0.6547976220775606,0.4883461568025508,23.865467190907356,254.11762004545773,193.5345160145752,True
20260811_184731__rp0p25__vinf25__incm60__toff59132__Om180__om105,115317.0,0.9997981790731413,0.01653043971976817,23.45532221129441,283.70255357744446,0.8225622175738735,0.15790366489002358,20.778717431267626,301.94691915987937,272.49022429647636,True
20260811_184731__rp0p25__vinf25__incm60__toff59132__Om180__om120,115317.0,0.9997901438760209,0.016532477419274827,23.455257882864725,283.714943432978,0.8619830204724481,0.13908998560076588,21.52836096251561,313.319985403331,292.31147001743085,True
20260811_184731__rp0p25__vinf25__incm60__toff59132__Om180__om135,115317.0,0.9998041721061661,0.016526469250389114,23.455296669977443,283.6991576329084,0.9019392480078475,0.054177416396361824,23.73008081392277,356.58428018310605,312.8698535859204,True
20260811_184731__rp0p25__vinf25__incm60__toff59132__Om180__om15,115317.0,0.9997972013923356,0.01652951235851633,23.455258355255356,283.7069980022526,0.681776851060224,0.37887417821378927,23.097968838063696,259.5652782973722,205.61801731898208,True
20260811_184731__rp0p25__vinf25__incm60__toff59132__Om180__om150,115317.0,0.9998042071056517,0.01652645160324052,23.455282113967137,283.69913238677964,1.003833301810405,0.11176072905612415,22.229921625238376,86.88125367496384,367.3585812139482,True
20260811_184731__rp0p25__vinf25__incm60__toff59132__Om180__om165,115317.0,0.9997900759217155,0.01653240980061228,23.455297631555386,283.71495202395306,1.12700693613306,0.07610144710953877,23.977036153776783,112.90211312841943,437.00627564975383,True
20260811_184731__rp0p25__vinf25__incm60__toff59132__Om180__om180,115317.0,0.9998042365221921,0.016526550450527942,23.45525796064744,283.69913526542484,1.2844169690813314,0.15390423781200638,25.149120461739933,130.71891415104145,531.6879800746344,True
20260811_184731__rp0p25__vinf25__incm60__toff59132__Om180__om195,115317.0,0.9997960054638496,0.016528458218789815,23.455272643282225,283.7117799555331,1.4155854175556262,0.20459676130203855,26.133838413920635,133.76415375952993,615.1795790928629,True
20260811_184731__rp0p25__vinf25__incm60__toff59132__Om180__om210,115317.0,0.9997960883345808,0.016528422272632754,23.455272028288,283.71151566267247,1.302820956397191,0.16740120387083945,27.189681988964274,113.70463987958067,543.1563909952159,True
20260811_184731__rp0p25__vinf25__incm60__toff59132__Om180__om225,115317.0,0.9997960855248663,0.016528429466119265,23.4552712059883,283.7115110708437,0.8680664520183367,0.2888193785365076,41.779640884257645,11.826701886149497,295.41139878583937,True
20260811_184731__rp0p25__vinf25__incm60__toff59132__Om180__om240,115317.0,0.9997990454549596,0.016530280104190727,23.45524394952861,283.70154553706243,4.376044800529181,0.8126662465770983,40.20042810834572,160.5969778504063,3343.6470644130836,True
20260811_184731__rp0p25__vinf25__incm60__toff59132__Om180__om255,115317.0,0.9997960236901259,0.016528450981462547,23.455272012238606,283.7117199800089,2.6549919592766913,0.602828043257644,34.67416285181232,167.06104392373805,1580.1292250392291,True
20260811_184731__rp0p25__vinf25__incm60__toff59132__Om180__om270,115317.0,0.9998031035109014,0.016525480260344234,23.45527157466681,283.70369210814084,1.629415353067059,0.38163972413632846,31.371991514702135,183.02239811328113,759.7058952807496,True
20260811_184731__rp0p25__vinf25__incm60__toff59132__Om180__om285,115317.0,0.9997981834193511,0.01653044711129607,23.455322475872524,283.70252001136936,1.1490634464703635,0.2381252428561748,29.219318660509998,221.57047241705004,449.89773245570836,True
20260811_184731__rp0p25__vinf25__incm60__toff59132__Om180__om30,115317.0,0.9997960549571095,0.016528450720113847,23.45527191034494,283.711591749175,0.7073748135614321,0.3211611414418874,21.492311768827598,265.2077734372261,217.30623084871343,True
20260811_184731__rp0p25__vinf25__incm60__toff59132__Om180__om300,115317.0,0.9997911000972358,0.01653343745201633,23.455322392559772,283.7105174858984,0.8900804926276515,0.28296913961091064,27.19020795444687,267.8580136454369,306.7197311109712,True
20260811_184731__rp0p25__vinf25__incm60__toff59132__Om180__om315,115317.0,0.999804225163394,0.016526448192667992,23.455296403144608,283.6989843060696,0.743098958330715,0.4102465884302912,24.98329906189459,282.2666624512168,233.97409123526168,True
20260811_184731__rp0p25__vinf25__incm60__toff59132__Om180__om330,115317.0,0.99980416291414,0.016526442285276645,23.45528132039852,283.6993193597526,0.661430773775017,0.5146830074461956,23.024538173685357,278.19683390554087,196.48273100117913,True
20260811_184731__rp0p25__vinf25__incm60__toff59132__Om180__om345,115317.0,0.9997900227055052,0.01653244308999409,23.455297891254677,283.71509963373245,0.6311057200682053,0.5484652303208055,22.762350643143073,263.69170065766093,183.12640301292043,True
20260811_184731__rp0p25__vinf25__incm60__toff59132__Om180__om45,115317.0,0.999799560718312,0.016526963682568577,23.455271455587408,283.70772204779166,0.7234643269073986,0.2847420671780978,20.563046545038663,269.6240118092897,224.76230258187954,True
20260811_184731__rp0p25__vinf25__incm60__toff59132__Om180__om60,115317.0,0.9997966209512095,0.016528207949510147,23.455271763914737,283.71093450367516,0.7437703899233759,0.25304346643906506,20.21050738038502,275.09686903246995,234.29127593099784,True
20260811_184731__rp0p25__vinf25__incm60__toff59132__Om180__om75,115317.0,0.9997960026541354,0.01652846541227099,23.45527182098245,283.711775363599,0.7662409803811224,0.22306873426573068,20.180075440946666,281.99965577494777,244.9885873085615,True
20260811_184731__rp0p25__vinf25__incm60__toff59132__Om180__om90,115317.0,0.9997983952246363,0.01653054921636718,23.455243053697536,283.7022619056879,0.7923515459182913,0.19133698270166313,20.37608984653638,290.6891273712181,257.61708083288636,True
20260811_184731__rp0p25__vinf25__incm60__toff59132__Om270__om0,115317.0,0.9997983977823965,0.01653055275961816,23.45524298041056,283.7022436982963,0.8303447457337694,0.15292094519485058,21.368303366060548,319.2397088429821,276.3665347806868,True
20260811_184731__rp0p25__vinf25__incm60__toff59132__Om270__om105,115317.0,0.9998006506835446,0.01652784949405939,23.45533487382466,283.7029037648358,1.1043317693516577,0.05145154834134934,16.171861732271825,194.25661798250587,423.88411282427677,True
20260811_184731__rp0p25__vinf25__incm60__toff59132__Om270__om120,115317.0,0.9997983930483314,0.016530568314032504,23.455243318297033,283.7022300074508,1.2140663990313298,0.122097455982207,16.299199507871233,167.21128205295196,488.6089859003839,True
20260811_184731__rp0p25__vinf25__incm60__toff59132__Om270__om135,115317.0,0.9997942841966309,0.01652677201198467,23.455330685423903,283.71846237620224,1.3523091240204421,0.20378677378202484,16.760675958142404,158.3907063763252,574.3964639811019,True
20260811_184731__rp0p25__vinf25__incm60__toff59132__Om270__om15,115317.0,0.9998019041460295,0.016529088459812016,23.45524411941116,283.69832399362105,0.8419369551638394,0.1599395963982643,20.351579415855408,320.4893234410104,282.17410031855985,True
20260811_184731__rp0p25__vinf25__incm60__toff59132__Om270__om150,115317.0,0.9997993434075959,0.016530589104724266,23.45526366577375,283.7001464894509,1.5167467415559364,0.2917473289253069,17.5381422976611,155.66302405139598,682.2874709714032,True
20260811_184731__rp0p25__vinf25__incm60__toff59132__Om270__om165,115317.0,0.9997988103086789,0.01653106576071724,23.455277304030425,283.7002317382205,1.694393503864378,0.3775590891762735,19.030434322457314,157.3047095969909,805.5995351507905,True
20260811_184731__rp0p25__vinf25__incm60__toff59132__Om270__om180,115317.0,0.9997937206097774,0.016526329059109383,23.45529968040752,283.7209496645158,1.731934059622379,0.4175950636283477,21.531136121795885,164.3536436827013,832.5202765960537,True
20260811_184731__rp0p25__vinf25__incm60__toff59132__Om270__om195,115317.0,0.9997959865362124,0.01652845965750114,23.45527293645483,283.71185501664354,1.5405192083428425,0.39209993267269744,24.550543438570177,176.65747391903878,698.3907313966431,True
20260811_184731__rp0p25__vinf25__incm60__toff59132__Om270__om210,115317.0,0.9997960389049938,0.016528454055381475,23.455272541382836,283.71165117125037,1.263971620695243,0.329276924382701,27.190366681442825,196.28545661798884,519.0435217882135,True
20260811_184731__rp0p25__vinf25__incm60__toff59132__Om270__om225,115317.0,0.9997971698382759,0.016529534002734707,23.455258068371325,283.7070810786245,1.0331547660134706,0.2842945369560143,29.157687490832767,223.80883123741896,383.5710890132668,True
20260811_184731__rp0p25__vinf25__incm60__toff59132__Om270__om240,115317.0,0.999796794169882,0.01652914445646362,23.455263122102476,283.70863753784374,0.8766583950566127,0.284013701682526,30.53134038409136,251.28677003933348,299.80811540375566,True
20260811_184731__rp0p25__vinf25__incm60__toff59132__Om270__om255,115317.0,0.9998030780285777,0.016525481258904986,23.45527197777789,283.70379519823047,0.7875023538290131,0.2980934020458581,31.30552675320183,270.77910033808973,255.25577775952627,True
20260811_184731__rp0p25__vinf25__incm60__toff59132__Om270__om270,115317.0,0.9997983690050826,0.016530562662563312,23.45524375804273,283.7023414746394,0.7486386581486458,0.2865895872647353,31.320408464023885,282.695768497585,236.59532802483957,True
20260811_184731__rp0p25__vinf25__incm60__toff59132__Om270__om285,115317.0,0.999799334979337,0.016531508440243283,23.455308641656842,283.69790720265985,0.7625400189379797,0.22345768896318496,30.30199006435122,290.05861459039636,243.215781588456,True
20260811_184731__rp0p25__vinf25__incm60__toff59132__Om270__om30,115317.0,0.9998053869325882,0.016527604727228678,23.455244611256035,283.6945421054435,0.8581842095072205,0.16170702617122282,19.45703068053334,321.6317189139952,290.381249262138,True
20260811_184731__rp0p25__vinf25__incm60__toff59132__Om270__om300,115317.0,0.9997993713663232,0.01653148488222216,23.455307864007075,283.6978074812276,0.8212593778307937,0.11306816354902857,27.97556165605113,300.293684882593,271.8430930363055,True
20260811_184731__rp0p25__vinf25__incm60__toff59132__Om270__om315,115317.0,0.9997942129924704,0.016526776747302994,23.455332195979857,283.71874659314165,0.8584579306857701,0.07934002312686092,25.422883189895852,330.925915752913,290.5201876761492,True
20260811_184731__rp0p25__vinf25__incm60__toff59132__Om270__om330,115317.0,0.999794557024663,0.01652636131489916,23.45531807185898,283.71893908368656,0.8425466066171157,0.11283925075403735,23.802476351506122,326.9208522583507,282.48064165835206,True
20260811_184731__rp0p25__vinf25__incm60__toff59132__Om270__om345,115317.0,0.9997988915688947,0.01653101223513954,23.455276171045643,283.7000115002436,0.8301495642634207,0.14011407924564628,22.533802446377162,319.9381768466725,276.2690961140186,True
20260811_184731__rp0p25__vinf25__incm60__toff59132__Om270__om45,115317.0,0.9997960019506408,0.01652847480765152,23.45527174770355,283.71175798203103,0.8823256521674753,0.1486075372348864,18.62989647555287,323.0489319232593,302.7200239440663,True
20260811_184731__rp0p25__vinf25__incm60__toff59132__Om270__om60,115317.0,0.9997967735919987,0.016529158704293053,23.455263326541125,283.7086917546818,0.9146235098577075,0.12522312457172025,17.81974504641269,320.7695012116128,319.49298803579217,True
20260811_184731__rp0p25__vinf25__incm60__toff59132__Om270__om75,115317.0,0.9997960099119543,0.016528456452885972,23.455271784323045,283.7117647356334,0.9591972055190129,0.0857037265704909,17.00909665948583,318.2122787248909,343.13075639288695,True
20260811_184731__rp0p25__vinf25__incm60__toff59132__Om270__om90,115317.0,0.9997960761268557,0.016528439275543663,23.455270868140133,283.7115283705495,1.0213933817575749,0.044261277490780036,16.43654403805173,287.10075719228524,377.03993298289237,True
20260811_184731__rp0p25__vinf25__incm60__toff59132__Om90__om0,115317.0,0.9997937155601148,0.016526331065281633,23.455299342548027,283.72096585808083,1.4524016006580869,0.3818959708134121,17.1395707141359,168.01016846779436,639.3340996396881,True
20260811_184731__rp0p25__vinf25__incm60__toff59132__Om90__om105,115317.0,0.9997993299296177,0.01653151044450857,23.455308303798443,283.69792339387453,0.9730930321892634,0.15956967347480933,24.53770300219932,355.22302187431205,350.61406548725614,True
20260811_184731__rp0p25__vinf25__incm60__toff59132__Om90__om120,115317.0,0.9997983700921683,0.016530560711560966,23.45524375803977,283.7023411967849,0.8278490912228897,0.1822143665496948,25.370456111395256,302.1899146059682,275.1215153712648,True
20260811_184731__rp0p25__vinf25__incm60__toff59132__Om90__om135,115317.0,0.999794207942803,0.016526778753301528,23.45533185812098,283.71876278651996,0.7996720157353652,0.20659385593035046,26.3107648110764,295.39958563792857,261.1954683385422,True
20260811_184731__rp0p25__vinf25__incm60__toff59132__Om90__om15,115317.0,0.9997959890610554,0.01652845865479612,23.455273105384606,283.7118469203616,1.0864149603147955,0.24160965610085763,17.766050289579734,176.32672378787507,413.6103486623717,True
20260811_184731__rp0p25__vinf25__incm60__toff59132__Om90__om150,115317.0,0.9997945759833002,0.016526374432556255,23.455319295251496,283.71885758236715,0.8022740184613387,0.21369260685169492,27.07226707097155,299.27836547403535,262.4713361823264,True
20260811_184731__rp0p25__vinf25__incm60__toff59132__Om90__om165,115317.0,0.9997988953561808,0.016531010731817272,23.45527642443989,283.6999993566443,0.8146680874726472,0.20814251437552567,27.79300389408803,304.8416066558022,268.577017510987,True
20260811_184731__rp0p25__vinf25__incm60__toff59132__Om90__om180,115317.0,0.9997984028321062,0.01653055075501245,23.4552433182702,283.7022275066363,0.8345188494617485,0.1958234097572754,28.522453787724192,310.1344149839766,278.4530737657684,True
20260811_184731__rp0p25__vinf25__incm60__toff59132__Om90__om195,115317.0,0.9998019016211567,0.016529089461954746,23.455243950481314,283.6983320904327,0.8613367784823853,0.1730249109579796,29.27354158369507,313.97929776774254,291.9828059988724,True
20260811_184731__rp0p25__vinf25__incm60__toff59132__Om90__om210,115317.0,0.999805391982369,0.016527602723253897,23.455244949115812,283.6945259098474,0.8969757281227233,0.13786723972653056,30.03306311717058,314.54960447707026,310.2907487331872,True
20260811_184731__rp0p25__vinf25__incm60__toff59132__Om90__om225,115317.0,0.9997960070003263,0.016528472802249852,23.455272085563134,283.71174178947035,0.9498995484431125,0.09010432164493752,30.70999167887852,306.42119077281643,338.15383116445406,True
20260811_184731__rp0p25__vinf25__incm60__toff59132__Om90__om240,115317.0,0.9997967735919987,0.016529158704293053,23.455263326541125,283.7086917546818,1.0273689278244216,0.050530917241894874,31.181220537692855,254.56934516120478,380.35351164150615,True
20260811_184731__rp0p25__vinf25__incm60__toff59132__Om90__om255,115317.0,0.9997960149616401,0.016528454447483666,23.455272122182613,283.7117485430548,1.1467892615048414,0.10429436579111247,31.307339161401718,198.4078569694511,448.5627614632822,True
20260811_184731__rp0p25__vinf25__incm60__toff59132__Om90__om270,115317.0,0.999796081176542,0.016528437270161088,23.45527120599968,283.71151217792556,1.3251464286513366,0.2027793527800505,30.97062142542087,186.1057082824372,557.1775329235425,True
20260811_184731__rp0p25__vinf25__incm60__toff59132__Om90__om285,115317.0,0.999800655733277,0.01652784748937025,23.45533521168302,283.70288757056085,1.5621785263347014,0.30666472204516354,30.18395574350837,181.91480218012023,713.1711822431728,True
20260811_184731__rp0p25__vinf25__incm60__toff59132__Om90__om30,115317.0,0.9997960338553078,0.016528456060775642,23.455272203523275,283.7116673638412,0.888887446077159,0.2088327041163832,20.992496217829654,199.5644100580069,306.10325607676106,True
20260811_184731__rp0p25__vinf25__incm60__toff59132__Om90__om300,115317.0,0.9997993943225321,0.01653149248697968,23.455307424261278,283.6976963000587,1.8691611588612063,0.41736485930923223,28.90074185752607,178.38241473925007,933.4002483050675,True
20260811_184731__rp0p25__vinf25__incm60__toff59132__Om90__om315,115317.0,0.9997942892462992,0.016526770006011122,23.45533102328273,283.7184461827807,2.2955122691828325,0.537953748573355,26.57558831987351,173.4253005154341,1270.3319405205718,True
20260811_184731__rp0p25__vinf25__incm60__toff59132__Om90__om330,115317.0,0.9997993244488922,0.016530575979958387,23.455262442402425,283.7002279562782,2.5275044392275134,0.60677634215363,22.847768300968205,167.92888687431483,1467.6945478411405,True
20260811_184731__rp0p25__vinf25__incm60__toff59132__Om90__om345,115317.0,0.9997988065213932,0.016531067264053956,23.455277050636152,283.7002438817576,2.065336705874571,0.5448138585912778,19.149581614875846,166.89148203147866,1084.1367982054373,True
20260811_184731__rp0p25__vinf25__incm60__toff59132__Om90__om45,115317.0,0.9997971647885785,0.016529536007746364,23.455257730511715,283.7070972707013,0.7867237832825137,0.2441957464003603,25.803224965487214,214.52318322382823,254.8773303151927,True
20260811_184731__rp0p25__vinf25__incm60__toff59132__Om90__om60,115317.0,0.999796794169882,0.01652914445646362,23.455263122102476,283.70863753784374,0.7511105164016296,0.25841782630795274,31.743910839139648,218.72072255373104,237.76808191176252,True
20260811_184731__rp0p25__vinf25__incm60__toff59132__Om90__om75,115317.0,0.9998030729788205,0.016525483263655383,23.455271639918177,283.7038113948005,0.8403941813749833,0.11627653944415343,38.54296338531983,216.38600844759912,281.3988677145497,True
20260811_184731__rp0p25__vinf25__incm60__toff59132__Om90__om90,115317.0,0.999798363955373,0.016530564667178477,23.455243420183113,283.7023576662741,1.8386561990227344,0.5027610184632888,31.01523979705746,49.095819227786066,910.6439063655631,True
20260811_184731__rp0p25__vinf25__incm90__toff59132__Om0__om0,115317.0,0.9998048801646912,0.016527095312755133,23.455326556671245,283.6960638659302,1.3497343992093465,0.06191618151160204,20.30582740984414,36.30313030292396,572.7568144721207,True
20260811_184731__rp0p25__vinf25__incm90__toff59132__Om0__om105,115317.0,0.9997968278064548,0.016529142448607686,23.45526261719996,283.70850653373,1.3236756013349236,0.22466787020538842,21.64881042636171,78.01463798399108,556.2501435335882,True
20260811_184731__rp0p25__vinf25__incm90__toff59132__Om0__om120,115317.0,0.9997897648547717,0.01653212492168678,23.45526227713758,283.71643702015706,0.9971118634968206,0.1379245930544285,21.054710900425015,189.66866118518894,363.67514071984203,True
20260811_184731__rp0p25__vinf25__incm90__toff59132__Om0__om135,115317.0,0.9998043901832919,0.016526622892382947,23.45529492572055,283.69830980628365,0.8941757606117162,0.24666217738395327,20.391725051720286,227.33898873041625,308.83899430752706,True
20260811_184731__rp0p25__vinf25__incm90__toff59132__Om0__om15,115317.0,0.9997968318041037,0.016529131745126196,23.45526244825277,283.7085129671268,1.4456779949479535,0.2759452343589642,25.241828596663442,95.38563735385821,634.8997355753384,True
20260811_184731__rp0p25__vinf25__incm90__toff59132__Om0__om150,115317.0,0.9998041875184032,0.016526428801746804,23.45528166133191,283.6992414550209,0.8586307940717604,0.30818914640552747,20.40974082584404,245.06407049500552,290.60794299230344,True
20260811_184731__rp0p25__vinf25__incm90__toff59132__Om0__om165,115317.0,0.9997902730606303,0.01653258384448035,23.455294837079844,283.71414561374866,0.8486693434700511,0.33357648534262124,21.55003906893551,257.4371098482103,285.56538433445337,True
20260811_184731__rp0p25__vinf25__incm90__toff59132__Om0__om180,115317.0,0.9998038868832893,0.01652614970216333,23.455262112590113,283.7006114286661,0.8542133142396061,0.33737787135422853,23.433048852825124,265.2536717509509,288.3681523506539,True
20260811_184731__rp0p25__vinf25__incm90__toff59132__Om0__om195,115317.0,0.9997968148315387,0.016529144561989197,23.455261603615405,283.70855455635217,0.8650147946093228,0.32909856682311145,25.64054308559348,268.1712534901831,293.8550059131683,True
20260811_184731__rp0p25__vinf25__incm90__toff59132__Om0__om210,115317.0,0.9997968155329019,0.016529150360886855,23.455261941486537,283.708539472552,0.884475455499224,0.31121020034561087,27.708669268469496,268.99764210367823,303.82707229117847,True
20260811_184731__rp0p25__vinf25__incm90__toff59132__Om0__om225,115317.0,0.9998003589514052,0.016527648433743897,23.45526261829564,283.7045477508098,0.9087262181110689,0.2816277099140999,29.459713488801757,266.05929738637053,316.40794331460705,True
20260811_184731__rp0p25__vinf25__incm90__toff59132__Om0__om240,115317.0,0.9997993876145567,0.01653075439227455,23.455391169388424,283.6988032483628,0.9375870858440022,0.24370092475248908,30.735075128710402,259.2119200572235,331.60052967680843,True
20260811_184731__rp0p25__vinf25__incm90__toff59132__Om0__om255,115317.0,0.9997968148315387,0.016529144561989197,23.455261603615405,283.70855455635217,0.9757649408358064,0.20152412765258487,31.476788110400403,246.1597339621223,352.05912494933995,True
20260811_184731__rp0p25__vinf25__incm90__toff59132__Om0__om270,115317.0,0.9997968336275878,0.01652912494366046,23.455262279311416,283.70851995478074,1.0248864122567454,0.17075927734806848,31.599474394948896,224.81146749318674,378.9757258463296,True
20260811_184731__rp0p25__vinf25__incm90__toff59132__Om0__om285,115317.0,0.9997968393786452,0.0165291287374312,23.45526295504215,283.7084886786666,1.0913556227882906,0.16858075712151446,30.94862823306514,197.54778220761747,416.4350023385469,True
20260811_184731__rp0p25__vinf25__incm90__toff59132__Om0__om30,115317.0,0.9997968314534222,0.016529128845676203,23.455262279317203,283.7085205090299,1.357620211690451,0.2964640042247831,28.395877718710437,84.57091215400114,577.7836296247908,True
20260811_184731__rp0p25__vinf25__incm90__toff59132__Om0__om300,115317.0,0.9997897703251456,0.016532104518202816,23.45526177031367,283.7164579888913,1.1788870018258795,0.19349235430568076,29.361361559955924,173.90536650531882,467.526313771231,True
20260811_184731__rp0p25__vinf25__incm90__toff59132__Om0__om315,115317.0,0.9998038882860357,0.016526161301220053,23.455262788332742,283.70058126091686,1.2850722259809133,0.219610504045161,25.935651701136024,152.80625595357182,532.0949000887383,True
20260811_184731__rp0p25__vinf25__incm90__toff59132__Om0__om330,115317.0,0.9998041813686398,0.01652646404904191,23.45528178668666,283.69921483372934,1.3893370867532289,0.33264950055837395,24.705300637214382,147.07217246259728,598.1487970452308,True
20260811_184731__rp0p25__vinf25__incm90__toff59132__Om0__om345,115317.0,0.9997902868068055,0.01653256623079258,23.455295174916692,283.7141272145369,1.4531255568809278,0.1797681294242975,14.866621596503881,116.96133319355724,639.8121777129159,True
20260811_184731__rp0p25__vinf25__incm90__toff59132__Om0__om45,115317.0,0.9997968321547854,0.01652913464457646,23.455262617188357,283.70850542522686,1.3992187313531548,0.3993401697874501,34.15439195633752,79.2652851920545,604.5416207133649,True
20260811_184731__rp0p25__vinf25__incm90__toff59132__Om0__om60,115317.0,0.9997974811156602,0.01652885689821546,23.455261603809593,283.70781127056335,4.589365343037573,0.8358696676796191,38.88848933471919,93.10867049722012,3591.093707397967,True
20260811_184731__rp0p25__vinf25__incm90__toff59132__Om0__om75,115317.0,0.9997968292792567,0.016529132747691848,23.455262279322984,283.70852106327817,-0.9146111172402771,1.5754829353193835,27.04892704357687,53.47011574270815,,False
20260811_184731__rp0p25__vinf25__incm90__toff59132__Om0__om90,115317.0,0.9998038691390346,0.01652617801844237,23.45526194370074,283.70062342023516,8.096455486306269,0.8729470164789453,23.927444505392632,38.10493588476785,8414.730069920635,True
20260811_184731__rp0p25__vinf25__incm90__toff59132__Om180__om0,115317.0,0.9998048932098935,0.0165270719007665,23.45532655664011,283.69606052297485,0.7232516436226523,0.4035195394037113,20.910240007591934,278.91539072333035,224.66319678723056,True
20260811_184731__rp0p25__vinf25__incm90__toff59132__Om180__om105,115317.0,0.9997968343289508,0.01652913074256091,23.455262617182555,283.70850487097493,0.8693263623365789,0.09818408223494768,19.153054298445127,275.8409384213945,296.0547715696006,True
20260811_184731__rp0p25__vinf25__incm90__toff59132__Om180__om120,115317.0,0.9997897778995798,0.01653210150953122,23.455262277102857,283.71643370641533,0.9222172823388821,0.045766561435184226,20.33400685149431,289.3949519054088,323.4801794098123,True
20260811_184731__rp0p25__vinf25__incm90__toff59132__Om180__om135,115317.0,0.9998043901832919,0.016526622892382947,23.45529492572055,283.69830980628365,0.9875104105632705,0.09253013250235083,22.258486149532704,52.1632068568478,358.4349207719283,True
20260811_184731__rp0p25__vinf25__incm90__toff59132__Om180__om15,115317.0,0.9997968274557731,0.016529139549157502,23.455262448264374,283.70851407562725,0.7291760578151736,0.3747846558945405,19.354416259041276,274.0110015877942,227.42928754690485,True
20260811_184731__rp0p25__vinf25__incm90__toff59132__Om180__om150,115317.0,0.999804178821614,0.016526444409759224,23.455281661354345,283.6992436809925,1.0254020585280712,0.10886046849116861,24.32180824813409,117.56525714624202,379.26177022464174,True
20260811_184731__rp0p25__vinf25__incm90__toff59132__Om180__om165,115317.0,0.9997902817571773,0.016532568236391012,23.455294837057867,283.7141434026646,1.1894717422428895,0.1567548343143384,24.699458474733508,123.17097953596554,473.83701537611705,True
20260811_184731__rp0p25__vinf25__incm90__toff59132__Om180__om180,115317.0,0.9998038738381132,0.016526173114195096,23.455262112624837,283.7006147658966,1.3172294963526883,0.163941159829452,25.88147241809355,115.71043693288188,552.1918101977419,True
20260811_184731__rp0p25__vinf25__incm90__toff59132__Om180__om195,115317.0,0.9997968191798692,0.016529136757957738,23.4552616036038,283.7085534478719,1.332401265111534,0.17959674405269532,26.566637881048255,111.02425364168884,561.7593956905758,True
20260811_184731__rp0p25__vinf25__incm90__toff59132__Om180__om210,115317.0,0.9997968264037285,0.016529130850808454,23.45526194145763,283.7085367013327,1.139255654826492,0.1468601825379879,26.37803732476352,65.43956519575016,444.14991134399173,True
20260811_184731__rp0p25__vinf25__incm90__toff59132__Om180__om225,115317.0,0.9997968321547854,0.01652913464457646,23.455262617188357,283.70850542522686,0.7428176895328534,0.47860194483310703,32.424974089677065,355.48605896214184,233.84126225694447,True
20260811_184731__rp0p25__vinf25__incm90__toff59132__Om180__om240,115317.0,0.9997995038908376,0.01653069706947118,23.455391169402997,283.69867801797295,1.4577581586385036,0.2593976596834352,54.210953539055296,179.65366061700828,642.8742215339698,True
20260811_184731__rp0p25__vinf25__incm90__toff59132__Om180__om255,115317.0,0.9997968191798692,0.016529136757957738,23.4552616036038,283.7085534478719,1.7060302349395413,0.36520666540438035,42.05905769474563,173.68437167942875,813.912795032632,True
20260811_184731__rp0p25__vinf25__incm90__toff59132__Om180__om270,115317.0,0.9998038741887996,0.0165261760139587,23.455262281560504,283.7006072239659,1.3548924006348901,0.234772413461046,37.197535354593974,190.66621036716222,576.0431289276032,True
20260811_184731__rp0p25__vinf25__incm90__toff59132__Om180__om285,115317.0,0.999796832856149,0.01652914044347793,23.455262955059556,283.7084903414346,1.0985484119073796,0.16858597532063896,33.90630364020829,236.24697242674367,420.5586706548316,True
20260811_184731__rp0p25__vinf25__incm90__toff59132__Om180__om30,115317.0,0.9997968205825956,0.016529148355754412,23.455262279346144,283.7085232802689,0.7395119148331686,0.3386132254052709,18.34094532073467,269.55287658666975,232.28199842882265,True
20260811_184731__rp0p25__vinf25__incm90__toff59132__Om180__om300,115317.0,0.9997897572803381,0.016532127930358714,23.45526177034841,283.7164613025975,0.9278723766544991,0.23407064837290423,30.94166310217796,276.33679331067293,326.4601372707357,True
20260811_184731__rp0p25__vinf25__incm90__toff59132__Om180__om315,115317.0,0.9998038882860357,0.016526161301220053,23.455262788332742,283.70058126091686,0.8177533384137994,0.3325911766608581,28.03673216012339,288.210070133775,270.10416373820124,True
20260811_184731__rp0p25__vinf25__incm90__toff59132__Om180__om330,115317.0,0.999804190065429,0.01652644844102957,23.45528178666427,283.6992126077397,0.7583339644851144,0.3993269839124181,25.312460333261246,288.48537357214155,241.20624730667942,True
20260811_184731__rp0p25__vinf25__incm90__toff59132__Om180__om345,115317.0,0.9997902781102583,0.01653258183888178,23.455295174938666,283.714129425636,0.7293913223791629,0.4173439822407386,22.9208242263621,284.349356157408,227.53000618469875,True
20260811_184731__rp0p25__vinf25__incm90__toff59132__Om180__om45,115317.0,0.9998003589514052,0.016527648433743897,23.45526261829564,283.7045477508098,0.7564528794153111,0.29765523967224367,17.82488252663681,266.4571929497507,240.3093179838553,True
20260811_184731__rp0p25__vinf25__incm90__toff59132__Om180__om60,115317.0,0.9997973648395135,0.016528914226123462,23.45526160379117,283.70793648662413,0.7768397010118704,0.25266608926501855,17.71340668867003,265.2664521318758,250.0891837056583,True
20260811_184731__rp0p25__vinf25__incm90__toff59132__Om180__om75,115317.0,0.9997968249309261,0.016529140551723165,23.455262279334573,283.70852217177423,0.8018154601890884,0.20479684550449315,17.90252284988709,266.38782215206135,262.2463359960686,True
20260811_184731__rp0p25__vinf25__incm90__toff59132__Om180__om90,115317.0,0.9997968285778938,0.01652912694879273,23.455261941451845,283.70853614708824,0.8321974433750712,0.15276341625311488,18.379801584643015,269.6490212402151,277.29201025713206,True
20260811_184731__rp0p25__vinf25__incm90__toff59132__Om270__om0,115317.0,0.9997999800499003,0.016531237083291857,23.455307593342614,283.69703920463087,0.8948481561859855,0.14240857932910778,20.883141352313874,336.088627213186,309.18741743005194,True
20260811_184731__rp0p25__vinf25__incm90__toff59132__Om270__om105,115317.0,0.9997967021676077,0.016528170858130815,23.45527110425077,283.71073336940896,0.9900612811520675,0.13066506875047243,16.290366513685186,260.32606359455986,359.82464479944474,True
20260811_184731__rp0p25__vinf25__incm90__toff59132__Om270__om120,115317.0,0.9997989762505474,0.016530313899272942,23.455243318466337,283.70158103342817,1.0627805244049904,0.13460286794452606,16.396829955559124,225.50010579328847,400.18717947053614,True
20260811_184731__rp0p25__vinf25__incm90__toff59132__Om270__om135,115317.0,0.9997948809335904,0.01652650912784531,23.455331445746992,283.7177765199055,1.1659637201763642,0.18093703840598968,17.027827120937573,195.62355127763362,459.8596942386233,True
20260811_184731__rp0p25__vinf25__incm90__toff59132__Om270__om15,115317.0,0.999798955499305,0.016530322135777948,23.45524378057986,283.70164910284626,0.873829556723079,0.16710414462728543,19.977778622419134,321.18289942650347,298.35813645921894,True
20260811_184731__rp0p25__vinf25__incm90__toff59132__Om270__om150,115317.0,0.9997992554323122,0.016530595430354737,23.45526299137823,283.7002945041809,1.309592498608869,0.25434869393328174,18.244633990654346,178.50641833503568,547.3965532530791,True
20260811_184731__rp0p25__vinf25__incm90__toff59132__Om270__om165,115317.0,0.9997993913542849,0.016530809928476844,23.455277050792642,283.6995944835333,1.4775168903681264,0.3348578481359571,20.064739683764216,171.27520019541012,655.9888713237189,True
20260811_184731__rp0p25__vinf25__incm90__toff59132__Om270__om180,115317.0,0.9997942991116063,0.016526079488126327,23.45529951163764,283.72030946162624,1.6311703303358058,0.4032827083176227,22.483854777175026,170.61498624215503,760.9335983756757,True
20260811_184731__rp0p25__vinf25__incm90__toff59132__Om270__om195,115317.0,0.9997965415435891,0.016528234639424644,23.455271923072207,283.71125800886864,1.6892180368502172,0.44211679916979724,25.394062261361416,174.719370798516,801.911340760166,True
20260811_184731__rp0p25__vinf25__incm90__toff59132__Om270__om210,115317.0,0.9997966047832503,0.016528209527810558,23.455271527971703,283.71105139215916,1.6051328110269978,0.43829363756500794,28.319986396582465,180.5732330120057,742.7869224808293,True
20260811_184731__rp0p25__vinf25__incm90__toff59132__Om270__om225,115317.0,0.9997977602639507,0.01652927366512387,23.45525840639072,283.70641539177643,1.3967806525879,0.37981505798035486,30.617705942606392,187.9377369854263,602.9622273620167,True
20260811_184731__rp0p25__vinf25__incm90__toff59132__Om270__om240,115317.0,0.99979937630075,0.01653075180595498,23.45539167430879,283.69890615125394,1.1844251403071262,0.28831798802139535,32.266844754214084,197.7199239904306,470.8246756805937,True
20260811_184731__rp0p25__vinf25__incm90__toff59132__Om270__om255,115317.0,0.9997965910050627,0.016528214999084332,23.455271300056136,283.71109614867436,1.0353428637846347,0.20451671445740557,33.14719085688755,211.07839971805254,384.7902702462214,True
20260811_184731__rp0p25__vinf25__incm90__toff59132__Om270__om270,115317.0,0.9997989413363976,0.016530327757459697,23.455243758241892,283.70169528149495,0.9557316846857454,0.1400153494418614,33.00970063435556,223.85325752825932,341.2728713775376,True
20260811_184731__rp0p25__vinf25__incm90__toff59132__Om270__om285,115317.0,0.9997989165216814,0.016530337606572354,23.45524487373679,283.7017771455081,0.9382616617406068,0.0850451977452088,31.742676575721745,221.3829670192813,331.9584643555557,True
20260811_184731__rp0p25__vinf25__incm90__toff59132__Om270__om30,115317.0,0.9997989006032271,0.016530343925426585,23.455244271313404,283.70182857066277,0.8687072928333336,0.1837525120896402,19.246525458504088,316.9411301653605,295.7385856322252,True
20260811_184731__rp0p25__vinf25__incm90__toff59132__Om270__om300,115317.0,0.9997989337618246,0.01653033076430345,23.45524325145239,283.70171956942147,1.0035340761611795,0.08019677727560601,29.20358096975473,151.35636313786435,367.1943384291089,True
20260811_184731__rp0p25__vinf25__incm90__toff59132__Om270__om315,115317.0,0.9997942859350611,0.01652608472197219,23.45530048054096,283.720353247901,1.1341741544629764,0.1858243744630005,25.30181203633412,106.50778286538322,441.18161882686644,True
20260811_184731__rp0p25__vinf25__incm90__toff59132__Om270__om330,115317.0,0.9997946415546409,0.016526356429431708,23.455318746270812,283.71879490353854,1.0695771304241473,0.1585751703976982,22.898889524967895,63.68107183675956,404.03217632014025,True
20260811_184731__rp0p25__vinf25__incm90__toff59132__Om270__om345,115317.0,0.9997994662323686,0.016530780209928535,23.45527650910081,283.69934979893094,0.9487558824373811,0.12022218132609173,21.893386928977982,7.541108439967951,337.54331616933257,True
20260811_184731__rp0p25__vinf25__incm90__toff59132__Om270__om45,115317.0,0.9997965974256416,0.01652821244897187,23.455272423578897,283.71107613355906,0.8740356659083902,0.1895591107851963,18.558238093528168,312.3908558044339,298.4637027758507,True
20260811_184731__rp0p25__vinf25__incm90__toff59132__Om270__om60,115317.0,0.9997973372962545,0.01652891808768773,23.455262313138217,283.7080925116141,0.884475698268245,0.18270819607277883,17.8733060956159,305.8343111860017,303.8271973819407,True
20260811_184731__rp0p25__vinf25__incm90__toff59132__Om270__om75,115317.0,0.9997965894664511,0.016528215609629363,23.45527212236731,283.71110184766525,0.9074354820704709,0.17189135066200634,17.173154230129366,298.77596727939203,315.7340537430601,True
20260811_184731__rp0p25__vinf25__incm90__toff59132__Om270__om90,115317.0,0.9997966571542312,0.01652818873233708,23.455270868307665,283.71088001023895,0.9391088411626372,0.15146920911753545,16.600884502192017,284.88229703047875,332.4081659642137,True
20260811_184731__rp0p25__vinf25__incm90__toff59132__Om90__om0,115317.0,0.9997953054334741,0.016527001278957402,23.45536395679572,283.71575740203485,1.387730773987692,0.3761615058240011,16.26763494539777,175.8243240416454,597.1117525215428,True
20260811_184731__rp0p25__vinf25__incm90__toff59132__Om90__om105,115317.0,0.9997989114719663,0.016530339611141275,23.45524453587714,283.70179333744073,1.058423865628651,0.15365811294194512,25.910168414175374,27.680857900277946,397.7289706074335,True
20260811_184731__rp0p25__vinf25__incm90__toff59132__Om90__om120,115317.0,0.9997989413363976,0.016530327757459697,23.455243758241892,283.70169528149495,0.9445493798344264,0.12281522414620628,25.81249324375738,343.25338382693093,335.3009556142162,True
20260811_184731__rp0p25__vinf25__incm90__toff59132__Om90__om135,115317.0,0.9997947878299586,0.016526546108890046,23.455332618483975,283.718081212847,0.895004008675968,0.14364385160857446,26.398495557504887,319.250097314758,309.26819604033955,True
20260811_184731__rp0p25__vinf25__incm90__toff59132__Om90__om15,115317.0,0.9997965541678169,0.016528229626025053,23.455272767721194,283.7112175266962,1.1749970598726065,0.28235353299299193,16.328677833632575,164.6541108053671,465.21419756914304,True
20260811_184731__rp0p25__vinf25__incm90__toff59132__Om90__om150,115317.0,0.9997946390074363,0.016526336792240727,23.45531862092045,283.718823774999,0.8773266329377097,0.16778953632735027,27.014133692392495,315.05086740287004,300.15097639880884,True
20260811_184731__rp0p25__vinf25__incm90__toff59132__Om90__om165,115317.0,0.9997994611826478,0.0165307822143052,23.455276171241763,283.6993659907096,0.8716191138686663,0.18041384828599086,27.641030693730507,314.5560311813446,297.2267607367692,True
20260811_184731__rp0p25__vinf25__incm90__toff59132__Om90__om180,115317.0,0.9997989737256895,0.016530314901549183,23.455243149536486,283.70158912941895,0.8773272098476301,0.1869286283850115,28.332006298922398,314.031730304877,300.15127245747937,True
20260811_184731__rp0p25__vinf25__incm90__toff59132__Om90__om195,115317.0,0.9997989428750164,0.01653032714717626,23.455242935930723,283.7016895827459,0.891478402742965,0.18088569847255442,29.12478958202152,314.24190462627325,307.4425897569328,True
20260811_184731__rp0p25__vinf25__incm90__toff59132__Om90__om210,115317.0,0.9997988955535122,0.01653034592999985,23.455243933453712,283.70184476258237,0.9127637907916526,0.16745401669579876,29.968908225344773,310.4272678974579,318.5190380006213,True
20260811_184731__rp0p25__vinf25__incm90__toff59132__Om90__om225,115317.0,0.9997965974256416,0.01652821244897187,23.455272423578897,283.71107613355906,0.9466851613386355,0.1461179815939503,30.77769873303132,300.47276462458746,336.4388541675919,True
20260811_184731__rp0p25__vinf25__incm90__toff59132__Om90__om240,115317.0,0.9997993600711128,0.016530758247415584,23.455391878735593,283.69895925798915,0.9974359493281502,0.12693532421810222,31.41926464535526,280.0383748481471,363.8524601477589,True
20260811_184731__rp0p25__vinf25__incm90__toff59132__Om90__om255,115317.0,0.9997965793670682,0.016528219620329205,23.455271446648155,283.71113423346156,1.0712360942892167,0.13656944810726046,31.744197351256823,249.81444601996546,404.9725497651072,True
20260811_184731__rp0p25__vinf25__incm90__toff59132__Om90__om270,115317.0,0.9997966622039233,0.016528186727007576,23.45527120616723,283.7108638172816,1.179923693185633,0.18773799960376505,31.56016443255461,226.35936136133463,468.14315028101413,True
20260811_184731__rp0p25__vinf25__incm90__toff59132__Om90__om285,115317.0,0.9997967072173007,0.016528168852813455,23.45527144211034,283.7107171764152,1.3222734191872785,0.2611186599285053,30.6234879479554,213.0715623307602,555.3665160483564,True
20260811_184731__rp0p25__vinf25__incm90__toff59132__Om90__om30,115317.0,0.9997966098329418,0.01652820752246678,23.455271865831293,283.71103519924293,1.0274387444226096,0.19704646041089913,18.918820232142362,158.70316257662125,380.39228365229224,True
20260811_184731__rp0p25__vinf25__incm90__toff59132__Om90__om300,115317.0,0.9997989686759741,0.016530316906102495,23.45524281167683,283.70160532139613,1.4899169173789917,0.3392521473556517,28.6358961120077,204.69319779600312,664.2642311542317,True
20260811_184731__rp0p25__vinf25__incm90__toff59132__Om90__om315,115317.0,0.9997943790385995,0.016526047737819644,23.45529930780361,283.72004855106354,1.6357375157100769,0.4075043187746898,25.505289488999892,198.17582573450215,764.1316914391423,True
20260811_184731__rp0p25__vinf25__incm90__toff59132__Om90__om330,115317.0,0.9997992579794304,0.016530615069547047,23.45526311670701,283.7002656608732,1.689740223388798,0.4444436493034687,21.668840794678125,191.66409535441434,802.2832107540572,True
20260811_184731__rp0p25__vinf25__incm90__toff59132__Om90__om345,115317.0,0.9997993964040048,0.016530807924081285,23.455277388651723,283.6995782918102,1.5961950058102599,0.43740879089200996,18.284338513128603,184.27985102300482,736.5915150766755,True
20260811_184731__rp0p25__vinf25__incm90__toff59132__Om90__om45,115317.0,0.9997977602639507,0.01652927366512387,23.45525840639072,283.70641539177643,0.9515811879190569,0.13283259006110848,22.859517110917665,159.43497623721888,339.0521963145052,True
20260811_184731__rp0p25__vinf25__incm90__toff59132__Om90__om60,115317.0,0.9997973535258258,0.016528911644047597,23.455262108711146,283.70803940219673,0.9404845693053652,0.07782597483772873,26.713124595624276,148.15350259881558,333.13886514483994,True
20260811_184731__rp0p25__vinf25__incm90__toff59132__Om90__om75,115317.0,0.9997966011044458,0.016528210988390815,23.455271975775297,283.71106376286,1.01478987632364,0.0884524398533219,29.025570582440906,72.85881725704701,373.3893953326445,True
20260811_184731__rp0p25__vinf25__incm90__toff59132__Om90__om90,115317.0,0.9997989362866823,0.01653032976202186,23.455243420382224,283.70171147344684,1.145293807048127,0.19483622289702235,27.939550008514573,49.24828683494285,447.6856346006829,True
20260811_184731__rp0p5__vinf25__inc0__toff59132__Om0__om0,115317.0,0.9998033478113416,0.016525772165225362,23.4552927872093,283.70254124041116,1.252054272417362,0.13950657211275755,22.22206914134589,138.93363605110872,511.72015425628683,True
20260811_184731__rp0p5__vinf25__inc0__toff59132__Om0__om105,115317.0,0.9997915794409803,0.016533840403735234,23.45526452850051,283.70899426703534,1.1395199985603328,0.3433285215694266,21.991733865745744,190.34230422107655,444.30450577914627,True
20260811_184731__rp0p5__vinf25__inc0__toff59132__Om0__om120,115317.0,0.9997904384360268,0.016532776655836554,23.455278215943345,283.71356932510514,0.8360163263138224,0.39566689675092725,23.361553913866118,226.63348984714315,279.2029023070415,True
20260811_184731__rp0p5__vinf25__inc0__toff59132__Om0__om135,115317.0,0.9998043210647379,0.01652653416034147,23.455280945788324,283.6987014198977,0.6899214533151092,0.5272259615176244,22.458100811532592,248.3648023294339,209.31351211220823,True
20260811_184731__rp0p5__vinf25__inc0__toff59132__Om0__om15,115317.0,0.9998056939019893,0.016527899167243395,23.45526438634333,283.693127072426,1.4435120724333623,0.22098021251477842,21.60076185245807,144.61288385958704,633.4734548482102,True
20260811_184731__rp0p5__vinf25__inc0__toff59132__Om0__om150,115317.0,0.9997898599274475,0.016532244964151694,23.45528518795776,283.71588983973095,0.6623986759480104,0.5173954142122547,20.793860848667908,284.06036714563186,196.91417211239056,True
20260811_184731__rp0p5__vinf25__inc0__toff59132__Om0__om165,115317.0,0.9997916216442084,0.01653382972457889,23.45526394214503,283.7088430855271,0.7757569753860699,0.2562069071393555,21.53145449037025,300.6520429297831,249.56652067235788,True
20260811_184731__rp0p5__vinf25__inc0__toff59132__Om0__om180,115317.0,0.9997963749701271,0.016528721638184453,23.45529168567453,283.7101731450538,0.7735545063339986,0.22235571642829466,23.341452819917645,290.4975806957274,248.504450531151,True
20260811_184731__rp0p5__vinf25__inc0__toff59132__Om0__om195,115317.0,0.9997986744369753,0.01653084246739276,23.455264090919247,283.7009646786052,0.7491050630465012,0.23718849171373596,24.728871352381535,282.64095706273247,236.81646222052336,True
20260811_184731__rp0p5__vinf25__inc0__toff59132__Om0__om210,115317.0,0.9998021703507245,0.01652937929834533,23.45526438522892,283.69708487024855,0.7473105137007676,0.23581377713972926,25.22779766335529,282.6598899288131,235.96599899237296,True
20260811_184731__rp0p5__vinf25__inc0__toff59132__Om0__om225,115317.0,0.9997948912078617,0.016526250532453424,23.45532016055266,283.71862230291674,0.7610844084653664,0.22291699383893965,25.347950294690563,287.22690843101066,242.51970316821428,True
20260811_184731__rp0p5__vinf25__inc0__toff59132__Om0__om240,115317.0,0.9997986424641968,0.016530867314004667,23.45526438412606,283.7010430657385,0.780327145142095,0.2053610760353201,25.31735300136736,294.6542071175747,251.77514963469432,True
20260811_184731__rp0p5__vinf25__inc0__toff59132__Om0__om255,115317.0,0.99979865116089,0.016530851705993683,23.455264384102918,283.70104084182015,0.8002412823810386,0.18548341652414554,25.196983794400143,303.851992009206,261.4744258190162,True
20260811_184731__rp0p5__vinf25__inc0__toff59132__Om0__om270,115317.0,0.9997963713252958,0.01652872004671203,23.455291758965007,283.7101916331569,0.8212258123524846,0.16744501997639918,24.98686356912632,314.7528507334919,271.8264275641232,True
20260811_184731__rp0p5__vinf25__inc0__toff59132__Om0__om285,115317.0,0.9997963415268273,0.01652874099497302,23.45529205216553,283.7102694621872,0.8433290167436995,0.15268375100173062,24.628703272077193,325.645155863125,282.8742110142561,True
20260811_184731__rp0p5__vinf25__inc0__toff59132__Om0__om30,115317.0,0.9997986573634992,0.016530856841696216,23.455264237525533,283.70100415019556,1.5157435757231337,0.24305492470914009,21.358942302564024,139.55796667963605,681.610692565764,True
20260811_184731__rp0p5__vinf25__inc0__toff59132__Om0__om300,115317.0,0.9997892741312407,0.01653171011840731,23.455292306573728,283.7182474761483,0.8408153815737979,0.16684749469052043,23.484655485580166,318.9868984099831,281.6104471937515,True
20260811_184731__rp0p5__vinf25__inc0__toff59132__Om0__om315,115317.0,0.9998042846954431,0.016526548594446314,23.455281403888264,283.6988204580718,0.9053758720387568,0.11623800002499968,25.302858043636235,76.34450786416046,314.6597296065243,True
20260811_184731__rp0p5__vinf25__inc0__toff59132__Om0__om330,115317.0,0.9997898540926095,0.0165322412044905,23.455285316214482,283.7159220497519,0.9842396092236608,0.0566270098382072,23.67544628540254,36.99661698743903,356.6556006272533,True
20260811_184731__rp0p5__vinf25__inc0__toff59132__Om0__om345,115317.0,0.9997893468676485,0.01653168122719618,23.455291390374246,283.71800950961006,1.090381791622074,0.06759566021021954,22.983554618748133,108.71190387495233,415.87774094438754,True
20260811_184731__rp0p5__vinf25__inc0__toff59132__Om0__om45,115317.0,0.9997940230996684,0.016526597761276414,23.455320160268464,283.71960810344086,1.165593612158202,0.13611722913987323,21.736641147590728,79.44863672278503,459.64075399621356,True
20260811_184731__rp0p5__vinf25__inc0__toff59132__Om0__om60,115317.0,0.9997986579070424,0.016530855866195546,23.455264237524112,283.7010040111988,0.7735612910062426,0.5984062577446679,81.35091188078242,227.00097343945026,248.50771990311733,True
20260811_184731__rp0p5__vinf25__inc0__toff59132__Om0__om75,115317.0,0.999805798645861,0.016527857607222113,23.455263067016343,283.6927842550615,-12.032128002234474,1.0514041248054886,12.508176381171427,135.58175874685693,,False
20260811_184731__rp0p5__vinf25__inc0__toff59132__Om0__om90,115317.0,0.9997962876852139,0.016528756296571613,23.455292785114445,283.7104587732693,1.9840082876686647,0.5451649351064248,19.229717191212156,159.16877233850624,1020.7350158913368,True
20260811_184731__rp0p5__vinf25__inc0__toff59132__Om180__om0,115317.0,0.9997963749701271,0.016528721638184453,23.45529168567453,283.7101731450538,0.7735545063339986,0.22235571642829466,23.341452819917645,290.4975806957274,248.504450531151,True
20260811_184731__rp0p5__vinf25__inc0__toff59132__Om180__om105,115317.0,0.9997963415268273,0.01652874099497302,23.45529205216553,283.7102694621872,0.8433290167436995,0.15268375100173062,24.628703272077193,325.645155863125,282.8742110142561,True
20260811_184731__rp0p5__vinf25__inc0__toff59132__Om180__om120,115317.0,0.9997892741312407,0.01653171011840731,23.455292306573728,283.7182474761483,0.8408154745192209,0.16684590614535055,23.484658005480732,318.9876185167793,281.6104938884305,True
20260811_184731__rp0p5__vinf25__inc0__toff59132__Om180__om135,115317.0,0.9998042846954431,0.016526548594446314,23.455281403888264,283.6988204580718,0.9053758720387568,0.11623800002499968,25.302858043636235,76.34450786416046,314.6597296065243,True
20260811_184731__rp0p5__vinf25__inc0__toff59132__Om180__om15,115317.0,0.9997986744369753,0.01653084246739276,23.455264090919247,283.7009646786052,0.7479379890915122,0.23674224824475026,24.729603254924985,282.3358337614867,236.2632528053651,True
20260811_184731__rp0p5__vinf25__inc0__toff59132__Om180__om150,115317.0,0.9997898540926095,0.0165322412044905,23.455285316214482,283.7159220497519,0.9842396092236608,0.0566270098382072,23.67544628540254,36.99661698743903,356.6556006272533,True
20260811_184731__rp0p5__vinf25__inc0__toff59132__Om180__om165,115317.0,0.9997893468676485,0.01653168122719618,23.455291390374246,283.71800950961006,1.090381791622074,0.06759566021021954,22.983554618748133,108.71190387495233,415.87774094438754,True
20260811_184731__rp0p5__vinf25__inc0__toff59132__Om180__om180,115317.0,0.9998033478113416,0.016525772165225362,23.4552927872093,283.70254124041116,1.252054272417362,0.13950657211275755,22.22206914134589,138.93363605110872,511.72015425628683,True
20260811_184731__rp0p5__vinf25__inc0__toff59132__Om180__om195,115317.0,0.9998056939019893,0.016527899167243395,23.45526438634333,283.693127072426,1.443512071781395,0.22098021347921962,21.600761787355754,144.6128846653896,633.4734544190444,True
20260811_184731__rp0p5__vinf25__inc0__toff59132__Om180__om210,115317.0,0.9997986573634992,0.016530856841696216,23.455264237525533,283.70100415019556,1.5157435757231337,0.24305492470914009,21.358942302564024,139.55796667963605,681.610692565764,True
20260811_184731__rp0p5__vinf25__inc0__toff59132__Om180__om225,115317.0,0.9997940230996684,0.016526597761276414,23.455320160268464,283.71960810344086,1.1655936182907882,0.13611722403657936,21.736641167917064,79.44864328300199,459.6407576237041,True
20260811_184731__rp0p5__vinf25__inc0__toff59132__Om180__om240,115317.0,0.9997986579070424,0.016530855866195546,23.455264237524112,283.7010040111988,0.7734070629083631,0.5985402753430445,81.34581434646887,226.96049963016412,248.43340459743078,True
20260811_184731__rp0p5__vinf25__inc0__toff59132__Om180__om255,115317.0,0.999805798645861,0.016527857607222113,23.455263067016343,283.6927842550615,-12.032128002234474,1.0514041248054886,12.508176381171427,135.58175874685693,,False
20260811_184731__rp0p5__vinf25__inc0__toff59132__Om180__om270,115317.0,0.9997962876852139,0.016528756296571613,23.455292785114445,283.7104587732693,1.9840082949408449,0.5451649422092996,19.22971719913605,159.1687728227774,1020.7350215034373,True
20260811_184731__rp0p5__vinf25__inc0__toff59132__Om180__om285,115317.0,0.9997915794409803,0.016533840403735234,23.45526452850051,283.70899426703534,1.1395199987360245,0.3433285227307765,21.991733812556333,190.3423036765393,444.30450588190087,True
20260811_184731__rp0p5__vinf25__inc0__toff59132__Om180__om30,115317.0,0.9998021703507245,0.01652937929834533,23.45526438522892,283.69708487024855,0.7475808080635095,0.2361677213160805,25.225539238078234,282.59855892548006,236.0940302022388,True
20260811_184731__rp0p5__vinf25__inc0__toff59132__Om180__om300,115317.0,0.9997904384360268,0.016532776655836554,23.455278215943345,283.71356932510514,0.836060604022095,0.395503135246754,23.36183421947545,226.636744005024,279.2250836232804,True
20260811_184731__rp0p5__vinf25__inc0__toff59132__Om180__om315,115317.0,0.9998043210647379,0.01652653416034147,23.455280945788324,283.6987014198977,0.6897024759739904,0.5271936862031176,22.45476596398095,248.34877204547718,209.2138675534155,True
20260811_184731__rp0p5__vinf25__inc0__toff59132__Om180__om330,115317.0,0.9997898599274475,0.016532244964151694,23.45528518795776,283.71588983973095,0.6620306600242707,0.5169275286122045,20.790317511719962,284.08194504368987,196.75009233554425,True
20260811_184731__rp0p5__vinf25__inc0__toff59132__Om180__om345,115317.0,0.9997916216442084,0.01653382972457889,23.45526394214503,283.7088430855271,0.775756975418405,0.25620690752220765,21.53145447815153,300.6520434000119,249.5665206879615,True
20260811_184731__rp0p5__vinf25__inc0__toff59132__Om180__om45,115317.0,0.9997948912078617,0.016526250532453424,23.45532016055266,283.71862230291674,0.7610844084653664,0.22291699383893965,25.347950294690563,287.22690843101066,242.51970316821428,True
20260811_184731__rp0p5__vinf25__inc0__toff59132__Om180__om60,115317.0,0.9997986424641968,0.016530867314004667,23.45526438412606,283.7010430657385,0.780327145142095,0.2053610760353201,25.31735300136736,294.6542071175747,251.77514963469432,True
20260811_184731__rp0p5__vinf25__inc0__toff59132__Om180__om75,115317.0,0.99979865116089,0.016530851705993683,23.455264384102918,283.70104084182015,0.8002412823810386,0.18548341652414554,25.196983794400143,303.851992009206,261.4744258190162,True
20260811_184731__rp0p5__vinf25__inc0__toff59132__Om180__om90,115317.0,0.9997963713252958,0.01652872004671203,23.455291758965007,283.7101916331569,0.8212258123524846,0.16744501997639918,24.98686356912632,314.7528507334919,271.8264275641232,True
20260811_184731__rp0p5__vinf25__inc0__toff59132__Om270__om0,115317.0,0.9997963713252958,0.01652872004671203,23.455291758965007,283.7101916331569,0.8212258123524846,0.16744501997639918,24.98686356912632,314.7528507334919,271.8264275641232,True
20260811_184731__rp0p5__vinf25__inc0__toff59132__Om270__om105,115317.0,0.9998056939019893,0.016527899167243395,23.45526438634333,283.693127072426,1.443512071781395,0.22098021347921962,21.600761787355754,144.6128846653896,633.4734544190444,True
20260811_184731__rp0p5__vinf25__inc0__toff59132__Om270__om120,115317.0,0.9997986573634992,0.016530856841696216,23.455264237525533,283.70100415019556,1.5157435757231337,0.24305492470914009,21.358942302564024,139.55796667963605,681.610692565764,True
20260811_184731__rp0p5__vinf25__inc0__toff59132__Om270__om135,115317.0,0.9997940230996684,0.016526597761276414,23.455320160268464,283.71960810344086,1.1655936959561652,0.13611714221694096,21.73664130875965,79.4485954687501,459.64080356360904,True
20260811_184731__rp0p5__vinf25__inc0__toff59132__Om270__om15,115317.0,0.9997963415268273,0.01652874099497302,23.45529205216553,283.7102694621872,0.8433290167436995,0.15268375100173062,24.628703272077193,325.645155863125,282.8742110142561,True
20260811_184731__rp0p5__vinf25__inc0__toff59132__Om270__om150,115317.0,0.9997986579070424,0.016530855866195546,23.455264237524112,283.7010040111988,0.7735612910062426,0.5984062577446679,81.35091188078242,227.00097343945026,248.50771990311733,True
20260811_184731__rp0p5__vinf25__inc0__toff59132__Om270__om165,115317.0,0.999805798645861,0.016527857607222113,23.455263067016343,283.6927842550615,-12.032128002234474,1.0514041248054886,12.508176381171427,135.58175874685693,,False
20260811_184731__rp0p5__vinf25__inc0__toff59132__Om270__om180,115317.0,0.9997962876852139,0.016528756296571613,23.455292785114445,283.7104587732693,1.9840082949408449,0.5451649422092996,19.22971719913605,159.1687728227774,1020.7350215034373,True
20260811_184731__rp0p5__vinf25__inc0__toff59132__Om270__om195,115317.0,0.9997915794409803,0.016533840403735234,23.45526452850051,283.70899426703534,1.1395200128164855,0.34332850092433514,21.991733752491704,190.34230752310808,444.30451411696345,True
20260811_184731__rp0p5__vinf25__inc0__toff59132__Om270__om210,115317.0,0.9997904384360268,0.016532776655836554,23.455278215943345,283.71356932510514,0.8361202035611209,0.39550116855903317,23.361042543481716,226.6154656418352,279.2549414758666,True
20260811_184731__rp0p5__vinf25__inc0__toff59132__Om270__om225,115317.0,0.9998043210647379,0.01652653416034147,23.455280945788324,283.6987014198977,0.6898478125818414,0.5271219408006952,22.459119082983207,248.38772807655954,209.28000049479343,True
20260811_184731__rp0p5__vinf25__inc0__toff59132__Om270__om240,115317.0,0.9997898599274475,0.016532244964151694,23.45528518795776,283.71588983973095,0.6619858157487256,0.5168748850464747,20.78941297518849,284.0890100938918,196.7301016467331,True
20260811_184731__rp0p5__vinf25__inc0__toff59132__Om270__om255,115317.0,0.9997916216442084,0.01653382972457889,23.45526394214503,283.7088430855271,0.775756975418405,0.25620690752220765,21.53145447815153,300.6520434000119,249.5665206879615,True
20260811_184731__rp0p5__vinf25__inc0__toff59132__Om270__om270,115317.0,0.9997963749701271,0.016528721638184453,23.45529168567453,283.7101731450538,0.7735545063688877,0.22235571691330094,23.341452838715348,290.4975815604589,248.50445054796316,True
20260811_184731__rp0p5__vinf25__inc0__toff59132__Om270__om285,115317.0,0.9997986744369753,0.01653084246739276,23.455264090919247,283.7009646786052,0.7490465576323886,0.23720324552067296,24.730000790832854,282.6052702362479,236.78871956729023,True
20260811_184731__rp0p5__vinf25__inc0__toff59132__Om270__om30,115317.0,0.9997892741312407,0.01653171011840731,23.455292306573728,283.7182474761483,0.8408169295204192,0.16684715094935015,23.48466666448173,318.9876209479737,281.61122486412444,True
20260811_184731__rp0p5__vinf25__inc0__toff59132__Om270__om300,115317.0,0.9998021703507245,0.01652937929834533,23.45526438522892,283.69708487024855,0.7481348320234912,0.2355156120001587,25.225208672512565,282.7394933525019,236.35652887610848,True
20260811_184731__rp0p5__vinf25__inc0__toff59132__Om270__om315,115317.0,0.9997948912078617,0.016526250532453424,23.45532016055266,283.71862230291674,0.7610844084653664,0.22291699383893965,25.347950294690563,287.22690843101066,242.51970316821428,True
20260811_184731__rp0p5__vinf25__inc0__toff59132__Om270__om330,115317.0,0.9997986424641968,0.016530867314004667,23.45526438412606,283.7010430657385,0.780327145142095,0.2053610760353201,25.31735300136736,294.6542071175747,251.77514963469432,True
20260811_184731__rp0p5__vinf25__inc0__toff59132__Om270__om345,115317.0,0.99979865116089,0.016530851705993683,23.455264384102918,283.70104084182015,0.8002412823810386,0.18548341652414554,25.196983794400143,303.851992009206,261.4744258190162,True
20260811_184731__rp0p5__vinf25__inc0__toff59132__Om270__om45,115317.0,0.9998042846954431,0.016526548594446314,23.455281403888264,283.6988204580718,0.9053758668522678,0.11623799866059106,25.302857884368525,76.34451266692234,314.65972690270934,True
20260811_184731__rp0p5__vinf25__inc0__toff59132__Om270__om60,115317.0,0.9997898540926095,0.0165322412044905,23.455285316214482,283.7159220497519,0.9842396092236608,0.0566270098382072,23.67544628540254,36.99661698743903,356.6556006272533,True
20260811_184731__rp0p5__vinf25__inc0__toff59132__Om270__om75,115317.0,0.9997893468676485,0.01653168122719618,23.455291390374246,283.71800950961006,1.090381791622074,0.06759566021021954,22.983554618748133,108.71190387495233,415.87774094438754,True
20260811_184731__rp0p5__vinf25__inc0__toff59132__Om270__om90,115317.0,0.9998033478113416,0.016525772165225362,23.4552927872093,283.70254124041116,1.252054272417362,0.13950657211275755,22.22206914134589,138.93363605110872,511.72015425628683,True
20260811_184731__rp0p5__vinf25__inc0__toff59132__Om90__om0,115317.0,0.9997962876852139,0.016528756296571613,23.455292785114445,283.7104587732693,1.9840082876686647,0.5451649351064248,19.229717191212156,159.16877233850624,1020.7350158913368,True
20260811_184731__rp0p5__vinf25__inc0__toff59132__Om90__om105,115317.0,0.9997986744369753,0.01653084246739276,23.455264090919247,283.7009646786052,0.7491050630465012,0.23718849171373596,24.728871352381535,282.64095706273247,236.81646222052336,True
20260811_184731__rp0p5__vinf25__inc0__toff59132__Om90__om120,115317.0,0.9998021703507245,0.01652937929834533,23.45526438522892,283.69708487024855,0.7486056716078328,0.23627155003039438,25.229000754613715,282.800346550522,236.57969089057914,True
20260811_184731__rp0p5__vinf25__inc0__toff59132__Om90__om135,115317.0,0.9997948912078617,0.016526250532453424,23.45532016055266,283.71862230291674,0.7610844084653664,0.22291699383893965,25.347950294690563,287.22690843101066,242.51970316821428,True
20260811_184731__rp0p5__vinf25__inc0__toff59132__Om90__om15,115317.0,0.9997915794409803,0.016533840403735234,23.45526452850051,283.70899426703534,1.1395200128164855,0.34332850092433514,21.991733752491704,190.34230752310808,444.30451411696345,True
20260811_184731__rp0p5__vinf25__inc0__toff59132__Om90__om150,115317.0,0.9997986424641968,0.016530867314004667,23.45526438412606,283.7010430657385,0.780327145142095,0.2053610760353201,25.31735300136736,294.6542071175747,251.77514963469432,True
20260811_184731__rp0p5__vinf25__inc0__toff59132__Om90__om165,115317.0,0.99979865116089,0.016530851705993683,23.455264384102918,283.70104084182015,0.8002412823810386,0.18548341652414554,25.196983794400143,303.851992009206,261.4744258190162,True
20260811_184731__rp0p5__vinf25__inc0__toff59132__Om90__om180,115317.0,0.9997963713252958,0.01652872004671203,23.455291758965007,283.7101916331569,0.8212258123524846,0.16744501997639918,24.98686356912632,314.7528507334919,271.8264275641232,True
20260811_184731__rp0p5__vinf25__inc0__toff59132__Om90__om195,115317.0,0.9997963415268273,0.01652874099497302,23.45529205216553,283.7102694621872,0.8433290167436995,0.15268375100173062,24.628703272077193,325.645155863125,282.8742110142561,True
20260811_184731__rp0p5__vinf25__inc0__toff59132__Om90__om210,115317.0,0.9997892741312407,0.01653171011840731,23.455292306573728,283.7182474761483,0.8408153815737979,0.16684749469052043,23.484655485580166,318.9868984099831,281.6104471937515,True
20260811_184731__rp0p5__vinf25__inc0__toff59132__Om90__om225,115317.0,0.9998042846954431,0.016526548594446314,23.455281403888264,283.6988204580718,0.9053758668522678,0.11623799866059106,25.302857884368525,76.34451266692234,314.65972690270934,True
20260811_184731__rp0p5__vinf25__inc0__toff59132__Om90__om240,115317.0,0.9997898540926095,0.0165322412044905,23.455285316214482,283.7159220497519,0.9842396092236608,0.0566270098382072,23.67544628540254,36.99661698743903,356.6556006272533,True
20260811_184731__rp0p5__vinf25__inc0__toff59132__Om90__om255,115317.0,0.9997893468676485,0.01653168122719618,23.455291390374246,283.71800950961006,1.090381791622074,0.06759566021021954,22.983554618748133,108.71190387495233,415.87774094438754,True
20260811_184731__rp0p5__vinf25__inc0__toff59132__Om90__om270,115317.0,0.9998033478113416,0.016525772165225362,23.4552927872093,283.70254124041116,1.252054272417362,0.13950657211275755,22.22206914134589,138.93363605110872,511.72015425628683,True
20260811_184731__rp0p5__vinf25__inc0__toff59132__Om90__om285,115317.0,0.9998056939019893,0.016527899167243395,23.45526438634333,283.693127072426,1.443512071781395,0.22098021347921962,21.600761787355754,144.6128846653896,633.4734544190444,True
20260811_184731__rp0p5__vinf25__inc0__toff59132__Om90__om30,115317.0,0.9997904384360268,0.016532776655836554,23.455278215943345,283.71356932510514,0.8361202035611209,0.39550116855903317,23.361042543481716,226.6154656418352,279.2549414758666,True
20260811_184731__rp0p5__vinf25__inc0__toff59132__Om90__om300,115317.0,0.9997986573634992,0.016530856841696216,23.455264237525533,283.70100415019556,1.5157435757231337,0.24305492470914009,21.358942302564024,139.55796667963605,681.610692565764,True
20260811_184731__rp0p5__vinf25__inc0__toff59132__Om90__om315,115317.0,0.9997940230996684,0.016526597761276414,23.455320160268464,283.71960810344086,1.1655936959561652,0.13611714221694096,21.73664130875965,79.4485954687501,459.64080356360904,True
20260811_184731__rp0p5__vinf25__inc0__toff59132__Om90__om330,115317.0,0.9997986579070424,0.016530855866195546,23.455264237524112,283.7010040111988,0.7718869114595507,0.598124765059913,81.34702652565109,226.9015757409398,247.7013112719491,True
20260811_184731__rp0p5__vinf25__inc0__toff59132__Om90__om345,115317.0,0.999805798645861,0.016527857607222113,23.455263067016343,283.6927842550615,-12.032128002234474,1.0514041248054886,12.508176381171427,135.58175874685693,,False
20260811_184731__rp0p5__vinf25__inc0__toff59132__Om90__om45,115317.0,0.9998043210647379,0.01652653416034147,23.455280945788324,283.6987014198977,0.6900017895382121,0.5273706190233871,22.457124513313346,248.36563835037154,209.35007267955817,True
20260811_184731__rp0p5__vinf25__inc0__toff59132__Om90__om60,115317.0,0.9997898599274475,0.016532244964151694,23.45528518795776,283.71588983973095,0.6617234914046466,0.5167630258242258,20.785381665391945,284.03552821230596,196.61317622158273,True
20260811_184731__rp0p5__vinf25__inc0__toff59132__Om90__om75,115317.0,0.9997916216442084,0.01653382972457889,23.45526394214503,283.7088430855271,0.775756975418405,0.25620690752220765,21.53145447815153,300.6520434000119,249.5665206879615,True
20260811_184731__rp0p5__vinf25__inc0__toff59132__Om90__om90,115317.0,0.9997963749701271,0.016528721638184453,23.45529168567453,283.7101731450538,0.7735545063339986,0.22235571642829466,23.341452819917645,290.4975806957274,248.504450531151,True
20260811_184731__rp0p5__vinf25__inc30__toff59132__Om0__om0,115317.0,0.9998036309350887,0.01652591649134779,23.455304230096182,283.70137030913907,1.2477247124242665,0.13875396513601515,23.758705733423753,136.37011618429085,509.06818450870844,True
20260811_184731__rp0p5__vinf25__inc30__toff59132__Om0__om105,115317.0,0.9997889907479269,0.016531418625614684,23.45527122125857,283.71955852510814,1.1328571170261796,0.36307734716173967,24.0576646270682,208.62867132864753,440.4133717422368,True
20260811_184731__rp0p5__vinf25__inc30__toff59132__Om0__om120,115317.0,0.9997891929344457,0.016531674766261405,23.45528825096784,283.7185695695148,0.8125787187480054,0.4276854982027555,23.583859024187632,242.68512327017558,267.54445625523897,True
20260811_184731__rp0p5__vinf25__inc30__toff59132__Om0__om135,115317.0,0.9998042512740966,0.016526570772519657,23.455281056682338,283.69892030286735,0.6557630000888593,0.6150660941604138,24.069937843684464,246.73644672873985,193.96267001057666,True
20260811_184731__rp0p5__vinf25__inc30__toff59132__Om0__om15,115317.0,0.9998041011424353,0.01652640280658353,23.455335754366683,283.6991755439288,1.4581028424731366,0.22615277154594546,23.939464877793338,145.2600421226326,643.102244387308,True
20260811_184731__rp0p5__vinf25__inc30__toff59132__Om0__om150,115317.0,0.9997898136281962,0.016532189671101243,23.455280747546468,283.7161108691495,0.5795826586863154,0.819764205563872,48.570219514861634,209.7259400768787,161.16504897200403,True
20260811_184731__rp0p5__vinf25__inc30__toff59132__Om0__om165,115317.0,0.9997901609799785,0.01653248278068119,23.455257758634062,283.7148614018697,3.1010788486106105,0.7119900147290381,35.6396467108124,29.89010891746221,1994.6513883369232,True
20260811_184731__rp0p5__vinf25__inc30__toff59132__Om0__om180,115317.0,0.9997988894101063,0.01653102600797299,23.455276182238556,283.6999907755043,0.8715523875635157,0.1500394948907123,24.10276353988998,313.60074444303064,297.19263035176084,True
20260811_184731__rp0p5__vinf25__inc30__toff59132__Om0__om195,115317.0,0.9997970925511717,0.016529342045209876,23.45533572376954,283.7069774821273,0.7551261439619829,0.21998849984445967,23.022799074740323,281.1564319141498,239.67738096003492,True
20260811_184731__rp0p5__vinf25__inc30__toff59132__Om0__om210,115317.0,0.9998005601366091,0.016527889995585715,23.455335973271886,283.703190256354,0.7442960206410268,0.231586361136819,22.875449756575936,278.8625099275646,234.53968413990367,True
20260811_184731__rp0p5__vinf25__inc30__toff59132__Om0__om225,115317.0,0.9997992600404693,0.016530203382238123,23.45524329624575,283.7012869187177,0.7559316557699775,0.22571760702519184,22.83622002294055,282.5782659286156,240.0609879357638,True
20260811_184731__rp0p5__vinf25__inc30__toff59132__Om0__om240,115317.0,0.9997947124178916,0.01652725356307556,23.455363934311737,283.7164513564067,0.7744666254220851,0.20596748043523647,22.846750999382607,289.95082005849935,248.94410757159133,True
20260811_184731__rp0p5__vinf25__inc30__toff59132__Om0__om255,115317.0,0.9997970293114471,0.016529367153061195,23.455336118870843,283.7071840901938,0.7959524737348451,0.19009134977693737,22.8880769970908,300.4973548040548,259.37522786451245,True
20260811_184731__rp0p5__vinf25__inc30__toff59132__Om0__om270,115317.0,0.9997965646373713,0.016528899991127204,23.45530413240745,283.70931455108246,0.8175466082299665,0.17435999918790734,22.947412388325098,312.1742541914906,270.00174565267815,True
20260811_184731__rp0p5__vinf25__inc30__toff59132__Om0__om285,115317.0,0.9997965717846017,0.016528906269673575,23.45530365914151,283.70927123194156,0.837328114478591,0.163731288145534,23.032805354373764,321.2912656603498,279.8603033993716,True
20260811_184731__rp0p5__vinf25__inc30__toff59132__Om0__om30,115317.0,0.9997936769686168,0.01652633879980743,23.455300097832858,283.72110872805206,1.556331692904777,0.2602407921155866,24.049997503495263,143.1898075898775,709.1711057611577,True
20260811_184731__rp0p5__vinf25__inc30__toff59132__Om0__om300,115317.0,0.9997892273931158,0.01653165500211209,23.455287721131775,283.7184698314805,0.8817742110704208,0.17059268427708976,23.06385706551873,332.22932928724885,302.4362746678233,True
20260811_184731__rp0p5__vinf25__inc30__toff59132__Om0__om315,115317.0,0.9998039648708803,0.01652630370466305,23.45528548530589,283.70007221435225,0.904632190746069,0.11387189334840907,22.943510470365805,61.480519064765836,314.27211408432396,True
20260811_184731__rp0p5__vinf25__inc30__toff59132__Om0__om330,115317.0,0.9997898611794783,0.016532164708259352,23.45528005279455,283.71596829770886,0.9746148450628266,0.06054329572722524,23.38914106394073,25.029588049665442,351.4368710222574,True
20260811_184731__rp0p5__vinf25__inc30__toff59132__Om0__om345,115317.0,0.9997906745796968,0.016532933501502155,23.455289000578748,283.7125644801127,1.0803302263414678,0.06319835015503936,23.552630461257035,101.36007851916959,410.14042896225845,True
20260811_184731__rp0p5__vinf25__inc30__toff59132__Om0__om45,115317.0,0.9997983802924361,0.016530555143339516,23.455243442515105,283.7023109328092,1.1745531618338707,0.14286932649162937,23.80724940186154,89.2142445353417,464.95059499714915,True
20260811_184731__rp0p5__vinf25__inc30__toff59132__Om0__om60,115317.0,0.9997984103146595,0.016530550064313546,23.455243002753022,283.7021979372834,-0.9914686294632867,1.4190989167276402,48.87748071683801,82.66707484008035,,False
20260811_184731__rp0p5__vinf25__inc30__toff59132__Om0__om75,115317.0,0.9998041560390859,0.016526381018654515,23.455335263632023,283.69899603024265,-6.707674918259992,1.1182467216950147,26.01708725552104,149.17412298250864,,False
20260811_184731__rp0p5__vinf25__inc30__toff59132__Om0__om90,115317.0,0.9997960759931029,0.016528436289356515,23.4552721016011,283.71153636537304,2.0993499992281537,0.5842487849307557,24.668934870879486,172.65160538107432,1111.0281539229848,True
20260811_184731__rp0p5__vinf25__inc30__toff59132__Om180__om0,115317.0,0.9997988906725352,0.01653102550686594,23.45527626670332,283.6999867276413,0.7704583474456309,0.27677352856071225,25.285112362928608,270.4865239630741,247.01398246952897,True
20260811_184731__rp0p5__vinf25__inc30__toff59132__Om180__om105,115317.0,0.9997960610522895,0.01652844830023739,23.455270930272945,283.7115710563692,0.8666735832944679,0.10964185264172054,26.479199994995593,323.4967364569055,294.70067405563736,True
20260811_184731__rp0p5__vinf25__inc30__toff59132__Om180__om120,115317.0,0.9997892292867224,0.016531654249878805,23.455287847828927,283.71846376078935,0.9075213457824803,0.10437877398041838,25.141614674998905,338.8517279494657,315.7788680681993,True
20260811_184731__rp0p5__vinf25__inc30__toff59132__Om180__om135,115317.0,0.9998039525620759,0.016526308590501325,23.45528466177372,283.7001116925857,0.9368079337230987,0.10395607284859218,26.375479357369617,107.85656536259252,331.18726635097806,True
20260811_184731__rp0p5__vinf25__inc30__toff59132__Om180__om15,115317.0,0.999797087501475,0.016529344050234367,23.45533538591125,283.70699367438465,0.7733407407942041,0.2563520502170508,26.419068090856484,275.4984241812151,248.40144935127077,True
20260811_184731__rp0p5__vinf25__inc30__toff59132__Om180__om150,115317.0,0.9997898630730873,0.01653216395610449,23.45528017949171,283.71596222709286,1.0312970280835279,0.05150996461388628,23.847249995743518,86.20320212969962,382.53699301285303,True
20260811_184731__rp0p5__vinf25__inc30__toff59132__Om180__om165,115317.0,0.9997901827850195,0.016532468043759376,23.45525753873456,283.7148031857433,1.1409809931119654,0.09391517118240114,22.313703921550783,123.51871453267688,445.1592531492536,True
20260811_184731__rp0p5__vinf25__inc30__toff59132__Om180__om180,115317.0,0.9998036296726478,0.016525916992487236,23.455304145631402,283.70137435824523,1.2737105296963505,0.14711388350914884,20.903123745143628,132.48256283077006,525.0539125099513,True
20260811_184731__rp0p5__vinf25__inc30__toff59132__Om180__om195,115317.0,0.9998041061922026,0.01652640080219968,23.455336092225156,283.69915934772786,1.3871926232271385,0.19218441113314874,19.98488795606839,132.95057333481395,596.7644535408525,True
20260811_184731__rp0p5__vinf25__inc30__toff59132__Om180__om210,115317.0,0.9997946807652747,0.016527261577239178,23.455364374080727,283.7165647838411,1.376931607191238,0.18928311740314083,20.07658885604387,120.84701956780492,590.1553440376717,True
20260811_184731__rp0p5__vinf25__inc30__toff59132__Om180__om225,115317.0,0.9997983802924361,0.016530555143339516,23.455243442515105,283.7023109328092,1.126329655596767,0.13931332086913434,22.68028107049488,61.786018941145194,436.6124031316534,True
20260811_184731__rp0p5__vinf25__inc30__toff59132__Om180__om240,115317.0,0.9997994141137546,0.016531473235761405,23.455307277649435,283.6976561314769,0.6217624340031565,0.6818917618177491,50.74401289352695,2.165655799117226,179.07481407911246,True
20260811_184731__rp0p5__vinf25__inc30__toff59132__Om180__om255,115317.0,0.9998041535142019,0.016526382020839506,23.455335094702782,283.699004128364,-1.9138864763365318,1.326666491250582,22.594354330653964,54.23823190325068,,False
20260811_184731__rp0p5__vinf25__inc30__toff59132__Om180__om270,115317.0,0.9997965741012015,0.0165288992722033,23.4553039858209,283.70927702143086,2.032165384344943,0.5256788243630318,16.53093265086161,131.57864446020068,1058.1235112645754,True
20260811_184731__rp0p5__vinf25__inc30__toff59132__Om180__om285,115317.0,0.9997895014783895,0.01653187651260481,23.455303950243305,283.71725884626255,1.2010906567326873,0.29745401714634784,20.821880979466453,166.35661567895153,480.79669457703255,True
20260811_184731__rp0p5__vinf25__inc30__toff59132__Om180__om30,115317.0,0.9997995563370523,0.016526966941343063,23.45527169781612,283.7077332720735,0.7812218514124304,0.23792722528513527,27.11526181512569,279.4608740359424,252.2082936662131,True
20260811_184731__rp0p5__vinf25__inc30__toff59132__Om180__om300,115317.0,0.9997891910408392,0.016531675518497907,23.455288124270655,283.71857564019274,0.9330345427866644,0.2936449623619475,22.75224953139537,208.41976202986615,329.1882870805495,True
20260811_184731__rp0p5__vinf25__inc30__toff59132__Om180__om315,115317.0,0.9998042635829085,0.016526565886924464,23.455281880214528,283.69888082491514,0.8154586232979866,0.34225045192679987,22.718474375793605,234.02131676288803,268.9680440960544,True
20260811_184731__rp0p5__vinf25__inc30__toff59132__Om180__om330,115317.0,0.9997898117345877,0.016532190423260727,23.45528062084929,283.71611693974955,0.7760682761909091,0.33865021709639836,22.62041502758295,251.9294347583217,249.71675725682323,True
20260811_184731__rp0p5__vinf25__inc30__toff59132__Om180__om345,115317.0,0.9997906527746344,0.01653294823784402,23.455289220477543,283.7126226964166,0.7695002313771353,0.30522383375380874,23.804517742548065,263.50489420317155,246.55335833618477,True
20260811_184731__rp0p5__vinf25__inc30__toff59132__Om180__om45,115317.0,0.9997992600404693,0.016530203382238123,23.45524329624575,283.7012869187177,0.7926383495586802,0.21733596602635527,27.456020541416624,285.6236635001301,257.7569660945142,True
20260811_184731__rp0p5__vinf25__inc30__toff59132__Om180__om60,115317.0,0.99979370862117,0.016526330783323537,23.4552996580645,283.7209952962665,0.8066274238343502,0.1944417870734625,27.5463669090699,292.24785388711155,264.6106167613284,True
20260811_184731__rp0p5__vinf25__inc30__toff59132__Om180__om75,115317.0,0.9997970318362951,0.01652936615054086,23.455336287799984,283.70717599408823,0.8234744456604876,0.1691416661397761,27.415716802965903,299.4603858084798,272.94364071042,True
20260811_184731__rp0p5__vinf25__inc30__toff59132__Om180__om90,115317.0,0.9997960665292822,0.016528437008662862,23.455272248187388,283.7115738959919,0.8424893613722665,0.13855783365677307,27.078979064568024,310.2011173367578,282.451853223335,True
20260811_184731__rp0p5__vinf25__inc30__toff59132__Om270__om0,115317.0,0.9997965671622172,0.016528898988522965,23.45530430133692,283.7093064548695,0.8379470369907265,0.16598809667795456,26.50188960717358,314.69837917974996,280.170654580224,True
20260811_184731__rp0p5__vinf25__inc30__toff59132__Om270__om105,115317.0,0.9997983190821521,0.016530594634982534,23.4552437755176,283.70247818253375,1.520768856634554,0.26082198891885505,25.107459720352484,159.77273575032174,685.0032083541645,True
20260811_184731__rp0p5__vinf25__inc30__toff59132__Om270__om120,115317.0,0.999798584542757,0.01653082269739333,23.4552600353871,283.70128897303357,1.6081625771048949,0.29405025413214536,25.146601570117866,154.56444434397622,744.890984125743,True
20260811_184731__rp0p5__vinf25__inc30__toff59132__Om270__om135,115317.0,0.9997944495028411,0.01652643362992465,23.455319510862914,283.7191360240659,1.5649840728690858,0.3112328855451222,28.913191312527815,147.00744556206587,715.0932413780503,True
20260811_184731__rp0p5__vinf25__inc30__toff59132__Om270__om15,115317.0,0.9997970300786208,0.016529382042552308,23.455335972304393,283.70714877932664,0.8612201263822891,0.14396215229793766,26.680486892940824,324.2408614600564,291.9234925193069,True
20260811_184731__rp0p5__vinf25__inc30__toff59132__Om270__om150,115317.0,0.9997985823685843,0.016530826599396406,23.455260035392914,283.70128952896073,2.947663130647953,0.6653741316264133,30.787651282230183,152.92103032694354,1848.4791842238085,True
20260811_184731__rp0p5__vinf25__inc30__toff59132__Om270__om165,115317.0,0.9997984326614714,0.01653054955124132,23.455243047445364,283.70210710991967,2.9418223625678603,0.6435137931583683,26.47382606393839,163.42011036579933,1842.987789349741,True
20260811_184731__rp0p5__vinf25__inc30__toff59132__Om270__om180,115317.0,0.9997964844338438,0.016528931836610684,23.455305243015964,283.70957708800665,1.5219278482692409,0.43335259079234223,20.701009693661945,164.86173248602128,685.78642819813,True
20260811_184731__rp0p5__vinf25__inc30__toff59132__Om270__om195,115317.0,0.9997993287767196,0.016531503304024402,23.455308788235214,283.69794389194925,1.0159066845895635,0.30945304328252193,22.11184510761271,193.27610447666348,374.00595510047253,True
20260811_184731__rp0p5__vinf25__inc30__toff59132__Om270__om210,115317.0,0.9998052450252296,0.016527453581162796,23.455322139983277,283.6946164413249,0.7821330608401935,0.3982648109166657,26.14097800691129,215.64212923915943,252.64968219407945,True
20260811_184731__rp0p5__vinf25__inc30__toff59132__Om270__om225,115317.0,0.9997898964818919,0.01653220102899194,23.455260586072004,283.71595347661406,0.6428402404060389,0.614616001298705,34.720008750349685,215.46599287483514,188.25753706981905,True
20260811_184731__rp0p5__vinf25__inc30__toff59132__Om270__om240,115317.0,0.9998046665125169,0.016526921670634475,23.45532911206531,283.6969371017348,0.7081345366849049,0.5484157462968551,111.93404976417264,333.1902607924444,217.65640635296785,True
20260811_184731__rp0p5__vinf25__inc30__toff59132__Om270__om255,115317.0,0.9997993681050587,0.016531490735218545,23.455307864015115,283.69780831621733,1.1013275049745188,0.24584552537015453,20.056490865582738,25.063370900246728,422.1555650852071,True
20260811_184731__rp0p5__vinf25__inc30__toff59132__Om270__om270,115317.0,0.9997965682822041,0.01652890158267305,23.455304059116866,283.7092960632587,0.8049941828519672,0.19333572214734204,23.066718416493366,293.48998068118965,263.8073573130228,True
20260811_184731__rp0p5__vinf25__inc30__toff59132__Om270__om285,115317.0,0.9997988617877945,0.01653102785424124,23.45527621084205,283.70010050197004,0.763983753828094,0.22041115029179584,24.65861535608907,281.584908670517,243.90683763839704,True
20260811_184731__rp0p5__vinf25__inc30__toff59132__Om270__om30,115317.0,0.9998030595171692,0.016525494685169312,23.455271955451515,283.7038425006315,0.890657767507052,0.11186341404606219,26.853136972059016,334.79529023583376,307.0181709202877,True
20260811_184731__rp0p5__vinf25__inc30__toff59132__Om270__om300,115317.0,0.9997985829690256,0.016530806607429917,23.4552600552497,283.70133006887625,0.7638184056706567,0.22150815487727585,25.32228238833832,282.563861105769,243.82765919293402,True
20260811_184731__rp0p5__vinf25__inc30__toff59132__Om270__om315,115317.0,0.9997948992627249,0.016526249029561322,23.455320334528253,283.7186027842117,0.7800658792077287,0.21197013191278016,25.727139356236428,289.26875100317193,251.64871273495615,True
20260811_184731__rp0p5__vinf25__inc30__toff59132__Om270__om330,115317.0,0.9998003496283127,0.016530057709435195,23.455260055796998,283.69935036980905,0.7977133536188271,0.19801116923895054,26.029158347191775,296.5966434217174,260.23642463351837,True
20260811_184731__rp0p5__vinf25__inc30__toff59132__Om270__om345,115317.0,0.999798826238098,0.016531045003439337,23.455275828313273,283.70020960374876,0.8187033324362525,0.18308324165323306,26.28200822927339,305.6804194387921,270.57497535872767,True
20260811_184731__rp0p5__vinf25__inc30__toff59132__Om270__om45,115317.0,0.9997898557653763,0.016532223277253497,23.455261044183214,283.71607356302377,0.9363534461317767,0.06810249440277315,27.016309512104268,351.0011126954875,330.9462848648015,True
20260811_184731__rp0p5__vinf25__inc30__toff59132__Om270__om60,115317.0,0.9998036394824134,0.01652602594203801,23.45526496519421,283.701516664054,1.0117923771530868,0.02315605683855041,27.006557174206158,65.28799774410413,371.73623414227393,True
20260811_184731__rp0p5__vinf25__inc30__toff59132__Om270__om75,115317.0,0.9998041429302236,0.0165263801432105,23.455335483509792,283.69905205591647,1.1324583502073144,0.08574854951209693,26.631335094879336,145.79359936237063,440.1808532972064,True
20260811_184731__rp0p5__vinf25__inc30__toff59132__Om270__om90,115317.0,0.9997959872375747,0.016528465456134674,23.455273274325823,283.71183993100414,1.3136095645429668,0.17699268377944943,25.909208715602148,157.91048605382394,549.9171237109904,True
20260811_184731__rp0p5__vinf25__inc30__toff59132__Om90__om0,115317.0,0.9997964856962667,0.016528931335303115,23.45530532748071,283.7095730399161,1.7138450151174507,0.44268344235015833,18.115862470468038,163.16749910395146,819.5116066545985,True
20260811_184731__rp0p5__vinf25__inc30__toff59132__Om90__om105,115317.0,0.9997983510549097,0.016530569787868602,23.45524348231005,283.7023997960846,0.7752167231894521,0.18994200549849136,25.495095784654872,286.09200591233014,249.305861622831,True
20260811_184731__rp0p5__vinf25__inc30__toff59132__Om90__om120,115317.0,0.9997985848626677,0.016530805855729358,23.45526018194696,283.70132399705943,0.7633177339445508,0.20037745265870074,25.3266615193072,286.78298915331084,243.5879603190495,True
20260811_184731__rp0p5__vinf25__inc30__toff59132__Om90__om135,115317.0,0.9997948869541434,0.01652625391915012,23.455319510996677,283.7186422569156,0.7675775345284698,0.19676052252744874,24.882812164397947,290.41420477652883,245.62986714338945,True
20260811_184731__rp0p5__vinf25__inc30__toff59132__Om90__om15,115317.0,0.9997993237270003,0.016531505308292754,23.455308450376783,283.6979600831642,1.32830971841564,0.3653539291693988,21.901397804499517,183.9984908296869,559.1738014479818,True
20260811_184731__rp0p5__vinf25__inc30__toff59132__Om90__om150,115317.0,0.9998003515219611,0.016530056957795462,23.455260182494275,283.6993442976162,0.7831628071881915,0.1856758888829944,24.33452767648514,296.7750845749903,253.14879937946947,True
20260811_184731__rp0p5__vinf25__inc30__toff59132__Om90__om165,115317.0,0.9997983344416587,0.016530579420874686,23.45524436675411,283.7024481801978,0.801862485657186,0.17149369582158763,23.75245230035575,305.79339307722984,262.2694069609018,True
20260811_184731__rp0p5__vinf25__inc30__toff59132__Om90__om180,115317.0,0.9997965658997942,0.016528899489825024,23.455304216872168,283.7093105029761,0.8228780318714585,0.15887643216385133,23.146365677312716,316.10560300972406,272.6471690841038,True
20260811_184731__rp0p5__vinf25__inc30__toff59132__Om90__om195,115317.0,0.9997970351283166,0.01652938003751494,23.45533631016272,283.7071325871251,0.8481570360826128,0.13884657145545937,22.50337934405581,320.54676712361425,285.3068469374221,True
20260811_184731__rp0p5__vinf25__inc30__toff59132__Om90__om210,115317.0,0.9998040633183858,0.016526417818600973,23.45533623079064,283.69929934378894,0.8725202214356054,0.1300459531234129,21.94199004085852,336.64136738500326,297.6878035661193,True
20260811_184731__rp0p5__vinf25__inc30__toff59132__Om90__om225,115317.0,0.9997898557653763,0.016532223277253497,23.455261044183214,283.71607356302377,0.9058376542086333,0.11567964451418025,21.36646531430931,348.63914579947743,314.90049609402416,True
20260811_184731__rp0p5__vinf25__inc30__toff59132__Om90__om240,115317.0,0.9998046432839112,0.016526949123940145,23.45532924036427,283.69697377367135,0.9554674039277455,0.0810616869336873,20.645666620355616,4.055085589466613,341.13132702055316,True
20260811_184731__rp0p5__vinf25__inc30__toff59132__Om90__om255,115317.0,0.9998041404053397,0.016526381145397766,23.455335314580548,283.69906015403404,1.0273939876963687,0.044832382882232256,19.905226112209657,43.665488661549055,380.3674282611777,True
20260811_184731__rp0p5__vinf25__inc30__toff59132__Om90__om270,115317.0,0.9997964853455847,0.016528928435900262,23.45530515854583,283.70958058216127,1.1304379038198593,0.06305179549745547,19.29209804967604,117.09095920572405,439.003372888745,True
20260811_184731__rp0p5__vinf25__inc30__toff59132__Om90__om285,115317.0,0.999798829815004,0.016531052700552943,23.455276504048353,283.70017888940725,1.2648832343302243,0.1274690991968425,19.025266621278025,140.57684187275652,519.6051472817825,True
20260811_184731__rp0p5__vinf25__inc30__toff59132__Om90__om30,115317.0,0.9998042412234068,0.01652653035016909,23.455257864978535,283.6991590702381,1.0147332879986508,0.3296431926194834,23.959696584204345,216.09177846971298,373.3581634692159,True
20260811_184731__rp0p5__vinf25__inc30__toff59132__Om90__om300,115317.0,0.9997985826491153,0.01653082344909271,23.455259908689868,283.7012950448462,1.3828967482359797,0.18037086227055696,19.022113925253496,142.78258298198043,593.9944996897062,True
20260811_184731__rp0p5__vinf25__inc30__toff59132__Om90__om315,115317.0,0.999794461811412,0.016526428740237256,23.455320334394454,283.7190965519554,1.38270154407078,0.17941962272711337,18.834039277368326,141.29472327085128,593.8687353019486,True
20260811_184731__rp0p5__vinf25__inc30__toff59132__Om90__om330,115317.0,0.9997985804749423,0.016530827351095827,23.45525990869567,283.7012956007714,1.2587144404164345,0.1218645797901181,16.43004809183014,150.45902554724978,515.808639762401,True
20260811_184731__rp0p5__vinf25__inc30__toff59132__Om90__om345,115317.0,0.9997989244580076,0.01653101513723359,23.45527450900405,283.69986853943203,1.5062959300444687,0.31484948737586,13.928265537560312,156.39537680720778,675.2479032859395,True
20260811_184731__rp0p5__vinf25__inc30__toff59132__Om90__om45,115317.0,0.9997898964818919,0.01653220102899194,23.455260586072004,283.71595347661406,0.8385893990509659,0.36270229401552007,24.784641357374515,244.23299354597003,280.4928804684031,True
20260811_184731__rp0p5__vinf25__inc30__toff59132__Om90__om60,115317.0,0.9998036627109724,0.016525998488009567,23.455264836891534,283.701479996976,0.7589535006246373,0.37112334464036933,25.144361770240227,263.37948586328673,241.5018950911231,True
20260811_184731__rp0p5__vinf25__inc30__toff59132__Om90__om75,115317.0,0.9997993706299183,0.016531489733090512,23.455308032944316,283.69780022059354,0.760418554239646,0.28797218622445814,25.481863277023436,274.21635758868683,242.20151090946194,True
20260811_184731__rp0p5__vinf25__inc30__toff59132__Om90__om90,115317.0,0.9997960701741113,0.016528438600019266,23.455272174897114,283.71155540744803,0.7862365557466036,0.19356611985717515,25.423379057622643,281.67958143495105,254.64059406694042,True
20260811_184731__rp0p5__vinf25__inc60__toff59132__Om0__om0,115317.0,0.9998030841325258,0.01652547275768937,23.45527255785209,283.7037888390891,1.2661251964453573,0.1447520001234499,25.346964226015587,128.4417843953202,520.370619073884,True
20260811_184731__rp0p5__vinf25__inc60__toff59132__Om0__om105,115317.0,0.9997911483723875,0.016533406127779236,23.455322496198775,283.7103862898346,1.1684237906311088,0.32480893555840934,27.887862018699938,215.45241964932464,461.3158507353632,True
20260811_184731__rp0p5__vinf25__inc60__toff59132__Om0__om120,115317.0,0.9997900220041513,0.016532437291625304,23.455297553384913,283.7151147167831,0.8793511539682398,0.35151922539160074,25.713117585073213,250.85818075310004,301.1905191991758,True
20260811_184731__rp0p5__vinf25__inc60__toff59132__Om0__om135,115317.0,0.9998041920530729,0.016526486505042168,23.4552879866246,283.69914359173106,0.745330159829179,0.43453967841891494,24.679974070322256,256.9039074393653,235.0286648049977,True
20260811_184731__rp0p5__vinf25__inc60__toff59132__Om0__om15,115317.0,0.9998030849336804,0.01652548459565882,23.455272036775092,283.70375964091716,1.4248908615707119,0.20806393410246604,26.081891119421442,136.27864886552132,621.2554220681488,True
20260811_184731__rp0p5__vinf25__inc60__toff59132__Om0__om150,115317.0,0.9997903560121548,0.0165326853648888,23.455293302899875,283.71380788590517,0.7093595061773071,0.4149173422648004,25.24829603298506,250.3081883352685,218.2214212937632,True
20260811_184731__rp0p5__vinf25__inc60__toff59132__Om0__om165,115317.0,0.9997906637516576,0.01653294387818487,23.45529018623726,283.71258769791933,0.7410959793079266,0.31726263440798036,24.846352974781027,257.2891523234882,233.02873413030474,True
20260811_184731__rp0p5__vinf25__inc60__toff59132__Om0__om180,115317.0,0.9997960210973406,0.01652845808808584,23.455272592335362,283.7117158401458,0.7526244419896491,0.2663588770038418,22.68852089190819,266.0128707116383,238.48730597743867,True
20260811_184731__rp0p5__vinf25__inc60__toff59132__Om0__om195,115317.0,0.9997959971879592,0.016528455428261216,23.455271798621872,283.71181933001844,0.7525864340272833,0.25047255308194866,21.328123582101178,270.2064633774443,238.46924058863902,True
20260811_184731__rp0p5__vinf25__inc60__toff59132__Om0__om210,115317.0,0.9998029323780906,0.016529994418065932,23.45530735197715,283.6937178270064,0.7580896867611323,0.2380681906767628,20.742100591735536,273.25241728949936,241.08970913759129,True
20260811_184731__rp0p5__vinf25__inc60__toff59132__Om0__om225,115317.0,0.999796970255844,0.01652806656179269,23.455271881998613,283.71049115850593,0.7719355006939775,0.22133570824883908,20.57273268306087,277.08110796343544,247.72470033252327,True
20260811_184731__rp0p5__vinf25__inc60__toff59132__Om0__om240,115317.0,0.9997983981659847,0.016530560204875148,23.455242907129545,283.70222604664946,0.7884851097815905,0.20180401766761386,20.614524567646633,284.0128365871574,255.73374277184848,True
20260811_184731__rp0p5__vinf25__inc60__toff59132__Om0__om255,115317.0,0.9997970417187584,0.016529362227231115,23.45533556112463,283.70714315772886,0.8064350346319538,0.18132750700836747,20.787124044776558,292.61705332734107,264.51595374527886,True
20260811_184731__rp0p5__vinf25__inc60__toff59132__Om0__om270,115317.0,0.9997971806751387,0.016529517544784576,23.455258442855584,283.7070721889153,0.8274953115222793,0.16009143122196712,21.08019420777457,303.05986295263136,274.9451752467297,True
20260811_184731__rp0p5__vinf25__inc60__toff59132__Om0__om285,115317.0,0.9997981562135717,0.016530460949804263,23.455322188977984,283.7026019773647,0.8499270688393891,0.13870818549562466,21.55267758604696,314.7879663380513,286.2004300114594,True
20260811_184731__rp0p5__vinf25__inc60__toff59132__Om0__om30,115317.0,0.9997960458790082,0.016528443689769978,23.455271719057425,283.7116440885822,1.4538772535866291,0.21981203612685718,26.288510872181067,134.62140286271577,640.308700772844,True
20260811_184731__rp0p5__vinf25__inc60__toff59132__Om0__om300,115317.0,0.9997900622275689,0.016532415239868016,23.45529659965497,283.7149958292556,0.8792831194522539,0.15665444784671748,22.346695086391662,6.519735880561847,301.15556566312785,True
20260811_184731__rp0p5__vinf25__inc60__toff59132__Om0__om315,115317.0,0.9998043147091744,0.01652662819467673,23.455286219285476,283.69863504694564,0.9207897059804097,0.10283496421825279,21.703573537595997,60.84515587722167,322.7293576010416,True
20260811_184731__rp0p5__vinf25__inc60__toff59132__Om0__om330,115317.0,0.999790150337389,0.016532430588530822,23.45527661818388,283.714808370914,1.0012092049051342,0.05122721799880047,23.344385383407776,41.911307830167026,365.91906791428926,True
20260811_184731__rp0p5__vinf25__inc60__toff59132__Om0__om345,115317.0,0.9997901701609528,0.016532473057872674,23.455256694085953,283.71484365611997,1.1133882854097064,0.0785450297674775,24.380731747666946,103.5682387858231,429.10913662681713,True
20260811_184731__rp0p5__vinf25__inc60__toff59132__Om0__om45,115317.0,0.9997960505451085,0.016528434239996198,23.45527213019875,283.7116455542596,1.1396215023005962,0.13581827345632033,24.952889282780248,75.57471655197143,444.3638723196543,True
20260811_184731__rp0p5__vinf25__inc60__toff59132__Om0__om60,115317.0,0.9997960464225487,0.01652844271426467,23.455271719056004,283.71164395020435,0.4947309822816097,0.9712117439941956,102.82008568065768,356.9547327976153,127.10172752960489,True
20260811_184731__rp0p5__vinf25__inc60__toff59132__Om0__om75,115317.0,0.9998040588702097,0.016526419583679293,23.455337089747577,283.69931456673567,-9.641464343694478,1.0861369552708378,40.75269630905557,163.70117738014918,,False
20260811_184731__rp0p5__vinf25__inc60__toff59132__Om0__om90,115317.0,0.9997971893696735,0.01652951713156477,23.455258707425077,283.7070375099282,1.9487172817751186,0.5222343807727429,31.058278750995772,180.3961190621129,993.6216489008281,True
20260811_184731__rp0p5__vinf25__inc60__toff59132__Om180__om0,115317.0,0.9997960210973406,0.01652845808808584,23.455272592335362,283.7117158401458,0.8640014568470546,0.24004377057135676,24.475777971471373,259.5708463473992,293.3387942530837,True
20260811_184731__rp0p5__vinf25__inc60__toff59132__Om180__om105,115317.0,0.9997981663129866,0.016530456940492027,23.455322864694722,283.7025695939901,0.9211080638911481,0.04986413090765082,27.926557422442166,279.1252959994986,322.89674488325835,True
20260811_184731__rp0p5__vinf25__inc60__toff59132__Om180__om120,115317.0,0.9997900685396008,0.01653241273278117,23.455297021978463,283.71497559403576,0.9661122389164181,0.010432818816870994,26.404216020255447,208.33356867345555,346.84797729649995,True
20260811_184731__rp0p5__vinf25__inc60__toff59132__Om180__om135,115317.0,0.9998043184965019,0.01652662669143268,23.45528647267994,283.69862289990243,1.0376816562256024,0.1108437621336698,25.17930416870883,99.43281555129437,386.09484187537305,True
20260811_184731__rp0p5__vinf25__inc60__toff59132__Om180__om15,115317.0,0.9997960072873306,0.016528451417449,23.45527247434102,283.7117869448693,0.8572874219123692,0.2343348651662118,25.939309749974463,265.57076575498115,289.92620314910494,True
20260811_184731__rp0p5__vinf25__inc60__toff59132__Om180__om150,115317.0,0.9997904025476363,0.016532660806971074,23.45529277149348,283.7136687632374,1.1214831452506324,0.09653348126922719,23.159299839748165,132.62704445303683,433.7973721322767,True
20260811_184731__rp0p5__vinf25__inc60__toff59132__Om180__om165,115317.0,0.9997906884661845,0.016532927986473087,23.45528992969051,283.7125199632183,1.2230427946859066,0.14760972646844978,21.410957148898255,126.5671212885283,494.0379039621438,True
20260811_184731__rp0p5__vinf25__inc60__toff59132__Om180__om180,115317.0,0.9998030841325258,0.01652547275768937,23.45527255785209,283.7037888390891,1.3030883660905148,0.1788011798316384,20.137066923049744,122.58241222343636,543.3236274094353,True
20260811_184731__rp0p5__vinf25__inc60__toff59132__Om180__om195,115317.0,0.9998030748341663,0.01652548860515507,23.45527136105568,283.70379203405525,1.3395475373404881,0.19341189837015715,19.88183819269391,110.45935555370806,566.2849058524421,True
20260811_184731__rp0p5__vinf25__inc60__toff59132__Om180__om210,115317.0,0.9997970471520413,0.016529367666944066,23.455335825699716,283.70710931008426,1.288108151378999,0.18164203131862663,21.12337462007434,95.0494920330693,533.9815887406604,True
20260811_184731__rp0p5__vinf25__inc60__toff59132__Om180__om225,115317.0,0.9997960555947947,0.01652843223460376,23.455272468058315,283.71162936164365,1.1748924777762741,0.17013880772082887,24.753045265721035,71.8570802811845,465.152088485984,True
20260811_184731__rp0p5__vinf25__inc60__toff59132__Om180__om240,115317.0,0.9997960413728626,0.016528444719658274,23.455271381196443,283.71166014280766,1.115433074146495,0.22732146080988525,32.35905142250944,66.83092716487633,430.29179717923165,True
20260811_184731__rp0p5__vinf25__inc60__toff59132__Om180__om255,115317.0,0.9998040437209089,0.0165264255968735,23.45533607617213,283.6993631552141,3.401116573067495,0.7499706669045495,31.34841416621838,107.44336250645463,2291.026257987092,True
20260811_184731__rp0p5__vinf25__inc60__toff59132__Om180__om270,115317.0,0.9997971843199757,0.016529519136572867,23.455258369565442,283.70705370202757,3.096602502008564,0.6964162332991188,19.137027444167824,111.09679831222525,1990.3340869208932,True
20260811_184731__rp0p5__vinf25__inc60__toff59132__Om180__om285,115317.0,0.9997911382731143,0.016533410138372555,23.455321820482332,283.71041866531135,1.3652411870241796,0.3037847905431808,19.275817050706003,128.48813468069912,582.655516925069,True
20260811_184731__rp0p5__vinf25__inc60__toff59132__Om180__om30,115317.0,0.9998019311021772,0.016529070164330414,23.45524324612698,283.698251675956,0.8545445016905454,0.22195267432624707,27.177712244282546,270.21271933546205,288.53587363540623,True
20260811_184731__rp0p5__vinf25__inc60__toff59132__Om180__om300,115317.0,0.99979001569212,0.016532439798726588,23.455297131061414,283.7151349519513,1.0643180548194369,0.1987593983980311,20.365172959430108,178.5351887279207,401.055922966866,True
20260811_184731__rp0p5__vinf25__inc60__toff59132__Om180__om315,115317.0,0.9998041882657466,0.016526488008318928,23.45528773323015,283.69915573883065,0.956799311720444,0.21074054170942882,20.818319248720897,215.81067108775628,341.84487377589124,True
20260811_184731__rp0p5__vinf25__inc60__toff59132__Om180__om330,115317.0,0.9997901038019311,0.016532455147158766,23.455277149590653,283.71494749397834,0.904971887440161,0.22879722837599564,21.618015913838068,236.81726827255267,314.44914827685926,True
20260811_184731__rp0p5__vinf25__inc60__toff59132__Om180__om345,115317.0,0.9997901454464511,0.016532488950289328,23.455256950633366,283.71491139064346,0.8782916700745853,0.23914398457131394,22.936496709434742,250.50402940020834,300.6463503004234,True
20260811_184731__rp0p5__vinf25__inc60__toff59132__Om180__om45,115317.0,0.9997969652061484,0.016528068567091637,23.455271544139055,283.71050735163243,0.8585234391849114,0.20344603903791353,28.097366092506377,273.7909145039732,290.55344248780364,True
20260811_184731__rp0p5__vinf25__inc60__toff59132__Om180__om60,115317.0,0.9997984032156944,0.016530558200270943,23.45524324498917,283.7022098549943,0.8662877246408545,0.17630980297072904,28.649836025001793,276.7225853398324,294.5038869090987,True
20260811_184731__rp0p5__vinf25__inc60__toff59132__Om180__om75,115317.0,0.9997970568678473,0.016529356212124324,23.455336574699572,283.70709458105205,0.8774870864966143,0.14193024625706308,28.81357657346843,279.50345679946184,300.23332171780834,True
20260811_184731__rp0p5__vinf25__inc60__toff59132__Om180__om90,115317.0,0.9997971857248366,0.016529515539774966,23.4552587807152,283.70705599681696,0.8940597511599703,0.097815455111103,28.592569929662673,281.2385781954919,308.77889357250297,True
20260811_184731__rp0p5__vinf25__inc60__toff59132__Om270__om0,115317.0,0.9997960640044391,0.016528438011356568,23.455272079257625,283.71158199230115,0.8699817915303981,0.15566636499449119,27.32256653461954,314.07918017661683,296.38965071068833,True
20260811_184731__rp0p5__vinf25__inc60__toff59132__Om270__om105,115317.0,0.9997993429396373,0.016531497683116646,23.455308810572646,283.69789771545595,1.4175780056435723,0.24234812182512377,27.839650239787208,182.4775438624422,616.4789327870138,True
20260811_184731__rp0p5__vinf25__inc60__toff59132__Om270__om120,115317.0,0.9997988363858178,0.016531055411008418,23.45527627300167,283.70014582920123,1.5592685962698143,0.30560899956530907,26.77122063102282,180.9953208611937,711.1794333768595,True
20260811_184731__rp0p5__vinf25__inc60__toff59132__Om270__om135,115317.0,0.9997945321755393,0.016526481105187216,23.455324752849364,283.7187929065204,1.6735766090561421,0.366151669930511,25.619967755227094,178.44543046735492,790.7991361912633,True
20260811_184731__rp0p5__vinf25__inc60__toff59132__Om270__om15,115317.0,0.999799570083483,0.01652694932820682,23.455272035652914,283.7077148595637,0.8910867448679715,0.13754903847068695,27.788148338951316,319.92850098990317,307.24000646713324,True
20260811_184731__rp0p5__vinf25__inc60__toff59132__Om270__om150,115317.0,0.9998005978027354,0.01653031240322187,23.45527610461229,283.69817490408803,1.7617616605714863,0.43100114261547484,23.49704940511995,174.77472237635354,854.1192741724674,True
20260811_184731__rp0p5__vinf25__inc60__toff59132__Om270__om165,115317.0,0.9997989383447243,0.016531009625088362,23.455275438116356,283.6998240128532,1.6196131043821724,0.4277570027770877,20.611159619587365,171.48555528338514,752.8608494395661,True
20260811_184731__rp0p5__vinf25__inc60__toff59132__Om270__om180,115317.0,0.9997959814514894,0.01652847231187192,23.45527310540457,283.71184885747397,1.2935813302947272,0.3499912232410863,19.024718605173366,172.8685001238329,537.3885376285643,True
20260811_184731__rp0p5__vinf25__inc60__toff59132__Om270__om195,115317.0,0.9997983040075186,0.01653060365770315,23.455243837650528,283.7025208678966,1.0277845254076277,0.28186035008754046,20.308943653442988,180.82439388952116,380.5843293854184,True
20260811_184731__rp0p5__vinf25__inc60__toff59132__Om270__om210,115317.0,0.9997981892404997,0.01653042960591726,23.455322137988027,283.70253342536785,0.8793171818984598,0.27121403586032566,24.955669521796363,188.00598823544644,301.17306547810364,True
20260811_184731__rp0p5__vinf25__inc60__toff59132__Om270__om225,115317.0,0.9997969539638394,0.016529238979655532,23.455261432963002,283.708001977025,0.8776864975033583,0.22936157534607013,32.68842687287549,173.67127239022992,300.335670626056,True
20260811_184731__rp0p5__vinf25__inc60__toff59132__Om270__om240,115317.0,0.9997966044067877,0.016528975769316414,23.45526466576094,283.7094046307635,1.7359558327797693,0.4584225894267961,31.37960816279478,66.71124774951126,835.421787776428,True
20260811_184731__rp0p5__vinf25__inc60__toff59132__Om270__om255,115317.0,0.9997993674036919,0.016531484935480397,23.455307526145965,283.69782339414985,1.1155262700412256,0.20315948743496315,23.382683070940335,31.038418774234742,430.3457254707395,True
20260811_184731__rp0p5__vinf25__inc60__toff59132__Om270__om270,115317.0,0.999796065124425,0.016528440605405495,23.45527183703753,283.71157160006584,0.8603355970429882,0.12419105860146872,23.838669870876505,305.2830398762602,291.4738712660214,True
20260811_184731__rp0p5__vinf25__inc60__toff59132__Om270__om285,115317.0,0.9997993463325227,0.016531510013097623,23.45530784169641,283.69785644102683,0.8143766076417014,0.15904961080337898,24.83246062246264,288.17240038618183,268.4328892787518,True
20260811_184731__rp0p5__vinf25__inc60__toff59132__Om270__om30,115317.0,0.9997960040908311,0.016528473957590786,23.455272122211138,283.7117513104728,0.9209013505033778,0.10928433914462955,28.285603322711694,321.9587083543314,322.7880551360451,True
20260811_184731__rp0p5__vinf25__inc60__toff59132__Om270__om300,115317.0,0.9997988341983904,0.01653103424621262,23.45527599722863,283.70020011765934,0.8087698369382861,0.1723688275893553,25.570333404825003,288.98935677170044,265.6655303990063,True
20260811_184731__rp0p5__vinf25__inc60__toff59132__Om270__om315,115317.0,0.9997949625783797,0.016526308752709076,23.45532449959575,283.7183121106693,0.8204549260961882,0.17685807791919836,26.034659374744436,296.5650516354392,271.44377141037813,True
20260811_184731__rp0p5__vinf25__inc60__toff59132__Om270__om330,115317.0,0.999799467744787,0.016530430442106916,23.45526009775362,283.7003380093729,0.8353641982481885,0.17494987809840254,26.447871254716276,303.27724002168713,278.8762809274695,True
20260811_184731__rp0p5__vinf25__inc60__toff59132__Om270__om345,115317.0,0.9997983229044716,0.016530582481434547,23.455243522101973,283.70248838136416,0.8517963744935787,0.16933848730768655,26.8602895513584,310.0726751828404,287.1451407244692,True
20260811_184731__rp0p5__vinf25__inc60__toff59132__Om270__om45,115317.0,0.9997969125453854,0.01652925542427096,23.455261553203222,283.70813717956025,0.9632551655014114,0.06666707093801459,28.727904383198037,317.813306553854,345.3105206420336,True
20260811_184731__rp0p5__vinf25__inc60__toff59132__Om270__om60,115317.0,0.9997965840540838,0.01652900512152646,23.45526513192889,283.7094256397412,1.027029625701227,0.027455967845971815,29.0218232102344,255.2825913411303,380.165102062715,True
20260811_184731__rp0p5__vinf25__inc60__toff59132__Om270__om75,115317.0,0.9998041439822841,0.01652638884266052,23.455335990312783,283.69902943092984,1.1235811964601352,0.08286333965154892,29.01923682853616,190.74407210735842,435.0152521814899,True
20260811_184731__rp0p5__vinf25__inc60__toff59132__Om270__om90,115317.0,0.9997959872375747,0.016528465456134674,23.455273274325823,283.71183993100414,1.2592542857509719,0.16516239644244224,28.61201945791715,183.98867280894007,516.140510200839,True
20260811_184731__rp0p5__vinf25__inc60__toff59132__Om90__om0,115317.0,0.9997959814514894,0.01652847231187192,23.45527310540457,283.71184885747397,1.4221343028481068,0.3168159050820979,21.33194882697797,176.949280063479,619.4534961328714,True
20260811_184731__rp0p5__vinf25__inc60__toff59132__Om90__om105,115317.0,0.9997993564319617,0.016531506004579526,23.45530851741323,283.6978240585764,0.8782587350739913,0.05688271808333499,26.466949675847776,261.30185331120504,300.62943958288633,True
20260811_184731__rp0p5__vinf25__inc60__toff59132__Om90__om120,115317.0,0.9997988405105331,0.016531031740656333,23.455276419552423,283.7001798783828,0.8400975234859611,0.08608938415544189,25.405225271593675,297.5567314721521,281.24988079541424,True
20260811_184731__rp0p5__vinf25__inc60__toff59132__Om90__om135,115317.0,0.9997949663656361,0.016526307248239034,23.455324752990034,283.7182999652357,0.8182917062902357,0.11948196457623358,24.358009742564224,302.33898742898896,270.37094223205884,True
20260811_184731__rp0p5__vinf25__inc60__toff59132__Om90__om15,115317.0,0.9997983141069365,0.016530599648447185,23.455244513369827,283.70248848474154,1.3712365920002636,0.34594050892488537,23.730674373516162,185.57523499054454,586.4977919840741,True
20260811_184731__rp0p5__vinf25__inc60__toff59132__Om90__om150,115317.0,0.9997997199561599,0.016530660735179933,23.455276250892993,283.69919848550035,0.8172107176155924,0.1349761862418434,23.299918582457646,307.4876337732828,269.8353666312321,True
20260811_184731__rp0p5__vinf25__inc60__toff59132__Om90__om165,115317.0,0.9997988412118993,0.016531037540215513,23.455276757422762,283.7001647992838,0.8287752920113108,0.13952852232731888,22.350394154881112,313.7158853602694,275.5833550229175,True
20260811_184731__rp0p5__vinf25__inc60__toff59132__Om90__om180,115317.0,0.9997960640044391,0.016528438011356568,23.455272079257625,283.71158199230115,0.8453445598050089,0.14188794702476434,21.53267459839281,320.5275890201593,283.88891405271903,True
20260811_184731__rp0p5__vinf25__inc60__toff59132__Om90__om195,115317.0,0.9997995599840398,0.016526953338351462,23.45527135993363,283.7077472487587,0.8641238036479824,0.14297797514218002,20.83180809480069,326.8479463724238,293.4011037548794,True
20260811_184731__rp0p5__vinf25__inc60__toff59132__Om90__om210,115317.0,0.9997970053637808,0.01652939793260119,23.45533622885046,283.7072165335577,0.8835102239699251,0.13951408811521884,20.209997771318598,333.21459832540455,303.32985649504406,True
20260811_184731__rp0p5__vinf25__inc60__toff59132__Om90__om225,115317.0,0.9997969175950803,0.016529253419172166,23.455261891062836,283.7081209873316,0.9062750087763626,0.1285968036026117,19.610452998969937,334.76393469001863,315.12858297941136,True
20260811_184731__rp0p5__vinf25__inc60__toff59132__Om90__om240,115317.0,0.9997965790043924,0.016529007126734264,23.45526479406929,283.70944183205637,0.9365695852468,0.10675093551805212,18.999083415176823,336.40759305789373,331.06088031770884,True
20260811_184731__rp0p5__vinf25__inc60__toff59132__Om90__om255,115317.0,0.9998041288329805,0.016526394855783694,23.455334976737376,283.6990780196034,0.9748435413921809,0.07403188128801062,18.42420864577692,333.4258139760158,351.56057687005097,True
20260811_184731__rp0p5__vinf25__inc60__toff59132__Om90__om270,115317.0,0.9997959821878891,0.016528467461544478,23.455272936466258,283.7118561235608,1.0286969155122128,0.02880423161714952,18.00004413212876,313.9821509908197,381.0912232233202,True
20260811_184731__rp0p5__vinf25__inc60__toff59132__Om90__om285,115317.0,0.9997993328401988,0.016531501691647063,23.45530813485583,283.6979300979059,1.1001270153994205,0.03750974293472269,17.896348224771668,187.41372266118555,421.46550437918245,True
20260811_184731__rp0p5__vinf25__inc60__toff59132__Om90__om30,115317.0,0.9997971879669459,0.01652950553352968,23.455258031682515,283.70706767575666,1.1968201061513681,0.3300480032217627,26.188621802217256,201.52069177718332,478.2347226135822,True
20260811_184731__rp0p5__vinf25__inc60__toff59132__Om90__om300,115317.0,0.9997988300736752,0.0165310579165611,23.455275850677886,283.70016606845354,1.1862299428052732,0.1000600175551193,18.19334045668636,171.89053699209848,471.90123486437096,True
20260811_184731__rp0p5__vinf25__inc60__toff59132__Om90__om315,115317.0,0.9997945283882863,0.016526482609687577,23.4553244994551,283.7188050517762,1.2707682458420844,0.15624627363410828,18.835115440402234,167.6538858206532,523.2356440213182,True
20260811_184731__rp0p5__vinf25__inc60__toff59132__Om90__om330,115317.0,0.9998003455912557,0.01653008210491244,23.455259951481192,283.69931443493454,1.3259430093942095,0.20108388894990298,19.508877280259245,169.04238655880457,557.6800097563075,True
20260811_184731__rp0p5__vinf25__inc60__toff59132__Om90__om345,115317.0,0.9997984200371959,0.016530554562732967,23.455242202796263,283.7021475891016,1.367796948317559,0.25058548126359365,20.08939554183735,173.17187700119143,584.2923981603682,True
20260811_184731__rp0p5__vinf25__inc60__toff59132__Om90__om45,115317.0,0.9997969489141441,0.016529240984744443,23.455261095103417,283.7080181692829,1.0200515173636484,0.3092287599688003,28.012275105781853,222.3059857149455,376.2971678580326,True
20260811_184731__rp0p5__vinf25__inc60__toff59132__Om90__om60,115317.0,0.9997966094564794,0.01652897376411162,23.455265003620507,283.70938843841265,0.9025993540453408,0.29615896640773465,28.985779792549895,239.84235186141723,313.2133884689157,True
20260811_184731__rp0p5__vinf25__inc60__toff59132__Om90__om75,115317.0,0.9997993825528511,0.01653147892271333,23.45530853972118,283.697774820381,0.8577025589924023,0.250457269949215,29.050850776878804,247.82315391360427,290.1368215787658,True
20260811_184731__rp0p5__vinf25__inc60__toff59132__Om90__om90,115317.0,0.9997960701741113,0.016528438600019266,23.455272174897114,283.71155540744803,0.8756354169767357,0.14344953668916346,27.9501086529143,243.3135351153823,299.28349661919503,True
20260811_184731__rp0p5__vinf25__inc90__toff59132__Om0__om0,115317.0,0.9998038926344277,0.016526153497209588,23.455262788321154,283.70058014849076,1.2951189893595068,0.16389722686234312,26.580563102241744,116.37275109481516,538.3469998217759,True
20260811_184731__rp0p5__vinf25__inc90__toff59132__Om0__om105,115317.0,0.9997907798709986,0.016533031189517707,23.45532672162364,283.7118844766932,1.2735393894086815,0.29691609481748826,31.750056472295434,200.78721709597633,524.948093891364,True
20260811_184731__rp0p5__vinf25__inc90__toff59132__Om0__om120,115317.0,0.9997902811961248,0.016532574536236692,23.45529509046297,283.7141323671171,0.9972835429594764,0.24780006146030661,29.064250874208913,241.24928873201128,363.7690693587984,True
20260811_184731__rp0p5__vinf25__inc90__toff59132__Om0__om135,115317.0,0.9998041272405644,0.016526396854855706,23.45527805456799,283.69948398628435,0.8858297837409345,0.2726591667039516,27.149757582871413,260.73706884578314,304.525179388342,True
20260811_184731__rp0p5__vinf25__inc90__toff59132__Om0__om15,115317.0,0.9998038763629957,0.016526172111953372,23.45526228155472,283.7006066677592,1.3688085189366563,0.19066688782420474,27.046372106297444,119.08802053213225,584.9406986522152,True
20260811_184731__rp0p5__vinf25__inc90__toff59132__Om0__om150,115317.0,0.9997900302483052,0.01653234381877813,23.455279021611403,283.7152679397864,0.8412045937833825,0.27920824056090404,25.33666001095756,268.22542481395305,281.8060054160887,True
20260811_184731__rp0p5__vinf25__inc90__toff59132__Om0__om165,115317.0,0.9997907755227207,0.016533038993555328,23.455326721634027,283.71188558318096,0.8207217682583998,0.2708462850073849,23.42559796151161,271.31505115673474,271.5762074462278,True
20260811_184731__rp0p5__vinf25__inc90__toff59132__Om0__om180,115317.0,0.9997968299806204,0.016529138546592072,23.455262617194172,283.70850597947856,0.8115650452743569,0.25955582888597156,21.687064278568542,272.43569736166364,267.04397898207236,True
20260811_184731__rp0p5__vinf25__inc90__toff59132__Om0__om195,115317.0,0.9997968285778938,0.01652912694879273,23.455261941451845,283.70853614708824,0.8085807052994484,0.24652904775382598,20.357748738627805,272.34912091958387,265.5723466205702,True
20260811_184731__rp0p5__vinf25__inc90__toff59132__Om0__om210,115317.0,0.9998003578643148,0.016527650384749088,23.4552626182985,283.7045480284255,0.8113138550230289,0.2300564774213564,19.4746222547571,272.2544220815686,266.9200080436945,True
20260811_184731__rp0p5__vinf25__inc90__toff59132__Om0__om225,115317.0,0.99979770678666,0.016528775765864458,23.455262617483996,283.707517875977,0.8176847243811487,0.21033423624341416,19.00310713867546,272.5262852698308,270.0701695991134,True
20260811_184731__rp0p5__vinf25__inc90__toff59132__Om0__om240,115317.0,0.9997968299806204,0.016529138546592072,23.455262617194172,283.70850597947856,0.8269030694540113,0.18564548134451841,18.87685079028763,274.7454794235317,274.6500588426247,True
20260811_184731__rp0p5__vinf25__inc90__toff59132__Om0__om255,115317.0,0.9997968386772819,0.016529122938529567,23.455262617171016,283.70850376246915,0.8405708894449725,0.15628727508110007,19.057578441088218,277.94820133636887,281.4876261788636,True
20260811_184731__rp0p5__vinf25__inc90__toff59132__Om0__om270,115317.0,0.999797838477936,0.016530056682259955,23.455327061465216,283.70395480750767,0.858258625836565,0.12093566721625498,19.52393725468523,284.50329261004856,290.4190201303603,True
20260811_184731__rp0p5__vinf25__inc90__toff59132__Om0__om285,115317.0,0.9997968155329019,0.016529150360886855,23.455261941486537,283.708539472552,0.8842435059936278,0.08329223975841159,20.294880304639413,295.97864726673686,303.7075643077312,True
20260811_184731__rp0p5__vinf25__inc90__toff59132__Om0__om30,115317.0,0.9997968382915625,0.016529130688438948,23.455262955045043,283.7084889557948,1.3257418698534198,0.17864913385546058,26.45838704151879,111.75108801326435,557.5531182765938,True
20260811_184731__rp0p5__vinf25__inc90__toff59132__Om0__om300,115317.0,0.9997902817571773,0.016532568236391012,23.455294837057867,283.7141434026646,0.9224094437759132,0.09642361169289103,21.372344271145934,10.268157446118465,323.5812895092642,True
20260811_184731__rp0p5__vinf25__inc90__toff59132__Om0__om315,115317.0,0.9998041316591112,0.01652639510101115,23.455278350194966,283.6994698146217,1.021627905514844,0.05809024549981618,23.0180580063422,44.08192287692602,377.169799544028,True
20260811_184731__rp0p5__vinf25__inc90__toff59132__Om0__om330,115317.0,0.9997900301781542,0.016532337769707313,23.455278725973393,283.7152809994095,1.0723091961170026,0.0652589840554295,24.133573543531405,89.26423789269091,405.5812189477373,True
20260811_184731__rp0p5__vinf25__inc90__toff59132__Om0__om345,115317.0,0.9997897685016875,0.016532111319363964,23.455261939254964,283.7164509993077,1.1820442398104654,0.11324615266392707,25.536295588964926,108.86335793000117,469.4057301525805,True
20260811_184731__rp0p5__vinf25__inc90__toff59132__Om0__om45,115317.0,0.9997968437269761,0.016529120933400008,23.455262955030594,283.7084875701541,1.1301701227568521,0.1480073190174,23.047355099179335,71.45731759396307,438.84739374022945,True
20260811_184731__rp0p5__vinf25__inc90__toff59132__Om0__om60,115317.0,0.999796838835104,0.01652912971293507,23.455262955043622,283.70848881723106,0.8745005112438421,0.3275961466806393,6.710402544926635,4.008796889167668,298.7018359159649,True
20260811_184731__rp0p5__vinf25__inc90__toff59132__Om0__om75,115317.0,0.9998038864625264,0.01652616810299009,23.455262957274186,283.7005742752005,-0.7333379508253759,1.791614280208791,34.61429497504618,140.54706661625207,,False
20260811_184731__rp0p5__vinf25__inc90__toff59132__Om0__om90,115317.0,0.9997978211546539,0.016530066598587176,23.4553260478954,283.7040039384428,2.608785493885992,0.6248416114475055,35.69294577936603,168.926609764562,1539.0592759097776,True
20260811_184731__rp0p5__vinf25__inc90__toff59132__Om180__om0,115317.0,0.9997968325054676,0.016529137544027055,23.455262786123953,283.7084978833292,0.9670761329250793,0.21846201319665776,21.072596064422118,244.67929418772275,347.36718414819967,True
20260811_184731__rp0p5__vinf25__inc90__toff59132__Om180__om105,115317.0,0.9997978269057228,0.016530070393057008,23.45532672362244,283.7039726650309,1.0395621966166617,0.12535962949749302,27.95314849838137,195.22409640823878,387.1448688204861,True
20260811_184731__rp0p5__vinf25__inc90__toff59132__Om180__om120,115317.0,0.9997902855443985,0.01653256673219205,23.455295090451973,283.7141312615688,1.0986714384081528,0.13973009956150806,26.355255049840856,168.6117285593623,420.6293202178643,True
20260811_184731__rp0p5__vinf25__inc90__toff59132__Om180__om135,115317.0,0.9998041272405644,0.016526396854855706,23.45527805456799,283.69948398628435,1.1818079999870426,0.1657485643730535,23.957258477023263,150.7133930273042,469.2650161476808,True
20260811_184731__rp0p5__vinf25__inc90__toff59132__Om180__om15,115317.0,0.9997968336275878,0.01652912494366046,23.455262279311416,283.70851995478074,0.9586614592562991,0.22895731032862637,23.19531382638467,249.5419237192425,342.8433201683333,True
20260811_184731__rp0p5__vinf25__inc90__toff59132__Om180__om150,115317.0,0.9997900345965767,0.016532336014729893,23.455279021600102,283.7152668347135,1.2611805017009183,0.20295454748346806,22.281416378572025,137.8773788801922,517.3252330056594,True
20260811_184731__rp0p5__vinf25__inc90__toff59132__Om180__om165,115317.0,0.9997907798709986,0.016533031189517707,23.45532672162364,283.7118844766932,1.3322058707359425,0.23262683295606668,20.822828061739543,123.90430994693493,561.6358286335671,True
20260811_184731__rp0p5__vinf25__inc90__toff59132__Om180__om180,115317.0,0.999803890109545,0.01652615449945014,23.45526261939129,283.70058824663874,1.365644204507679,0.24103280331431112,20.52386166801594,109.42290661303382,582.9135347294247,True
20260811_184731__rp0p5__vinf25__inc90__toff59132__Om180__om195,115317.0,0.9998038713132306,0.016526174116437083,23.455261943694985,283.70062286403265,1.3511816775317314,0.23879818814866052,21.52947812956185,98.41141522392327,573.6782854225966,True
20260811_184731__rp0p5__vinf25__inc90__toff59132__Om180__om210,115317.0,0.9997968332418683,0.016529132693568628,23.45526261718548,283.70850514810036,1.3034108665759634,0.23081519127497757,23.28419798501179,85.49959315986804,543.5253401011192,True
20260811_184731__rp0p5__vinf25__inc90__toff59132__Om180__om225,115317.0,0.9997968386772819,0.016529122938529567,23.455262617171016,283.70850376246915,1.248213637880306,0.21784501223652478,25.517396369740695,78.52432157699117,509.3674341423825,True
20260811_184731__rp0p5__vinf25__inc90__toff59132__Om180__om240,115317.0,0.9997968337854098,0.01652913171806474,23.455262617184026,283.7085050095377,1.2092028961516919,0.2090836918143729,27.475220101393816,78.04441906160326,485.6759053112936,True
20260811_184731__rp0p5__vinf25__inc90__toff59132__Om180__om255,115317.0,0.999803881412761,0.01652617010747109,23.455262619414448,283.700590471482,1.210635590157281,0.21528678999769832,27.825249605708404,86.01032326678958,486.53932247741943,True
20260811_184731__rp0p5__vinf25__inc90__toff59132__Om180__om270,115317.0,0.9997978363037663,0.016530060584268445,23.45532706147041,283.70395536271394,1.2402276940764307,0.2293243249295655,25.492065034723048,96.71343003624463,504.4869397501661,True
20260811_184731__rp0p5__vinf25__inc90__toff59132__Om180__om285,115317.0,0.9997897685016875,0.016532111319363964,23.455261939254964,283.7164509993077,1.2431572261454258,0.2175107669029474,21.599568017716905,106.53707809245262,506.27546181646863,True
20260811_184731__rp0p5__vinf25__inc90__toff59132__Om180__om30,115317.0,0.9998003629140445,0.016527648379943707,23.45526295615819,283.70453183413093,0.9592184349609972,0.22594343384455923,25.133806139287454,251.94362849046865,343.14214797339264,True
20260811_184731__rp0p5__vinf25__inc90__toff59132__Om180__om300,115317.0,0.9997902774089039,0.016532576040435676,23.455294837068863,283.71414450820697,1.1875149724951297,0.1715992344748099,18.51155891529391,123.18753091419582,472.6682505260917,True
20260811_184731__rp0p5__vinf25__inc90__toff59132__Om180__om315,115317.0,0.9998041316591112,0.01652639510101115,23.455278350194966,283.6994698146217,1.1040224034942856,0.1330999877601502,17.251416881483944,162.10021425401087,423.7060059031631,True
20260811_184731__rp0p5__vinf25__inc90__toff59132__Om180__om330,115317.0,0.9997900258298829,0.016532345573755516,23.45527872598466,283.71528210447406,1.0322630062763194,0.15336723061460136,17.62829629728318,207.1932608361273,383.0745814560627,True
20260811_184731__rp0p5__vinf25__inc90__toff59132__Om180__om345,115317.0,0.9997897641534184,0.016532119123415887,23.455261939266553,283.7164521038805,0.9885487526661954,0.1908058221368948,19.082780343088423,232.68725987645774,359.00039716927245,True
20260811_184731__rp0p5__vinf25__inc90__toff59132__Om180__om45,115317.0,0.9997977118363632,0.01652877376081569,23.455262955343606,283.7075016831875,0.9638893676468034,0.21384672431262214,26.72410231223192,251.09644596537152,345.6516027199805,True
20260811_184731__rp0p5__vinf25__inc90__toff59132__Om180__om60,115317.0,0.9997968350303145,0.01652913654146237,23.455262955053755,283.70848978717925,0.970786609494826,0.19427585255180002,27.828206834840643,246.84872105895,349.3682675296967,True
20260811_184731__rp0p5__vinf25__inc90__toff59132__Om180__om75,115317.0,0.9997968437269761,0.016529120933400008,23.455262955030594,283.7084875701541,0.9830121544592136,0.16497332901910416,28.41957488091226,237.7086497683449,355.98862569409255,True
20260811_184731__rp0p5__vinf25__inc90__toff59132__Om180__om90,115317.0,0.9997978233288235,0.01653006269657862,23.455326047890207,283.70400338324913,1.0050839656055837,0.1356666099343668,28.49463251623329,220.46152423386337,368.04532643874364,True
20260811_184731__rp0p5__vinf25__inc90__toff59132__Om270__om0,115317.0,0.999796640683471,0.016528195272018698,23.455272079436597,283.7109347401256,0.9116438112079687,0.1447161170262645,27.054303094568017,319.8510283609619,317.9329739434484,True
20260811_184731__rp0p5__vinf25__inc90__toff59132__Om270__om105,115317.0,0.9997999127463264,0.016531263792964615,23.455308641822423,283.69725959894424,1.2141425076503631,0.20351880553616766,27.879052620843378,217.99112982399342,488.6549322398889,True
20260811_184731__rp0p5__vinf25__inc90__toff59132__Om270__om120,115317.0,0.9997994300557552,0.01653079456806873,23.45527686441149,283.6994680934049,1.3013036019252195,0.2578453563499221,26.53840459980908,211.78748293110056,542.207771663034,True
20260811_184731__rp0p5__vinf25__inc90__toff59132__Om270__om135,115317.0,0.9997945248886411,0.016526320177383282,23.455315747054374,283.7192556773569,1.3765614613016401,0.30964669001824846,24.385433886946004,206.4698770887997,589.9173922477407,True
20260811_184731__rp0p5__vinf25__inc90__toff59132__Om270__om15,115317.0,0.9997966098329418,0.01652820752246678,23.455271865831293,283.71103519924293,0.9259546989136386,0.13938168119787256,27.461438620967783,317.70195238618044,325.448594455079,True
20260811_184731__rp0p5__vinf25__inc90__toff59132__Om270__om150,115317.0,0.9997991791068419,0.016530563775233292,23.4552607957357,283.70060356488864,1.4035317115093944,0.3477022987494407,21.48552044481761,199.29069774802358,607.338950589039,True
20260811_184731__rp0p5__vinf25__inc90__toff59132__Om270__om165,115317.0,0.9998000174889868,0.016531222225408405,23.455307322496548,283.69691686348534,1.3571486883953139,0.3586099924515079,18.657681311046673,190.1968448227656,577.4826454670264,True
20260811_184731__rp0p5__vinf25__inc90__toff59132__Om270__om180,115317.0,0.9997965566926625,0.0165282286233461,23.455272936650953,283.71120943025846,1.2443844779286204,0.3428425487563477,17.307240486357397,178.76518430421424,507.0253437736728,True
20260811_184731__rp0p5__vinf25__inc90__toff59132__Om270__om195,115317.0,0.9997988897344882,0.016530348239718183,23.455244006749652,283.70186380386554,1.1253498947960068,0.3034773849250674,18.32561222812865,166.74295268549696,436.0428327468977,True
20260811_184731__rp0p5__vinf25__inc90__toff59132__Om270__om210,115317.0,0.9997977631734561,0.016529272510042187,23.45525836974274,283.70640587084637,1.056097919471743,0.2552930455311094,21.355187172196963,153.02124525497248,396.41864336995746,True
20260811_184731__rp0p5__vinf25__inc90__toff59132__Om270__om225,115317.0,0.9997975342901102,0.016528982649006582,23.45526109526224,283.7073686779932,1.0856240365890018,0.21730816863098232,24.379536909945028,125.99853077741157,413.15876059070314,True
20260811_184731__rp0p5__vinf25__inc90__toff59132__Om270__om240,115317.0,0.9997971846628311,0.0165287407328507,23.455265341678462,283.7087266449255,1.1725118564462058,0.22037049534691047,24.738942449562916,87.48452890995078,463.73903596391546,True
20260811_184731__rp0p5__vinf25__inc90__toff59132__Om270__om255,115317.0,0.999798946386113,0.016530325752898842,23.45524409610155,283.7016790895391,1.0778010442796342,0.14977189808536703,23.878332219732084,58.6130304914386,408.7009906807985,True
20260811_184731__rp0p5__vinf25__inc90__toff59132__Om270__om270,115317.0,0.9997976503006771,0.016529115950945777,23.45533628169106,283.7063728026277,0.9563723537336496,0.07878078733764361,24.20192262031925,9.815545985477804,341.61608423711164,True
20260811_184731__rp0p5__vinf25__inc90__toff59132__Om270__om285,115317.0,0.9997989246486332,0.01653033438143516,23.455243566974072,283.70174955608394,0.9052424968781538,0.08907391028261732,24.98713088918103,328.0537449322866,314.5902011693111,True
20260811_184731__rp0p5__vinf25__inc90__toff59132__Om270__om30,115317.0,0.9997965995658348,0.016528211598934917,23.45527279808646,283.71106946185256,0.9444469463712162,0.12436241520184564,27.91586668448516,312.35236931212006,335.2464135633125,True
20260811_184731__rp0p5__vinf25__inc90__toff59132__Om270__om300,115317.0,0.9997994146304046,0.016530800690390802,23.455276757609028,283.69951831934515,0.890612504991811,0.11224011334624816,25.63904904519908,317.22604118674417,306.9947675908695,True
20260811_184731__rp0p5__vinf25__inc90__toff59132__Om270__om315,115317.0,0.9997945293071031,0.016526318422102122,23.455316042681176,283.71924150779546,0.8882771519362737,0.1298034840595146,26.072057289781405,316.8582608047577,305.788062704595,True
20260811_184731__rp0p5__vinf25__inc90__toff59132__Om270__om330,115317.0,0.9997991630502839,0.01653057014837672,23.455260646700584,283.7006558151238,0.8939046110635359,0.14231020065592978,26.399837563676865,318.4401537170208,308.69852661309613,True
20260811_184731__rp0p5__vinf25__inc90__toff59132__Om270__om345,115317.0,0.9997989013725362,0.016530343620283265,23.45524386015779,283.7018257212932,0.9032213511775803,0.14724728537844112,26.707058142339985,319.96230610094875,313.5372055441995,True
20260811_184731__rp0p5__vinf25__inc90__toff59132__Om270__om45,115317.0,0.9997975029710098,0.016528995083104393,23.45526189122172,283.70747149815867,0.97057485336852,0.10634800388107292,28.35251514225103,300.4305109799066,349.25396305364,True
20260811_184731__rp0p5__vinf25__inc90__toff59132__Om270__om60,115317.0,0.9997971795292715,0.01652874277088279,23.45526580780608,283.7087437759912,1.0081788924587047,0.09543014224113842,28.67984070269107,277.48362316678663,369.746601903222,True
20260811_184731__rp0p5__vinf25__inc90__toff59132__Om270__om75,115317.0,0.9997966723033084,0.016528182716352542,23.455271881886357,283.710831431353,1.0618855266075264,0.10684375246032718,28.800866726512353,248.5378548200606,399.6817723524118,True
20260811_184731__rp0p5__vinf25__inc90__toff59132__Om270__om90,115317.0,0.9997975478664372,0.01652915661937276,23.455336367555503,283.7067070089223,1.1300819952815335,0.14883481384478683,28.577228420622195,228.32331062832796,438.7960646197639,True
20260811_184731__rp0p5__vinf25__inc90__toff59132__Om90__om0,115317.0,0.9997965592175082,0.016528227620667545,23.455273105580762,283.71120133381964,1.3741902248158184,0.307396176016721,23.44953686283835,181.19558989424362,588.3937794888724,True
20260811_184731__rp0p5__vinf25__inc90__toff59132__Om90__om105,115317.0,0.9997999360224705,0.01653125455567937,23.45530834863889,283.69718343565955,1.1628473411309244,0.2178282988943397,26.990545873732035,140.4307182292535,458.01726243256866,True
20260811_184731__rp0p5__vinf25__inc90__toff59132__Om90__om120,115317.0,0.9997994184176946,0.01653079918709865,23.4552770110033,283.699506175539,1.0895582461156053,0.15711319315282474,25.21328850175858,96.58675898188937,415.40667259562156,True
20260811_184731__rp0p5__vinf25__inc90__toff59132__Om90__om135,115317.0,0.9997945248886411,0.016526320177383282,23.455315747054374,283.7192556773569,0.9657546213450516,0.07856469308986236,24.144500683386465,42.86032746323539,346.6554104596044,True
20260811_184731__rp0p5__vinf25__inc90__toff59132__Om90__om15,115317.0,0.9997988947842029,0.016530346235143406,23.455244344609323,283.7018476119505,1.4081447063514607,0.34659117030905007,25.64582500644752,182.85843339649935,610.3356255638682,True
20260811_184731__rp0p5__vinf25__inc90__toff59132__Om90__om150,115317.0,0.999799167468787,0.016530568394457403,23.455260942327524,283.7006416472667,0.9096142372148344,0.08599511812388051,22.997686671364452,351.93676320962544,316.87185355219225,True
20260811_184731__rp0p5__vinf25__inc90__toff59132__Om90__om165,115317.0,0.9997999127463264,0.016531263792964615,23.455308641822423,283.69725959894424,0.8894878275587293,0.1095757042213713,21.969077579140418,335.9095201525336,306.41343554235704,True
20260811_184731__rp0p5__vinf25__inc90__toff59132__Om90__om180,115317.0,0.999796638158625,0.016528196274686272,23.45527191050683,283.7109428365966,0.88652374512106,0.1290484531334643,21.209622530773498,330.1951497508573,304.88309820262646,True
20260811_184731__rp0p5__vinf25__inc90__toff59132__Om90__om195,115317.0,0.9997966047832503,0.016528209527810558,23.455271527971703,283.71105139215916,0.8914099273216776,0.1413878466841374,20.67272354066893,327.2563766461724,307.4071679398867,True
20260811_184731__rp0p5__vinf25__inc90__toff59132__Om90__om210,115317.0,0.9997965945161428,0.016528213604281493,23.455272460226887,283.71108565476106,0.8980006909519325,0.1490459123236677,20.247701737615472,324.95316314272196,310.82274861428255,True
20260811_184731__rp0p5__vinf25__inc90__toff59132__Om90__om225,115317.0,0.9997974979213089,0.01652899708814999,23.45526155336211,283.70748769072867,0.9087131290376028,0.1494350809851252,19.842984295949883,322.0900066949142,316.40110714356985,True
20260811_184731__rp0p5__vinf25__inc90__toff59132__Om90__om240,115317.0,0.999797174479574,0.016528744776034797,23.455265469946458,283.70875996865675,0.9207653377596267,0.14258659186434874,19.40869765507503,317.1701428100527,322.71654638884553,True
20260811_184731__rp0p5__vinf25__inc90__toff59132__Om90__om255,115317.0,0.9997966672536157,0.016528184721679363,23.455271544026818,283.7108476243191,0.9395706426906636,0.12849777386345976,18.95998990483303,309.35115185437843,332.6533858932543,True
20260811_184731__rp0p5__vinf25__inc90__toff59132__Om90__om270,115317.0,0.9997975630155413,0.016529150604372708,23.455337381130555,283.70665843145656,0.9664722518065783,0.11006096766012503,18.579645965964747,294.819544696448,347.0418699466888,True
20260811_184731__rp0p5__vinf25__inc90__toff59132__Om90__om285,115317.0,0.9997989013725362,0.016530343620283265,23.45524386015779,283.7018257212932,1.0028652685923158,0.09695245509837123,18.39200980564991,268.7433895504516,366.82732334186477,True
20260811_184731__rp0p5__vinf25__inc90__toff59132__Om90__om30,115317.0,0.9997977682231599,0.01652927050508717,23.455258707602344,283.7063896784176,1.3611578158851412,0.35912551277619525,27.971520612183607,187.90474514841546,580.043430314471,True
20260811_184731__rp0p5__vinf25__inc90__toff59132__Om90__om300,115317.0,0.9997994262684647,0.016530796071358468,23.455276611017215,283.69948023721804,1.055291379754666,0.10526234028997329,18.5395139699197,233.26003274175073,395.9646139806985,True
20260811_184731__rp0p5__vinf25__inc90__toff59132__Om90__om315,115317.0,0.9997945293071031,0.016526318422102122,23.455316042681176,283.71924150779546,1.1222527037533943,0.1435271346748797,19.101397918403254,206.8779198677628,434.24395448144116,True
20260811_184731__rp0p5__vinf25__inc90__toff59132__Om90__om330,115317.0,0.9997991746883386,0.016530565529149846,23.455260500108757,283.7006177327538,1.2062256383858336,0.19868192531723314,20.159256731533656,191.7116528660355,483.88328811968483,True
20260811_184731__rp0p5__vinf25__inc90__toff59132__Om90__om345,115317.0,0.9997990061149848,0.01653030204569442,23.455242540831133,283.70148297717463,1.294963645379973,0.25508973250811234,21.616654083640533,183.76227383724174,538.2501440986048,True
20260811_184731__rp0p5__vinf25__inc90__toff59132__Om90__om45,115317.0,0.9997975393398114,0.01652898064397083,23.455261433121855,283.70735248539404,1.2507652042968715,0.34372704613974214,29.909256582257363,195.5312192261538,510.9300858816816,True
20260811_184731__rp0p5__vinf25__inc90__toff59132__Om90__om60,115317.0,0.9997971897125287,0.01652873872770151,23.455265679538055,283.70871045225186,1.1300837643782395,0.3061868176845864,30.91787279416116,203.35689912100847,438.7970949958511,True
20260811_184731__rp0p5__vinf25__inc90__toff59132__Om90__om75,115317.0,0.9997989514358285,0.016530323748339338,23.455244433961223,283.7016628975789,1.0561359322349806,0.25938110605967957,30.856788520179258,205.49063127135892,396.4400463620731,True
20260811_184731__rp0p5__vinf25__inc90__toff59132__Om90__om90,115317.0,0.9997976351515704,0.016529121965874805,23.455335268116066,283.70642138030115,1.0740459972302268,0.21762433636729117,29.52567234834371,187.10707724899333,406.56698742291866,True
20260811_184731__rp0p5__vinf25__incm30__toff59132__Om0__om0,115317.0,0.9998036296726478,0.016525916992487236,23.455304145631402,283.70137435824523,1.2737106488081542,0.14711394065884845,20.903123850114195,132.48253395487004,525.05398616105,True
20260811_184731__rp0p5__vinf25__incm30__toff59132__Om0__om105,115317.0,0.9997895014783895,0.01653187651260481,23.455303950243305,283.71725884626255,1.20109065617412,0.29745401486848594,20.821881056423425,166.35661449938624,480.7966942416407,True
20260811_184731__rp0p5__vinf25__incm30__toff59132__Om0__om120,115317.0,0.9997891910408392,0.016531675518497907,23.455288124270655,283.71857564019274,0.9330344802255032,0.2936450089619714,22.752250740464632,208.41974878125916,329.18825397180564,True
20260811_184731__rp0p5__vinf25__incm30__toff59132__Om0__om135,115317.0,0.9998042635829085,0.016526565886924464,23.455281880214528,283.69888082491514,0.8167247772349311,0.3426169393002211,22.715677238721298,234.10728081613868,269.5947229330305,True
20260811_184731__rp0p5__vinf25__incm30__toff59132__Om0__om15,115317.0,0.9998041061922026,0.01652640080219968,23.455336092225156,283.69915934772786,1.3871926095415241,0.19218439712046317,19.98488797089094,132.95057591502805,596.7644447096116,True
20260811_184731__rp0p5__vinf25__incm30__toff59132__Om0__om150,115317.0,0.9997898117345877,0.016532190423260727,23.45528062084929,283.71611693974955,0.776682699932911,0.3388172512006938,22.63873927967039,251.82940294803873,250.01337214303447,True
20260811_184731__rp0p5__vinf25__incm30__toff59132__Om0__om165,115317.0,0.9997906527746344,0.01653294823784402,23.455289220477543,283.7126226964166,0.769644861602606,0.30535898305451453,23.804625237193576,263.48869626107296,246.62287243480625,True
20260811_184731__rp0p5__vinf25__incm30__toff59132__Om0__om180,115317.0,0.9997988906725352,0.01653102550686594,23.45527626670332,283.6999867276413,0.770469161981576,0.2760662779363953,25.28508357552575,270.5703317442128,247.01918330415282,True
20260811_184731__rp0p5__vinf25__incm30__toff59132__Om0__om195,115317.0,0.999797087501475,0.016529344050234367,23.45533538591125,283.70699367438465,0.7733407307277654,0.2563520451035165,26.419068213952926,275.4984282657927,248.40144450117464,True
20260811_184731__rp0p5__vinf25__incm30__toff59132__Om0__om210,115317.0,0.9997995563370523,0.016526966941343063,23.45527169781612,283.7077332720735,0.7812218514124304,0.23792722528513527,27.11526181512569,279.4608740359424,252.2082936662131,True
20260811_184731__rp0p5__vinf25__incm30__toff59132__Om0__om225,115317.0,0.9997992600404693,0.016530203382238123,23.45524329624575,283.7012869187177,0.7926383495586802,0.21733596602635527,27.456020541416624,285.6236635001301,257.7569660945142,True
20260811_184731__rp0p5__vinf25__incm30__toff59132__Om0__om240,115317.0,0.99979370862117,0.016526330783323537,23.4552996580645,283.7209952962665,0.8066274238343502,0.1944417870734625,27.5463669090699,292.24785388711155,264.6106167613284,True
20260811_184731__rp0p5__vinf25__incm30__toff59132__Om0__om255,115317.0,0.9997970318362951,0.01652936615054086,23.455336287799984,283.70717599408823,0.8234743773860981,0.16914159102697043,27.415716909459828,299.460388541785,272.94360676572364,True
20260811_184731__rp0p5__vinf25__incm30__toff59132__Om0__om270,115317.0,0.9997960665292822,0.016528437008662862,23.455272248187388,283.7115738959919,0.8424893613722665,0.13855783365677307,27.078979064568024,310.2011173367578,282.451853223335,True
20260811_184731__rp0p5__vinf25__incm30__toff59132__Om0__om285,115317.0,0.9997960610522895,0.01652844830023739,23.455270930272945,283.7115710563692,0.8666735832944679,0.10964185264172054,26.479199994995593,323.4967364569055,294.70067405563736,True
20260811_184731__rp0p5__vinf25__incm30__toff59132__Om0__om30,115317.0,0.9997946807652747,0.016527261577239178,23.455364374080727,283.7165647838411,1.376931607191238,0.18928311740314083,20.07658885604387,120.84701956780492,590.1553440376717,True
20260811_184731__rp0p5__vinf25__incm30__toff59132__Om0__om300,115317.0,0.9997892292867224,0.016531654249878805,23.455287847828927,283.71846376078935,0.9075213457824803,0.10437877398041838,25.141614674998905,338.8517279494657,315.7788680681993,True
20260811_184731__rp0p5__vinf25__incm30__toff59132__Om0__om315,115317.0,0.9998039525620759,0.016526308590501325,23.45528466177372,283.7001116925857,0.9366238779822332,0.10382630819994187,26.37925694374115,107.91113128178972,331.08966802589117,True
20260811_184731__rp0p5__vinf25__incm30__toff59132__Om0__om330,115317.0,0.9997898630730873,0.01653216395610449,23.45528017949171,283.71596222709286,1.0312970280835279,0.05150996461388628,23.847249995743518,86.20320212969962,382.53699301285303,True
20260811_184731__rp0p5__vinf25__incm30__toff59132__Om0__om345,115317.0,0.9997901827850195,0.016532468043759376,23.45525753873456,283.7148031857433,1.1409809931119654,0.09391517118240114,22.313703921550783,123.51871453267688,445.1592531492536,True
20260811_184731__rp0p5__vinf25__incm30__toff59132__Om0__om45,115317.0,0.9997983802924361,0.016530555143339516,23.455243442515105,283.7023109328092,1.126329655596767,0.13931332086913434,22.68028107049488,61.786018941145194,436.6124031316534,True
20260811_184731__rp0p5__vinf25__incm30__toff59132__Om0__om60,115317.0,0.9997994141137546,0.016531473235761405,23.455307277649435,283.6976561314769,0.6207348217259617,0.6812315057483368,50.741991780818566,2.118382489954106,178.63105112641668,True
20260811_184731__rp0p5__vinf25__incm30__toff59132__Om0__om75,115317.0,0.9998041535142019,0.016526382020839506,23.455335094702782,283.699004128364,-1.9138861275694212,1.3266791696434257,22.59389420694566,54.23911862513172,,False
20260811_184731__rp0p5__vinf25__incm30__toff59132__Om0__om90,115317.0,0.9997965741012015,0.0165288992722033,23.4553039858209,283.70927702143086,2.032165384344943,0.5256788243630318,16.53093265086161,131.57864446020068,1058.1235112645754,True
20260811_184731__rp0p5__vinf25__incm30__toff59132__Om180__om0,115317.0,0.9997988894101063,0.01653102600797299,23.455276182238556,283.6999907755043,0.8715523875635157,0.1500394948907123,24.10276353988998,313.60074444303064,297.19263035176084,True
20260811_184731__rp0p5__vinf25__incm30__toff59132__Om180__om105,115317.0,0.9997965717846017,0.016528906269673575,23.45530365914151,283.70927123194156,0.837328114478591,0.163731288145534,23.032805354373764,321.2912656603498,279.8603033993716,True
20260811_184731__rp0p5__vinf25__incm30__toff59132__Om180__om120,115317.0,0.9997892273931158,0.01653165500211209,23.455287721131775,283.7184698314805,0.8817734913683577,0.17059143436066077,23.0638418830484,332.2292033210555,302.4359043962214,True
20260811_184731__rp0p5__vinf25__incm30__toff59132__Om180__om135,115317.0,0.9998039648708803,0.01652630370466305,23.45528548530589,283.70007221435225,0.904632190746069,0.11387189334840907,22.943510470365805,61.480519064765836,314.27211408432396,True
20260811_184731__rp0p5__vinf25__incm30__toff59132__Om180__om15,115317.0,0.9997970925511717,0.016529342045209876,23.45533572376954,283.7069774821273,0.7551261955481285,0.2199885368220718,23.022798475372692,281.1564447353134,239.67740552023443,True
20260811_184731__rp0p5__vinf25__incm30__toff59132__Om180__om150,115317.0,0.9997898611794783,0.016532164708259352,23.45528005279455,283.71596829770886,0.9746148450628266,0.06054329572722524,23.38914106394073,25.029588049665442,351.4368710222574,True
20260811_184731__rp0p5__vinf25__incm30__toff59132__Om180__om165,115317.0,0.9997906745796968,0.016532933501502155,23.455289000578748,283.7125644801127,1.0803302263414678,0.06319835015503936,23.552630461257035,101.36007851916959,410.14042896225845,True
20260811_184731__rp0p5__vinf25__incm30__toff59132__Om180__om180,115317.0,0.9998036309350887,0.01652591649134779,23.455304230096182,283.70137030913907,1.2477247124242665,0.13875396513601515,23.758705733423753,136.37011618429085,509.06818450870844,True
20260811_184731__rp0p5__vinf25__incm30__toff59132__Om180__om195,115317.0,0.9998041011424353,0.01652640280658353,23.455335754366683,283.6991755439288,1.4581028424731366,0.22615277154594546,23.939464877793338,145.2600421226326,643.102244387308,True
20260811_184731__rp0p5__vinf25__incm30__toff59132__Om180__om210,115317.0,0.9997936769686168,0.01652633879980743,23.455300097832858,283.72110872805206,1.556331692904777,0.2602407921155866,24.049997503495263,143.1898075898775,709.1711057611577,True
20260811_184731__rp0p5__vinf25__incm30__toff59132__Om180__om225,115317.0,0.9997983802924361,0.016530555143339516,23.455243442515105,283.7023109328092,1.1745531554410324,0.14286933121923773,23.807249406238174,89.21421911907943,464.9505912012112,True
20260811_184731__rp0p5__vinf25__incm30__toff59132__Om180__om240,115317.0,0.9997984103146595,0.016530550064313546,23.455243002753022,283.7021979372834,-0.9914815926298423,1.4165036114284895,50.626711566185584,81.45245277135437,,False
20260811_184731__rp0p5__vinf25__incm30__toff59132__Om180__om255,115317.0,0.9998041560390859,0.016526381018654515,23.455335263632023,283.69899603024265,-6.707674918259992,1.1182467216950147,26.01708725552104,149.17412298250864,,False
20260811_184731__rp0p5__vinf25__incm30__toff59132__Om180__om270,115317.0,0.9997960759931029,0.016528436289356515,23.4552721016011,283.71153636537304,2.099349998847841,0.5842487901752433,24.66893491791599,172.65160349422123,1111.0281536210784,True
20260811_184731__rp0p5__vinf25__incm30__toff59132__Om180__om285,115317.0,0.9997889907479269,0.016531418625614684,23.45527122125857,283.71955852510814,1.1328571170261796,0.36307734716173967,24.0576646270682,208.62867132864753,440.4133717422368,True
20260811_184731__rp0p5__vinf25__incm30__toff59132__Om180__om30,115317.0,0.9998005601366091,0.016527889995585715,23.455335973271886,283.703190256354,0.7436537486400709,0.23258691554737237,22.876050680971368,278.73790016413204,234.23616423790912,True
20260811_184731__rp0p5__vinf25__incm30__toff59132__Om180__om300,115317.0,0.9997891929344457,0.016531674766261405,23.45528825096784,283.7185695695148,0.8129323457021719,0.4282584683422562,23.58373862321286,242.68712289267341,267.719124668951,True
20260811_184731__rp0p5__vinf25__incm30__toff59132__Om180__om315,115317.0,0.9998042512740966,0.016526570772519657,23.455281056682338,283.69892030286735,0.6558582566096844,0.6150776452635438,24.069761428493536,246.75087149145844,194.00493424337722,True
20260811_184731__rp0p5__vinf25__incm30__toff59132__Om180__om330,115317.0,0.9997898136281962,0.016532189671101243,23.455280747546468,283.7161108691495,0.5793852810924502,0.819704035213259,48.570277612659304,209.72768078413975,161.08272854535147,True
20260811_184731__rp0p5__vinf25__incm30__toff59132__Om180__om345,115317.0,0.9997901609799785,0.01653248278068119,23.455257758634062,283.7148614018697,3.100215798742407,0.7122986024512485,35.590953011990685,29.978134543358895,1993.8187601188024,True
20260811_184731__rp0p5__vinf25__incm30__toff59132__Om180__om45,115317.0,0.9997992600404693,0.016530203382238123,23.45524329624575,283.7012869187177,0.7559316557699775,0.22571760702519184,22.83622002294055,282.5782659286156,240.0609879357638,True
20260811_184731__rp0p5__vinf25__incm30__toff59132__Om180__om60,115317.0,0.9997947124178916,0.01652725356307556,23.455363934311737,283.7164513564067,0.7744666254220851,0.20596748043523647,22.846750999382607,289.95082005849935,248.94410757159133,True
20260811_184731__rp0p5__vinf25__incm30__toff59132__Om180__om75,115317.0,0.9997970293114471,0.016529367153061195,23.455336118870843,283.7071840901938,0.7959524740336614,0.1900913541345076,22.88807699722179,300.49735738214156,259.37522801057435,True
20260811_184731__rp0p5__vinf25__incm30__toff59132__Om180__om90,115317.0,0.9997965646373713,0.016528899991127204,23.45530413240745,283.70931455108246,0.8175466082299665,0.17435999918790734,22.947412388325098,312.1742541914906,270.00174565267815,True
20260811_184731__rp0p5__vinf25__incm30__toff59132__Om270__om0,115317.0,0.9997965658997942,0.016528899489825024,23.455304216872168,283.7093105029761,0.8228780318714585,0.15887643216385133,23.146365677312716,316.10560300972406,272.6471690841038,True
20260811_184731__rp0p5__vinf25__incm30__toff59132__Om270__om105,115317.0,0.999798829815004,0.016531052700552943,23.455276504048353,283.70017888940725,1.2648832343302243,0.1274690991968425,19.025266621278025,140.57684187275652,519.6051472817825,True
20260811_184731__rp0p5__vinf25__incm30__toff59132__Om270__om120,115317.0,0.9997985826491153,0.01653082344909271,23.455259908689868,283.7012950448462,1.3828967482359797,0.18037086227055696,19.022113925253496,142.78258298198043,593.9944996897062,True
20260811_184731__rp0p5__vinf25__incm30__toff59132__Om270__om135,115317.0,0.999794461811412,0.016526428740237256,23.455320334394454,283.7190965519554,1.38270154407078,0.17941962272711337,18.834039277368326,141.29472327085128,593.8687353019486,True
20260811_184731__rp0p5__vinf25__incm30__toff59132__Om270__om15,115317.0,0.9997970351283166,0.01652938003751494,23.45533631016272,283.7071325871251,0.8481570360826128,0.13884657145545937,22.50337934405581,320.54676712361425,285.3068469374221,True
20260811_184731__rp0p5__vinf25__incm30__toff59132__Om270__om150,115317.0,0.9997985804749423,0.016530827351095827,23.45525990869567,283.7012956007714,1.2587144404164345,0.1218645797901181,16.43004809183014,150.45902554724978,515.808639762401,True
20260811_184731__rp0p5__vinf25__incm30__toff59132__Om270__om165,115317.0,0.9997989244580076,0.01653101513723359,23.45527450900405,283.69986853943203,1.5062957539305448,0.31484940023562563,13.928266104248513,156.39537231357045,675.2477848624425,True
20260811_184731__rp0p5__vinf25__incm30__toff59132__Om270__om180,115317.0,0.9997964856962667,0.016528931335303115,23.45530532748071,283.7095730399161,1.7138450151174507,0.44268344235015833,18.115862470468038,163.16749910395146,819.5116066545985,True
20260811_184731__rp0p5__vinf25__incm30__toff59132__Om270__om195,115317.0,0.9997993237270003,0.016531505308292754,23.455308450376783,283.6979600831642,1.32830971841564,0.3653539291693988,21.901397804499517,183.9984908296869,559.1738014479818,True
20260811_184731__rp0p5__vinf25__incm30__toff59132__Om270__om210,115317.0,0.9998042412234068,0.01652653035016909,23.455257864978535,283.6991590702381,1.0147332935671445,0.32964318895394407,23.95969711275644,216.09178080376736,373.3581665425002,True
20260811_184731__rp0p5__vinf25__incm30__toff59132__Om270__om225,115317.0,0.9997898964818919,0.01653220102899194,23.455260586072004,283.71595347661406,0.8386216918844673,0.3627249979933754,24.784673337472764,244.23565889079282,280.5090826713501,True
20260811_184731__rp0p5__vinf25__incm30__toff59132__Om270__om240,115317.0,0.9998036627109724,0.016525998488009567,23.455264836891534,283.701479996976,0.758953516301423,0.3711237425099941,25.14434025687357,263.3796295531969,241.50190257374257,True
20260811_184731__rp0p5__vinf25__incm30__toff59132__Om270__om255,115317.0,0.9997993706299183,0.016531489733090512,23.455308032944316,283.69780022059354,0.7604886158070016,0.2877922774159562,25.4821980131634,274.266905014627,242.2349847277268,True
20260811_184731__rp0p5__vinf25__incm30__toff59132__Om270__om270,115317.0,0.9997960701741113,0.016528438600019266,23.455272174897114,283.71155540744803,0.7862365557466036,0.19356611985717515,25.423379057622643,281.67958143495105,254.64059406694042,True
20260811_184731__rp0p5__vinf25__incm30__toff59132__Om270__om285,115317.0,0.9997983510549097,0.016530569787868602,23.45524348231005,283.7023997960846,0.7752167231894521,0.18994200549849136,25.495095784654872,286.09200591233014,249.305861622831,True
20260811_184731__rp0p5__vinf25__incm30__toff59132__Om270__om30,115317.0,0.9998040633183858,0.016526417818600973,23.45533623079064,283.69929934378894,0.8725202214356054,0.1300459531234129,21.94199004085852,336.64136738500326,297.6878035661193,True
20260811_184731__rp0p5__vinf25__incm30__toff59132__Om270__om300,115317.0,0.9997985848626677,0.016530805855729358,23.45526018194696,283.70132399705943,0.7633177339445508,0.20037745265870074,25.3266615193072,286.78298915331084,243.5879603190495,True
20260811_184731__rp0p5__vinf25__incm30__toff59132__Om270__om315,115317.0,0.9997948869541434,0.01652625391915012,23.455319510996677,283.7186422569156,0.7675775345284698,0.19676052252744874,24.882812164397947,290.41420477652883,245.62986714338945,True
20260811_184731__rp0p5__vinf25__incm30__toff59132__Om270__om330,115317.0,0.9998003515219611,0.016530056957795462,23.455260182494275,283.6993442976162,0.7831628071881915,0.1856758888829944,24.33452767648514,296.7750845749903,253.14879937946947,True
20260811_184731__rp0p5__vinf25__incm30__toff59132__Om270__om345,115317.0,0.9997983344416587,0.016530579420874686,23.45524436675411,283.7024481801978,0.801862485657186,0.17149369582158763,23.75245230035575,305.79339307722984,262.2694069609018,True
20260811_184731__rp0p5__vinf25__incm30__toff59132__Om270__om45,115317.0,0.9997898557653763,0.016532223277253497,23.455261044183214,283.71607356302377,0.9058376542086333,0.11567964451418025,21.36646531430931,348.63914579947743,314.90049609402416,True
20260811_184731__rp0p5__vinf25__incm30__toff59132__Om270__om60,115317.0,0.9998046432839112,0.016526949123940145,23.45532924036427,283.69697377367135,0.9554674039277455,0.0810616869336873,20.645666620355616,4.055085589466613,341.13132702055316,True
20260811_184731__rp0p5__vinf25__incm30__toff59132__Om270__om75,115317.0,0.9998041404053397,0.016526381145397766,23.455335314580548,283.69906015403404,1.0273939872820936,0.04483238048016302,19.905226111154615,43.66548552690123,380.36742803111486,True
20260811_184731__rp0p5__vinf25__incm30__toff59132__Om270__om90,115317.0,0.9997964853455847,0.016528928435900262,23.45530515854583,283.70958058216127,1.1304379038198593,0.06305179549745547,19.29209804967604,117.09095920572405,439.003372888745,True
20260811_184731__rp0p5__vinf25__incm30__toff59132__Om90__om0,115317.0,0.9997964844338438,0.016528931836610684,23.455305243015964,283.70957708800665,1.5219278482692409,0.43335259079234223,20.701009693661945,164.86173248602128,685.78642819813,True
20260811_184731__rp0p5__vinf25__incm30__toff59132__Om90__om105,115317.0,0.9997988617877945,0.01653102785424124,23.45527621084205,283.70010050197004,0.763983753828094,0.22041115029179584,24.65861535608907,281.584908670517,243.90683763839704,True
20260811_184731__rp0p5__vinf25__incm30__toff59132__Om90__om120,115317.0,0.9997985829690256,0.016530806607429917,23.4552600552497,283.70133006887625,0.7638184038510862,0.22150816735296494,25.322282372950202,282.56386119541276,243.82765832166356,True
20260811_184731__rp0p5__vinf25__incm30__toff59132__Om90__om135,115317.0,0.9997948992627249,0.016526249029561322,23.455320334528253,283.7186027842117,0.7800658792077287,0.21197013191278016,25.727139356236428,289.26875100317193,251.64871273495615,True
20260811_184731__rp0p5__vinf25__incm30__toff59132__Om90__om15,115317.0,0.9997993287767196,0.016531503304024402,23.455308788235214,283.69794389194925,1.0159066845895635,0.30945304328252193,22.11184510761271,193.27610447666348,374.00595510047253,True
20260811_184731__rp0p5__vinf25__incm30__toff59132__Om90__om150,115317.0,0.9998003496283127,0.016530057709435195,23.455260055796998,283.69935036980905,0.7977133536188271,0.19801116923895054,26.029158347191775,296.5966434217174,260.23642463351837,True
20260811_184731__rp0p5__vinf25__incm30__toff59132__Om90__om165,115317.0,0.999798826238098,0.016531045003439337,23.455275828313273,283.70020960374876,0.8187033324026406,0.1830832414466967,26.28200823143106,305.68041944964165,270.57497534206493,True
20260811_184731__rp0p5__vinf25__incm30__toff59132__Om90__om180,115317.0,0.9997965671622172,0.016528898988522965,23.45530430133692,283.7093064548695,0.8379470369907265,0.16598809667795456,26.50188960717358,314.69837917974996,280.170654580224,True
20260811_184731__rp0p5__vinf25__incm30__toff59132__Om90__om195,115317.0,0.9997970300786208,0.016529382042552308,23.455335972304393,283.70714877932664,0.8612201263822891,0.14396215229793766,26.680486892940824,324.2408614600564,291.9234925193069,True
20260811_184731__rp0p5__vinf25__incm30__toff59132__Om90__om210,115317.0,0.9998030595171692,0.016525494685169312,23.455271955451515,283.7038425006315,0.890657767507052,0.11186341404606219,26.853136972059016,334.79529023583376,307.0181709202877,True
20260811_184731__rp0p5__vinf25__incm30__toff59132__Om90__om225,115317.0,0.9997898557653763,0.016532223277253497,23.455261044183214,283.71607356302377,0.9363534461317767,0.06810249440277315,27.016309512104268,351.0011126954875,330.9462848648015,True
20260811_184731__rp0p5__vinf25__incm30__toff59132__Om90__om240,115317.0,0.9998036394824134,0.01652602594203801,23.45526496519421,283.701516664054,1.011792308080183,0.023156115218352844,27.006558091196702,65.28786999874256,371.7361960758169,True
20260811_184731__rp0p5__vinf25__incm30__toff59132__Om90__om255,115317.0,0.9998041429302236,0.0165263801432105,23.455335483509792,283.69905205591647,1.1324584171885,0.0857485361916928,26.631334995290207,145.79366526956926,440.1808923500809,True
20260811_184731__rp0p5__vinf25__incm30__toff59132__Om90__om270,115317.0,0.9997959872375747,0.016528465456134674,23.455273274325823,283.71183993100414,1.3136095645429668,0.17699268377944943,25.909208715602148,157.91048605382394,549.9171237109904,True
20260811_184731__rp0p5__vinf25__incm30__toff59132__Om90__om285,115317.0,0.9997983190821521,0.016530594634982534,23.4552437755176,283.70247818253375,1.520768856634554,0.26082198891885505,25.107459720352484,159.77273575032174,685.0032083541645,True
20260811_184731__rp0p5__vinf25__incm30__toff59132__Om90__om30,115317.0,0.9998052450252296,0.016527453581162796,23.455322139983277,283.6946164413249,0.7819185432060474,0.39814110800602015,26.14079453506457,215.6210223113543,252.54574701017197,True
20260811_184731__rp0p5__vinf25__incm30__toff59132__Om90__om300,115317.0,0.999798584542757,0.01653082269739333,23.4552600353871,283.70128897303357,1.6081625282479992,0.2940502993508056,25.14660246573703,154.5644478589637,744.8909501804242,True
20260811_184731__rp0p5__vinf25__incm30__toff59132__Om90__om315,115317.0,0.9997944495028411,0.01652643362992465,23.455319510862914,283.7191360240659,1.5649840728690858,0.3112328855451222,28.913191312527815,147.00744556206587,715.0932413780503,True
20260811_184731__rp0p5__vinf25__incm30__toff59132__Om90__om330,115317.0,0.9997985823685843,0.016530826599396406,23.455260035392914,283.70128952896073,2.947663130647953,0.6653741316264133,30.787651282230183,152.92103032694354,1848.4791842238085,True
20260811_184731__rp0p5__vinf25__incm30__toff59132__Om90__om345,115317.0,0.9997984326614714,0.01653054955124132,23.455243047445364,283.70210710991967,2.9418223625678603,0.6435137931583683,26.47382606393839,163.42011036579933,1842.987789349741,True
20260811_184731__rp0p5__vinf25__incm30__toff59132__Om90__om45,115317.0,0.9997898964818919,0.01653220102899194,23.455260586072004,283.71595347661406,0.6409599089475178,0.613638152300948,34.72337063967003,215.4383236948165,187.432150998582,True
20260811_184731__rp0p5__vinf25__incm30__toff59132__Om90__om60,115317.0,0.9998046665125169,0.016526921670634475,23.45532911206531,283.6969371017348,0.7078930004601369,0.5485586048189068,111.92980549346309,333.25387783108033,217.5450558521872,True
20260811_184731__rp0p5__vinf25__incm30__toff59132__Om90__om75,115317.0,0.9997993681050587,0.016531490735218545,23.455307864015115,283.69780831621733,1.1013276746248621,0.24584540896905824,20.056490830063233,25.063403709791757,422.155662629542,True
20260811_184731__rp0p5__vinf25__incm30__toff59132__Om90__om90,115317.0,0.9997965682822041,0.01652890158267305,23.455304059116866,283.7092960632587,0.8049941828519672,0.19333572214734204,23.066718416493366,293.48998068118965,263.8073573130228,True
20260811_184731__rp0p5__vinf25__incm60__toff59132__Om0__om0,115317.0,0.9998030841325258,0.01652547275768937,23.45527255785209,283.7037888390891,1.3030883660905148,0.1788011798316384,20.137066923049744,122.58241222343636,543.3236274094353,True
20260811_184731__rp0p5__vinf25__incm60__toff59132__Om0__om105,115317.0,0.9997911382731143,0.016533410138372555,23.455321820482332,283.71041866531135,1.3652411870241796,0.3037847905431808,19.275817050706003,128.48813468069912,582.655516925069,True
20260811_184731__rp0p5__vinf25__incm60__toff59132__Om0__om120,115317.0,0.99979001569212,0.016532439798726588,23.455297131061414,283.7151349519513,1.0643180548194369,0.1987593983980311,20.365172959430108,178.5351887279207,401.055922966866,True
20260811_184731__rp0p5__vinf25__incm60__toff59132__Om0__om135,115317.0,0.9998041882657466,0.016526488008318928,23.45528773323015,283.69915573883065,0.956799311720444,0.21074054170942882,20.818319248720897,215.81067108775628,341.84487377589124,True
20260811_184731__rp0p5__vinf25__incm60__toff59132__Om0__om15,115317.0,0.9998030748341663,0.01652548860515507,23.45527136105568,283.70379203405525,1.3395475373404881,0.19341189837015715,19.88183819269391,110.45935555370806,566.2849058524421,True
20260811_184731__rp0p5__vinf25__incm60__toff59132__Om0__om150,115317.0,0.9997901038019311,0.016532455147158766,23.455277149590653,283.71494749397834,0.9049718938520864,0.2287972266417943,21.618016486563228,236.81727111920708,314.4491516187717,True
20260811_184731__rp0p5__vinf25__incm60__toff59132__Om0__om165,115317.0,0.9997901454464511,0.016532488950289328,23.455256950633366,283.71491139064346,0.8782916700745853,0.23914398457131394,22.936496709434742,250.50402940020834,300.6463503004234,True
20260811_184731__rp0p5__vinf25__incm60__toff59132__Om0__om180,115317.0,0.9997960210973406,0.01652845808808584,23.455272592335362,283.7117158401458,0.8640014568470546,0.24004377057135676,24.475777971471373,259.5708463473992,293.3387942530837,True
20260811_184731__rp0p5__vinf25__incm60__toff59132__Om0__om195,115317.0,0.9997960072873306,0.016528451417449,23.45527247434102,283.7117869448693,0.8572874219123692,0.2343348651662118,25.939309749974463,265.57076575498115,289.92620314910494,True
20260811_184731__rp0p5__vinf25__incm60__toff59132__Om0__om210,115317.0,0.9998019311021772,0.016529070164330414,23.45524324612698,283.698251675956,0.8545445010170235,0.22195267396894608,27.177712253453635,270.2127204882495,288.5358732942855,True
20260811_184731__rp0p5__vinf25__incm60__toff59132__Om0__om225,115317.0,0.9997969652061484,0.016528068567091637,23.455271544139055,283.71050735163243,0.8585234391849114,0.20344603903791353,28.097366092506377,273.7909145039732,290.55344248780364,True
20260811_184731__rp0p5__vinf25__incm60__toff59132__Om0__om240,115317.0,0.9997984032156944,0.016530558200270943,23.45524324498917,283.7022098549943,0.8662877246408545,0.17630980297072904,28.649836025001793,276.7225853398324,294.5038869090987,True
20260811_184731__rp0p5__vinf25__incm60__toff59132__Om0__om255,115317.0,0.9997970568678473,0.016529356212124324,23.455336574699572,283.70709458105205,0.8774870864966143,0.14193024625706308,28.81357657346843,279.50345679946184,300.23332171780834,True
20260811_184731__rp0p5__vinf25__incm60__toff59132__Om0__om270,115317.0,0.9997971857248366,0.016529515539774966,23.4552587807152,283.70705599681696,0.8940597511599703,0.097815455111103,28.592569929662673,281.2385781954919,308.77889357250297,True
20260811_184731__rp0p5__vinf25__incm60__toff59132__Om0__om285,115317.0,0.9997981663129866,0.016530456940492027,23.455322864694722,283.7025695939901,0.9211080638911481,0.04986413090765082,27.926557422442166,279.1252959994986,322.89674488325835,True
20260811_184731__rp0p5__vinf25__incm60__toff59132__Om0__om30,115317.0,0.9997970471520413,0.016529367666944066,23.455335825699716,283.70710931008426,1.288108151378999,0.18164203131862663,21.12337462007434,95.0494920330693,533.9815887406604,True
20260811_184731__rp0p5__vinf25__incm60__toff59132__Om0__om300,115317.0,0.9997900685396008,0.01653241273278117,23.455297021978463,283.71497559403576,0.9661122389164181,0.010432818816870994,26.404216020255447,208.33356867345555,346.84797729649995,True
20260811_184731__rp0p5__vinf25__incm60__toff59132__Om0__om315,115317.0,0.9998043184965019,0.01652662669143268,23.45528647267994,283.69862289990243,1.0376817369181435,0.11084370046640193,25.17930300658227,99.43280501007295,386.0948869108244,True
20260811_184731__rp0p5__vinf25__incm60__toff59132__Om0__om330,115317.0,0.9997904025476363,0.016532660806971074,23.45529277149348,283.7136687632374,1.1214831452506324,0.09653348126922719,23.159299839748165,132.62704445303683,433.7973721322767,True
20260811_184731__rp0p5__vinf25__incm60__toff59132__Om0__om345,115317.0,0.9997906884661845,0.016532927986473087,23.45528992969051,283.7125199632183,1.2230427946859066,0.14760972646844978,21.410957148898255,126.5671212885283,494.0379039621438,True
20260811_184731__rp0p5__vinf25__incm60__toff59132__Om0__om45,115317.0,0.9997960555947947,0.01652843223460376,23.455272468058315,283.71162936164365,1.1748924777762741,0.17013880772082887,24.753045265721035,71.8570802811845,465.152088485984,True
20260811_184731__rp0p5__vinf25__incm60__toff59132__Om0__om60,115317.0,0.9997960413728626,0.016528444719658274,23.455271381196443,283.71166014280766,1.115433074146495,0.22732146080988525,32.35905142250944,66.83092716487633,430.29179717923165,True
20260811_184731__rp0p5__vinf25__incm60__toff59132__Om0__om75,115317.0,0.9998040437209089,0.0165264255968735,23.45533607617213,283.6993631552141,3.401116581944161,0.7499706437797171,31.3484145667613,107.44336138007745,2291.0262669562085,True
20260811_184731__rp0p5__vinf25__incm60__toff59132__Om0__om90,115317.0,0.9997971843199757,0.016529519136572867,23.455258369565442,283.70705370202757,3.096602478788204,0.6964162251293433,19.137027315726808,111.09680008883466,1990.3340645336443,True
20260811_184731__rp0p5__vinf25__incm60__toff59132__Om180__om0,115317.0,0.9997960210973406,0.01652845808808584,23.455272592335362,283.7117158401458,0.7514625248836877,0.26690515468786286,22.68738686936369,265.5714608868349,237.93524676652282,True
20260811_184731__rp0p5__vinf25__incm60__toff59132__Om180__om105,115317.0,0.9997981562135717,0.016530460949804263,23.455322188977984,283.7026019773647,0.8499270688393891,0.13870818549562466,21.55267758604696,314.7879663380513,286.2004300114594,True
20260811_184731__rp0p5__vinf25__incm60__toff59132__Om180__om120,115317.0,0.9997900622275689,0.016532415239868016,23.45529659965497,283.7149958292556,0.8792830876630232,0.156654378134164,22.346694995120824,6.519723566413369,301.15554933135127,True
20260811_184731__rp0p5__vinf25__incm60__toff59132__Om180__om135,115317.0,0.9998043147091744,0.01652662819467673,23.455286219285476,283.69863504694564,0.925352872983317,0.09463330359411956,21.78274808657982,55.16100450358429,325.131357162907,True
20260811_184731__rp0p5__vinf25__incm60__toff59132__Om180__om15,115317.0,0.9997959971879592,0.016528455428261216,23.455271798621872,283.71181933001844,0.7514613084272337,0.2503325587711224,21.329528498914353,269.99700024970434,237.93466901765342,True
20260811_184731__rp0p5__vinf25__incm60__toff59132__Om180__om150,115317.0,0.999790150337389,0.016532430588530822,23.45527661818388,283.714808370914,1.0012092049051342,0.05122721799880047,23.344385383407776,41.911307830167026,365.91906791428926,True
20260811_184731__rp0p5__vinf25__incm60__toff59132__Om180__om165,115317.0,0.9997901701609528,0.016532473057872674,23.455256694085953,283.71484365611997,1.1133882854097064,0.0785450297674775,24.380731747666946,103.5682387858231,429.10913662681713,True
20260811_184731__rp0p5__vinf25__incm60__toff59132__Om180__om180,115317.0,0.9998030841325258,0.01652547275768937,23.45527255785209,283.7037888390891,1.2661251964453573,0.1447520001234499,25.346964226015587,128.4417843953202,520.370619073884,True
20260811_184731__rp0p5__vinf25__incm60__toff59132__Om180__om195,115317.0,0.9998030849336804,0.01652548459565882,23.455272036775092,283.70375964091716,1.4248908615707119,0.20806393410246604,26.081891119421442,136.27864886552132,621.2554220681488,True
20260811_184731__rp0p5__vinf25__incm60__toff59132__Om180__om210,115317.0,0.9997960458790082,0.016528443689769978,23.455271719057425,283.7116440885822,1.4538772546732845,0.2198120291789093,26.288510867932974,134.62140400275445,640.3087014907122,True
20260811_184731__rp0p5__vinf25__incm60__toff59132__Om180__om225,115317.0,0.9997960505451085,0.016528434239996198,23.45527213019875,283.7116455542596,1.1396215026580065,0.13581827675603347,24.952889288170365,75.57471713605767,444.36387252869775,True
20260811_184731__rp0p5__vinf25__incm60__toff59132__Om180__om240,115317.0,0.9997960464225487,0.01652844271426467,23.455271719056004,283.71164395020435,0.4947309468682503,0.9712117399408332,102.82008313661227,356.95473200000833,127.10171388249391,True
20260811_184731__rp0p5__vinf25__incm60__toff59132__Om180__om255,115317.0,0.9998040588702097,0.016526419583679293,23.455337089747577,283.69931456673567,-9.641464343694478,1.0861369552708378,40.75269630905557,163.70117738014918,,False
20260811_184731__rp0p5__vinf25__incm60__toff59132__Om180__om270,115317.0,0.9997971893696735,0.01652951713156477,23.455258707425077,283.7070375099282,1.9487172817751186,0.5222343807727429,31.058278750995772,180.3961190621129,993.6216489008281,True
20260811_184731__rp0p5__vinf25__incm60__toff59132__Om180__om285,115317.0,0.9997911483723875,0.016533406127779236,23.455322496198775,283.7103862898346,1.1684237906311088,0.32480893555840934,27.887862018699938,215.45241964932464,461.3158507353632,True
20260811_184731__rp0p5__vinf25__incm60__toff59132__Om180__om30,115317.0,0.9998029323780906,0.016529994418065932,23.45530735197715,283.6937178270064,0.7585373475393763,0.23748759690674043,20.740254502562998,273.1577465448327,241.30329007679828,True
20260811_184731__rp0p5__vinf25__incm60__toff59132__Om180__om300,115317.0,0.9997900220041513,0.016532437291625304,23.455297553384913,283.7151147167831,0.8793511539682398,0.35151922539160074,25.713117585073213,250.85818075310004,301.1905191991758,True
20260811_184731__rp0p5__vinf25__incm60__toff59132__Om180__om315,115317.0,0.9998041920530729,0.016526486505042168,23.4552879866246,283.69914359173106,0.7453361183533836,0.43454176150513146,24.67993681516721,256.90336465117105,235.03148320722215,True
20260811_184731__rp0p5__vinf25__incm60__toff59132__Om180__om330,115317.0,0.9997903560121548,0.0165326853648888,23.455293302899875,283.71380788590517,0.703511883553194,0.4105105216661545,25.143620224417052,249.50663014935373,215.52861945779935,True
20260811_184731__rp0p5__vinf25__incm60__toff59132__Om180__om345,115317.0,0.9997906637516576,0.01653294387818487,23.45529018623726,283.71258769791933,0.7410109414188725,0.31720408571531783,24.846345434397136,257.25610049172974,232.98862656585618,True
20260811_184731__rp0p5__vinf25__incm60__toff59132__Om180__om45,115317.0,0.999796970255844,0.01652806656179269,23.455271881998613,283.71049115850593,0.7719355006939775,0.22133570824883908,20.57273268306087,277.08110796343544,247.72470033252327,True
20260811_184731__rp0p5__vinf25__incm60__toff59132__Om180__om60,115317.0,0.9997983981659847,0.016530560204875148,23.455242907129545,283.70222604664946,0.7884851097815905,0.20180401766761386,20.614524567646633,284.0128365871574,255.73374277184848,True
20260811_184731__rp0p5__vinf25__incm60__toff59132__Om180__om75,115317.0,0.9997970417187584,0.016529362227231115,23.45533556112463,283.70714315772886,0.8064350346319538,0.18132750700836747,20.787124044776558,292.61705332734107,264.51595374527886,True
20260811_184731__rp0p5__vinf25__incm60__toff59132__Om180__om90,115317.0,0.9997971806751387,0.016529517544784576,23.455258442855584,283.7070721889153,0.8274953115222793,0.16009143122196712,21.08019420777457,303.05986295263136,274.9451752467297,True
20260811_184731__rp0p5__vinf25__incm60__toff59132__Om270__om0,115317.0,0.9997960640044391,0.016528438011356568,23.455272079257625,283.71158199230115,0.8453445598050089,0.14188794702476434,21.53267459839281,320.5275890201593,283.88891405271903,True
20260811_184731__rp0p5__vinf25__incm60__toff59132__Om270__om105,115317.0,0.9997993328401988,0.016531501691647063,23.45530813485583,283.6979300979059,1.1001270153994205,0.03750974293472269,17.896348224771668,187.41372266118555,421.46550437918245,True
20260811_184731__rp0p5__vinf25__incm60__toff59132__Om270__om120,115317.0,0.9997988300736752,0.0165310579165611,23.455275850677886,283.70016606845354,1.1862299428449699,0.10006001748201027,18.193340460891577,171.89053693623617,471.9012348880589,True
20260811_184731__rp0p5__vinf25__incm60__toff59132__Om270__om135,115317.0,0.9997945283882863,0.016526482609687577,23.4553244994551,283.7188050517762,1.2707682458420844,0.15624627363410828,18.835115440402234,167.6538858206532,523.2356440213182,True
20260811_184731__rp0p5__vinf25__incm60__toff59132__Om270__om15,115317.0,0.9997995599840398,0.016526953338351462,23.45527135993363,283.7077472487587,0.8641238036479824,0.14297797514218002,20.83180809480069,326.8479463724238,293.4011037548794,True
20260811_184731__rp0p5__vinf25__incm60__toff59132__Om270__om150,115317.0,0.9998003455912557,0.01653008210491244,23.455259951481192,283.69931443493454,1.3259428889214397,0.20108400026688178,19.508878656108074,169.0423869957742,557.6799337516226,True
20260811_184731__rp0p5__vinf25__incm60__toff59132__Om270__om165,115317.0,0.9997984200371959,0.016530554562732967,23.455242202796263,283.7021475891016,1.367796948317559,0.25058548126359365,20.08939554183735,173.17187700119143,584.2923981603682,True
20260811_184731__rp0p5__vinf25__incm60__toff59132__Om270__om180,115317.0,0.9997959814514894,0.01652847231187192,23.45527310540457,283.71184885747397,1.4221343034635354,0.3168158974219741,21.331948713031096,176.949280349169,619.4534965349741,True
20260811_184731__rp0p5__vinf25__incm60__toff59132__Om270__om195,115317.0,0.9997983141069365,0.016530599648447185,23.455244513369827,283.70248848474154,1.3712365920002636,0.34594050892488537,23.730674373516162,185.57523499054454,586.4977919840741,True
20260811_184731__rp0p5__vinf25__incm60__toff59132__Om270__om210,115317.0,0.9997971879669459,0.01652950553352968,23.455258031682515,283.70706767575666,1.1968201061513681,0.3300480032217627,26.188621802217256,201.52069177718332,478.2347226135822,True
20260811_184731__rp0p5__vinf25__incm60__toff59132__Om270__om225,115317.0,0.9997969489141441,0.016529240984744443,23.455261095103417,283.7080181692829,1.0200515174096427,0.30922876221606665,28.01227511574609,222.30598653466862,376.2971678834835,True
20260811_184731__rp0p5__vinf25__incm60__toff59132__Om270__om240,115317.0,0.9997966094564794,0.01652897376411162,23.455265003620507,283.70938843841265,0.9025993540453408,0.29615896640773465,28.985779792549895,239.84235186141723,313.2133884689157,True
20260811_184731__rp0p5__vinf25__incm60__toff59132__Om270__om255,115317.0,0.9997993825528511,0.01653147892271333,23.45530853972118,283.697774820381,0.857696198755292,0.2504572590898393,29.050843769346777,247.8223889621544,290.13359434887246,True
20260811_184731__rp0p5__vinf25__incm60__toff59132__Om270__om270,115317.0,0.9997960701741113,0.016528438600019266,23.455272174897114,283.71155540744803,0.8756354619417384,0.14344949191445094,27.950109125597297,243.31356896831392,299.2835196720829,True
20260811_184731__rp0p5__vinf25__incm60__toff59132__Om270__om285,115317.0,0.9997993564319617,0.016531506004579526,23.45530851741323,283.6978240585764,0.8782586842426314,0.056882765343987306,26.46695014930943,261.3019094179813,300.629413483397,True
20260811_184731__rp0p5__vinf25__incm60__toff59132__Om270__om30,115317.0,0.9997970053637808,0.01652939793260119,23.45533622885046,283.7072165335577,0.8835102239699251,0.13951408811521884,20.209997771318598,333.21459832540455,303.32985649504406,True
20260811_184731__rp0p5__vinf25__incm60__toff59132__Om270__om300,115317.0,0.9997988405105331,0.016531031740656333,23.455276419552423,283.7001798783828,0.8400975234859611,0.08608938415544189,25.405225271593675,297.5567314721521,281.24988079541424,True
20260811_184731__rp0p5__vinf25__incm60__toff59132__Om270__om315,115317.0,0.9997949663656361,0.016526307248239034,23.455324752990034,283.7182999652357,0.8182917062902357,0.11948196457623358,24.358009742564224,302.33898742898896,270.37094223205884,True
20260811_184731__rp0p5__vinf25__incm60__toff59132__Om270__om330,115317.0,0.9997997199561599,0.016530660735179933,23.455276250892993,283.69919848550035,0.8172107176155924,0.1349761862418434,23.299918582457646,307.4876337732828,269.8353666312321,True
20260811_184731__rp0p5__vinf25__incm60__toff59132__Om270__om345,115317.0,0.9997988412118993,0.016531037540215513,23.455276757422762,283.7001647992838,0.8287752920113108,0.13952852232731888,22.350394154881112,313.7158853602694,275.5833550229175,True
20260811_184731__rp0p5__vinf25__incm60__toff59132__Om270__om45,115317.0,0.9997969175950803,0.016529253419172166,23.455261891062836,283.7081209873316,0.9062750087763626,0.1285968036026117,19.610452998969937,334.76393469001863,315.12858297941136,True
20260811_184731__rp0p5__vinf25__incm60__toff59132__Om270__om60,115317.0,0.9997965790043924,0.016529007126734264,23.45526479406929,283.70944183205637,0.9365695852468,0.10675093551805212,18.999083415176823,336.40759305789373,331.06088031770884,True
20260811_184731__rp0p5__vinf25__incm60__toff59132__Om270__om75,115317.0,0.9998041288329805,0.016526394855783694,23.455334976737376,283.6990780196034,0.9748435413921809,0.07403188128801062,18.42420864577692,333.4258139760158,351.56057687005097,True
20260811_184731__rp0p5__vinf25__incm60__toff59132__Om270__om90,115317.0,0.9997959821878891,0.016528467461544478,23.455272936466258,283.7118561235608,1.0286969155122128,0.02880423161714952,18.00004413212876,313.9821509908197,381.0912232233202,True
20260811_184731__rp0p5__vinf25__incm60__toff59132__Om90__om0,115317.0,0.9997959814514894,0.01652847231187192,23.45527310540457,283.71184885747397,1.2935813290245057,0.34999122444669306,19.024718649235133,172.86850131378873,537.3885368370379,True
20260811_184731__rp0p5__vinf25__incm60__toff59132__Om90__om105,115317.0,0.9997993463325227,0.016531510013097623,23.45530784169641,283.69785644102683,0.8143766076417014,0.15904961080337898,24.83246062246264,288.17240038618183,268.4328892787518,True
20260811_184731__rp0p5__vinf25__incm60__toff59132__Om90__om120,115317.0,0.9997988341983904,0.01653103424621262,23.45527599722863,283.70020011765934,0.8087698369382861,0.1723688275893553,25.570333404825003,288.98935677170044,265.6655303990063,True
20260811_184731__rp0p5__vinf25__incm60__toff59132__Om90__om135,115317.0,0.9997949625783797,0.016526308752709076,23.45532449959575,283.7183121106693,0.8204549260961882,0.17685807791919836,26.034659374744436,296.5650516354392,271.44377141037813,True
20260811_184731__rp0p5__vinf25__incm60__toff59132__Om90__om15,115317.0,0.9997983040075186,0.01653060365770315,23.455243837650528,283.7025208678966,1.0277845254076277,0.28186035008754046,20.308943653442988,180.82439388952116,380.5843293854184,True
20260811_184731__rp0p5__vinf25__incm60__toff59132__Om90__om150,115317.0,0.999799467744787,0.016530430442106916,23.45526009775362,283.7003380093729,0.8353641982481885,0.17494987809840254,26.447871254716276,303.27724002168713,278.8762809274695,True
20260811_184731__rp0p5__vinf25__incm60__toff59132__Om90__om165,115317.0,0.9997983229044716,0.016530582481434547,23.455243522101973,283.70248838136416,0.8517963744935787,0.16933848730768655,26.8602895513584,310.0726751828404,287.1451407244692,True
20260811_184731__rp0p5__vinf25__incm60__toff59132__Om90__om180,115317.0,0.9997960640044391,0.016528438011356568,23.455272079257625,283.71158199230115,0.8699817915303981,0.15566636499449119,27.32256653461954,314.07918017661683,296.38965071068833,True
20260811_184731__rp0p5__vinf25__incm60__toff59132__Om90__om195,115317.0,0.999799570083483,0.01652694932820682,23.455272035652914,283.7077148595637,0.8910867448679715,0.13754903847068695,27.788148338951316,319.92850098990317,307.24000646713324,True
20260811_184731__rp0p5__vinf25__incm60__toff59132__Om90__om210,115317.0,0.9997960040908311,0.016528473957590786,23.455272122211138,283.7117513104728,0.9209013505033778,0.10928433914462955,28.285603322711694,321.9587083543314,322.7880551360451,True
20260811_184731__rp0p5__vinf25__incm60__toff59132__Om90__om225,115317.0,0.9997969125453854,0.01652925542427096,23.455261553203222,283.70813717956025,0.9632551655306211,0.06666707123598378,28.727904382697172,317.81330670110344,345.3105206577404,True
20260811_184731__rp0p5__vinf25__incm60__toff59132__Om90__om240,115317.0,0.9997965840540838,0.01652900512152646,23.45526513192889,283.7094256397412,1.0270296276621194,0.027455967246101335,29.021823293440413,255.28258672571016,380.1651031514803,True
20260811_184731__rp0p5__vinf25__incm60__toff59132__Om90__om255,115317.0,0.9998041439822841,0.01652638884266052,23.455335990312783,283.69902943092984,1.1235811964601352,0.08286333965154892,29.01923682853616,190.74407210735842,435.0152521814899,True
20260811_184731__rp0p5__vinf25__incm60__toff59132__Om90__om270,115317.0,0.9997959872375747,0.016528465456134674,23.455273274325823,283.71183993100414,1.2592542857509719,0.16516239644244224,28.61201945791715,183.98867280894007,516.140510200839,True
20260811_184731__rp0p5__vinf25__incm60__toff59132__Om90__om285,115317.0,0.9997993429396373,0.016531497683116646,23.455308810572646,283.69789771545595,1.4175800507786678,0.24234874487138744,27.83965645065522,182.4782056319779,616.480266875668,True
20260811_184731__rp0p5__vinf25__incm60__toff59132__Om90__om30,115317.0,0.9997981892404997,0.01653042960591726,23.455322137988027,283.70253342536785,0.8793171850137255,0.27121404402013005,24.955669710644383,188.00599026894153,301.1730670786082,True
20260811_184731__rp0p5__vinf25__incm60__toff59132__Om90__om300,115317.0,0.9997988363858178,0.016531055411008418,23.45527627300167,283.70014582920123,1.5592685962698143,0.30560899956530907,26.77122063102282,180.9953208611937,711.1794333768595,True
20260811_184731__rp0p5__vinf25__incm60__toff59132__Om90__om315,115317.0,0.9997945321755393,0.016526481105187216,23.455324752849364,283.7187929065204,1.6735766090561421,0.366151669930511,25.619967755227094,178.44543046735492,790.7991361912633,True
20260811_184731__rp0p5__vinf25__incm60__toff59132__Om90__om330,115317.0,0.9998005978027354,0.01653031240322187,23.45527610461229,283.69817490408803,1.7617616605714863,0.43100114261547484,23.49704940511995,174.77472237635354,854.1192741724674,True
20260811_184731__rp0p5__vinf25__incm60__toff59132__Om90__om345,115317.0,0.9997989383447243,0.016531009625088362,23.455275438116356,283.6998240128532,1.6196131043821724,0.4277570027770877,20.611159619587365,171.48555528338514,752.8608494395661,True
20260811_184731__rp0p5__vinf25__incm60__toff59132__Om90__om45,115317.0,0.9997969539638394,0.016529238979655532,23.455261432963002,283.708001977025,0.8776864758124712,0.22936155920233772,32.68842659426332,173.67127890110024,300.3356594924444,True
20260811_184731__rp0p5__vinf25__incm60__toff59132__Om90__om60,115317.0,0.9997966044067877,0.016528975769316414,23.45526466576094,283.7094046307635,1.7359621398493947,0.4584200216020411,31.37961828915477,66.71175654415342,835.4263406585366,True
20260811_184731__rp0p5__vinf25__incm60__toff59132__Om90__om75,115317.0,0.9997993674036919,0.016531484935480397,23.455307526145965,283.69782339414985,1.1155263817405303,0.2031594178461206,23.38268314734544,31.03839238806311,430.3457901074775,True
20260811_184731__rp0p5__vinf25__incm60__toff59132__Om90__om90,115317.0,0.999796065124425,0.016528440605405495,23.45527183703753,283.71157160006584,0.8603355970429882,0.12419105860146872,23.838669870876505,305.2830398762602,291.4738712660214,True
20260811_184731__rp0p5__vinf25__incm90__toff59132__Om0__om0,115317.0,0.999803890109545,0.01652615449945014,23.45526261939129,283.70058824663874,1.365644204507679,0.24103280331431112,20.52386166801594,109.42290661303382,582.9135347294247,True
20260811_184731__rp0p5__vinf25__incm90__toff59132__Om0__om105,115317.0,0.9997897685016875,0.016532111319363964,23.455261939254964,283.7164509993077,1.2431572261454258,0.2175107669029474,21.599568017716905,106.53707809245262,506.27546181646863,True
20260811_184731__rp0p5__vinf25__incm90__toff59132__Om0__om120,115317.0,0.9997902774089039,0.016532576040435676,23.455294837068863,283.71414450820697,1.1875149724951297,0.1715992344748099,18.51155891529391,123.18753091419582,472.6682505260917,True
20260811_184731__rp0p5__vinf25__incm90__toff59132__Om0__om135,115317.0,0.9998041316591112,0.01652639510101115,23.455278350194966,283.6994698146217,1.1040224034942856,0.1330999877601502,17.251416881483944,162.10021425401087,423.7060059031631,True
20260811_184731__rp0p5__vinf25__incm90__toff59132__Om0__om15,115317.0,0.9998038713132306,0.016526174116437083,23.455261943694985,283.70062286403265,1.3511816775317314,0.23879818814866052,21.52947812956185,98.41141522392327,573.6782854225966,True
20260811_184731__rp0p5__vinf25__incm90__toff59132__Om0__om150,115317.0,0.9997900258298829,0.016532345573755516,23.45527872598466,283.71528210447406,1.0322630061808409,0.15336723249803147,17.628296326916114,207.19325988189718,383.0745814029143,True
20260811_184731__rp0p5__vinf25__incm90__toff59132__Om0__om165,115317.0,0.9997897641534184,0.016532119123415887,23.455261939266553,283.7164521038805,0.9885488114796538,0.1908057804124621,19.08277936853325,232.6872804005228,359.0004292072299,True
20260811_184731__rp0p5__vinf25__incm90__toff59132__Om0__om180,115317.0,0.9997968325054676,0.016529137544027055,23.455262786123953,283.7084978833292,0.9670761329250793,0.21846201319665776,21.072596064422118,244.67929418772275,347.36718414819967,True
20260811_184731__rp0p5__vinf25__incm90__toff59132__Om0__om195,115317.0,0.9997968336275878,0.01652912494366046,23.455262279311416,283.70851995478074,0.9586614592562991,0.22895731032862637,23.19531382638467,249.5419237192425,342.8433201683333,True
20260811_184731__rp0p5__vinf25__incm90__toff59132__Om0__om210,115317.0,0.9998003629140445,0.016527648379943707,23.45526295615819,283.70453183413093,0.9592184349609972,0.22594343384455923,25.133806139287454,251.94362849046865,343.14214797339264,True
20260811_184731__rp0p5__vinf25__incm90__toff59132__Om0__om225,115317.0,0.9997977118363632,0.01652877376081569,23.455262955343606,283.7075016831875,0.9638893676468034,0.21384672431262214,26.72410231223192,251.09644596537152,345.6516027199805,True
20260811_184731__rp0p5__vinf25__incm90__toff59132__Om0__om240,115317.0,0.9997968350303145,0.01652913654146237,23.455262955053755,283.70848978717925,0.970786609494826,0.19427585255180002,27.828206834840643,246.84872105895,349.3682675296967,True
20260811_184731__rp0p5__vinf25__incm90__toff59132__Om0__om255,115317.0,0.9997968437269761,0.016529120933400008,23.455262955030594,283.7084875701541,0.9830121544592136,0.16497332901910416,28.41957488091226,237.7086497683449,355.98862569409255,True
20260811_184731__rp0p5__vinf25__incm90__toff59132__Om0__om270,115317.0,0.9997978233288235,0.01653006269657862,23.455326047890207,283.70400338324913,1.0050839656055837,0.1356666099343668,28.49463251623329,220.46152423386337,368.04532643874364,True
20260811_184731__rp0p5__vinf25__incm90__toff59132__Om0__om285,115317.0,0.9997978269057228,0.016530070393057008,23.45532672362244,283.7039726650309,1.0395621966166617,0.12535962949749302,27.95314849838137,195.22409640823878,387.1448688204861,True
20260811_184731__rp0p5__vinf25__incm90__toff59132__Om0__om30,115317.0,0.9997968332418683,0.016529132693568628,23.45526261718548,283.70850514810036,1.3034108665759634,0.23081519127497757,23.28419798501179,85.49959315986804,543.5253401011192,True
20260811_184731__rp0p5__vinf25__incm90__toff59132__Om0__om300,115317.0,0.9997902855443985,0.01653256673219205,23.455295090451973,283.7141312615688,1.0986714384081528,0.13973009956150806,26.355255049840856,168.6117285593623,420.6293202178643,True
20260811_184731__rp0p5__vinf25__incm90__toff59132__Om0__om315,115317.0,0.9998041272405644,0.016526396854855706,23.45527805456799,283.69948398628435,1.1818079999870426,0.1657485643730535,23.957258477023263,150.7133930273042,469.2650161476808,True
20260811_184731__rp0p5__vinf25__incm90__toff59132__Om0__om330,115317.0,0.9997900345965767,0.016532336014729893,23.455279021600102,283.7152668347135,1.2611805019800604,0.20295454501348587,22.281416467154315,137.87737958218258,517.3252331774117,True
20260811_184731__rp0p5__vinf25__incm90__toff59132__Om0__om345,115317.0,0.9997907798709986,0.016533031189517707,23.45532672162364,283.7118844766932,1.3322058963986407,0.23262680205037603,20.822827561927614,123.90431766153064,561.635844862017,True
20260811_184731__rp0p5__vinf25__incm90__toff59132__Om0__om45,115317.0,0.9997968386772819,0.016529122938529567,23.455262617171016,283.70850376246915,1.248213637880306,0.21784501223652478,25.517396369740695,78.52432157699117,509.3674341423825,True
20260811_184731__rp0p5__vinf25__incm90__toff59132__Om0__om60,115317.0,0.9997968337854098,0.01652913171806474,23.455262617184026,283.7085050095377,1.2092028961516919,0.2090836918143729,27.475220101393816,78.04441906160326,485.6759053112936,True
20260811_184731__rp0p5__vinf25__incm90__toff59132__Om0__om75,115317.0,0.999803881412761,0.01652617010747109,23.455262619414448,283.700590471482,1.210635590157281,0.21528678999769832,27.825249605708404,86.01032326678958,486.53932247741943,True
20260811_184731__rp0p5__vinf25__incm90__toff59132__Om0__om90,115317.0,0.9997978363037663,0.016530060584268445,23.45532706147041,283.70395536271394,1.2402276940764307,0.2293243249295655,25.492065034723048,96.71343003624463,504.4869397501661,True
20260811_184731__rp0p5__vinf25__incm90__toff59132__Om180__om0,115317.0,0.9997968299806204,0.016529138546592072,23.455262617194172,283.70850597947856,0.8115650452743569,0.25955582888597156,21.687064278568542,272.43569736166364,267.04397898207236,True
20260811_184731__rp0p5__vinf25__incm90__toff59132__Om180__om105,115317.0,0.9997968155329019,0.016529150360886855,23.455261941486537,283.708539472552,0.8842435059936278,0.08329223975841159,20.294880304639413,295.97864726673686,303.7075643077312,True
20260811_184731__rp0p5__vinf25__incm90__toff59132__Om180__om120,115317.0,0.9997902817571773,0.016532568236391012,23.455294837057867,283.7141434026646,0.9224094030938538,0.0964236530099565,21.372344485037935,10.268187891117517,323.581268102361,True
20260811_184731__rp0p5__vinf25__incm90__toff59132__Om180__om135,115317.0,0.9998041316591112,0.01652639510101115,23.455278350194966,283.6994698146217,1.0216281445160194,0.05808969738957722,23.018067080226484,44.081794313075086,377.16993189754464,True
20260811_184731__rp0p5__vinf25__incm90__toff59132__Om180__om15,115317.0,0.9997968285778938,0.01652912694879273,23.455261941451845,283.70853614708824,0.8085807052994484,0.24652904775382598,20.357748738627805,272.34912091958387,265.5723466205702,True
20260811_184731__rp0p5__vinf25__incm90__toff59132__Om180__om150,115317.0,0.9997900301781542,0.016532337769707313,23.455278725973393,283.7152809994095,1.0723091961170026,0.0652589840554295,24.133573543531405,89.26423789269091,405.5812189477373,True
20260811_184731__rp0p5__vinf25__incm90__toff59132__Om180__om165,115317.0,0.9997897685016875,0.016532111319363964,23.455261939254964,283.7164509993077,1.1820442398104654,0.11324615266392707,25.536295588964926,108.86335793000117,469.4057301525805,True
20260811_184731__rp0p5__vinf25__incm90__toff59132__Om180__om180,115317.0,0.9998038926344277,0.016526153497209588,23.455262788321154,283.70058014849076,1.2951191302834077,0.16389728630299094,26.580561687108236,116.37278011348131,538.3470876893332,True
20260811_184731__rp0p5__vinf25__incm90__toff59132__Om180__om195,115317.0,0.9998038763629957,0.016526172111953372,23.45526228155472,283.7006066677592,1.3688085189366563,0.19066688782420474,27.046372106297444,119.08802053213225,584.9406986522152,True
20260811_184731__rp0p5__vinf25__incm90__toff59132__Om180__om210,115317.0,0.9997968382915625,0.016529130688438948,23.455262955045043,283.7084889557948,1.3257418698534198,0.17864913385546058,26.45838704151879,111.75108801326435,557.5531182765938,True
20260811_184731__rp0p5__vinf25__incm90__toff59132__Om180__om225,115317.0,0.9997968437269761,0.016529120933400008,23.455262955030594,283.7084875701541,1.1301701227568521,0.1480073190174,23.047355099179335,71.45731759396307,438.84739374022945,True
20260811_184731__rp0p5__vinf25__incm90__toff59132__Om180__om240,115317.0,0.999796838835104,0.01652912971293507,23.455262955043622,283.70848881723106,0.8743536872422727,0.32750042909505117,6.710084994502691,3.996839446059971,298.62661339055643,True
20260811_184731__rp0p5__vinf25__incm90__toff59132__Om180__om255,115317.0,0.9998038864625264,0.01652616810299009,23.455262957274186,283.7005742752005,-0.7333383556113922,1.7911350344403763,34.61423095332471,140.53768155950956,,False
20260811_184731__rp0p5__vinf25__incm90__toff59132__Om180__om270,115317.0,0.9997978211546539,0.016530066598587176,23.4553260478954,283.7040039384428,2.6087855168619734,0.6248415968459452,35.69294531620727,168.92661101803097,1539.059296241881,True
20260811_184731__rp0p5__vinf25__incm90__toff59132__Om180__om285,115317.0,0.9997907798709986,0.016533031189517707,23.45532672162364,283.7118844766932,1.2735393894086815,0.29691609481748826,31.750056472295434,200.78721709597633,524.948093891364,True
20260811_184731__rp0p5__vinf25__incm90__toff59132__Om180__om30,115317.0,0.9998003578643148,0.016527650384749088,23.4552626182985,283.7045480284255,0.8113138435731215,0.23005650375115408,19.474622278936923,272.2544184877598,266.92000239321294,True
20260811_184731__rp0p5__vinf25__incm90__toff59132__Om180__om300,115317.0,0.9997902811961248,0.016532574536236692,23.45529509046297,283.7141323671171,0.9972835429594764,0.24780006146030661,29.064250874208913,241.24928873201128,363.7690693587984,True
20260811_184731__rp0p5__vinf25__incm90__toff59132__Om180__om315,115317.0,0.9998041272405644,0.016526396854855706,23.45527805456799,283.69948398628435,0.8858297696058413,0.27265915183314154,27.14975752280205,260.73707177576557,304.5251720994273,True
20260811_184731__rp0p5__vinf25__incm90__toff59132__Om180__om330,115317.0,0.9997900302483052,0.01653234381877813,23.455279021611403,283.7152679397864,0.8412045937833825,0.27920824056090404,25.33666001095756,268.22542481395305,281.8060054160887,True
20260811_184731__rp0p5__vinf25__incm90__toff59132__Om180__om345,115317.0,0.9997907755227207,0.016533038993555328,23.455326721634027,283.71188558318096,0.8207217682583998,0.2708462850073849,23.42559796151161,271.31505115673474,271.5762074462278,True
20260811_184731__rp0p5__vinf25__incm90__toff59132__Om180__om45,115317.0,0.99979770678666,0.016528775765864458,23.455262617483996,283.707517875977,0.8176847243811487,0.21033423624341416,19.00310713867546,272.5262852698308,270.0701695991134,True
20260811_184731__rp0p5__vinf25__incm90__toff59132__Om180__om60,115317.0,0.9997968299806204,0.016529138546592072,23.455262617194172,283.70850597947856,0.8269030694540113,0.18564548134451841,18.87685079028763,274.7454794235317,274.6500588426247,True
20260811_184731__rp0p5__vinf25__incm90__toff59132__Om180__om75,115317.0,0.9997968386772819,0.016529122938529567,23.455262617171016,283.70850376246915,0.8405708894449725,0.15628727508110007,19.057578441088218,277.94820133636887,281.4876261788636,True
20260811_184731__rp0p5__vinf25__incm90__toff59132__Om180__om90,115317.0,0.999797838477936,0.016530056682259955,23.455327061465216,283.70395480750767,0.858258625836565,0.12093566721625498,19.52393725468523,284.50329261004856,290.4190201303603,True
20260811_184731__rp0p5__vinf25__incm90__toff59132__Om270__om0,115317.0,0.999796638158625,0.016528196274686272,23.45527191050683,283.7109428365966,0.8865237451368232,0.1290484536533092,21.209622533331558,330.1951494863521,304.8830982107581,True
20260811_184731__rp0p5__vinf25__incm90__toff59132__Om270__om105,115317.0,0.9997989013725362,0.016530343620283265,23.45524386015779,283.7018257212932,1.0028652685923158,0.09695245509837123,18.39200980564991,268.7433895504516,366.82732334186477,True
20260811_184731__rp0p5__vinf25__incm90__toff59132__Om270__om120,115317.0,0.9997994262684647,0.016530796071358468,23.455276611017215,283.69948023721804,1.055291379754666,0.10526234028997329,18.5395139699197,233.26003274175073,395.9646139806985,True
20260811_184731__rp0p5__vinf25__incm90__toff59132__Om270__om135,115317.0,0.9997945293071031,0.016526318422102122,23.455316042681176,283.71924150779546,1.1222527037533943,0.1435271346748797,19.101397918403254,206.8779198677628,434.24395448144116,True
20260811_184731__rp0p5__vinf25__incm90__toff59132__Om270__om15,115317.0,0.9997966047832503,0.016528209527810558,23.455271527971703,283.71105139215916,0.8914099273216776,0.1413878466841374,20.67272354066893,327.2563766461724,307.4071679398867,True
20260811_184731__rp0p5__vinf25__incm90__toff59132__Om270__om150,115317.0,0.9997991746883386,0.016530565529149846,23.455260500108757,283.7006177327538,1.2062256383858336,0.19868192531723314,20.159256731533656,191.7116528660355,483.88328811968483,True
20260811_184731__rp0p5__vinf25__incm90__toff59132__Om270__om165,115317.0,0.9997990061149848,0.01653030204569442,23.455242540831133,283.70148297717463,1.294963645379973,0.25508973250811234,21.616654083640533,183.76227383724174,538.2501440986048,True
20260811_184731__rp0p5__vinf25__incm90__toff59132__Om270__om180,115317.0,0.9997965592175082,0.016528227620667545,23.455273105580762,283.71120133381964,1.3741902248158184,0.307396176016721,23.44953686283835,181.19558989424362,588.3937794888724,True
20260811_184731__rp0p5__vinf25__incm90__toff59132__Om270__om195,115317.0,0.9997988947842029,0.016530346235143406,23.455244344609323,283.7018476119505,1.4081447063514607,0.34659117030905007,25.64582500644752,182.85843339649935,610.3356255638682,True
20260811_184731__rp0p5__vinf25__incm90__toff59132__Om270__om210,115317.0,0.9997977682231599,0.01652927050508717,23.455258707602344,283.7063896784176,1.3611578158851412,0.35912551277619525,27.971520612183607,187.90474514841546,580.043430314471,True
20260811_184731__rp0p5__vinf25__incm90__toff59132__Om270__om225,115317.0,0.9997975393398114,0.01652898064397083,23.455261433121855,283.70735248539404,1.2507652042968715,0.34372704613974214,29.909256582257363,195.5312192261538,510.9300858816816,True
20260811_184731__rp0p5__vinf25__incm90__toff59132__Om270__om240,115317.0,0.9997971897125287,0.01652873872770151,23.455265679538055,283.70871045225186,1.130083757026893,0.3061868082742004,30.917872735454385,203.35689866390135,438.79709071420007,True
20260811_184731__rp0p5__vinf25__incm90__toff59132__Om270__om255,115317.0,0.9997989514358285,0.016530323748339338,23.455244433961223,283.7016628975789,1.0561359313897,0.2593811055676787,30.856788616741714,205.49062976453123,396.4400458861357,True
20260811_184731__rp0p5__vinf25__incm90__toff59132__Om270__om270,115317.0,0.9997976351515704,0.016529121965874805,23.455335268116066,283.70642138030115,1.0740460164683305,0.21762435350440876,29.525672858316256,187.10707597192845,406.5669983464424,True
20260811_184731__rp0p5__vinf25__incm90__toff59132__Om270__om285,115317.0,0.9997999360224705,0.01653125455567937,23.45530834863889,283.69718343565955,1.1628474518637344,0.2178282543558404,26.990544339735745,140.43069451810865,458.0173278550079,True
20260811_184731__rp0p5__vinf25__incm90__toff59132__Om270__om30,115317.0,0.9997965945161428,0.016528213604281493,23.455272460226887,283.71108565476106,0.8980006909519325,0.1490459123236677,20.247701737615472,324.95316314272196,310.82274861428255,True
20260811_184731__rp0p5__vinf25__incm90__toff59132__Om270__om300,115317.0,0.9997994184176946,0.01653079918709865,23.4552770110033,283.699506175539,1.0895584781698784,0.15711296229814786,25.21328829608,96.58679140208181,415.4068053056886,True
20260811_184731__rp0p5__vinf25__incm90__toff59132__Om270__om315,115317.0,0.9997945248886411,0.016526320177383282,23.455315747054374,283.7192556773569,0.9657546213450516,0.07856469308986236,24.144500683386465,42.86032746323539,346.6554104596044,True
20260811_184731__rp0p5__vinf25__incm90__toff59132__Om270__om330,115317.0,0.999799167468787,0.016530568394457403,23.455260942327524,283.7006416472667,0.9096142372148344,0.08599511812388051,22.997686671364452,351.93676320962544,316.87185355219225,True
20260811_184731__rp0p5__vinf25__incm90__toff59132__Om270__om345,115317.0,0.9997999127463264,0.016531263792964615,23.455308641822423,283.69725959894424,0.8894878275587293,0.1095757042213713,21.969077579140418,335.9095201525336,306.41343554235704,True
20260811_184731__rp0p5__vinf25__incm90__toff59132__Om270__om45,115317.0,0.9997974979213089,0.01652899708814999,23.45526155336211,283.70748769072867,0.9087131290376028,0.1494350809851252,19.842984295949883,322.0900066949142,316.40110714356985,True
20260811_184731__rp0p5__vinf25__incm90__toff59132__Om270__om60,115317.0,0.999797174479574,0.016528744776034797,23.455265469946458,283.70875996865675,0.920765336028176,0.14258660244582932,19.408697702908,317.1701462619962,322.7165454785684,True
20260811_184731__rp0p5__vinf25__incm90__toff59132__Om270__om75,115317.0,0.9997966672536157,0.016528184721679363,23.455271544026818,283.7108476243191,0.9395706426906636,0.12849777386345976,18.95998990483303,309.35115185437843,332.6533858932543,True
20260811_184731__rp0p5__vinf25__incm90__toff59132__Om270__om90,115317.0,0.9997975630155413,0.016529150604372708,23.455337381130555,283.70665843145656,0.9664722518065783,0.11006096766012503,18.579645965964747,294.819544696448,347.0418699466888,True
20260811_184731__rp0p5__vinf25__incm90__toff59132__Om90__om0,115317.0,0.9997965566926625,0.0165282286233461,23.455272936650953,283.71120943025846,1.2443844779286204,0.3428425487563477,17.307240486357397,178.76518430421424,507.0253437736728,True
20260811_184731__rp0p5__vinf25__incm90__toff59132__Om90__om105,115317.0,0.9997989246486332,0.01653033438143516,23.455243566974072,283.70174955608394,0.9052424968781538,0.08907391028261732,24.98713088918103,328.0537449322866,314.5902011693111,True
20260811_184731__rp0p5__vinf25__incm90__toff59132__Om90__om120,115317.0,0.9997994146304046,0.016530800690390802,23.455276757609028,283.69951831934515,0.890612504991811,0.11224011334624816,25.63904904519908,317.22604118674417,306.9947675908695,True
20260811_184731__rp0p5__vinf25__incm90__toff59132__Om90__om135,115317.0,0.9997945293071031,0.016526318422102122,23.455316042681176,283.71924150779546,0.8882771519362737,0.1298034840595146,26.072057289781405,316.8582608047577,305.788062704595,True
20260811_184731__rp0p5__vinf25__incm90__toff59132__Om90__om15,115317.0,0.9997988897344882,0.016530348239718183,23.455244006749652,283.70186380386554,1.1253498947960068,0.3034773849250674,18.32561222812865,166.74295268549696,436.0428327468977,True
20260811_184731__rp0p5__vinf25__incm90__toff59132__Om90__om150,115317.0,0.9997991630502839,0.01653057014837672,23.455260646700584,283.7006558151238,0.8939045994878944,0.14231021656493045,26.399836549624467,318.4401540658318,308.69852061684645,True
20260811_184731__rp0p5__vinf25__incm90__toff59132__Om90__om165,115317.0,0.9997989013725362,0.016530343620283265,23.45524386015779,283.7018257212932,0.9032213511775803,0.14724728537844112,26.707058142339985,319.96230610094875,313.5372055441995,True
20260811_184731__rp0p5__vinf25__incm90__toff59132__Om90__om180,115317.0,0.999796640683471,0.016528195272018698,23.455272079436597,283.7109347401256,0.9116438112079687,0.1447161170262645,27.054303094568017,319.8510283609619,317.9329739434484,True
20260811_184731__rp0p5__vinf25__incm90__toff59132__Om90__om195,115317.0,0.9997966098329418,0.01652820752246678,23.455271865831293,283.71103519924293,0.9259546989136386,0.13938168119787256,27.461438620967783,317.70195238618044,325.448594455079,True
20260811_184731__rp0p5__vinf25__incm90__toff59132__Om90__om210,115317.0,0.9997965995658348,0.016528211598934917,23.45527279808646,283.71106946185256,0.9444469463712162,0.12436241520184564,27.91586668448516,312.35236931212006,335.2464135633125,True
20260811_184731__rp0p5__vinf25__incm90__toff59132__Om90__om225,115317.0,0.9997975029710098,0.016528995083104393,23.45526189122172,283.70747149815867,0.9705748533738302,0.10634800423280466,28.352515141545002,300.43051086090577,349.2539630565063,True
20260811_184731__rp0p5__vinf25__incm90__toff59132__Om90__om240,115317.0,0.9997971795292715,0.01652874277088279,23.45526580780608,283.7087437759912,1.0081788924587047,0.09543014224113842,28.67984070269107,277.48362316678663,369.746601903222,True
20260811_184731__rp0p5__vinf25__incm90__toff59132__Om90__om255,115317.0,0.9997966723033084,0.016528182716352542,23.455271881886357,283.710831431353,1.0618855266075264,0.10684375246032718,28.800866726512353,248.5378548200606,399.6817723524118,True
20260811_184731__rp0p5__vinf25__incm90__toff59132__Om90__om270,115317.0,0.9997975478664372,0.01652915661937276,23.455336367555503,283.7067070089223,1.1300819952815335,0.14883481384478683,28.577228420622195,228.32331062832796,438.7960646197639,True
20260811_184731__rp0p5__vinf25__incm90__toff59132__Om90__om285,115317.0,0.9997999127463264,0.016531263792964615,23.455308641822423,283.69725959894424,1.2141425076503631,0.20351880553616766,27.879052620843378,217.99112982399342,488.6549322398889,True
20260811_184731__rp0p5__vinf25__incm90__toff59132__Om90__om30,115317.0,0.9997977631734561,0.016529272510042187,23.45525836974274,283.70640587084637,1.0560979131900055,0.25529304969253735,21.355187370388567,153.0212485051515,396.41863983307246,True
20260811_184731__rp0p5__vinf25__incm90__toff59132__Om90__om300,115317.0,0.9997994300557552,0.01653079456806873,23.45527686441149,283.6994680934049,1.3013036177034494,0.25784533714854163,26.538405903779594,211.78748060101353,542.2077815243902,True
20260811_184731__rp0p5__vinf25__incm90__toff59132__Om90__om315,115317.0,0.9997945248886411,0.016526320177383282,23.455315747054374,283.7192556773569,1.3765614613016401,0.30964669001824846,24.385433886946004,206.4698770887997,589.9173922477407,True
20260811_184731__rp0p5__vinf25__incm90__toff59132__Om90__om330,115317.0,0.9997991791068419,0.016530563775233292,23.4552607957357,283.70060356488864,1.4035317115093944,0.3477022987494407,21.48552044481761,199.29069774802358,607.338950589039,True
20260811_184731__rp0p5__vinf25__incm90__toff59132__Om90__om345,115317.0,0.9998000174889868,0.016531222225408405,23.455307322496548,283.69691686348534,1.3571486883953139,0.3586099924515079,18.657681311046673,190.1968448227656,577.4826454670264,True
20260811_184731__rp0p5__vinf25__incm90__toff59132__Om90__om45,115317.0,0.9997975342901102,0.016528982649006582,23.45526109526224,283.7073686779932,1.0856240365890018,0.21730816863098232,24.379536909945028,125.99853077741157,413.15876059070314,True
20260811_184731__rp0p5__vinf25__incm90__toff59132__Om90__om60,115317.0,0.9997971846628311,0.0165287407328507,23.455265341678462,283.7087266449255,1.1725117179453612,0.22037043096634373,24.73894318168341,87.48450997605725,463.7389537964142,True
20260811_184731__rp0p5__vinf25__incm90__toff59132__Om90__om75,115317.0,0.999798946386113,0.016530325752898842,23.45524409610155,283.7016790895391,1.077801045971383,0.14977189918901934,23.878332299423892,58.61303031986808,408.70099164306237,True
20260811_184731__rp0p5__vinf25__incm90__toff59132__Om90__om90,115317.0,0.9997976503006771,0.016529115950945777,23.45533628169106,283.7063728026277,0.9563723537336496,0.07878078733764361,24.20192262031925,9.815545985477804,341.61608423711164,True
20260811_184731__rp0p75__vinf25__inc0__toff59132__Om0__om0,115317.0,0.9997964389790763,0.01652869622229233,23.455290879418662,283.7099636835923,1.206034992998418,0.1227232217314409,22.357293441186382,132.96202949046165,483.76857516445165,True
20260811_184731__rp0p75__vinf25__inc0__toff59132__Om0__om105,115317.0,0.9998034525547191,0.016525730588668585,23.45529146788084,283.70219840350177,1.2636482040143926,0.4864323361807919,21.72009343845367,194.4264873298817,518.8443204078595,True
20260811_184731__rp0p75__vinf25__inc0__toff59132__Om0__om120,115317.0,0.999804612519354,0.016526805309604098,23.455277377362126,283.69752070596667,0.8834527804748379,0.48329957280724894,20.6197127054176,236.22576760550263,303.3002744198886,True
20260811_184731__rp0p75__vinf25__inc0__toff59132__Om0__om135,115317.0,0.9997899907185563,0.01653237730240775,23.455283673990824,283.7153680823531,0.8401352672503387,0.3497049449697698,20.59109167065099,275.3164385995345,281.26883493139195,True
20260811_184731__rp0p75__vinf25__inc0__toff59132__Om0__om15,115317.0,0.9997986489867164,0.01653085560799641,23.455264384108705,283.7010413977995,1.3608147003903979,0.18770144127619223,21.86954813711734,144.96780177001895,579.8241214177968,True
20260811_184731__rp0p75__vinf25__inc0__toff59132__Om0__om150,115317.0,0.9998033710876452,0.016525762925939883,23.45529249402518,283.70246505458215,0.9508864322027365,0.09018307972314099,20.568989297274886,286.68913411807415,338.680947722822,True
20260811_184731__rp0p75__vinf25__inc0__toff59132__Om0__om165,115317.0,0.9997916652544185,0.016533800254217437,23.455263502346615,283.70872665184584,0.8727465947688724,0.129298446131825,22.762002923633855,276.186046400458,297.80366268801816,True
20260811_184731__rp0p75__vinf25__inc0__toff59132__Om0__om180,115317.0,0.999796315309515,0.016528739250256694,23.45529249191943,283.7103814983234,0.8168843959081857,0.17528038950863023,24.131893801539256,267.63383097512076,269.67376018460453,True
20260811_184731__rp0p75__vinf25__inc0__toff59132__Om0__om195,115317.0,0.99979401005475,0.016526621173489613,23.455320160299994,283.7196114129637,0.8002033009807196,0.18772320439473528,24.684432873578928,269.43476361917755,261.4558107202604,True
20260811_184731__rp0p75__vinf25__inc0__toff59132__Om0__om210,115317.0,0.9997975590352277,0.016525127444160032,23.455319868123695,283.7155782470985,0.8074145011297363,0.18637142685807126,24.822179454616144,276.6267335931831,264.998007146519,True
20260811_184731__rp0p75__vinf25__inc0__toff59132__Om0__om225,115317.0,0.999799589419219,0.016530460013268813,23.45526365142453,283.69986143208683,0.8202823033702565,0.17515084323722827,24.83945953181722,284.84220389628433,271.35810875390894,True
20260811_184731__rp0p75__vinf25__inc0__toff59132__Om0__om240,115317.0,0.999794070738487,0.016526577318588042,23.455319573897242,283.7194554834628,0.8354959819749458,0.162957100015888,24.782445393560547,294.78164414389096,278.94227514606416,True
20260811_184731__rp0p75__vinf25__inc0__toff59132__Om0__om255,115317.0,0.9997987079441094,0.01653084740229101,23.455263504586643,283.7008156881219,0.8508804400839134,0.14961789628601113,24.665667455113933,305.2795361513637,286.6821156264967,True
20260811_184731__rp0p75__vinf25__inc0__toff59132__Om0__om270,115317.0,0.9997963429338179,0.016528722203971252,23.45529219872439,283.7103042232177,0.8667487030466864,0.138359310082706,24.470269112566776,317.73668745480376,294.73899007519435,True
20260811_184731__rp0p75__vinf25__inc0__toff59132__Om0__om285,115317.0,0.9998034191109455,0.01652574994167047,23.455291834372,283.70229474769206,0.8817421446842919,0.13859260491114717,24.023341021730026,328.75074645906545,302.4197773319892,True
20260811_184731__rp0p75__vinf25__inc0__toff59132__Om0__om30,115317.0,0.999798612665594,0.016530888258643867,23.45526467732705,283.70112089667526,1.4538173520561002,0.22140403141219,21.697060146952087,145.01059538204348,640.2691289217641,True
20260811_184731__rp0p75__vinf25__inc0__toff59132__Om0__om300,115317.0,0.9997904674988181,0.016532752959782397,23.455277959385032,283.71350048469446,0.9010508175725868,0.21576295477184987,24.001810545383567,91.17090469134477,312.40769168377807,True
20260811_184731__rp0p75__vinf25__inc0__toff59132__Om0__om315,115317.0,0.9997900129191098,0.01653237456241386,23.4552833395893,283.7152823313137,0.9358315648754201,0.08475036994153708,23.908044868984863,9.887613676291437,330.66964158085005,True
20260811_184731__rp0p75__vinf25__inc0__toff59132__Om0__om330,115317.0,0.9998034074727921,0.01652575456127723,23.455291980964024,283.702332840696,0.9885022722973097,0.06571905468945102,23.49977112644375,45.042305936425144,358.9750778190135,True
20260811_184731__rp0p75__vinf25__inc0__toff59132__Om0__om345,115317.0,0.9997893032576407,0.016531710703059012,23.455291830172072,283.718125941066,1.0760848529005618,0.07173915727097903,22.950902206950303,99.52702808967572,407.7252125004836,True
20260811_184731__rp0p75__vinf25__inc0__toff59132__Om0__om45,115317.0,0.9997991383782978,0.0165306640646615,23.45526365131343,283.7003587539058,1.3015001552346355,0.15633551375207844,22.399092016914864,131.8881969114323,542.3306216527626,True
20260811_184731__rp0p75__vinf25__inc0__toff59132__Om0__om60,115317.0,0.9997986835809348,0.016530858591836308,23.4552637977732,283.70089212940627,0.8222854335877774,0.23977271086844465,27.856985224426218,3.661260290869434,272.3527005009115,True
20260811_184731__rp0p75__vinf25__inc0__toff59132__Om0__om75,115317.0,0.9998057418618345,0.016527861901885623,23.45526394653297,283.6930094523689,-0.43874230913067364,1.753298068785664,27.32922027057384,159.9899434824633,,False
20260811_184731__rp0p75__vinf25__inc0__toff59132__Om0__om90,115317.0,0.9997987312201987,0.016530838163775846,23.455263211403025,283.7007395247582,4.537914285852117,0.8313681537334819,20.994871681582026,162.11816991866863,3530.8740254560216,True
20260811_184731__rp0p75__vinf25__inc0__toff59132__Om180__om0,115317.0,0.999796315309515,0.016528739250256694,23.45529249191943,283.7103814983234,0.8168843959081857,0.17528038950863023,24.131893801539256,267.63383097512076,269.67376018460453,True
20260811_184731__rp0p75__vinf25__inc0__toff59132__Om180__om105,115317.0,0.9998034191109455,0.01652574994167047,23.455291834372,283.70229474769206,0.8817421593569288,0.13859257684293888,24.02333996413055,328.7507673505803,302.41978488061716,True
20260811_184731__rp0p75__vinf25__inc0__toff59132__Om180__om120,115317.0,0.9997904674988181,0.016532752959782397,23.455277959385032,283.71350048469446,0.9040857250148211,0.2084360295668861,24.056567303935186,90.97776151574125,313.9873911815078,True
20260811_184731__rp0p75__vinf25__inc0__toff59132__Om180__om135,115317.0,0.9997900129191098,0.01653237456241386,23.4552833395893,283.7152823313137,0.9358315648754201,0.08475036994153708,23.908044868984863,9.887613676291437,330.66964158085005,True
20260811_184731__rp0p75__vinf25__inc0__toff59132__Om180__om15,115317.0,0.99979401005475,0.016526621173489613,23.455320160299994,283.7196114129637,0.8002033009807196,0.18772320439473528,24.684432873578928,269.43476361917755,261.4558107202604,True
20260811_184731__rp0p75__vinf25__inc0__toff59132__Om180__om150,115317.0,0.9998034074727921,0.01652575456127723,23.455291980964024,283.702332840696,0.9885022722973097,0.06571905468945102,23.49977112644375,45.042305936425144,358.9750778190135,True
20260811_184731__rp0p75__vinf25__inc0__toff59132__Om180__om165,115317.0,0.9997893032576407,0.016531710703059012,23.455291830172072,283.718125941066,1.076084854083823,0.07173915011780962,22.95090219617814,99.52702784238419,407.72521317298464,True
20260811_184731__rp0p75__vinf25__inc0__toff59132__Om180__om180,115317.0,0.9997964389790763,0.01652869622229233,23.455290879418662,283.7099636835923,1.206034992998418,0.1227232217314409,22.357293441186382,132.96202949046165,483.76857516445165,True
20260811_184731__rp0p75__vinf25__inc0__toff59132__Om180__om195,115317.0,0.9997986489867164,0.01653085560799641,23.455264384108705,283.7010413977995,1.3608147003903979,0.18770144127619223,21.86954813711734,144.96780177001895,579.8241214177968,True
20260811_184731__rp0p75__vinf25__inc0__toff59132__Om180__om210,115317.0,0.999798612665594,0.016530888258643867,23.45526467732705,283.70112089667526,1.4538173520561002,0.22140403141219,21.697060146952087,145.01059538204348,640.2691289217641,True
20260811_184731__rp0p75__vinf25__inc0__toff59132__Om180__om225,115317.0,0.9997991383782978,0.0165306640646615,23.45526365131343,283.7003587539058,1.301500257055502,0.15633515001844053,22.399096954779022,131.8883561073861,542.3306852953692,True
20260811_184731__rp0p75__vinf25__inc0__toff59132__Om180__om240,115317.0,0.9997986835809348,0.016530858591836308,23.4552637977732,283.70089212940627,0.8222846619839921,0.23977340427178262,27.856971406335166,3.6616237279591624,272.35231715168123,True
20260811_184731__rp0p75__vinf25__inc0__toff59132__Om180__om255,115317.0,0.9998057418618345,0.016527861901885623,23.45526394653297,283.6930094523689,-0.43874230913067364,1.753298068785664,27.32922027057384,159.9899434824633,,False
20260811_184731__rp0p75__vinf25__inc0__toff59132__Om180__om270,115317.0,0.9997987312201987,0.016530838163775846,23.455263211403025,283.7007395247582,4.537914193955969,0.8313681746423239,20.994871305607457,162.1181725194082,3530.873918201775,True
20260811_184731__rp0p75__vinf25__inc0__toff59132__Om180__om285,115317.0,0.9998034525547191,0.016525730588668585,23.45529146788084,283.70219840350177,1.2636482521742618,0.48643234037263744,21.720093479657496,194.42648011306238,518.8443500689726,True
20260811_184731__rp0p75__vinf25__inc0__toff59132__Om180__om30,115317.0,0.9997975590352277,0.016525127444160032,23.455319868123695,283.7155782470985,0.8074145117907265,0.18637143160474473,24.82217932411247,276.6267273053503,264.99801239501494,True
20260811_184731__rp0p75__vinf25__inc0__toff59132__Om180__om300,115317.0,0.999804612519354,0.016526805309604098,23.455277377362126,283.69752070596667,0.88531264884564,0.4840093942083824,20.625829124110624,236.28114171352468,304.2585520740293,True
20260811_184731__rp0p75__vinf25__inc0__toff59132__Om180__om315,115317.0,0.9997899907185563,0.01653237730240775,23.455283673990824,283.7153680823531,0.8398934848881167,0.34988654372622197,20.590087700899637,275.1431137626637,281.1474242141572,True
20260811_184731__rp0p75__vinf25__inc0__toff59132__Om180__om330,115317.0,0.9998033710876452,0.016525762925939883,23.45529249402518,283.70246505458215,0.9508864349583837,0.09018306672807337,20.568989192436476,286.68913171685006,338.6809491950565,True
20260811_184731__rp0p75__vinf25__inc0__toff59132__Om180__om345,115317.0,0.9997916652544185,0.016533800254217437,23.455263502346615,283.70872665184584,0.8727465949806287,0.1292984460578018,22.762002910907665,276.1860449287061,297.8036627964032,True
20260811_184731__rp0p75__vinf25__inc0__toff59132__Om180__om45,115317.0,0.999799589419219,0.016530460013268813,23.45526365142453,283.69986143208683,0.8202823033702565,0.17515084323722827,24.83945953181722,284.84220389628433,271.35810875390894,True
20260811_184731__rp0p75__vinf25__inc0__toff59132__Om180__om60,115317.0,0.999794070738487,0.016526577318588042,23.455319573897242,283.7194554834628,0.835495981751769,0.16295709708230047,24.78244538994452,294.78164444195556,278.94227503429806,True
20260811_184731__rp0p75__vinf25__inc0__toff59132__Om180__om75,115317.0,0.9997987079441094,0.01653084740229101,23.455263504586643,283.7008156881219,0.8508804400839134,0.14961789628601113,24.665667455113933,305.2795361513637,286.6821156264967,True
20260811_184731__rp0p75__vinf25__inc0__toff59132__Om180__om90,115317.0,0.9997963429338179,0.016528722203971252,23.45529219872439,283.7103042232177,0.8667487030466864,0.138359310082706,24.470269112566776,317.73668745480376,294.73899007519435,True
20260811_184731__rp0p75__vinf25__inc0__toff59132__Om270__om0,115317.0,0.9997963429338179,0.016528722203971252,23.45529219872439,283.7103042232177,0.8667487030466864,0.138359310082706,24.470269112566776,317.73668745480376,294.73899007519435,True
20260811_184731__rp0p75__vinf25__inc0__toff59132__Om270__om105,115317.0,0.9997986489867164,0.01653085560799641,23.455264384108705,283.7010413977995,1.3608147003903979,0.18770144127619223,21.86954813711734,144.96780177001895,579.8241214177968,True
20260811_184731__rp0p75__vinf25__inc0__toff59132__Om270__om120,115317.0,0.999798612665594,0.016530888258643867,23.45526467732705,283.70112089667526,1.4538173520561002,0.22140403141219,21.697060146952087,145.01059538204348,640.2691289217641,True
20260811_184731__rp0p75__vinf25__inc0__toff59132__Om270__om135,115317.0,0.9997991383782978,0.0165306640646615,23.45526365131343,283.7003587539058,1.3014998794283756,0.15633581823997791,22.399090556245127,131.88800704158228,542.3304492614972,True
20260811_184731__rp0p75__vinf25__inc0__toff59132__Om270__om15,115317.0,0.9998034191109455,0.01652574994167047,23.455291834372,283.70229474769206,0.8817421427804562,0.13859258373545788,24.023339949102528,328.75075494947794,302.41977635252334,True
20260811_184731__rp0p75__vinf25__inc0__toff59132__Om270__om150,115317.0,0.9997986835809348,0.016530858591836308,23.4552637977732,283.70089212940627,0.8222854335877774,0.23977271086844465,27.856985224426218,3.661260290869434,272.3527005009115,True
20260811_184731__rp0p75__vinf25__inc0__toff59132__Om270__om165,115317.0,0.9998057418618345,0.016527861901885623,23.45526394653297,283.6930094523689,-0.4387435493922557,1.751771087217867,27.33786500418068,160.01865242181188,,False
20260811_184731__rp0p75__vinf25__inc0__toff59132__Om270__om180,115317.0,0.9997987312201987,0.016530838163775846,23.455263211403025,283.7007395247582,4.537914193955969,0.8313681746423239,20.994871305607457,162.1181725194082,3530.873918201775,True
20260811_184731__rp0p75__vinf25__inc0__toff59132__Om270__om195,115317.0,0.9998034525547191,0.016525730588668585,23.45529146788084,283.70219840350177,1.2636482280943258,0.48643233827671356,21.720093459055597,194.42648372147204,518.8443352384152,True
20260811_184731__rp0p75__vinf25__inc0__toff59132__Om270__om210,115317.0,0.999804612519354,0.016526805309604098,23.455277377362126,283.69752070596667,0.884953128711269,0.4837444925631866,20.62015046193316,236.27937522467613,304.0732345431696,True
20260811_184731__rp0p75__vinf25__inc0__toff59132__Om270__om225,115317.0,0.9997899907185563,0.01653237730240775,23.455283673990824,283.7153680823531,0.839876056395765,0.349579976495878,20.59038325740518,275.2785200533833,281.1386731932223,True
20260811_184731__rp0p75__vinf25__inc0__toff59132__Om270__om240,115317.0,0.9998033710876452,0.016525762925939883,23.45529249402518,283.70246505458215,0.9508864349583837,0.09018306672807337,20.568989192436476,286.68913171685006,338.6809491950565,True
20260811_184731__rp0p75__vinf25__inc0__toff59132__Om270__om255,115317.0,0.9997916652544185,0.016533800254217437,23.455263502346615,283.70872665184584,0.8727465949806287,0.1292984460578018,22.762002910907665,276.1860449287061,297.8036627964032,True
20260811_184731__rp0p75__vinf25__inc0__toff59132__Om270__om270,115317.0,0.999796315309515,0.016528739250256694,23.45529249191943,283.7103814983234,0.816884396299794,0.17528038994176884,24.131893800242135,267.6338302151214,269.67376037852387,True
20260811_184731__rp0p75__vinf25__inc0__toff59132__Om270__om285,115317.0,0.99979401005475,0.016526621173489613,23.455320160299994,283.7196114129637,0.8002033009807196,0.18772320439473528,24.684432873578928,269.43476361917755,261.4558107202604,True
20260811_184731__rp0p75__vinf25__inc0__toff59132__Om270__om30,115317.0,0.9997904674988181,0.016532752959782397,23.455277959385032,283.71350048469446,0.9033887038909667,0.211530933997425,24.020756001667834,90.59963465967932,313.62434985131546,True
20260811_184731__rp0p75__vinf25__inc0__toff59132__Om270__om300,115317.0,0.9997975590352277,0.016525127444160032,23.455319868123695,283.7155782470985,0.8074145011297363,0.18637142685807126,24.822179454616144,276.6267335931831,264.998007146519,True
20260811_184731__rp0p75__vinf25__inc0__toff59132__Om270__om315,115317.0,0.999799589419219,0.016530460013268813,23.45526365142453,283.69986143208683,0.8202823033702565,0.17515084323722827,24.83945953181722,284.84220389628433,271.35810875390894,True
20260811_184731__rp0p75__vinf25__inc0__toff59132__Om270__om330,115317.0,0.999794070738487,0.016526577318588042,23.455319573897242,283.7194554834628,0.835495981751769,0.16295709708230047,24.78244538994452,294.78164444195556,278.94227503429806,True
20260811_184731__rp0p75__vinf25__inc0__toff59132__Om270__om345,115317.0,0.9997987079441094,0.01653084740229101,23.455263504586643,283.7008156881219,0.8508804400839134,0.14961789628601113,24.665667455113933,305.2795361513637,286.6821156264967,True
20260811_184731__rp0p75__vinf25__inc0__toff59132__Om270__om45,115317.0,0.9997900129191098,0.01653237456241386,23.4552833395893,283.7152823313137,0.9358315424351791,0.0847504033670024,23.908044825120815,9.887601955678033,330.6696296871931,True
20260811_184731__rp0p75__vinf25__inc0__toff59132__Om270__om60,115317.0,0.9998034074727921,0.01652575456127723,23.455291980964024,283.702332840696,0.9885022722973097,0.06571905468945102,23.49977112644375,45.042305936425144,358.9750778190135,True
20260811_184731__rp0p75__vinf25__inc0__toff59132__Om270__om75,115317.0,0.9997893032576407,0.016531710703059012,23.455291830172072,283.718125941066,1.0760848529005618,0.07173915727097903,22.950902206950303,99.52702808967572,407.7252125004836,True
20260811_184731__rp0p75__vinf25__inc0__toff59132__Om270__om90,115317.0,0.9997964389790763,0.01652869622229233,23.455290879418662,283.7099636835923,1.206034992998418,0.1227232217314409,22.357293441186382,132.96202949046165,483.76857516445165,True
20260811_184731__rp0p75__vinf25__inc0__toff59132__Om90__om0,115317.0,0.9997987312201987,0.016530838163775846,23.455263211403025,283.7007395247582,4.537914285852117,0.8313681537334819,20.994871681582026,162.11816991866863,3530.8740254560216,True
20260811_184731__rp0p75__vinf25__inc0__toff59132__Om90__om105,115317.0,0.99979401005475,0.016526621173489613,23.455320160299994,283.7196114129637,0.8002033009807196,0.18772320439473528,24.684432873578928,269.43476361917755,261.4558107202604,True
20260811_184731__rp0p75__vinf25__inc0__toff59132__Om90__om120,115317.0,0.9997975590352277,0.016525127444160032,23.455319868123695,283.7155782470985,0.8074145117907265,0.18637143160474473,24.82217932411247,276.6267273053503,264.99801239501494,True
20260811_184731__rp0p75__vinf25__inc0__toff59132__Om90__om135,115317.0,0.999799589419219,0.016530460013268813,23.45526365142453,283.69986143208683,0.8202823033702565,0.17515084323722827,24.83945953181722,284.84220389628433,271.35810875390894,True
20260811_184731__rp0p75__vinf25__inc0__toff59132__Om90__om15,115317.0,0.9998034525547191,0.016525730588668585,23.45529146788084,283.70219840350177,1.2636482280943258,0.48643233827671356,21.720093459055597,194.42648372147204,518.8443352384152,True
20260811_184731__rp0p75__vinf25__inc0__toff59132__Om90__om150,115317.0,0.999794070738487,0.016526577318588042,23.455319573897242,283.7194554834628,0.835495981751769,0.16295709708230047,24.78244538994452,294.78164444195556,278.94227503429806,True
20260811_184731__rp0p75__vinf25__inc0__toff59132__Om90__om165,115317.0,0.9997987079441094,0.01653084740229101,23.455263504586643,283.7008156881219,0.8508804400839134,0.14961789628601113,24.665667455113933,305.2795361513637,286.6821156264967,True
20260811_184731__rp0p75__vinf25__inc0__toff59132__Om90__om180,115317.0,0.9997963429338179,0.016528722203971252,23.45529219872439,283.7103042232177,0.8667487030466864,0.138359310082706,24.470269112566776,317.73668745480376,294.73899007519435,True
20260811_184731__rp0p75__vinf25__inc0__toff59132__Om90__om195,115317.0,0.9998034191109455,0.01652574994167047,23.455291834372,283.70229474769206,0.8817421593569288,0.13859257684293888,24.02333996413055,328.7507673505803,302.41978488061716,True
20260811_184731__rp0p75__vinf25__inc0__toff59132__Om90__om210,115317.0,0.9997904674988181,0.016532752959782397,23.455277959385032,283.71350048469446,0.9010508175725868,0.21576295477184987,24.001810545383567,91.17090469134477,312.40769168377807,True
20260811_184731__rp0p75__vinf25__inc0__toff59132__Om90__om225,115317.0,0.9997900129191098,0.01653237456241386,23.4552833395893,283.7152823313137,0.9358315424351791,0.0847504033670024,23.908044825120815,9.887601955678033,330.6696296871931,True
20260811_184731__rp0p75__vinf25__inc0__toff59132__Om90__om240,115317.0,0.9998034074727921,0.01652575456127723,23.455291980964024,283.702332840696,0.9885022722973097,0.06571905468945102,23.49977112644375,45.042305936425144,358.9750778190135,True
20260811_184731__rp0p75__vinf25__inc0__toff59132__Om90__om255,115317.0,0.9997893032576407,0.016531710703059012,23.455291830172072,283.718125941066,1.0760848529005618,0.07173915727097903,22.950902206950303,99.52702808967572,407.7252125004836,True
20260811_184731__rp0p75__vinf25__inc0__toff59132__Om90__om270,115317.0,0.9997964389790763,0.01652869622229233,23.455290879418662,283.7099636835923,1.206034992998418,0.1227232217314409,22.357293441186382,132.96202949046165,483.76857516445165,True
20260811_184731__rp0p75__vinf25__inc0__toff59132__Om90__om285,115317.0,0.9997986489867164,0.01653085560799641,23.455264384108705,283.7010413977995,1.3608147003903979,0.18770144127619223,21.86954813711734,144.96780177001895,579.8241214177968,True
20260811_184731__rp0p75__vinf25__inc0__toff59132__Om90__om30,115317.0,0.999804612519354,0.016526805309604098,23.455277377362126,283.69752070596667,0.8850472587977879,0.4837407607159729,20.621283636232448,236.2778725492156,304.1217510126692,True
20260811_184731__rp0p75__vinf25__inc0__toff59132__Om90__om300,115317.0,0.999798612665594,0.016530888258643867,23.45526467732705,283.70112089667526,1.4538173520561002,0.22140403141219,21.697060146952087,145.01059538204348,640.2691289217641,True
20260811_184731__rp0p75__vinf25__inc0__toff59132__Om90__om315,115317.0,0.9997991383782978,0.0165306640646615,23.45526365131343,283.7003587539058,1.3014998794283756,0.15633581823997791,22.399090556245127,131.88800704158228,542.3304492614972,True
20260811_184731__rp0p75__vinf25__inc0__toff59132__Om90__om330,115317.0,0.9997986835809348,0.016530858591836308,23.4552637977732,283.70089212940627,0.8222818273316016,0.2397762361748034,27.85688375591838,3.6637382385948567,272.35090883741265,True
20260811_184731__rp0p75__vinf25__inc0__toff59132__Om90__om345,115317.0,0.9998057418618345,0.016527861901885623,23.45526394653297,283.6930094523689,-0.43874230913067364,1.753298068785664,27.32922027057384,159.9899434824633,,False
20260811_184731__rp0p75__vinf25__inc0__toff59132__Om90__om45,115317.0,0.9997899907185563,0.01653237730240775,23.455283673990824,283.7153680823531,0.8398849948092404,0.34996716673515127,20.592835458396447,275.275185146184,281.1431612489987,True
20260811_184731__rp0p75__vinf25__inc0__toff59132__Om90__om60,115317.0,0.9998033710876452,0.016525762925939883,23.45529249402518,283.70246505458215,0.9508864322027365,0.09018307972314099,20.568989297274886,286.68913411807415,338.680947722822,True
20260811_184731__rp0p75__vinf25__inc0__toff59132__Om90__om75,115317.0,0.9997916652544185,0.016533800254217437,23.455263502346615,283.70872665184584,0.8727465949806287,0.1292984460578018,22.762002910907665,276.1860449287061,297.8036627964032,True
20260811_184731__rp0p75__vinf25__inc0__toff59132__Om90__om90,115317.0,0.999796315309515,0.016528739250256694,23.45529249191943,283.7103814983234,0.8168843959081857,0.17528038950863023,24.131893801539256,267.63383097512076,269.67376018460453,True
20260811_184731__rp0p75__vinf25__inc30__toff59132__Om0__om0,115317.0,0.9997960555181687,0.01652844442011342,23.4552716569389,283.7116027865887,1.2058880557989717,0.11956502224082675,23.720058598151006,130.40832413633441,483.6801679853064,True
20260811_184731__rp0p75__vinf25__inc30__toff59132__Om0__om105,115317.0,0.9998031217395701,0.01652545783001088,23.45527067903077,283.7036645839711,1.2769612449509247,0.5370532661019974,23.884160732193912,201.13179287986745,527.0652281913776,True
20260811_184731__rp0p75__vinf25__inc30__toff59132__Om0__om120,115317.0,0.9998047547524254,0.016527005575400877,23.455289340237357,283.696809987137,0.8593635504105498,0.6328770249685,25.73778785021566,219.801660204519,290.98002999261956,True
20260811_184731__rp0p75__vinf25__inc30__toff59132__Om0__om135,115317.0,0.9997902048093441,0.01653249155046558,23.45528054503258,283.71455135633414,0.9242281306143866,0.6110499169620424,71.23507853349693,173.12026945281298,324.53875425490014,True
20260811_184731__rp0p75__vinf25__inc30__toff59132__Om0__om15,115317.0,0.9997961048053225,0.016528415732795825,23.455270817159093,283.7114609337692,1.3752108277701973,0.19501403353784103,23.859067131469054,144.88126229087976,589.0493960531302,True
20260811_184731__rp0p75__vinf25__inc30__toff59132__Om0__om150,115317.0,0.999803300195317,0.01652571738203899,23.455287911749597,283.7027662370448,2.319395116222704,0.567853340248242,28.867220757181503,37.975803425949834,1290.2084975450166,True
20260811_184731__rp0p75__vinf25__inc30__toff59132__Om0__om165,115317.0,0.9997912716956935,0.01653355245158671,23.455243604282213,283.71039764508834,0.9374734570686732,0.07702210484994673,23.95086429360683,311.80638903011516,331.540250123557,True
20260811_184731__rp0p75__vinf25__inc30__toff59132__Om0__om180,115317.0,0.9997983837948461,0.01653055983128654,23.45524304254047,283.7022861060348,0.8183962081785686,0.1537223547366753,23.177701593033746,270.64869398194725,270.42273643181727,True
20260811_184731__rp0p75__vinf25__inc30__toff59132__Om0__om195,115317.0,0.999798332333297,0.01653059241397,23.455243882326474,283.70242851270035,0.7939760992584098,0.18800932498542006,23.00407905260469,269.6139621780168,258.4097727949161,True
20260811_184731__rp0p75__vinf25__inc30__toff59132__Om0__om210,115317.0,0.999801877257827,0.01652910065051086,23.455244243668066,283.6984085417318,0.7994714067814639,0.1886614748479185,22.962244609852867,274.38928801671193,261.0971876766661,True
20260811_184731__rp0p75__vinf25__inc30__toff59132__Om0__om225,115317.0,0.9998002185937626,0.016531127812237756,23.45530929527788,283.69693002966454,0.8150440817339513,0.17867924928224582,22.97169382654445,282.07241342113616,268.76297373603217,True
20260811_184731__rp0p75__vinf25__inc30__toff59132__Om0__om240,115317.0,0.9997984147550159,0.016530539944097554,23.455243825047727,283.7022021076518,0.8314229544955037,0.1663324784270709,22.99849863646087,292.5309933415174,276.9050054564439,True
20260811_184731__rp0p75__vinf25__inc30__toff59132__Om0__om255,115317.0,0.9997959932561266,0.016528475221718443,23.455271483134286,283.7117926631094,0.8480724643010666,0.15371599511390727,23.035191952885377,303.65684193814144,285.26417505154166,True
20260811_184731__rp0p75__vinf25__inc30__toff59132__Om0__om270,115317.0,0.9997965182957759,0.016528909275438496,23.455304296435425,283.7094854641125,0.8638625763457022,0.14458734514598287,23.078697189737174,316.3998948832001,293.2680697166787,True
20260811_184731__rp0p75__vinf25__inc30__toff59132__Om0__om285,115317.0,0.9998031138207976,0.016525467050756575,23.455271828044467,283.7036782942616,0.8717006564305727,0.14618643328223563,23.11661081329219,323.10722170865205,297.26847138422187,True
20260811_184731__rp0p75__vinf25__inc30__toff59132__Om0__om30,115317.0,0.9997984126116166,0.016530563587331664,23.455243847430445,283.7021600979332,1.486236121432019,0.23639655882731067,23.92471620420961,147.8978603085879,661.8041842039095,True
20260811_184731__rp0p75__vinf25__inc30__toff59132__Om0__om300,115317.0,0.9997904430747627,0.016532688976906452,23.455273594722044,283.7136502247543,0.9242931343962705,0.25674719416555236,22.47690727903874,83.09324170536772,324.57299355680857,True
20260811_184731__rp0p75__vinf25__inc30__toff59132__Om0__om315,115317.0,0.9997899988696952,0.016532347757867716,23.455281053501807,283.71535865435936,0.9302448622234969,0.0919204262978081,23.318903585638015,3.3039293775543093,327.7130307755858,True
20260811_184731__rp0p75__vinf25__inc30__toff59132__Om0__om330,115317.0,0.9998033460487584,0.016525705258461896,23.4552880321749,283.70260365452305,0.981449319916044,0.06782391581028514,23.40442840848911,34.50900220216073,355.14001441450205,True
20260811_184731__rp0p75__vinf25__inc30__toff59132__Om0__om345,115317.0,0.9997894662120931,0.016531902673919466,23.45530448567406,283.7173481461664,1.0694290717090273,0.06917833700368942,23.554222586970816,92.035220854893,403.9482855754532,True
20260811_184731__rp0p75__vinf25__inc30__toff59132__Om0__om45,115317.0,0.9997952558688111,0.016527031377808234,23.455363606343283,283.7156123482663,1.3240084848407017,0.16751708304896365,23.764015750205843,138.38365466069493,556.4599889127809,True
20260811_184731__rp0p75__vinf25__inc30__toff59132__Om0__om60,115317.0,0.9997982689925705,0.016530619075413498,23.4552452686701,283.70263299380855,0.7627308964791291,0.3180637165268191,22.081820656230068,357.46159712143935,243.30710925841916,True
20260811_184731__rp0p75__vinf25__inc30__toff59132__Om0__om75,115317.0,0.9998040926668444,0.01652638793567235,23.45533662760376,283.6992431419054,-0.33595193277621166,2.6386862806542295,22.873326701048846,137.08181139661366,,False
20260811_184731__rp0p75__vinf25__inc30__toff59132__Om0__om90,115317.0,0.9997983368898871,0.016530590605353397,23.455243724565626,283.7024135196814,4.920238142201669,0.836251402139152,13.014180163653545,156.81116307548118,3986.364213392587,True
20260811_184731__rp0p75__vinf25__inc30__toff59132__Om180__om0,115317.0,0.9997983913694106,0.016530556824373283,23.455243549329925,283.70226181856214,0.8553856582269266,0.17866001732781978,24.671610391322037,260.1314545378224,288.9620016214428,True
20260811_184731__rp0p75__vinf25__inc30__toff59132__Om180__om105,115317.0,0.9998030999339645,0.016525472563796686,23.45527089893027,283.7037228348974,0.8972977246266483,0.0926213202693043,25.28207320412135,326.4055786200003,310.4578460680616,True
20260811_184731__rp0p75__vinf25__inc30__toff59132__Om180__om120,115317.0,0.9997906839233749,0.01653292371370682,23.45528898782809,283.71254707280207,0.9368054830727859,0.07714545574112289,24.202996655851273,74.74415728351858,331.18596679380437,True
20260811_184731__rp0p75__vinf25__inc30__toff59132__Om180__om135,115317.0,0.9997900245572722,0.016532378853608323,23.455282682013905,283.71523491784325,0.9636415299415686,0.05680524761537103,24.4465295769299,30.784985286476108,345.5182990504389,True
20260811_184731__rp0p75__vinf25__inc30__toff59132__Om180__om15,115317.0,0.999798332333297,0.01653059241397,23.455243882326474,283.70242851270035,0.8458744769418988,0.1775103122869858,25.50562813414702,267.5092495007902,284.15589602891123,True
20260811_184731__rp0p75__vinf25__inc30__toff59132__Om180__om150,115317.0,0.9998033365804588,0.01652570901719309,23.455287398688526,283.70263402293386,1.0247305258475228,0.06009648559312427,23.41891534661024,77.00871284939451,378.88926516459696,True
20260811_184731__rp0p75__vinf25__inc30__toff59132__Om180__om165,115317.0,0.9997889504320518,0.016531446793887076,23.455271418831526,283.7196640127419,1.1145180313277316,0.08650166086996974,22.27767188823185,108.62566115580735,429.76242253486106,True
20260811_184731__rp0p75__vinf25__inc30__toff59132__Om180__om180,115317.0,0.9997960479436397,0.016528447428199134,23.45527115014954,283.7116270754967,1.219694705683974,0.12872021901165248,21.1492115153216,128.5360484025397,492.01064414732025,True
20260811_184731__rp0p75__vinf25__inc30__toff59132__Om180__om195,115317.0,0.9997961048053225,0.016528415732795825,23.455270817159093,283.7114609337692,1.3184073503281406,0.1652168175188957,20.40908194106657,133.11612181640217,552.9326226696554,True
20260811_184731__rp0p75__vinf25__inc30__toff59132__Om180__om210,115317.0,0.9997984075619065,0.016530565591931782,23.4552435095708,283.70217628958943,1.3415949025877205,0.1717094564463186,20.456755366548514,129.72639949036613,567.583667070348,True
20260811_184731__rp0p75__vinf25__inc30__toff59132__Om180__om225,115317.0,0.9997952558688111,0.016527031377808234,23.455363606343283,283.7156123482663,1.2302874487946533,0.12660217337384624,22.131993484155306,113.72001692748285,498.4340241296251,True
20260811_184731__rp0p75__vinf25__inc30__toff59132__Om180__om240,115317.0,0.9997982715174247,0.016530618073094337,23.455245437599935,283.70262489803497,1.008879273474066,0.09679205957279913,27.734383885278312,50.83466534749473,370.1319627840577,True
20260811_184731__rp0p75__vinf25__inc30__toff59132__Om180__om255,115317.0,0.9998030737162972,0.016525470815329898,23.455271338683676,283.70383489290475,1.29868910437926,0.37722695169543013,37.07259806282815,108.83374045642952,540.5745379476075,True
20260811_184731__rp0p75__vinf25__inc30__toff59132__Om180__om270,115317.0,0.9997988425730432,0.01653105067604114,23.45527611523676,283.7001304192505,2.9590927525258195,0.7042012411545292,21.67146105113226,140.9522967072454,1859.240871261698,True
20260811_184731__rp0p75__vinf25__inc30__toff59132__Om180__om285,115317.0,0.9998031356264034,0.016525452316983984,23.45527160814496,283.7036200432756,1.3291543915419004,0.38846313730542986,20.190778525407367,166.6187487608068,559.7072547783681,True
20260811_184731__rp0p75__vinf25__inc30__toff59132__Om180__om30,115317.0,0.9998018823075723,0.01652909864621939,23.455244581527797,283.6983923481276,0.845331835740907,0.17422450619690708,25.992004385456458,273.7522308017573,283.8825044642756,True
20260811_184731__rp0p75__vinf25__inc30__toff59132__Om180__om300,115317.0,0.9998045139024077,0.016526770761106004,23.455273947248177,283.69791326367294,1.0244641645908745,0.2896537026575982,20.016990856202728,201.1716491808085,378.7415460426881,True
20260811_184731__rp0p75__vinf25__inc30__toff59132__Om180__om315,115317.0,0.9997901791217652,0.01653246045434551,23.455278916521745,283.7146750907806,0.9355123882983167,0.237168017865865,20.276215696219513,224.77407043072526,330.5004877362221,True
20260811_184731__rp0p75__vinf25__inc30__toff59132__Om180__om330,115317.0,0.999803309663616,0.01652571362328715,23.455288545235973,283.70273586867927,0.9012275141487572,0.19710558190608377,21.718269310652303,239.93147632268563,312.49959117698046,True
20260811_184731__rp0p75__vinf25__inc30__toff59132__Om180__om345,115317.0,0.9997917874763625,0.016534008430323485,23.455276670788674,283.7080823102515,0.8746163962806179,0.18004346478881691,23.388780538719075,251.29927681489875,298.76121190179305,True
20260811_184731__rp0p75__vinf25__inc30__toff59132__Om180__om45,115317.0,0.9998002185937626,0.016531127812237756,23.45530929527788,283.69693002966454,0.8498272733870639,0.1639395246797829,26.242919544896825,281.9405792917627,286.15002451667954,True
20260811_184731__rp0p75__vinf25__inc30__toff59132__Om180__om60,115317.0,0.9997984122301607,0.01653054094639919,23.45524365611791,283.7022102034898,0.8586509368292227,0.15049450906452352,26.303725328250213,290.58394295520384,290.618169179769,True
20260811_184731__rp0p75__vinf25__inc30__toff59132__Om180__om75,115317.0,0.9997970122029894,0.016529392178169372,23.455336772280827,283.707201211613,0.8683992030962864,0.13181602998015743,26.193233557008398,300.0871138085033,295.5812726715391,True
20260811_184731__rp0p75__vinf25__inc30__toff59132__Om180__om90,115317.0,0.9997960126132039,0.016528449302834126,23.455271905424517,283.7117691015409,0.8798658898957521,0.11259972798741623,25.897406717991373,312.39232951841547,301.4550146727633,True
20260811_184731__rp0p75__vinf25__inc30__toff59132__Om270__om0,115317.0,0.9997960206042235,0.016528458284155542,23.45527209671491,283.7117170388458,0.8799636519674247,0.13498170788676353,25.702446252183236,319.1068694130503,301.5052581570867,True
20260811_184731__rp0p75__vinf25__inc30__toff59132__Om270__om105,115317.0,0.9998018497032941,0.01652909639099843,23.45524352324279,283.6985305120612,1.4061933985425694,0.2160973980281263,24.34195029368487,158.7911810610782,609.0674249447432,True
20260811_184731__rp0p75__vinf25__inc30__toff59132__Om270__om120,115317.0,0.9997987959836115,0.01653106764823639,23.45527616374908,283.700285688951,1.4765663134951266,0.2446920951963085,23.88209184463464,158.14984395203803,655.3559165854239,True
20260811_184731__rp0p75__vinf25__inc30__toff59132__Om270__om135,115317.0,0.9997991430666856,0.016530655922242978,23.455263218172604,283.7003668725274,1.3588519036407414,0.2036456164456886,25.154924084941758,153.6264905057574,578.5700934959347,True
20260811_184731__rp0p75__vinf25__inc30__toff59132__Om270__om15,115317.0,0.9997960459119133,0.016528448234826305,23.455271476840206,283.71163397309704,0.8951113016382176,0.11687582718072465,25.836587173856874,329.4333776142436,309.3238102527012,True
20260811_184731__rp0p75__vinf25__inc30__toff59132__Om270__om150,115317.0,0.9998021405754864,0.016529325027333872,23.455259216631713,283.69723502395357,1.300508139937628,0.2366479659922342,30.06485851918393,162.8680910945246,541.7106857960376,True
20260811_184731__rp0p75__vinf25__inc30__toff59132__Om270__om165,115317.0,0.9997983536455748,0.016530577876655034,23.455243166806238,283.70237147710463,1.7044318592025922,0.48261620229353064,28.632524324507127,169.68843787704358,812.7692334962178,True
20260811_184731__rp0p75__vinf25__inc30__toff59132__Om270__om180,115317.0,0.9997984187089576,0.01653054597276473,23.45524260276494,283.7021718600955,1.373912857282998,0.465090152313886,25.018046132829507,179.82247860150358,588.2156457495784,True
20260811_184731__rp0p75__vinf25__inc30__toff59132__Om270__om195,115317.0,0.9998031351332799,0.016525452512988613,23.455271112524315,283.7036212423694,0.9720047051341953,0.4564070058617629,25.65307288198769,204.04500543683324,350.02602912019245,True
20260811_184731__rp0p75__vinf25__inc30__toff59132__Om270__om210,115317.0,0.9997902042054138,0.016532453459510082,23.45525752441281,283.71474639390766,0.7142274848130554,0.7247920470755534,31.406138066266323,216.2973417189745,220.47158703823305,True
20260811_184731__rp0p75__vinf25__inc30__toff59132__Om270__om225,115317.0,0.9997906810216838,0.0165330327762436,23.455328438816196,283.71221011102404,-3.7292547866155203,1.2092639369059897,47.440753150359825,141.932543520505,,False
20260811_184731__rp0p75__vinf25__inc30__toff59132__Om270__om240,115317.0,0.9997889566124523,0.01653142610775306,23.455272810024297,283.7196842403928,1.1192925946865038,0.1666920188376919,20.000106019135714,25.067458537046672,432.52701300100864,True
20260811_184731__rp0p75__vinf25__inc30__toff59132__Om270__om255,115317.0,0.9997983872972562,0.016530564519236533,23.45524264256581,283.70226127927435,0.86970318330097,0.12471351334092162,22.471659421970973,283.66503916857664,296.2472856892893,True
20260811_184731__rp0p75__vinf25__inc30__toff59132__Om270__om270,115317.0,0.9997964957869638,0.016528933406509495,23.455304443054416,283.70952631742415,0.815271218648202,0.16430743635764986,23.737512744513143,270.6654153831467,268.87533007375475,True
20260811_184731__rp0p75__vinf25__inc30__toff59132__Om270__om285,115317.0,0.9997972289992444,0.016524848388913507,23.45530022802446,283.71705619853026,0.8107505286193732,0.1751912268001212,24.538020535961458,273.1279466158243,266.6420570691279,True
20260811_184731__rp0p75__vinf25__inc30__toff59132__Om270__om30,115317.0,0.99979014965884,0.01653249335365927,23.45525844867475,283.7148858172684,0.9176831902197919,0.09274163960446183,25.995638286161267,342.87935593436583,321.09752285167707,True
20260811_184731__rp0p75__vinf25__inc30__toff59132__Om270__om300,115317.0,0.9997957478901731,0.01652579770448582,23.455315960985484,283.7178224941662,0.8213003969389681,0.17166298049684395,24.91253565280601,280.52943641219866,271.863459745244,True
20260811_184731__rp0p75__vinf25__inc30__toff59132__Om270__om315,115317.0,0.9997991056928812,0.016530645791591598,23.455261589714016,283.7004935806866,0.8352784015715445,0.165228796029613,25.164387623832617,289.47968543498445,278.8333187492,True
20260811_184731__rp0p75__vinf25__inc30__toff59132__Om270__om330,115317.0,0.9997940093148039,0.016526528036992994,23.45531562505765,283.7197263378231,0.8506514406562649,0.15676933546714678,25.366972183995692,298.68605982881,286.56639027901895,True
20260811_184731__rp0p75__vinf25__inc30__toff59132__Om270__om345,115317.0,0.9997989086906707,0.0165310122775041,23.455275793410003,283.69994063659607,0.8664758187794954,0.1455959056840116,25.54930991376772,308.9021469864531,294.59980907240475,True
20260811_184731__rp0p75__vinf25__inc30__toff59132__Om270__om45,115317.0,0.9998048321298973,0.016527046315778636,23.45532810832616,283.6962890543542,0.95264900036044,0.06276653004748564,26.117656057142696,4.0381401067146365,339.6230551739343,True
20260811_184731__rp0p75__vinf25__inc30__toff59132__Om270__om60,115317.0,0.9997889817752176,0.01653143434298636,23.455272128056993,283.7195623818442,1.0118286242464583,0.036548229052757605,26.04848550982237,66.28779190337339,371.7562102939586,True
20260811_184731__rp0p75__vinf25__inc30__toff59132__Om270__om75,115317.0,0.9997970616326717,0.01652936039810507,23.455336259188673,283.70706570294305,1.109352783950164,0.07615924173271149,25.722592159685487,133.31845454541903,426.7782779757241,True
20260811_184731__rp0p75__vinf25__inc30__toff59132__Om270__om90,115317.0,0.9997961246447071,0.01652841089355442,23.455270439515925,283.71138936701567,1.2509794848817153,0.14999237914995564,25.1236989536327,152.91822551352234,511.06139000602116,True
20260811_184731__rp0p75__vinf25__inc30__toff59132__Om90__om0,115317.0,0.9997984262835226,0.01653054296586559,23.455243109554402,283.7021475725811,1.4471488724250525,0.45325651182196863,12.667630639299386,167.8043890641038,635.8689319164781,True
20260811_184731__rp0p75__vinf25__inc30__toff59132__Om90__om105,115317.0,0.9997972151125751,0.016524853905013032,23.4552992989107,283.7171007362688,0.8195022644055723,0.1593770020870127,25.035532620834505,270.47730744231774,270.97113301146265,True
20260811_184731__rp0p75__vinf25__inc30__toff59132__Om90__om120,115317.0,0.9997959887393075,0.016526032419074823,23.45533135427275,283.7167188665909,0.811141490729964,0.1662788725290221,24.7608574836243,276.9123559754887,266.83495150015403,True
20260811_184731__rp0p75__vinf25__inc30__toff59132__Om90__om135,115317.0,0.9997991313804929,0.016530676895502163,23.45526321820364,283.7003698617987,0.8194458348830624,0.1614331665002359,24.359119952641223,284.52063705103694,270.9431455810061,True
20260811_184731__rp0p75__vinf25__inc30__toff59132__Om90__om15,115317.0,0.9998031351332799,0.016525452512988613,23.455271112524315,283.7036212423694,1.6067471944228526,0.5248477471620991,18.28681241827975,182.30538041557188,743.9078057457251,True
20260811_184731__rp0p75__vinf25__inc30__toff59132__Om90__om150,115317.0,0.9997939998466812,0.016526531798385275,23.45531499157174,283.71975670065274,0.8333961408289164,0.15111811295508454,23.927240774313287,294.4197691914918,277.89134319304975,True
20260811_184731__rp0p75__vinf25__inc30__toff59132__Om90__om165,115317.0,0.9997983929080281,0.016530556214075544,23.455242727018785,283.7022561199034,0.8499089954201448,0.14020302651692285,23.48209295291264,305.98277290717976,286.1913011231397,True
20260811_184731__rp0p75__vinf25__inc30__toff59132__Om90__om180,115317.0,0.9997960130296949,0.016528461292255433,23.45527158992554,283.71174132771165,0.8666466711772618,0.13182529257526038,23.036993479477555,319.15302106453646,294.68694750795345,True
20260811_184731__rp0p75__vinf25__inc30__toff59132__Om90__om195,115317.0,0.9997960459119133,0.016528448234826305,23.455271476840206,283.71163397309704,0.8825687287590581,0.12435061217329037,22.607877205945435,329.6872810149647,302.8451294862772,True
20260811_184731__rp0p75__vinf25__inc30__toff59132__Om90__om210,115317.0,0.9997901446092134,0.01653249535931042,23.455258110815286,283.7149020053873,0.9029165281111683,0.11367416206357998,22.208515573607936,344.6013588058827,313.3784980885673,True
20260811_184731__rp0p75__vinf25__inc30__toff59132__Om90__om225,115317.0,0.9998048321298973,0.016527046315778636,23.45532810832616,283.6962890543542,0.9291143983985296,0.09962772422297402,21.74013708162353,359.39097839251355,327.11584099139,True
20260811_184731__rp0p75__vinf25__inc30__toff59132__Om90__om240,115317.0,0.9997889843000249,0.01653143333996561,23.455272296986713,283.7195542875435,0.9677926888922146,0.07807430265855615,21.18674715825003,16.26517018512462,347.7533287156946,True
20260811_184731__rp0p75__vinf25__inc30__toff59132__Om90__om255,115317.0,0.9997960426857079,0.01652844343887339,23.45527097003946,283.7116571549814,1.0277189404961116,0.054214150000774286,20.640394003637844,51.00126522822845,380.54790123717817,True
20260811_184731__rp0p75__vinf25__inc30__toff59132__Om90__om270,115317.0,0.9997966303273922,0.016528870870059303,23.455302830526662,283.7091057353499,1.109611071307585,0.06234906732723363,20.20808213480684,109.81149694345277,426.92733495451085,True
20260811_184731__rp0p75__vinf25__inc30__toff59132__Om90__om285,115317.0,0.9998018635900922,0.01652909087917227,23.45524445235705,283.69848597967064,1.2177083576054215,0.10914304696774368,20.022036559143704,137.8045689998822,490.80922909048286,True
20260811_184731__rp0p75__vinf25__inc30__toff59132__Om90__om30,115317.0,0.9997902092550411,0.01653245145387177,23.45525786227225,283.7147302057283,1.204703071489479,0.433191557315118,21.322585781071442,205.51248054416635,482.96739960739177,True
20260811_184731__rp0p75__vinf25__inc30__toff59132__Om90__om300,115317.0,0.9997985551342198,0.01653083285050141,23.45526077078666,283.70138877221495,1.31131200357314,0.1552051672101956,20.192275116893363,145.71153036187457,548.4750108553111,True
20260811_184731__rp0p75__vinf25__inc30__toff59132__Om90__om315,115317.0,0.9997991173790732,0.01653062481833146,23.455261589682852,283.70049059155076,1.3181360576469425,0.1552757818476226,20.64383691376455,149.0125725750574,552.7619635142013,True
20260811_184731__rp0p75__vinf25__inc30__toff59132__Om90__om330,115317.0,0.9998021500437634,0.016529321269462643,23.45525985011812,283.69720466110334,1.1395567328357306,0.06037481369818103,20.490797619232758,168.06218437773154,444.3259902668658,True
20260811_184731__rp0p75__vinf25__inc30__toff59132__Om90__om345,115317.0,0.9997988694281771,0.01653103393888523,23.455276233196756,283.70005599338293,0.8884224720258763,0.1823354405847475,15.350794196396745,275.72072664257473,305.863105104333,True
20260811_184731__rp0p75__vinf25__inc30__toff59132__Om90__om45,115317.0,0.9997906810216838,0.0165330327762436,23.455328438816196,283.71221011102404,1.0083996229430754,0.3354680199246363,22.60282763679958,222.881985206377,369.8680369195725,True
20260811_184731__rp0p75__vinf25__inc30__toff59132__Om90__om60,115317.0,0.9997889540876452,0.016531427110779234,23.455272641094584,283.7196923346892,0.9865155723042123,0.2006497274714735,23.472420457823006,222.56413338169213,357.89341516454937,True
20260811_184731__rp0p75__vinf25__inc30__toff59132__Om90__om75,115317.0,0.9997994062454651,0.01653148167661599,23.45530793103817,283.69767089978285,0.9340116190063648,0.09947974851939248,24.187505255321923,235.5895359165357,329.70551268758413,True
20260811_184731__rp0p75__vinf25__inc30__toff59132__Om90__om90,115317.0,0.9997959901044147,0.0165284734343139,23.455272052045075,283.71180995293855,0.8581898366501165,0.12736335333593618,24.915153111574128,262.4030710113877,290.38410532633327,True
20260811_184731__rp0p75__vinf25__inc60__toff59132__Om0__om0,115317.0,0.9997971668629638,0.016529526067252914,23.455258589453365,283.7071108264467,1.217913408376766,0.12574738550962214,25.14460364991726,123.23521373828271,490.9332058789373,True
20260811_184731__rp0p75__vinf25__inc60__toff59132__Om0__om105,115317.0,0.9998047353696439,0.016527001110736923,23.455289543349927,283.6968995387306,1.3003023522479245,0.44273839458112135,26.344666831453576,195.5858425676705,541.5821133822631,True
20260811_184731__rp0p75__vinf25__inc60__toff59132__Om0__om120,115317.0,0.9998039108511058,0.016526248625046983,23.455281127922113,283.7003143528812,0.9485083119258385,0.37615243061883474,26.60465160437909,218.6753262142772,337.41120581096584,True
20260811_184731__rp0p75__vinf25__inc60__toff59132__Om0__om135,115317.0,0.9997900603573076,0.016532358558377213,23.455282241921765,283.71513087996885,0.8762713548920321,0.29207926903098036,27.90809488246978,226.52477261835364,299.6095917122253,True
20260811_184731__rp0p75__vinf25__inc60__toff59132__Om0__om15,115317.0,0.9997983682357741,0.016530562967713106,23.455244169198327,283.702344323966,1.348929661355383,0.17979003539423688,25.733048796989905,136.02106077712446,572.2446577312072,True
20260811_184731__rp0p75__vinf25__inc60__toff59132__Om0__om150,115317.0,0.9998041700584872,0.01652646398473989,23.455297051628815,283.69917770353516,0.8828354478005617,0.185689862435619,26.14855510292422,240.52852602596755,302.982423040412,True
20260811_184731__rp0p75__vinf25__inc60__toff59132__Om0__om165,115317.0,0.9997901401972643,0.01653247888007356,23.45525833066805,283.71495580021383,0.8567059157128898,0.16637717350742084,23.770091091547044,254.7454943115811,289.63126363301086,True
20260811_184731__rp0p75__vinf25__inc60__toff59132__Om0__om180,115317.0,0.9997982116793128,0.016530426776316894,23.45532300498172,283.7024478792574,0.8289518335251824,0.17801043346473916,22.346407979636613,261.849668169115,275.6714147671558,True
20260811_184731__rp0p75__vinf25__inc60__toff59132__Om0__om195,115317.0,0.9997969879407463,0.01652940181137741,23.45533607422695,283.7072797750689,0.8183908288386084,0.18351075894646854,21.65747364191244,266.60627592672563,270.4200701924812,True
20260811_184731__rp0p75__vinf25__inc60__toff59132__Om0__om210,115317.0,0.9997995240135343,0.016526988891157623,23.455271822087497,283.7078192100097,0.8210147084007938,0.18041488694800048,21.380988811242382,271.77752989901484,271.7216209245996,True
20260811_184731__rp0p75__vinf25__inc60__toff59132__Om0__om225,115317.0,0.9997989615136036,0.01652990241703549,23.455400389737648,283.7014950814281,0.8306994551786443,0.17204588401818305,21.31437918947856,278.63663695926823,276.5436424622897,True
20260811_184731__rp0p75__vinf25__inc60__toff59132__Om0__om240,115317.0,0.999796070627773,0.016528424746419655,23.455271087996763,283.7115824523722,0.8427958255107669,0.15827202221572687,21.361333064916504,287.0368219860135,282.6059843719056,True
20260811_184731__rp0p75__vinf25__inc60__toff59132__Om0__om255,115317.0,0.9997970787368664,0.016529365762540885,23.45533613495443,283.7069836584193,0.8551901912965078,0.1445786153704092,21.509336711468496,297.5963071508111,288.86295982424616,True
20260811_184731__rp0p75__vinf25__inc60__toff59132__Om0__om270,115317.0,0.9997972137678124,0.01652949529014097,23.45525790742844,283.70698341367,0.8691353164746912,0.12997004119253305,21.760242078024678,309.23976857840455,295.9571840572154,True
20260811_184731__rp0p75__vinf25__inc60__toff59132__Om0__om285,115317.0,0.9998047290979487,0.016527009677490677,23.45529057124881,283.6969077776176,0.8872018795825312,0.12181169704989779,22.239018909893712,323.5587875271648,305.2329894543318,True
20260811_184731__rp0p75__vinf25__inc60__toff59132__Om0__om30,115317.0,0.9997983385029972,0.01653059300389333,23.455243977966326,283.70240193167575,1.4056926560759322,0.1988109533640639,25.83636687750192,140.24723065778534,608.7421224946564,True
20260811_184731__rp0p75__vinf25__inc60__toff59132__Om0__om300,115317.0,0.9997897809068738,0.016532190513156842,23.45528086776451,283.71624382963796,0.920428295480266,0.08577929584061152,21.851829858510392,45.52961545190593,322.53936905327186,True
20260811_184731__rp0p75__vinf25__inc60__toff59132__Om0__om315,115317.0,0.9997900296993558,0.016532376811155217,23.455283112801663,283.7152185049798,0.9462008843107892,0.07340008201168695,22.83354145465706,4.934173380596054,336.1807291173311,True
20260811_184731__rp0p75__vinf25__inc60__toff59132__Om0__om330,115317.0,0.9998041369993252,0.016526483183741166,23.4552972125422,283.69927262200855,1.0033261344797189,0.06054147436314708,23.55108760533391,46.10363696048545,367.08021517042096,True
20260811_184731__rp0p75__vinf25__inc60__toff59132__Om0__om345,115317.0,0.9997901176547683,0.016532506063985854,23.455258851802363,283.7149905201409,1.0946035237063991,0.07710845163614456,24.354204573685514,94.86041151079651,418.295365813081,True
20260811_184731__rp0p75__vinf25__inc60__toff59132__Om0__om45,115317.0,0.9997964927483752,0.016528264436833657,23.455271161462953,283.7111101253254,1.264755646953851,0.13828608322570826,24.763674032494766,131.24682742447885,519.5265312674102,True
20260811_184731__rp0p75__vinf25__inc60__toff59132__Om0__om60,115317.0,0.9997983745041906,0.01653057719430389,23.455243538187787,283.702287408204,0.9022661621900088,0.15943687163488576,18.460075943351995,17.958588751050836,313.03997179534,True
20260811_184731__rp0p75__vinf25__inc60__toff59132__Om0__om75,115317.0,0.9998064550300514,0.01652849646744224,23.455308733033327,283.6898031947449,-6.52246745995803,1.0640371056242957,17.966667924147742,40.1584702547311,,False
20260811_184731__rp0p75__vinf25__inc60__toff59132__Om0__om90,115317.0,0.9997982351549424,0.016530429614479494,23.455320993905936,283.70234349928535,4.715022411324398,0.8244345260659693,26.418433069161942,161.49317860317214,3739.585200612108,True
20260811_184731__rp0p75__vinf25__inc60__toff59132__Om180__om0,115317.0,0.9997972003063182,0.016529506712102512,23.45525822296186,283.70701450984603,0.9442440472159065,0.1542232587693922,23.32637968309238,244.15965272044016,335.138385958985,True
20260811_184731__rp0p75__vinf25__inc60__toff59132__Om180__om105,115317.0,0.9998047164735147,0.016527014687954845,23.45528972660094,283.6969482673152,0.9366339213467068,0.037853507799943786,26.231152836248903,291.4129786037142,331.0949934236335,True
20260811_184731__rp0p75__vinf25__inc60__toff59132__Om180__om120,115317.0,0.9997897891125108,0.016532187253783377,23.455281416785617,283.7162175237263,0.9851043948327314,0.02880928962466928,24.873628750065365,83.89129060651952,357.1257580472914,True
20260811_184731__rp0p75__vinf25__inc60__toff59132__Om180__om135,115317.0,0.999790022913922,0.016532379506295634,23.45528265880358,283.71524025785493,1.0198463674642908,0.04821215157540151,24.25929260827114,111.78252124011524,376.18365381990344,True
20260811_184731__rp0p75__vinf25__inc60__toff59132__Om180__om15,115317.0,0.9997959967672028,0.01652847382687578,23.45527264330503,283.7117821694384,0.9261327199533701,0.15793871930240747,24.594118811876722,254.21364731138198,325.5424534988687,True
20260811_184731__rp0p75__vinf25__inc60__toff59132__Om180__om150,115317.0,0.9998041395242089,0.01652648218155039,23.455297381471745,283.6992645239484,1.087790851302968,0.09699996595312911,22.91221389197148,112.03939901908826,414.3963230546614,True
20260811_184731__rp0p75__vinf25__inc60__toff59132__Om180__om165,115317.0,0.9997901126051421,0.016532508069645763,23.455258513942915,283.7150067082343,1.164837159324638,0.12457060507060408,21.38135065698691,120.00682022270378,459.193376631685,True
20260811_184731__rp0p75__vinf25__inc60__toff59132__Om180__om180,115317.0,0.9997981782358907,0.01653044612949927,23.455323371471827,283.70254419537,1.2325120219818078,0.14768494661905435,20.31303887016502,118.13004425091134,499.78651786126017,True
20260811_184731__rp0p75__vinf25__inc60__toff59132__Om180__om195,115317.0,0.9997993594104859,0.016531491146857275,23.455307599447227,283.6978429912711,1.2659569470272058,0.15656864486464542,20.06585879973275,113.01947611474979,520.2668981162702,True
20260811_184731__rp0p75__vinf25__inc60__toff59132__Om180__om210,115317.0,0.9997983334532882,0.01653059500851341,23.455243640106676,283.7024181232722,1.2435619590362939,0.14769213335909273,20.893070017459475,103.70633706992976,506.52272298800744,True
20260811_184731__rp0p75__vinf25__inc60__toff59132__Om180__om225,115317.0,0.9997985104728389,0.016530106474714115,23.455400389651285,283.70199238872624,1.174430893301408,0.12091518880775501,23.008295896791775,93.99662181289068,464.87799630692587,True
20260811_184731__rp0p75__vinf25__inc60__toff59132__Om180__om240,115317.0,0.9997983694544812,0.016530579198914482,23.455243200328123,283.70230359983003,1.1001564835695448,0.10083564341938377,26.145711858186026,88.88598268143528,421.48243865156206,True
20260811_184731__rp0p75__vinf25__inc60__toff59132__Om180__om255,115317.0,0.9998064499802601,0.016528498471043235,23.455308395174768,283.6898193900076,1.098521777821603,0.13660825904109086,28.475687330265366,108.0326866399596,420.5433762066845,True
20260811_184731__rp0p75__vinf25__inc60__toff59132__Om180__om270,115317.0,0.9997972414558438,0.01652950253073981,23.45525739439171,283.7068534507683,1.2154299805211575,0.24161819511650293,25.97453569438432,127.02317099651465,489.432390466826,True
20260811_184731__rp0p75__vinf25__inc60__toff59132__Om180__om285,115317.0,0.9998047479940786,0.016526996100282867,23.455290387997785,283.6968590489843,1.2428727672569047,0.2586274754163527,21.471302836463853,140.9672546689779,506.1017030430788,True
20260811_184731__rp0p75__vinf25__inc60__toff59132__Om180__om30,115317.0,0.9997995290632554,0.016526986886078773,23.45527215994711,283.7078030154592,0.9147972429061982,0.15486763609353027,25.64408028730088,261.4590092604335,319.58402406204294,True
20260811_184731__rp0p75__vinf25__inc60__toff59132__Om180__om300,115317.0,0.9998039026452369,0.01652625188230239,23.455280578900556,283.70034067174913,1.1554055268033967,0.2073699090447396,19.433682362091883,159.77784609382817,453.62758004607053,True
20260811_184731__rp0p75__vinf25__inc60__toff59132__Om180__om315,115317.0,0.9997900671427422,0.016532355863248936,23.455282695919855,283.7151091270483,1.0744629612880845,0.16525292487800006,19.433490729594485,184.70968824863135,406.80376537278124,True
20260811_184731__rp0p75__vinf25__inc60__toff59132__Om180__om330,115317.0,0.9998041675336031,0.016526464986927034,23.455296882699262,283.69918580160885,1.0159061334285955,0.14902915952038698,20.4882888480473,210.37928795087979,374.00565073572216,True
20260811_184731__rp0p75__vinf25__inc60__toff59132__Om180__om345,115317.0,0.999790145246891,0.01653247687441781,23.45525866852755,283.71493961208444,0.9743811361970054,0.15002290913555955,21.90628145549482,230.0272159947523,351.31046879951515,True
20260811_184731__rp0p75__vinf25__inc60__toff59132__Om180__om45,115317.0,0.9997969437886634,0.016528060358870368,23.45527116157255,283.7106128627046,0.9074575340153177,0.1475195694514138,26.449645604755354,267.5879721455344,315.74556297822346,True
20260811_184731__rp0p75__vinf25__inc60__toff59132__Om180__om60,115317.0,0.9997960756774591,0.016528422741032466,23.455271425856324,283.71156625973964,0.9062965056974591,0.1328994333618715,26.93520468819479,273.0588337941697,315.1397953615076,True
20260811_184731__rp0p75__vinf25__inc60__toff59132__Om180__om75,115317.0,0.999797083786563,0.016529363757517217,23.45533647281275,283.70696746618114,0.9090559778328563,0.1088141856092058,27.082415353967686,278.227469249974,316.5801867114692,True
20260811_184731__rp0p75__vinf25__inc60__toff59132__Om180__om90,115317.0,0.999798207466856,0.016530422371226677,23.455321506945968,283.70247345304506,0.9180998893443529,0.07653580373185771,26.878923234219425,282.71881952997205,321.3162523314488,True
20260811_184731__rp0p75__vinf25__inc60__toff59132__Om270__om0,115317.0,0.9997960211302455,0.01652846263313862,23.455272350118147,283.7117057246505,0.9059830471395299,0.12670084975898005,26.253987301111202,320.64475926923643,314.97631455273523,True
20260811_184731__rp0p75__vinf25__inc60__toff59132__Om270__om105,115317.0,0.9997988249756696,0.016531045504551076,23.455275743848507,283.70021365160045,1.300366462762626,0.18841839350479542,26.208248745658487,181.94465069464485,541.6221673773438,True
20260811_184731__rp0p75__vinf25__inc60__toff59132__Om270__om120,115317.0,0.9997985631120268,0.01653081676812223,23.455260686297088,283.70139045749625,1.3610496194593746,0.22291831435514667,25.23058239085907,183.24542196193016,579.9742714946198,True
20260811_184731__rp0p75__vinf25__inc60__toff59132__Om270__om135,115317.0,0.9997991429220308,0.016530655409855124,23.455263181218157,283.7003685392266,1.347023456063418,0.23626681183635395,24.52492800003116,186.4550399934697,571.032107102308,True
20260811_184731__rp0p75__vinf25__inc60__toff59132__Om270__om15,115317.0,0.9997960643572528,0.016528425716634043,23.455271983601033,283.7116069166012,0.9207931966995886,0.1109969807292671,26.60417492535612,325.19231483622775,322.73119280611377,True
20260811_184731__rp0p75__vinf25__inc60__toff59132__Om270__om150,115317.0,0.9997988825390329,0.01653101961817974,23.45527574872891,283.70003243481364,1.3175727159857231,0.2732334452862617,24.01878218501247,190.4646429323569,552.4076443588343,True
20260811_184731__rp0p75__vinf25__inc60__toff59132__Om270__om165,115317.0,0.9997983718806202,0.0165305645599542,23.455244095908384,283.70232583871496,1.2709923044644176,0.3252863670135561,22.865226355153943,190.64717734107492,523.3740334862555,True
20260811_184731__rp0p75__vinf25__inc60__toff59132__Om270__om180,115317.0,0.9997994447057861,0.016531455775829575,23.45530814462348,283.6975685022993,1.1454350550591783,0.35336122006503456,22.319540542493968,189.09213692801725,447.7684561282728,True
20260811_184731__rp0p75__vinf25__inc60__toff59132__Om270__om195,115317.0,0.9997970672326137,0.016529373369357402,23.455335048088614,283.7070137480169,1.0214754311552587,0.38497442611436816,25.280864613232236,182.69233804969664,377.0853658022522,True
20260811_184731__rp0p75__vinf25__inc60__toff59132__Om270__om210,115317.0,0.9997972411391335,0.01652949657910064,23.455256850942668,283.7068671089304,1.2776624551993478,0.4784311705290182,33.86025592089995,143.08363899526745,527.4994241466879,True
20260811_184731__rp0p75__vinf25__inc60__toff59132__Om270__om225,115317.0,0.9997987420518886,0.0165309697667079,23.455392379638536,283.69976854495945,5.148539937551044,0.7859785388172252,22.942068567576193,82.25163229004154,4267.012540936045,True
20260811_184731__rp0p75__vinf25__inc60__toff59132__Om270__om240,115317.0,0.9997959931903165,0.01652846613162242,23.455271967568756,283.7118128941399,1.117418301482733,0.13955365468866524,21.455309572465957,45.72620641408148,431.44104633168655,True
20260811_184731__rp0p75__vinf25__inc60__toff59132__Om270__om255,115317.0,0.9997994131186785,0.01653147287049917,23.455308099956635,283.6976616907579,0.8988733238934715,0.07327345327688146,22.623643456788862,293.22549657588104,311.2759220714334,True
20260811_184731__rp0p75__vinf25__inc60__toff59132__Om270__om270,115317.0,0.9997995210371419,0.016526988553152606,23.455272475466153,283.7078327295472,0.8512583093520824,0.11521667589754282,23.76030475095859,277.0471041096253,286.87310671439286,True
20260811_184731__rp0p75__vinf25__inc60__toff59132__Om270__om285,115317.0,0.999794204102996,0.01652679622998369,23.455332364936258,283.7187413932385,0.8431783201209476,0.13114789910395777,24.546941456811428,281.5083539157773,282.79839312522574,True
20260811_184731__rp0p75__vinf25__inc60__toff59132__Om270__om30,115317.0,0.9997972039851271,0.016529505251777987,23.455257775158305,283.70700213970736,0.9431263288962937,0.08627451033371945,26.966055942955155,328.918938846532,334.5434982699479,True
20260811_184731__rp0p75__vinf25__inc60__toff59132__Om270__om300,115317.0,0.9997957286382946,0.016525819024735548,23.455315327523316,283.71785534296134,0.8530250781028221,0.13822437086978137,25.00062342496129,290.3457382334649,287.7666686221652,True
20260811_184731__rp0p75__vinf25__inc60__toff59132__Om270__om315,115317.0,0.9997993578346127,0.016530581906532192,23.45526363531827,283.70010257161266,0.8660962743055663,0.13943536386776548,25.33876058625384,299.139389273934,294.4062638832696,True
20260811_184731__rp0p75__vinf25__inc60__toff59132__Om270__om330,115317.0,0.9997942421685159,0.016526784148420428,23.45533135624934,283.7186098435694,0.8794805889275104,0.13945583525106542,25.625672041891395,307.8151592873235,301.2570216713886,True
20260811_184731__rp0p75__vinf25__inc60__toff59132__Om270__om345,115317.0,0.9997984064090097,0.016530558451818247,23.45524399400738,283.70219679053787,0.8914513282640013,0.13435530821900746,25.927842804961962,314.48773276000964,307.4285841713177,True
20260811_184731__rp0p75__vinf25__inc60__toff59132__Om270__om45,115317.0,0.9997967508765379,0.016529117093909983,23.455262817428878,283.7087987159905,0.9740017362474455,0.051663931556492605,27.28047752409913,328.7668278628067,351.1053013445031,True
20260811_184731__rp0p75__vinf25__inc60__toff59132__Om270__om60,115317.0,0.9997960367987744,0.016528451853474905,23.455271792362005,283.71166396089006,1.0239246485306546,0.011205271784788645,27.47857696545117,262.9607305268966,378.4423990610463,True
20260811_184731__rp0p75__vinf25__inc60__toff59132__Om270__om75,115317.0,0.9998041184659349,0.016526392891432488,23.455336767936995,283.69912639887934,1.0962545243642983,0.06316246740061783,27.420354089466368,182.75078892984712,419.24210075719054,True
20260811_184731__rp0p75__vinf25__inc60__toff59132__Om270__om90,115317.0,0.9997971290038072,0.01652932757311631,23.455334461685304,283.7068575336413,1.1956922397186713,0.1310744919454032,27.006008349136906,180.56918716495255,477.55885939404175,True
20260811_184731__rp0p75__vinf25__inc60__toff59132__Om90__om0,115317.0,0.9997984333320639,0.016530535609410826,23.455243362940198,283.70213459518123,1.1078273854741465,0.2251367766750871,21.158818228864625,215.82338982921482,425.89832828299745,True
20260811_184731__rp0p75__vinf25__inc60__toff59132__Om90__om105,115317.0,0.9997941914788275,0.01652680124498134,23.45533152028914,283.7187818766299,0.8945236081376341,0.06598420987318875,25.504285143142717,256.8878487109659,309.0192262015002,True
20260811_184731__rp0p75__vinf25__inc60__toff59132__Om90__om120,115317.0,0.9997957368440293,0.016525815765115092,23.455315876544507,283.7178290269543,0.8540515411651043,0.0992493374290886,24.762684350400843,278.01982502885744,288.2862383959129,True
20260811_184731__rp0p75__vinf25__inc60__toff59132__Om90__om135,115317.0,0.9997993510490524,0.016530584599992997,23.455263181319864,283.70012432946135,0.8464031728771797,0.11375203472977835,23.90174161173567,288.23221799659234,284.42234609398173,True
20260811_184731__rp0p75__vinf25__inc60__toff59132__Om90__om15,115317.0,0.9997960760589132,0.016528445379480564,23.45527161716663,283.7115161344585,1.1468461441713629,0.32586173032147037,21.598029271574358,212.78451905012471,448.59613607258973,True
20260811_184731__rp0p75__vinf25__inc60__toff59132__Om90__om150,115317.0,0.9997942446933498,0.016526783145427354,23.45533152517878,283.71860174687373,0.8530573798497662,0.11517061188686108,23.098504628637443,300.9725620889337,287.7830141922036,True
20260811_184731__rp0p75__vinf25__inc60__toff59132__Om90__om165,115317.0,0.9997984013592998,0.016530560456421355,23.455243656147747,283.7022129821944,0.8668384562926322,0.11650436683382075,22.433992138502592,312.7352679944828,294.7847723171423,True
20260811_184731__rp0p75__vinf25__inc60__toff59132__Om90__om180,115317.0,0.9997970325026211,0.016529382599022046,23.455337132473822,283.70713856303723,0.8819757827783422,0.11945670880274406,21.88303431919858,322.58339071236327,302.53998502729627,True
20260811_184731__rp0p75__vinf25__inc60__toff59132__Om90__om195,115317.0,0.9997970555309303,0.01652935370464487,23.455335414527593,283.7071045201263,0.8979622760051394,0.1230459726338383,21.409813961532624,328.6586470262073,310.80280412241245,True
20260811_184731__rp0p75__vinf25__inc60__toff59132__Om90__om210,115317.0,0.9997971989354293,0.016529507256783187,23.455257437298688,283.70701833182267,0.913866821263679,0.1167242114024783,20.98272242037725,337.4198395254073,319.0965844537798,True
20260811_184731__rp0p75__vinf25__inc60__toff59132__Om90__om225,115317.0,0.9997987686011782,0.01653095922907296,23.455392045226006,283.6996816717083,0.9312867389313888,0.10832280769008669,20.555198769699533,342.2443953008858,328.263744096565,True
20260811_184731__rp0p75__vinf25__inc60__toff59132__Om90__om240,115317.0,0.9997960317490885,0.01652845385887011,23.455271454502434,283.7116801534811,0.9541338881703053,0.09094389211144367,20.11268351654229,345.84333845602475,340.41741689028646,True
20260811_184731__rp0p75__vinf25__inc60__toff59132__Om90__om255,115317.0,0.999804113416167,0.016526394895813614,23.45533643007853,283.699142595093,0.9847098367929629,0.06336610710763858,19.689729055884147,348.00452447864836,356.91122332940176,True
20260811_184731__rp0p75__vinf25__inc60__toff59132__Om90__om270,115317.0,0.9997961353051402,0.016528400582799575,23.455270861828932,283.7113680190277,1.0273192967588043,0.02259996011620378,19.378786597009125,346.3833026206322,380.32595028317377,True
20260811_184731__rp0p75__vinf25__inc60__toff59132__Om90__om285,115317.0,0.9997988375999551,0.016531040493437846,23.45527658849608,283.70017317307406,1.0847994464965178,0.027145197899732378,19.324046934367118,177.48998732262123,412.688125395928,True
20260811_184731__rp0p75__vinf25__inc60__toff59132__Om90__om30,115317.0,0.9997972461888315,0.016529494574108034,23.455257188802264,283.70685091678604,1.1764389805929274,0.38645829988794483,23.429162971110337,211.7128647983277,466.0708053454503,True
20260811_184731__rp0p75__vinf25__inc60__toff59132__Om90__om300,115317.0,0.9997985549062457,0.01653082002550166,23.45526013727562,283.7014167686701,1.1500967748245012,0.07939857338602302,19.633771656645724,172.5968831999271,450.504744086883,True
20260811_184731__rp0p75__vinf25__inc60__toff59132__Om90__om315,115317.0,0.9997991497075883,0.016530652716367337,23.455263635216564,283.7003467815151,1.2038081882906655,0.12213826025662466,20.323574330937284,174.08618734947115,482.4293593844472,True
20260811_184731__rp0p75__vinf25__inc60__toff59132__Om90__om330,115317.0,0.9997988800141755,0.016531020620395877,23.45527557979942,283.70004053054026,1.2077115428446106,0.1443855322454435,21.126165832316648,181.81560976687945,484.77768013352267,True
20260811_184731__rp0p75__vinf25__inc60__toff59132__Om90__om345,115317.0,0.9997983769303298,0.016530562555341622,23.455244433768023,283.7023096470763,1.1531663265203715,0.15738626075367543,21.485813925562834,201.08264384848815,452.309509446014,True
20260811_184731__rp0p75__vinf25__inc60__toff59132__Om90__om45,115317.0,0.9997967243273553,0.016529127635103124,23.455263151841788,283.70888559365017,1.1531651726373848,0.39852774427271526,25.35854630179146,211.58785586672954,452.3088305602733,True
20260811_184731__rp0p75__vinf25__inc60__toff59132__Om90__om60,115317.0,0.9997959982400022,0.016528464126216214,23.455272305428338,283.71179670157716,1.1612374847223237,0.3397817635792152,26.33362574941966,202.32099983010391,457.0664668150636,True
20260811_184731__rp0p75__vinf25__inc60__toff59132__Om90__om75,115317.0,0.9997994181683989,0.01653147086625547,23.455308437815038,283.69764549947297,1.1307731761815523,0.2138410793609371,25.928777277012653,177.68209710623444,439.1986909286352,True
20260811_184731__rp0p75__vinf25__inc60__toff59132__Om90__om90,115317.0,0.9998005147371651,0.016527915614852125,23.455336075202112,283.7033221019866,0.9930639742197958,0.07501452653286594,25.814292951430197,179.22357926424905,361.4628187816598,True
20260811_184731__rp0p75__vinf25__inc90__toff59132__Om0__om0,115317.0,0.999797826204358,0.016530064593812916,23.45532638575372,283.7039877465369,1.2343851294709915,0.13931772975693582,26.320285866018136,112.94602578110401,500.9262748481864,True
20260811_184731__rp0p75__vinf25__inc90__toff59132__Om0__om105,115317.0,0.9998048838117171,0.01652708170888737,23.45532621879201,283.6960778331994,1.3402105896157963,0.3472903526710185,27.533631875189805,175.74915132364657,566.7054093559193,True
20260811_184731__rp0p75__vinf25__inc90__toff59132__Om0__om120,115317.0,0.9998038738381132,0.016526173114195096,23.455262112624837,283.7006147658966,1.104245498992706,0.24750603252282588,28.111958111396532,203.03976145889897,423.834443076397,True
20260811_184731__rp0p75__vinf25__inc90__toff59132__Om0__om135,115317.0,0.9997900894433225,0.016532396827503265,23.455282510900343,283.71500823300175,1.0085033808603086,0.19798676649844688,27.306690314748806,223.14804454647748,369.92512399614276,True
20260811_184731__rp0p75__vinf25__inc90__toff59132__Om0__om15,115317.0,0.9997968365031166,0.016529126840545225,23.455262617176803,283.7085043167224,1.2971514062652127,0.16031287761885585,26.719389295406177,119.76253812341795,539.6147304683775,True
20260811_184731__rp0p75__vinf25__inc90__toff59132__Om0__om150,115317.0,0.9998043869570327,0.01652661809483323,23.455294418920907,283.69833298705834,0.9557863780786439,0.17434207997845838,25.75257363044709,238.78366153651405,341.3021666890396,True
20260811_184731__rp0p75__vinf25__inc90__toff59132__Om0__om165,115317.0,0.9997907791696441,0.0165330253909014,23.455326383755082,283.7118995581406,0.9210588197988591,0.16733738148010996,24.073408612058525,250.47803932911,322.87085126902537,True
20260811_184731__rp0p75__vinf25__inc90__toff59132__Om0__om180,115317.0,0.9997978356024014,0.01653005478502301,23.45532672360171,283.70397044422367,0.896740524446134,0.16711357165309884,22.635189644976666,259.02620505524453,310.168710747979,True
20260811_184731__rp0p75__vinf25__inc90__toff59132__Om0__om195,115317.0,0.999796830681984,0.01652914434549346,23.455262955065308,283.7084908956897,0.8810202824321623,0.16704600484575,21.548201607080482,264.81587730052127,302.04847705500487,True
20260811_184731__rp0p75__vinf25__inc90__toff59132__Om0__om210,115317.0,0.9998003462920431,0.01652766409558711,23.455262280456243,283.70456588839545,0.8746914993983,0.16458734174572653,20.802664667058412,268.6427183058765,298.7996945672722,True
20260811_184731__rp0p75__vinf25__inc90__toff59132__Om0__om225,115317.0,0.9997977237942937,0.016528752299737097,23.455262955311756,283.707498633434,0.8714252479005735,0.15633739563461443,20.345498890432715,272.7335226270907,297.1276022593038,True
20260811_184731__rp0p75__vinf25__inc90__toff59132__Om0__om240,115317.0,0.999796844814059,0.016529118982392215,23.455262955027685,283.7084872930256,0.8738422872607231,0.14216813475480267,20.170385143097775,277.74592352594857,298.36465650645056,True
20260811_184731__rp0p75__vinf25__inc90__toff59132__Om0__om255,115317.0,0.9997968155329019,0.016529150360886855,23.455261941486537,283.708539472552,0.8808320374057701,0.12182843464467583,20.263952903174527,283.5097688461573,301.9516755045811,True
20260811_184731__rp0p75__vinf25__inc90__toff59132__Om0__om270,115317.0,0.9997968437269761,0.016529120933400008,23.455262955030594,283.7084875701541,0.8910967660454493,0.0974871820762112,20.61961928214298,292.54450157378074,307.2451893216205,True
20260811_184731__rp0p75__vinf25__inc90__toff59132__Om0__om285,115317.0,0.9998048870379793,0.016527086506697045,23.455326725590123,283.69605465366294,0.9095577637967794,0.06776467692571962,21.360976696372706,305.3267794439782,316.8423445172022,True
20260811_184731__rp0p75__vinf25__inc90__toff59132__Om0__om30,115317.0,0.9997988260337993,0.016530998413243084,23.455390831405932,283.6994392220771,1.2932976542845696,0.15625407518187448,26.326606329256155,120.8616547439931,537.2117773335414,True
20260811_184731__rp0p75__vinf25__inc90__toff59132__Om0__om300,115317.0,0.9997902785310095,0.016532563440746422,23.45529433025867,283.7141665793178,0.9368460356306941,0.0521093788663237,22.013024835727993,69.9672052611671,331.20747165850105,True
20260811_184731__rp0p75__vinf25__inc90__toff59132__Om0__om315,115317.0,0.9997900764160061,0.016532408078793692,23.455281930216298,283.71503716162044,0.9868040768194704,0.04050806228994785,23.022868539229126,44.33663024306934,358.0504244676219,True
20260811_184731__rp0p75__vinf25__inc90__toff59132__Om0__om330,115317.0,0.9998043800837514,0.016526626900988564,23.455294250002304,283.6983421984701,1.0559980652826195,0.06951145780874496,24.221146169656752,80.54895438902336,396.3624225511682,True
20260811_184731__rp0p75__vinf25__inc90__toff59132__Om0__om345,115317.0,0.9997897648547717,0.01653212492168678,23.45526227713758,283.71643702015706,1.1440736710221115,0.10465606250809899,25.409011559840962,101.15855875366964,446.9704139401854,True
20260811_184731__rp0p75__vinf25__inc90__toff59132__Om0__om45,115317.0,0.9997972677041124,0.016528958374979526,23.455262617340882,283.7080121064346,1.199477438807067,0.11978624246294138,24.50763088975878,114.05144462421052,479.82836299297094,True
20260811_184731__rp0p75__vinf25__inc90__toff59132__Om0__om60,115317.0,0.9997988372203146,0.01653099245341656,23.455391507117845,283.6994065609615,1.0703269095111414,0.09420018129442437,20.161265822915322,90.90140532568589,404.45709372607456,True
20260811_184731__rp0p75__vinf25__inc90__toff59132__Om0__om75,115317.0,0.9998038894081719,0.016526148699921802,23.45526228151996,283.7006033305172,1.1286169503751595,0.20761599085253157,15.222908339486677,111.99104159886694,437.94305455522607,True
20260811_184731__rp0p75__vinf25__inc90__toff59132__Om0__om90,115317.0,0.9997968256322898,0.016529146350623265,23.455262617205744,283.7085070879815,1.6743461000766304,0.4669302279439166,22.745781867345624,145.18884736427353,791.3445992185613,True
20260811_184731__rp0p75__vinf25__inc90__toff59132__Om180__om0,115317.0,0.9997978305526972,0.016530056789795872,23.455326385743366,283.70398663614145,1.0508328855542897,0.13414073699589577,19.864113958098866,214.9733304534709,393.4579035254064,True
20260811_184731__rp0p75__vinf25__inc90__toff59132__Om180__om105,115317.0,0.9998048794633166,0.016527089512883716,23.45532621880238,283.69607894751044,1.0154603300107066,0.08990443990950817,26.042351144982497,194.0506531836115,373.7594940796139,True
20260811_184731__rp0p75__vinf25__inc90__toff59132__Om180__om120,115317.0,0.9997897753747683,0.016532102512421428,23.455262108173116,283.7164418005751,1.0636177935996278,0.06978031959466867,24.885012963743762,160.46400062031378,400.6601798307391,True
20260811_184731__rp0p75__vinf25__inc90__toff59132__Om180__om135,115317.0,0.9997900850950505,0.016532404631550677,23.455282510911548,283.71500933818123,1.1084613269109704,0.1298211672426185,23.59646338248903,145.854570437892,426.26395368189117,True
20260811_184731__rp0p75__vinf25__inc90__toff59132__Om180__om15,115317.0,0.9997968256322898,0.016529146350623265,23.455262617205744,283.7085070879815,1.0264005666939475,0.14795865181866888,21.582535674712364,228.51918723978497,379.81587699776117,True
20260811_184731__rp0p75__vinf25__inc90__toff59132__Om180__om150,115317.0,0.9998043826086364,0.016526625898836685,23.455294418931885,283.6983341004253,1.1653044406638275,0.15845557002852634,22.06415054276974,131.7443930432078,459.46971656308295,True
20260811_184731__rp0p75__vinf25__inc90__toff59132__Om180__om165,115317.0,0.9997907661248101,0.016533048803014518,23.455326383786197,283.7119028775817,1.2132831283299095,0.17847625402340528,20.856971129332813,119.81609203418202,488.136213527278,True
20260811_184731__rp0p75__vinf25__inc90__toff59132__Om180__om180,115317.0,0.9997978312540621,0.016530062589040027,23.455326723612067,283.7039715546278,1.238549838137725,0.17492691825695214,20.549968409117724,108.47312799321307,503.4635348591035,True
20260811_184731__rp0p75__vinf25__inc90__toff59132__Om180__om195,115317.0,0.9997968415528107,0.01652912483541557,23.455262955036364,283.70848812441045,1.2247484397501742,0.17030626252455572,21.29223998299894,97.04167123047375,495.0717357754902,True
20260811_184731__rp0p75__vinf25__inc90__toff59132__Om180__om210,115317.0,0.9997968184084303,0.016529152257770033,23.455262279351928,283.70852383451626,1.182425265843651,0.15120496369068373,22.786557541698713,86.32114110803583,469.6327143167521,True
20260811_184731__rp0p75__vinf25__inc90__toff59132__Om180__om225,115317.0,0.999797272753811,0.016528956369890265,23.455262955200496,283.7079959138914,1.1306402864388676,0.11861479079480795,24.604368459810537,81.09797928462658,439.1212705129756,True
20260811_184731__rp0p75__vinf25__inc90__toff59132__Om180__om240,115317.0,0.9997968295949011,0.016529146296501204,23.455262955068232,283.7084911728166,1.0796366339807877,0.08125483307768239,26.108080780843828,83.10023279316925,409.7455155399163,True
20260811_184731__rp0p75__vinf25__inc90__toff59132__Om180__om255,115317.0,0.9998038843584067,0.016526150704405242,23.455261943660226,283.7006195268144,1.046784595710347,0.05648288334723502,26.573381838966995,102.45620160588861,391.18642450486664,True
20260811_184731__rp0p75__vinf25__inc90__toff59132__Om180__om270,115317.0,0.999796830681984,0.01652914434549346,23.455262955065308,283.7084908956897,1.0421137256807378,0.06354465472554088,25.663311932298274,126.15741888712627,388.57107102549594,True
20260811_184731__rp0p75__vinf25__inc90__toff59132__Om180__om285,115317.0,0.9998048913863801,0.016527078702700846,23.455326725579734,283.69605353934037,1.065984238658371,0.09136421298802636,23.72913938005715,129.38895796745373,401.9980675938815,True
20260811_184731__rp0p75__vinf25__inc90__toff59132__Om180__om30,115317.0,0.9998023539208323,0.016529510412161805,23.455390832279615,283.69548099345366,1.007990407206579,0.15464240604878365,23.29891086856492,236.0659481349794,369.6429171436393,True
20260811_184731__rp0p75__vinf25__inc90__toff59132__Om180__om300,115317.0,0.9998043769977977,0.01652663420391596,23.45529433447807,283.6983392628109,1.1047783843171202,0.12003035677872169,21.292776116493254,130.49551151475475,424.1412802800781,True
20260811_184731__rp0p75__vinf25__inc90__toff59132__Om180__om315,115317.0,0.9997900807642781,0.01653240027474616,23.455281930205082,283.71503605645535,1.1290729474822598,0.1308637815960031,19.049210776977368,139.00218845266278,438.20849572535604,True
20260811_184731__rp0p75__vinf25__inc90__toff59132__Om180__om330,115317.0,0.9998043844321475,0.016526619096985152,23.455294249991354,283.69834108510815,1.118129502056041,0.12221346091542915,18.01727898870305,161.22557931460713,431.85300925218496,True
20260811_184731__rp0p75__vinf25__inc90__toff59132__Om180__om345,115317.0,0.9997897778995798,0.01653210150953122,23.455262277102857,283.71643370641533,1.0833244741604977,0.12112792890808775,18.470489505739035,191.13980672972318,411.84673031503564,True
20260811_184731__rp0p75__vinf25__inc90__toff59132__Om180__om45,115317.0,0.9997977187445906,0.016528754304785658,23.45526261745216,283.7075148262452,0.9966188792467191,0.15364042006275908,24.77718407059318,239.171002907967,363.40546593065136,True
20260811_184731__rp0p75__vinf25__inc90__toff59132__Om180__om60,115317.0,0.9997988524395336,0.01653096513940757,23.455391507085775,283.69940266784363,0.9890024216411706,0.14307170082054563,25.860334650292447,238.7199445853919,359.2475564918758,True
20260811_184731__rp0p75__vinf25__inc90__toff59132__Om180__om75,115317.0,0.9997968205825956,0.016529148355754412,23.455262279346144,283.7085232802689,0.9889421468617136,0.1259851593291329,26.450271399398122,233.44752607898332,359.2147154641267,True
20260811_184731__rp0p75__vinf25__inc90__toff59132__Om180__om90,115317.0,0.9997968386772819,0.016529122938529567,23.455262617171016,283.70850376246915,0.9961514449321197,0.10331814044193342,26.54120481692617,219.25451709562319,363.1498291938268,True
20260811_184731__rp0p75__vinf25__inc90__toff59132__Om270__om0,115317.0,0.9997975994682075,0.016529136132467905,23.455336119046127,283.7065384812873,0.9401075984153335,0.11558851913901101,25.87787646728082,324.1170290508714,332.93858902104796,True
20260811_184731__rp0p75__vinf25__inc90__toff59132__Om270__om105,115317.0,0.9997999051717389,0.01653126679928347,23.455308135034777,283.69728388625595,1.1341449798587977,0.15250136059905767,25.812237894230226,221.52061778514482,441.1645960227277,True
20260811_184731__rp0p75__vinf25__inc90__toff59132__Om270__om120,115317.0,0.9997988806212978,0.016530351856871087,23.455244322271337,283.70189379046343,1.1629318424938857,0.19037766750455387,24.65651632045476,219.17050601582292,458.067187884526,True
20260811_184731__rp0p75__vinf25__inc90__toff59132__Om270__om135,115317.0,0.999799280505943,0.016530606128306476,23.45526369862423,283.7001926648293,1.1730263232136027,0.2262202325801529,23.13851263187933,218.30801118359116,464.0442838255456,True
20260811_184731__rp0p75__vinf25__inc90__toff59132__Om270__om15,115317.0,0.9997966323396272,0.01652819858529316,23.45527198380283,283.71096187903623,0.9499325957353981,0.10814315872654859,26.14319757754158,321.02527085873464,338.17147802886683,True
20260811_184731__rp0p75__vinf25__inc90__toff59132__Om270__om150,115317.0,0.9997994548704969,0.01653078471977791,23.455275748917966,283.69938623042685,1.1701616032228574,0.26886786575697746,21.406039090418812,214.22046427603263,462.3454153261431,True
20260811_184731__rp0p75__vinf25__inc90__toff59132__Om270__om165,115317.0,0.9997999426108177,0.016531251941250158,23.455307864188686,283.6971615455543,1.1606325454305733,0.3126543898748958,19.855722135637148,203.62278322110325,456.7093545249483,True
20260811_184731__rp0p75__vinf25__inc90__toff59132__Om270__om180,115317.0,0.9998000058509118,0.01653122684399676,23.455307469088325,283.6969549452888,1.156043847696722,0.353435014998535,19.527588341657697,185.1232901128868,454.00355187326164,True
20260811_184731__rp0p75__vinf25__inc90__toff59132__Om270__om195,115317.0,0.9997966664843099,0.01652818502694877,23.45527195518239,283.7108504738241,1.2399693609685745,0.4003811901990536,21.754737649415038,159.22624235419502,504.32932487082377,True
20260811_184731__rp0p75__vinf25__inc90__toff59132__Om270__om210,115317.0,0.9997978250423836,0.016529247948227833,23.4552571889795,283.7062030815698,1.5775930039975892,0.45998131295765826,22.963213856923595,132.1801733619259,723.7527849537145,True
20260811_184731__rp0p75__vinf25__inc90__toff59132__Om270__om225,115317.0,0.9997973161556124,0.01652887888927398,23.455264165602184,283.7081897510926,1.450824089206127,0.33647891912533395,21.4480991467759,107.16073442314249,638.2927730307728,True
20260811_184731__rp0p75__vinf25__inc90__toff59132__Om270__om240,115317.0,0.9997965850183418,0.016528217375485064,23.45527298132651,283.71111706785075,1.1020143430876634,0.13433448704176512,21.41113199866516,84.95028519300497,422.5505398761001,True
20260811_184731__rp0p75__vinf25__inc90__toff59132__Om270__om255,115317.0,0.9997989712008318,0.016530315903825636,23.455242980606666,283.7015972254077,0.9651171511429133,0.03506895168350621,22.477956792443745,35.14091321270962,346.31223940024375,True
20260811_184731__rp0p75__vinf25__inc90__toff59132__Om270__om270,115317.0,0.9997965850183418,0.016528217375485064,23.45527298132651,283.71111706785075,0.919318763906498,0.04792773920037626,23.605186654011977,319.92337838479864,321.9563365468449,True
20260811_184731__rp0p75__vinf25__inc90__toff59132__Om270__om285,115317.0,0.9997952846823845,0.016527009520611667,23.45536441890901,283.7158254773891,0.9064689897664037,0.07380106797921519,24.436307771468847,313.8289893359646,315.229764560361,True
20260811_184731__rp0p75__vinf25__inc90__toff59132__Om270__om30,115317.0,0.9997997861165484,0.016531112674685815,23.455386327136342,283.69727111171994,0.9637382129558633,0.09431685584329565,26.443890827572314,315.65655127996627,345.5702995934334,True
20260811_184731__rp0p75__vinf25__inc90__toff59132__Om270__om300,115317.0,0.9997948022689355,0.016526540373977373,23.455331734046716,283.7180333787361,0.9084168370999468,0.09301185784884364,24.9419335975433,317.06606664887454,316.24637274172323,True
20260811_184731__rp0p75__vinf25__inc90__toff59132__Om270__om315,115317.0,0.9997992718267391,0.01653060957344404,23.455263117928595,283.7002204945725,0.9145994318386615,0.10716290458883672,25.24829806816637,320.3630715102312,319.4803718485763,True
20260811_184731__rp0p75__vinf25__inc90__toff59132__Om270__om330,115317.0,0.9997948242824238,0.016526531630173834,23.455331356397757,283.71796125400715,0.9223704289811226,0.11715711624998222,25.45539954237856,323.08335930572224,323.5607601377369,True
20260811_184731__rp0p75__vinf25__inc90__toff59132__Om270__om345,115317.0,0.9997989762505474,0.016530313899272942,23.455243318466337,283.70158103342817,0.930203695553457,0.119105763593675,25.654204586916073,324.45924769266986,327.6912773015849,True
20260811_184731__rp0p75__vinf25__inc90__toff59132__Om270__om45,115317.0,0.9997973376551273,0.01652887035347977,23.455263493329625,283.70811906427724,0.9853575380322686,0.07972001489375713,26.719670919156847,302.16657334579423,357.26342330142916,True
20260811_184731__rp0p75__vinf25__inc90__toff59132__Om270__om60,115317.0,0.9997986333764843,0.016530047253606482,23.45540102071467,283.70189840162516,1.011911598806224,0.06996122903690447,26.892995255583624,276.62812610935975,371.8019397873619,True
20260811_184731__rp0p75__vinf25__inc90__toff59132__Om270__om75,115317.0,0.999796627289935,0.01652820059063081,23.455271645943277,283.7109780719707,1.0485276842871794,0.08231810288080744,26.867584761855788,246.81856544395342,392.1639270007947,True
20260811_184731__rp0p75__vinf25__inc90__toff59132__Om270__om90,115317.0,0.9997967079866067,0.016528168547545706,23.455271030954798,283.7107143269053,1.0903798961967974,0.11476078144147167,26.53743547134965,228.82060271412746,415.8766565560857,True
20260811_184731__rp0p75__vinf25__inc90__toff59132__Om90__om0,115317.0,0.9998000008011859,0.016531228848183723,23.455307131229926,283.6969711369045,1.1760921185246624,0.22436118966297675,24.081767886626686,200.9511892869725,465.8646955903844,True
20260811_184731__rp0p75__vinf25__inc90__toff59132__Om90__om105,115317.0,0.9997952771078669,0.016527012529260927,23.455363912121637,283.71584976763506,1.121858033121956,0.1482434177621318,26.01886280941686,104.9552508633686,434.01490410844195,True
20260811_184731__rp0p75__vinf25__inc90__toff59132__Om90__om120,115317.0,0.9997942991116063,0.016526079488126327,23.45529951163764,283.72030946162624,0.9755398866885787,0.03876080295963407,25.176263824469334,67.0187081841265,351.9373315838979,True
20260811_184731__rp0p75__vinf25__inc90__toff59132__Om90__om135,115317.0,0.999799280505943,0.016530606128306476,23.45526369862423,283.7001926648293,0.9222642623250257,0.04227140514849653,24.055945987427503,339.9077594499518,323.5048980225189,True
20260811_184731__rp0p75__vinf25__inc90__toff59132__Om90__om15,115317.0,0.9997966614346172,0.016528187032277215,23.45527161732282,283.7108666667856,1.1745598894209581,0.2677134156307165,25.413726832647328,204.72192711503388,464.9545897079038,True
20260811_184731__rp0p75__vinf25__inc90__toff59132__Om90__om150,115317.0,0.9997948268072607,0.016526530627207346,23.455331525327168,283.7179531571441,0.907133811452244,0.07043964274316032,23.058968904099633,329.54388004119204,315.5766214420483,True
20260811_184731__rp0p75__vinf25__inc90__toff59132__Om90__om165,115317.0,0.9997999775250377,0.01653123808538866,23.45530742441341,283.69704730042923,0.9069242145349069,0.09232234553814146,22.33276097534144,329.1312042630698,315.4672548877104,True
20260811_184731__rp0p75__vinf25__inc90__toff59132__Om90__om180,115317.0,0.999797604517909,0.016529134127480503,23.45533645690447,283.7065222887616,0.9121231714197753,0.10630622114768759,21.85544631137902,329.7140952276902,318.18377000284545,True
20260811_184731__rp0p75__vinf25__inc90__toff59132__Om90__om195,115317.0,0.9997966373893193,0.016528196579956803,23.45527232166241,283.7109456860974,0.9204272016132727,0.11526608162586213,21.533367098888494,329.61626347936317,322.5387940789908,True
20260811_184731__rp0p75__vinf25__inc90__toff59132__Om90__om210,115317.0,0.9997977784902912,0.016529266429434378,23.45525777534722,283.7063554167417,0.9271644596213591,0.12002110674876078,21.274325149929755,328.6972512805263,326.0866010848737,True
20260811_184731__rp0p75__vinf25__inc90__toff59132__Om90__om225,115317.0,0.9997973427048268,0.016528868348381395,23.455263831189225,283.70810287165847,0.9370819983109335,0.11728280779614915,21.004179227468928,327.07855668163654,331.33261098866984,True
20260811_184731__rp0p75__vinf25__inc90__toff59132__Om90__om240,115317.0,0.9997966257513236,0.01652820120117266,23.45527246825442,283.7109837709693,0.9462580154071477,0.1108428164653757,20.707980801087167,322.4984171655668,336.2111771921463,True
20260811_184731__rp0p75__vinf25__inc90__toff59132__Om90__om255,115317.0,0.9997966222402432,0.016528202595969786,23.455271308083685,283.7109942649008,0.9603162954508605,0.09770137445809436,20.397457860473367,315.66105251114556,343.7314245637749,True
20260811_184731__rp0p75__vinf25__inc90__toff59132__Om90__om270,115317.0,0.9997967130362997,0.016528166542229876,23.45527136881434,283.71069813390693,0.9813086520651241,0.08267175938755812,20.124236963597912,300.3793988542496,355.0636656033426,True
20260811_184731__rp0p75__vinf25__inc90__toff59132__Om90__om285,115317.0,0.9997999127463264,0.016531263792964615,23.455308641822423,283.69725959894424,1.0076785217331283,0.07111865336538528,20.000226133362585,272.5916984069705,369.4713718533769,True
20260811_184731__rp0p75__vinf25__inc90__toff59132__Om90__om30,115317.0,0.9997998326688275,0.016531094199692915,23.455385740769316,283.6971187843535,1.1641650966687016,0.3098064886304699,26.899362592391316,208.38792627408586,458.796030701971,True
20260811_184731__rp0p75__vinf25__inc90__toff59132__Om90__om300,115317.0,0.999799383779705,0.01653081293507279,23.45527654400408,283.69961877111024,1.0442923270595634,0.0807475635714314,20.165116485179084,237.5364802425743,389.790204406992,True
20260811_184731__rp0p75__vinf25__inc90__toff59132__Om90__om315,115317.0,0.9997992718267391,0.01653060957344404,23.455263117928595,283.7002204945725,1.0874028193205296,0.11171416954776142,20.6961719076027,213.58330889594677,414.17461037088975,True
20260811_184731__rp0p75__vinf25__inc90__toff59132__Om90__om330,115317.0,0.9997994523456368,0.016530785721967558,23.45527557998845,283.69939432631224,1.1307793120597387,0.1515582796580123,21.615226783835148,202.12485583295754,439.2022657481212,True
20260811_184731__rp0p75__vinf25__inc90__toff59132__Om90__om345,115317.0,0.9997989413363976,0.016530327757459697,23.455243758241892,283.70169528149495,1.162140195634004,0.18931327582561858,22.804193306974152,198.99641425826118,457.5995348577452,True
20260811_184731__rp0p75__vinf25__inc90__toff59132__Om90__om45,115317.0,0.9997973111059135,0.01652888089437962,23.455263827742556,283.7082059436907,1.1587401205999532,0.34836843097014825,28.234936364608554,210.15255855398163,455.5928051193733,True
20260811_184731__rp0p75__vinf25__inc90__toff59132__Om90__om60,115317.0,0.9997985926433389,0.016530063422481544,23.45540153378612,283.70203169168013,1.2260668694686916,0.3925910479953174,28.70657494595539,202.95842712472734,495.8713606994691,True
20260811_184731__rp0p75__vinf25__inc90__toff59132__Om90__om75,115317.0,0.9997989762505474,0.016530313899272942,23.455243318466337,283.70158103342817,1.519592077843383,0.4497009017258813,27.090827261826295,174.77423970899272,684.2082736571958,True
20260811_184731__rp0p75__vinf25__inc90__toff59132__Om90__om90,115317.0,0.9997965799686502,0.01652821938083564,23.455272643466905,283.71113326074766,1.468321396161722,0.34879798569287107,26.082778664724668,130.42725391090156,649.8744775895958,True
20260811_184731__rp0p75__vinf25__incm30__toff59132__Om0__om0,115317.0,0.9997960479436397,0.016528447428199134,23.45527115014954,283.7116270754967,1.219694705683974,0.12872021901165248,21.1492115153216,128.5360484025397,492.01064414732025,True
20260811_184731__rp0p75__vinf25__incm30__toff59132__Om0__om105,115317.0,0.9998031356264034,0.016525452316983984,23.45527160814496,283.7036200432756,1.3291543915419004,0.38846313730542986,20.190778525407367,166.6187487608068,559.7072547783681,True
20260811_184731__rp0p75__vinf25__incm30__toff59132__Om0__om120,115317.0,0.9998045139024077,0.016526770761106004,23.455273947248177,283.69791326367294,1.0244641791617848,0.2896536844861167,20.016990742453057,201.17165350400956,378.7415541229255,True
20260811_184731__rp0p75__vinf25__incm30__toff59132__Om0__om135,115317.0,0.9997901791217652,0.01653246045434551,23.455278916521745,283.7146750907806,0.9355123882983167,0.237168017865865,20.276215696219513,224.77407043072526,330.5004877362221,True
20260811_184731__rp0p75__vinf25__incm30__toff59132__Om0__om15,115317.0,0.9997961048053225,0.016528415732795825,23.455270817159093,283.7114609337692,1.3184073503281406,0.1652168175188957,20.40908194106657,133.11612181640217,552.9326226696554,True
20260811_184731__rp0p75__vinf25__incm30__toff59132__Om0__om150,115317.0,0.999803309663616,0.01652571362328715,23.455288545235973,283.70273586867927,0.9012275141487572,0.19710558190608377,21.718269310652303,239.93147632268563,312.49959117698046,True
20260811_184731__rp0p75__vinf25__incm30__toff59132__Om0__om165,115317.0,0.9997917874763625,0.016534008430323485,23.455276670788674,283.7080823102515,0.8746163962806179,0.18004346478881691,23.388780538719075,251.29927681489875,298.76121190179305,True
20260811_184731__rp0p75__vinf25__incm30__toff59132__Om0__om180,115317.0,0.9997983913694106,0.016530556824373283,23.455243549329925,283.70226181856214,0.8553856582269266,0.17866001732781978,24.671610391322037,260.1314545378224,288.9620016214428,True
20260811_184731__rp0p75__vinf25__incm30__toff59132__Om0__om195,115317.0,0.999798332333297,0.01653059241397,23.455243882326474,283.70242851270035,0.8458744772717335,0.1775103116797187,25.505628131810486,267.5092516763093,284.15589619511405,True
20260811_184731__rp0p75__vinf25__incm30__toff59132__Om0__om210,115317.0,0.9998018823075723,0.01652909864621939,23.455244581527797,283.6983923481276,0.845331835740907,0.17422450619690708,25.992004385456458,273.7522308017573,283.8825044642756,True
20260811_184731__rp0p75__vinf25__incm30__toff59132__Om0__om225,115317.0,0.9998002185937626,0.016531127812237756,23.45530929527788,283.69693002966454,0.8498272733870639,0.1639395246797829,26.242919544896825,281.9405792917627,286.15002451667954,True
20260811_184731__rp0p75__vinf25__incm30__toff59132__Om0__om240,115317.0,0.9997984122301607,0.01653054094639919,23.45524365611791,283.7022102034898,0.8586509368292227,0.15049450906452352,26.303725328250213,290.58394295520384,290.618169179769,True
20260811_184731__rp0p75__vinf25__incm30__toff59132__Om0__om255,115317.0,0.9997970122029894,0.016529392178169372,23.455336772280827,283.707201211613,0.8683992030962864,0.13181602998015743,26.193233557008398,300.0871138085033,295.5812726715391,True
20260811_184731__rp0p75__vinf25__incm30__toff59132__Om0__om270,115317.0,0.9997960126132039,0.016528449302834126,23.455271905424517,283.7117691015409,0.8798658895882163,0.11259973343250189,25.897406733040395,312.3923278400407,301.4550145147139,True
20260811_184731__rp0p75__vinf25__incm30__toff59132__Om0__om285,115317.0,0.9998030999339645,0.016525472563796686,23.45527089893027,283.7037228348974,0.89729772913283,0.09262131312169176,25.282073589727133,326.40557885170654,310.4578484067159,True
20260811_184731__rp0p75__vinf25__incm30__toff59132__Om0__om30,115317.0,0.9997984075619065,0.016530565591931782,23.4552435095708,283.70217628958943,1.3415949025877205,0.1717094564463186,20.456755366548514,129.72639949036613,567.583667070348,True
20260811_184731__rp0p75__vinf25__incm30__toff59132__Om0__om300,115317.0,0.9997906839233749,0.01653292371370682,23.45528898782809,283.71254707280207,0.9334470978799306,0.09027281980880257,24.137372889807786,82.76078668049455,329.4066444556935,True
20260811_184731__rp0p75__vinf25__incm30__toff59132__Om0__om315,115317.0,0.9997900245572722,0.016532378853608323,23.455282682013905,283.71523491784325,0.9636415299415686,0.05680524761537103,24.4465295769299,30.784985286476108,345.5182990504389,True
20260811_184731__rp0p75__vinf25__incm30__toff59132__Om0__om330,115317.0,0.9998033365804588,0.01652570901719309,23.455287398688526,283.70263402293386,1.0247305258475228,0.06009648559312427,23.41891534661024,77.00871284939451,378.88926516459696,True
20260811_184731__rp0p75__vinf25__incm30__toff59132__Om0__om345,115317.0,0.9997889504320518,0.016531446793887076,23.455271418831526,283.7196640127419,1.1145180277607998,0.08650165496515151,22.277671871187824,108.62564557813293,429.7624204717272,True
20260811_184731__rp0p75__vinf25__incm30__toff59132__Om0__om45,115317.0,0.9997952558688111,0.016527031377808234,23.455363606343283,283.7156123482663,1.2302874488560684,0.12660217327053502,22.13199348954416,113.72001666463768,498.43402416694727,True
20260811_184731__rp0p75__vinf25__incm30__toff59132__Om0__om60,115317.0,0.9997982715174247,0.016530618073094337,23.455245437599935,283.70262489803497,1.008879266299649,0.09679204672999185,27.734383906694255,50.83466158519707,370.13195883589304,True
20260811_184731__rp0p75__vinf25__incm30__toff59132__Om0__om75,115317.0,0.9998030737162972,0.016525470815329898,23.455271338683676,283.70383489290475,1.2986890578712778,0.3772269207105656,37.07259813406377,108.83374099765759,540.5745089094441,True
20260811_184731__rp0p75__vinf25__incm30__toff59132__Om0__om90,115317.0,0.9997988425730432,0.01653105067604114,23.45527611523676,283.7001304192505,2.9590927507390496,0.7042012390143207,21.67146100421794,140.95229645797266,1859.240869577718,True
20260811_184731__rp0p75__vinf25__incm30__toff59132__Om180__om0,115317.0,0.9997983837948461,0.01653055983128654,23.45524304254047,283.7022861060348,0.8183962081785686,0.1537223547366753,23.177701593033746,270.64869398194725,270.42273643181727,True
20260811_184731__rp0p75__vinf25__incm30__toff59132__Om180__om105,115317.0,0.9998031138207976,0.016525467050756575,23.455271828044467,283.7036782942616,0.8717006567828358,0.146186435840471,23.11661081381726,323.10722252539557,297.2684715644157,True
20260811_184731__rp0p75__vinf25__incm30__toff59132__Om180__om120,115317.0,0.9997904430747627,0.016532688976906452,23.455273594722044,283.7136502247543,0.9244173848555719,0.2568605690972183,22.474968424270642,83.09339243917735,324.6384430835418,True
20260811_184731__rp0p75__vinf25__incm30__toff59132__Om180__om135,115317.0,0.9997899988696952,0.016532347757867716,23.455281053501807,283.71535865435936,0.9302448622234969,0.0919204262978081,23.318903585638015,3.3039293775543093,327.7130307755858,True
20260811_184731__rp0p75__vinf25__incm30__toff59132__Om180__om15,115317.0,0.999798332333297,0.01653059241397,23.455243882326474,283.70242851270035,0.7939760992584098,0.18800932498542006,23.00407905260469,269.6139621780168,258.4097727949161,True
20260811_184731__rp0p75__vinf25__incm30__toff59132__Om180__om150,115317.0,0.9998033460487584,0.016525705258461896,23.4552880321749,283.70260365452305,0.981449319916044,0.06782391581028514,23.40442840848911,34.50900220216073,355.14001441450205,True
20260811_184731__rp0p75__vinf25__incm30__toff59132__Om180__om165,115317.0,0.9997894662120931,0.016531902673919466,23.45530448567406,283.7173481461664,1.0694290717090273,0.06917833700368942,23.554222586970816,92.035220854893,403.9482855754532,True
20260811_184731__rp0p75__vinf25__incm30__toff59132__Om180__om180,115317.0,0.9997960555181687,0.01652844442011342,23.4552716569389,283.7116027865887,1.2058880557989717,0.11956502224082675,23.720058598151006,130.40832413633441,483.6801679853064,True
20260811_184731__rp0p75__vinf25__incm30__toff59132__Om180__om195,115317.0,0.9997961048053225,0.016528415732795825,23.455270817159093,283.7114609337692,1.3752108277701973,0.19501403353784103,23.859067131469054,144.88126229087976,589.0493960531302,True
20260811_184731__rp0p75__vinf25__incm30__toff59132__Om180__om210,115317.0,0.9997984126116166,0.016530563587331664,23.455243847430445,283.7021600979332,1.486236121432019,0.23639655882731067,23.92471620420961,147.8978603085879,661.8041842039095,True
20260811_184731__rp0p75__vinf25__incm30__toff59132__Om180__om225,115317.0,0.9997952558688111,0.016527031377808234,23.455363606343283,283.7156123482663,1.324009213614546,0.1675185986542793,23.764015791807473,138.38400342576338,556.4604483511596,True
20260811_184731__rp0p75__vinf25__incm30__toff59132__Om180__om240,115317.0,0.9997982689925705,0.016530619075413498,23.4552452686701,283.70263299380855,0.7627401901412478,0.31806642022085685,22.08214278466016,357.4499340962683,243.3115562153269,True
20260811_184731__rp0p75__vinf25__incm30__toff59132__Om180__om255,115317.0,0.9998040926668444,0.01652638793567235,23.45533662760376,283.6992431419054,-0.3359517367248386,2.6397933012371153,22.86991923882544,137.11308100796845,,False
20260811_184731__rp0p75__vinf25__incm30__toff59132__Om180__om270,115317.0,0.9997983368898871,0.016530590605353397,23.455243724565626,283.7024135196814,4.920238158561366,0.8362514064062491,13.01418012601885,156.81116253250258,3986.364233274463,True
20260811_184731__rp0p75__vinf25__incm30__toff59132__Om180__om285,115317.0,0.9998031217395701,0.01652545783001088,23.45527067903077,283.7036645839711,1.2769612449509247,0.5370532661019974,23.884160732193912,201.13179287986745,527.0652281913776,True
20260811_184731__rp0p75__vinf25__incm30__toff59132__Om180__om30,115317.0,0.999801877257827,0.01652910065051086,23.455244243668066,283.6984085417318,0.7994714067814639,0.1886614748479185,22.962244609852867,274.38928801671193,261.0971876766661,True
20260811_184731__rp0p75__vinf25__incm30__toff59132__Om180__om300,115317.0,0.9998047547524254,0.016527005575400877,23.455289340237357,283.696809987137,0.8592606079228565,0.632838785240512,25.737596355401095,219.7975785197463,290.9277471530521,True
20260811_184731__rp0p75__vinf25__incm30__toff59132__Om180__om315,115317.0,0.9997902048093441,0.01653249155046558,23.45528054503258,283.71455135633414,0.9262925054568039,0.6117487539636762,71.23509003972521,173.12482643800894,325.62670579973565,True
20260811_184731__rp0p75__vinf25__incm30__toff59132__Om180__om330,115317.0,0.999803300195317,0.01652571738203899,23.455287911749597,283.7027662370448,2.3193957634078815,0.5678539527517478,28.867218744703187,37.97580592935805,1290.2090375590064,True
20260811_184731__rp0p75__vinf25__incm30__toff59132__Om180__om345,115317.0,0.9997912716956935,0.01653355245158671,23.455243604282213,283.71039764508834,0.9374734570686732,0.07702210484994673,23.95086429360683,311.80638903011516,331.540250123557,True
20260811_184731__rp0p75__vinf25__incm30__toff59132__Om180__om45,115317.0,0.9998002185937626,0.016531127812237756,23.45530929527788,283.69693002966454,0.8150440817339513,0.17867924928224582,22.97169382654445,282.07241342113616,268.76297373603217,True
20260811_184731__rp0p75__vinf25__incm30__toff59132__Om180__om60,115317.0,0.9997984147550159,0.016530539944097554,23.455243825047727,283.7022021076518,0.8314229544955037,0.1663324784270709,22.99849863646087,292.5309933415174,276.9050054564439,True
20260811_184731__rp0p75__vinf25__incm30__toff59132__Om180__om75,115317.0,0.9997959932561266,0.016528475221718443,23.455271483134286,283.7117926631094,0.8480724643653795,0.15371599545914497,23.035191950670672,303.65684190241086,285.26417508399084,True
20260811_184731__rp0p75__vinf25__incm30__toff59132__Om180__om90,115317.0,0.9997965182957759,0.016528909275438496,23.455304296435425,283.7094854641125,0.8638625763457022,0.14458734514598287,23.078697189737174,316.3998948832001,293.2680697166787,True
20260811_184731__rp0p75__vinf25__incm30__toff59132__Om270__om0,115317.0,0.9997960130296949,0.016528461292255433,23.45527158992554,283.71174132771165,0.8666466711772618,0.13182529257526038,23.036993479477555,319.15302106453646,294.68694750795345,True
20260811_184731__rp0p75__vinf25__incm30__toff59132__Om270__om105,115317.0,0.9998018635900922,0.01652909087917227,23.45524445235705,283.69848597967064,1.2177083576054215,0.10914304696774368,20.022036559143704,137.8045689998822,490.80922909048286,True
20260811_184731__rp0p75__vinf25__incm30__toff59132__Om270__om120,115317.0,0.9997985551342198,0.01653083285050141,23.45526077078666,283.70138877221495,1.31131200357314,0.1552051672101956,20.192275116893363,145.71153036187457,548.4750108553111,True
20260811_184731__rp0p75__vinf25__incm30__toff59132__Om270__om135,115317.0,0.9997991173790732,0.01653062481833146,23.455261589682852,283.70049059155076,1.3181360576469425,0.1552757818476226,20.64383691376455,149.0125725750574,552.7619635142013,True
20260811_184731__rp0p75__vinf25__incm30__toff59132__Om270__om15,115317.0,0.9997960459119133,0.016528448234826305,23.455271476840206,283.71163397309704,0.8825687287590581,0.12435061217329037,22.607877205945435,329.6872810149647,302.8451294862772,True
20260811_184731__rp0p75__vinf25__incm30__toff59132__Om270__om150,115317.0,0.9998021500437634,0.016529321269462643,23.45525985011812,283.69720466110334,1.1395567328357306,0.06037481369818103,20.490797619232758,168.06218437773154,444.3259902668658,True
20260811_184731__rp0p75__vinf25__incm30__toff59132__Om270__om165,115317.0,0.9997988694281771,0.01653103393888523,23.455276233196756,283.70005599338293,0.8884215548991824,0.18233610859681057,15.350789298166205,275.72038424944003,305.8626314865079,True
20260811_184731__rp0p75__vinf25__incm30__toff59132__Om270__om180,115317.0,0.9997984262835226,0.01653054296586559,23.455243109554402,283.7021475725811,1.4471488645870525,0.4532565212543235,12.667630619202582,167.80438779846426,635.8689267505194,True
20260811_184731__rp0p75__vinf25__incm30__toff59132__Om270__om195,115317.0,0.9998031351332799,0.016525452512988613,23.455271112524315,283.7036212423694,1.6067471811248608,0.5248477402751028,18.286812213069407,182.30537722564628,743.9077965104702,True
20260811_184731__rp0p75__vinf25__incm30__toff59132__Om270__om210,115317.0,0.9997902092550411,0.01653245145387177,23.45525786227225,283.7147302057283,1.2047031941938977,0.43319146469418685,21.322582136184923,205.51250019930367,482.9674733959919,True
20260811_184731__rp0p75__vinf25__incm30__toff59132__Om270__om225,115317.0,0.9997906810216838,0.0165330327762436,23.455328438816196,283.71221011102404,1.0093563360857434,0.3351603544682852,22.60298614947783,223.0620298647432,370.3945268954664,True
20260811_184731__rp0p75__vinf25__incm30__toff59132__Om270__om240,115317.0,0.9997889540876452,0.016531427110779234,23.455272641094584,283.7196923346892,0.9865155720078841,0.20064972654287577,23.472420463621933,222.56413399693201,357.8934150032941,True
20260811_184731__rp0p75__vinf25__incm30__toff59132__Om270__om255,115317.0,0.9997994062454651,0.01653148167661599,23.45530793103817,283.69767089978285,0.934011618387152,0.09947975352777623,24.187505218078474,235.589538389806,329.7055123597115,True
20260811_184731__rp0p75__vinf25__incm30__toff59132__Om270__om270,115317.0,0.9997959901044147,0.0165284734343139,23.455272052045075,283.71180995293855,0.8581898365443259,0.12736335476990462,24.91515314064176,262.40306882466183,290.38410527263903,True
20260811_184731__rp0p75__vinf25__incm30__toff59132__Om270__om285,115317.0,0.9997972151125751,0.016524853905013032,23.4552992989107,283.7171007362688,0.8195022644055723,0.1593770020870127,25.035532620834505,270.47730744231774,270.97113301146265,True
20260811_184731__rp0p75__vinf25__incm30__toff59132__Om270__om30,115317.0,0.9997901446092134,0.01653249535931042,23.455258110815286,283.7149020053873,0.9029165281111683,0.11367416206357998,22.208515573607936,344.6013588058827,313.3784980885673,True
20260811_184731__rp0p75__vinf25__incm30__toff59132__Om270__om300,115317.0,0.9997959887393075,0.016526032419074823,23.45533135427275,283.7167188665909,0.811141490729964,0.1662788725290221,24.7608574836243,276.9123559754887,266.83495150015403,True
20260811_184731__rp0p75__vinf25__incm30__toff59132__Om270__om315,115317.0,0.9997991313804929,0.016530676895502163,23.45526321820364,283.7003698617987,0.8194458348830624,0.1614331665002359,24.359119952641223,284.52063705103694,270.9431455810061,True
20260811_184731__rp0p75__vinf25__incm30__toff59132__Om270__om330,115317.0,0.9997939998466812,0.016526531798385275,23.45531499157174,283.71975670065274,0.8333961408289164,0.15111811295508454,23.927240774313287,294.4197691914918,277.89134319304975,True
20260811_184731__rp0p75__vinf25__incm30__toff59132__Om270__om345,115317.0,0.9997983929080281,0.016530556214075544,23.455242727018785,283.7022561199034,0.8499089954201448,0.14020302651692285,23.48209295291264,305.98277290717976,286.1913011231397,True
20260811_184731__rp0p75__vinf25__incm30__toff59132__Om270__om45,115317.0,0.9998048321298973,0.016527046315778636,23.45532810832616,283.6962890543542,0.9291143983985296,0.09962772422297402,21.74013708162353,359.39097839251355,327.11584099139,True
20260811_184731__rp0p75__vinf25__incm30__toff59132__Om270__om60,115317.0,0.9997889843000249,0.01653143333996561,23.455272296986713,283.7195542875435,0.9677928913995,0.0780742742478879,21.18674716046964,16.265015870466602,347.75343786497893,True
20260811_184731__rp0p75__vinf25__incm30__toff59132__Om270__om75,115317.0,0.9997960426857079,0.01652844343887339,23.45527097003946,283.7116571549814,1.0277189657270864,0.05421417769836754,20.640393784358753,51.001248730266646,380.5479152511184,True
20260811_184731__rp0p75__vinf25__incm30__toff59132__Om270__om90,115317.0,0.9997966303273922,0.016528870870059303,23.455302830526662,283.7091057353499,1.109611071307585,0.06234906732723363,20.20808213480684,109.81149694345277,426.92733495451085,True
20260811_184731__rp0p75__vinf25__incm30__toff59132__Om90__om0,115317.0,0.9997984187089576,0.01653054597276473,23.45524260276494,283.7021718600955,1.3739120274198402,0.465085453635472,25.018084868031508,179.8225498554269,588.2151128135733,True
20260811_184731__rp0p75__vinf25__incm30__toff59132__Om90__om105,115317.0,0.9997972289992444,0.016524848388913507,23.45530022802446,283.71705619853026,0.8107505286193732,0.1751912268001212,24.538020535961458,273.1279466158243,266.6420570691279,True
20260811_184731__rp0p75__vinf25__incm30__toff59132__Om90__om120,115317.0,0.9997957478901731,0.01652579770448582,23.455315960985484,283.7178224941662,0.8213003969389681,0.17166298049684395,24.91253565280601,280.52943641219866,271.863459745244,True
20260811_184731__rp0p75__vinf25__incm30__toff59132__Om90__om135,115317.0,0.9997991056928812,0.016530645791591598,23.455261589714016,283.7004935806866,0.8352784015715445,0.165228796029613,25.164387623832617,289.47968543498445,278.8333187492,True
20260811_184731__rp0p75__vinf25__incm30__toff59132__Om90__om15,115317.0,0.9998031351332799,0.016525452512988613,23.455271112524315,283.7036212423694,0.971637347412015,0.45612907480075576,25.652853699543165,204.0532080860187,349.8276155517558,True
20260811_184731__rp0p75__vinf25__incm30__toff59132__Om90__om150,115317.0,0.9997940093148039,0.016526528036992994,23.45531562505765,283.7197263378231,0.8506514406562649,0.15676933546714678,25.366972183995692,298.68605982881,286.56639027901895,True
20260811_184731__rp0p75__vinf25__incm30__toff59132__Om90__om165,115317.0,0.9997989086906707,0.0165310122775041,23.455275793410003,283.69994063659607,0.8664758187794954,0.1455959056840116,25.54930991376772,308.9021469864531,294.59980907240475,True
20260811_184731__rp0p75__vinf25__incm30__toff59132__Om90__om180,115317.0,0.9997960206042235,0.016528458284155542,23.45527209671491,283.7117170388458,0.8799636680020634,0.13498169458244857,25.7024459553964,319.10685960253477,301.5052663980997,True
20260811_184731__rp0p75__vinf25__incm30__toff59132__Om90__om195,115317.0,0.9997960459119133,0.016528448234826305,23.455271476840206,283.71163397309704,0.8951113016382176,0.11687582718072465,25.836587173856874,329.4333776142436,309.3238102527012,True
20260811_184731__rp0p75__vinf25__incm30__toff59132__Om90__om210,115317.0,0.99979014965884,0.01653249335365927,23.45525844867475,283.7148858172684,0.9176831902197919,0.09274163960446183,25.995638286161267,342.87935593436583,321.09752285167707,True
20260811_184731__rp0p75__vinf25__incm30__toff59132__Om90__om225,115317.0,0.9998048321298973,0.016527046315778636,23.45532810832616,283.6962890543542,0.95264900036044,0.06276653004748564,26.117656057142696,4.0381401067146365,339.6230551739343,True
20260811_184731__rp0p75__vinf25__incm30__toff59132__Om90__om240,115317.0,0.9997889817752176,0.01653143434298636,23.455272128056993,283.7195623818442,1.0118286234803655,0.03654823539030969,26.04848549716563,66.2877960213338,371.7562098717532,True
20260811_184731__rp0p75__vinf25__incm30__toff59132__Om90__om255,115317.0,0.9997970616326717,0.01652936039810507,23.455336259188673,283.70706570294305,1.109352783950164,0.07615924173271149,25.722592159685487,133.31845454541903,426.7782779757241,True
20260811_184731__rp0p75__vinf25__incm30__toff59132__Om90__om270,115317.0,0.9997961246447071,0.01652841089355442,23.455270439515925,283.71138936701567,1.2509794848817153,0.14999237914995564,25.1236989536327,152.91822551352234,511.06139000602116,True
20260811_184731__rp0p75__vinf25__incm30__toff59132__Om90__om285,115317.0,0.9998018497032941,0.01652909639099843,23.45524352324279,283.6985305120612,1.4061933985425694,0.2160973980281263,24.34195029368487,158.7911810610782,609.0674249447432,True
20260811_184731__rp0p75__vinf25__incm30__toff59132__Om90__om30,115317.0,0.9997902042054138,0.016532453459510082,23.45525752441281,283.71474639390766,0.7141896941552786,0.7247699753340553,31.406650300957434,216.30068671692072,220.4540891340069,True
20260811_184731__rp0p75__vinf25__incm30__toff59132__Om90__om300,115317.0,0.9997987959836115,0.01653106764823639,23.45527616374908,283.700285688951,1.4765663134951266,0.2446920951963085,23.88209184463464,158.14984395203803,655.3559165854239,True
20260811_184731__rp0p75__vinf25__incm30__toff59132__Om90__om315,115317.0,0.9997991430666856,0.016530655922242978,23.455263218172604,283.7003668725274,1.3588520551516932,0.20364568671535685,25.15492306735895,153.62651148803158,578.5701902611241,True
20260811_184731__rp0p75__vinf25__incm30__toff59132__Om90__om330,115317.0,0.9998021405754864,0.016529325027333872,23.455259216631713,283.69723502395357,1.300508139937628,0.2366479659922342,30.06485851918393,162.8680910945246,541.7106857960376,True
20260811_184731__rp0p75__vinf25__incm30__toff59132__Om90__om345,115317.0,0.9997983536455748,0.016530577876655034,23.455243166806238,283.70237147710463,1.7044318592025922,0.48261620229353064,28.632524324507127,169.68843787704358,812.7692334962178,True
20260811_184731__rp0p75__vinf25__incm30__toff59132__Om90__om45,115317.0,0.9997906810216838,0.0165330327762436,23.455328438816196,283.71221011102404,-3.7292547866039496,1.2092637959989856,47.4407544468866,141.93253742752913,,False
20260811_184731__rp0p75__vinf25__incm30__toff59132__Om90__om60,115317.0,0.9997889566124523,0.01653142610775306,23.455272810024297,283.7196842403928,1.1192925829642595,0.16669199787638342,20.00010581737256,25.06743546488979,432.5270062062876,True
20260811_184731__rp0p75__vinf25__incm30__toff59132__Om90__om75,115317.0,0.9997983872972562,0.016530564519236533,23.45524264256581,283.70226127927435,0.86970318330097,0.12471351334092162,22.471659421970973,283.66503916857664,296.2472856892893,True
20260811_184731__rp0p75__vinf25__incm30__toff59132__Om90__om90,115317.0,0.9997964957869638,0.016528933406509495,23.455304443054416,283.70952631742415,0.815271218648202,0.16430743635764986,23.737512744513143,270.6654153831467,268.87533007375475,True
20260811_184731__rp0p75__vinf25__incm60__toff59132__Om0__om0,115317.0,0.9997981782358907,0.01653044612949927,23.455323371471827,283.70254419537,1.2325120220679269,0.14768494675085972,20.313038872492445,118.13004421263909,499.78651791364234,True
20260811_184731__rp0p75__vinf25__incm60__toff59132__Om0__om105,115317.0,0.9998047479940786,0.016526996100282867,23.455290387997785,283.6968590489843,1.2428727672569047,0.2586274754163527,21.471302836463853,140.9672546689779,506.1017030430788,True
20260811_184731__rp0p75__vinf25__incm60__toff59132__Om0__om120,115317.0,0.9998039026452369,0.01652625188230239,23.455280578900556,283.70034067174913,1.1554055268033967,0.2073699090447396,19.433682362091883,159.77784609382817,453.62758004607053,True
20260811_184731__rp0p75__vinf25__incm60__toff59132__Om0__om135,115317.0,0.9997900671427422,0.016532355863248936,23.455282695919855,283.7151091270483,1.0744629612880845,0.16525292487800006,19.433490729594485,184.70968824863135,406.80376537278124,True
20260811_184731__rp0p75__vinf25__incm60__toff59132__Om0__om15,115317.0,0.9997993594104859,0.016531491146857275,23.455307599447227,283.6978429912711,1.2659569696159245,0.1565686180379365,20.065858812989365,113.01948499078453,520.2669120411072,True
20260811_184731__rp0p75__vinf25__incm60__toff59132__Om0__om150,115317.0,0.9998041675336031,0.016526464986927034,23.455296882699262,283.69918580160885,1.0159061334285955,0.14902915952038698,20.4882888480473,210.37928795087979,374.00565073572216,True
20260811_184731__rp0p75__vinf25__incm60__toff59132__Om0__om165,115317.0,0.999790145246891,0.01653247687441781,23.45525866852755,283.71493961208444,0.9743811361970054,0.15002290913555955,21.90628145549482,230.0272159947523,351.31046879951515,True
20260811_184731__rp0p75__vinf25__incm60__toff59132__Om0__om180,115317.0,0.9997972003063182,0.016529506712102512,23.45525822296186,283.70701450984603,0.9442440472159065,0.1542232587693922,23.32637968309238,244.15965272044016,335.138385958985,True
20260811_184731__rp0p75__vinf25__incm60__toff59132__Om0__om195,115317.0,0.9997959967672028,0.01652847382687578,23.45527264330503,283.7117821694384,0.9261327199533701,0.15793871930240747,24.594118811876722,254.21364731138198,325.5424534988687,True
20260811_184731__rp0p75__vinf25__incm60__toff59132__Om0__om210,115317.0,0.9997995290632554,0.016526986886078773,23.45527215994711,283.7078030154592,0.9147972429061982,0.15486763609353027,25.64408028730088,261.4590092604335,319.58402406204294,True
20260811_184731__rp0p75__vinf25__incm60__toff59132__Om0__om225,115317.0,0.9997969437886634,0.016528060358870368,23.45527116157255,283.7106128627046,0.9074575340153177,0.1475195694514138,26.449645604755354,267.5879721455344,315.74556297822346,True
20260811_184731__rp0p75__vinf25__incm60__toff59132__Om0__om240,115317.0,0.9997960756774591,0.016528422741032466,23.455271425856324,283.71156625973964,0.9062965056974591,0.1328994333618715,26.93520468819479,273.0588337941697,315.1397953615076,True
20260811_184731__rp0p75__vinf25__incm60__toff59132__Om0__om255,115317.0,0.999797083786563,0.016529363757517217,23.45533647281275,283.70696746618114,0.9090559778328563,0.1088141856092058,27.082415353967686,278.227469249974,316.5801867114692,True
20260811_184731__rp0p75__vinf25__incm60__toff59132__Om0__om270,115317.0,0.999798207466856,0.016530422371226677,23.455321506945968,283.70247345304506,0.9180998893443529,0.07653580373185771,26.878923234219425,282.71881952997205,321.3162523314488,True
20260811_184731__rp0p75__vinf25__incm60__toff59132__Om0__om285,115317.0,0.9998047164735147,0.016527014687954845,23.45528972660094,283.6969482673152,0.9366339213467068,0.037853507799943786,26.231152836248903,291.4129786037142,331.0949934236335,True
20260811_184731__rp0p75__vinf25__incm60__toff59132__Om0__om30,115317.0,0.9997983334532882,0.01653059500851341,23.455243640106676,283.7024181232722,1.2435619590362939,0.14769213335909273,20.893070017459475,103.70633706992976,506.52272298800744,True
20260811_184731__rp0p75__vinf25__incm60__toff59132__Om0__om300,115317.0,0.9997897891125108,0.016532187253783377,23.455281416785617,283.7162175237263,0.9851043948327314,0.02880928962466928,24.873628750065365,83.89129060651952,357.1257580472914,True
20260811_184731__rp0p75__vinf25__incm60__toff59132__Om0__om315,115317.0,0.999790022913922,0.016532379506295634,23.45528265880358,283.71524025785493,1.0198463674642908,0.04821215157540151,24.25929260827114,111.78252124011524,376.18365381990344,True
20260811_184731__rp0p75__vinf25__incm60__toff59132__Om0__om330,115317.0,0.9998041395242089,0.01652648218155039,23.455297381471745,283.6992645239484,1.087790851302968,0.09699996595312911,22.91221389197148,112.03939901908826,414.3963230546614,True
20260811_184731__rp0p75__vinf25__incm60__toff59132__Om0__om345,115317.0,0.9997901126051421,0.016532508069645763,23.455258513942915,283.7150067082343,1.1648371493574288,0.12457060280856484,21.38135007276925,120.00681770424455,459.1933707378872,True
20260811_184731__rp0p75__vinf25__incm60__toff59132__Om0__om45,115317.0,0.9997985104728389,0.016530106474714115,23.455400389651285,283.70199238872624,1.174430893301408,0.12091518880775501,23.008295896791775,93.99662181289068,464.87799630692587,True
20260811_184731__rp0p75__vinf25__incm60__toff59132__Om0__om60,115317.0,0.9997983694544812,0.016530579198914482,23.455243200328123,283.70230359983003,1.1001564835695448,0.10083564341938377,26.145711858186026,88.88598268143528,421.48243865156206,True
20260811_184731__rp0p75__vinf25__incm60__toff59132__Om0__om75,115317.0,0.9998064499802601,0.016528498471043235,23.455308395174768,283.6898193900076,1.098521777821603,0.13660825904109086,28.475687330265366,108.0326866399596,420.5433762066845,True
20260811_184731__rp0p75__vinf25__incm60__toff59132__Om0__om90,115317.0,0.9997972414558438,0.01652950253073981,23.45525739439171,283.7068534507683,1.2154299805211575,0.24161819511650293,25.97453569438432,127.02317099651465,489.432390466826,True
20260811_184731__rp0p75__vinf25__incm60__toff59132__Om180__om0,115317.0,0.9997982116793128,0.016530426776316894,23.45532300498172,283.7024478792574,0.8289518335251824,0.17801043346473916,22.346407979636613,261.849668169115,275.6714147671558,True
20260811_184731__rp0p75__vinf25__incm60__toff59132__Om180__om105,115317.0,0.9998047290979487,0.016527009677490677,23.45529057124881,283.6969077776176,0.8872018795825312,0.12181169704989779,22.239018909893712,323.5587875271648,305.2329894543318,True
20260811_184731__rp0p75__vinf25__incm60__toff59132__Om180__om120,115317.0,0.9997897809068738,0.016532190513156842,23.45528086776451,283.71624382963796,0.920809823893343,0.08421343667670562,21.84354619931483,43.496010317331304,322.7399344078934,True
20260811_184731__rp0p75__vinf25__incm60__toff59132__Om180__om135,115317.0,0.9997900296993558,0.016532376811155217,23.455283112801663,283.7152185049798,0.9462008843107892,0.07340008201168695,22.83354145465706,4.934173380596054,336.1807291173311,True
20260811_184731__rp0p75__vinf25__incm60__toff59132__Om180__om15,115317.0,0.9997969879407463,0.01652940181137741,23.45533607422695,283.7072797750689,0.8183908288386084,0.18351075894646854,21.65747364191244,266.60627592672563,270.4200701924812,True
20260811_184731__rp0p75__vinf25__incm60__toff59132__Om180__om150,115317.0,0.9998041369993252,0.016526483183741166,23.4552972125422,283.69927262200855,1.0033261344797189,0.06054147436314708,23.55108760533391,46.10363696048545,367.08021517042096,True
20260811_184731__rp0p75__vinf25__incm60__toff59132__Om180__om165,115317.0,0.9997901176547683,0.016532506063985854,23.455258851802363,283.7149905201409,1.0946035237063991,0.07710845163614456,24.354204573685514,94.86041151079651,418.295365813081,True
20260811_184731__rp0p75__vinf25__incm60__toff59132__Om180__om180,115317.0,0.9997971668629638,0.016529526067252914,23.455258589453365,283.7071108264467,1.217913408376766,0.12574738550962214,25.14460364991726,123.23521373828271,490.9332058789373,True
20260811_184731__rp0p75__vinf25__incm60__toff59132__Om180__om195,115317.0,0.9997983682357741,0.016530562967713106,23.455244169198327,283.702344323966,1.348929661355383,0.17979003539423688,25.733048796989905,136.02106077712446,572.2446577312072,True
20260811_184731__rp0p75__vinf25__incm60__toff59132__Om180__om210,115317.0,0.9997983385029972,0.01653059300389333,23.455243977966326,283.70240193167575,1.4056926560759322,0.1988109533640639,25.83636687750192,140.24723065778534,608.7421224946564,True
20260811_184731__rp0p75__vinf25__incm60__toff59132__Om180__om225,115317.0,0.9997964927483752,0.016528264436833657,23.455271161462953,283.7111101253254,1.264755646953851,0.13828608322570826,24.763674032494766,131.24682742447885,519.5265312674102,True
20260811_184731__rp0p75__vinf25__incm60__toff59132__Om180__om240,115317.0,0.9997983745041906,0.01653057719430389,23.455243538187787,283.702287408204,0.9022661621900088,0.15943687163488576,18.460075943351995,17.958588751050836,313.03997179534,True
20260811_184731__rp0p75__vinf25__incm60__toff59132__Om180__om255,115317.0,0.9998064550300514,0.01652849646744224,23.455308733033327,283.6898031947449,-6.522499461629396,1.06400136384347,17.969478053669526,40.149953946408104,,False
20260811_184731__rp0p75__vinf25__incm60__toff59132__Om180__om270,115317.0,0.9997982351549424,0.016530429614479494,23.455320993905936,283.70234349928535,4.715022052016184,0.8244345115809765,26.418432974613307,161.49318266870478,3739.5847731495624,True
20260811_184731__rp0p75__vinf25__incm60__toff59132__Om180__om285,115317.0,0.9998047353696439,0.016527001110736923,23.455289543349927,283.6968995387306,1.3003023524938133,0.44273839536307974,26.34466679257083,195.58584280331527,541.5821135358839,True
20260811_184731__rp0p75__vinf25__incm60__toff59132__Om180__om30,115317.0,0.9997995240135343,0.016526988891157623,23.455271822087497,283.7078192100097,0.8210147083009909,0.1804148870266327,21.38098880020157,271.77752982653084,271.7216208750537,True
20260811_184731__rp0p75__vinf25__incm60__toff59132__Om180__om300,115317.0,0.9998039108511058,0.016526248625046983,23.455281127922113,283.7003143528812,0.9485082769310429,0.3761524830964368,26.604651594703626,218.6753181594944,337.4111871380097,True
20260811_184731__rp0p75__vinf25__incm60__toff59132__Om180__om315,115317.0,0.9997900603573076,0.016532358558377213,23.455282241921765,283.71513087996885,0.8762713548920321,0.29207926903098036,27.90809488246978,226.52477261835364,299.6095917122253,True
20260811_184731__rp0p75__vinf25__incm60__toff59132__Om180__om330,115317.0,0.9998041700584872,0.01652646398473989,23.455297051628815,283.69917770353516,0.8828354478005617,0.185689862435619,26.14855510292422,240.52852602596755,302.982423040412,True
20260811_184731__rp0p75__vinf25__incm60__toff59132__Om180__om345,115317.0,0.9997901401972643,0.01653247888007356,23.45525833066805,283.71495580021383,0.8567059157128898,0.16637717350742084,23.770091091547044,254.7454943115811,289.63126363301086,True
20260811_184731__rp0p75__vinf25__incm60__toff59132__Om180__om45,115317.0,0.9997989615136036,0.01652990241703549,23.455400389737648,283.7014950814281,0.8306994551786443,0.17204588401818305,21.31437918947856,278.63663695926823,276.5436424622897,True
20260811_184731__rp0p75__vinf25__incm60__toff59132__Om180__om60,115317.0,0.999796070627773,0.016528424746419655,23.455271087996763,283.7115824523722,0.8427958255107669,0.15827202221572687,21.361333064916504,287.0368219860135,282.6059843719056,True
20260811_184731__rp0p75__vinf25__incm60__toff59132__Om180__om75,115317.0,0.9997970787368664,0.016529365762540885,23.45533613495443,283.7069836584193,0.8551901912965078,0.1445786153704092,21.509336711468496,297.5963071508111,288.86295982424616,True
20260811_184731__rp0p75__vinf25__incm60__toff59132__Om180__om90,115317.0,0.9997972137678124,0.01652949529014097,23.45525790742844,283.70698341367,0.8691353164746912,0.12997004119253305,21.760242078024678,309.23976857840455,295.9571840572154,True
20260811_184731__rp0p75__vinf25__incm60__toff59132__Om270__om0,115317.0,0.9997970325026211,0.016529382599022046,23.455337132473822,283.70713856303723,0.8819757827783422,0.11945670880274406,21.88303431919858,322.58339071236327,302.53998502729627,True
20260811_184731__rp0p75__vinf25__incm60__toff59132__Om270__om105,115317.0,0.9997988375999551,0.016531040493437846,23.45527658849608,283.70017317307406,1.0847994464965178,0.027145197899732378,19.324046934367118,177.48998732262123,412.688125395928,True
20260811_184731__rp0p75__vinf25__incm60__toff59132__Om270__om120,115317.0,0.9997985549062457,0.01653082002550166,23.45526013727562,283.7014167686701,1.1500967748245012,0.07939857338602302,19.633771656645724,172.5968831999271,450.504744086883,True
20260811_184731__rp0p75__vinf25__incm60__toff59132__Om270__om135,115317.0,0.9997991497075883,0.016530652716367337,23.455263635216564,283.7003467815151,1.2038081882906655,0.12213826025662466,20.323574330937284,174.08618734947115,482.4293593844472,True
20260811_184731__rp0p75__vinf25__incm60__toff59132__Om270__om15,115317.0,0.9997970555309303,0.01652935370464487,23.455335414527593,283.7071045201263,0.8979622760051394,0.1230459726338383,21.409813961532624,328.6586470262073,310.80280412241245,True
20260811_184731__rp0p75__vinf25__incm60__toff59132__Om270__om150,115317.0,0.9997988800141755,0.016531020620395877,23.45527557979942,283.70004053054026,1.2077115428446106,0.1443855322454435,21.126165832316648,181.81560976687945,484.77768013352267,True
20260811_184731__rp0p75__vinf25__incm60__toff59132__Om270__om165,115317.0,0.9997983769303298,0.016530562555341622,23.455244433768023,283.7023096470763,1.1531663263130745,0.15738625896797478,21.485813940406015,201.08264273071418,452.309509324051,True
20260811_184731__rp0p75__vinf25__incm60__toff59132__Om270__om180,115317.0,0.9997984333320639,0.016530535609410826,23.455243362940198,283.70213459518123,1.1078273854741465,0.2251367766750871,21.158818228864625,215.82338982921482,425.89832828299745,True
20260811_184731__rp0p75__vinf25__incm60__toff59132__Om270__om195,115317.0,0.9997960760589132,0.016528445379480564,23.45527161716663,283.7115161344585,1.1468461441713629,0.32586173032147037,21.598029271574358,212.78451905012471,448.59613607258973,True
20260811_184731__rp0p75__vinf25__incm60__toff59132__Om270__om210,115317.0,0.9997972461888315,0.016529494574108034,23.455257188802264,283.70685091678604,1.1764390055493557,0.38645826281969603,23.4291622866837,211.7128673784936,466.0708201759637,True
20260811_184731__rp0p75__vinf25__incm60__toff59132__Om270__om225,115317.0,0.9997967243273553,0.016529127635103124,23.455263151841788,283.70888559365017,1.153165055646471,0.3985278322932242,25.358546485447892,211.58784187824924,452.3087617288214,True
20260811_184731__rp0p75__vinf25__incm60__toff59132__Om270__om240,115317.0,0.9997959982400022,0.016528464126216214,23.455272305428338,283.71179670157716,1.1612374856820147,0.33978177920713903,26.333625748693645,202.32100048930144,457.06646738166944,True
20260811_184731__rp0p75__vinf25__incm60__toff59132__Om270__om255,115317.0,0.9997994181683989,0.01653147086625547,23.455308437815038,283.69764549947297,1.1307731760127655,0.21384107822748347,25.928777298149434,177.68209676307052,439.19869083029863,True
20260811_184731__rp0p75__vinf25__incm60__toff59132__Om270__om270,115317.0,0.9998005147371651,0.016527915614852125,23.455336075202112,283.7033221019866,0.9930639742197958,0.07501452653286594,25.814292951430197,179.22357926424905,361.4628187816598,True
20260811_184731__rp0p75__vinf25__incm60__toff59132__Om270__om285,115317.0,0.9997941914788275,0.01652680124498134,23.45533152028914,283.7187818766299,0.8945236081376341,0.06598420987318875,25.504285143142717,256.8878487109659,309.0192262015002,True
20260811_184731__rp0p75__vinf25__incm60__toff59132__Om270__om30,115317.0,0.9997971989354293,0.016529507256783187,23.455257437298688,283.70701833182267,0.913866821263679,0.1167242114024783,20.98272242037725,337.4198395254073,319.0965844537798,True
20260811_184731__rp0p75__vinf25__incm60__toff59132__Om270__om300,115317.0,0.9997957368440293,0.016525815765115092,23.455315876544507,283.7178290269543,0.8540515440476047,0.09924932473565654,24.762684292019497,278.0198230904001,288.2862398554007,True
20260811_184731__rp0p75__vinf25__incm60__toff59132__Om270__om315,115317.0,0.9997993510490524,0.016530584599992997,23.455263181319864,283.70012432946135,0.8464031728771797,0.11375203472977835,23.90174161173567,288.23221799659234,284.42234609398173,True
20260811_184731__rp0p75__vinf25__incm60__toff59132__Om270__om330,115317.0,0.9997942446933498,0.016526783145427354,23.45533152517878,283.71860174687373,0.8530573798497662,0.11517061188686108,23.098504628637443,300.9725620889337,287.7830141922036,True
20260811_184731__rp0p75__vinf25__incm60__toff59132__Om270__om345,115317.0,0.9997984013592998,0.016530560456421355,23.455243656147747,283.7022129821944,0.8668384562926322,0.11650436683382075,22.433992138502592,312.7352679944828,294.7847723171423,True
20260811_184731__rp0p75__vinf25__incm60__toff59132__Om270__om45,115317.0,0.9997987686011782,0.01653095922907296,23.455392045226006,283.6996816717083,0.9312867389313888,0.10832280769008669,20.555198769699533,342.2443953008858,328.263744096565,True
20260811_184731__rp0p75__vinf25__incm60__toff59132__Om270__om60,115317.0,0.9997960317490885,0.01652845385887011,23.455271454502434,283.7116801534811,0.954133887421666,0.09094389455120702,20.112683420155328,345.8433374888225,340.4174164896354,True
20260811_184731__rp0p75__vinf25__incm60__toff59132__Om270__om75,115317.0,0.999804113416167,0.016526394895813614,23.45533643007853,283.699142595093,0.9847098367929629,0.06336610710763858,19.689729055884147,348.00452447864836,356.91122332940176,True
20260811_184731__rp0p75__vinf25__incm60__toff59132__Om270__om90,115317.0,0.9997961353051402,0.016528400582799575,23.455270861828932,283.7113680190277,1.0273192967588043,0.02259996011620378,19.378786597009125,346.3833026206322,380.32595028317377,True
20260811_184731__rp0p75__vinf25__incm60__toff59132__Om90__om0,115317.0,0.9997994447057861,0.016531455775829575,23.45530814462348,283.6975685022993,1.1454350550591783,0.35336122006503456,22.319540542493968,189.09213692801725,447.7684561282728,True
20260811_184731__rp0p75__vinf25__incm60__toff59132__Om90__om105,115317.0,0.999794204102996,0.01652679622998369,23.455332364936258,283.7187413932385,0.8431783201209476,0.13114789910395777,24.546941456811428,281.5083539157773,282.79839312522574,True
20260811_184731__rp0p75__vinf25__incm60__toff59132__Om90__om120,115317.0,0.9997957286382946,0.016525819024735548,23.455315327523316,283.71785534296134,0.8530250781028221,0.13822437086978137,25.00062342496129,290.3457382334649,287.7666686221652,True
20260811_184731__rp0p75__vinf25__incm60__toff59132__Om90__om135,115317.0,0.9997993578346127,0.016530581906532192,23.45526363531827,283.70010257161266,0.8660962743055663,0.13943536386776548,25.33876058625384,299.139389273934,294.4062638832696,True
20260811_184731__rp0p75__vinf25__incm60__toff59132__Om90__om15,115317.0,0.9997970672326137,0.016529373369357402,23.455335048088614,283.7070137480169,1.0214754311552587,0.38497442611436816,25.280864613232236,182.69233804969664,377.0853658022522,True
20260811_184731__rp0p75__vinf25__incm60__toff59132__Om90__om150,115317.0,0.9997942421685159,0.016526784148420428,23.45533135624934,283.7186098435694,0.8794805889275104,0.13945583525106542,25.625672041891395,307.8151592873235,301.2570216713886,True
20260811_184731__rp0p75__vinf25__incm60__toff59132__Om90__om165,115317.0,0.9997984064090097,0.016530558451818247,23.45524399400738,283.70219679053787,0.8914513282640013,0.13435530821900746,25.927842804961962,314.48773276000964,307.4285841713177,True
20260811_184731__rp0p75__vinf25__incm60__toff59132__Om90__om180,115317.0,0.9997960211302455,0.01652846263313862,23.455272350118147,283.7117057246505,0.9059830471395299,0.12670084975898005,26.253987301111202,320.64475926923643,314.97631455273523,True
20260811_184731__rp0p75__vinf25__incm60__toff59132__Om90__om195,115317.0,0.9997960643572528,0.016528425716634043,23.455271983601033,283.7116069166012,0.9207931966995886,0.1109969807292671,26.60417492535612,325.19231483622775,322.73119280611377,True
20260811_184731__rp0p75__vinf25__incm60__toff59132__Om90__om210,115317.0,0.9997972039851271,0.016529505251777987,23.455257775158305,283.70700213970736,0.9431263288962937,0.08627451033371945,26.966055942955155,328.918938846532,334.5434982699479,True
20260811_184731__rp0p75__vinf25__incm60__toff59132__Om90__om225,115317.0,0.9997967508765379,0.016529117093909983,23.455262817428878,283.7087987159905,0.9740017362474455,0.051663931556492605,27.28047752409913,328.7668278628067,351.1053013445031,True
20260811_184731__rp0p75__vinf25__incm60__toff59132__Om90__om240,115317.0,0.9997960367987744,0.016528451853474905,23.455271792362005,283.71166396089006,1.0239246760582916,0.011205280387834131,27.47857697515743,262.96079086435026,378.4424143223623,True
20260811_184731__rp0p75__vinf25__incm60__toff59132__Om90__om255,115317.0,0.9998041184659349,0.016526392891432488,23.455336767936995,283.69912639887934,1.0962545243642983,0.06316246740061783,27.420354089466368,182.75078892984712,419.24210075719054,True
20260811_184731__rp0p75__vinf25__incm60__toff59132__Om90__om270,115317.0,0.9997971290038072,0.01652932757311631,23.455334461685304,283.7068575336413,1.1956922397186713,0.1310744919454032,27.006008349136906,180.56918716495255,477.55885939404175,True
20260811_184731__rp0p75__vinf25__incm60__toff59132__Om90__om285,115317.0,0.9997988249756696,0.016531045504551076,23.455275743848507,283.70021365160045,1.300366462762626,0.18841839350479542,26.208248745658487,181.94465069464485,541.6221673773438,True
20260811_184731__rp0p75__vinf25__incm60__toff59132__Om90__om30,115317.0,0.9997972411391335,0.01652949657910064,23.455256850942668,283.7068671089304,1.2776648603487883,0.4784280418564006,33.860123284252744,143.0838078239472,527.5009136428417,True
20260811_184731__rp0p75__vinf25__incm60__toff59132__Om90__om300,115317.0,0.9997985631120268,0.01653081676812223,23.455260686297088,283.70139045749625,1.3610494775422532,0.2229182273931518,25.230583411208062,183.24542631074817,579.9741807834409,True
20260811_184731__rp0p75__vinf25__incm60__toff59132__Om90__om315,115317.0,0.9997991429220308,0.016530655409855124,23.455263181218157,283.7003685392266,1.347023456063418,0.23626681183635395,24.52492800003116,186.4550399934697,571.032107102308,True
20260811_184731__rp0p75__vinf25__incm60__toff59132__Om90__om330,115317.0,0.9997988825390329,0.01653101961817974,23.45527574872891,283.70003243481364,1.3175727159857231,0.2732334452862617,24.01878218501247,190.4646429323569,552.4076443588343,True
20260811_184731__rp0p75__vinf25__incm60__toff59132__Om90__om345,115317.0,0.9997983718806202,0.0165305645599542,23.455244095908384,283.70232583871496,1.2709923044644176,0.3252863670135561,22.865226355153943,190.64717734107492,523.3740334862555,True
20260811_184731__rp0p75__vinf25__incm60__toff59132__Om90__om45,115317.0,0.9997987420518886,0.0165309697667079,23.455392379638536,283.69976854495945,5.148564957513285,0.7859913685369418,22.942019973017587,82.25142316595259,4267.043645081197,True
20260811_184731__rp0p75__vinf25__incm60__toff59132__Om90__om60,115317.0,0.9997959931903165,0.01652846613162242,23.455271967568756,283.7118128941399,1.117418301482733,0.13955365468866524,21.455309572465957,45.72620641408148,431.44104633168655,True
20260811_184731__rp0p75__vinf25__incm60__toff59132__Om90__om75,115317.0,0.9997994131186785,0.01653147287049917,23.455308099956635,283.6976616907579,0.8988733239298883,0.07327345027608868,22.623643429111667,293.2254928891183,311.2759220903498,True
20260811_184731__rp0p75__vinf25__incm60__toff59132__Om90__om90,115317.0,0.9997995210371419,0.016526988553152606,23.455272475466153,283.7078327295472,0.8512583093520824,0.11521667589754282,23.76030475095859,277.0471041096253,286.87310671439286,True
20260811_184731__rp0p75__vinf25__incm90__toff59132__Om0__om0,115317.0,0.9997978312540621,0.016530062589040027,23.455326723612067,283.7039715546278,1.238549838137725,0.17492691825695214,20.549968409117724,108.47312799321307,503.4635348591035,True
20260811_184731__rp0p75__vinf25__incm90__toff59132__Om0__om105,115317.0,0.9998048913863801,0.016527078702700846,23.455326725579734,283.69605353934037,1.065984238658371,0.09136421298802636,23.72913938005715,129.38895796745373,401.9980675938815,True
20260811_184731__rp0p75__vinf25__incm90__toff59132__Om0__om120,115317.0,0.9998043769977977,0.01652663420391596,23.45529433447807,283.6983392628109,1.1047783843171202,0.12003035677872169,21.292776116493254,130.49551151475475,424.1412802800781,True
20260811_184731__rp0p75__vinf25__incm90__toff59132__Om0__om135,115317.0,0.9997900807642781,0.01653240027474616,23.455281930205082,283.71503605645535,1.1290729474822598,0.1308637815960031,19.049210776977368,139.00218845266278,438.20849572535604,True
20260811_184731__rp0p75__vinf25__incm90__toff59132__Om0__om15,115317.0,0.9997968415528107,0.01652912483541557,23.455262955036364,283.70848812441045,1.2247484726261473,0.17030624435162944,21.292239659218378,97.04165862438822,495.071755709337,True
20260811_184731__rp0p75__vinf25__incm90__toff59132__Om0__om150,115317.0,0.9998043844321475,0.016526619096985152,23.455294249991354,283.69834108510815,1.118129502056041,0.12221346091542915,18.01727898870305,161.22557931460713,431.85300925218496,True
20260811_184731__rp0p75__vinf25__incm90__toff59132__Om0__om165,115317.0,0.9997897778995798,0.01653210150953122,23.455262277102857,283.71643370641533,1.0833244741604977,0.12112792890808775,18.470489505739035,191.13980672972318,411.84673031503564,True
20260811_184731__rp0p75__vinf25__incm90__toff59132__Om0__om180,115317.0,0.9997978305526972,0.016530056789795872,23.455326385743366,283.70398663614145,1.0508328854090454,0.1341407385077666,19.864113953317865,214.97332997938295,393.4579034438318,True
20260811_184731__rp0p75__vinf25__incm90__toff59132__Om0__om195,115317.0,0.9997968256322898,0.016529146350623265,23.455262617205744,283.7085070879815,1.0264005666939475,0.14795865181866888,21.582535674712364,228.51918723978497,379.81587699776117,True
20260811_184731__rp0p75__vinf25__incm90__toff59132__Om0__om210,115317.0,0.9998023539208323,0.016529510412161805,23.455390832279615,283.69548099345366,1.007990407206579,0.15464240604878365,23.29891086856492,236.0659481349794,369.6429171436393,True
20260811_184731__rp0p75__vinf25__incm90__toff59132__Om0__om225,115317.0,0.9997977187445906,0.016528754304785658,23.45526261745216,283.7075148262452,0.9966188792467191,0.15364042006275908,24.77718407059318,239.171002907967,363.40546593065136,True
20260811_184731__rp0p75__vinf25__incm90__toff59132__Om0__om240,115317.0,0.9997988524395336,0.01653096513940757,23.455391507085775,283.69940266784363,0.9890024216411706,0.14307170082054563,25.860334650292447,238.7199445853919,359.2475564918758,True
20260811_184731__rp0p75__vinf25__incm90__toff59132__Om0__om255,115317.0,0.9997968205825956,0.016529148355754412,23.455262279346144,283.7085232802689,0.9889421468617136,0.1259851593291329,26.450271399398122,233.44752607898332,359.2147154641267,True
20260811_184731__rp0p75__vinf25__incm90__toff59132__Om0__om270,115317.0,0.9997968386772819,0.016529122938529567,23.455262617171016,283.70850376246915,0.9961514449321197,0.10331814044193342,26.54120481692617,219.25451709562319,363.1498291938268,True
20260811_184731__rp0p75__vinf25__incm90__toff59132__Om0__om285,115317.0,0.9998048794633166,0.016527089512883716,23.45532621880238,283.69607894751044,1.0154603300107066,0.08990443990950817,26.042351144982497,194.0506531836115,373.7594940796139,True
20260811_184731__rp0p75__vinf25__incm90__toff59132__Om0__om30,115317.0,0.9997968184084303,0.016529152257770033,23.455262279351928,283.70852383451626,1.1824253446406403,0.15120493351136072,22.786556811283305,86.32110982342354,469.6327612613401,True
20260811_184731__rp0p75__vinf25__incm90__toff59132__Om0__om300,115317.0,0.9997897753747683,0.016532102512421428,23.455262108173116,283.7164418005751,1.0636177935996278,0.06978031959466867,24.885012963743762,160.46400062031378,400.6601798307391,True
20260811_184731__rp0p75__vinf25__incm90__toff59132__Om0__om315,115317.0,0.9997900850950505,0.016532404631550677,23.455282510911548,283.71500933818123,1.1084613269109704,0.1298211672426185,23.59646338248903,145.854570437892,426.26395368189117,True
20260811_184731__rp0p75__vinf25__incm90__toff59132__Om0__om330,115317.0,0.9998043826086364,0.016526625898836685,23.455294418931885,283.6983341004253,1.1653044406638275,0.15845557002852634,22.06415054276974,131.7443930432078,459.46971656308295,True
20260811_184731__rp0p75__vinf25__incm90__toff59132__Om0__om345,115317.0,0.9997907661248101,0.016533048803014518,23.455326383786197,283.7119028775817,1.2132831283299095,0.17847625402340528,20.856971129332813,119.81609203418202,488.136213527278,True
20260811_184731__rp0p75__vinf25__incm90__toff59132__Om0__om45,115317.0,0.999797272753811,0.016528956369890265,23.455262955200496,283.7079959138914,1.1306402864388676,0.11861479079480795,24.604368459810537,81.09797928462658,439.1212705129756,True
20260811_184731__rp0p75__vinf25__incm90__toff59132__Om0__om60,115317.0,0.9997968295949011,0.016529146296501204,23.455262955068232,283.7084911728166,1.0796366339807877,0.08125483307768239,26.108080780843828,83.10023279316925,409.7455155399163,True
20260811_184731__rp0p75__vinf25__incm90__toff59132__Om0__om75,115317.0,0.9998038843584067,0.016526150704405242,23.455261943660226,283.7006195268144,1.046784595710347,0.05648288334723502,26.573381838966995,102.45620160588861,391.18642450486664,True
20260811_184731__rp0p75__vinf25__incm90__toff59132__Om0__om90,115317.0,0.999796830681984,0.01652914434549346,23.455262955065308,283.7084908956897,1.0421137256807378,0.06354465472554088,25.663311932298274,126.15741888712627,388.57107102549594,True
20260811_184731__rp0p75__vinf25__incm90__toff59132__Om180__om0,115317.0,0.9997978356024014,0.01653005478502301,23.45532672360171,283.70397044422367,0.896740524446134,0.16711357165309884,22.635189644976666,259.02620505524453,310.168710747979,True
20260811_184731__rp0p75__vinf25__incm90__toff59132__Om180__om105,115317.0,0.9998048870379793,0.016527086506697045,23.455326725590123,283.69605465366294,0.9095577637967794,0.06776467692571962,21.360976696372706,305.3267794439782,316.8423445172022,True
20260811_184731__rp0p75__vinf25__incm90__toff59132__Om180__om120,115317.0,0.9997902785310095,0.016532563440746422,23.45529433025867,283.7141665793178,0.9368460356306941,0.0521093788663237,22.013024835727993,69.9672052611671,331.20747165850105,True
20260811_184731__rp0p75__vinf25__incm90__toff59132__Om180__om135,115317.0,0.9997900764160061,0.016532408078793692,23.455281930216298,283.71503716162044,0.9868040768194704,0.04050806228994785,23.022868539229126,44.33663024306934,358.0504244676219,True
20260811_184731__rp0p75__vinf25__incm90__toff59132__Om180__om15,115317.0,0.999796830681984,0.01652914434549346,23.455262955065308,283.7084908956897,0.8810202824321623,0.16704600484575,21.548201607080482,264.81587730052127,302.04847705500487,True
20260811_184731__rp0p75__vinf25__incm90__toff59132__Om180__om150,115317.0,0.9998043800837514,0.016526626900988564,23.455294250002304,283.6983421984701,1.0559980652826195,0.06951145780874496,24.221146169656752,80.54895438902336,396.3624225511682,True
20260811_184731__rp0p75__vinf25__incm90__toff59132__Om180__om165,115317.0,0.9997897648547717,0.01653212492168678,23.45526227713758,283.71643702015706,1.1440738649609485,0.1046563403766817,25.409011501073614,101.15871319942991,446.97052759317137,True
20260811_184731__rp0p75__vinf25__incm90__toff59132__Om180__om180,115317.0,0.999797826204358,0.016530064593812916,23.45532638575372,283.7039877465369,1.2343851294709915,0.13931772975693582,26.320285866018136,112.94602578110401,500.9262748481864,True
20260811_184731__rp0p75__vinf25__incm90__toff59132__Om180__om195,115317.0,0.9997968365031166,0.016529126840545225,23.455262617176803,283.7085043167224,1.297151437131628,0.16031290120250746,26.719389090950322,119.76254446339485,539.6147497290116,True
20260811_184731__rp0p75__vinf25__incm90__toff59132__Om180__om210,115317.0,0.9997988260337993,0.016530998413243084,23.455390831405932,283.6994392220771,1.2932976542845696,0.15625407518187448,26.326606329256155,120.8616547439931,537.2117773335414,True
20260811_184731__rp0p75__vinf25__incm90__toff59132__Om180__om225,115317.0,0.9997972677041124,0.016528958374979526,23.455262617340882,283.7080121064346,1.199477438807067,0.11978624246294138,24.50763088975878,114.05144462421052,479.82836299297094,True
20260811_184731__rp0p75__vinf25__incm90__toff59132__Om180__om240,115317.0,0.9997988372203146,0.01653099245341656,23.455391507117845,283.6994065609615,1.0703269095111414,0.09420018129442437,20.161265822915322,90.90140532568589,404.45709372607456,True
20260811_184731__rp0p75__vinf25__incm90__toff59132__Om180__om255,115317.0,0.9998038894081719,0.016526148699921802,23.45526228151996,283.7006033305172,1.1286169560108241,0.20761600398467733,15.22290832819163,111.99104025565806,437.9430578354801,True
20260811_184731__rp0p75__vinf25__incm90__toff59132__Om180__om270,115317.0,0.9997968256322898,0.016529146350623265,23.455262617205744,283.7085070879815,1.6743460898586455,0.4669302339648914,22.745781987367536,145.18884867016075,791.3445919745865,True
20260811_184731__rp0p75__vinf25__incm90__toff59132__Om180__om285,115317.0,0.9998048838117171,0.01652708170888737,23.45532621879201,283.6960778331994,1.3402105847581192,0.3472903488054484,27.533631928711984,175.74915364481458,566.7054062748305,True
20260811_184731__rp0p75__vinf25__incm90__toff59132__Om180__om30,115317.0,0.9998003462920431,0.01652766409558711,23.455262280456243,283.70456588839545,0.8746914993983,0.16458734174572653,20.802664667058412,268.6427183058765,298.7996945672722,True
20260811_184731__rp0p75__vinf25__incm90__toff59132__Om180__om300,115317.0,0.9998038738381132,0.016526173114195096,23.455262112624837,283.7006147658966,1.104245498992706,0.24750603252282588,28.111958111396532,203.03976145889897,423.834443076397,True
20260811_184731__rp0p75__vinf25__incm90__toff59132__Om180__om315,115317.0,0.9997900894433225,0.016532396827503265,23.455282510900343,283.71500823300175,1.0085033808603086,0.19798676649844688,27.306690314748806,223.14804454647748,369.92512399614276,True
20260811_184731__rp0p75__vinf25__incm90__toff59132__Om180__om330,115317.0,0.9998043869570327,0.01652661809483323,23.455294418920907,283.69833298705834,0.9557863780786439,0.17434207997845838,25.75257363044709,238.78366153651405,341.3021666890396,True
20260811_184731__rp0p75__vinf25__incm90__toff59132__Om180__om345,115317.0,0.9997907791696441,0.0165330253909014,23.455326383755082,283.7118995581406,0.9210588197988591,0.16733738148010996,24.073408612058525,250.47803932911,322.87085126902537,True
20260811_184731__rp0p75__vinf25__incm90__toff59132__Om180__om45,115317.0,0.9997977237942937,0.016528752299737097,23.455262955311756,283.707498633434,0.8714252479005735,0.15633739563461443,20.345498890432715,272.7335226270907,297.1276022593038,True
20260811_184731__rp0p75__vinf25__incm90__toff59132__Om180__om60,115317.0,0.999796844814059,0.016529118982392215,23.455262955027685,283.7084872930256,0.8738422872607231,0.14216813475480267,20.170385143097775,277.74592352594857,298.36465650645056,True
20260811_184731__rp0p75__vinf25__incm90__toff59132__Om180__om75,115317.0,0.9997968155329019,0.016529150360886855,23.455261941486537,283.708539472552,0.8808320374057701,0.12182843464467583,20.263952903174527,283.5097688461573,301.9516755045811,True
20260811_184731__rp0p75__vinf25__incm90__toff59132__Om180__om90,115317.0,0.9997968437269761,0.016529120933400008,23.455262955030594,283.7084875701541,0.8910967660454493,0.0974871820762112,20.61961928214298,292.54450157378074,307.2451893216205,True
20260811_184731__rp0p75__vinf25__incm90__toff59132__Om270__om0,115317.0,0.999797604517909,0.016529134127480503,23.45533645690447,283.7065222887616,0.9121231713523539,0.10630622138026384,21.855446302527337,329.71409544149543,318.18376996756666,True
20260811_184731__rp0p75__vinf25__incm90__toff59132__Om270__om105,115317.0,0.9997999127463264,0.016531263792964615,23.455308641822423,283.69725959894424,1.0076785217331283,0.07111865336538528,20.000226133362585,272.5916984069705,369.4713718533769,True
20260811_184731__rp0p75__vinf25__incm90__toff59132__Om270__om120,115317.0,0.999799383779705,0.01653081293507279,23.45527654400408,283.69961877111024,1.0442923270595634,0.0807475635714314,20.165116485179084,237.5364802425743,389.790204406992,True
20260811_184731__rp0p75__vinf25__incm90__toff59132__Om270__om135,115317.0,0.9997992718267391,0.01653060957344404,23.455263117928595,283.7002204945725,1.0874028193205296,0.11171416954776142,20.6961719076027,213.58330889594677,414.17461037088975,True
20260811_184731__rp0p75__vinf25__incm90__toff59132__Om270__om15,115317.0,0.9997966373893193,0.016528196579956803,23.45527232166241,283.7109456860974,0.9204272016132727,0.11526608162586213,21.533367098888494,329.61626347936317,322.5387940789908,True
20260811_184731__rp0p75__vinf25__incm90__toff59132__Om270__om150,115317.0,0.9997994523456368,0.016530785721967558,23.45527557998845,283.69939432631224,1.1307793120597387,0.1515582796580123,21.615226783835148,202.12485583295754,439.2022657481212,True
20260811_184731__rp0p75__vinf25__incm90__toff59132__Om270__om165,115317.0,0.9997989413363976,0.016530327757459697,23.455243758241892,283.70169528149495,1.162140195634004,0.18931327582561858,22.804193306974152,198.99641425826118,457.5995348577452,True
20260811_184731__rp0p75__vinf25__incm90__toff59132__Om270__om180,115317.0,0.9998000008011859,0.016531228848183723,23.455307131229926,283.6969711369045,1.1760921185246624,0.22436118966297675,24.081767886626686,200.9511892869725,465.8646955903844,True
20260811_184731__rp0p75__vinf25__incm90__toff59132__Om270__om195,115317.0,0.9997966614346172,0.016528187032277215,23.45527161732282,283.7108666667856,1.1745597949007143,0.26771342507782186,25.413726771376112,204.72194658010272,464.95453358353666,True
20260811_184731__rp0p75__vinf25__incm90__toff59132__Om270__om210,115317.0,0.9997998326688275,0.016531094199692915,23.455385740769316,283.6971187843535,1.1641650966687016,0.3098064886304699,26.899362592391316,208.38792627408586,458.796030701971,True
20260811_184731__rp0p75__vinf25__incm90__toff59132__Om270__om225,115317.0,0.9997973111059135,0.01652888089437962,23.455263827742556,283.7082059436907,1.1587401205999532,0.34836843097014825,28.234936364608554,210.15255855398163,455.5928051193733,True
20260811_184731__rp0p75__vinf25__incm90__toff59132__Om270__om240,115317.0,0.9997985926433389,0.016530063422481544,23.45540153378612,283.70203169168013,1.2260671173796325,0.3925909289300342,28.706573409731273,202.95845593849032,495.8715110973938,True
20260811_184731__rp0p75__vinf25__incm90__toff59132__Om270__om255,115317.0,0.9997989762505474,0.016530313899272942,23.455243318466337,283.70158103342817,1.5195929877234802,0.44970092430615727,27.09082688378282,174.77430369526235,684.2088881782828,True
20260811_184731__rp0p75__vinf25__incm90__toff59132__Om270__om270,115317.0,0.9997965799686502,0.01652821938083564,23.455272643466905,283.71113326074766,1.4683215286901463,0.3487979520401,26.082778472584828,130.42727579660604,649.8745655745996,True
20260811_184731__rp0p75__vinf25__incm90__toff59132__Om270__om285,115317.0,0.9997952771078669,0.016527012529260927,23.455363912121637,283.71584976763506,1.121858033121956,0.1482434177621318,26.01886280941686,104.9552508633686,434.01490410844195,True
20260811_184731__rp0p75__vinf25__incm90__toff59132__Om270__om30,115317.0,0.9997977784902912,0.016529266429434378,23.45525777534722,283.7063554167417,0.9271644596213591,0.12002110674876078,21.274325149929755,328.6972512805263,326.0866010848737,True
20260811_184731__rp0p75__vinf25__incm90__toff59132__Om270__om300,115317.0,0.9997942991116063,0.016526079488126327,23.45529951163764,283.72030946162624,0.9755398866885787,0.03876080295963407,25.176263824469334,67.0187081841265,351.9373315838979,True
20260811_184731__rp0p75__vinf25__incm90__toff59132__Om270__om315,115317.0,0.999799280505943,0.016530606128306476,23.45526369862423,283.7001926648293,0.9222642623250257,0.04227140514849653,24.055945987427503,339.9077594499518,323.5048980225189,True
20260811_184731__rp0p75__vinf25__incm90__toff59132__Om270__om330,115317.0,0.9997948268072607,0.016526530627207346,23.455331525327168,283.7179531571441,0.907133811452244,0.07043964274316032,23.058968904099633,329.54388004119204,315.5766214420483,True
20260811_184731__rp0p75__vinf25__incm90__toff59132__Om270__om345,115317.0,0.9997999775250377,0.01653123808538866,23.45530742441341,283.69704730042923,0.9069242145349069,0.09232234553814146,22.33276097534144,329.1312042630698,315.4672548877104,True
20260811_184731__rp0p75__vinf25__incm90__toff59132__Om270__om45,115317.0,0.9997973427048268,0.016528868348381395,23.455263831189225,283.70810287165847,0.9370819983109335,0.11728280779614915,21.004179227468928,327.07855668163654,331.33261098866984,True
20260811_184731__rp0p75__vinf25__incm90__toff59132__Om270__om60,115317.0,0.9997966257513236,0.01652820120117266,23.45527246825442,283.7109837709693,0.9462580154071477,0.1108428164653757,20.707980801087167,322.4984171655668,336.2111771921463,True
20260811_184731__rp0p75__vinf25__incm90__toff59132__Om270__om75,115317.0,0.9997966222402432,0.016528202595969786,23.455271308083685,283.7109942649008,0.9603162954508605,0.09770137445809436,20.397457860473367,315.66105251114556,343.7314245637749,True
20260811_184731__rp0p75__vinf25__incm90__toff59132__Om270__om90,115317.0,0.9997967130362997,0.016528166542229876,23.45527136881434,283.71069813390693,0.9813086520651241,0.08267175938755812,20.124236963597912,300.3793988542496,355.0636656033426,True
20260811_184731__rp0p75__vinf25__incm90__toff59132__Om90__om0,115317.0,0.9998000058509118,0.01653122684399676,23.455307469088325,283.6969549452888,1.156043847696722,0.353435014998535,19.527588341657697,185.1232901128868,454.00355187326164,True
20260811_184731__rp0p75__vinf25__incm90__toff59132__Om90__om105,115317.0,0.9997952846823845,0.016527009520611667,23.45536441890901,283.7158254773891,0.9064689897664037,0.07380106797921519,24.436307771468847,313.8289893359646,315.229764560361,True
20260811_184731__rp0p75__vinf25__incm90__toff59132__Om90__om120,115317.0,0.9997948022689355,0.016526540373977373,23.455331734046716,283.7180333787361,0.9084168370999468,0.09301185784884364,24.9419335975433,317.06606664887454,316.24637274172323,True
20260811_184731__rp0p75__vinf25__incm90__toff59132__Om90__om135,115317.0,0.9997992718267391,0.01653060957344404,23.455263117928595,283.7002204945725,0.9145994318386615,0.10716290458883672,25.24829806816637,320.3630715102312,319.4803718485763,True
20260811_184731__rp0p75__vinf25__incm90__toff59132__Om90__om15,115317.0,0.9997966664843099,0.01652818502694877,23.45527195518239,283.7108504738241,1.2399694700805073,0.40038140032537206,21.75473805460562,159.2262271707458,504.3293914390193,True
20260811_184731__rp0p75__vinf25__incm90__toff59132__Om90__om150,115317.0,0.9997948242824238,0.016526531630173834,23.455331356397757,283.71796125400715,0.9223704521103339,0.11715713798312018,25.455400769953464,323.0833628445009,323.56077230807267,True
20260811_184731__rp0p75__vinf25__incm90__toff59132__Om90__om165,115317.0,0.9997989762505474,0.016530313899272942,23.455243318466337,283.70158103342817,0.930203695553457,0.119105763593675,25.654204586916073,324.45924769266986,327.6912773015849,True
20260811_184731__rp0p75__vinf25__incm90__toff59132__Om90__om180,115317.0,0.9997975994682075,0.016529136132467905,23.455336119046127,283.7065384812873,0.9401075984153335,0.11558851913901101,25.87787646728082,324.1170290508714,332.93858902104796,True
20260811_184731__rp0p75__vinf25__incm90__toff59132__Om90__om195,115317.0,0.9997966323396272,0.01652819858529316,23.45527198380283,283.71096187903623,0.9499325957353981,0.10814315872654859,26.14319757754158,321.02527085873464,338.17147802886683,True
20260811_184731__rp0p75__vinf25__incm90__toff59132__Om90__om210,115317.0,0.9997997861165484,0.016531112674685815,23.455386327136342,283.69727111171994,0.9637382129558633,0.09431685584329565,26.443890827572314,315.65655127996627,345.5702995934334,True
20260811_184731__rp0p75__vinf25__incm90__toff59132__Om90__om225,115317.0,0.9997973376551273,0.01652887035347977,23.455263493329625,283.70811906427724,0.9853575380322686,0.07972001489375713,26.719670919156847,302.16657334579423,357.26342330142916,True
20260811_184731__rp0p75__vinf25__incm90__toff59132__Om90__om240,115317.0,0.9997986333764843,0.016530047253606482,23.45540102071467,283.70189840162516,1.011911598806224,0.06996122903690447,26.892995255583624,276.62812610935975,371.8019397873619,True
20260811_184731__rp0p75__vinf25__incm90__toff59132__Om90__om255,115317.0,0.999796627289935,0.01652820059063081,23.455271645943277,283.7109780719707,1.0485276842871794,0.08231810288080744,26.867584761855788,246.81856544395342,392.1639270007947,True
20260811_184731__rp0p75__vinf25__incm90__toff59132__Om90__om270,115317.0,0.9997967079866067,0.016528168547545706,23.455271030954798,283.7107143269053,1.0903798961967974,0.11476078144147167,26.53743547134965,228.82060271412746,415.8766565560857,True
20260811_184731__rp0p75__vinf25__incm90__toff59132__Om90__om285,115317.0,0.9997999051717389,0.01653126679928347,23.455308135034777,283.69728388625595,1.1341449798587977,0.15250136059905767,25.812237894230226,221.52061778514482,441.1645960227277,True
20260811_184731__rp0p75__vinf25__incm90__toff59132__Om90__om30,115317.0,0.9997978250423836,0.016529247948227833,23.4552571889795,283.7062030815698,1.5775930144773482,0.4599813382697448,22.963210949234355,132.1801703468154,723.7527921654175,True
20260811_184731__rp0p75__vinf25__incm90__toff59132__Om90__om300,115317.0,0.9997988806212978,0.016530351856871087,23.455244322271337,283.70189379046343,1.1629318424938857,0.19037766750455387,24.65651632045476,219.17050601582292,458.067187884526,True
20260811_184731__rp0p75__vinf25__incm90__toff59132__Om90__om315,115317.0,0.999799280505943,0.016530606128306476,23.45526369862423,283.7001926648293,1.1730263232136027,0.2262202325801529,23.13851263187933,218.30801118359116,464.0442838255456,True
20260811_184731__rp0p75__vinf25__incm90__toff59132__Om90__om330,115317.0,0.9997994548704969,0.01653078471977791,23.455275748917966,283.69938623042685,1.1701615831473047,0.2688678824220887,21.406037130759415,214.22046215047303,462.345403427992,True
20260811_184731__rp0p75__vinf25__incm90__toff59132__Om90__om345,115317.0,0.9997999426108177,0.016531251941250158,23.455307864188686,283.6971615455543,1.1606325454305733,0.3126543898748958,19.855722135637148,203.62278322110325,456.7093545249483,True
20260811_184731__rp0p75__vinf25__incm90__toff59132__Om90__om45,115317.0,0.9997973161556124,0.01652887888927398,23.455264165602184,283.7081897510926,1.450823720371786,0.3364787535368915,21.448099569260027,107.1607292743299,638.2925296267504,True
20260811_184731__rp0p75__vinf25__incm90__toff59132__Om90__om60,115317.0,0.9997965850183418,0.016528217375485064,23.45527298132651,283.71111706785075,1.102014343364317,0.13433448745061582,21.411132009150933,84.95028642382263,422.550540035218,True
20260811_184731__rp0p75__vinf25__incm90__toff59132__Om90__om75,115317.0,0.9997989712008318,0.016530315903825636,23.455242980606666,283.7015972254077,0.9651171511429133,0.03506895168350621,22.477956792443745,35.14091321270962,346.31223940024375,True
20260811_184731__rp0p75__vinf25__incm90__toff59132__Om90__om90,115317.0,0.9997965850183418,0.016528217375485064,23.45527298132651,283.71111706785075,0.919318763906498,0.04792773920037626,23.605186654011977,319.92337838479864,321.9563365468449,True
20260811_184731__rp1__vinf25__inc0__toff59132__Om0__om0,115317.0,0.9997986860750188,0.016530837848103084,23.455263944327413,283.700926596965,1.1573977796851833,0.10438450482916256,22.571320145165156,126.71944739546272,454.80136314427835,True
20260811_184731__rp1__vinf25__inc0__toff59132__Om0__om105,115317.0,0.9998034423872536,0.016525740702478767,23.45529154118789,283.7022185616193,1.5094926752029583,0.5768250662443689,21.732118597826577,209.09656479306747,677.3986164598801,True
20260811_184731__rp1__vinf25__inc0__toff59132__Om0__om120,115317.0,0.99980394959821,0.016526294774881288,23.4552855220399,283.7001440586457,1.1732404337424647,0.3474680494573866,21.34674279837395,234.6713327471668,464.1713414611379,True
20260811_184731__rp1__vinf25__inc0__toff59132__Om0__om135,115317.0,0.9998039932731729,0.016526289596651502,23.45528486239821,283.6999748679769,1.2513055886152091,0.13297235958286954,19.795504662233537,162.85940028406915,511.2612372736823,True
20260811_184731__rp1__vinf25__inc0__toff59132__Om0__om15,115317.0,0.9997986140725912,0.01653086946595228,23.455264823884203,283.7011556424335,1.2683349180146908,0.15386298500384823,22.205014080313166,143.77747381697156,521.7334887331942,True
20260811_184731__rp1__vinf25__inc0__toff59132__Om0__om150,115317.0,0.9997904209792504,0.016532783588399703,23.45527843583111,283.7136264353017,1.0506868046893638,0.0634171737000219,21.699402025820262,188.66592881557818,393.3758619266679,True
20260811_184731__rp1__vinf25__inc0__toff59132__Om0__om165,115317.0,0.9997963327664974,0.016528732318568624,23.455292272031436,283.710324372685,0.924301580168309,0.1058900246891696,23.26167476732435,237.75955899628383,324.5774422684892,True
20260811_184731__rp1__vinf25__inc0__toff59132__Om0__om180,115317.0,0.999796385904622,0.016528726412611865,23.45529146580312,283.7101176807648,0.8749323521634543,0.1379430090608546,24.000556020284495,251.40956705935918,298.9231181171103,True
20260811_184731__rp1__vinf25__inc0__toff59132__Om0__om195,115317.0,0.9997940471427078,0.01652660340268892,23.455319720518315,283.71949660342204,0.8609359391415141,0.14569631210594222,24.292201996264573,260.36627722002146,291.7790101418644,True
20260811_184731__rp1__vinf25__inc0__toff59132__Om0__om210,115317.0,0.9997987215326941,0.016530823014777114,23.455263504550523,283.7008122129088,0.8640099106253959,0.1458297767058166,24.38822787257729,271.48780101561374,293.3430995013997,True
20260811_184731__rp1__vinf25__inc0__toff59132__Om0__om225,115317.0,0.9997986500738033,0.016530853656995022,23.455264384105813,283.7010411198099,0.8738553592301932,0.13951417548277936,24.406051766855043,281.9832411997851,298.3713514701591,True
20260811_184731__rp1__vinf25__inc0__toff59132__Om0__om240,115317.0,0.9997986977130624,0.016530833228820693,23.455263797735608,283.700888515304,0.884567961007624,0.13020675133981832,24.37017702592662,293.627771415873,303.8747385307776,True
20260811_184731__rp1__vinf25__inc0__toff59132__Om0__om255,115317.0,0.9998057586156379,0.01652786437229474,23.455263653366522,283.69293494459805,0.8940618340212853,0.12180171348109765,24.29089085734192,305.4368500187355,308.7799726010344,True
20260811_184731__rp1__vinf25__inc0__toff59132__Om0__om270,115317.0,0.9997963531648164,0.016528736373867276,23.455291905573553,283.7102313784058,0.9050916256313234,0.11527211317134074,24.10483831379843,320.1659442158309,314.5115582005647,True
20260811_184731__rp1__vinf25__inc0__toff59132__Om0__om285,115317.0,0.9998034234593335,0.01652574213765332,23.45529183436096,283.7022936361513,0.8177585831345425,0.0859954316833287,29.156121097958422,247.93880616893966,270.10676224153076,True
20260811_184731__rp1__vinf25__inc0__toff59132__Om0__om30,115317.0,0.9997986830373916,0.01653085956733692,23.45526379777462,283.70089226841037,1.3372231636158398,0.18157700537722304,22.083206360211072,149.73858677290372,564.8116248785849,True
20260811_184731__rp1__vinf25__inc0__toff59132__Om0__om300,115317.0,0.999789874474745,0.016532239186461944,23.455285004717933,283.7158422471749,0.9294139592380559,0.08961502659596308,23.985843378178025,353.33989526840713,327.2740545453213,True
20260811_184731__rp1__vinf25__inc0__toff59132__Om0__om315,115317.0,0.999804032520149,0.016526261863390356,23.45528447757184,283.6998726498657,0.9533401009381594,0.07779816806939627,23.72086827983297,15.205065463653817,339.99269223766163,True
20260811_184731__rp1__vinf25__inc0__toff59132__Om0__om330,115317.0,0.9997904544221534,0.016532764230094508,23.455278069340213,283.71353014573424,0.9925002197211658,0.06733094665432142,23.400836254931964,48.27245506247086,361.1550631301846,True
20260811_184731__rp1__vinf25__inc0__toff59132__Om0__om345,115317.0,0.9997963284181708,0.01652874012260697,23.45529227204245,283.7103254802524,1.0587032782828096,0.07085739205621357,23.006100141976734,92.0843461934973,397.88647533439286,True
20260811_184731__rp1__vinf25__inc0__toff59132__Om0__om45,115317.0,0.9997941153397126,0.016526578591879733,23.45531884096946,283.71926850068127,1.2592819112034561,0.14693020202169685,22.626412308360756,153.40689447496896,516.1574948879296,True
20260811_184731__rp1__vinf25__inc0__toff59132__Om0__om60,115317.0,0.999798603201726,0.016530888975967183,23.455264823913115,283.7011584221923,0.982905748866721,0.018925066861397707,24.950563245635106,288.4526428101654,355.93082657829115,True
20260811_184731__rp1__vinf25__inc0__toff59132__Om0__om75,115317.0,0.9997962782213898,0.016528757015701064,23.4552929317009,283.71049630319726,0.6739347575513022,0.23683533414968647,40.58722173626004,349.2404203115705,202.08057701212704,True
20260811_184731__rp1__vinf25__inc0__toff59132__Om0__om90,115317.0,0.999798726808173,0.016530821680646447,23.455263431256068,283.7007933110574,11.822877991030575,0.9365615486557715,28.192011557554093,167.2506974637744,14848.500641370336,True
20260811_184731__rp1__vinf25__inc0__toff59132__Om180__om0,115317.0,0.999796385904622,0.016528726412611865,23.45529146580312,283.7101176807648,0.8749323521634543,0.1379430090608546,24.000556020284495,251.40956705935918,298.9231181171103,True
20260811_184731__rp1__vinf25__inc0__toff59132__Om180__om105,115317.0,0.9998034234593335,0.01652574213765332,23.45529183436096,283.7022936361513,0.8177644290460848,0.08598801340612837,29.156141461913215,247.94192533811398,270.10965861540006,True
20260811_184731__rp1__vinf25__inc0__toff59132__Om180__om120,115317.0,0.999789874474745,0.016532239186461944,23.455285004717933,283.7158422471749,0.9294139592380559,0.08961502659596308,23.985843378178025,353.33989526840713,327.2740545453213,True
20260811_184731__rp1__vinf25__inc0__toff59132__Om180__om135,115317.0,0.999804032520149,0.016526261863390356,23.45528447757184,283.6998726498657,0.9533401009381594,0.07779816806939627,23.72086827983297,15.205065463653817,339.99269223766163,True
20260811_184731__rp1__vinf25__inc0__toff59132__Om180__om15,115317.0,0.9997940471427078,0.01652660340268892,23.455319720518315,283.71949660342204,0.8609359391415141,0.14569631210594222,24.292201996264573,260.36627722002146,291.7790101418644,True
20260811_184731__rp1__vinf25__inc0__toff59132__Om180__om150,115317.0,0.9997904544221534,0.016532764230094508,23.455278069340213,283.71353014573424,0.9925002197211658,0.06733094665432142,23.400836254931964,48.27245506247086,361.1550631301846,True
20260811_184731__rp1__vinf25__inc0__toff59132__Om180__om165,115317.0,0.9997963284181708,0.01652874012260697,23.45529227204245,283.7103254802524,1.0587032782828096,0.07085739205621357,23.006100141976734,92.0843461934973,397.88647533439286,True
20260811_184731__rp1__vinf25__inc0__toff59132__Om180__om180,115317.0,0.9997986860750188,0.016530837848103084,23.455263944327413,283.700926596965,1.1573977796851833,0.10438450482916256,22.571320145165156,126.71944739546272,454.80136314427835,True
20260811_184731__rp1__vinf25__inc0__toff59132__Om180__om195,115317.0,0.9997986140725912,0.01653086946595228,23.455264823884203,283.7011556424335,1.2683349180146908,0.15386298500384823,22.205014080313166,143.77747381697156,521.7334887331942,True
20260811_184731__rp1__vinf25__inc0__toff59132__Om180__om210,115317.0,0.9997986830373916,0.01653085956733692,23.45526379777462,283.70089226841037,1.3372231636158398,0.18157700537722304,22.083206360211072,149.73858677290372,564.8116248785849,True
20260811_184731__rp1__vinf25__inc0__toff59132__Om180__om225,115317.0,0.9997941153397126,0.016526578591879733,23.45531884096946,283.71926850068127,1.2592819399144803,0.14693019523451553,22.62641216376684,153.40688596769613,516.157512540145,True
20260811_184731__rp1__vinf25__inc0__toff59132__Om180__om240,115317.0,0.999798603201726,0.016530888975967183,23.455264823913115,283.7011584221923,0.9829057531315656,0.018925069146036425,24.950563182106304,288.45268136238224,355.9308288948759,True
20260811_184731__rp1__vinf25__inc0__toff59132__Om180__om255,115317.0,0.9997962782213898,0.016528757015701064,23.4552929317009,283.71049630319726,0.6739347575513022,0.23683533414968647,40.58722173626004,349.2404203115705,202.08057701212704,True
20260811_184731__rp1__vinf25__inc0__toff59132__Om180__om270,115317.0,0.999798726808173,0.016530821680646447,23.455263431256068,283.7007933110574,11.822882511606197,0.9365614698062972,28.192021497469874,167.25068006645805,14848.509157542521,True
20260811_184731__rp1__vinf25__inc0__toff59132__Om180__om285,115317.0,0.9998034423872536,0.016525740702478767,23.45529154118789,283.7022185616193,1.5094925064579348,0.5768250453430342,21.732118327572557,209.09657570281885,677.3985028710789,True
20260811_184731__rp1__vinf25__inc0__toff59132__Om180__om30,115317.0,0.9997987215326941,0.016530823014777114,23.455263504550523,283.7008122129088,0.8640099304194548,0.1458298048622262,24.388227856740546,271.4878037293357,293.34310958192754,True
20260811_184731__rp1__vinf25__inc0__toff59132__Om180__om300,115317.0,0.99980394959821,0.016526294774881288,23.4552855220399,283.7001440586457,1.1732404332500597,0.3474680471878202,21.346742819505952,234.67133272958733,464.1713411689213,True
20260811_184731__rp1__vinf25__inc0__toff59132__Om180__om315,115317.0,0.9998039932731729,0.016526289596651502,23.45528486239821,283.6999748679769,1.2513055886152091,0.13297235958286954,19.795504662233537,162.85940028406915,511.2612372736823,True
20260811_184731__rp1__vinf25__inc0__toff59132__Om180__om330,115317.0,0.9997904209792504,0.016532783588399703,23.45527843583111,283.7136264353017,1.0506868046893638,0.0634171737000219,21.699402025820262,188.66592881557818,393.3758619266679,True
20260811_184731__rp1__vinf25__inc0__toff59132__Om180__om345,115317.0,0.9997963327664974,0.016528732318568624,23.455292272031436,283.710324372685,0.924301580168309,0.1058900246891696,23.26167476732435,237.75955899628383,324.5774422684892,True
20260811_184731__rp1__vinf25__inc0__toff59132__Om180__om45,115317.0,0.9997986500738033,0.016530853656995022,23.455264384105813,283.7010411198099,0.8738553592301932,0.13951417548277936,24.406051766855043,281.9832411997851,298.3713514701591,True
20260811_184731__rp1__vinf25__inc0__toff59132__Om180__om60,115317.0,0.9997986977130624,0.016530833228820693,23.455263797735608,283.700888515304,0.884567961007624,0.13020675133981832,24.37017702592662,293.627771415873,303.8747385307776,True
20260811_184731__rp1__vinf25__inc0__toff59132__Om180__om75,115317.0,0.9998057586156379,0.01652786437229474,23.455263653366522,283.69293494459805,0.8940618340212853,0.12180171348109765,24.29089085734192,305.4368500187355,308.7799726010344,True
20260811_184731__rp1__vinf25__inc0__toff59132__Om180__om90,115317.0,0.9997963531648164,0.016528736373867276,23.455291905573553,283.7102313784058,0.9050916256313234,0.11527211317134074,24.10483831379843,320.1659442158309,314.5115582005647,True
20260811_184731__rp1__vinf25__inc0__toff59132__Om270__om0,115317.0,0.9997963531648164,0.016528736373867276,23.455291905573553,283.7102313784058,0.9050916256313234,0.11527211317134074,24.10483831379843,320.1659442158309,314.5115582005647,True
20260811_184731__rp1__vinf25__inc0__toff59132__Om270__om105,115317.0,0.9997986140725912,0.01653086946595228,23.455264823884203,283.7011556424335,1.2683349180146908,0.15386298500384823,22.205014080313166,143.77747381697156,521.7334887331942,True
20260811_184731__rp1__vinf25__inc0__toff59132__Om270__om120,115317.0,0.9997986830373916,0.01653085956733692,23.45526379777462,283.70089226841037,1.3372231636158398,0.18157700537722304,22.083206360211072,149.73858677290372,564.8116248785849,True
20260811_184731__rp1__vinf25__inc0__toff59132__Om270__om135,115317.0,0.9997941153397126,0.016526578591879733,23.45531884096946,283.71926850068127,1.2592819112034561,0.14693020202169685,22.626412308360756,153.40689447496896,516.1574948879296,True
20260811_184731__rp1__vinf25__inc0__toff59132__Om270__om15,115317.0,0.9998034234593335,0.01652574213765332,23.45529183436096,283.7022936361513,0.8177492547276353,0.08600191427846882,29.15606570857637,247.9333228605603,270.10214047664886,True
20260811_184731__rp1__vinf25__inc0__toff59132__Om270__om150,115317.0,0.999798603201726,0.016530888975967183,23.455264823913115,283.7011584221923,0.982905748866721,0.018925066861397707,24.950563245635106,288.4526428101654,355.93082657829115,True
20260811_184731__rp1__vinf25__inc0__toff59132__Om270__om165,115317.0,0.9997962782213898,0.016528757015701064,23.4552929317009,283.71049630319726,0.6739379901430139,0.23696120372187834,40.58678268655398,349.2096192045667,202.08203096172906,True
20260811_184731__rp1__vinf25__inc0__toff59132__Om270__om180,115317.0,0.999798726808173,0.016530821680646447,23.455263431256068,283.7007933110574,11.822882511606197,0.9365614698062972,28.192021497469874,167.25068006645805,14848.509157542521,True
20260811_184731__rp1__vinf25__inc0__toff59132__Om270__om195,115317.0,0.9998034423872536,0.016525740702478767,23.45529154118789,283.7022185616193,1.5094926752029583,0.5768250662443689,21.732118597826577,209.09656479306747,677.3986164598801,True
20260811_184731__rp1__vinf25__inc0__toff59132__Om270__om210,115317.0,0.99980394959821,0.016526294774881288,23.4552855220399,283.7001440586457,1.1732404327128907,0.3474680447119296,21.346742842559074,234.6713327104097,464.1713408501395,True
20260811_184731__rp1__vinf25__inc0__toff59132__Om270__om225,115317.0,0.9998039932731729,0.016526289596651502,23.45528486239821,283.6999748679769,1.2513055886152091,0.13297235958286954,19.795504662233537,162.85940028406915,511.2612372736823,True
20260811_184731__rp1__vinf25__inc0__toff59132__Om270__om240,115317.0,0.9997904209792504,0.016532783588399703,23.45527843583111,283.7136264353017,1.0506868046893638,0.0634171737000219,21.699402025820262,188.66592881557818,393.3758619266679,True
20260811_184731__rp1__vinf25__inc0__toff59132__Om270__om255,115317.0,0.9997963327664974,0.016528732318568624,23.455292272031436,283.710324372685,0.924301580168309,0.1058900246891696,23.26167476732435,237.75955899628383,324.5774422684892,True
20260811_184731__rp1__vinf25__inc0__toff59132__Om270__om270,115317.0,0.999796385904622,0.016528726412611865,23.45529146580312,283.7101176807648,0.8749323521301521,0.13794300870414142,24.00055602010673,251.40956699211625,298.92311810004355,True
20260811_184731__rp1__vinf25__inc0__toff59132__Om270__om285,115317.0,0.9997940471427078,0.01652660340268892,23.455319720518315,283.71949660342204,0.8609359391415141,0.14569631210594222,24.292201996264573,260.36627722002146,291.7790101418644,True
20260811_184731__rp1__vinf25__inc0__toff59132__Om270__om30,115317.0,0.999789874474745,0.016532239186461944,23.455285004717933,283.7158422471749,0.9294139592380559,0.08961502659596308,23.985843378178025,353.33989526840713,327.2740545453213,True
20260811_184731__rp1__vinf25__inc0__toff59132__Om270__om300,115317.0,0.9997987215326941,0.016530823014777114,23.455263504550523,283.7008122129088,0.8640099106253959,0.1458297767058166,24.38822787257729,271.48780101561374,293.3430995013997,True
20260811_184731__rp1__vinf25__inc0__toff59132__Om270__om315,115317.0,0.9997986500738033,0.016530853656995022,23.455264384105813,283.7010411198099,0.8738553553245851,0.13951417159953192,24.40605181974936,281.9832371482485,298.37134946984827,True
20260811_184731__rp1__vinf25__inc0__toff59132__Om270__om330,115317.0,0.9997986977130624,0.016530833228820693,23.455263797735608,283.700888515304,0.884567961007624,0.13020675133981832,24.37017702592662,293.627771415873,303.8747385307776,True
20260811_184731__rp1__vinf25__inc0__toff59132__Om270__om345,115317.0,0.9998057586156379,0.01652786437229474,23.455263653366522,283.69293494459805,0.8940618340212853,0.12180171348109765,24.29089085734192,305.4368500187355,308.7799726010344,True
20260811_184731__rp1__vinf25__inc0__toff59132__Om270__om45,115317.0,0.999804032520149,0.016526261863390356,23.45528447757184,283.6998726498657,0.9533401009381594,0.07779816806939627,23.72086827983297,15.205065463653817,339.99269223766163,True
20260811_184731__rp1__vinf25__inc0__toff59132__Om270__om60,115317.0,0.9997904544221534,0.016532764230094508,23.455278069340213,283.71353014573424,0.9925002197211658,0.06733094665432142,23.400836254931964,48.27245506247086,361.1550631301846,True
20260811_184731__rp1__vinf25__inc0__toff59132__Om270__om75,115317.0,0.9997963284181708,0.01652874012260697,23.45529227204245,283.7103254802524,1.0587032782828096,0.07085739205621357,23.006100141976734,92.0843461934973,397.88647533439286,True
20260811_184731__rp1__vinf25__inc0__toff59132__Om270__om90,115317.0,0.9997986860750188,0.016530837848103084,23.455263944327413,283.700926596965,1.1573977796851833,0.10438450482916256,22.571320145165156,126.71944739546272,454.80136314427835,True
20260811_184731__rp1__vinf25__inc0__toff59132__Om90__om0,115317.0,0.999798726808173,0.016530821680646447,23.455263431256068,283.7007933110574,11.822877991030575,0.9365615486557715,28.192011557554093,167.2506974637744,14848.500641370336,True
20260811_184731__rp1__vinf25__inc0__toff59132__Om90__om105,115317.0,0.9997940471427078,0.01652660340268892,23.455319720518315,283.71949660342204,0.8609359391415141,0.14569631210594222,24.292201996264573,260.36627722002146,291.7790101418644,True
20260811_184731__rp1__vinf25__inc0__toff59132__Om90__om120,115317.0,0.9997987215326941,0.016530823014777114,23.455263504550523,283.7008122129088,0.8640099106253959,0.1458297767058166,24.38822787257729,271.48780101561374,293.3430995013997,True
20260811_184731__rp1__vinf25__inc0__toff59132__Om90__om135,115317.0,0.9997986500738033,0.016530853656995022,23.455264384105813,283.7010411198099,0.8738553553245851,0.13951417159953192,24.40605181974936,281.9832371482485,298.37134946984827,True
20260811_184731__rp1__vinf25__inc0__toff59132__Om90__om15,115317.0,0.9998034423872536,0.016525740702478767,23.45529154118789,283.7022185616193,1.5094926814930578,0.5768250518919593,21.732118496800886,209.09656475940943,677.3986206939895,True
20260811_184731__rp1__vinf25__inc0__toff59132__Om90__om150,115317.0,0.9997986977130624,0.016530833228820693,23.455263797735608,283.700888515304,0.884567961007624,0.13020675133981832,24.37017702592662,293.627771415873,303.8747385307776,True
20260811_184731__rp1__vinf25__inc0__toff59132__Om90__om165,115317.0,0.9998057586156379,0.01652786437229474,23.455263653366522,283.69293494459805,0.8940618340212853,0.12180171348109765,24.29089085734192,305.4368500187355,308.7799726010344,True
20260811_184731__rp1__vinf25__inc0__toff59132__Om90__om180,115317.0,0.9997963531648164,0.016528736373867276,23.455291905573553,283.7102313784058,0.9050916256313234,0.11527211317134074,24.10483831379843,320.1659442158309,314.5115582005647,True
20260811_184731__rp1__vinf25__inc0__toff59132__Om90__om195,115317.0,0.9998034234593335,0.01652574213765332,23.45529183436096,283.7022936361513,0.8177644290460848,0.08598801340612837,29.156141461913215,247.94192533811398,270.10965861540006,True
20260811_184731__rp1__vinf25__inc0__toff59132__Om90__om210,115317.0,0.999789874474745,0.016532239186461944,23.455285004717933,283.7158422471749,0.9294139592380559,0.08961502659596308,23.985843378178025,353.33989526840713,327.2740545453213,True
20260811_184731__rp1__vinf25__inc0__toff59132__Om90__om225,115317.0,0.999804032520149,0.016526261863390356,23.45528447757184,283.6998726498657,0.9533401009381594,0.07779816806939627,23.72086827983297,15.205065463653817,339.99269223766163,True
20260811_184731__rp1__vinf25__inc0__toff59132__Om90__om240,115317.0,0.9997904544221534,0.016532764230094508,23.455278069340213,283.71353014573424,0.9925002197211658,0.06733094665432142,23.400836254931964,48.27245506247086,361.1550631301846,True
20260811_184731__rp1__vinf25__inc0__toff59132__Om90__om255,115317.0,0.9997963284181708,0.01652874012260697,23.45529227204245,283.7103254802524,1.0587032782828096,0.07085739205621357,23.006100141976734,92.0843461934973,397.88647533439286,True
20260811_184731__rp1__vinf25__inc0__toff59132__Om90__om270,115317.0,0.9997986860750188,0.016530837848103084,23.455263944327413,283.700926596965,1.1573977796851833,0.10438450482916256,22.571320145165156,126.71944739546272,454.80136314427835,True
20260811_184731__rp1__vinf25__inc0__toff59132__Om90__om285,115317.0,0.9997986140725912,0.01653086946595228,23.455264823884203,283.7011556424335,1.2683349180146908,0.15386298500384823,22.205014080313166,143.77747381697156,521.7334887331942,True
20260811_184731__rp1__vinf25__inc0__toff59132__Om90__om30,115317.0,0.99980394959821,0.016526294774881288,23.4552855220399,283.7001440586457,1.1732404326681267,0.34746804450560537,21.346742844480158,234.67133270881158,464.17134082357444,True
20260811_184731__rp1__vinf25__inc0__toff59132__Om90__om300,115317.0,0.9997986830373916,0.01653085956733692,23.45526379777462,283.70089226841037,1.3372231636158398,0.18157700537722304,22.083206360211072,149.73858677290372,564.8116248785849,True
20260811_184731__rp1__vinf25__inc0__toff59132__Om90__om315,115317.0,0.9997941153397126,0.016526578591879733,23.45531884096946,283.71926850068127,1.2592819112034561,0.14693020202169685,22.626412308360756,153.40689447496896,516.1574948879296,True
20260811_184731__rp1__vinf25__inc0__toff59132__Om90__om330,115317.0,0.999798603201726,0.016530888975967183,23.455264823913115,283.7011584221923,0.982905748866721,0.018925066861397707,24.950563245635106,288.4526428101654,355.93082657829115,True
20260811_184731__rp1__vinf25__inc0__toff59132__Om90__om345,115317.0,0.9997962782213898,0.016528757015701064,23.4552929317009,283.71049630319726,0.6739347575513022,0.23683533414968647,40.58722173626004,349.2404203115705,202.08057701212704,True
20260811_184731__rp1__vinf25__inc0__toff59132__Om90__om45,115317.0,0.9998039932731729,0.016526289596651502,23.45528486239821,283.6999748679769,1.2513055886152091,0.13297235958286954,19.795504662233537,162.85940028406915,511.2612372736823,True
20260811_184731__rp1__vinf25__inc0__toff59132__Om90__om60,115317.0,0.9997904209792504,0.016532783588399703,23.45527843583111,283.7136264353017,1.0506868046893638,0.0634171737000219,21.699402025820262,188.66592881557818,393.3758619266679,True
20260811_184731__rp1__vinf25__inc0__toff59132__Om90__om75,115317.0,0.9997963327664974,0.016528732318568624,23.455292272031436,283.710324372685,0.924301580168309,0.1058900246891696,23.26167476732435,237.75955899628383,324.5774422684892,True
20260811_184731__rp1__vinf25__inc0__toff59132__Om90__om90,115317.0,0.999796385904622,0.016528726412611865,23.45529146580312,283.7101176807648,0.8749323521634543,0.1379430090608546,24.000556020284495,251.40956705935918,298.9231181171103,True
20260811_184731__rp1__vinf25__inc30__toff59132__Om0__om0,115317.0,0.9997983737041094,0.0165305577582515,23.455243926966617,283.70233282310875,1.1543187552910221,0.10501481075685902,23.65410358094783,124.9920328097888,452.9877091408795,True
20260811_184731__rp1__vinf25__inc30__toff59132__Om0__om105,115317.0,0.9998033193401635,0.016525715859886967,23.45528902097258,283.7026916142821,2.3020712705468815,0.7927318993435186,28.391250130462428,175.51743786211662,1275.7804354443124,True
20260811_184731__rp1__vinf25__inc30__toff59132__Om0__om120,115317.0,0.9998038790214591,0.016526249102429624,23.455280960889908,283.70044421327214,3.2003350739958876,0.846884581225217,70.33113296247727,124.85760065221864,2091.177835436588,True
20260811_184731__rp1__vinf25__inc30__toff59132__Om0__om135,115317.0,0.9998039308332369,0.016526240694010836,23.455281076963793,283.70024911606026,7.905588613513824,0.8426981556803818,29.493790187482016,52.001634537329366,8118.935793286316,True
20260811_184731__rp1__vinf25__inc30__toff59132__Om0__om15,115317.0,0.9997960799907458,0.016528425585985707,23.455271932654213,283.71154280108465,1.2789916185105465,0.1598248740551755,23.765813522022167,143.6890936449924,528.3227815155853,True
20260811_184731__rp1__vinf25__inc30__toff59132__Om0__om150,115317.0,0.9997892263389544,0.01653166149782282,23.455287478917363,283.7184599919699,1.164758142453957,0.08225583354120514,24.31916880396424,89.947845175052,459.1466532660686,True
20260811_184731__rp1__vinf25__inc30__toff59132__Om0__om165,115317.0,0.9997965068660291,0.016528919891270193,23.455304285277478,283.70950966190173,0.9305795585253696,0.08847998775207033,23.483241617852755,238.7960335790798,327.8899103412913,True
20260811_184731__rp1__vinf25__inc30__toff59132__Om0__om180,115317.0,0.9997965698866262,0.016528910062465544,23.45530275237235,283.7092701352559,0.8662448831500763,0.1326471522257585,23.15200076950461,250.5162590986999,294.48204053657514,True
20260811_184731__rp1__vinf25__inc30__toff59132__Om0__om195,115317.0,0.9997983769961399,0.0165305716464461,23.455243949334424,283.7022894239459,0.8515586067436395,0.15194891069356056,23.1323256209741,259.71978903091986,287.0249199333242,True
20260811_184731__rp1__vinf25__inc30__toff59132__Om0__om210,115317.0,0.9997937188475444,0.016526313807394402,23.455300649282236,283.7209905556143,0.857300809241892,0.14936433615433276,23.107964642480777,269.39480432141755,289.93299437105503,True
20260811_184731__rp1__vinf25__inc30__toff59132__Om0__om225,115317.0,0.9997983883185317,0.016530553477127237,23.455243126996415,283.7022812245371,0.8691671848176734,0.14156616198057953,23.08889959647499,280.08780521902486,295.9734618760901,True
20260811_184731__rp1__vinf25__inc30__toff59132__Om0__om240,115317.0,0.9997970743248558,0.016529349281283065,23.45533635481168,283.70703745628947,0.8813303376855173,0.1336382540395248,23.116924929691276,292.0730148426766,302.20793982467626,True
20260811_184731__rp1__vinf25__inc30__toff59132__Om0__om255,115317.0,0.9998031397644077,0.016525453713076572,23.455272030475303,283.7036003529929,0.8926688206157926,0.125476174910567,23.138819666284746,304.47891473063754,308.05860126627203,True
20260811_184731__rp1__vinf25__inc30__toff59132__Om0__om270,115317.0,0.9997988638174002,0.016531042243995975,23.455276148743323,283.7000611536173,0.9023045397139827,0.12223888201242783,23.170797524469734,318.6506505671603,313.0599445494026,True
20260811_184731__rp1__vinf25__inc30__toff59132__Om0__om285,115317.0,0.9998045047572752,0.016526762233777432,23.455274372691118,283.69796959934746,0.653449442893516,0.4121019477335618,29.092156542644055,265.4061386544367,192.93711420437796,True
20260811_184731__rp1__vinf25__inc30__toff59132__Om0__om30,115317.0,0.9997946932624064,0.016527269526816407,23.45536490322566,283.71649665927066,1.3610574135931142,0.19522655200148797,23.805872283323556,152.09191321494438,579.9792533888627,True
20260811_184731__rp1__vinf25__inc30__toff59132__Om0__om300,115317.0,0.9997898141903531,0.01653218944769087,23.455281016472593,283.71610925824245,0.927170982453793,0.0968807833717722,23.307934604542908,348.7170651875116,326.0900422413645,True
20260811_184731__rp1__vinf25__inc30__toff59132__Om0__om315,115317.0,0.9998039626436557,0.016526215912716802,23.455279731960317,283.7001703670243,0.9492081761014207,0.08306053221939028,23.34144679744586,9.611758399855693,337.78471688123915,True
20260811_184731__rp1__vinf25__inc30__toff59132__Om0__om330,115317.0,0.9997891933574052,0.01653166852130165,23.45528845094988,283.7185814326196,0.9887811948551926,0.06941045378867701,23.422800113699427,39.94426540499298,359.12702482885675,True
20260811_184731__rp1__vinf25__inc30__toff59132__Om0__om345,115317.0,0.9997960226359498,0.01652845747752571,23.45527177002422,283.7117101412539,1.0533728103058195,0.06875801141277872,23.529568758832983,86.1036430911997,394.88528143564855,True
20260811_184731__rp1__vinf25__inc30__toff59132__Om0__om45,115317.0,0.9997982888495568,0.016530608914389636,23.455244637622226,283.7025726051622,1.2811487240796837,0.15651761167467176,23.676685646974953,157.0494086408195,529.6599228847531,True
20260811_184731__rp1__vinf25__inc30__toff59132__Om0__om60,115317.0,0.9997982984054319,0.016530605880626346,23.45524531334304,283.70254036094485,0.9489256593504701,0.04765888001308402,22.89406890662651,312.2814376287523,337.6339237117483,True
20260811_184731__rp1__vinf25__inc30__toff59132__Om0__om75,115317.0,0.9997988786838039,0.016531027226208358,23.455276244359943,283.70003234861565,0.45835831839835434,0.7343571040298689,13.507263800871636,266.8939103733479,113.3458089862557,True
20260811_184731__rp1__vinf25__inc30__toff59132__Om0__om90,115317.0,0.9997965805492016,0.016528884557511128,23.455302910095263,283.70928125092365,-1.0037813064130237,1.1440673820291714,47.75180436840766,61.85470209635475,,False
20260811_184731__rp1__vinf25__inc30__toff59132__Om180__om0,115317.0,0.9997960793530611,0.016528444071512022,23.455271374940878,283.7115051886964,0.9212996760006329,0.1260083886282181,24.01106957353359,245.883722241984,322.9975052821708,True
20260811_184731__rp1__vinf25__inc30__toff59132__Om180__om105,115317.0,0.9998045098070468,0.01652676022951044,23.455274710550572,283.69795340333894,0.9256525510485334,0.028201127719494925,24.431252428654325,319.16232089356043,325.28931197198835,True
20260811_184731__rp1__vinf25__inc30__toff59132__Om180__om120,115317.0,0.9997898053535128,0.016532192957769726,23.455280425219105,283.7161375877034,0.9408608092394688,0.05827921807237228,24.69363658777195,357.59697609621924,333.33879295356036,True
20260811_184731__rp1__vinf25__inc30__toff59132__Om180__om135,115317.0,0.9998039758992915,0.016526210651035336,23.455280618841314,283.7001278517771,0.9741999093039367,0.05545656214552162,23.975590357812063,34.75643481101249,351.212462061814,True
20260811_184731__rp1__vinf25__inc30__toff59132__Om180__om15,115317.0,0.9997983795209948,0.01653057064414121,23.455244118264236,283.7022813281287,0.9034039061332982,0.131918806353023,24.679052376165217,259.21095229512184,313.6322663994277,True
20260811_184731__rp1__vinf25__inc30__toff59132__Om180__om150,115317.0,0.9997891870453843,0.016531671028758865,23.45528802862597,283.71860166821915,1.0200049673412415,0.06154204167195756,23.247776622507143,72.28667100495201,376.27140968584285,True
20260811_184731__rp1__vinf25__inc30__toff59132__Om180__om165,115317.0,0.9997965257936864,0.016528918453356127,23.455303992104362,283.70943460270576,1.0859376564208412,0.08069564514071809,22.417260038678922,103.51083105797595,413.33780619152935,True
20260811_184731__rp1__vinf25__inc30__toff59132__Om180__om180,115317.0,0.9997988642381589,0.016531023843078557,23.455275304061757,283.70009829510377,1.1640506294625907,0.10718227316627725,21.60631870645368,122.52339732307883,458.7283652879398,True
20260811_184731__rp1__vinf25__inc30__toff59132__Om180__om195,115317.0,0.9997960774659025,0.01652842658867822,23.45527176372443,283.7115508974018,1.2326267610090156,0.131824947412368,21.05526313150161,132.11249480249242,499.8563099027675,True
20260811_184731__rp1__vinf25__inc30__toff59132__Om180__om210,115317.0,0.999793691990555,0.01652634574483067,23.4553007959125,283.721032500923,1.2515039118312072,0.14168771570037994,21.140472632599735,137.08438927643516,511.3827891046742,True
20260811_184731__rp1__vinf25__inc30__toff59132__Om180__om225,115317.0,0.9997982837998483,0.01653061091902393,23.455244299762573,283.70258879672247,1.1876203735785213,0.10578126746871186,22.24861421922366,139.1845780177767,472.7311813340805,True
20260811_184731__rp1__vinf25__inc30__toff59132__Om180__om240,115317.0,0.9997992996794427,0.016531530047314072,23.45530941930398,283.6980066455006,1.0522660508002983,0.044548212455681774,25.020643420515256,151.69529851794704,394.26309684512717,True
20260811_184731__rp1__vinf25__inc30__toff59132__Om180__om255,115317.0,0.9997983805751758,0.01653056414758602,23.455244360478066,283.70229116182816,0.9580410690761348,0.04873366576276615,29.467453646411503,165.1284561031861,342.51057150273357,True
20260811_184731__rp1__vinf25__inc30__toff59132__Om180__om270,115317.0,0.9997965919110074,0.01652888004580113,23.455303670277836,283.70924481791513,1.193685508897959,0.28781440048346224,27.421664673158162,155.33920216088944,476.35713309040386,True
20260811_184731__rp1__vinf25__inc30__toff59132__Om180__om285,115317.0,0.9998033142904039,0.016525717864550378,23.455288683113192,283.70270781074936,1.2924983842198807,0.34958823132949474,21.014281280631085,169.08455292140135,536.7138514183815,True
20260811_184731__rp1__vinf25__inc30__toff59132__Om180__om30,115317.0,0.9997947201194499,0.01652723759020491,23.455364756599725,283.7164547082858,0.8966709602436571,0.13217067966349894,25.099680833043973,269.0480046732186,310.13261967154125,True
20260811_184731__rp1__vinf25__inc30__toff59132__Om180__om300,115317.0,0.9998038878585481,0.016526245594601138,23.455281552143898,283.7004158698927,1.1701727691821662,0.2593498698069645,19.12348023421829,181.49296889673002,462.35203305620115,True
20260811_184731__rp1__vinf25__inc30__toff59132__Om180__om315,115317.0,0.9998039175776021,0.016526245955718562,23.45528019008281,283.7002916311897,1.083838875739662,0.17799987842198067,19.913081345335957,189.40421275602412,412.1401046833335,True
20260811_184731__rp1__vinf25__inc30__toff59132__Om180__om330,115317.0,0.9997892326509759,0.01653165899038025,23.45528790124125,283.71843975633703,1.012560472520885,0.13212983148691476,21.528256118640904,205.54270802497734,372.1596160560141,True
20260811_184731__rp1__vinf25__inc30__toff59132__Om180__om345,115317.0,0.9997960037083116,0.01652845891621107,23.455272063196855,283.7117852023745,0.9556987439107736,0.11975233254275797,22.976601285489913,228.1685227101823,341.25522778126503,True
20260811_184731__rp1__vinf25__inc30__toff59132__Om180__om45,115317.0,0.9997983933682413,0.016530551472518414,23.455243464856068,283.70226503288234,0.8972625003523346,0.12862148832195314,25.350726490098324,276.75941796965594,310.4395652711039,True
20260811_184731__rp1__vinf25__inc30__toff59132__Om180__om60,115317.0,0.9997960730517682,0.01652842530259973,23.455272248170306,283.7115722354125,0.9001054286604165,0.12147949881608616,25.428390751337947,286.84843064326583,311.9161501216887,True
20260811_184731__rp1__vinf25__inc30__toff59132__Om180__om75,115317.0,0.999803637874171,0.01652591677619154,23.455303914580035,283.7013408704509,0.9064129432751997,0.10750516704672163,25.346170492398144,300.37216229384853,315.20052928149886,True
20260811_184731__rp1__vinf25__inc30__toff59132__Om180__om90,115317.0,0.9997988524555423,0.016531046753976528,23.4552753885605,283.70009758431934,0.9138427671679139,0.09282855841586876,25.07720087782056,312.9766097743212,319.0839860163802,True
20260811_184731__rp1__vinf25__inc30__toff59132__Om270__om0,115317.0,0.9997960386201225,0.01652846024616893,23.45527188801289,283.7116384830774,0.9143156294199766,0.10832654072702647,25.12094195517994,320.9610343928219,319.3316800852637,True
20260811_184731__rp1__vinf25__inc30__toff59132__Om270__om105,115317.0,0.9998020789569302,0.01652934644083622,23.455261425276937,283.6974443930823,1.2967825927671404,0.17369751457757246,23.981731372163107,158.16110926053076,539.3846073135585,True
20260811_184731__rp1__vinf25__inc30__toff59132__Om270__om120,115317.0,0.9997994944313543,0.016530441883602694,23.455259236917666,283.70020286656563,1.3417933021427064,0.1934948349962787,23.500533569707947,161.91943076895961,567.7095759902492,True
20260811_184731__rp1__vinf25__inc30__toff59132__Om270__om135,115317.0,0.9997940547225721,0.016526530508799295,23.455315018829864,283.7195335576911,1.2396466434001667,0.152272231679262,23.876041246294154,167.54062093607106,504.1324506395993,True
20260811_184731__rp1__vinf25__inc30__toff59132__Om270__om15,115317.0,0.9997960603596096,0.016528436420002648,23.455272152547916,283.71160048084823,0.9242220532325714,0.09673539057807864,25.244610090637014,333.0490952739808,324.535553190224,True
20260811_184731__rp1__vinf25__inc30__toff59132__Om270__om150,115317.0,0.9997985477042222,0.016530817565805465,23.455260326089707,283.70145185347866,1.047189345861124,0.10879178237540332,26.899889482467966,206.9371617835367,391.41333088448215,True
20260811_184731__rp1__vinf25__inc30__toff59132__Om270__om165,115317.0,0.9997964596105665,0.016528947770806452,23.455304798365592,283.7096446159461,1.0152493913922749,0.2594531306314935,30.984373861186675,218.2254741795097,373.6430401702122,True
20260811_184731__rp1__vinf25__inc30__toff59132__Om270__om180,115317.0,0.9997989049713281,0.01653100767611308,23.455274790990487,283.6999650099666,1.0354258590759509,0.4669130333733229,29.083656222793195,220.38846534631787,384.8365395861087,True
20260811_184731__rp1__vinf25__inc30__toff59132__Om270__om195,115317.0,0.9997960767624077,0.01652843598407855,23.45527169044553,283.71153351591977,0.8138402527992828,0.7465588685371576,24.242761651605132,270.9323078564224,268.16774492736255,True
20260811_184731__rp1__vinf25__inc30__toff59132__Om270__om210,115317.0,0.9998036448011325,0.016526011674310857,23.45526601138454,283.7015263267274,3.1175667938670792,0.6189310542758221,43.79537414181276,128.7921112516841,2010.5803829810375,True
20260811_184731__rp1__vinf25__inc30__toff59132__Om270__om225,115317.0,0.9997895705169134,0.0165319497741363,23.455264333739933,283.71723373060286,1.3727124950470342,0.19799473069715257,19.92799427367053,69.32382544409907,587.4449444626534,True
20260811_184731__rp1__vinf25__inc30__toff59132__Om270__om240,115317.0,0.999798173186183,0.016530448134152706,23.455323033613453,283.70256038707424,0.9957877287730866,0.03405349432383309,21.810853436233472,243.59533808915833,362.95095671664,True
20260811_184731__rp1__vinf25__inc30__toff59132__Om270__om255,115317.0,0.9997960301446689,0.016528445379322586,23.45527276124804,283.711706083372,0.899138813610688,0.1059694132980769,23.060314994967793,248.99537066148207,311.41383915525466,True
20260811_184731__rp1__vinf25__inc30__toff59132__Om270__om270,115317.0,0.9997965788660217,0.0165289034579053,23.45530367031026,283.7092481420088,0.8697595761772332,0.12888585459429439,23.900413455627987,256.13270016131423,296.2760998427686,True
20260811_184731__rp1__vinf25__inc30__toff59132__Om270__om285,115317.0,0.9997939975716804,0.016526537259201682,23.45531598281969,283.7197551303447,0.8662610593349479,0.13555688658337547,24.25516168190381,266.7392392497404,294.4902892747676,True
20260811_184731__rp1__vinf25__inc30__toff59132__Om270__om30,115317.0,0.9998046824629939,0.0165269274969631,23.45532960456304,283.6968593229648,0.9401350929728991,0.07924896137790892,25.371727508829846,349.2050768020165,332.9531949015024,True
20260811_184731__rp1__vinf25__inc30__toff59132__Om270__om300,115317.0,0.9997986603367698,0.01653077285961173,23.455259534668468,283.7010838192764,0.874282431836828,0.13483228657731602,24.506221628655815,277.67137313998586,298.59010929526215,True
20260811_184731__rp1__vinf25__inc30__toff59132__Om270__om315,115317.0,0.9997994603455482,0.01653043489867617,23.45525967543231,283.70035852746844,0.8858237165242638,0.13017160269795028,24.69139932965829,288.778465797241,304.5220507673892,True
20260811_184731__rp1__vinf25__inc30__toff59132__Om270__om330,115317.0,0.9997986191763505,0.01653081198968276,23.45525972231469,283.7011692122988,0.8967889892962433,0.1250029870218176,24.856639943314224,299.1196452801213,310.1938559534823,True
20260811_184731__rp1__vinf25__inc30__toff59132__Om270__om345,115317.0,0.9997983897563005,0.016530554425824916,23.455243295929254,283.70227340657345,0.9061806743728775,0.11889747677669893,24.99956768426378,310.47860734301236,315.07938153446884,True
20260811_184731__rp1__vinf25__inc30__toff59132__Om270__om45,115317.0,0.9997896017675748,0.016531943438615436,23.45526428680714,283.71711870116104,0.9654127380227129,0.05799177514210299,25.420803374953497,13.398016891941152,346.4713493978705,True
20260811_184731__rp1__vinf25__inc30__toff59132__Om270__om60,115317.0,0.9997972053560161,0.01652950470709763,23.45525856082145,283.70699831772885,1.0104412560466496,0.0422721780482177,25.334584648513875,64.5644108125141,370.9918724982262,True
20260811_184731__rp1__vinf25__inc30__toff59132__Om270__om75,115317.0,0.9997965195560661,0.016528923968514075,23.45530464549015,283.70944895165536,1.0820233497334566,0.06848893957330277,25.084242937360965,123.8115600809177,411.1049817594792,True
20260811_184731__rp1__vinf25__inc30__toff59132__Om270__om90,115317.0,0.9997988655005876,0.01653102334196925,23.455275388526527,283.70009424724316,1.186632346700546,0.12224010157985155,24.62590021219309,147.67954209053391,472.1413792813249,True
20260811_184731__rp1__vinf25__inc30__toff59132__Om90__om0,115317.0,0.9997984144372383,0.016530541589951715,23.455243413895158,283.7021995361918,0.530951059137166,0.7196423172080547,16.505477805020146,208.46124464664183,141.31215765373898,True
20260811_184731__rp1__vinf25__inc30__toff59132__Om90__om105,115317.0,0.9997940026213459,0.016526535253125325,23.455316320678868,283.71973893684174,0.8721928642168904,0.13262019832449073,24.454860737761145,256.7911168770731,297.5202869149856,True
20260811_184731__rp1__vinf25__inc30__toff59132__Om90__om120,115317.0,0.9997986514997731,0.016530776367514446,23.455258943414627,283.70111215452795,0.8637061726763482,0.13480856012600556,24.247929224984354,268.5801683884263,293.1884283583066,True
20260811_184731__rp1__vinf25__inc30__toff59132__Om90__om135,115317.0,0.999799473601065,0.016530429636985124,23.455260562313114,283.70031602343283,0.8697988736309028,0.12956285123559097,23.961542563332415,279.1276245552404,296.29617957768124,True
20260811_184731__rp1__vinf25__inc30__toff59132__Om90__om15,115317.0,0.9997960792872509,0.016528434981386876,23.455271859375316,283.71152541960697,-5.60452995957182,1.1445109187204692,11.929084228898446,159.30283838682865,,False
20260811_184731__rp1__vinf25__inc30__toff59132__Om90__om150,115317.0,0.9997986128642103,0.0165308144953359,23.4552592999905,283.7011894517031,0.880455640740177,0.12271683170690999,23.661034670403428,291.75775042378916,301.7581514445895,True
20260811_184731__rp1__vinf25__inc30__toff59132__Om90__om165,115317.0,0.9997988929146527,0.016531015500157592,23.455275517672373,283.69999840120954,0.8927998650512443,0.11455628626897475,23.331029531084976,305.0224841309372,308.12643859757037,True
20260811_184731__rp1__vinf25__inc30__toff59132__Om90__om180,115317.0,0.9997965291536479,0.01652892623578796,23.45530326544418,283.7094034278591,0.9040847580056183,0.11004316447887962,22.99711612442746,319.6042309397043,313.98688742073506,True
20260811_184731__rp1__vinf25__inc30__toff59132__Om90__om195,115317.0,0.9997960578347664,0.016528437422697446,23.45527198361815,283.7116085771558,0.9150004051060747,0.10411154179853101,22.705959626272083,333.8908963896395,319.69049191366406,True
20260811_184731__rp1__vinf25__inc30__toff59132__Om90__om210,115317.0,0.999803681186299,0.016526003310403495,23.45526549832393,283.70139411423486,0.9305917395863391,0.09798472522404206,22.418121845030353,348.6603763144206,327.89634836159195,True
20260811_184731__rp1__vinf25__inc30__toff59132__Om90__om225,115317.0,0.999789596717954,0.016531945444453557,23.45526394894772,283.71713488955277,0.949474346766329,0.08710111693153738,22.06547994399877,3.6827140508250604,337.9268058679371,True
20260811_184731__rp1__vinf25__inc30__toff59132__Om90__om240,115317.0,0.9997982066296046,0.016530428780962333,23.45532266712339,283.7024640709923,0.9777041389867257,0.07239594544038368,21.67397142854652,22.722245765722484,353.10914959528463,True
20260811_184731__rp1__vinf25__inc30__toff59132__Om90__om255,115317.0,0.9997960214480215,0.016528460987407907,23.45527276127086,283.71170829734876,1.0224291754685704,0.05659468170519568,21.28902773460469,53.28369563227803,377.613611927807,True
20260811_184731__rp1__vinf25__inc30__toff59132__Om90__om270,115317.0,0.9997988768624454,0.016531018831989215,23.455276148709316,283.7000578164878,1.0853080450779145,0.057687387089506256,20.976606135718168,102.96577547879491,412.9783871518605,True
20260811_184731__rp1__vinf25__inc30__toff59132__Om90__om285,115317.0,0.9998020739071831,0.016529348445053573,23.45526108741751,283.6974605865506,1.163557294025523,0.09072224402292646,20.84771030393221,135.46692383202594,458.43677619368066,True
20260811_184731__rp1__vinf25__inc30__toff59132__Om90__om30,115317.0,0.9998046460777542,0.016526935858171343,23.455330117624552,283.69699153012346,2.447239582974421,0.6802165640137458,18.679627195701254,187.4565164104762,1398.339169958662,True
20260811_184731__rp1__vinf25__inc30__toff59132__Om90__om300,115317.0,0.9997995032683659,0.016530438375830375,23.455259828171535,283.7001745305247,1.2320792287301265,0.12650799708946583,21.030479740593538,149.14195317684803,499.5232929532085,True
20260811_184731__rp1__vinf25__inc30__toff59132__Om90__om315,115317.0,0.9997940414671993,0.016526535774707626,23.4553141319496,283.7195760657036,1.2379765031467356,0.13170910552673237,21.56557090038057,158.36694338613174,503.11398915077604,True
20260811_184731__rp1__vinf25__inc30__toff59132__Om90__om330,115317.0,0.9997985540163613,0.016530815060125006,23.455260748413913,283.7014316141176,1.1095300939136294,0.07352791188523682,22.22262150655969,188.11450509868106,426.88060123879,True
20260811_184731__rp1__vinf25__inc30__toff59132__Om90__om345,115317.0,0.9997959564528965,0.01652848679712017,23.455272576286,283.71192015668544,0.8269750295950264,0.195295336147582,22.06232140575558,302.6987249507134,274.68591120731315,True
20260811_184731__rp1__vinf25__inc30__toff59132__Om90__om45,115317.0,0.9997895755665342,0.01653194776828995,23.455264671599362,283.7172175422271,1.6054858847389373,0.42066873772583635,20.752436542824295,173.7689164436768,743.0320171130511,True
20260811_184731__rp1__vinf25__inc30__toff59132__Om90__om60,115317.0,0.9997971719126613,0.016529524062240075,23.455258927312965,283.7070946343612,1.2218419433055938,0.19241505974816742,22.179516205753956,156.98832252283637,493.3104717918653,True
20260811_184731__rp1__vinf25__inc30__toff59132__Om90__om75,115317.0,0.999796528252722,0.01652890836044283,23.45530464546854,283.7094467357864,1.0039942052096482,0.08971945585809911,23.751503965461364,198.05810461216674,367.4469100424426,True
20260811_184731__rp1__vinf25__inc30__toff59132__Om90__om90,115317.0,0.9997965675042162,0.016528907969615748,23.455302910127656,283.70928457496325,0.9063908364233858,0.11200595478796813,24.40686351990262,241.9428695823732,315.1889980324851,True
20260811_184731__rp1__vinf25__inc60__toff59132__Om0__om0,115317.0,0.9997982266794503,0.01653041474460199,23.45532186714169,283.7024110833669,1.163782284217396,0.10646361107275068,24.79693816957172,118.11370955040967,458.56975043312974,True
20260811_184731__rp1__vinf25__inc60__toff59132__Om0__om105,115317.0,0.999804162415891,0.016526473096067612,23.455297293865296,283.6991897645415,1.4009463894311767,0.46305302922495517,27.177041225586002,164.7567869391623,605.6616352532596,True
20260811_184731__rp1__vinf25__inc60__toff59132__Om0__om120,115317.0,0.9998042085573426,0.016526499048907482,23.455277394109356,283.69915227926805,1.1689645770903034,0.30042203386777555,29.377774992321527,178.89600740148742,461.6361569009817,True
20260811_184731__rp1__vinf25__inc60__toff59132__Om0__om135,115317.0,0.9998042265814964,0.01652650405182015,23.455277157926833,283.6990671296337,1.100496951789873,0.16320696294311102,27.97426674517114,176.59474135357408,421.67810964899536,True
20260811_184731__rp1__vinf25__inc60__toff59132__Om0__om15,115317.0,0.9997960359636598,0.01652844306864544,23.455272687952025,283.71168704132583,1.2593813164713772,0.14618252909854665,25.232613306066142,135.10383275205027,516.2186127990416,True
20260811_184731__rp1__vinf25__inc60__toff59132__Om0__om150,115317.0,0.9997906810999799,0.01653293698931266,23.45528926515271,283.712530361765,1.011871001936418,0.11018501048720396,25.343890863290085,199.97915604452626,371.7795655351481,True
20260811_184731__rp1__vinf25__inc60__toff59132__Om0__om165,115317.0,0.9997982593854075,0.016530407839963977,23.45532180188296,283.70229127698826,0.9346885667040555,0.11520101377426031,23.653127185313572,230.57728984381976,330.06402079313017,True
20260811_184731__rp1__vinf25__inc60__toff59132__Om0__om180,115317.0,0.9997972200691196,0.016529514060660524,23.45525703420004,283.7069163766307,0.8942571780976607,0.13225445022751334,22.720621462949566,247.75852349865886,308.88117639513894,True
20260811_184731__rp1__vinf25__inc60__toff59132__Om0__om195,115317.0,0.9997960163983356,0.016528462992806862,23.455272423411287,283.71172448992604,0.8770345204107345,0.140785218084975,22.25018594224364,258.9602878025763,300.0010825766415,True
20260811_184731__rp1__vinf25__inc60__toff59132__Om0__om210,115317.0,0.9997960852332917,0.016528419705767405,23.455272101576856,283.711534012847,0.8763873815391293,0.14070600158243218,22.027527414500682,267.93426707089134,299.6691004138498,True
20260811_184731__rp1__vinf25__inc60__toff59132__Om0__om225,115317.0,0.9997983685535518,0.01653056132186047,23.455244580350914,283.7023468954367,0.8812293475047223,0.13516734656653667,21.944068901232853,277.33113203028324,302.1559970533075,True
20260811_184731__rp1__vinf25__inc60__toff59132__Om0__om240,115317.0,0.9997960272691451,0.016528443482699953,23.455272423382777,283.71172172247407,0.887974018537965,0.12607879949442918,21.95821347786116,287.2751197512481,305.6315462405804,True
20260811_184731__rp1__vinf25__inc60__toff59132__Om0__om255,115317.0,0.9998042296510454,0.016526544060540074,23.45525752713629,283.6991769359668,0.8965211701329416,0.11819649794070111,22.06113259974252,299.21948462588506,310.0549107994607,True
20260811_184731__rp1__vinf25__inc60__toff59132__Om0__om270,115317.0,0.9997960469979279,0.016528453880837683,23.455271609133394,283.71161746279995,0.9060784488005322,0.10858020367602947,22.280231844826822,311.2829329329532,315.0260672297741,True
20260811_184731__rp1__vinf25__inc60__toff59132__Om0__om285,115317.0,0.999804146289021,0.016526473418746034,23.45529684919292,283.69925508703886,0.9826128333478613,0.14570612802466776,22.90185485351223,345.32269653419786,355.77173213557,True
20260811_184731__rp1__vinf25__inc60__toff59132__Om0__om30,115317.0,0.999798373191339,0.01653057847495419,23.455243949344844,283.70229039645943,1.3027988228996785,0.16294518618570636,25.263090614149668,144.89563967450968,543.1425496079823,True
20260811_184731__rp1__vinf25__inc60__toff59132__Om0__om300,115317.0,0.9997903161993732,0.01653270117594244,23.455293704020637,283.71393805155463,0.9330464755973632,0.08235875551923075,22.575259427353977,347.553539564482,329.19460220698915,True
20260811_184731__rp1__vinf25__inc60__toff59132__Om0__om315,115317.0,0.9998042461348409,0.016526484135232892,23.455276669875246,283.6990290789988,0.9595338249358807,0.07034244637228951,23.086623802870978,14.107486811992896,343.3113990296929,True
20260811_184731__rp1__vinf25__inc60__toff59132__Om0__om330,115317.0,0.9997906547065588,0.016532941393120393,23.455289752733865,283.7126299102359,1.0034042070021276,0.0631306867479464,23.607626247474457,48.59356177215566,367.1230618104804,True
20260811_184731__rp1__vinf25__inc60__toff59132__Om0__om345,115317.0,0.9997981983855164,0.016530438131842917,23.45532171254403,283.7024770999086,1.071189229135579,0.07504771026940148,24.19976109655075,89.06013115816798,404.94597454053365,True
20260811_184731__rp1__vinf25__inc60__toff59132__Om0__om45,115317.0,0.9997959973107433,0.01652847285137042,23.455272643303605,283.7117820310696,1.2283659522743013,0.1270518095057843,24.527173175629965,152.103779676171,497.2667783887552,True
20260811_184731__rp1__vinf25__inc60__toff59132__Om0__om60,115317.0,0.9997960250928505,0.016528462578751922,23.455272687980568,283.7116898088195,1.0157341712325707,0.019994681666885374,21.693629655221457,187.60352143263813,373.9106929794975,True
20260811_184731__rp1__vinf25__inc60__toff59132__Om0__om75,115317.0,0.9997971781502897,0.016529518547289918,23.455258273925786,283.70708028496347,0.8364240456865658,0.04372404376329085,13.743634691095746,318.0585519031248,279.4071751904684,True
20260811_184731__rp1__vinf25__inc60__toff59132__Om0__om90,115317.0,0.9997960753596833,0.016528424386764662,23.45527101470359,283.71156368704953,1.7675632439501254,0.550529994635933,20.430248964257036,129.19829722225182,858.3417421167693,True
20260811_184731__rp1__vinf25__inc60__toff59132__Om180__om0,115317.0,0.9997982289173001,0.016530435129170958,23.45532164729053,283.70235784931236,0.996464687843726,0.1037737673330404,22.624912057772406,227.81707606261554,363.3211330440687,True
20260811_184731__rp1__vinf25__inc60__toff59132__Om180__om105,115317.0,0.9998041551261149,0.01652646991108231,23.455297440446355,283.69922674380473,0.9522944075325771,0.03656625978379173,24.925633503227825,299.1976997228796,339.43345224706695,True
20260811_184731__rp1__vinf25__inc60__toff59132__Om180__om120,115317.0,0.9997900665139824,0.016532469956045046,23.455277719640986,283.71506956639354,0.9750592858461132,0.011328978839066991,24.539229396743018,31.843608364222387,351.67729012368534,True
20260811_184731__rp1__vinf25__inc60__toff59132__Om180__om135,115317.0,0.9998042505533886,0.016526482381421615,23.455276965502254,283.69901490736413,1.011985709917637,0.04217905759034865,23.805143032950877,98.03263168997289,371.84278598310635,True
20260811_184731__rp1__vinf25__inc60__toff59132__Om180__om15,115317.0,0.9997960214480215,0.016528460987407907,23.45527276127086,283.71170829734876,0.9709144947106432,0.10948115708622377,23.68358254412067,243.867145475219,349.4373051131203,True
20260811_184731__rp1__vinf25__inc60__toff59132__Om180__om150,115317.0,0.9997906534441506,0.016532941894488555,23.45528966826915,283.7126339572212,1.062739515447857,0.07634986940775236,22.750598220458457,106.85351706654687,400.1640169733923,True
20260811_184731__rp1__vinf25__inc60__toff59132__Om180__om165,115317.0,0.9997982084849321,0.016530434122551372,23.45532238826078,283.702444716458,1.1163995225207184,0.10298932285733767,21.689224208380598,111.15909240200563,430.8511470166323,True
20260811_184731__rp1__vinf25__inc60__toff59132__Om180__om180,115317.0,0.9997972178312747,0.016529493677211057,23.455257254047112,283.7069696188253,1.1641588990527618,0.11754098632694106,20.931779369482026,113.00438927410143,458.7923669976346,True
20260811_184731__rp1__vinf25__inc60__toff59132__Om180__om195,115317.0,0.9997960309139736,0.01652844507404265,23.455272350092464,283.711703233924,1.1845894300178272,0.11868542571153383,20.802023670389936,109.48713059078503,470.92264008044657,True
20260811_184731__rp1__vinf25__inc60__toff59132__Om180__om210,115317.0,0.9997983782410489,0.01653057647034461,23.45524428720452,283.70227420482985,1.1674984543092177,0.10389877294187017,21.475660064186034,110.28966923602736,460.7679487808484,True
20260811_184731__rp1__vinf25__inc60__toff59132__Om180__om225,115317.0,0.999796002360429,0.016528470845966724,23.455272981163144,283.71176583850865,1.1159641713496269,0.07477574610867979,22.963327330694813,112.57266937316383,430.5991495102334,True
20260811_184731__rp1__vinf25__inc60__toff59132__Om180__om240,115317.0,0.9997960200431646,0.0165284645841493,23.455272350120993,283.7117060013975,1.0536791758905293,0.046812906353175726,24.889040917245847,133.82964233691789,395.0575680966596,True
20260811_184731__rp1__vinf25__inc60__toff59132__Om180__om255,115317.0,0.9997971680508951,0.01652952255731445,23.455257598206558,283.70711266914367,1.0135503217041366,0.056838242868728094,26.28725749873274,164.26801763130808,372.7054677613799,True
20260811_184731__rp1__vinf25__inc60__toff59132__Om180__om270,115317.0,0.9997960804093695,0.01652842238137907,23.455271352563155,283.7115474944143,1.0251890405515378,0.0969138710703483,25.826028624752755,159.46469705240918,379.1435940737935,True
20260811_184731__rp1__vinf25__inc60__toff59132__Om180__om285,115317.0,0.9998041535787972,0.016526476603725852,23.455296702611857,283.6992181077772,1.085810905267047,0.14737092129019247,23.43746755616537,150.44585559500334,413.26544082866735,True
20260811_184731__rp1__vinf25__inc60__toff59132__Om180__om30,115317.0,0.9997960801836052,0.016528421711151934,23.45527176371732,283.71155020548656,0.9529580791286552,0.1134385511287265,24.605568733241522,255.69584842883816,339.7883502446678,True
20260811_184731__rp1__vinf25__inc60__toff59132__Om180__om300,115317.0,0.9998044582444224,0.016526730349465377,23.455293378373973,283.6980206251757,1.1327315949290013,0.16909369847537667,21.02727068282936,150.04538222682746,440.34017617608623,True
20260811_184731__rp1__vinf25__inc60__toff59132__Om180__om315,115317.0,0.9998042221629488,0.016526505805635184,23.455276862299826,283.69908130124395,1.1204204731782335,0.15090347965501416,20.105793384684397,160.11565636968822,433.1809449466175,True
20260811_184731__rp1__vinf25__inc60__toff59132__Om180__om330,115317.0,0.9997906823623879,0.016532936487946615,23.455289349617434,283.7125263147754,1.0754351573349001,0.12177675177065066,20.50429617576231,179.82707955629277,407.35601678929964,True
20260811_184731__rp1__vinf25__inc60__toff59132__Om180__om345,115317.0,0.9997982492859906,0.016530411849230115,23.455321126166243,283.7023236605288,1.0318618220281854,0.10530957521324924,21.494542184064258,204.6018627889405,382.8512829062581,True
20260811_184731__rp1__vinf25__inc60__toff59132__Om180__om45,115317.0,0.9997983635038422,0.0165305633264761,23.455244242491275,283.7023630870721,0.9400934756405658,0.1107303625758155,25.323296387831242,263.49601676012867,332.93108668984706,True
20260811_184731__rp1__vinf25__inc60__toff59132__Om180__om60,115317.0,0.999796032318831,0.016528441477301262,23.455272761242348,283.7117055298773,0.9341327243251405,0.10266377951729898,25.784959606579147,271.03238271797784,329.7696399179501,True
20260811_184731__rp1__vinf25__inc60__toff59132__Om180__om75,115317.0,0.9998042397505829,0.01652654005181629,23.45525820285581,283.69914454379807,0.933500610884891,0.08661829961989652,25.934288498474917,277.4634841492207,329.4349713829654,True
20260811_184731__rp1__vinf25__inc60__toff59132__Om180__om90,115317.0,0.999796041948242,0.016528455886228997,23.455271271273833,283.7116336553951,0.939657406716864,0.06236369811256554,25.736244042965083,284.6981771716722,332.6994649405652,True
20260811_184731__rp1__vinf25__inc60__toff59132__Om270__om0,115317.0,0.9997970442414738,0.016529376419462012,23.45533599464161,283.707102600127,0.9333502203295566,0.10166777511979308,25.462919836340657,323.8816823016984,329.3553647192426,True
20260811_184731__rp1__vinf25__inc60__toff59132__Om270__om105,115317.0,0.999798801423388,0.016531054852062587,23.455276943806776,283.7002914649355,1.208298962908314,0.1457141907789943,25.204771786834947,181.73265040978325,485.1314104118252,True
20260811_184731__rp1__vinf25__inc60__toff59132__Om270__om120,115317.0,0.9997995125699728,0.016530416829624254,23.455259595859097,283.7001823948674,1.2296473400289962,0.1639264005620541,24.30455997977901,186.88152348487824,498.0450778497033,True
20260811_184731__rp1__vinf25__inc60__toff59132__Om270__om135,115317.0,0.9997940541088827,0.01652652543553947,23.455314723193837,283.7195467617162,1.170611359676561,0.15939573618516167,23.701515651959024,198.777803261843,462.6119974975109,True
20260811_184731__rp1__vinf25__inc60__toff59132__Om270__om15,115317.0,0.9997960607102907,0.016528439319329187,23.455272321483402,283.7115929380608,0.9431263251313846,0.089240520054672,25.733461811480357,328.95697882040355,334.5434962667287,True
20260811_184731__rp1__vinf25__inc60__toff59132__Om270__om150,115317.0,0.9998005635765889,0.016530306991987244,23.45527660647945,283.6983278076903,1.0671855603610914,0.18765373139627203,24.043520200385522,220.45908234249683,402.67781268825223,True
20260811_184731__rp1__vinf25__inc60__toff59132__Om270__om165,115317.0,0.9997969634768096,0.01652941456258756,23.455337358653644,283.7073540980231,0.9825149472007526,0.29437879701250286,24.949791761101846,228.27636922157447,355.7185714364496,True
20260811_184731__rp1__vinf25__inc60__toff59132__Om270__om180,115317.0,0.9997948746409953,0.016532040517669534,23.455242905979894,283.7061823961017,0.9110397114840979,0.4511097612304743,26.661195644796543,220.95339098965437,317.6170094215464,True
20260811_184731__rp1__vinf25__inc60__toff59132__Om270__om195,115317.0,0.9997960767624077,0.01652843598407855,23.45527169044553,283.71153351591977,1.1200382384089118,0.6853346044734955,39.7237083262255,182.69083172697526,432.9592924063826,True
20260811_184731__rp1__vinf25__inc60__toff59132__Om270__om210,115317.0,0.9997965890220465,0.016528987954778352,23.455266009183187,283.70944284971233,-2.4367337944427407,1.506429119769538,21.31168121550061,104.50689046288953,,False
20260811_184731__rp1__vinf25__inc60__toff59132__Om270__om225,115317.0,0.9997966457413535,0.016528959356704963,23.45526534950775,283.7092703656332,1.3017337776048843,0.19162533453791053,20.94535326036612,78.82445226075131,542.4766526582594,True
20260811_184731__rp1__vinf25__inc60__toff59132__Om270__om240,115317.0,0.9998042226440113,0.01652654988007588,23.455258591679524,283.69919414051486,0.9848310775870524,0.012361742245506143,21.800314056984824,237.1744347086352,356.9771415275041,True
20260811_184731__rp1__vinf25__inc60__toff59132__Om270__om255,115317.0,0.9997960102966068,0.01652845630024555,23.45527157874527,283.7117633109106,0.9082353222912737,0.07266309905407992,22.89778392281681,253.5832270608384,316.15159158527354,True
20260811_184731__rp1__vinf25__inc60__toff59132__Om270__om270,115317.0,0.9997996032399934,0.016526951358463722,23.455271280383485,283.7075733744492,0.8879174823502083,0.09375028140730439,23.692143994461418,264.5148116601175,305.6023579415727,True
20260811_184731__rp1__vinf25__inc60__toff59132__Om270__om285,115317.0,0.9997942300045558,0.016526784422624976,23.455331249439627,283.7186592467364,0.8882045842357799,0.10235377005554672,24.21802163834436,277.45181188243396,305.75059148862636,True
20260811_184731__rp1__vinf25__inc60__toff59132__Om270__om30,115317.0,0.9997966203570076,0.01652898159085646,23.455265158263206,283.7093268578338,0.9580730568989496,0.07060610788131844,25.997816147217854,333.83188651738686,342.5277256612762,True
20260811_184731__rp1__vinf25__inc60__toff59132__Om270__om300,115317.0,0.9997988937782597,0.01653102845339514,23.45527528664059,283.69996680100996,0.896947980831725,0.10812433920185151,24.536141307488304,289.609074417728,310.2763509169838,True
20260811_184731__rp1__vinf25__inc60__toff59132__Om270__om315,115317.0,0.9997994606874722,0.01653044046103179,23.45525997107013,283.70034540226357,0.905406145764393,0.11024825884815774,24.777303481895757,301.0835760275779,314.67551200516334,True
20260811_184731__rp1__vinf25__inc60__toff59132__Om270__om330,115317.0,0.9998006343476368,0.016530295620409127,23.45527566483258,283.6980602355694,0.9167625631806742,0.1128119714632146,24.991781426811084,310.0178377504815,320.61445269308547,True
20260811_184731__rp1__vinf25__inc60__toff59132__Om270__om345,115317.0,0.9997993779854358,0.01653150200983824,23.455307401929183,283.6977430333102,0.9249599934481368,0.1075427513626377,25.236979304228488,316.92712431642354,324.9243163126767,True
20260811_184731__rp1__vinf25__inc60__toff59132__Om270__om45,115317.0,0.9997966581964138,0.01652897264420429,23.45526462687887,283.7091899130362,0.9814621122717443,0.043012219875296485,26.23025096292027,338.7003962518283,355.14695785839575,True
20260811_184731__rp1__vinf25__inc60__toff59132__Om270__om60,115317.0,0.9997972053560161,0.01652950470709763,23.45525856082145,283.70699831772885,1.0197187430562231,0.0034713903912407915,26.348565508070127,324.8809232543492,376.11304213421084,True
20260811_184731__rp1__vinf25__inc60__toff59132__Om270__om75,115317.0,0.9997960160476544,0.016528460093485426,23.4552722544758,283.71173203272554,1.0718620037417899,0.048111550156382354,26.27158841008447,172.0233473059931,405.32753197265595,True
20260811_184731__rp1__vinf25__inc60__toff59132__Om270__om90,115317.0,0.9997983628682869,0.01653056661818086,23.4552434201861,283.70235794412696,1.141815131255672,0.10099051720674103,25.90921437338586,177.50213185596826,445.64750690610276,True
20260811_184731__rp1__vinf25__inc60__toff59132__Om90__om0,115317.0,0.9997958834880488,0.016532961603443388,23.45530751885066,283.70162454129263,0.9178295254808776,0.21265563933350443,22.494052416186957,263.3633904736108,321.17433001696503,True
20260811_184731__rp1__vinf25__inc60__toff59132__Om90__om105,115317.0,0.9997942388414743,0.01652678091214354,23.455331840692597,283.7186309083099,0.9153631666927794,0.07832502796098421,24.843132397809082,244.24067667934457,319.8806277702484,True
20260811_184731__rp1__vinf25__inc60__toff59132__Om90__om120,115317.0,0.9997986440918245,0.016530797161981706,23.455259302424334,283.70109821733047,0.8889023727936103,0.09138403506837676,24.22760641658191,265.03120196483167,306.1109665057533,True
20260811_184731__rp1__vinf25__inc60__toff59132__Om90__om135,115317.0,0.9997994651059776,0.016530438707134734,23.45526026669708,283.7003312342579,0.8859598059400658,0.09352968896155177,23.584178353729737,278.31638361994817,304.59222921069005,True
20260811_184731__rp1__vinf25__inc60__toff59132__Om90__om15,115317.0,0.9997960818120941,0.01652843397869553,23.455272028305085,283.7115173232927,0.8323358579123015,0.4043489700357388,20.42399057429105,266.3011416476521,277.36119367292616,True
20260811_184731__rp1__vinf25__inc60__toff59132__Om90__om150,115317.0,0.9998006330852036,0.016530296121476686,23.455275580367815,283.6980642836767,0.8932163203265612,0.0938457723100913,23.016861985003068,295.7145065610514,308.342056647281,True
20260811_184731__rp1__vinf25__inc60__toff59132__Om90__om165,115317.0,0.9997993880848756,0.016531498001338952,23.455308077646002,283.69771065081557,0.9038046608160147,0.09638086069303868,22.56906328855898,310.4141536165746,313.8409829048586,True
20260811_184731__rp1__vinf25__inc60__toff59132__Om90__om180,115317.0,0.9997960353939176,0.016528455450216653,23.455271381212107,283.7116616649465,0.9150517048397713,0.09596346742826821,22.21051978705247,319.6020648967644,319.71737758531225,True
20260811_184731__rp1__vinf25__inc60__toff59132__Om90__om195,115317.0,0.9997960556606045,0.016528441324718642,23.455271983623838,283.71160913067405,0.9270742543161506,0.09983329281525635,21.88617995229119,332.1804403416437,326.03901401613956,True
20260811_184731__rp1__vinf25__inc60__toff59132__Om90__om210,115317.0,0.9997966254066996,0.016528979585658098,23.455265496122795,283.7093106654777,0.9388173818217131,0.09768189640045705,21.59343293183917,340.30450658664404,332.2534299902608,True
20260811_184731__rp1__vinf25__inc60__toff59132__Om90__om225,115317.0,0.9997966632461063,0.016528970639017274,23.455264964738454,283.70917372065543,0.9518341660849594,0.09190691535923842,21.2963120629345,346.81692115761336,339.1874110039408,True
20260811_184731__rp1__vinf25__inc60__toff59132__Om90__om240,115317.0,0.9997972003063182,0.016529506712102512,23.45525822296186,283.70701450984603,0.9674101141180507,0.07650325325776473,20.987958407211817,352.31536440374464,347.5471453504965,True
20260811_184731__rp1__vinf25__inc60__toff59132__Om90__om255,115317.0,0.9997960059482829,0.01652846410428844,23.455271578756662,283.71176441787077,0.9919281369580019,0.05485629260123008,20.68617898849037,357.8358023146329,360.84285038715194,True
20260811_184731__rp1__vinf25__inc60__toff59132__Om90__om270,115317.0,0.9997983679179964,0.016530564613565724,23.45524375804575,283.702341752495,1.0234923963776559,0.022484127172423624,20.4683554712036,6.555223120715138,378.2027838560411,True
20260811_184731__rp1__vinf25__inc60__toff59132__Om90__om285,115317.0,0.9997987925863888,0.016531058359858134,23.455276352553444,283.7003197998566,1.0660975531642414,0.02020125923510826,20.427983804725542,161.596481244076,402.0621681048518,True
20260811_184731__rp1__vinf25__inc60__toff59132__Om90__om30,115317.0,0.9997965839723547,0.016528989959987705,23.455265671323584,283.70945904204365,1.1200112269297098,0.5458095958379533,19.02126144045102,235.74764567896625,432.9436302619878,True
20260811_184731__rp1__vinf25__inc60__toff59132__Om90__om300,115317.0,0.9997997622565062,0.016530648125672637,23.455275580068754,283.6990509682885,1.112107177504109,0.06335419312459885,20.695346863194544,173.6743557642371,428.3687251986948,True
20260811_184731__rp1__vinf25__inc60__toff59132__Om90__om315,115317.0,0.9997940496904248,0.016526527190842143,23.455314427567085,283.7195609310595,1.146559249621646,0.09761997615266746,21.29783712828544,179.4685199927761,448.42781566896286,True
20260811_184731__rp1__vinf25__inc60__toff59132__Om90__om330,115317.0,0.9998005648390218,0.016530306490914106,23.455276690944217,283.69832375959305,1.1359432668084486,0.11202223770281157,22.126151677713004,192.14474522754787,442.214269932904,True
20260811_184731__rp1__vinf25__inc60__toff59132__Om90__om345,115317.0,0.9997969533774188,0.016529418572700332,23.45533668293698,283.70738648229934,1.0552275413496468,0.11975605509759435,22.785774588226374,225.3427725517101,395.9286845195148,True
20260811_184731__rp1__vinf25__inc60__toff59132__Om90__om45,115317.0,0.9997966406916611,0.01652896136190007,23.455265011648187,283.70928655801424,2.7466985747302415,0.7214457501464433,22.694143167404874,182.92089700918723,1662.7015191700077,True
20260811_184731__rp1__vinf25__inc60__toff59132__Om90__om60,115317.0,0.99980422769378,0.016526547875711856,23.455258929539283,283.69917794443916,1.9444722500329923,0.4927518118060937,22.940668283917574,147.3016100452605,990.3767008716607,True
20260811_184731__rp1__vinf25__inc60__toff59132__Om90__om75,115317.0,0.9997960203959783,0.016528452289442674,23.455272254464404,283.7117309257492,1.215955523835235,0.18383430528001135,24.503021948775118,137.44976134578448,489.7498654272398,True
20260811_184731__rp1__vinf25__inc60__toff59132__Om90__om90,115317.0,0.9997995981902714,0.016526953363523597,23.45527094252384,283.70758956906406,0.9942272450863284,0.06555979535765667,25.115724710262946,189.2507461139717,362.09812872671506,True
20260811_184731__rp1__vinf25__inc90__toff59132__Om0__om0,115317.0,0.999797839950741,0.01653004698100598,23.45532672359134,283.7039693338185,1.169522344528402,0.11418572521363156,25.741102965140797,110.02598779535055,461.966598473508,True
20260811_184731__rp1__vinf25__inc90__toff59132__Om0__om105,115317.0,0.9998043762964237,0.016526628404217064,23.45529399660798,283.6983543455359,1.1852980030538023,0.24985118908292736,24.5819569026072,159.5354343846972,471.3452333059058,True
20260811_184731__rp1__vinf25__inc90__toff59132__Om0__om120,115317.0,0.9998041347450636,0.016526387798102456,23.455278265718846,283.6994727507802,1.1831652130608001,0.22863030107383803,27.065776459283043,168.47600979949863,470.07361885878373,True
20260811_184731__rp1__vinf25__inc90__toff59132__Om0__om135,115317.0,0.9998041285731591,0.016526402403919782,23.455278434671104,283.69946687846596,1.1166832001733986,0.1747203827073365,26.981957208692375,181.09950162880855,431.0153766720555,True
20260811_184731__rp1__vinf25__inc90__toff59132__Om0__om15,115317.0,0.9997968415528107,0.01652912483541557,23.455262955036364,283.70848812441045,1.2165993391643444,0.12515677100084138,26.032429407267855,119.18287033689202,490.13888072969837,True
20260811_184731__rp1__vinf25__inc90__toff59132__Om0__om150,115317.0,0.9997897692030409,0.016532117117634925,23.455262277125996,283.71643591557734,1.0470147378947385,0.13333825135966867,25.834145366877507,199.5867513149375,391.3154387931365,True
20260811_184731__rp1__vinf25__inc90__toff59132__Om0__om165,115317.0,0.9997978431769579,0.016530051777866206,23.455327230389223,283.7039461563388,0.993074675421425,0.11432740828603896,24.516988865977737,222.68355094821254,361.4686614519604,True
20260811_184731__rp1__vinf25__inc90__toff59132__Om0__om180,115317.0,0.9997968133587364,0.016529154262902506,23.455261941492356,283.7085400267954,0.9574685289758739,0.11537479122604011,23.367975877154997,242.41919363626928,342.20358298923156,True
20260811_184731__rp1__vinf25__inc90__toff59132__Om0__om195,115317.0,0.9997968278064548,0.016529142448607686,23.45526261719996,283.70850653373,0.9341182601189828,0.12002501684555182,22.467004604568512,255.34560832915906,329.76198066760827,True
20260811_184731__rp1__vinf25__inc90__toff59132__Om0__om210,115317.0,0.9997968240717411,0.01652912797842229,23.455261603590795,283.70855220083035,0.9210507214828005,0.12305695353847569,21.804162068239187,263.6780480392585,322.8665930646696,True
20260811_184731__rp1__vinf25__inc90__toff59132__Om0__om225,115317.0,0.999798845215645,0.016530971045820894,23.455391169233277,283.69941941555004,0.9142442591975207,0.11968934717077767,21.366030145203336,270.6271890952804,319.29429092628243,True
20260811_184731__rp1__vinf25__inc90__toff59132__Om0__om240,115317.0,0.9997968386772819,0.016529122938529567,23.455262617171016,283.70850376246915,0.911516522005913,0.1114740482202894,21.14787840525253,277.7547901071239,317.8663886915384,True
20260811_184731__rp1__vinf25__inc90__toff59132__Om0__om255,115317.0,0.9998048791126293,0.016527086612948317,23.45532604986793,283.6960864883033,0.9145351348553362,0.0980539359426611,21.17797013013152,285.8476550723475,319.44668289842025,True
20260811_184731__rp1__vinf25__inc90__toff59132__Om0__om270,115317.0,0.9997968180577488,0.016529149358320464,23.45526211041636,283.708531376411,0.920214424600251,0.08137460908108506,21.47562095073749,297.78004793913306,322.42695762742613,True
20260811_184731__rp1__vinf25__inc90__toff59132__Om0__om285,115317.0,0.9998043907443604,0.016526616591606046,23.455294672315258,283.69832083998324,0.9305738944064453,0.04070128198733272,22.1773982245262,338.7630205083274,327.88691671553977,True
20260811_184731__rp1__vinf25__inc90__toff59132__Om0__om30,115317.0,0.9997968240016657,0.016529149277134992,23.455262617210074,283.70850750367,1.2122923535913102,0.11766003225525509,25.666857286674965,127.58963476916128,487.53841289422036,True
20260811_184731__rp1__vinf25__inc90__toff59132__Om0__om300,115317.0,0.9997900163618356,0.016532349334424806,23.455278092498784,283.71531245736765,0.9555090763250742,0.046124529758583444,22.505771280848744,347.2845059890644,341.1536447602456,True
20260811_184731__rp1__vinf25__inc90__toff59132__Om0__om315,115317.0,0.9998041303265166,0.016526389551947247,23.45527797009184,283.6994869224481,0.9906991803167464,0.045629287838084225,23.23048950872125,42.6858720036888,360.17245479779456,True
20260811_184731__rp1__vinf25__inc90__toff59132__Om0__om330,115317.0,0.9997897685016875,0.016532111319363964,23.455261939254964,283.7164509993077,1.0399594692412948,0.06514673245249715,24.142734822777403,75.82911678368707,387.36681333480755,True
20260811_184731__rp1__vinf25__inc90__toff59132__Om0__om345,115317.0,0.9997978388286184,0.0165300595818831,23.455327230399593,283.70394726675477,1.1047621540995445,0.09083262883328942,25.046820489333477,94.99846249808839,424.1319337721132,True
20260811_184731__rp1__vinf25__inc90__toff59132__Om0__om45,115317.0,0.9997968110267491,0.016529151390516687,23.455261603625523,283.70855552627154,1.1527609418931135,0.08817874779248792,24.44567200107197,136.0454035487961,452.07102276524313,True
20260811_184731__rp1__vinf25__inc90__toff59132__Om0__om60,115317.0,0.9997968104832082,0.016529152366020598,23.455261603626944,283.7085556648311,1.058596299843904,0.05145427553942149,22.13477423262968,155.30060788609708,397.826169203896,True
20260811_184731__rp1__vinf25__inc90__toff59132__Om0__om75,115317.0,0.9997968321547854,0.01652913464457646,23.455262617188357,283.70850542522686,0.9987297865331781,0.06530883068262928,19.467127692148836,172.39587334274077,364.56065371513824,True
20260811_184731__rp1__vinf25__inc90__toff59132__Om0__om90,115317.0,0.9997968285778938,0.01652912694879273,23.455261941451845,283.70853614708824,1.0652303877699236,0.16740691391973136,20.163364294160043,157.8572325863176,401.5717108916877,True
20260811_184731__rp1__vinf25__inc90__toff59132__Om180__om0,115317.0,0.9997978247315529,0.016530074295065488,23.455326723627635,283.70397322023166,1.0645932704704884,0.08382627935253562,20.15654423763422,192.74508127309878,401.21149300755604,True
20260811_184731__rp1__vinf25__inc90__toff59132__Om180__om105,115317.0,0.9998043806448199,0.01652662060021357,23.455293996597003,283.6983532321795,1.0050961477408338,0.0657563238716943,24.822750834173313,195.63602845482956,368.0520178073517,True
20260811_184731__rp1__vinf25__inc90__toff59132__Om180__om120,115317.0,0.9997900188866482,0.01653234833157917,23.455278261428365,283.71530436326384,1.031832938354295,0.06875188884535474,24.156837114888994,168.32050881509363,382.8352079716353,True
20260811_184731__rp1__vinf25__inc90__toff59132__Om180__om135,115317.0,0.9998041372699472,0.01652638679590592,23.45527843464855,283.6994646526829,1.0673113742608737,0.09510094126877755,23.228379469346624,139.50297637538395,402.74902423900653,True
20260811_184731__rp1__vinf25__inc90__toff59132__Om180__om15,115317.0,0.999796832856149,0.01652914044347793,23.455262955059556,283.7084903414346,1.0425777064723505,0.09160237020832498,21.22198576048015,214.03430854362475,388.8306054334926,True
20260811_184731__rp1__vinf25__inc90__toff59132__Om180__om150,115317.0,0.99978977355131,0.016532109313583114,23.455262277114397,283.71643481099704,1.1055938050032985,0.11645361077315303,22.139862382024365,125.88124071144196,424.61094558339755,True
20260811_184731__rp1__vinf25__inc90__toff59132__Om180__om165,115317.0,0.9997978388286184,0.0165300595818831,23.455327230399593,283.70394726675477,1.1341988082171484,0.1316272581116617,21.36335984177954,114.06429078700678,441.1960039751794,True
20260811_184731__rp1__vinf25__inc90__toff59132__Om180__om180,115317.0,0.9997968285778938,0.01652912694879273,23.455261941451845,283.70853614708824,1.1456684869989904,0.1290713783641311,21.25919173622111,104.8651567390581,447.9053413894042,True
20260811_184731__rp1__vinf25__inc90__toff59132__Om180__om195,115317.0,0.9997968365031166,0.016529126840545225,23.455262617176803,283.7085043167224,1.1308700802407845,0.11579787488812256,21.955137104530014,95.46762987759868,439.2551492643979,True
20260811_184731__rp1__vinf25__inc90__toff59132__Om180__om210,115317.0,0.9997968088525839,0.016529155292532384,23.455261603631307,283.70855608051113,1.099502346876308,0.08864530094873437,23.195344887373466,88.6419390189024,421.1065837447037,True
20260811_184731__rp1__vinf25__inc90__toff59132__Om180__om225,115317.0,0.9997988338012307,0.016530991531327893,23.45539116925731,283.6994223353682,1.0575179588041317,0.05280699052991464,24.54091894437749,88.16725287622293,397.21845450942624,True
20260811_184731__rp1__vinf25__inc90__toff59132__Om180__om240,115317.0,0.9997968256322898,0.016529146350623265,23.455262617205744,283.7085070879815,1.02305677392027,0.021367279548376517,25.395401489314644,120.58858394420012,377.96135153859933,True
20260811_184731__rp1__vinf25__inc90__toff59132__Om180__om255,115317.0,0.9997978233288235,0.01653006269657862,23.455326047890207,283.70400338324913,1.0041079815241274,0.02434816410767167,25.41802739983226,186.05963104799454,367.5093724641018,True
20260811_184731__rp1__vinf25__inc90__toff59132__Om180__om270,115317.0,0.9997968311027408,0.016529125946226447,23.455262110381632,283.70852805093534,1.0043242723285852,0.031969550766708356,24.854700990938035,178.95167872933231,367.628124400726,True
20260811_184731__rp1__vinf25__inc90__toff59132__Om180__om285,115317.0,0.9998043863959644,0.016526624395609413,23.455294672326204,283.69832195335584,1.0195635056195467,0.04248460353993806,24.10567034031835,148.45152418025063,376.02715874317994,True
20260811_184731__rp1__vinf25__inc90__toff59132__Om180__om30,115317.0,0.9997968392208234,0.016529121963025604,23.455262617169545,283.708503623906,1.0230141154810763,0.10148257554573246,22.523136831209282,226.7310630528243,377.93771198065514,True
20260811_184731__rp1__vinf25__inc90__toff59132__Om180__om300,115317.0,0.9998041322201796,0.016526388800299316,23.45527809678912,283.699480848877,1.0434656031640126,0.06545357561613312,23.07398480861641,133.66079770859335,389.3274243764971,True
20260811_184731__rp1__vinf25__inc90__toff59132__Om180__om315,115317.0,0.9998041216297284,0.01652640515996137,23.455277970114405,283.6994891482102,1.0686928270475493,0.0857944910849757,21.638028305754236,133.33742095858744,403.5312122267697,True
20260811_184731__rp1__vinf25__inc90__toff59132__Om180__om330,115317.0,0.9997897641534184,0.016532119123415887,23.455261939266553,283.7164521038805,1.0832182341731382,0.08885568759344903,20.27039750729913,143.716616515214,411.78614802453234,True
20260811_184731__rp1__vinf25__inc90__toff59132__Om180__om345,115317.0,0.9997978431769579,0.016530051777866206,23.455327230389223,283.7039461563388,1.0820689579283849,0.08306976220651312,19.72900714210994,165.0408044187483,411.13097466489126,True
20260811_184731__rp1__vinf25__inc90__toff59132__Om180__om45,115317.0,0.9997968224411173,0.01652913090493414,23.455261603595112,283.70855261651116,1.007557952521915,0.10661367487055003,23.773917260098763,233.53300375556458,369.405062700652,True
20260811_184731__rp1__vinf25__inc90__toff59132__Om180__om60,115317.0,0.9997968235281999,0.016529128953926275,23.45526160359225,283.7085523393906,0.9962835574170185,0.10369159602711231,24.750929414227546,236.25317920646143,363.2220745595802,True
20260811_184731__rp1__vinf25__inc90__toff59132__Om180__om75,115317.0,0.999803887935349,0.016526158401455406,23.455262619397075,283.7005888028501,0.9904113715584635,0.09386844389154672,25.30035855436154,233.1994453080009,360.0155152443437,True
20260811_184731__rp1__vinf25__inc90__toff59132__Om180__om90,115317.0,0.9997968155329019,0.016529150360886855,23.455261941486537,283.708539472552,0.9923750989702546,0.0773174718887704,25.367904682029423,220.79369498634236,361.0867711022386,True
20260811_184731__rp1__vinf25__inc90__toff59132__Om270__om0,115317.0,0.9997976277939461,0.016529124886578407,23.455336163720606,283.70644612103916,0.9601990957460796,0.09313845091251725,25.0113206764274,326.9554365914346,343.6685015572851,True
20260811_184731__rp1__vinf25__inc90__toff59132__Om270__om105,115317.0,0.9997993670919263,0.016530819558533572,23.455276352736846,283.6996730448623,1.0820741956140365,0.11612918385806413,24.486127972565736,223.00445689360444,411.1339597483238,True
20260811_184731__rp1__vinf25__inc90__toff59132__Om270__om120,115317.0,0.9997992026591419,0.016530554427656555,23.455259595776635,283.70052574933726,1.0801200554748147,0.13966643461620928,23.358236630911826,225.90295655988425,410.020749754759,True
20260811_184731__rp1__vinf25__inc90__toff59132__Om270__om135,115317.0,0.9997946353110543,0.01652627631516699,23.45531480781667,283.718894677606,1.0456981989000917,0.1683753559322587,22.07095249052166,232.75253871992413,390.57759810447857,True
20260811_184731__rp1__vinf25__inc90__toff59132__Om270__om15,115317.0,0.9997966373893193,0.016528196579956803,23.45527232166241,283.7109456860974,0.9672663688629373,0.08448135617782201,25.209925929933885,324.067927290642,347.4696863754946,True
20260811_184731__rp1__vinf25__inc90__toff59132__Om270__om150,115317.0,0.9997988715081076,0.01653035547402863,23.45524463779305,283.70192377704893,0.9850558462879704,0.22368081185945915,21.08804630085578,237.3108677975253,357.09935822257603,True
20260811_184731__rp1__vinf25__inc90__toff59132__Om270__om165,115317.0,0.9997975539023751,0.016529154222359874,23.45533769665163,283.706688418965,0.9297135304726742,0.3217027854184747,21.181014453100452,228.47094392463296,327.4322990898465,True
20260811_184731__rp1__vinf25__inc90__toff59132__Om270__om180,115317.0,0.9997989770198572,0.0165303135941326,23.45524290731076,283.70157818404914,1.0013878486826429,0.459309959088305,24.19626093348332,196.8961122072168,366.01700760571987,True
20260811_184731__rp1__vinf25__inc90__toff59132__Om270__om195,115317.0,0.9997966556156193,0.016528189342876646,23.45527169061882,283.7108857092458,-14.893156259477951,1.0215959495136318,27.55349180685005,104.73931019175042,,False
20260811_184731__rp1__vinf25__inc90__toff59132__Om270__om210,115317.0,0.9997971433282216,0.016528757145097866,23.455264657931604,283.70886091241874,2.2756475965044767,0.5342151440718101,21.655695367032976,119.61602150581903,1253.8780604236865,True
20260811_184731__rp1__vinf25__inc90__toff59132__Om270__om225,115317.0,0.9997992184740945,0.016530576486129718,23.455393563971345,283.69955611954896,1.2050819071187897,0.1682204554446342,20.596488051700177,104.63289554369008,483.1952312362002,True
20260811_184731__rp1__vinf25__inc90__toff59132__Om270__om240,115317.0,0.999797745716424,0.016529279440538683,23.45525858963066,283.70646299640464,1.015010523690498,0.04183903721288516,21.365573062800706,110.30618160906182,373.5111819217569,True
20260811_184731__rp1__vinf25__inc90__toff59132__Om270__om255,115317.0,0.999797588599497,0.01652914044768971,23.455335854483767,283.7065737157164,0.9517854463045609,0.011605622407828434,22.507364369217935,258.85977049389146,339.161369296302,True
20260811_184731__rp1__vinf25__inc90__toff59132__Om270__om270,115317.0,0.9997966538600788,0.016528190040272343,23.455271110533456,283.71089095622006,0.9322211404472633,0.0373807142666312,23.422979768917205,293.38372690499443,328.7579104796089,True
20260811_184731__rp1__vinf25__inc90__toff59132__Om270__om285,115317.0,0.9997948189565624,0.016526533745394787,23.45533192531347,283.7179790984476,0.9295713723952946,0.056807376393396426,24.03257521126542,307.7556314953613,327.35720278564,True
20260811_184731__rp1__vinf25__inc90__toff59132__Om270__om30,115317.0,0.9997971992103417,0.01652873495688308,23.455265158438504,283.708679039567,0.9778151341877613,0.07321742216395795,25.422677460446508,316.8817109882997,353.16928210137917,True
20260811_184731__rp1__vinf25__inc90__toff59132__Om270__om300,115317.0,0.9997992234103945,0.016530546191490816,23.45525913366329,283.70045768037164,0.9329529059884146,0.07303373189787461,24.393618824896382,316.8875138235849,329.14508403388015,True
20260811_184731__rp1__vinf25__inc90__toff59132__Om270__om315,115317.0,0.9997991516884197,0.016530574658459564,23.455259886517027,283.70069224674205,0.9391078278134379,0.08625552137983204,24.604048140961087,322.08590204391794,332.40762793479183,True
20260811_184731__rp1__vinf25__inc90__toff59132__Om270__om330,115317.0,0.9997989479247318,0.016530325142615928,23.455243273790394,283.7016733907888,0.9461748918811765,0.09370820594617894,24.715009294297037,325.45367612362526,336.166876730264,True
20260811_184731__rp1__vinf25__inc90__toff59132__Om270__om345,115317.0,0.9997999785112784,0.01653123769351332,23.45530841565121,283.6970449031804,0.9533587253414613,0.0958284502255485,24.848687552848844,326.7789591873996,340.0026554060102,True
20260811_184731__rp1__vinf25__inc90__toff59132__Om270__om45,115317.0,0.9997972262490317,0.016528724222050213,23.455263613463817,283.70858956196696,0.9917194794383765,0.059244213650280486,25.613254249148873,303.88641059796805,360.72899846838743,True
20260811_184731__rp1__vinf25__inc90__toff59132__Om270__om60,115317.0,0.9997977596623676,0.016529273904583728,23.455257209571936,283.7064163644028,1.0119441135189866,0.05238558339130364,25.702982333803902,276.1657665821146,371.8198600242704,True
20260811_184731__rp1__vinf25__inc90__toff59132__Om270__om75,115317.0,0.9997965974256416,0.01652821244897187,23.455272423578897,283.71107613355906,1.0365316886942897,0.06157425631733089,25.608017218914657,244.5383510096656,385.45320940080916,True
20260811_184731__rp1__vinf25__inc90__toff59132__Om270__om90,115317.0,0.9997989362866823,0.01653032976202186,23.455243420382224,283.70171147344684,1.0628485372237246,0.08763493975694209,25.233014530714485,228.26087598231953,400.2255951540949,True
20260811_184731__rp1__vinf25__inc90__toff59132__Om90__om0,115317.0,0.9997999883938005,0.01653123377189303,23.45530768897594,283.6970120679541,1.0498570285450846,0.16642932053562895,24.751945315614407,224.68079952407052,392.909953175411,True
20260811_184731__rp1__vinf25__inc90__toff59132__Om90__om105,115317.0,0.9997948088572153,0.016526537757267125,23.455331249595716,283.71801148588116,1.0252192933703201,0.04915389851167827,25.717240661777513,118.55866041969452,379.1603767059856,True
20260811_184731__rp1__vinf25__inc90__toff59132__Om90__om120,115317.0,0.9997992259352536,0.01653054518925935,23.45525930259297,283.7004495844302,0.9567405087035872,0.0092437216984009,24.763458616097022,251.9374130522145,341.81336058272353,True
20260811_184731__rp1__vinf25__inc90__toff59132__Om90__om135,115317.0,0.9997991586317811,0.01653057190229707,23.455260351073633,283.70066998297824,0.9337900333956303,0.034827176401824304,23.83250600840822,303.091336053565,329.58819027534093,True
20260811_184731__rp1__vinf25__inc90__toff59132__Om90__om15,115317.0,0.9997966606653116,0.016528187337546674,23.4552720284784,283.7108695162889,0.9911678433071129,0.2208901301831067,25.692342304605628,240.40941919011743,360.4280613401546,True
20260811_184731__rp1__vinf25__inc90__toff59132__Om90__om150,115317.0,0.9997989529744472,0.01653032313805694,23.455243611650044,283.7016571988281,0.9304675856406776,0.05574314763552493,23.12921963402381,316.8991056764574,327.8307316160628,True
20260811_184731__rp1__vinf25__inc90__toff59132__Om90__om165,115317.0,0.9997999785112784,0.01653123769351332,23.45530841565121,283.6970449031804,0.933950638438569,0.07217665233169136,22.663550170096645,324.3180176945425,329.6732240616378,True
20260811_184731__rp1__vinf25__inc90__toff59132__Om90__om180,115317.0,0.9997966164212453,0.016528204906581544,23.45527138137969,283.7110133073252,0.9397116139295304,0.08345438984994849,22.374700874688358,327.7078392976642,332.728254641923,True
20260811_184731__rp1__vinf25__inc90__toff59132__Om90__om195,115317.0,0.9997966323396272,0.01652819858529316,23.45527198380283,283.71096187903623,0.945973323996567,0.09215722026011876,22.194877243951336,329.34363417296464,336.0594597434412,True
20260811_184731__rp1__vinf25__inc90__toff59132__Om90__om210,115317.0,0.9997971840612486,0.0165287409723268,23.45526414485971,283.70872761759597,0.9509321259729339,0.09507122888457832,22.03854849829068,329.4887376215425,338.70536040995097,True
20260811_184731__rp1__vinf25__inc90__toff59132__Om90__om225,115317.0,0.9997992490239925,0.016530564360731307,23.455393179167867,283.6994561532513,0.956625558092559,0.09426380458867652,21.860023616682017,329.24832298874793,341.75176006397703,True
20260811_184731__rp1__vinf25__inc90__toff59132__Om90__om240,115317.0,0.9997977748114781,0.01652926788972028,23.45525822315079,283.7063677871144,0.9638685740875867,0.0865776460614777,21.643618145705116,326.07219256101126,345.64041789647007,True
20260811_184731__rp1__vinf25__inc90__toff59132__Om90__om255,115317.0,0.999797588599497,0.01652914044768971,23.455335854483767,283.7065737157164,0.9739847180901904,0.07587985800061323,21.410602259231695,318.2036148797431,351.09609940125887,True
20260811_184731__rp1__vinf25__inc90__toff59132__Om90__om270,115317.0,0.9997989388115399,0.016530328759740594,23.455243589312044,283.7017033774716,0.9885146112501335,0.0620271866912896,21.20412751736538,304.4427385237717,358.98179918500824,True
20260811_184731__rp1__vinf25__inc90__toff59132__Om90__om285,115317.0,0.9997993771913656,0.016530815549730793,23.455277028454958,283.69964066145127,1.0074097527032173,0.05332061910224808,21.130128403756622,275.6963023714849,369.3235630459392,True
20260811_184731__rp1__vinf25__inc90__toff59132__Om90__om30,115317.0,0.9997971584773132,0.01652875112962097,23.455265671510425,283.7088123344866,0.9359012208257078,0.31553424590615625,26.640518703415253,251.27990569995936,330.7065609436538,True
20260811_184731__rp1__vinf25__inc90__toff59132__Om90__om300,115317.0,0.9997992001342827,0.016530555429891212,23.455259426846972,283.7005338452699,1.0324977210167603,0.06037456278387061,21.292649802462986,239.04603772631992,383.20524345011023,True
20260811_184731__rp1__vinf25__inc90__toff59132__Om90__om315,115317.0,0.9997946283677555,0.016526279073426756,23.45531434326033,283.71891694417263,1.0619682547068963,0.08490940310469544,21.768899719782354,217.53083817962892,399.72848015170564,True
20260811_184731__rp1__vinf25__inc90__toff59132__Om90__om330,115317.0,0.999798866458393,0.01653035747860969,23.455244299933366,283.7019399689452,1.0815578724075074,0.1151660078704581,22.5888527845717,209.42540762853744,410.8397294442747,True
20260811_184731__rp1__vinf25__inc90__toff59132__Om90__om345,115317.0,0.9997975539023751,0.016529154222359874,23.45533769665163,283.706688418965,1.0823438945059822,0.13883313504947128,23.660653625344306,212.50612027206319,411.2876774176364,True
20260811_184731__rp1__vinf25__inc90__toff59132__Om90__om45,115317.0,0.9997971956992574,0.016528736351551436,23.455263998267714,283.70868953331313,0.994495182687844,0.4472164249813861,27.98655672935541,248.4502723138382,362.24451312854694,True
20260811_184731__rp1__vinf25__inc90__toff59132__Om90__om60,115317.0,0.9997977305673146,0.016529285455425913,23.45525757605176,283.7065115736243,11.161980452274792,0.9470151977344335,25.855211452987525,183.66762912684513,13621.02144780282,True
20260811_184731__rp1__vinf25__inc90__toff59132__Om90__om75,115317.0,0.9997965974256416,0.01652821244897187,23.455272423578897,283.71107613355906,2.495222165970645,0.5716952086665835,25.154795353848197,111.91268726787796,1439.6655749761087,True
20260811_184731__rp1__vinf25__inc90__toff59132__Om90__om90,115317.0,0.9997966513352329,0.016528191042938047,23.455270941603665,283.7108990526967,1.234816930025856,0.18590843028069692,26.230452796639383,105.60766309600481,501.18914154169414,True
20260811_184731__rp1__vinf25__incm30__toff59132__Om0__om0,115317.0,0.9997988642381589,0.016531023843078557,23.455275304061757,283.70009829510377,1.1640506294625907,0.10718227316627725,21.60631870645368,122.52339732307883,458.7283652879398,True
20260811_184731__rp1__vinf25__incm30__toff59132__Om0__om105,115317.0,0.9998033142904039,0.016525717864550378,23.455288683113192,283.70270781074936,1.2924983834196664,0.34958823390258115,21.01428129267268,169.0845518023302,536.7138509199444,True
20260811_184731__rp1__vinf25__incm30__toff59132__Om0__om120,115317.0,0.9998038878585481,0.016526245594601138,23.455281552143898,283.7004158698927,1.1701727691821662,0.2593498698069645,19.12348023421829,181.49296889673002,462.35203305620115,True
20260811_184731__rp1__vinf25__incm30__toff59132__Om0__om135,115317.0,0.9998039175776021,0.016526245955718562,23.45528019008281,283.7002916311897,1.083838875739662,0.17799987842198067,19.913081345335957,189.40421275602412,412.1401046833335,True
20260811_184731__rp1__vinf25__incm30__toff59132__Om0__om15,115317.0,0.9997960774659025,0.01652842658867822,23.45527176372443,283.7115508974018,1.2326267610090156,0.131824947412368,21.05526313150161,132.11249480249242,499.8563099027675,True
20260811_184731__rp1__vinf25__incm30__toff59132__Om0__om150,115317.0,0.9997892326509759,0.01653165899038025,23.45528790124125,283.71843975633703,1.012560472520885,0.13212983148691476,21.528256118640904,205.54270802497734,372.1596160560141,True
20260811_184731__rp1__vinf25__incm30__toff59132__Om0__om165,115317.0,0.9997960037083116,0.01652845891621107,23.455272063196855,283.7117852023745,0.9556987439107736,0.11975233254275797,22.976601285489913,228.1685227101823,341.25522778126503,True
20260811_184731__rp1__vinf25__incm30__toff59132__Om0__om180,115317.0,0.9997960793530611,0.016528444071512022,23.455271374940878,283.7115051886964,0.9212996760006329,0.1260083886282181,24.01106957353359,245.883722241984,322.9975052821708,True
20260811_184731__rp1__vinf25__incm30__toff59132__Om0__om195,115317.0,0.9997983795209948,0.01653057064414121,23.455244118264236,283.7022813281287,0.9034039062343473,0.1319188058006335,24.679052376460362,259.2109538388325,313.63226645204907,True
20260811_184731__rp1__vinf25__incm30__toff59132__Om0__om210,115317.0,0.9997947201194499,0.01652723759020491,23.455364756599725,283.7164547082858,0.8966709602436571,0.13217067966349894,25.099680833043973,269.0480046732186,310.13261967154125,True
20260811_184731__rp1__vinf25__incm30__toff59132__Om0__om225,115317.0,0.9997983933682413,0.016530551472518414,23.455243464856068,283.70226503288234,0.8972625003523346,0.12862148832195314,25.350726490098324,276.75941796965594,310.4395652711039,True
20260811_184731__rp1__vinf25__incm30__toff59132__Om0__om240,115317.0,0.9997960730517682,0.01652842530259973,23.455272248170306,283.7115722354125,0.9001054286604165,0.12147949881608616,25.428390751337947,286.84843064326583,311.9161501216887,True
20260811_184731__rp1__vinf25__incm30__toff59132__Om0__om255,115317.0,0.999803637874171,0.01652591677619154,23.455303914580035,283.7013408704509,0.9064129432751997,0.10750516704672163,25.346170492398144,300.37216229384853,315.20052928149886,True
20260811_184731__rp1__vinf25__incm30__toff59132__Om0__om270,115317.0,0.9997988524555423,0.016531046753976528,23.4552753885605,283.70009758431934,0.9138427671679139,0.09282855841586876,25.07720087782056,312.9766097743212,319.0839860163802,True
20260811_184731__rp1__vinf25__incm30__toff59132__Om0__om285,115317.0,0.9998045098070468,0.01652676022951044,23.455274710550572,283.69795340333894,0.9256525510485334,0.028201127719494925,24.431252428654325,319.16232089356043,325.28931197198835,True
20260811_184731__rp1__vinf25__incm30__toff59132__Om0__om30,115317.0,0.999793691990555,0.01652634574483067,23.4553007959125,283.721032500923,1.2515039118312072,0.14168771570037994,21.140472632599735,137.08438927643516,511.3827891046742,True
20260811_184731__rp1__vinf25__incm30__toff59132__Om0__om300,115317.0,0.9997898053535128,0.016532192957769726,23.455280425219105,283.7161375877034,0.9408608069142018,0.05827920279185051,24.6936365863426,357.5969740353732,333.3387917178276,True
20260811_184731__rp1__vinf25__incm30__toff59132__Om0__om315,115317.0,0.9998039758992915,0.016526210651035336,23.455280618841314,283.7001278517771,0.9741999092246102,0.05545656303003169,23.975590353419136,34.7564362761255,351.2124620189165,True
20260811_184731__rp1__vinf25__incm30__toff59132__Om0__om330,115317.0,0.9997891870453843,0.016531671028758865,23.45528802862597,283.71860166821915,1.0200049691013495,0.061542039943408566,23.247776751823295,72.28667258670653,376.27141065977685,True
20260811_184731__rp1__vinf25__incm30__toff59132__Om0__om345,115317.0,0.9997965257936864,0.016528918453356127,23.455303992104362,283.70943460270576,1.0859376564208412,0.08069564514071809,22.417260038678922,103.51083105797595,413.33780619152935,True
20260811_184731__rp1__vinf25__incm30__toff59132__Om0__om45,115317.0,0.9997982837998483,0.01653061091902393,23.455244299762573,283.70258879672247,1.1876203735785213,0.10578126746871186,22.24861421922366,139.1845780177767,472.7311813340805,True
20260811_184731__rp1__vinf25__incm30__toff59132__Om0__om60,115317.0,0.9997992996794427,0.016531530047314072,23.45530941930398,283.6980066455006,1.0522660508002983,0.044548212455681774,25.020643420515256,151.69529851794704,394.26309684512717,True
20260811_184731__rp1__vinf25__incm30__toff59132__Om0__om75,115317.0,0.9997983805751758,0.01653056414758602,23.455244360478066,283.70229116182816,0.9580410560212913,0.048733688244835885,29.467453897006784,165.12847128217967,342.51056450185115,True
20260811_184731__rp1__vinf25__incm30__toff59132__Om0__om90,115317.0,0.9997965919110074,0.01652888004580113,23.455303670277836,283.70924481791513,1.1936853647649885,0.2878143290371012,27.421664729510383,155.33921579541428,476.3570468129472,True
20260811_184731__rp1__vinf25__incm30__toff59132__Om180__om0,115317.0,0.9997965698866262,0.016528910062465544,23.45530275237235,283.7092701352559,0.8662448831500763,0.1326471522257585,23.15200076950461,250.5162590986999,294.48204053657514,True
20260811_184731__rp1__vinf25__incm30__toff59132__Om180__om105,115317.0,0.9998045047572752,0.016526762233777432,23.455274372691118,283.69796959934746,0.7532891137670401,0.3414272248681678,30.358528517441503,278.65085691848157,238.80330177576027,True
20260811_184731__rp1__vinf25__incm30__toff59132__Om180__om120,115317.0,0.9997898141903531,0.01653218944769087,23.455281016472593,283.71610925824245,0.927170982453793,0.0968807833717722,23.307934604542908,348.7170651875116,326.0900422413645,True
20260811_184731__rp1__vinf25__incm30__toff59132__Om180__om135,115317.0,0.9998039626436557,0.016526215912716802,23.455279731960317,283.7001703670243,0.9492081761014207,0.08306053221939028,23.34144679744586,9.611758399855693,337.78471688123915,True
20260811_184731__rp1__vinf25__incm30__toff59132__Om180__om15,115317.0,0.9997983769961399,0.0165305716464461,23.455243949334424,283.7022894239459,0.8515586067436395,0.15194891069356056,23.1323256209741,259.71978903091986,287.0249199333242,True
20260811_184731__rp1__vinf25__incm30__toff59132__Om180__om150,115317.0,0.9997891933574052,0.01653166852130165,23.45528845094988,283.7185814326196,0.9887811948551926,0.06941045378867701,23.422800113699427,39.94426540499298,359.12702482885675,True
20260811_184731__rp1__vinf25__incm30__toff59132__Om180__om165,115317.0,0.9997960226359498,0.01652845747752571,23.45527177002422,283.7117101412539,1.0533728103058195,0.06875801141277872,23.529568758832983,86.1036430911997,394.88528143564855,True
20260811_184731__rp1__vinf25__incm30__toff59132__Om180__om180,115317.0,0.9997983737041094,0.0165305577582515,23.455243926966617,283.70233282310875,1.154318749361675,0.10501479142367222,23.654103580548817,124.99201846697896,452.98770565061125,True
20260811_184731__rp1__vinf25__incm30__toff59132__Om180__om195,115317.0,0.9997960799907458,0.016528425585985707,23.455271932654213,283.71154280108465,1.2789916185105465,0.1598248740551755,23.765813522022167,143.6890936449924,528.3227815155853,True
20260811_184731__rp1__vinf25__incm30__toff59132__Om180__om210,115317.0,0.9997946932624064,0.016527269526816407,23.45536490322566,283.71649665927066,1.3610574135931142,0.19522655200148797,23.805872283323556,152.09191321494438,579.9792533888627,True
20260811_184731__rp1__vinf25__incm30__toff59132__Om180__om225,115317.0,0.9997982888495568,0.016530608914389636,23.455244637622226,283.7025726051622,1.2811487240796837,0.15651761167467176,23.676685646974953,157.0494086408195,529.6599228847531,True
20260811_184731__rp1__vinf25__incm30__toff59132__Om180__om240,115317.0,0.9997982984054319,0.016530605880626346,23.45524531334304,283.70254036094485,0.9489256593504701,0.04765888001308402,22.89406890662651,312.2814376287523,337.6339237117483,True
20260811_184731__rp1__vinf25__incm30__toff59132__Om180__om255,115317.0,0.9997988786838039,0.016531027226208358,23.455276244359943,283.70003234861565,0.45753711635843614,0.7340772014248457,13.513461366476212,266.80058031136116,113.04133723605169,True
20260811_184731__rp1__vinf25__incm30__toff59132__Om180__om270,115317.0,0.9997965805492016,0.016528884557511128,23.455302910095263,283.70928125092365,-1.0037810475591478,1.1440369492487565,47.76055448563925,61.846843712980295,,False
20260811_184731__rp1__vinf25__incm30__toff59132__Om180__om285,115317.0,0.9998033193401635,0.016525715859886967,23.45528902097258,283.7026916142821,2.298449577262894,0.7944929797755197,28.379755402490304,175.49766662083056,1272.7709710484214,True
20260811_184731__rp1__vinf25__incm30__toff59132__Om180__om30,115317.0,0.9997937188475444,0.016526313807394402,23.455300649282236,283.7209905556143,0.857300809241892,0.14936433615433276,23.107964642480777,269.39480432141755,289.93299437105503,True
20260811_184731__rp1__vinf25__incm30__toff59132__Om180__om300,115317.0,0.9998038790214591,0.016526249102429624,23.455280960889908,283.70044421327214,3.198931542960508,0.8467474152375716,70.33645679745275,124.85521981560062,2089.802333603521,True
20260811_184731__rp1__vinf25__incm30__toff59132__Om180__om315,115317.0,0.9998039308332369,0.016526240694010836,23.455281076963793,283.70024911606026,7.905612384106819,0.8426987329153556,29.49378549279944,52.00163429498787,8118.972411444584,True
20260811_184731__rp1__vinf25__incm30__toff59132__Om180__om330,115317.0,0.9997892263389544,0.01653166149782282,23.455287478917363,283.7184599919699,1.164758142453957,0.08225583354120514,24.31916880396424,89.947845175052,459.1466532660686,True
20260811_184731__rp1__vinf25__incm30__toff59132__Om180__om345,115317.0,0.9997965068660291,0.016528919891270193,23.455304285277478,283.70950966190173,0.9305795585253696,0.08847998775207033,23.483241617852755,238.7960335790798,327.8899103412913,True
20260811_184731__rp1__vinf25__incm30__toff59132__Om180__om45,115317.0,0.9997983883185317,0.016530553477127237,23.455243126996415,283.7022812245371,0.8691671848176734,0.14156616198057953,23.08889959647499,280.08780521902486,295.9734618760901,True
20260811_184731__rp1__vinf25__incm30__toff59132__Om180__om60,115317.0,0.9997970743248558,0.016529349281283065,23.45533635481168,283.70703745628947,0.8813303373775485,0.13363825572236218,23.116924928425608,292.07301615063545,302.20793966627264,True
20260811_184731__rp1__vinf25__incm30__toff59132__Om180__om75,115317.0,0.9998031397644077,0.016525453713076572,23.455272030475303,283.7036003529929,0.8926688206157926,0.125476174910567,23.138819666284746,304.47891473063754,308.05860126627203,True
20260811_184731__rp1__vinf25__incm30__toff59132__Om180__om90,115317.0,0.9997988638174002,0.016531042243995975,23.455276148743323,283.7000611536173,0.9023045397139827,0.12223888201242783,23.170797524469734,318.6506505671603,313.0599445494026,True
20260811_184731__rp1__vinf25__incm30__toff59132__Om270__om0,115317.0,0.9997965291536479,0.01652892623578796,23.45530326544418,283.7094034278591,0.9040847635106226,0.11004317391038426,22.997116128799945,319.60423675317344,313.98689028855114,True
20260811_184731__rp1__vinf25__incm30__toff59132__Om270__om105,115317.0,0.9998020739071831,0.016529348445053573,23.45526108741751,283.6974605865506,1.163557294025523,0.09072224402292646,20.84771030393221,135.46692383202594,458.43677619368066,True
20260811_184731__rp1__vinf25__incm30__toff59132__Om270__om120,115317.0,0.9997995032683659,0.016530438375830375,23.455259828171535,283.7001745305247,1.2320792287301265,0.12650799708946583,21.030479740593538,149.14195317684803,499.5232929532085,True
20260811_184731__rp1__vinf25__incm30__toff59132__Om270__om135,115317.0,0.9997940414671993,0.016526535774707626,23.4553141319496,283.7195760657036,1.2379765031467356,0.13170910552673237,21.56557090038057,158.36694338613174,503.11398915077604,True
20260811_184731__rp1__vinf25__incm30__toff59132__Om270__om15,115317.0,0.9997960578347664,0.016528437422697446,23.45527198361815,283.7116085771558,0.9150004051060747,0.10411154179853101,22.705959626272083,333.8908963896395,319.69049191366406,True
20260811_184731__rp1__vinf25__incm30__toff59132__Om270__om150,115317.0,0.9997985540163613,0.016530815060125006,23.455260748413913,283.7014316141176,1.1095300939136294,0.07352791188523682,22.22262150655969,188.11450509868106,426.88060123879,True
20260811_184731__rp1__vinf25__incm30__toff59132__Om270__om165,115317.0,0.9997959564528965,0.01652848679712017,23.455272576286,283.71192015668544,0.8269749693385313,0.19529536290147564,22.06232240713708,302.69874652596604,274.68588118534876,True
20260811_184731__rp1__vinf25__incm30__toff59132__Om270__om180,115317.0,0.9997984144372383,0.016530541589951715,23.455243413895158,283.7021995361918,0.5309817778054875,0.71949265426293,16.493860796689106,208.50290535979974,141.32442145097357,True
20260811_184731__rp1__vinf25__incm30__toff59132__Om270__om195,115317.0,0.9997960792872509,0.016528434981386876,23.455271859375316,283.71152541960697,-5.6045286035497694,1.1445001509688462,11.928719540733617,159.29978048121572,,False
20260811_184731__rp1__vinf25__incm30__toff59132__Om270__om210,115317.0,0.9998046460777542,0.016526935858171343,23.455330117624552,283.69699153012346,2.4472397091638927,0.6802166621314452,18.67963041980581,187.45651300669743,1398.3392781146133,True
20260811_184731__rp1__vinf25__incm30__toff59132__Om270__om225,115317.0,0.9997895755665342,0.01653194776828995,23.455264671599362,283.7172175422271,1.6054858847389373,0.42066873772583635,20.752436542824295,173.7689164436768,743.0320171130511,True
20260811_184731__rp1__vinf25__incm30__toff59132__Om270__om240,115317.0,0.9997971719126613,0.016529524062240075,23.455258927312965,283.7070946343612,1.2218419433055938,0.19241505974816742,22.179516205753956,156.98832252283637,493.3104717918653,True
20260811_184731__rp1__vinf25__incm30__toff59132__Om270__om255,115317.0,0.999796528252722,0.01652890836044283,23.45530464546854,283.7094467357864,1.0039942057664095,0.08971945733761248,23.751503977500388,198.05810826545974,367.4469103480921,True
20260811_184731__rp1__vinf25__incm30__toff59132__Om270__om270,115317.0,0.9997965675042162,0.016528907969615748,23.455302910127656,283.70928457496325,0.9063908364233858,0.11200595478796813,24.40686351990262,241.9428695823732,315.1889980324851,True
20260811_184731__rp1__vinf25__incm30__toff59132__Om270__om285,115317.0,0.9997940026213459,0.016526535253125325,23.455316320678868,283.71973893684174,0.8721928642168904,0.13262019832449073,24.454860737761145,256.7911168770731,297.5202869149856,True
20260811_184731__rp1__vinf25__incm30__toff59132__Om270__om30,115317.0,0.999803681186299,0.016526003310403495,23.45526549832393,283.70139411423486,0.9305917395863391,0.09798472522404206,22.418121845030353,348.6603763144206,327.89634836159195,True
20260811_184731__rp1__vinf25__incm30__toff59132__Om270__om300,115317.0,0.9997986514997731,0.016530776367514446,23.455258943414627,283.70111215452795,0.8637061726763482,0.13480856012600556,24.247929224984354,268.5801683884263,293.1884283583066,True
20260811_184731__rp1__vinf25__incm30__toff59132__Om270__om315,115317.0,0.999799473601065,0.016530429636985124,23.455260562313114,283.70031602343283,0.8697988736309028,0.12956285123559097,23.961542563332415,279.1276245552404,296.29617957768124,True
20260811_184731__rp1__vinf25__incm30__toff59132__Om270__om330,115317.0,0.9997986128642103,0.0165308144953359,23.4552592999905,283.7011894517031,0.880455640740177,0.12271683170690999,23.661034670403428,291.75775042378916,301.7581514445895,True
20260811_184731__rp1__vinf25__incm30__toff59132__Om270__om345,115317.0,0.9997988929146527,0.016531015500157592,23.455275517672373,283.69999840120954,0.8927998650512443,0.11455628626897475,23.331029531084976,305.0224841309372,308.12643859757037,True
20260811_184731__rp1__vinf25__incm30__toff59132__Om270__om45,115317.0,0.999789596717954,0.016531945444453557,23.45526394894772,283.71713488955277,0.9494743467591891,0.08710111662248725,22.065479947301277,3.6827139400613187,337.9268058641254,True
20260811_184731__rp1__vinf25__incm30__toff59132__Om270__om60,115317.0,0.9997982066296046,0.016530428780962333,23.45532266712339,283.7024640709923,0.9777041389867257,0.07239594544038368,21.67397142854652,22.722245765722484,353.10914959528463,True
20260811_184731__rp1__vinf25__incm30__toff59132__Om270__om75,115317.0,0.9997960214480215,0.016528460987407907,23.45527276127086,283.71170829734876,1.0224291754685704,0.05659468170519568,21.28902773460469,53.28369563227803,377.613611927807,True
20260811_184731__rp1__vinf25__incm30__toff59132__Om270__om90,115317.0,0.9997988768624454,0.016531018831989215,23.455276148709316,283.7000578164878,1.0853080450779145,0.057687387089506256,20.976606135718168,102.96577547879491,412.9783871518605,True
20260811_184731__rp1__vinf25__incm30__toff59132__Om90__om0,115317.0,0.9997989049713281,0.01653100767611308,23.455274790990487,283.6999650099666,1.0355660028612825,0.4673225546378629,29.08243942003132,220.29147626937896,384.91467305235716,True
20260811_184731__rp1__vinf25__incm30__toff59132__Om90__om105,115317.0,0.9997939975716804,0.016526537259201682,23.45531598281969,283.7197551303447,0.8662610593349479,0.13555688658337547,24.25516168190381,266.7392392497404,294.4902892747676,True
20260811_184731__rp1__vinf25__incm30__toff59132__Om90__om120,115317.0,0.9997986603367698,0.01653077285961173,23.455259534668468,283.7010838192764,0.874282431836828,0.13483228657731602,24.506221628655815,277.67137313998586,298.59010929526215,True
20260811_184731__rp1__vinf25__incm30__toff59132__Om90__om135,115317.0,0.9997994603455482,0.01653043489867617,23.45525967543231,283.70035852746844,0.8858237165242638,0.13017160269795028,24.69139932965829,288.778465797241,304.5220507673892,True
20260811_184731__rp1__vinf25__incm30__toff59132__Om90__om15,115317.0,0.9997960767624077,0.01652843598407855,23.45527169044553,283.71153351591977,0.8138431188955816,0.7465568313015258,24.242868200117627,270.93206867166754,268.1691615356992,True
20260811_184731__rp1__vinf25__incm30__toff59132__Om90__om150,115317.0,0.9997986191763505,0.01653081198968276,23.45525972231469,283.7011692122988,0.8967889892962433,0.1250029870218176,24.856639943314224,299.1196452801213,310.1938559534823,True
20260811_184731__rp1__vinf25__incm30__toff59132__Om90__om165,115317.0,0.9997983897563005,0.016530554425824916,23.455243295929254,283.70227340657345,0.9061806743728775,0.11889747677669893,24.99956768426378,310.47860734301236,315.07938153446884,True
20260811_184731__rp1__vinf25__incm30__toff59132__Om90__om180,115317.0,0.9997960386201225,0.01652846024616893,23.45527188801289,283.7116384830774,0.9143156294199766,0.10832654072702647,25.12094195517994,320.9610343928219,319.3316800852637,True
20260811_184731__rp1__vinf25__incm30__toff59132__Om90__om195,115317.0,0.9997960603596096,0.016528436420002648,23.455272152547916,283.71160048084823,0.9242220532325714,0.09673539057807864,25.244610090637014,333.0490952739808,324.535553190224,True
20260811_184731__rp1__vinf25__incm30__toff59132__Om90__om210,115317.0,0.9998046824629939,0.0165269274969631,23.45532960456304,283.6968593229648,0.9401350930960983,0.07924895548164786,25.371727490843345,349.20507593947,332.9531949669498,True
20260811_184731__rp1__vinf25__incm30__toff59132__Om90__om225,115317.0,0.9997896017675748,0.016531943438615436,23.45526428680714,283.71711870116104,0.9654127379765537,0.05799177446152426,25.420803377994243,13.398013682558691,346.4713493730218,True
20260811_184731__rp1__vinf25__incm30__toff59132__Om90__om240,115317.0,0.9997972053560161,0.01652950470709763,23.45525856082145,283.70699831772885,1.0104412393742732,0.04227217284595036,25.334585635295056,64.56444724437696,370.99186331612475,True
20260811_184731__rp1__vinf25__incm30__toff59132__Om90__om255,115317.0,0.9997965195560661,0.016528923968514075,23.45530464549015,283.70944895165536,1.0820233497334566,0.06848893957330277,25.084242937360965,123.8115600809177,411.1049817594792,True
20260811_184731__rp1__vinf25__incm30__toff59132__Om90__om270,115317.0,0.9997988655005876,0.01653102334196925,23.455275388526527,283.70009424724316,1.186632346700546,0.12224010157985155,24.62590021219309,147.67954209053391,472.1413792813249,True
20260811_184731__rp1__vinf25__incm30__toff59132__Om90__om285,115317.0,0.9998020789569302,0.01652934644083622,23.455261425276937,283.6974443930823,1.2967825927671404,0.17369751457757246,23.981731372163107,158.16110926053076,539.3846073135585,True
20260811_184731__rp1__vinf25__incm30__toff59132__Om90__om30,115317.0,0.9998036448011325,0.016526011674310857,23.45526601138454,283.7015263267274,3.1235553119395836,0.6174310874950986,43.883264379804004,128.84416022700046,2016.376334434814,True
20260811_184731__rp1__vinf25__incm30__toff59132__Om90__om300,115317.0,0.9997994944313543,0.016530441883602694,23.455259236917666,283.70020286656563,1.3417933021427064,0.1934948349962787,23.500533569707947,161.91943076895961,567.7095759902492,True
20260811_184731__rp1__vinf25__incm30__toff59132__Om90__om315,115317.0,0.9997940547225721,0.016526530508799295,23.455315018829864,283.7195335576911,1.2396466434001667,0.152272231679262,23.876041246294154,167.54062093607106,504.1324506395993,True
20260811_184731__rp1__vinf25__incm30__toff59132__Om90__om330,115317.0,0.9997985477042222,0.016530817565805465,23.455260326089707,283.70145185347866,1.0471892086246992,0.10879165686089384,26.89988914072038,206.93710024582106,391.4132539411415,True
20260811_184731__rp1__vinf25__incm30__toff59132__Om90__om345,115317.0,0.9997964596105665,0.016528947770806452,23.455304798365592,283.7096446159461,1.0152493913922749,0.2594531306314935,30.984373861186675,218.2254741795097,373.6430401702122,True
20260811_184731__rp1__vinf25__incm30__toff59132__Om90__om45,115317.0,0.9997895705169134,0.0165319497741363,23.455264333739933,283.71723373060286,1.3727124950470342,0.19799473069715257,19.92799427367053,69.32382544409907,587.4449444626534,True
20260811_184731__rp1__vinf25__incm30__toff59132__Om90__om60,115317.0,0.999798173186183,0.016530448134152706,23.455323033613453,283.70256038707424,0.9957877287730866,0.03405349432383309,21.810853436233472,243.59533808915833,362.95095671664,True
20260811_184731__rp1__vinf25__incm30__toff59132__Om90__om75,115317.0,0.9997960301446689,0.016528445379322586,23.45527276124804,283.711706083372,0.899138813610688,0.1059694132980769,23.060314994967793,248.99537066148207,311.41383915525466,True
20260811_184731__rp1__vinf25__incm30__toff59132__Om90__om90,115317.0,0.9997965788660217,0.0165289034579053,23.45530367031026,283.7092481420088,0.8697595761772332,0.12888585459429439,23.900413455627987,256.13270016131423,296.2760998427686,True
20260811_184731__rp1__vinf25__incm60__toff59132__Om0__om0,115317.0,0.9997972178312747,0.016529493677211057,23.455257254047112,283.7069696188253,1.1641588990527618,0.11754098632694106,20.931779369482026,113.00438927410143,458.7923669976346,True
20260811_184731__rp1__vinf25__incm60__toff59132__Om0__om105,115317.0,0.9998041535787972,0.016526476603725852,23.455296702611857,283.6992181077772,1.085810905267047,0.14737092129019247,23.43746755616537,150.44585559500334,413.26544082866735,True
20260811_184731__rp1__vinf25__incm60__toff59132__Om0__om120,115317.0,0.9998044582444224,0.016526730349465377,23.455293378373973,283.6980206251757,1.1327315949290013,0.16909369847537667,21.02727068282936,150.04538222682746,440.34017617608623,True
20260811_184731__rp1__vinf25__incm60__toff59132__Om0__om135,115317.0,0.9998042221629488,0.016526505805635184,23.455276862299826,283.69908130124395,1.1204204731782335,0.15090347965501416,20.105793384684397,160.11565636968822,433.1809449466175,True
20260811_184731__rp1__vinf25__incm60__toff59132__Om0__om15,115317.0,0.9997960309139736,0.01652844507404265,23.455272350092464,283.711703233924,1.184589312939749,0.11868552506790284,20.802023779794165,109.48710478592758,470.92257026547736,True
20260811_184731__rp1__vinf25__incm60__toff59132__Om0__om150,115317.0,0.9997906823623879,0.016532936487946615,23.455289349617434,283.7125263147754,1.0754351573349001,0.12177675177065066,20.50429617576231,179.82707955629277,407.35601678929964,True
20260811_184731__rp1__vinf25__incm60__toff59132__Om0__om165,115317.0,0.9997982492859906,0.016530411849230115,23.455321126166243,283.7023236605288,1.0318618220281854,0.10530957521324924,21.494542184064258,204.6018627889405,382.8512829062581,True
20260811_184731__rp1__vinf25__incm60__toff59132__Om0__om180,115317.0,0.9997982289173001,0.016530435129170958,23.45532164729053,283.70235784931236,0.996464687843726,0.1037737673330404,22.624912057772406,227.81707606261554,363.3211330440687,True
20260811_184731__rp1__vinf25__incm60__toff59132__Om0__om195,115317.0,0.9997960214480215,0.016528460987407907,23.45527276127086,283.71170829734876,0.9709144947106432,0.10948115708622377,23.68358254412067,243.867145475219,349.4373051131203,True
20260811_184731__rp1__vinf25__incm60__toff59132__Om0__om210,115317.0,0.9997960801836052,0.016528421711151934,23.45527176371732,283.71155020548656,0.9529580791286552,0.1134385511287265,24.605568733241522,255.69584842883816,339.7883502446678,True
20260811_184731__rp1__vinf25__incm60__toff59132__Om0__om225,115317.0,0.9997983635038422,0.0165305633264761,23.455244242491275,283.7023630870721,0.9400934756405658,0.1107303625758155,25.323296387831242,263.49601676012867,332.93108668984706,True
20260811_184731__rp1__vinf25__incm60__toff59132__Om0__om240,115317.0,0.999796032318831,0.016528441477301262,23.455272761242348,283.7117055298773,0.9341327243251405,0.10266377951729898,25.784959606579147,271.03238271797784,329.7696399179501,True
20260811_184731__rp1__vinf25__incm60__toff59132__Om0__om255,115317.0,0.9998042397505829,0.01652654005181629,23.45525820285581,283.69914454379807,0.933500610884891,0.08661829961989652,25.934288498474917,277.4634841492207,329.4349713829654,True
20260811_184731__rp1__vinf25__incm60__toff59132__Om0__om270,115317.0,0.999796041948242,0.016528455886228997,23.455271271273833,283.7116336553951,0.939657406716864,0.06236369811256554,25.736244042965083,284.6981771716722,332.6994649405652,True
20260811_184731__rp1__vinf25__incm60__toff59132__Om0__om285,115317.0,0.9998041551261149,0.01652646991108231,23.455297440446355,283.69922674380473,0.9522944075325771,0.03656625978379173,24.925633503227825,299.1976997228796,339.43345224706695,True
20260811_184731__rp1__vinf25__incm60__toff59132__Om0__om30,115317.0,0.9997983782410489,0.01653057647034461,23.45524428720452,283.70227420482985,1.1674984543092177,0.10389877294187017,21.475660064186034,110.28966923602736,460.7679487808484,True
20260811_184731__rp1__vinf25__incm60__toff59132__Om0__om300,115317.0,0.9997900665139824,0.016532469956045046,23.455277719640986,283.71506956639354,0.9750592858461132,0.011328978839066991,24.539229396743018,31.843608364222387,351.67729012368534,True
20260811_184731__rp1__vinf25__incm60__toff59132__Om0__om315,115317.0,0.9998042505533886,0.016526482381421615,23.455276965502254,283.69901490736413,1.011985709917637,0.04217905759034865,23.805143032950877,98.03263168997289,371.84278598310635,True
20260811_184731__rp1__vinf25__incm60__toff59132__Om0__om330,115317.0,0.9997906534441506,0.016532941894488555,23.45528966826915,283.7126339572212,1.062739515447857,0.07634986940775236,22.750598220458457,106.85351706654687,400.1640169733923,True
20260811_184731__rp1__vinf25__incm60__toff59132__Om0__om345,115317.0,0.9997982084849321,0.016530434122551372,23.45532238826078,283.702444716458,1.1163995225207184,0.10298932285733767,21.689224208380598,111.15909240200563,430.8511470166323,True
20260811_184731__rp1__vinf25__incm60__toff59132__Om0__om45,115317.0,0.999796002360429,0.016528470845966724,23.455272981163144,283.71176583850865,1.1159641713496269,0.07477574610867979,22.963327330694813,112.57266937316383,430.5991495102334,True
20260811_184731__rp1__vinf25__incm60__toff59132__Om0__om60,115317.0,0.9997960200431646,0.0165284645841493,23.455272350120993,283.7117060013975,1.0536791758905293,0.046812906353175726,24.889040917245847,133.82964233691789,395.0575680966596,True
20260811_184731__rp1__vinf25__incm60__toff59132__Om0__om75,115317.0,0.9997971680508951,0.01652952255731445,23.455257598206558,283.70711266914367,1.0135503217041366,0.056838242868728094,26.28725749873274,164.26801763130808,372.7054677613799,True
20260811_184731__rp1__vinf25__incm60__toff59132__Om0__om90,115317.0,0.9997960804093695,0.01652842238137907,23.455271352563155,283.7115474944143,1.0251890405515378,0.0969138710703483,25.826028624752755,159.46469705240918,379.1435940737935,True
20260811_184731__rp1__vinf25__incm60__toff59132__Om180__om0,115317.0,0.9997972200691196,0.016529514060660524,23.45525703420004,283.7069163766307,0.8942571780029048,0.1322544474035205,22.72062146404251,247.75852286125289,308.88117634604515,True
20260811_184731__rp1__vinf25__incm60__toff59132__Om180__om105,115317.0,0.999804146289021,0.016526473418746034,23.45529684919292,283.69925508703886,0.9833100915930131,0.14685939865133538,22.92707430986392,345.23248350288867,356.15048066161665,True
20260811_184731__rp1__vinf25__incm60__toff59132__Om180__om120,115317.0,0.9997903161993732,0.01653270117594244,23.455293704020637,283.71393805155463,0.9330464755973632,0.08235875551923075,22.575259427353977,347.553539564482,329.19460220698915,True
20260811_184731__rp1__vinf25__incm60__toff59132__Om180__om135,115317.0,0.9998042461348409,0.016526484135232892,23.455276669875246,283.6990290789988,0.9595338264153852,0.0703424520514195,23.086623806935023,14.107484548842418,343.31139982372025,True
20260811_184731__rp1__vinf25__incm60__toff59132__Om180__om15,115317.0,0.9997960163983356,0.016528462992806862,23.455272423411287,283.71172448992604,0.8770345204107345,0.140785218084975,22.25018594224364,258.9602878025763,300.0010825766415,True
20260811_184731__rp1__vinf25__incm60__toff59132__Om180__om150,115317.0,0.9997906547065588,0.016532941393120393,23.455289752733865,283.7126299102359,1.0034041407952627,0.06313062643217142,23.607627053901254,48.59359730651273,367.1230254750738,True
20260811_184731__rp1__vinf25__incm60__toff59132__Om180__om165,115317.0,0.9997981983855164,0.016530438131842917,23.45532171254403,283.7024770999086,1.071189229135579,0.07504771026940148,24.19976109655075,89.06013115816798,404.94597454053365,True
20260811_184731__rp1__vinf25__incm60__toff59132__Om180__om180,115317.0,0.9997982266794503,0.01653041474460199,23.45532186714169,283.7024110833669,1.1637822604291161,0.10646364611562065,24.796938124229822,118.1137053240708,458.5697363730444,True
20260811_184731__rp1__vinf25__incm60__toff59132__Om180__om195,115317.0,0.9997960359636598,0.01652844306864544,23.455272687952025,283.71168704132583,1.2593813164713772,0.14618252909854665,25.232613306066142,135.10383275205027,516.2186127990416,True
20260811_184731__rp1__vinf25__incm60__toff59132__Om180__om210,115317.0,0.999798373191339,0.01653057847495419,23.455243949344844,283.70229039645943,1.3027988228996785,0.16294518618570636,25.263090614149668,144.89563967450968,543.1425496079823,True
20260811_184731__rp1__vinf25__incm60__toff59132__Om180__om225,115317.0,0.9997959973107433,0.01652847285137042,23.455272643303605,283.7117820310696,1.2283659522743013,0.1270518095057843,24.527173175629965,152.103779676171,497.2667783887552,True
20260811_184731__rp1__vinf25__incm60__toff59132__Om180__om240,115317.0,0.9997960250928505,0.016528462578751922,23.455272687980568,283.7116898088195,1.0157342560902796,0.019994798622080232,21.69362802846208,187.60354969580925,373.9107398360564,True
20260811_184731__rp1__vinf25__incm60__toff59132__Om180__om255,115317.0,0.9997971781502897,0.016529518547289918,23.455258273925786,283.70708028496347,0.8364241026777532,0.04372396572518042,13.743634350648966,318.0585384779409,279.4072037472998,True
20260811_184731__rp1__vinf25__incm60__toff59132__Om180__om270,115317.0,0.9997960753596833,0.016528424386764662,23.45527101470359,283.71156368704953,1.7675632439501254,0.550529994635933,20.430248964257036,129.19829722225182,858.3417421167693,True
20260811_184731__rp1__vinf25__incm60__toff59132__Om180__om285,115317.0,0.999804162415891,0.016526473096067612,23.455297293865296,283.6991897645415,1.4009463894311767,0.46305302922495517,27.177041225586002,164.7567869391623,605.6616352532596,True
20260811_184731__rp1__vinf25__incm60__toff59132__Om180__om30,115317.0,0.9997960852332917,0.016528419705767405,23.455272101576856,283.711534012847,0.8763873815391293,0.14070600158243218,22.027527414500682,267.93426707089134,299.6691004138498,True
20260811_184731__rp1__vinf25__incm60__toff59132__Om180__om300,115317.0,0.9998042085573426,0.016526499048907482,23.455277394109356,283.69915227926805,1.1702192999687637,0.30024147827156616,29.378270275784857,178.67818350277557,462.3796108014049,True
20260811_184731__rp1__vinf25__incm60__toff59132__Om180__om315,115317.0,0.9998042265814964,0.01652650405182015,23.455277157926833,283.6990671296337,1.1004968598952418,0.16320692554204658,27.974266917700838,176.59471343997365,421.67805683201095,True
20260811_184731__rp1__vinf25__incm60__toff59132__Om180__om330,115317.0,0.9997906810999799,0.01653293698931266,23.45528926515271,283.712530361765,1.011871001936418,0.11018501048720396,25.343890863290085,199.97915604452626,371.7795655351481,True
20260811_184731__rp1__vinf25__incm60__toff59132__Om180__om345,115317.0,0.9997982593854075,0.016530407839963977,23.45532180188296,283.70229127698826,0.9346885667040555,0.11520101377426031,23.653127185313572,230.57728984381976,330.06402079313017,True
20260811_184731__rp1__vinf25__incm60__toff59132__Om180__om45,115317.0,0.9997983685535518,0.01653056132186047,23.455244580350914,283.7023468954367,0.8812293475047223,0.13516734656653667,21.944068901232853,277.33113203028324,302.1559970533075,True
20260811_184731__rp1__vinf25__incm60__toff59132__Om180__om60,115317.0,0.9997960272691451,0.016528443482699953,23.455272423382777,283.71172172247407,0.887974018537965,0.12607879949442918,21.95821347786116,287.2751197512481,305.6315462405804,True
20260811_184731__rp1__vinf25__incm60__toff59132__Om180__om75,115317.0,0.9998042296510454,0.016526544060540074,23.45525752713629,283.6991769359668,0.8965211701329416,0.11819649794070111,22.06113259974252,299.21948462588506,310.0549107994607,True
20260811_184731__rp1__vinf25__incm60__toff59132__Om180__om90,115317.0,0.9997960469979279,0.016528453880837683,23.455271609133394,283.71161746279995,0.9060784488005322,0.10858020367602947,22.280231844826822,311.2829329329532,315.0260672297741,True
20260811_184731__rp1__vinf25__incm60__toff59132__Om270__om0,115317.0,0.9997960353939176,0.016528455450216653,23.455271381212107,283.7116616649465,0.9150517048397713,0.09596346742826821,22.21051978705247,319.6020648967644,319.71737758531225,True
20260811_184731__rp1__vinf25__incm60__toff59132__Om270__om105,115317.0,0.9997987925863888,0.016531058359858134,23.455276352553444,283.7003197998566,1.0660975531642414,0.02020125923510826,20.427983804725542,161.596481244076,402.0621681048518,True
20260811_184731__rp1__vinf25__incm60__toff59132__Om270__om120,115317.0,0.9997997622565062,0.016530648125672637,23.455275580068754,283.6990509682885,1.112107177504109,0.06335419312459885,20.695346863194544,173.6743557642371,428.3687251986948,True
20260811_184731__rp1__vinf25__incm60__toff59132__Om270__om135,115317.0,0.9997940496904248,0.016526527190842143,23.455314427567085,283.7195609310595,1.146559249621646,0.09761997615266746,21.29783712828544,179.4685199927761,448.42781566896286,True
20260811_184731__rp1__vinf25__incm60__toff59132__Om270__om15,115317.0,0.9997960556606045,0.016528441324718642,23.455271983623838,283.71160913067405,0.9270742543161506,0.09983329281525635,21.88617995229119,332.1804403416437,326.03901401613956,True
20260811_184731__rp1__vinf25__incm60__toff59132__Om270__om150,115317.0,0.9998005648390218,0.016530306490914106,23.455276690944217,283.69832375959305,1.1359432668084486,0.11202223770281157,22.126151677713004,192.14474522754787,442.214269932904,True
20260811_184731__rp1__vinf25__incm60__toff59132__Om270__om165,115317.0,0.9997969533774188,0.016529418572700332,23.45533668293698,283.70738648229934,1.0552275411389158,0.11975605789083062,22.785774577795685,225.3427738589595,395.9286844009132,True
20260811_184731__rp1__vinf25__incm60__toff59132__Om270__om180,115317.0,0.9997958834880488,0.016532961603443388,23.45530751885066,283.70162454129263,0.9178295316486427,0.21265563691299474,22.49405234967457,263.3633861782167,321.17433325437634,True
20260811_184731__rp1__vinf25__incm60__toff59132__Om270__om195,115317.0,0.9997960818120941,0.01652843397869553,23.455272028305085,283.7115173232927,0.8324372158985529,0.4044177114670734,20.42401930935937,266.3060096492377,277.4118588478631,True
20260811_184731__rp1__vinf25__incm60__toff59132__Om270__om210,115317.0,0.9997965839723547,0.016528989959987705,23.455265671323584,283.70945904204365,1.119763778479379,0.5456946370428379,19.021188152623058,235.75131513215138,432.80016029887696,True
20260811_184731__rp1__vinf25__incm60__toff59132__Om270__om225,115317.0,0.9997966406916611,0.01652896136190007,23.455265011648187,283.70928655801424,2.746691261669693,0.7214450326002906,22.69414277200599,182.9208697078664,1662.6948787823972,True
20260811_184731__rp1__vinf25__incm60__toff59132__Om270__om240,115317.0,0.99980422769378,0.016526547875711856,23.455258929539283,283.69917794443916,1.9444723007118612,0.49275184373044295,22.9406718393663,147.30160575428553,990.3767395900106,True
20260811_184731__rp1__vinf25__incm60__toff59132__Om270__om255,115317.0,0.9997960203959783,0.016528452289442674,23.455272254464404,283.7117309257492,1.2159555307472276,0.18383430184351324,24.50302238825134,137.44975765037552,489.74986960315005,True
20260811_184731__rp1__vinf25__incm60__toff59132__Om270__om270,115317.0,0.9997995981902714,0.016526953363523597,23.45527094252384,283.70758956906406,0.9942272450863284,0.06555979535765667,25.115724710262946,189.2507461139717,362.09812872671506,True
20260811_184731__rp1__vinf25__incm60__toff59132__Om270__om285,115317.0,0.9997942388414743,0.01652678091214354,23.455331840692597,283.7186309083099,0.9153631667323215,0.07832502731026489,24.84313240682847,244.24067716178655,319.8806277909759,True
20260811_184731__rp1__vinf25__incm60__toff59132__Om270__om30,115317.0,0.9997966254066996,0.016528979585658098,23.455265496122795,283.7093106654777,0.9388173818217131,0.09768189640045705,21.59343293183917,340.30450658664404,332.2534299902608,True
20260811_184731__rp1__vinf25__incm60__toff59132__Om270__om300,115317.0,0.9997986440918245,0.016530797161981706,23.455259302424334,283.70109821733047,0.8889023727936103,0.09138403506837676,24.22760641658191,265.03120196483167,306.1109665057533,True
20260811_184731__rp1__vinf25__incm60__toff59132__Om270__om315,115317.0,0.9997994651059776,0.016530438707134734,23.45526026669708,283.7003312342579,0.8859598059400658,0.09352968896155177,23.584178353729737,278.31638361994817,304.59222921069005,True
20260811_184731__rp1__vinf25__incm60__toff59132__Om270__om330,115317.0,0.9998006330852036,0.016530296121476686,23.455275580367815,283.6980642836767,0.8932163203265612,0.0938457723100913,23.016861985003068,295.7145065610514,308.342056647281,True
20260811_184731__rp1__vinf25__incm60__toff59132__Om270__om345,115317.0,0.9997993880848756,0.016531498001338952,23.455308077646002,283.69771065081557,0.9038046608160147,0.09638086069303868,22.56906328855898,310.4141536165746,313.8409829048586,True
20260811_184731__rp1__vinf25__incm60__toff59132__Om270__om45,115317.0,0.9997966632461063,0.016528970639017274,23.455264964738454,283.70917372065543,0.9518341660849594,0.09190691535923842,21.2963120629345,346.81692115761336,339.1874110039408,True
20260811_184731__rp1__vinf25__incm60__toff59132__Om270__om60,115317.0,0.9997972003063182,0.016529506712102512,23.45525822296186,283.70701450984603,0.9674101141180507,0.07650325325776473,20.987958407211817,352.31536440374464,347.5471453504965,True
20260811_184731__rp1__vinf25__incm60__toff59132__Om270__om75,115317.0,0.9997960059482829,0.01652846410428844,23.455271578756662,283.71176441787077,0.9919281360334008,0.054856288841333936,20.68617898708127,357.83580193335774,360.8428498826259,True
20260811_184731__rp1__vinf25__incm60__toff59132__Om270__om90,115317.0,0.9997983679179964,0.016530564613565724,23.45524375804575,283.702341752495,1.0234923963776559,0.022484127172423624,20.4683554712036,6.555223120715138,378.2027838560411,True
20260811_184731__rp1__vinf25__incm60__toff59132__Om90__om0,115317.0,0.9997948746409953,0.016532040517669534,23.455242905979894,283.7061823961017,0.9111564853259586,0.45117243075874214,26.661068707698252,220.95873707521648,317.6780779124692,True
20260811_184731__rp1__vinf25__incm60__toff59132__Om90__om105,115317.0,0.9997942300045558,0.016526784422624976,23.455331249439627,283.7186592467364,0.8882045842357799,0.10235377005554672,24.21802163834436,277.45181188243396,305.75059148862636,True
20260811_184731__rp1__vinf25__incm60__toff59132__Om90__om120,115317.0,0.9997988937782597,0.01653102845339514,23.45527528664059,283.69996680100996,0.896947980831725,0.10812433920185151,24.536141307488304,289.609074417728,310.2763509169838,True
20260811_184731__rp1__vinf25__incm60__toff59132__Om90__om135,115317.0,0.9997994606874722,0.01653044046103179,23.45525997107013,283.70034540226357,0.905406145764393,0.11024825884815774,24.777303481895757,301.0835760275779,314.67551200516334,True
20260811_184731__rp1__vinf25__incm60__toff59132__Om90__om15,115317.0,0.9997960767624077,0.01652843598407855,23.45527169044553,283.71153351591977,1.1200337849754372,0.6853199026441866,39.72375997749143,182.69234797709265,432.95671014612157,True
20260811_184731__rp1__vinf25__incm60__toff59132__Om90__om150,115317.0,0.9998006343476368,0.016530295620409127,23.45527566483258,283.6980602355694,0.9167625631599989,0.11281197190235018,24.99178142906358,310.01783801035646,320.6144526822395,True
20260811_184731__rp1__vinf25__incm60__toff59132__Om90__om165,115317.0,0.9997993779854358,0.01653150200983824,23.455307401929183,283.6977430333102,0.9249616737130849,0.1075426098808461,25.237007283799482,316.9262047188064,324.9252016901924,True
20260811_184731__rp1__vinf25__incm60__toff59132__Om90__om180,115317.0,0.9997970442414738,0.016529376419462012,23.45533599464161,283.707102600127,0.9333502203295566,0.10166777511979308,25.462919836340657,323.8816823016984,329.3553647192426,True
20260811_184731__rp1__vinf25__incm60__toff59132__Om90__om195,115317.0,0.9997960607102907,0.016528439319329187,23.455272321483402,283.7115929380608,0.9431263251313846,0.089240520054672,25.733461811480357,328.95697882040355,334.5434962667287,True
20260811_184731__rp1__vinf25__incm60__toff59132__Om90__om210,115317.0,0.9997966203570076,0.01652898159085646,23.455265158263206,283.7093268578338,0.9580730568989496,0.07060610788131844,25.997816147217854,333.83188651738686,342.5277256612762,True
20260811_184731__rp1__vinf25__incm60__toff59132__Om90__om225,115317.0,0.9997966581964138,0.01652897264420429,23.45526462687887,283.7091899130362,0.9814621122717443,0.043012219875296485,26.23025096292027,338.7003962518283,355.14695785839575,True
20260811_184731__rp1__vinf25__incm60__toff59132__Om90__om240,115317.0,0.9997972053560161,0.01652950470709763,23.45525856082145,283.70699831772885,1.0197187430562231,0.0034713903912407915,26.348565508070127,324.8809232543492,376.11304213421084,True
20260811_184731__rp1__vinf25__incm60__toff59132__Om90__om255,115317.0,0.9997960160476544,0.016528460093485426,23.4552722544758,283.71173203272554,1.0718620037417899,0.048111550156382354,26.27158841008447,172.0233473059931,405.32753197265595,True
20260811_184731__rp1__vinf25__incm60__toff59132__Om90__om270,115317.0,0.9997983628682869,0.01653056661818086,23.4552434201861,283.70235794412696,1.141815131255672,0.10099051720674103,25.90921437338586,177.50213185596826,445.64750690610276,True
20260811_184731__rp1__vinf25__incm60__toff59132__Om90__om285,115317.0,0.999798801423388,0.016531054852062587,23.455276943806776,283.7002914649355,1.208298962908314,0.1457141907789943,25.204771786834947,181.73265040978325,485.1314104118252,True
20260811_184731__rp1__vinf25__incm60__toff59132__Om90__om30,115317.0,0.9997965890220465,0.016528987954778352,23.455266009183187,283.70944284971233,-2.4367347168688926,1.5057980953509644,21.309819919459105,104.49242430063414,,False
20260811_184731__rp1__vinf25__incm60__toff59132__Om90__om300,115317.0,0.9997995125699728,0.016530416829624254,23.455259595859097,283.7001823948674,1.2296473400289962,0.1639264005620541,24.30455997977901,186.88152348487824,498.0450778497033,True
20260811_184731__rp1__vinf25__incm60__toff59132__Om90__om315,115317.0,0.9997940541088827,0.01652652543553947,23.455314723193837,283.7195467617162,1.170611359676561,0.15939573618516167,23.701515651959024,198.777803261843,462.6119974975109,True
20260811_184731__rp1__vinf25__incm60__toff59132__Om90__om330,115317.0,0.9998005635765889,0.016530306991987244,23.45527660647945,283.6983278076903,1.0671855603610914,0.18765373139627203,24.043520200385522,220.45908234249683,402.67781268825223,True
20260811_184731__rp1__vinf25__incm60__toff59132__Om90__om345,115317.0,0.9997969634768096,0.01652941456258756,23.455337358653644,283.7073540980231,0.9825149472007526,0.29437879701250286,24.949791761101846,228.27636922157447,355.7185714364496,True
20260811_184731__rp1__vinf25__incm60__toff59132__Om90__om45,115317.0,0.9997966457413535,0.016528959356704963,23.45526534950775,283.7092703656332,1.3017337780600204,0.1916253321063905,20.94535326109964,78.82445455954361,542.4766529427653,True
20260811_184731__rp1__vinf25__incm60__toff59132__Om90__om60,115317.0,0.9998042226440113,0.01652654988007588,23.455258591679524,283.69919414051486,0.9848310775870524,0.012361742245506143,21.800314056984824,237.1744347086352,356.9771415275041,True
20260811_184731__rp1__vinf25__incm60__toff59132__Om90__om75,115317.0,0.9997960102966068,0.01652845630024555,23.45527157874527,283.7117633109106,0.9082353222912737,0.07266309905407992,22.89778392281681,253.5832270608384,316.15159158527354,True
20260811_184731__rp1__vinf25__incm60__toff59132__Om90__om90,115317.0,0.9997996032399934,0.016526951358463722,23.455271280383485,283.7075733744492,0.8879174823502083,0.09375028140730439,23.692143994461418,264.5148116601175,305.6023579415727,True
20260811_184731__rp1__vinf25__incm90__toff59132__Om0__om0,115317.0,0.9997968285778938,0.01652912694879273,23.455261941451845,283.70853614708824,1.1456684869989904,0.1290713783641311,21.25919173622111,104.8651567390581,447.9053413894042,True
20260811_184731__rp1__vinf25__incm90__toff59132__Om0__om105,115317.0,0.9998043863959644,0.016526624395609413,23.455294672326204,283.69832195335584,1.0195635056195467,0.04248460353993806,24.10567034031835,148.45152418025063,376.02715874317994,True
20260811_184731__rp1__vinf25__incm90__toff59132__Om0__om120,115317.0,0.9998041322201796,0.016526388800299316,23.45527809678912,283.699480848877,1.0434656031640126,0.06545357561613312,23.07398480861641,133.66079770859335,389.3274243764971,True
20260811_184731__rp1__vinf25__incm90__toff59132__Om0__om135,115317.0,0.9998041216297284,0.01652640515996137,23.455277970114405,283.6994891482102,1.0686928270475493,0.0857944910849757,21.638028305754236,133.33742095858744,403.5312122267697,True
20260811_184731__rp1__vinf25__incm90__toff59132__Om0__om15,115317.0,0.9997968365031166,0.016529126840545225,23.455262617176803,283.7085043167224,1.1308700802407845,0.11579787488812256,21.955137104530014,95.46762987759868,439.2551492643979,True
20260811_184731__rp1__vinf25__incm90__toff59132__Om0__om150,115317.0,0.9997897641534184,0.016532119123415887,23.455261939266553,283.7164521038805,1.0832182341731382,0.08885568759344903,20.27039750729913,143.716616515214,411.78614802453234,True
20260811_184731__rp1__vinf25__incm90__toff59132__Om0__om165,115317.0,0.9997978431769579,0.016530051777866206,23.455327230389223,283.7039461563388,1.0820689579283849,0.08306976220651312,19.72900714210994,165.0408044187483,411.13097466489126,True
20260811_184731__rp1__vinf25__incm90__toff59132__Om0__om180,115317.0,0.9997978247315529,0.016530074295065488,23.455326723627635,283.70397322023166,1.0645932704704884,0.08382627935253562,20.15654423763422,192.74508127309878,401.21149300755604,True
20260811_184731__rp1__vinf25__incm90__toff59132__Om0__om195,115317.0,0.999796832856149,0.01652914044347793,23.455262955059556,283.7084903414346,1.0425777064723505,0.09160237020832498,21.22198576048015,214.03430854362475,388.8306054334926,True
20260811_184731__rp1__vinf25__incm90__toff59132__Om0__om210,115317.0,0.9997968392208234,0.016529121963025604,23.455262617169545,283.708503623906,1.0230141154810763,0.10148257554573246,22.523136831209282,226.7310630528243,377.93771198065514,True
20260811_184731__rp1__vinf25__incm90__toff59132__Om0__om225,115317.0,0.9997968224411173,0.01652913090493414,23.455261603595112,283.70855261651116,1.007557952521915,0.10661367487055003,23.773917260098763,233.53300375556458,369.405062700652,True
20260811_184731__rp1__vinf25__incm90__toff59132__Om0__om240,115317.0,0.9997968235281999,0.016529128953926275,23.45526160359225,283.7085523393906,0.9962835574170185,0.10369159602711231,24.750929414227546,236.25317920646143,363.2220745595802,True
20260811_184731__rp1__vinf25__incm90__toff59132__Om0__om255,115317.0,0.999803887935349,0.016526158401455406,23.455262619397075,283.7005888028501,0.9904113715584635,0.09386844389154672,25.30035855436154,233.1994453080009,360.0155152443437,True
20260811_184731__rp1__vinf25__incm90__toff59132__Om0__om270,115317.0,0.9997968155329019,0.016529150360886855,23.455261941486537,283.708539472552,0.9923750989702546,0.0773174718887704,25.367904682029423,220.79369498634236,361.0867711022386,True
20260811_184731__rp1__vinf25__incm90__toff59132__Om0__om285,115317.0,0.9998043806448199,0.01652662060021357,23.455293996597003,283.6983532321795,1.0050961477408338,0.0657563238716943,24.822750834173313,195.63602845482956,368.0520178073517,True
20260811_184731__rp1__vinf25__incm90__toff59132__Om0__om30,115317.0,0.9997968088525839,0.016529155292532384,23.455261603631307,283.70855608051113,1.099502346876308,0.08864530094873437,23.195344887373466,88.6419390189024,421.1065837447037,True
20260811_184731__rp1__vinf25__incm90__toff59132__Om0__om300,115317.0,0.9997900188866482,0.01653234833157917,23.455278261428365,283.71530436326384,1.031832938354295,0.06875188884535474,24.156837114888994,168.32050881509363,382.8352079716353,True
20260811_184731__rp1__vinf25__incm90__toff59132__Om0__om315,115317.0,0.9998041372699472,0.01652638679590592,23.45527843464855,283.6994646526829,1.0673113745677534,0.09510094388752181,23.228379480132492,139.50297499920774,402.74902441270774,True
20260811_184731__rp1__vinf25__incm90__toff59132__Om0__om330,115317.0,0.99978977355131,0.016532109313583114,23.455262277114397,283.71643481099704,1.1055938050032985,0.11645361077315303,22.139862382024365,125.88124071144196,424.61094558339755,True
20260811_184731__rp1__vinf25__incm90__toff59132__Om0__om345,115317.0,0.9997978388286184,0.0165300595818831,23.455327230399593,283.70394726675477,1.1341988082171484,0.1316272581116617,21.36335984177954,114.06429078700678,441.1960039751794,True
20260811_184731__rp1__vinf25__incm90__toff59132__Om0__om45,115317.0,0.9997988338012307,0.016530991531327893,23.45539116925731,283.6994223353682,1.0575179588041317,0.05280699052991464,24.54091894437749,88.16725287622293,397.21845450942624,True
20260811_184731__rp1__vinf25__incm90__toff59132__Om0__om60,115317.0,0.9997968256322898,0.016529146350623265,23.455262617205744,283.7085070879815,1.02305677392027,0.021367279548376517,25.395401489314644,120.58858394420012,377.96135153859933,True
20260811_184731__rp1__vinf25__incm90__toff59132__Om0__om75,115317.0,0.9997978233288235,0.01653006269657862,23.455326047890207,283.70400338324913,1.0041079815241274,0.02434816410767167,25.41802739983226,186.05963104799454,367.5093724641018,True
20260811_184731__rp1__vinf25__incm90__toff59132__Om0__om90,115317.0,0.9997968311027408,0.016529125946226447,23.455262110381632,283.70852805093534,1.0043242723285852,0.031969550766708356,24.854700990938035,178.95167872933231,367.628124400726,True
20260811_184731__rp1__vinf25__incm90__toff59132__Om180__om0,115317.0,0.9997968133587364,0.016529154262902506,23.455261941492356,283.7085400267954,0.9574685298634305,0.11537479487226883,23.36797587657714,242.41919042023397,342.2035834650567,True
20260811_184731__rp1__vinf25__incm90__toff59132__Om180__om105,115317.0,0.9998043907443604,0.016526616591606046,23.455294672315258,283.69832083998324,0.9305738944064453,0.04070128198733272,22.1773982245262,338.7630205083274,327.88691671553977,True
20260811_184731__rp1__vinf25__incm90__toff59132__Om180__om120,115317.0,0.9997900163618356,0.016532349334424806,23.455278092498784,283.71531245736765,0.9555090763250742,0.046124529758583444,22.505771280848744,347.2845059890644,341.1536447602456,True
20260811_184731__rp1__vinf25__incm90__toff59132__Om180__om135,115317.0,0.9998041303265166,0.016526389551947247,23.45527797009184,283.6994869224481,0.9906991803167464,0.045629287838084225,23.23048950872125,42.6858720036888,360.17245479779456,True
20260811_184731__rp1__vinf25__incm90__toff59132__Om180__om15,115317.0,0.9997968278064548,0.016529142448607686,23.45526261719996,283.70850653373,0.9341182601189828,0.12002501684555182,22.467004604568512,255.34560832915906,329.76198066760827,True
20260811_184731__rp1__vinf25__incm90__toff59132__Om180__om150,115317.0,0.9997897685016875,0.016532111319363964,23.455261939254964,283.7164509993077,1.0399594692412948,0.06514673245249715,24.142734822777403,75.82911678368707,387.36681333480755,True
20260811_184731__rp1__vinf25__incm90__toff59132__Om180__om165,115317.0,0.9997978388286184,0.0165300595818831,23.455327230399593,283.70394726675477,1.1047621540640409,0.09083262847991147,25.046820494757938,94.99846140993597,424.13193375166776,True
20260811_184731__rp1__vinf25__incm90__toff59132__Om180__om180,115317.0,0.999797839950741,0.01653004698100598,23.45532672359134,283.7039693338185,1.169522344528402,0.11418572521363156,25.741102965140797,110.02598779535055,461.966598473508,True
20260811_184731__rp1__vinf25__incm90__toff59132__Om180__om195,115317.0,0.9997968415528107,0.01652912483541557,23.455262955036364,283.70848812441045,1.2165993391643444,0.12515677100084138,26.032429407267855,119.18287033689202,490.13888072969837,True
20260811_184731__rp1__vinf25__incm90__toff59132__Om180__om210,115317.0,0.9997968240016657,0.016529149277134992,23.455262617210074,283.70850750367,1.2122923535913102,0.11766003225525509,25.666857286674965,127.58963476916128,487.53841289422036,True
20260811_184731__rp1__vinf25__incm90__toff59132__Om180__om225,115317.0,0.9997968110267491,0.016529151390516687,23.455261603625523,283.70855552627154,1.1527609418931135,0.08817874779248792,24.44567200107197,136.0454035487961,452.07102276524313,True
20260811_184731__rp1__vinf25__incm90__toff59132__Om180__om240,115317.0,0.9997968104832082,0.016529152366020598,23.455261603626944,283.7085556648311,1.058596299843904,0.05145427553942149,22.13477423262968,155.30060788609708,397.826169203896,True
20260811_184731__rp1__vinf25__incm90__toff59132__Om180__om255,115317.0,0.9997968321547854,0.01652913464457646,23.455262617188357,283.70850542522686,0.9987297865331781,0.06530883068262928,19.467127692148836,172.39587334274077,364.56065371513824,True
20260811_184731__rp1__vinf25__incm90__toff59132__Om180__om270,115317.0,0.9997968285778938,0.01652912694879273,23.455261941451845,283.70853614708824,1.0652303877699236,0.16740691391973136,20.163364294160043,157.8572325863176,401.5717108916877,True
20260811_184731__rp1__vinf25__incm90__toff59132__Om180__om285,115317.0,0.9998043762964237,0.016526628404217064,23.45529399660798,283.6983543455359,1.1852980025877196,0.24985118791495567,24.581956903849573,159.53543515667675,471.3452330278923,True
20260811_184731__rp1__vinf25__incm90__toff59132__Om180__om30,115317.0,0.9997968240717411,0.01652912797842229,23.455261603590795,283.70855220083035,0.9210507214828005,0.12305695353847569,21.804162068239187,263.6780480392585,322.8665930646696,True
20260811_184731__rp1__vinf25__incm90__toff59132__Om180__om300,115317.0,0.9998041347450636,0.016526387798102456,23.455278265718846,283.6994727507802,1.183165206228034,0.22863029951435923,27.06577644196196,168.47601352771707,470.07361478677876,True
20260811_184731__rp1__vinf25__incm90__toff59132__Om180__om315,115317.0,0.9998041285731591,0.016526402403919782,23.455278434671104,283.69946687846596,1.1166832001733986,0.1747203827073365,26.981957208692375,181.09950162880855,431.0153766720555,True
20260811_184731__rp1__vinf25__incm90__toff59132__Om180__om330,115317.0,0.9997897692030409,0.016532117117634925,23.455262277125996,283.71643591557734,1.0470146611108908,0.13333825178009012,25.834145433821224,199.586715916997,391.3153957468878,True
20260811_184731__rp1__vinf25__incm90__toff59132__Om180__om345,115317.0,0.9997978431769579,0.016530051777866206,23.455327230389223,283.7039461563388,0.993074675421425,0.11432740828603896,24.516988865977737,222.68355094821254,361.4686614519604,True
20260811_184731__rp1__vinf25__incm90__toff59132__Om180__om45,115317.0,0.999798845215645,0.016530971045820894,23.455391169233277,283.69941941555004,0.9142442591975207,0.11968934717077767,21.366030145203336,270.6271890952804,319.29429092628243,True
20260811_184731__rp1__vinf25__incm90__toff59132__Om180__om60,115317.0,0.9997968386772819,0.016529122938529567,23.455262617171016,283.70850376246915,0.911516522005913,0.1114740482202894,21.14787840525253,277.7547901071239,317.8663886915384,True
20260811_184731__rp1__vinf25__incm90__toff59132__Om180__om75,115317.0,0.9998048791126293,0.016527086612948317,23.45532604986793,283.6960864883033,0.9145351348553362,0.0980539359426611,21.17797013013152,285.8476550723475,319.44668289842025,True
20260811_184731__rp1__vinf25__incm90__toff59132__Om180__om90,115317.0,0.9997968180577488,0.016529149358320464,23.45526211041636,283.708531376411,0.920214424600251,0.08137460908108506,21.47562095073749,297.78004793913306,322.42695762742613,True
20260811_184731__rp1__vinf25__incm90__toff59132__Om270__om0,115317.0,0.9997966164212453,0.016528204906581544,23.45527138137969,283.7110133073252,0.9397116139295304,0.08345438984994849,22.374700874688358,327.7078392976642,332.728254641923,True
20260811_184731__rp1__vinf25__incm90__toff59132__Om270__om105,115317.0,0.9997993771913656,0.016530815549730793,23.455277028454958,283.69964066145127,1.0074097527032173,0.05332061910224808,21.130128403756622,275.6963023714849,369.3235630459392,True
20260811_184731__rp1__vinf25__incm90__toff59132__Om270__om120,115317.0,0.9997992001342827,0.016530555429891212,23.455259426846972,283.7005338452699,1.0324977210167603,0.06037456278387061,21.292649802462986,239.04603772631992,383.20524345011023,True
20260811_184731__rp1__vinf25__incm90__toff59132__Om270__om135,115317.0,0.9997946283677555,0.016526279073426756,23.45531434326033,283.71891694417263,1.0619682547068963,0.08490940310469544,21.768899719782354,217.53083817962892,399.72848015170564,True
20260811_184731__rp1__vinf25__incm90__toff59132__Om270__om15,115317.0,0.9997966323396272,0.01652819858529316,23.45527198380283,283.71096187903623,0.9459734063331121,0.09215724811810833,22.19487727521726,329.34358146319636,336.05950361884675,True
20260811_184731__rp1__vinf25__incm90__toff59132__Om270__om150,115317.0,0.999798866458393,0.01653035747860969,23.455244299933366,283.7019399689452,1.0815578724075074,0.1151660078704581,22.5888527845717,209.42540762853744,410.8397294442747,True
20260811_184731__rp1__vinf25__incm90__toff59132__Om270__om165,115317.0,0.9997975539023751,0.016529154222359874,23.45533769665163,283.706688418965,1.0823438945059822,0.13883313504947128,23.660653625344306,212.50612027206319,411.2876774176364,True
20260811_184731__rp1__vinf25__incm90__toff59132__Om270__om180,115317.0,0.9997999883938005,0.01653123377189303,23.45530768897594,283.6970120679541,1.049857008426972,0.16642933591218634,24.751945279102156,224.68080982646057,392.90994188157805,True
20260811_184731__rp1__vinf25__incm90__toff59132__Om270__om195,115317.0,0.9997966606653116,0.016528187337546674,23.4552720284784,283.7108695162889,0.9911678433071129,0.2208901301831067,25.692342304605628,240.40941919011743,360.4280613401546,True
20260811_184731__rp1__vinf25__incm90__toff59132__Om270__om210,115317.0,0.9997971584773132,0.01652875112962097,23.455265671510425,283.7088123344866,0.9359012205934146,0.3155342472175445,26.64051863675443,251.27990616419856,330.70656082053046,True
20260811_184731__rp1__vinf25__incm90__toff59132__Om270__om225,115317.0,0.9997971956992574,0.016528736351551436,23.455263998267714,283.70868953331313,0.9945858622503582,0.4472901522893085,27.987640531346987,248.44495319318494,362.29405925504494,True
20260811_184731__rp1__vinf25__incm90__toff59132__Om270__om240,115317.0,0.9997977305673146,0.016529285455425913,23.45525757605176,283.7065115736243,11.162050420208091,0.9470154355309164,25.85534617477474,183.66788912657137,13621.14952134018,True
20260811_184731__rp1__vinf25__incm90__toff59132__Om270__om255,115317.0,0.9997965974256416,0.01652821244897187,23.455272423578897,283.71107613355906,2.495222137973339,0.5716952208366747,25.15479538703827,111.91268492796328,1439.665550745747,True
20260811_184731__rp1__vinf25__incm90__toff59132__Om270__om270,115317.0,0.9997966513352329,0.016528191042938047,23.455270941603665,283.7108990526967,1.2348169303851833,0.18590843078650532,26.230452795389017,105.6076635035743,501.1891417604605,True
20260811_184731__rp1__vinf25__incm90__toff59132__Om270__om285,115317.0,0.9997948088572153,0.016526537757267125,23.455331249595716,283.71801148588116,1.0252192933703201,0.04915389851167827,25.717240661777513,118.55866041969452,379.1603767059856,True
20260811_184731__rp1__vinf25__incm90__toff59132__Om270__om30,115317.0,0.9997971840612486,0.0165287409723268,23.45526414485971,283.70872761759597,0.9509321259729339,0.09507122888457832,22.03854849829068,329.4887376215425,338.70536040995097,True
20260811_184731__rp1__vinf25__incm90__toff59132__Om270__om300,115317.0,0.9997992259352536,0.01653054518925935,23.45525930259297,283.7004495844302,0.9567405087035872,0.0092437216984009,24.763458616097022,251.9374130522145,341.81336058272353,True
20260811_184731__rp1__vinf25__incm90__toff59132__Om270__om315,115317.0,0.9997991586317811,0.01653057190229707,23.455260351073633,283.70066998297824,0.9337900333956303,0.034827176401824304,23.83250600840822,303.091336053565,329.58819027534093,True
20260811_184731__rp1__vinf25__incm90__toff59132__Om270__om330,115317.0,0.9997989529744472,0.01653032313805694,23.455243611650044,283.7016571988281,0.9304675856406776,0.05574314763552493,23.12921963402381,316.8991056764574,327.8307316160628,True
20260811_184731__rp1__vinf25__incm90__toff59132__Om270__om345,115317.0,0.9997999785112784,0.01653123769351332,23.45530841565121,283.6970449031804,0.9339506393514072,0.0721766566798465,22.663550158720646,324.3180138229564,329.67322454496906,True
20260811_184731__rp1__vinf25__incm90__toff59132__Om270__om45,115317.0,0.9997992490239925,0.016530564360731307,23.455393179167867,283.6994561532513,0.956625558092559,0.09426380458867652,21.860023616682017,329.24832298874793,341.75176006397703,True
20260811_184731__rp1__vinf25__incm90__toff59132__Om270__om60,115317.0,0.9997977748114781,0.01652926788972028,23.45525822315079,283.7063677871144,0.9638685740875867,0.0865776460614777,21.643618145705116,326.07219256101126,345.64041789647007,True
20260811_184731__rp1__vinf25__incm90__toff59132__Om270__om75,115317.0,0.999797588599497,0.01652914044768971,23.455335854483767,283.7065737157164,0.9739847182129282,0.07587985858622542,21.410602259956484,318.2036152043125,351.0960994676246,True
20260811_184731__rp1__vinf25__incm90__toff59132__Om270__om90,115317.0,0.9997989388115399,0.016530328759740594,23.455243589312044,283.7017033774716,0.9885146112501335,0.0620271866912896,21.20412751736538,304.4427385237717,358.98179918500824,True
20260811_184731__rp1__vinf25__incm90__toff59132__Om90__om0,115317.0,0.9997989770198572,0.0165303135941326,23.45524290731076,283.70157818404914,1.002349703256238,0.45994700063731286,24.19634802296513,196.86628922637578,366.54448503443956,True
20260811_184731__rp1__vinf25__incm90__toff59132__Om90__om105,115317.0,0.9997948189565624,0.016526533745394787,23.45533192531347,283.7179790984476,0.9295713723952946,0.056807376393396426,24.03257521126542,307.7556314953613,327.35720278564,True
20260811_184731__rp1__vinf25__incm90__toff59132__Om90__om120,115317.0,0.9997992234103945,0.016530546191490816,23.45525913366329,283.70045768037164,0.9329529059884146,0.07303373189787461,24.393618824896382,316.8875138235849,329.14508403388015,True
20260811_184731__rp1__vinf25__incm90__toff59132__Om90__om135,115317.0,0.9997991516884197,0.016530574658459564,23.455259886517027,283.70069224674205,0.9391077805348262,0.08625548309203171,24.60404878028501,322.08586743475485,332.4076028326089,True
20260811_184731__rp1__vinf25__incm90__toff59132__Om90__om15,115317.0,0.9997966556156193,0.016528189342876646,23.45527169061882,283.7108857092458,-14.893185681520482,1.02157888902581,27.553249293294343,104.72308281192521,,False
20260811_184731__rp1__vinf25__incm90__toff59132__Om90__om150,115317.0,0.9997989479247318,0.016530325142615928,23.455243273790394,283.7016733907888,0.9461748918811765,0.09370820594617894,24.715009294297037,325.45367612362526,336.166876730264,True
20260811_184731__rp1__vinf25__incm90__toff59132__Om90__om165,115317.0,0.9997999785112784,0.01653123769351332,23.45530841565121,283.6970449031804,0.9533587253414613,0.0958284502255485,24.848687552848844,326.7789591873996,340.0026554060102,True
20260811_184731__rp1__vinf25__incm90__toff59132__Om90__om180,115317.0,0.9997976277939461,0.016529124886578407,23.455336163720606,283.70644612103916,0.9601990957460796,0.09313845091251725,25.0113206764274,326.9554365914346,343.6685015572851,True
20260811_184731__rp1__vinf25__incm90__toff59132__Om90__om195,115317.0,0.9997966373893193,0.016528196579956803,23.45527232166241,283.7109456860974,0.9672663688629373,0.08448135617782201,25.209925929933885,324.067927290642,347.4696863754946,True
20260811_184731__rp1__vinf25__incm90__toff59132__Om90__om210,115317.0,0.9997971992103417,0.01652873495688308,23.455265158438504,283.708679039567,0.9778151341877613,0.07321742216395795,25.422677460446508,316.8817109882997,353.16928210137917,True
20260811_184731__rp1__vinf25__incm90__toff59132__Om90__om225,115317.0,0.9997972262490317,0.016528724222050213,23.455263613463817,283.70858956196696,0.9917194722866097,0.05924420761073669,25.613254246316533,303.88639619363096,360.72899456630165,True
20260811_184731__rp1__vinf25__incm90__toff59132__Om90__om240,115317.0,0.9997977596623676,0.016529273904583728,23.455257209571936,283.7064163644028,1.0119441135189866,0.05238558339130364,25.702982333803902,276.1657665821146,371.8198600242704,True
20260811_184731__rp1__vinf25__incm90__toff59132__Om90__om255,115317.0,0.9997965974256416,0.01652821244897187,23.455272423578897,283.71107613355906,1.0365316886942897,0.06157425631733089,25.608017218914657,244.5383510096656,385.45320940080916,True
20260811_184731__rp1__vinf25__incm90__toff59132__Om90__om270,115317.0,0.9997989362866823,0.01653032976202186,23.455243420382224,283.70171147344684,1.0628485372237246,0.08763493975694209,25.233014530714485,228.26087598231953,400.2255951540949,True
20260811_184731__rp1__vinf25__incm90__toff59132__Om90__om285,115317.0,0.9997993670919263,0.016530819558533572,23.455276352736846,283.6996730448623,1.0820741956140365,0.11612918385806413,24.486127972565736,223.00445689360444,411.1339597483238,True
20260811_184731__rp1__vinf25__incm90__toff59132__Om90__om30,115317.0,0.9997971433282216,0.016528757145097866,23.455264657931604,283.70886091241874,2.2756485939489575,0.5342154675690919,21.655694548104247,119.61600053337742,1253.8788848091647,True
20260811_184731__rp1__vinf25__incm90__toff59132__Om90__om300,115317.0,0.9997992026591419,0.016530554427656555,23.455259595776635,283.70052574933726,1.0801200554748147,0.13966643461620928,23.358236630911826,225.90295655988425,410.020749754759,True
20260811_184731__rp1__vinf25__incm90__toff59132__Om90__om315,115317.0,0.9997946353110543,0.01652627631516699,23.45531480781667,283.718894677606,1.0456982016068663,0.16837535712501808,22.07095264420138,232.7525386031335,390.5775996209852,True
20260811_184731__rp1__vinf25__incm90__toff59132__Om90__om330,115317.0,0.9997988715081076,0.01653035547402863,23.45524463779305,283.70192377704893,0.9850558462879704,0.22368081185945915,21.08804630085578,237.3108677975253,357.09935822257603,True
20260811_184731__rp1__vinf25__incm90__toff59132__Om90__om345,115317.0,0.9997975539023751,0.016529154222359874,23.45533769665163,283.706688418965,0.9297135304726742,0.3217027854184747,21.181014453100452,228.47094392463296,327.4322990898465,True
20260811_184731__rp1__vinf25__incm90__toff59132__Om90__om45,115317.0,0.9997992184740945,0.016530576486129718,23.455393563971345,283.69955611954896,1.2050819092423821,0.16822044866795238,20.596488050900682,104.63289688659083,483.1952325134284,True
20260811_184731__rp1__vinf25__incm90__toff59132__Om90__om60,115317.0,0.999797745716424,0.016529279440538683,23.45525858963066,283.70646299640464,1.0150107285728374,0.04183924351258602,21.365571224088622,110.30738475747908,373.51129501297135,True
20260811_184731__rp1__vinf25__incm90__toff59132__Om90__om75,115317.0,0.999797588599497,0.01652914044768971,23.455335854483767,283.7065737157164,0.9517854270941825,0.011605568706666786,22.507364227786667,258.85970417073577,339.1613590280978,True
20260811_184731__rp1__vinf25__incm90__toff59132__Om90__om90,115317.0,0.9997966538600788,0.016528190040272343,23.455271110533456,283.71089095622006,0.9322211404472633,0.0373807142666312,23.422979768917205,293.38372690499443,328.7579104796089,True
20260811_184731__rp1p25__vinf25__inc0__toff59132__Om0__om0,115317.0,0.9997986860750188,0.016530837848103084,23.455263944327413,283.700926596965,1.1106979475491692,0.08837297664115644,22.79728222508984,121.36247206261315,427.5547585602022,True
20260811_184731__rp1p25__vinf25__inc0__toff59132__Om0__om105,115317.0,0.999790413721513,0.016532792547871107,23.45527847249039,283.713637059491,2.6872131704665647,0.6950739073046244,23.859805352109635,197.56925417253555,1608.9811992117598,True
20260811_184731__rp1p25__vinf25__inc0__toff59132__Om0__om120,115317.0,0.999803969269454,0.0165262991236642,23.45528516474422,283.70005343359736,2.1454410917107305,0.4887672089616046,19.993644978399686,168.1190296873089,1147.8170774977093,True
20260811_184731__rp1p25__vinf25__inc0__toff59132__Om0__om135,115317.0,0.99978984683488,0.016532250164082152,23.455285352873624,283.7159326730025,1.4324948246250906,0.2555762606338735,20.34230082919814,140.24361189187076,626.2350667358752,True
20260811_184731__rp1p25__vinf25__inc0__toff59132__Om0__om15,115317.0,0.9997987544962894,0.016530828925289582,23.45526291821939,283.700663361309,1.1876986350717638,0.1226329469289906,22.542499871970964,143.1946459435646,472.77790997540654,True
20260811_184731__rp1p25__vinf25__inc0__toff59132__Om0__om150,115317.0,0.9998057142370116,0.01652787894146553,23.455264239728294,283.69308674990384,1.0965860594871324,0.12409260552663633,22.21309701575586,165.95846206414336,419.4322992738758,True
20260811_184731__rp1p25__vinf25__inc0__toff59132__Om0__om165,115317.0,0.9997963516941483,0.016528730880381204,23.455291978858483,283.7102493126961,0.9710676287143826,0.10583053028534982,23.24102661967337,210.44596138203508,349.51997898981756,True
20260811_184731__rp1p25__vinf25__inc0__toff59132__Om0__om180,115317.0,0.9997940660702731,0.01652660196095174,23.45531942734455,283.7194215346078,0.924190772535816,0.11417615756378169,23.7355171084897,236.81923823313304,324.5190772595331,True
20260811_184731__rp1p25__vinf25__inc0__toff59132__Om0__om195,115317.0,0.9997986384357612,0.0165308582763064,23.455264530697644,283.70107920138037,0.9090189778970034,0.11773398839989832,23.95004177170418,253.06810625483192,316.5608589785846,True
20260811_184731__rp1p25__vinf25__inc0__toff59132__Om0__om210,115317.0,0.9997948720084966,0.01652625246164506,23.45532045372712,283.7186974424035,0.9105430234152164,0.11823910495931626,24.051304969321503,264.93596086290654,317.35730327478456,True
20260811_184731__rp1p25__vinf25__inc0__toff59132__Om0__om225,115317.0,0.9998004107541795,0.016530115492104498,23.455264384665927,283.69906294482195,0.9148083107849367,0.11173957371083756,24.08266102865946,279.3314103028615,319.5898239176139,True
20260811_184731__rp1p25__vinf25__inc0__toff59132__Om0__om240,115317.0,0.9997940165772091,0.01652660946738304,23.455320160284206,283.71960975820343,0.9214290762207993,0.10786324970473367,24.085007510664283,288.8554061222218,323.06555710659853,True
20260811_184731__rp1p25__vinf25__inc0__toff59132__Om0__om255,115317.0,0.9997963626286426,0.01652873565478754,23.455291758987077,283.7101938484177,0.92717586538066,0.10153040504045954,24.020912474155693,304.60230732335464,326.0926182644846,True
20260811_184731__rp1p25__vinf25__inc0__toff59132__Om0__om270,115317.0,0.9998057288166097,0.01652788531383785,23.455263946567634,283.6930128001642,0.9320348978431096,0.10972404348133116,23.79879310516428,319.04920380035725,328.6593946846438,True
20260811_184731__rp1p25__vinf25__inc0__toff59132__Om0__om285,115317.0,0.9997904587704288,0.01653275642605225,23.455278069328916,283.71352903985417,0.9205108521268114,0.07802162365131249,25.892841241951974,49.93243503708286,322.58276466468845,True
20260811_184731__rp1p25__vinf25__inc0__toff59132__Om0__om30,115317.0,0.9997991113455219,0.016530663777472837,23.45526409106794,283.70047098452864,1.2329227693132667,0.14322649802308274,22.47186072324723,155.1533434175358,500.03637718593546,True
20260811_184731__rp1p25__vinf25__inc0__toff59132__Om0__om300,115317.0,0.9997901455128312,0.01653250010928206,23.455281857679363,283.71476780632577,0.9498570858271124,0.07791666026886732,23.762036964458215,354.1643605964238,338.1311570788066,True
20260811_184731__rp1p25__vinf25__inc0__toff59132__Om0__om315,115317.0,0.9997898657304474,0.01653223658233155,23.455285169622623,283.71588397571054,0.9669001621663641,0.06967870034026585,23.58530748182985,19.032189671727465,347.2723772078038,True
20260811_184731__rp1p25__vinf25__inc0__toff59132__Om0__om330,115317.0,0.9998033841964862,0.01652576380051243,23.455292274148135,283.70240902663903,0.9962186149036821,0.0637721556223513,23.357675364628836,49.23006758143571,363.18656031792017,True
20260811_184731__rp1p25__vinf25__inc0__toff59132__Om0__om345,115317.0,0.9997987224598256,0.016530829484650823,23.455263431267607,283.7007944231355,1.0438651868866886,0.06563055759126264,23.089594202998327,88.07156043330012,389.55107879332945,True
20260811_184731__rp1p25__vinf25__inc0__toff59132__Om0__om45,115317.0,0.9998004169568105,0.016530120628174154,23.455264238088525,283.69902625214155,1.179279578336064,0.1258127043213357,22.87691811732471,170.3281151177588,467.7598668524649,True
20260811_184731__rp1p25__vinf25__inc0__toff59132__Om0__om60,115317.0,0.9997940049392746,0.01652661409031911,23.45532030687635,283.7196478441639,0.9906870007045088,0.0873116930316584,24.273482372831182,232.1167823120552,360.1658129016833,True
20260811_184731__rp1p25__vinf25__inc0__toff59132__Om0__om75,115317.0,0.9997986010275529,0.016530892877970178,23.4552648239189,283.70115897814355,0.7284865197934178,0.23279514903474025,30.090444117076064,300.69199733364445,227.10676448937795,True
20260811_184731__rp1p25__vinf25__inc0__toff59132__Om0__om90,115317.0,0.9998034627221852,0.016525720474860357,23.455291394573777,283.7021782453597,1.3862843295835894,0.43771491131117746,34.82034931529387,169.2519932563711,596.1784333153757,True
20260811_184731__rp1p25__vinf25__inc0__toff59132__Om180__om0,115317.0,0.9997940660702731,0.01652660196095174,23.45531942734455,283.7194215346078,0.924190772535816,0.11417615756378169,23.7355171084897,236.81923823313304,324.5190772595331,True
20260811_184731__rp1p25__vinf25__inc0__toff59132__Om180__om105,115317.0,0.9997904587704288,0.01653275642605225,23.455278069328916,283.71352903985417,0.9205110582414817,0.07802177961777561,25.89284029860066,49.932270352066105,322.58287301057663,True
20260811_184731__rp1p25__vinf25__inc0__toff59132__Om180__om120,115317.0,0.9997901455128312,0.01653250010928206,23.455281857679363,283.71476780632577,0.9498570858271124,0.07791666026886732,23.762036964458215,354.1643605964238,338.1311570788066,True
20260811_184731__rp1p25__vinf25__inc0__toff59132__Om180__om135,115317.0,0.9997898657304474,0.01653223658233155,23.455285169622623,283.71588397571054,0.9669001621663641,0.06967870034026585,23.58530748182985,19.032189671727465,347.2723772078038,True
20260811_184731__rp1p25__vinf25__inc0__toff59132__Om180__om15,115317.0,0.9997986384357612,0.0165308582763064,23.455264530697644,283.70107920138037,0.9090189778970034,0.11773398839989832,23.95004177170418,253.06810625483192,316.5608589785846,True
20260811_184731__rp1p25__vinf25__inc0__toff59132__Om180__om150,115317.0,0.9998033841964862,0.01652576380051243,23.455292274148135,283.70240902663903,0.9962186149036821,0.0637721556223513,23.357675364628836,49.23006758143571,363.18656031792017,True
20260811_184731__rp1p25__vinf25__inc0__toff59132__Om180__om165,115317.0,0.9997987224598256,0.016530829484650823,23.455263431267607,283.7007944231355,1.0438651868866886,0.06563055759126264,23.089594202998327,88.07156043330012,389.55107879332945,True
20260811_184731__rp1p25__vinf25__inc0__toff59132__Om180__om180,115317.0,0.9997986860750188,0.016530837848103084,23.455263944327413,283.700926596965,1.1106979475491692,0.08837297664115644,22.79728222508984,121.36247206261315,427.5547585602022,True
20260811_184731__rp1p25__vinf25__inc0__toff59132__Om180__om195,115317.0,0.9997987544962894,0.016530828925289582,23.45526291821939,283.700663361309,1.1876986350717638,0.1226329469289906,22.542499871970964,143.1946459435646,472.77790997540654,True
20260811_184731__rp1p25__vinf25__inc0__toff59132__Om180__om210,115317.0,0.9997991113455219,0.016530663777472837,23.45526409106794,283.70047098452864,1.232927942686801,0.14322188075645362,22.47183595129024,155.154048862583,500.0395244361987,True
20260811_184731__rp1p25__vinf25__inc0__toff59132__Om180__om225,115317.0,0.9998004169568105,0.016530120628174154,23.455264238088525,283.69902625214155,1.179279578336064,0.1258127043213357,22.87691811732471,170.3281151177588,467.7598668524649,True
20260811_184731__rp1p25__vinf25__inc0__toff59132__Om180__om240,115317.0,0.9997940049392746,0.01652661409031911,23.45532030687635,283.7196478441639,0.9906870246205931,0.08731170391238374,24.273482089751308,232.11676173625182,360.1658259437783,True
20260811_184731__rp1p25__vinf25__inc0__toff59132__Om180__om255,115317.0,0.9997986010275529,0.016530892877970178,23.4552648239189,283.70115897814355,0.7284865197934178,0.23279514903474025,30.090444117076064,300.69199733364445,227.10676448937795,True
20260811_184731__rp1p25__vinf25__inc0__toff59132__Om180__om270,115317.0,0.9998034627221852,0.016525720474860357,23.455291394573777,283.7021782453597,1.3862843295835894,0.43771491131117746,34.82034931529387,169.2519932563711,596.1784333153757,True
20260811_184731__rp1p25__vinf25__inc0__toff59132__Om180__om285,115317.0,0.999790413721513,0.016532792547871107,23.45527847249039,283.713637059491,2.6872131704665647,0.6950739073046244,23.859805352109635,197.56925417253555,1608.9811992117598,True
20260811_184731__rp1p25__vinf25__inc0__toff59132__Om180__om30,115317.0,0.9997948720084966,0.01652625246164506,23.45532045372712,283.7186974424035,0.9105430234152164,0.11823910495931626,24.051304969321503,264.93596086290654,317.35730327478456,True
20260811_184731__rp1p25__vinf25__inc0__toff59132__Om180__om300,115317.0,0.999803969269454,0.0165262991236642,23.45528516474422,283.70005343359736,2.1454410917107305,0.4887672089616046,19.993644978399686,168.1190296873089,1147.8170774977093,True
20260811_184731__rp1p25__vinf25__inc0__toff59132__Om180__om315,115317.0,0.99978984683488,0.016532250164082152,23.455285352873624,283.7159326730025,1.4324948246250906,0.2555762606338735,20.34230082919814,140.24361189187076,626.2350667358752,True
20260811_184731__rp1p25__vinf25__inc0__toff59132__Om180__om330,115317.0,0.9998057142370116,0.01652787894146553,23.455264239728294,283.69308674990384,1.0965860594871324,0.12409260552663633,22.21309701575586,165.95846206414336,419.4322992738758,True
20260811_184731__rp1p25__vinf25__inc0__toff59132__Om180__om345,115317.0,0.9997963516941483,0.016528730880381204,23.455291978858483,283.7102493126961,0.9710676287014897,0.10583052852003441,23.241026621509953,210.44595985988227,349.5199789828566,True
20260811_184731__rp1p25__vinf25__inc0__toff59132__Om180__om45,115317.0,0.9998004107541795,0.016530115492104498,23.455264384665927,283.69906294482195,0.9148083107849367,0.11173957371083756,24.08266102865946,279.3314103028615,319.5898239176139,True
20260811_184731__rp1p25__vinf25__inc0__toff59132__Om180__om60,115317.0,0.9997940165772091,0.01652660946738304,23.455320160284206,283.71960975820343,0.9214290762207993,0.10786324970473367,24.085007510664283,288.8554061222218,323.06555710659853,True
20260811_184731__rp1p25__vinf25__inc0__toff59132__Om180__om75,115317.0,0.9997963626286426,0.01652873565478754,23.455291758987077,283.7101938484177,0.92717586538066,0.10153040504045954,24.020912474155693,304.60230732335464,326.0926182644846,True
20260811_184731__rp1p25__vinf25__inc0__toff59132__Om180__om90,115317.0,0.9998057288166097,0.01652788531383785,23.455263946567634,283.6930128001642,0.9320348978431096,0.10972404348133116,23.79879310516428,319.04920380035725,328.6593946846438,True
20260811_184731__rp1p25__vinf25__inc0__toff59132__Om270__om0,115317.0,0.9998057288166097,0.01652788531383785,23.455263946567634,283.6930128001642,0.9320348978431096,0.10972404348133116,23.79879310516428,319.04920380035725,328.6593946846438,True
20260811_184731__rp1p25__vinf25__inc0__toff59132__Om270__om105,115317.0,0.9997987544962894,0.016530828925289582,23.45526291821939,283.700663361309,1.1876986350717638,0.1226329469289906,22.542499871970964,143.1946459435646,472.77790997540654,True
20260811_184731__rp1p25__vinf25__inc0__toff59132__Om270__om120,115317.0,0.9997991113455219,0.016530663777472837,23.45526409106794,283.70047098452864,1.2329251172380777,0.14322463844833797,22.471848100393828,155.15360032082435,500.0378055580986,True
20260811_184731__rp1p25__vinf25__inc0__toff59132__Om270__om135,115317.0,0.9998004169568105,0.016530120628174154,23.455264238088525,283.69902625214155,1.179279578336064,0.1258127043213357,22.87691811732471,170.3281151177588,467.7598668524649,True
20260811_184731__rp1p25__vinf25__inc0__toff59132__Om270__om15,115317.0,0.9997904587704288,0.01653275642605225,23.455278069328916,283.71352903985417,0.9205103567499047,0.07802099955755198,25.892841147087744,49.93236538878207,322.582504265753,True
20260811_184731__rp1p25__vinf25__inc0__toff59132__Om270__om150,115317.0,0.9997940049392746,0.01652661409031911,23.45532030687635,283.7196478441639,0.9906870007045088,0.0873116930316584,24.273482372831182,232.1167823120552,360.1658129016833,True
20260811_184731__rp1p25__vinf25__inc0__toff59132__Om270__om165,115317.0,0.9997986010275529,0.016530892877970178,23.4552648239189,283.70115897814355,0.7288235755358222,0.2330223586802295,30.090853601418946,300.8063605357439,227.26439916881714,True
20260811_184731__rp1p25__vinf25__inc0__toff59132__Om270__om180,115317.0,0.9998034627221852,0.016525720474860357,23.455291394573777,283.7021782453597,1.3862843295835894,0.43771491131117746,34.82034931529387,169.2519932563711,596.1784333153757,True
20260811_184731__rp1p25__vinf25__inc0__toff59132__Om270__om195,115317.0,0.999790413721513,0.016532792547871107,23.45527847249039,283.713637059491,2.687213148981158,0.6950739157932068,23.85980519768105,197.56925659702904,1608.9811799150311,True
20260811_184731__rp1p25__vinf25__inc0__toff59132__Om270__om210,115317.0,0.999803969269454,0.0165262991236642,23.45528516474422,283.70005343359736,2.1454410917107305,0.4887672089616046,19.993644978399686,168.1190296873089,1147.8170774977093,True
20260811_184731__rp1p25__vinf25__inc0__toff59132__Om270__om225,115317.0,0.99978984683488,0.016532250164082152,23.455285352873624,283.7159326730025,1.4324948246250906,0.2555762606338735,20.34230082919814,140.24361189187076,626.2350667358752,True
20260811_184731__rp1p25__vinf25__inc0__toff59132__Om270__om240,115317.0,0.9998057142370116,0.01652787894146553,23.455264239728294,283.69308674990384,1.0965860594871324,0.12409260552663633,22.21309701575586,165.95846206414336,419.4322992738758,True
20260811_184731__rp1p25__vinf25__inc0__toff59132__Om270__om255,115317.0,0.9997963516941483,0.016528730880381204,23.455291978858483,283.7102493126961,0.9710676287014897,0.10583052852003441,23.241026621509953,210.44595985988227,349.5199789828566,True
20260811_184731__rp1p25__vinf25__inc0__toff59132__Om270__om270,115317.0,0.9997940660702731,0.01652660196095174,23.45531942734455,283.7194215346078,0.924190772535816,0.11417615756378169,23.7355171084897,236.81923823313304,324.5190772595331,True
20260811_184731__rp1p25__vinf25__inc0__toff59132__Om270__om285,115317.0,0.9997986384357612,0.0165308582763064,23.455264530697644,283.70107920138037,0.9090189778970034,0.11773398839989832,23.95004177170418,253.06810625483192,316.5608589785846,True
20260811_184731__rp1p25__vinf25__inc0__toff59132__Om270__om30,115317.0,0.9997901455128312,0.01653250010928206,23.455281857679363,283.71476780632577,0.9498570858271124,0.07791666026886732,23.762036964458215,354.1643605964238,338.1311570788066,True
20260811_184731__rp1p25__vinf25__inc0__toff59132__Om270__om300,115317.0,0.9997948720084966,0.01652625246164506,23.45532045372712,283.7186974424035,0.9105430234152164,0.11823910495931626,24.051304969321503,264.93596086290654,317.35730327478456,True
20260811_184731__rp1p25__vinf25__inc0__toff59132__Om270__om315,115317.0,0.9998004107541795,0.016530115492104498,23.455264384665927,283.69906294482195,0.9148083107849367,0.11173957371083756,24.08266102865946,279.3314103028615,319.5898239176139,True
20260811_184731__rp1p25__vinf25__inc0__toff59132__Om270__om330,115317.0,0.9997940165772091,0.01652660946738304,23.455320160284206,283.71960975820343,0.9214290762207993,0.10786324970473367,24.085007510664283,288.8554061222218,323.06555710659853,True
20260811_184731__rp1p25__vinf25__inc0__toff59132__Om270__om345,115317.0,0.9997963626286426,0.01652873565478754,23.455291758987077,283.7101938484177,0.92717586538066,0.10153040504045954,24.020912474155693,304.60230732335464,326.0926182644846,True
20260811_184731__rp1p25__vinf25__inc0__toff59132__Om270__om45,115317.0,0.9997898657304474,0.01653223658233155,23.455285169622623,283.71588397571054,0.9669001621663641,0.06967870034026585,23.58530748182985,19.032189671727465,347.2723772078038,True
20260811_184731__rp1p25__vinf25__inc0__toff59132__Om270__om60,115317.0,0.9998033841964862,0.01652576380051243,23.455292274148135,283.70240902663903,0.9962186149036821,0.0637721556223513,23.357675364628836,49.23006758143571,363.18656031792017,True
20260811_184731__rp1p25__vinf25__inc0__toff59132__Om270__om75,115317.0,0.9997987224598256,0.016530829484650823,23.455263431267607,283.7007944231355,1.0438651868866886,0.06563055759126264,23.089594202998327,88.07156043330012,389.55107879332945,True
20260811_184731__rp1p25__vinf25__inc0__toff59132__Om270__om90,115317.0,0.9997986860750188,0.016530837848103084,23.455263944327413,283.700926596965,1.1106979475491692,0.08837297664115644,22.79728222508984,121.36247206261315,427.5547585602022,True
20260811_184731__rp1p25__vinf25__inc0__toff59132__Om90__om0,115317.0,0.9998034627221852,0.016525720474860357,23.455291394573777,283.7021782453597,1.3862843295835894,0.43771491131117746,34.82034931529387,169.2519932563711,596.1784333153757,True
20260811_184731__rp1p25__vinf25__inc0__toff59132__Om90__om105,115317.0,0.9997986384357612,0.0165308582763064,23.455264530697644,283.70107920138037,0.9090189778970034,0.11773398839989832,23.95004177170418,253.06810625483192,316.5608589785846,True
20260811_184731__rp1p25__vinf25__inc0__toff59132__Om90__om120,115317.0,0.9997948720084966,0.01652625246164506,23.45532045372712,283.7186974424035,0.9105430234152164,0.11823910495931626,24.051304969321503,264.93596086290654,317.35730327478456,True
20260811_184731__rp1p25__vinf25__inc0__toff59132__Om90__om135,115317.0,0.9998004107541795,0.016530115492104498,23.455264384665927,283.69906294482195,0.9148083107849367,0.11173957371083756,24.08266102865946,279.3314103028615,319.5898239176139,True
20260811_184731__rp1p25__vinf25__inc0__toff59132__Om90__om15,115317.0,0.999790413721513,0.016532792547871107,23.45527847249039,283.713637059491,2.6872131704665647,0.6950739073046244,23.859805352109635,197.56925417253555,1608.9811992117598,True
20260811_184731__rp1p25__vinf25__inc0__toff59132__Om90__om150,115317.0,0.9997940165772091,0.01652660946738304,23.455320160284206,283.71960975820343,0.9214290762207993,0.10786324970473367,24.085007510664283,288.8554061222218,323.06555710659853,True
20260811_184731__rp1p25__vinf25__inc0__toff59132__Om90__om165,115317.0,0.9997963626286426,0.01652873565478754,23.455291758987077,283.7101938484177,0.92717586538066,0.10153040504045954,24.020912474155693,304.60230732335464,326.0926182644846,True
20260811_184731__rp1p25__vinf25__inc0__toff59132__Om90__om180,115317.0,0.9998057288166097,0.01652788531383785,23.455263946567634,283.6930128001642,0.9320348978431096,0.10972404348133116,23.79879310516428,319.04920380035725,328.6593946846438,True
20260811_184731__rp1p25__vinf25__inc0__toff59132__Om90__om195,115317.0,0.9997904587704288,0.01653275642605225,23.455278069328916,283.71352903985417,0.9205110582414817,0.07802177961777561,25.89284029860066,49.932270352066105,322.58287301057663,True
20260811_184731__rp1p25__vinf25__inc0__toff59132__Om90__om210,115317.0,0.9997901455128312,0.01653250010928206,23.455281857679363,283.71476780632577,0.9498570858271124,0.07791666026886732,23.762036964458215,354.1643605964238,338.1311570788066,True
20260811_184731__rp1p25__vinf25__inc0__toff59132__Om90__om225,115317.0,0.9997898657304474,0.01653223658233155,23.455285169622623,283.71588397571054,0.9669001621663641,0.06967870034026585,23.58530748182985,19.032189671727465,347.2723772078038,True
20260811_184731__rp1p25__vinf25__inc0__toff59132__Om90__om240,115317.0,0.9998033841964862,0.01652576380051243,23.455292274148135,283.70240902663903,0.9962186149036821,0.0637721556223513,23.357675364628836,49.23006758143571,363.18656031792017,True
20260811_184731__rp1p25__vinf25__inc0__toff59132__Om90__om255,115317.0,0.9997987224598256,0.016530829484650823,23.455263431267607,283.7007944231355,1.0438651868866886,0.06563055759126264,23.089594202998327,88.07156043330012,389.55107879332945,True
20260811_184731__rp1p25__vinf25__inc0__toff59132__Om90__om270,115317.0,0.9997986860750188,0.016530837848103084,23.455263944327413,283.700926596965,1.1106979475491692,0.08837297664115644,22.79728222508984,121.36247206261315,427.5547585602022,True
20260811_184731__rp1p25__vinf25__inc0__toff59132__Om90__om285,115317.0,0.9997987544962894,0.016530828925289582,23.45526291821939,283.700663361309,1.1876986350717638,0.1226329469289906,22.542499871970964,143.1946459435646,472.77790997540654,True
20260811_184731__rp1p25__vinf25__inc0__toff59132__Om90__om30,115317.0,0.999803969269454,0.0165262991236642,23.45528516474422,283.70005343359736,2.1454410917107305,0.4887672089616046,19.993644978399686,168.1190296873089,1147.8170774977093,True
20260811_184731__rp1p25__vinf25__inc0__toff59132__Om90__om300,115317.0,0.9997991113455219,0.016530663777472837,23.45526409106794,283.70047098452864,1.2329280981276474,0.14322143114656447,22.47183616250831,155.1541181705645,500.03961899959535,True
20260811_184731__rp1p25__vinf25__inc0__toff59132__Om90__om315,115317.0,0.9998004169568105,0.016530120628174154,23.455264238088525,283.69902625214155,1.179279578336064,0.1258127043213357,22.87691811732471,170.3281151177588,467.7598668524649,True
20260811_184731__rp1p25__vinf25__inc0__toff59132__Om90__om330,115317.0,0.9997940049392746,0.01652661409031911,23.45532030687635,283.7196478441639,0.9906870246205931,0.08731170391238374,24.273482089751308,232.11676173625182,360.1658259437783,True
20260811_184731__rp1p25__vinf25__inc0__toff59132__Om90__om345,115317.0,0.9997986010275529,0.016530892877970178,23.4552648239189,283.70115897814355,0.7284865197934178,0.23279514903474025,30.090444117076064,300.69199733364445,227.10676448937795,True
20260811_184731__rp1p25__vinf25__inc0__toff59132__Om90__om45,115317.0,0.99978984683488,0.016532250164082152,23.455285352873624,283.7159326730025,1.4324948246250906,0.2555762606338735,20.34230082919814,140.24361189187076,626.2350667358752,True
20260811_184731__rp1p25__vinf25__inc0__toff59132__Om90__om60,115317.0,0.9998057142370116,0.01652787894146553,23.455264239728294,283.69308674990384,1.0965860594871324,0.12409260552663633,22.21309701575586,165.95846206414336,419.4322992738758,True
20260811_184731__rp1p25__vinf25__inc0__toff59132__Om90__om75,115317.0,0.9997963516941483,0.016528730880381204,23.455291978858483,283.7102493126961,0.9710676287014897,0.10583052852003441,23.241026621509953,210.44595985988227,349.5199789828566,True
20260811_184731__rp1p25__vinf25__inc0__toff59132__Om90__om90,115317.0,0.9997940660702731,0.01652660196095174,23.45531942734455,283.7194215346078,0.924190772535816,0.11417615756378169,23.7355171084897,236.81923823313304,324.5190772595331,True
20260811_184731__rp1p25__vinf25__inc30__toff59132__Om0__om0,115317.0,0.9997959898303598,0.016528458349514445,23.455272694229024,283.7118440709181,1.1101400555883583,0.08950081862117186,23.586601391220395,120.09993041677107,427.23266459047187,True
20260811_184731__rp1p25__vinf25__inc30__toff59132__Om0__om105,115317.0,0.9997906364038532,0.016532960816077233,23.455289572657772,283.71266330033905,-1.6669698120378735,6.367770412344833,104.73151805196713,223.65056164517094,,False
20260811_184731__rp1p25__vinf25__inc30__toff59132__Om0__om120,115317.0,0.9998039479448981,0.016526316500883865,23.455285279914023,283.7001141932303,-1.5447813352904454,1.9976785816582183,35.57745561646466,58.378239849475285,,False
20260811_184731__rp1p25__vinf25__inc30__toff59132__Om0__om135,115317.0,0.999789790737171,0.01653219876283332,23.455280835152717,283.71618559292267,1.940614825497487,0.3765229197741451,25.25349853764161,101.93521289555413,987.4311138967217,True
20260811_184731__rp1p25__vinf25__inc30__toff59132__Om0__om15,115317.0,0.9997993760961323,0.01653149972020584,23.4553080553032,283.69775627070135,1.1944883543731815,0.1288657855759518,23.67027725523541,143.3874999422884,476.83779419936656,True
20260811_184731__rp1p25__vinf25__inc30__toff59132__Om0__om150,115317.0,0.9998042659704439,0.016526526606804492,23.455257498510207,283.69906495287137,1.1324779480139093,0.12597679740629075,23.87456010103147,148.6000291750402,440.19227969962105,True
20260811_184731__rp1p25__vinf25__inc30__toff59132__Om0__om165,115317.0,0.9997988798037961,0.016531029820859206,23.455276002140195,283.7000219598143,0.9679903367888482,0.10457516847730519,23.44020248691366,208.00539757031464,347.859864274208,True
20260811_184731__rp1p25__vinf25__inc30__toff59132__Om0__om180,115317.0,0.9997983574986676,0.01653058546429188,23.45524293576739,283.70233911024843,0.9165402586833246,0.1179566031978399,23.255642651059585,234.62017890205522,320.4978417242519,True
20260811_184731__rp1p25__vinf25__inc30__toff59132__Om0__om195,115317.0,0.9997983883185317,0.016530553477127237,23.455243126996415,283.7022812245371,0.9032950690991268,0.12347018756007268,23.2425188181119,250.95420460121272,313.575591122704,True
20260811_184731__rp1p25__vinf25__inc30__toff59132__Om0__om210,115317.0,0.9997992008770503,0.016530221167262035,23.455243691334175,283.7014924834962,0.9054614591823433,0.11988023889902356,23.21184475091189,264.83560400926063,314.7043488603687,True
20260811_184731__rp1p25__vinf25__inc30__toff59132__Om0__om225,115317.0,0.9997965272564668,0.016526483095440313,23.455363348395,283.71431917111914,0.9117756477873941,0.11445407252490952,23.20403061955236,277.0829541519396,318.0019428388687,True
20260811_184731__rp1p25__vinf25__inc30__toff59132__Om0__om240,115317.0,0.999796021515964,0.01652845488348392,23.455272012244315,283.71172053350017,0.920840575633806,0.10932451363295015,23.19685626616218,290.06205287508845,322.7561020746122,True
20260811_184731__rp1p25__vinf25__inc30__toff59132__Om0__om255,115317.0,0.9997988408919888,0.016531054382068054,23.455276610862132,283.7001297768371,0.9265307341129787,0.1022559575737016,23.222543124487437,302.3018104172601,325.75233339506013,True
20260811_184731__rp1p25__vinf25__inc30__toff59132__Om0__om270,115317.0,0.9998053873490867,0.016527616719141144,23.45524429575807,283.69451434278255,0.9317899126059414,0.11330731957593229,23.204206779082508,310.0513440901802,328.5298210891301,True
20260811_184731__rp1p25__vinf25__inc30__toff59132__Om0__om285,115317.0,0.9997904484548091,0.01653268684041809,23.455273376404982,283.71363249923644,0.9380690882340956,0.08256405048464736,22.700753078455552,53.80265358314005,331.8562703815593,True
20260811_184731__rp1p25__vinf25__inc30__toff59132__Om0__om30,115317.0,0.9997987964496954,0.016530384687032624,23.455243904782066,283.7018853120102,1.2524766623808201,0.15447089872203765,23.67012970716563,156.3303642312569,511.97912508195697,True
20260811_184731__rp1p25__vinf25__inc30__toff59132__Om0__om300,115317.0,0.9997899529949301,0.01653231252595606,23.455278967043974,283.7155739970244,0.9464828704333225,0.0831306567279344,23.33043500999094,351.9854902298834,336.331022830473,True
20260811_184731__rp1p25__vinf25__inc30__toff59132__Om0__om315,115317.0,0.9997897909678067,0.016532192594059233,23.455281137923357,283.7161981669242,0.9636996467622946,0.0743829601279459,23.367347231573298,13.92031496798374,345.54955661953016,True
20260811_184731__rp1p25__vinf25__inc30__toff59132__Om0__om330,115317.0,0.9998047867957476,0.016526986780662466,23.455289342669143,283.696718518174,0.9923142149364083,0.06583055835415408,23.42695853169251,42.75201177592653,361.0535416076405,True
20260811_184731__rp1p25__vinf25__inc30__toff59132__Om0__om345,115317.0,0.9997965716442986,0.016528894170714566,23.455303067866776,283.70929735266486,1.0404709758517916,0.06548636744044059,23.49985250153769,83.87171024930133,387.65263944664275,True
20260811_184731__rp1p25__vinf25__inc30__toff59132__Om0__om45,115317.0,0.9998011407748842,0.016530750880632678,23.455307886877247,283.69578446697574,1.1943306181851703,0.13532952766069026,23.562330302394408,172.7463603457335,476.74334527584733,True
20260811_184731__rp1p25__vinf25__inc30__toff59132__Om0__om60,115317.0,0.9997984177972127,0.016530549373618975,23.45524268723581,283.70216836792844,0.9699257664948202,0.09449053695733158,23.12888278008601,244.3711310346646,348.9036681902047,True
20260811_184731__rp1p25__vinf25__inc30__toff59132__Om0__om75,115317.0,0.9997961043845665,0.016528434131479846,23.45527166184219,283.7114237734956,0.5919126482740067,0.4434312366505851,20.09565024141957,294.4468902667093,166.3352214728177,True
20260811_184731__rp1p25__vinf25__inc30__toff59132__Om0__om90,115317.0,0.999803572319119,0.01652593368002802,23.455303718411457,283.7015742068413,-0.49687066182927825,3.152748234067114,72.06804975589553,72.38870579351172,,False
20260811_184731__rp1p25__vinf25__inc30__toff59132__Om180__om0,115317.0,0.9997983701229413,0.016530580452760575,23.455243780416517,283.7022986312022,0.9639944674295898,0.09526977265633557,23.50863578551118,232.59965919472847,345.70813757736175,True
20260811_184731__rp1p25__vinf25__inc30__toff59132__Om180__om105,115317.0,0.9997906930906476,0.016532920073205604,23.45528902290527,283.7125172064292,0.9594903632287405,0.0721812955104819,23.42296591685536,88.71492819077889,343.2880740616703,True
20260811_184731__rp1p25__vinf25__inc30__toff59132__Om180__om120,115317.0,0.9997900192033276,0.016532368825561937,23.45528321652804,283.71527897042176,0.9602624678274261,0.05621347461773307,24.149962363434337,0.7525284320774112,343.7025247317653,True
20260811_184731__rp1p25__vinf25__inc30__toff59132__Om180__om135,115317.0,0.9997897878117927,0.01653219384766299,23.455280926761404,283.7162082845814,0.9815815834795097,0.0522469718814628,23.700494744224052,34.02928454021586,355.21180670990304,True
20260811_184731__rp1p25__vinf25__inc30__toff59132__Om180__om15,115317.0,0.9997993996921628,0.016531473640480368,23.455307908681977,283.6977151280138,0.943580173373438,0.10073436100046386,24.062939162867156,250.98268950494915,334.7850072470476,True
20260811_184731__rp1p25__vinf25__inc30__toff59132__Om180__om150,115317.0,0.9998042848983959,0.01652652517294562,23.455257205337915,283.69898988158104,1.0150908085503996,0.05790045142788221,23.195213957667384,67.70213002892599,373.55549853501105,True
20260811_184731__rp1p25__vinf25__inc30__toff59132__Om180__om165,115317.0,0.9997965817436814,0.016528890160302734,23.45530374358464,283.7092649677926,1.0616484086230094,0.07114182943492502,22.630753649276507,95.9071217637308,399.5479070112876,True
20260811_184731__rp1p25__vinf25__inc30__toff59132__Om180__om180,115317.0,0.999795977206146,0.01652846336304237,23.455271849580086,283.71188455231794,1.1151771221328446,0.08806839116369335,22.08491385596027,117.61894689154863,430.14370079904626,True
20260811_184731__rp1p25__vinf25__inc30__toff59132__Om180__om195,115317.0,0.9997983647225489,0.016530579557673727,23.455243273621072,283.70232236291906,1.16156540972369,0.10172677853543578,21.7379827604218,132.29116861139025,457.2600888407894,True
20260811_184731__rp1p25__vinf25__inc30__toff59132__Om180__om210,115317.0,0.9997987888751246,0.016530387693899733,23.455243397992568,283.7019095998145,1.170438841768135,0.10353594884766419,21.83945323423485,143.84206930842203,462.509735658369,True
20260811_184731__rp1p25__vinf25__inc30__toff59132__Om180__om225,115317.0,0.9998011382500155,0.016530751882678087,23.455307717948028,283.69579256309703,1.1253915313510507,0.08683477155438638,22.646006749827013,161.98854704966675,436.06703253945267,True
20260811_184731__rp1p25__vinf25__inc30__toff59132__Om180__om240,115317.0,0.9997984228469228,0.01653054736901959,23.455243025095438,283.7021521762563,1.0270878847795681,0.07168913808282854,24.312601163243276,202.233995470191,380.19745027643467,True
20260811_184731__rp1p25__vinf25__inc30__toff59132__Om180__om255,115317.0,0.9997966024926935,0.01652889711547421,23.455303546061227,283.70916443245665,0.9371512055011245,0.09060902583047306,26.527563022820264,230.80357453601673,331.36931699055657,True
20260811_184731__rp1p25__vinf25__inc30__toff59132__Om180__om270,115317.0,0.9998030805216173,0.016525468113383318,23.455272256629016,283.70381344808834,0.9788445839221187,0.11833747733976904,26.873644334311937,188.62745752165927,353.7271570303829,True
20260811_184731__rp1p25__vinf25__inc30__toff59132__Om180__om285,115317.0,0.9997903917680425,0.016532727584013373,23.45527392615847,283.71377859270484,1.1872138579272695,0.23943192918899303,22.864451142406942,159.5419245776141,472.4884823422731,True
20260811_184731__rp1p25__vinf25__inc30__toff59132__Om180__om30,115317.0,0.9997992084516272,0.016530218160446093,23.455244198123676,283.7014681953609,0.9337757027719078,0.10317845130272117,24.44567835265377,264.92608285336826,329.58060315289185,True
20260811_184731__rp1p25__vinf25__inc30__toff59132__Om180__om300,115317.0,0.9998038817359858,0.016526260181150793,23.45528103045618,283.70040926460393,1.254852515519329,0.24961007192395082,20.315668129980466,155.58652550946158,513.4365940081656,True
20260811_184731__rp1p25__vinf25__inc30__toff59132__Om180__om315,115317.0,0.9997897938931852,0.01653219750923081,23.455281046314674,283.71617547526677,1.1707436755237037,0.1849638250047385,20.519986989075022,158.9087776155382,462.6904342401973,True
20260811_184731__rp1p25__vinf25__inc30__toff59132__Om180__om330,115317.0,0.9998047678677766,0.01652698821375157,23.455289635841986,283.696793587535,1.072141053838491,0.124616779670799,21.64187698428547,175.1661539777421,405.4858276038115,True
20260811_184731__rp1p25__vinf25__inc30__toff59132__Om180__om345,115317.0,0.9997988697043669,0.016531033829723988,23.45527532642212,283.7000543426956,1.0043957083060546,0.09719774582475385,22.70568563939628,204.557281817782,367.6673482980087,True
20260811_184731__rp1p25__vinf25__inc30__toff59132__Om180__om45,115317.0,0.9997965297813123,0.01652648209261969,23.45536351732413,283.71431107400946,0.9302768396623826,0.10129885686306271,24.687586169900605,276.3218989089371,327.7299287675507,True
20260811_184731__rp1p25__vinf25__inc30__toff59132__Om180__om60,115317.0,0.9997960164662784,0.01652845688888381,23.455271674384758,283.7117367260813,0.9307020370470672,0.09662320048071543,24.798495597075092,287.2756016722004,327.9546454719445,True
20260811_184731__rp1p25__vinf25__inc30__toff59132__Om180__om75,115317.0,0.9997983427833985,0.01653059130442482,23.455244726981586,283.7023885893949,0.9335710194399451,0.087601524936627,24.752089204006275,299.1932015890867,329.47224314917054,True
20260811_184731__rp1p25__vinf25__inc30__toff59132__Om180__om90,115317.0,0.9998058791470911,0.016528082381138762,23.455275757200464,283.692275635291,0.9399648799786446,0.08023795228864401,24.464392765977998,312.5849107748928,332.8627764147116,True
20260811_184731__rp1p25__vinf25__inc30__toff59132__Om270__om0,115317.0,0.9997983693557652,0.016530565562260933,23.455243926978536,283.7023339345329,0.9398798359836504,0.08906891947284941,24.706620104794386,321.7259563439968,332.8176034397607,True
20260811_184731__rp1p25__vinf25__inc30__toff59132__Om270__om105,115317.0,0.9997989342725659,0.016531017319929068,23.4552745313531,283.69982347465066,1.2048301367870806,0.1358480147714676,23.84607461388366,157.8544457704862,483.04381264557327,True
20260811_184731__rp1p25__vinf25__inc30__toff59132__Om270__om120,115317.0,0.9997995433079108,0.01653050052418216,23.455263959019163,283.69997459283354,1.2258205214216678,0.14827973256695753,23.491356527133224,167.0389922713299,495.72191843655935,True
20260811_184731__rp1p25__vinf25__inc30__toff59132__Om270__om135,115317.0,0.9997985896275065,0.01653081004264836,23.455259866437096,283.70129512304356,1.1431920283025292,0.12348156473260759,23.673556251264344,185.57371977587317,446.45384893311393,True
20260811_184731__rp1p25__vinf25__inc30__toff59132__Om270__om15,115317.0,0.9997981972315539,0.016530438589620874,23.45532232927547,283.70248137383084,0.9465667626167978,0.08027098789426064,24.81505624633906,334.69273640905277,336.37574023103167,True
20260811_184731__rp1p25__vinf25__inc30__toff59132__Om270__om150,115317.0,0.9997936831711642,0.016526343931714656,23.455299951254304,283.72107202002474,0.9595874758582577,0.13439581522413865,25.58949550948862,241.99550738240055,343.3401930599921,True
20260811_184731__rp1p25__vinf25__inc30__toff59132__Om270__om165,115317.0,0.999798796163295,0.016531066056954192,23.455277028288528,283.70028908548863,0.7993729137740095,0.31843616046524553,30.518014386635937,262.02187662024994,261.0489393184902,True
20260811_184731__rp1p25__vinf25__inc30__toff59132__Om270__om180,115317.0,0.9997960710771695,0.01652844128092761,23.45527053028056,283.71154456316947,0.8004929544741296,0.5670198528566285,32.75825228437324,265.23983745221415,261.59778421938455,True
20260811_184731__rp1p25__vinf25__inc30__toff59132__Om270__om195,115317.0,0.9997901024740518,0.016532499939344313,23.455257948144542,283.7150654292361,1.1458011881042098,0.17884033005699085,42.097754870460605,299.9206419264795,447.98316397370934,True
20260811_184731__rp1p25__vinf25__inc30__toff59132__Om270__om210,115317.0,0.9997895352925426,0.016531975918858945,23.45526446717909,283.7173225614457,1.8954241895837192,0.4158703605916976,24.3536397131745,123.37477678827538,953.1415864003618,True
20260811_184731__rp1p25__vinf25__inc30__toff59132__Om270__om225,115317.0,0.999804649071163,0.016526934670601116,23.45532927699161,283.69698106882737,1.2040554888907857,0.11123279134454632,21.875297021258607,129.68335035929863,482.578026586966,True
20260811_184731__rp1p25__vinf25__inc30__toff59132__Om270__om240,115317.0,0.9997983435548391,0.016530575803639765,23.45524405123241,283.70241819413866,1.0082938823476826,0.07951737913464905,22.752279571773908,193.2566252662448,369.80986200518686,True
20260811_184731__rp1p25__vinf25__inc30__toff59132__Om270__om255,115317.0,0.9997965493545447,0.01652890302053491,23.45530435229,283.70937112254546,0.9403465211101792,0.0958978876917736,23.327445633580652,225.7661197703636,333.06551859628803,True
20260811_184731__rp1p25__vinf25__inc30__toff59132__Om270__om270,115317.0,0.9997937623966979,0.016526306382504522,23.455299409549884,283.72082620611127,0.9158451331320643,0.10518007625063469,23.813634163247833,244.92790784781278,320.1333012855491,True
20260811_184731__rp1p25__vinf25__inc30__toff59132__Om270__om285,115317.0,0.9997985779236558,0.016530805570817854,23.45526049746266,283.7013534270021,0.9122813916265561,0.1070316919610654,24.038053048793614,260.1455284945605,318.2665635661047,True
20260811_184731__rp1p25__vinf25__inc30__toff59132__Om270__om30,115317.0,0.999789826270216,0.016532228914604784,23.45526167120099,283.7161833456088,0.9564798262606323,0.06862482691878012,24.89551192256686,351.8416145501263,341.67366961447067,True
20260811_184731__rp1p25__vinf25__inc30__toff59132__Om270__om300,115317.0,0.9997939297560897,0.016526564198185476,23.4553160717364,283.71997642936066,0.9177190778018207,0.10657300731811062,24.203051403765144,275.0601527146036,321.1163586434951,True
20260811_184731__rp1p25__vinf25__inc30__toff59132__Om270__om315,115317.0,0.9997985784278194,0.016530818286672935,23.455260224198263,283.7013237798587,0.9240290961319244,0.10556193340892783,24.35931042495037,284.45158253690295,324.4339247386383,True
20260811_184731__rp1p25__vinf25__inc30__toff59132__Om270__om330,115317.0,0.9997977332793975,0.01652529670835655,23.455331943574958,283.71480213819257,0.9308664394487352,0.1013196536706511,24.48312426992541,298.9271204212104,328.04154586026056,True
20260811_184731__rp1p25__vinf25__inc30__toff59132__Om270__om345,115317.0,0.9997965563614712,0.01652889720011785,23.455303287749302,283.70935392415214,0.9351563888548412,0.0959862100221138,24.611042261002215,309.94863053316914,330.31185293498635,True
20260811_184731__rp1p25__vinf25__inc30__toff59132__Om270__om45,115317.0,0.9998046574469797,0.016526943503205393,23.45532926270157,283.6969275840133,0.9743737741195687,0.0520922449380536,24.892649320445674,16.934212881585314,351.3064872415384,True
20260811_184731__rp1p25__vinf25__inc30__toff59132__Om270__om60,115317.0,0.9997960084731258,0.016528463101587225,23.45527174768643,283.7117563215859,1.0080189695969686,0.04250836066647244,24.814204229369313,63.694240791241135,369.6586285433019,True
20260811_184731__rp1p25__vinf25__inc30__toff59132__Om270__om75,115317.0,0.9997984133151145,0.016530554191066534,23.4552439207085,283.7021774716725,1.0593120183821954,0.05905585138485157,24.6389182349601,115.29238302601917,398.2296936907034,True
20260811_184731__rp1p25__vinf25__inc30__toff59132__Om270__om90,115317.0,0.9997988589780646,0.016531035047972896,23.45527538854353,283.7000959157824,1.1309363725238557,0.09850116553200389,24.3172917854863,143.63777524379412,439.29377393129835,True
20260811_184731__rp1p25__vinf25__inc30__toff59132__Om90__om0,115317.0,0.9997960837013853,0.01652843626747027,23.455271374929467,283.7115040816117,0.5561349195640091,0.575488014791406,25.397380530490647,332.0043418016597,151.48444430147768,True
20260811_184731__rp1p25__vinf25__inc30__toff59132__Om90__om105,115317.0,0.9997988225603439,0.016531038865381143,23.455276143820424,283.7002381990257,0.9150937256712448,0.11063601156768571,23.944499338130278,246.5416525865437,319.7394008396397,True
20260811_184731__rp1p25__vinf25__inc30__toff59132__Om90__om120,115317.0,0.9997939959646315,0.016526620491553356,23.455320321261496,283.71968129397135,0.9090507695394721,0.11050012006738756,23.85588761112063,261.34690251918096,316.5774660207133,True
20260811_184731__rp1p25__vinf25__inc30__toff59132__Om90__om135,115317.0,0.9997985752717496,0.016530819539507278,23.45526001303618,283.70133389954617,0.9118804428793207,0.10694917441537882,23.690893349851184,272.58377294698846,318.05676882668166,True
20260811_184731__rp1p25__vinf25__inc30__toff59132__Om90__om15,115317.0,0.9997911138434337,0.016533419838644963,23.455322730397075,283.71049908391706,-0.21384667879513006,3.653170756388627,16.628211099108043,9.625361924104029,,False
20260811_184731__rp1p25__vinf25__inc30__toff59132__Om90__om150,115317.0,0.9997972313837901,0.016524835288099615,23.455299805678262,283.7170742338938,0.9188052051665936,0.10042780714236227,23.47419134198026,285.6704433414064,321.6865926831332,True
20260811_184731__rp1p25__vinf25__inc30__toff59132__Om90__om165,115317.0,0.999796566460854,0.01652889318969658,23.455303963467177,283.70932153929965,0.9275517119844817,0.09537862436886915,23.244721176606408,303.5068362655447,326.2909191921297,True
20260811_184731__rp1p25__vinf25__inc30__toff59132__Om90__om180,115317.0,0.9997983567314915,0.016530570573799707,23.45524308232942,283.7023744136054,0.9333673425435335,0.09051208162387936,23.01213434964756,318.821560429316,329.36442774633997,True
20260811_184731__rp1p25__vinf25__inc30__toff59132__Om90__om195,115317.0,0.999797185858589,0.016529518526142407,23.455257547254295,283.7070480032584,0.9413106065147856,0.08748672096077222,22.800901802950047,334.1149391343986,333.57786040822714,True
20260811_184731__rp1p25__vinf25__inc30__toff59132__Om90__om210,115317.0,0.9997898186957811,0.016532231923244697,23.455261164411823,283.7162076279404,0.9498569673580284,0.08285790272987095,22.58302807474847,349.6854414988706,338.1310938196788,True
20260811_184731__rp1p25__vinf25__inc30__toff59132__Om90__om225,115317.0,0.9998046549220931,0.016526944505303693,23.455329093772303,283.69693568198085,0.9634976499998358,0.07587613581377448,22.332627097674898,7.0154197804127145,345.4409186727347,True
20260811_184731__rp1p25__vinf25__inc30__toff59132__Om90__om240,115317.0,0.9997960135228116,0.016528461096185713,23.455272085546017,283.71174012901326,0.9850211269468239,0.06594773762538063,22.073301741832243,25.20328085982319,357.0804788688216,True
20260811_184731__rp1p25__vinf25__inc30__toff59132__Om90__om255,115317.0,0.9997989114237753,0.01653101727084327,23.45527580459019,283.6999186604173,1.0155698602105645,0.05369688890768858,21.81511101244148,53.60875361629854,373.81996772113513,True
20260811_184731__rp1p25__vinf25__inc30__toff59132__Om90__om270,115317.0,0.9997983671815929,0.016530569464265645,23.455243926984515,283.7023344902442,1.0623355301265929,0.05204263158538709,21.605290952944472,96.7412547899815,399.93586366431595,True
20260811_184731__rp1p25__vinf25__inc30__toff59132__Om90__om285,115317.0,0.9997986896358232,0.016530784023286522,23.455258884996173,283.70093869806965,1.1156596309880062,0.07408500413718529,21.51661782187695,133.85601614849998,430.42289939776254,True
20260811_184731__rp1p25__vinf25__inc30__toff59132__Om90__om30,115317.0,0.999789542866973,0.01653197291007902,23.455264973968234,283.7172982789366,-3.7969073768859194,1.349598023367669,51.08500091942951,217.495375498439,,False
20260811_184731__rp1p25__vinf25__inc30__toff59132__Om90__om300,115317.0,0.9997994770991597,0.016530444204041116,23.455259709580385,283.70026959582646,1.163858688851232,0.10067304024875323,21.652434350265406,153.45304831511572,458.61491020579365,True
20260811_184731__rp1p25__vinf25__inc30__toff59132__Om90__om315,115317.0,0.9997985927835764,0.016530808789815984,23.455260077599178,283.7012850033469,1.1633719579504673,0.10981558030356361,22.093834079480654,168.94893494002412,458.32724808141546,True
20260811_184731__rp1p25__vinf25__inc30__toff59132__Om90__om330,115317.0,0.999794185065896,0.016526805311290416,23.45533208920737,283.7187999965528,1.0719206341886995,0.08598215516603604,22.757107353759345,202.46510442480985,405.36078932188025,True
20260811_184731__rp1p25__vinf25__inc30__toff59132__Om90__om345,115317.0,0.9997987860638673,0.016531070065863216,23.455276352570447,283.70032146823274,0.8660792929831418,0.14868720309759434,23.702132106857476,289.4000593770621,294.3976054061461,True
20260811_184731__rp1p25__vinf25__inc30__toff59132__Om90__om45,115317.0,0.9998046515960493,0.016526933668500856,23.455329445920857,283.6969729708569,2.264190467976364,0.5392062621682754,17.747146602151354,140.56812443336145,1244.4207008294204,True
20260811_184731__rp1p25__vinf25__inc30__toff59132__Om90__om60,115317.0,0.99979833850513,0.016530577808261233,23.45524371337275,283.7024343857503,1.2731130484998006,0.20687550549747535,21.496209715490263,139.95874865193704,524.6845118018639,True
20260811_184731__rp1p25__vinf25__inc30__toff59132__Om90__om75,115317.0,0.9997960512464708,0.016528440038646165,23.45527246806971,283.71163046866957,1.0325582787645415,0.09983352167440386,23.219628106833717,182.838516059341,383.2389574035759,True
20260811_184731__rp1p25__vinf25__inc30__toff59132__Om90__om90,115317.0,0.9997942541921735,0.016526771776564038,23.455330871785552,283.7185865716157,0.947122025607049,0.10160763582362445,23.832636781245714,225.7661357532695,336.6717643392998,True
20260811_184731__rp1p25__vinf25__inc60__toff59132__Om0__om0,115317.0,0.999796052853023,0.01652843332415835,23.455270896732046,283.7116370059043,1.1151475238619566,0.08961996548045999,24.431856590119878,114.40421963738589,430.12657604140077,True
20260811_184731__rp1p25__vinf25__inc60__toff59132__Om0__om105,115317.0,0.9997901283063906,0.01653250183424293,23.455257713969974,283.7149548428854,1.5427356427008694,0.43000312385939987,29.695191493081825,126.57386092723969,699.8984962924044,True
20260811_184731__rp1p25__vinf25__inc60__toff59132__Om0__om120,115317.0,0.9998040724764458,0.01652637484498682,23.455279221018877,283.6996785327755,1.4878290778562229,0.3442823524335594,29.816966046492034,129.7231345946609,662.8684575474697,True
20260811_184731__rp1p25__vinf25__inc60__toff59132__Om0__om135,115317.0,0.9997898665458078,0.016532168653487667,23.455280934101545,283.7159384502353,1.2611462534849989,0.21961009894814992,27.074912907789404,139.82080043932328,517.304160669891,True
20260811_184731__rp1p25__vinf25__inc60__toff59132__Om0__om15,115317.0,0.9997983224508084,0.01653059633635755,23.45524460900373,283.7024613480457,1.1813402698655588,0.11540805939245061,24.72976723512582,135.04255463648627,468.9864586351977,True
20260811_184731__rp1p25__vinf25__inc60__toff59132__Om0__om150,115317.0,0.9998042622915831,0.016526528066655166,23.455257946313974,283.69907732591827,1.081943493963843,0.12953982221651364,25.007835320817996,166.75350786524842,411.059471883474,True
20260811_184731__rp1p25__vinf25__inc60__toff59132__Om0__om165,115317.0,0.9997960538710952,0.016528445074100274,23.455271778051785,283.71160825946555,0.985611422704358,0.10143405751604823,23.79968915277888,206.28649756670364,357.4015095482121,True
20260811_184731__rp1p25__vinf25__inc60__toff59132__Om0__om180,115317.0,0.9997960677150783,0.01652844869283356,23.45527152153288,283.71154327283256,0.9407354361499751,0.10530669033758912,23.11819420465073,233.10458530650476,333.27216728217206,True
20260811_184731__rp1p25__vinf25__inc60__toff59132__Om0__om195,115317.0,0.9997960284899783,0.016528444517870035,23.45527118991893,283.71171345087464,0.924316052490805,0.11175074699335397,22.74268345617359,250.2984963464109,324.5850654424201,True
20260811_184731__rp1p25__vinf25__inc60__toff59132__Om0__om210,115317.0,0.9997969634637076,0.016528063561370505,23.45527161742438,283.7105253559367,0.9181344424053459,0.11198999934369087,22.53359451363354,262.58850311835477,321.3343918029613,True
20260811_184731__rp1p25__vinf25__inc60__toff59132__Om0__om225,115317.0,0.9997978415392421,0.016527685453488983,23.455270530807276,283.70956406895516,0.9211315593532778,0.10897097147145257,22.431105803404023,274.62871090128795,322.9090995519198,True
20260811_184731__rp1p25__vinf25__inc60__toff59132__Om0__om240,115317.0,0.9997960083393735,0.0165284601154077,23.455272981147484,283.7117643164387,0.9238512762271737,0.10365447718015819,22.40465135259715,286.8918014807616,324.3402782816493,True
20260811_184731__rp1p25__vinf25__inc60__toff59132__Om0__om255,115317.0,0.999797174118667,0.01652953230293979,23.455258817386515,283.7070677359256,0.9299086821517423,0.09695833247789674,22.45340884998723,299.4869083159129,327.53539909955504,True
20260811_184731__rp1p25__vinf25__inc60__toff59132__Om0__om270,115317.0,0.999804223730044,0.01652655552715908,23.455258723973067,283.69917763253375,0.9343902346292337,0.11707174976159186,22.681206121855176,311.695826514833,329.90600961704007,True
20260811_184731__rp1p25__vinf25__inc60__toff59132__Om0__om285,115317.0,0.9997895295762635,0.01653195995821589,23.45526500456085,283.71738087670155,0.9580148207002608,0.08260370267313413,21.959937623826647,52.197695305139405,342.49649546006856,True
20260811_184731__rp1p25__vinf25__inc60__toff59132__Om0__om30,115317.0,0.9997988038073371,0.016530381767024534,23.455243009174964,283.701860572046,1.2072957005307134,0.12700218634750857,24.71238495637201,151.13083403625953,484.5273218596333,True
20260811_184731__rp1p25__vinf25__inc60__toff59132__Om0__om300,115317.0,0.9997901292473333,0.01653240771659571,23.455286148567293,283.71483990222066,0.9531396220616228,0.07122903144882484,22.91634237276203,351.06237009163675,339.8854517533675,True
20260811_184731__rp1p25__vinf25__inc60__toff59132__Om0__om315,115317.0,0.9997898284603602,0.016532177702867166,23.45528121767597,283.7160759635253,0.9710931955424444,0.06330452331954106,23.23740054745075,17.487070329559366,349.53378262577655,True
20260811_184731__rp1p25__vinf25__inc60__toff59132__Om0__om330,115317.0,0.9998047946466027,0.01652698366525398,23.45528894268286,283.6966925733668,1.0039013404858201,0.06080003599149068,23.60136695218935,49.54944759169047,367.39593056479833,True
20260811_184731__rp1p25__vinf25__inc60__toff59132__Om0__om345,115317.0,0.9997972313246085,0.01652949439798971,23.455256828593125,283.7069121787959,1.0528484900802169,0.06770526268152717,24.017086401325646,84.52352494874184,394.59048470580325,True
20260811_184731__rp1p25__vinf25__inc60__toff59132__Om0__om45,115317.0,0.9997978054701435,0.016527707371446352,23.45527171961281,283.7096663692572,1.1544210355007303,0.10869975794079914,24.144509346250665,170.44896169985108,453.0479169959211,True
20260811_184731__rp1p25__vinf25__inc60__toff59132__Om0__om60,115317.0,0.9997970503453479,0.01652936791816662,23.45533657471488,283.70709624444123,1.0089596217761103,0.08244879724918136,22.459094983622006,220.48987038668045,370.1761802652335,True
20260811_184731__rp1p25__vinf25__inc60__toff59132__Om0__om75,115317.0,0.9997971777974755,0.016529530842612133,23.455258369582957,283.7070553658109,0.8437023920154882,0.12871202019846065,18.8758864250739,255.96682300244717,283.06209128898996,True
20260811_184731__rp1p25__vinf25__inc60__toff59132__Om0__om90,115317.0,0.9998042571420314,0.016526524031973883,23.45525846740204,283.69910763193695,1.0055710998264376,0.1863365203862634,21.523027151675812,132.37398482298963,368.31292974583727,True
20260811_184731__rp1p25__vinf25__inc60__toff59132__Om180__om0,115317.0,0.9997960550908629,0.016528453706298976,23.455270676883945,283.71158375434715,1.0157956412258364,0.07409689317891839,22.36821666117885,215.72954860391306,373.94463586952696,True
20260811_184731__rp1p25__vinf25__inc60__toff59132__Om180__om105,115317.0,0.9997895308386684,0.01653195945675112,23.45526508902572,283.7173768296151,0.9575035846866061,0.012842202509992177,24.31865220198003,268.45628126663934,342.2223767656173,True
20260811_184731__rp1p25__vinf25__inc60__toff59132__Om180__om120,115317.0,0.9997900129260936,0.016532288723511566,23.4552787265196,283.71537835326495,0.9814556954627195,0.014959097962264497,24.166178444887397,27.53286525432996,355.1434749325891,True
20260811_184731__rp1p25__vinf25__inc60__toff59132__Om180__om135,115317.0,0.9997898316163749,0.01653217644927027,23.455281428837903,283.7160658458476,1.0077666057677728,0.03789632795432399,23.529779761272103,86.55866562472293,369.5198177211938,True
20260811_184731__rp1p25__vinf25__inc60__toff59132__Om180__om15,115317.0,0.9997960436390364,0.01652843850168008,23.455272203497607,283.71166487307346,0.9925317172038395,0.07896174313331299,23.18426611122578,237.53360868906822,361.1722554169497,True
20260811_184731__rp1p25__vinf25__inc60__toff59132__Om180__om150,115317.0,0.9998043015863397,0.016526518549680683,23.45525739660566,283.69893559319985,1.0428924109415354,0.06379438335848715,22.787959072456278,99.00064830936562,389.00667283196697,True
20260811_184731__rp1p25__vinf25__inc60__toff59132__Om180__om165,115317.0,0.9997972414240046,0.01652949038799842,23.45525750431232,283.70687979451105,1.0811065031413831,0.08249478069407755,22.087408515963894,105.26273432738758,410.5825711132526,True
20260811_184731__rp1p25__vinf25__inc60__toff59132__Om180__om180,115317.0,0.9997960654772384,0.01652842831068176,23.45527174138094,283.7115965243551,1.1102732760025,0.08952297666370279,21.631099686659685,108.58191863768252,427.3095708597132,True
20260811_184731__rp1p25__vinf25__inc60__toff59132__Om180__om195,115317.0,0.9997983073016812,0.01653060235023669,23.455243595424744,283.7025099227924,1.1199798039477802,0.08527477817031655,21.635157251650366,112.66786061675347,432.92541042080876,True
20260811_184731__rp1p25__vinf25__inc60__toff59132__Om180__om210,115317.0,0.9997988189564788,0.016530375753305366,23.455244022753945,283.7018119963915,1.1048510698714333,0.06699134400922505,22.215982846385817,119.3753157801457,424.18313860873104,True
20260811_184731__rp1p25__vinf25__inc60__toff59132__Om180__om225,115317.0,0.9997977953707361,0.01652771138191067,23.455271043893596,283.7096987564356,1.065939342590878,0.04569940743515314,23.266679373967722,144.34852942255048,401.97267142710126,True
20260811_184731__rp1p25__vinf25__inc60__toff59132__Om180__om240,115317.0,0.9997960490723087,0.01652844394066732,23.455272468075414,283.71163102218196,1.0195565632072159,0.04592434817145577,24.370217894350674,192.94757549092927,376.0233180832427,True
20260811_184731__rp1p25__vinf25__inc60__toff59132__Om180__om255,115317.0,0.9997971828471732,0.016529528837603922,23.455258707442596,283.70703917372344,0.9885908796593417,0.060503435870411335,24.941683927963574,209.25238419863888,359.02334561013424,True
20260811_184731__rp1p25__vinf25__inc60__toff59132__Om180__om270,115317.0,0.9998042571420314,0.016526524031973883,23.45525846740204,283.69910763193695,0.9924588794642174,0.058918657087446105,24.81843901650463,193.3365890941694,361.1324987709947,True
20260811_184731__rp1p25__vinf25__inc60__toff59132__Om180__om285,115317.0,0.9997901270439837,0.016532502335657003,23.455257629505127,283.71495888991126,1.024030410878489,0.07335361012872268,24.131982168698716,154.81366281799023,378.5010351973679,True
20260811_184731__rp1p25__vinf25__inc60__toff59132__Om180__om30,115317.0,0.9997969483146216,0.016528069577279765,23.455270603845626,283.7105739352976,0.974193401687378,0.0856601984521831,23.95093942960373,251.93994575751137,351.20894293982207,True
20260811_184731__rp1p25__vinf25__inc60__toff59132__Om180__om300,115317.0,0.9998041887982705,0.016526493875682332,23.455286643007895,283.6991400257263,1.0676385278763263,0.10767928463745127,22.885499508946555,141.3465337951116,402.9342151293123,True
20260811_184731__rp1p25__vinf25__inc60__toff59132__Om180__om315,115317.0,0.9997898633897929,0.01653216990707795,23.45528072293959,283.7159485679275,1.0901246039373684,0.11667195173499903,21.695227229345104,146.77661341609848,415.73061037945007,True
20260811_184731__rp1p25__vinf25__inc60__toff59132__Om180__om330,115317.0,0.9998047553518076,0.01652699318079966,23.455289492391575,283.6968343032554,1.076404203765494,0.09943689133533269,21.304326840622235,160.87102763224044,407.9067275439566,True
20260811_184731__rp1p25__vinf25__inc60__toff59132__Om180__om345,115317.0,0.9997960437717228,0.016528449084882796,23.455271102332638,283.71164064467143,1.0458410320369944,0.08021958648847421,21.65594655186432,186.22683149053378,390.6576250117265,True
20260811_184731__rp1p25__vinf25__inc60__toff59132__Om180__om45,115317.0,0.9997978516386505,0.016527681443047018,23.455271206526458,283.70953168169245,0.9634623203597739,0.08572317408939606,24.57954453655942,262.28794446634384,345.4219188472943,True
20260811_184731__rp1p25__vinf25__inc60__toff59132__Om180__om60,115317.0,0.9997970096123315,0.016529384090193694,23.455337087786603,283.7072295352689,0.9562374778466661,0.08229770283916266,25.00176686278557,270.46353359376565,341.54382031033083,True
20260811_184731__rp1p25__vinf25__inc60__toff59132__Om180__om75,115317.0,0.9997971690689695,0.0165295343079503,23.45525847952691,283.7070839280058,0.9532709657757399,0.07156645668300127,25.148750312909584,277.60999486665196,339.9557090710713,True
20260811_184731__rp1p25__vinf25__inc60__toff59132__Om180__om90,115317.0,0.999804223730044,0.01652655552715908,23.455258723973067,283.69917763253375,0.9568594471634172,0.05490843284749369,24.890603334233525,283.5239677722816,341.87710203263606,True
20260811_184731__rp1p25__vinf25__inc60__toff59132__Om270__om0,115317.0,0.9997983502089757,0.016530582279814104,23.455243082347305,283.7023760807093,0.9536581339934268,0.08345488331534959,24.90073999702085,324.7810137831737,340.1628381257722,True
20260811_184731__rp1p25__vinf25__inc60__toff59132__Om270__om105,115317.0,0.999798449033575,0.016530529377334867,23.455242562967022,283.7020827186011,1.1421216111230628,0.11222158684238735,24.598810918653253,181.95365168719312,445.8269464009314,True
20260811_184731__rp1p25__vinf25__inc60__toff59132__Om270__om120,115317.0,0.9997992603587166,0.016530539515950037,23.45526014240065,283.70049691943024,1.1421505822205598,0.12463254636843968,23.84372804850726,191.46137510428534,445.84390980182366,True
20260811_184731__rp1p25__vinf25__inc60__toff59132__Om270__om135,115317.0,0.9997986088619765,0.01653079405024759,23.45526075330186,283.70125109148074,1.072726527285419,0.11960837918569486,23.36297931034882,213.16101098279916,405.818013734504,True
20260811_184731__rp1p25__vinf25__inc60__toff59132__Om270__om15,115317.0,0.9997971916096506,0.016529522320154536,23.455258222985176,283.70701672826124,0.9599393548123906,0.07359870883401594,25.111934495996678,331.9771894737152,343.5290636934573,True
20260811_184731__rp1p25__vinf25__inc60__toff59132__Om270__om150,115317.0,0.9997936838725235,0.01652634972960922,23.455300289124644,283.7210569290493,0.94173974837689,0.17710065758281276,23.997498783340266,247.8799578981221,333.80600275197787,True
20260811_184731__rp1p25__vinf25__inc60__toff59132__Om270__om165,115317.0,0.9998018208907451,0.01652911694268278,23.455244807685737,283.6986059572356,0.7923309939190069,0.3731507473807337,26.470441822317344,257.4757752253175,257.60705779748827,True
20260811_184731__rp1p25__vinf25__inc60__toff59132__Om270__om180,115317.0,0.9997960902238715,0.016528424561407667,23.45527137491235,283.7115024209834,0.6186564714319649,0.8038123876720216,30.80412505397286,256.3504009589009,177.7346611978361,True
20260811_184731__rp1p25__vinf25__inc60__toff59132__Om270__om195,115317.0,0.999797157501037,0.016529517629363114,23.455257612499164,283.70716670513275,-0.9441728926026118,1.786829920855613,35.24607974323601,111.26014586557638,,False
20260811_184731__rp1p25__vinf25__inc60__toff59132__Om270__om210,115317.0,0.9997966145141309,0.016528974794506605,23.45526531399989,283.7093656594394,1.6637380347547173,0.3124746543917848,22.643378405469413,92.40801579164966,783.8360039831215,True
20260811_184731__rp1p25__vinf25__inc60__toff59132__Om270__om225,115317.0,0.9998036420433992,0.016526006691691266,23.455264495017985,283.70154714577467,1.1070862257027287,0.06520364924335056,21.94249358426717,119.35410976138148,425.4709973960125,True
20260811_184731__rp1p25__vinf25__inc60__toff59132__Om270__om240,115317.0,0.9997983449575701,0.016530587402420024,23.45524472697561,283.7023880336973,0.98140841109362,0.05169047974995227,22.54666991785979,207.14658500261257,355.11781019860956,True
20260811_184731__rp1p25__vinf25__inc60__toff59132__Om270__om255,115317.0,0.9997960468981467,0.01652844784268849,23.455272468081137,283.7116315756949,0.936499604521757,0.06990497348671733,23.220051859178742,234.99358396934593,331.0237755771428,True
20260811_184731__rp1p25__vinf25__inc60__toff59132__Om270__om270,115317.0,0.9997937630980571,0.016526312180418355,23.455299747420245,283.72081111518605,0.9236852713944037,0.07786574873773061,23.71630374852028,255.46821513333853,324.25286220676924,True
20260811_184731__rp1p25__vinf25__inc60__toff59132__Om270__om285,115317.0,0.9998000722796065,0.016529857147760285,23.45524409161275,283.70052960438363,0.9249960523950455,0.08119307841692174,24.01614423628111,272.451895326135,324.94331693369185,True
20260811_184731__rp1p25__vinf25__inc60__toff59132__Om270__om30,115317.0,0.9997968632017125,0.016529271977186642,23.455260997718494,283.7083042119035,0.9703389391534164,0.057787376383344975,25.31344486993882,337.6167872437953,349.1266328936733,True
20260811_184731__rp1p25__vinf25__inc60__toff59132__Om270__om300,115317.0,0.9997944961132698,0.016526489923234338,23.45532392686618,283.71892172089343,0.9306486260856881,0.08501730207261396,24.223359504008048,287.8658511709317,327.9264149735189,True
20260811_184731__rp1p25__vinf25__inc60__toff59132__Om270__om315,115317.0,0.9997985788486544,0.0165308272364486,23.45526068877233,283.70130318431325,0.9372078889456237,0.08707283396122276,24.385153611652175,300.3635557307171,331.3993816773423,True
20260811_184731__rp1p25__vinf25__inc60__toff59132__Om270__om330,115317.0,0.9997977327533739,0.016525292359569208,23.45533169017306,283.7148134556046,0.9433101677688815,0.0890055889616826,24.54852411661297,309.35679780448186,334.64131935919994,True
20260811_184731__rp1p25__vinf25__inc60__toff59132__Om270__om345,115317.0,0.9997960532037041,0.016528436223483524,23.455271065667528,283.71162946311,0.9498983997513292,0.08801872312872698,24.70735596000865,317.41536801435427,338.15321778210654,True
20260811_184731__rp1p25__vinf25__inc60__toff59132__Om270__om45,115317.0,0.9997965956920783,0.016529000500619343,23.455264985336928,283.70938755627213,0.9885837473830352,0.03667219112434889,25.463219957383814,346.9912708918147,359.01946030863763,True
20260811_184731__rp1p25__vinf25__inc60__toff59132__Om270__om60,115317.0,0.9997970335918369,0.016529365453271345,23.455336867883425,283.7071707473259,1.014362974231531,0.00549319906282122,25.530262153304008,27.478743866604418,373.15380377955915,True
20260811_184731__rp1p25__vinf25__inc60__toff59132__Om270__om75,115317.0,0.9997984126137487,0.016530548391659322,23.455243582836896,283.7021925518452,1.0535906975082932,0.03589064867165426,25.454643447210923,166.8842296717291,395.0078091355963,True
20260811_184731__rp1p25__vinf25__inc60__toff59132__Om270__om90,115317.0,0.9997983754925612,0.016530561606645396,23.455244264835223,283.70231746503805,1.1004815163542168,0.07786731856696645,25.16467723901632,174.99566571212424,421.6692380717107,True
20260811_184731__rp1p25__vinf25__inc60__toff59132__Om90__om0,115317.0,0.9997960775996556,0.016528429574864688,23.455270530263462,283.71154290257044,0.8650500978992961,0.19768973208166335,23.938774245914757,285.9777129390015,293.8729954684831,True
20260811_184731__rp1p25__vinf25__inc60__toff59132__Om90__om105,115317.0,0.9998000735420383,0.016529856646643797,23.45524417607767,283.7005255562398,0.9404192021386443,0.07759787417390444,24.234586985257128,234.67851714569915,333.10413416775435,True
20260811_184731__rp1p25__vinf25__inc60__toff59132__Om90__om120,115317.0,0.9997943797918617,0.01652637094064242,23.455316504738335,283.7194603753527,0.9213327306521917,0.08196833865081372,23.81540034772446,254.8904067640654,323.0148883324962,True
20260811_184731__rp1p25__vinf25__inc60__toff59132__Om90__om135,115317.0,0.999798582004724,0.016530825983615823,23.455260899934405,283.70129306462786,0.9211252631649596,0.07891245474756162,23.382940783114854,272.48241298411307,322.90578879841405,True
20260811_184731__rp1p25__vinf25__inc60__toff59132__Om90__om15,115317.0,0.9997971726501292,0.01652951161431478,23.455258626077995,283.7071181288613,0.6633082873341756,0.5045416930600886,23.17985411732657,308.383135313792,197.31991760110844,True
20260811_184731__rp1p25__vinf25__inc60__toff59132__Om90__om150,115317.0,0.9997972396947388,0.016524827429197274,23.455300143529666,283.7170572099277,0.927519549976002,0.0780992686380807,22.999575386039137,290.43333808229335,326.2739485798099,True
20260811_184731__rp1p25__vinf25__inc60__toff59132__Om90__om165,115317.0,0.9997960633030762,0.016528432212702813,23.45527174138666,283.7115970778758,0.9337484050378708,0.07814374066109331,22.708816036595152,307.6626450005359,329.5661509597114,True
20260811_184731__rp1p25__vinf25__inc60__toff59132__Om90__om180,115317.0,0.999798362833249,0.016530577268275073,23.455243926996452,283.70233560166673,0.9424773570445373,0.08168796591360453,22.451960090899927,320.63918282102816,334.19825508138587,True
20260811_184731__rp1p25__vinf25__inc60__toff59132__Om90__om195,115317.0,0.9997971764605578,0.01652952833517752,23.455257209406373,283.70706530453765,0.9496609537591982,0.08334026861442939,22.24717525917501,331.6650552136292,338.0264335254145,True
20260811_184731__rp1p25__vinf25__inc60__toff59132__Om90__om210,115317.0,0.9997968783507957,0.016529265961852856,23.455262011297286,283.7082556353177,0.957172409127191,0.08222336959125673,22.052859695632243,341.1059705977582,342.04484340435687,True
20260811_184731__rp1p25__vinf25__inc60__toff59132__Om90__om225,115317.0,0.9997965855926952,0.01652900451102996,23.455264309617725,283.7094199409169,0.9671348751147644,0.07571526044313268,21.85443704777276,349.15573163454445,347.39883432265714,True
20260811_184731__rp1p25__vinf25__inc60__toff59132__Om90__om240,115317.0,0.999796032318831,0.016528441477301262,23.455272761242348,283.7117055298773,0.9777513471493997,0.06481000565212092,21.64488554054871,355.05991768389276,353.1347245643344,True
20260811_184731__rp1p25__vinf25__inc60__toff59132__Om90__om255,115317.0,0.999798417663459,0.01653054638705781,23.455243920696546,283.7021763601739,0.9936090018561885,0.04701013713711342,21.440786059349502,2.744512772340409,361.7604344330549,True
20260811_184731__rp1p25__vinf25__inc60__toff59132__Om90__om270,115317.0,0.9997983754925612,0.016530561606645396,23.455244264835223,283.70231746503805,1.0168160542680336,0.021126893588592967,21.286711295500183,15.220188077105847,374.5082440109099,True
20260811_184731__rp1p25__vinf25__inc60__toff59132__Om90__om285,115317.0,0.9997984477711471,0.016530529878483174,23.455242478502125,283.70208676652607,1.04837097979371,0.014853401304543547,21.252723917968336,156.75316951882766,392.07601579782573,True
20260811_184731__rp1p25__vinf25__inc60__toff59132__Om90__om30,115317.0,0.9997965993650557,0.016528980810119342,23.45526430042109,283.70941423648605,0.7493342861821601,0.6923037842670422,131.23902247838907,167.4279773251681,236.9251678624336,True
20260811_184731__rp1p25__vinf25__inc60__toff59132__Om90__om300,115317.0,0.9997993766803353,0.016530658545057784,23.455267564357783,283.6999585280959,1.0803057385937165,0.05041010770036364,21.451694546795927,175.9522582741597,410.12648411714264,True
20260811_184731__rp1p25__vinf25__inc60__toff59132__Om90__om315,115317.0,0.9997986057059066,0.01653079530307823,23.4552605421398,283.7012612111892,1.1026433335731594,0.07846713002176738,21.924109653769317,184.38977348154597,422.9123566597361,True
20260811_184731__rp1p25__vinf25__inc60__toff59132__Om90__om330,115317.0,0.999794176930338,0.016526814619861132,23.45533183582352,283.71881324506245,1.0893293511357884,0.09153269116132179,22.644544726911317,200.3522170865007,415.2757761865683,True
20260811_184731__rp1p25__vinf25__inc60__toff59132__Om90__om345,115317.0,0.9998018107912562,0.016529120951302458,23.45524413196622,283.6986383443507,1.0119898765003918,0.10018359278707797,23.43771693399673,238.86379507527113,371.845082431543,True
20260811_184731__rp1p25__vinf25__inc60__toff59132__Om90__om45,115317.0,0.9998036521429249,0.01652600268257079,23.45526517073746,283.7015147531173,-2.598776176697932,1.8539119999504523,13.740296019510849,182.48487665004959,,False
20260811_184731__rp1p25__vinf25__inc60__toff59132__Om90__om60,115317.0,0.9997993462316745,0.01653151157220797,23.455308832936915,283.6978543221748,1.718571145591875,0.3794544878428724,21.523250917691765,111.74917374111558,822.9037929352316,True
20260811_184731__rp1p25__vinf25__inc60__toff59132__Om90__om75,115317.0,0.9997960418484604,0.016528449848081044,23.455272130221555,283.7116477682947,1.1443639576748343,0.12315866694659741,23.860084552323983,134.92488636371894,447.1405399276493,True
20260811_184731__rp1p25__vinf25__inc60__toff59132__Om90__om90,115317.0,0.9997937630980571,0.016526312180418355,23.455299747420245,283.72081111518605,0.9943970325791028,0.06880048493141498,24.411154388139625,196.74650060888985,362.1908877389307,True
20260811_184731__rp1p25__vinf25__inc90__toff59132__Om0__om0,115317.0,0.9997968336275878,0.01652912494366046,23.455262279311416,283.70851995478074,1.1188028201173368,0.09028996765052422,25.11298671665521,106.79698321403228,432.2431494830551,True
20260811_184731__rp1p25__vinf25__inc90__toff59132__Om0__om105,115317.0,0.9997897648547717,0.01653212492168678,23.45526227713758,283.71643702015706,1.071652640119724,0.13803681048709682,23.0842443202408,147.9629549555981,405.20878063729504,True
20260811_184731__rp1p25__vinf25__inc90__toff59132__Om0__om120,115317.0,0.9998042439481577,0.016526521810946174,23.455285793310203,283.69893141055826,1.1483290293430233,0.18027708305983886,25.14625430246854,144.03590053956012,449.4664771577436,True
20260811_184731__rp1p25__vinf25__inc90__toff59132__Om0__om135,115317.0,0.9997902774089039,0.016532576040435676,23.455294837068863,283.71414450820697,1.1372785486646415,0.1621276712387699,25.858967455137375,153.39334307961803,442.9942219773242,True
20260811_184731__rp1p25__vinf25__inc90__toff59132__Om0__om15,115317.0,0.9997968155329019,0.016529150360886855,23.455261941486537,283.708539472552,1.1470688843696533,0.09353650362328872,25.256634642442528,120.71790146224501,448.7268317778693,True
20260811_184731__rp1p25__vinf25__inc90__toff59132__Om0__om150,115317.0,0.9998038926344277,0.016526153497209588,23.455262788321154,283.70058014849076,1.0813458022148017,0.12037777857643513,25.455643222381596,171.35759908641626,410.71890014088865,True
20260811_184731__rp1p25__vinf25__inc90__toff59132__Om0__om165,115317.0,0.9997968224060794,0.01652914155428918,23.45526211040477,283.7085302679202,1.0283530319332093,0.09127208696892797,24.643026535597087,198.025192567147,380.90014644612836,True
20260811_184731__rp1p25__vinf25__inc90__toff59132__Om0__om180,115317.0,0.9997968133587364,0.016529154262902506,23.455261941492356,283.7085400267954,0.991571852226961,0.08536600251467591,23.80213127168156,226.4583909972646,360.64845436995284,True
20260811_184731__rp1p25__vinf25__inc90__toff59132__Om0__om195,115317.0,0.9997968325405049,0.0165291268946683,23.455262279314308,283.70852023190514,0.9674223603091665,0.08971884427067166,23.080636656562206,246.4870767923815,347.55374463373363,True
20260811_184731__rp1p25__vinf25__inc90__toff59132__Om0__om210,115317.0,0.9997977058135242,0.01652877045463769,23.455262279613528,283.70753302908935,0.9516110716684555,0.09519829736878442,22.498013917616294,259.64472140118806,339.06816798966685,True
20260811_184731__rp1p25__vinf25__inc90__toff59132__Om0__om225,115317.0,0.9997985982691702,0.016528386651576507,23.455262617734743,283.7065259842472,0.9432769062636481,0.0950570993888015,22.088296995066163,268.8761475293116,334.6236201289941,True
20260811_184731__rp1p25__vinf25__inc90__toff59132__Om0__om240,115317.0,0.9997968170057039,0.016529140659973456,23.45526160360959,283.708554002112,0.9400047149074636,0.08992497810828842,21.857454946816347,277.6349907863886,332.88393630978123,True
20260811_184731__rp1p25__vinf25__inc90__toff59132__Om0__om255,115317.0,0.9997968234581243,0.01652915025263887,23.45526261721153,283.7085076422324,0.9397833866560454,0.08082160443536623,21.843439307738624,287.1252327180313,332.7663747465163,True
20260811_184731__rp1p25__vinf25__inc90__toff59132__Om0__om270,115317.0,0.9998048801646912,0.016527095312755133,23.455326556671245,283.6960638659302,0.9433564626794223,0.06996479567737611,22.116547752425788,299.9648578570959,334.66595449070064,True
20260811_184731__rp1p25__vinf25__inc90__toff59132__Om0__om285,115317.0,0.9997902747437889,0.016532564944947592,23.45529407686456,283.71417872041275,0.9586087204318194,0.12162364469640212,23.371970491200347,308.62831466720417,342.8150293079337,True
20260811_184731__rp1p25__vinf25__inc90__toff59132__Om0__om30,115317.0,0.9997992781616118,0.016530792410948573,23.455390831491673,283.6989416318673,1.141493224692869,0.08534372802100297,24.922041790378593,136.52874121549823,445.4590612351632,True
20260811_184731__rp1p25__vinf25__inc90__toff59132__Om0__om300,115317.0,0.9997901590533067,0.016532445699816177,23.45528669702914,283.7147151394613,0.967852101076714,0.03951443946952968,22.783711899262183,356.54133533660314,347.7853517443576,True
20260811_184731__rp1p25__vinf25__inc90__toff59132__Om0__om315,115317.0,0.9997900352277798,0.016532335764018965,23.45527906383251,283.7152648111856,0.9922769671467679,0.0444687788659049,23.3644159056248,42.131648192035996,361.03321288520215,True
20260811_184731__rp1p25__vinf25__inc90__toff59132__Om0__om330,115317.0,0.9998038882860357,0.016526161301220053,23.455262788332742,283.70058126091686,1.0285072448313204,0.06008802051423238,24.009864904676,71.5075613219805,380.9858299357898,True
20260811_184731__rp1p25__vinf25__inc90__toff59132__Om0__om345,115317.0,0.9997968267544097,0.016529133750257826,23.4552621103932,283.70852915942805,1.0739709645889626,0.07674612167987249,24.641549948144437,91.4762562182675,406.5243841328258,True
20260811_184731__rp1p25__vinf25__inc90__toff59132__Om0__om45,115317.0,0.9997985978834498,0.01652839440164154,23.45526295560885,283.70651117780625,1.0959103972565516,0.06653099543917185,24.010445803075545,162.3771201064664,419.044708757109,True
20260811_184731__rp1p25__vinf25__inc90__toff59132__Om0__om60,115317.0,0.9997968321547854,0.01652913464457646,23.455262617188357,283.70850542522686,1.0248879748851119,0.06300119966641209,22.626055275580143,203.6864152218259,378.97659257424897,True
20260811_184731__rp1p25__vinf25__inc90__toff59132__Om0__om75,115317.0,0.999797814632145,0.016530078304612873,23.455326047910937,283.704005604023,0.970740609632474,0.08073498273719128,21.303574585023608,218.8326644480611,349.34343606568353,True
20260811_184731__rp1p25__vinf25__inc90__toff59132__Om0__om90,115317.0,0.9998038843584067,0.016526150704405242,23.455261943660226,283.7006195268144,0.9815050852258519,0.08521684219809421,21.265918848823055,188.50495740040174,355.170283080205,True
20260811_184731__rp1p25__vinf25__inc90__toff59132__Om180__om0,115317.0,0.9997968184084303,0.016529152257770033,23.455262279351928,283.70852383451626,1.0459175918030896,0.05003433708941233,21.045893719486177,181.30382743332046,390.7005223586891,True
20260811_184731__rp1p25__vinf25__inc90__toff59132__Om180__om105,115317.0,0.9997897778995798,0.01653210150953122,23.455262277102857,283.71643370641533,1.0002853432242849,0.04912119385695661,24.238713598323066,202.62998984205458,365.4127092942266,True
20260811_184731__rp1p25__vinf25__inc90__toff59132__Om180__om120,115317.0,0.9997901454824354,0.016532451089990068,23.455285789033162,283.7147586451815,1.0182481851833143,0.0505369960246535,23.80030042547317,161.44997888458616,375.2997347249189,True
20260811_184731__rp1p25__vinf25__inc90__toff59132__Om180__om135,115317.0,0.9997902817571773,0.016532568236391012,23.455294837057867,283.7141434026646,1.0406599904352665,0.0688526485817149,23.094489692384073,135.9403503579427,387.7582771791774,True
20260811_184731__rp1p25__vinf25__inc90__toff59132__Om180__om15,115317.0,0.9997968274908111,0.016529128899800592,23.455261941454705,283.7085364242103,1.035588154426863,0.05609905138725516,21.53498113465473,208.24581796101563,384.927023556617,True
20260811_184731__rp1p25__vinf25__inc90__toff59132__Om180__om150,115317.0,0.9998038882860357,0.016526161301220053,23.455262788332742,283.70058126091686,1.0651407394662242,0.08543790704828266,22.39335805720473,120.84892299258078,401.52101838563595,True
20260811_184731__rp1p25__vinf25__inc90__toff59132__Om180__om165,115317.0,0.9997968267544097,0.016529133750257826,23.4552621103932,283.70852915942805,1.0810484835469922,0.09402405771940961,21.979241163580376,111.53960545051507,410.5495195389298,True
20260811_184731__rp1p25__vinf25__inc90__toff59132__Om180__om180,115317.0,0.9997968285778938,0.01652912694879273,23.455261941451845,283.70853614708824,1.0857687246144678,0.08919477436486448,22.079170292633485,102.66775996330807,413.24135978941416,True
20260811_184731__rp1p25__vinf25__inc90__toff59132__Om180__om195,115317.0,0.9997968205825956,0.016529148355754412,23.455262279346144,283.7085232802689,1.07136331377843,0.07118098414866815,22.72087802824814,99.21809163947474,405.04469342812246,True
20260811_184731__rp1p25__vinf25__inc90__toff59132__Om180__om210,115317.0,0.9997972705357703,0.016528946235265723,23.455262279460314,283.7080262893814,1.0483697027083558,0.04332008399686744,23.654259022965782,96.3123973283027,392.07529938007673,True
20260811_184731__rp1p25__vinf25__inc90__toff59132__Om180__om225,115317.0,0.9997985928337378,0.016528396406609136,23.455262617749224,283.7065273711016,1.0196067850328139,0.014890165450234364,24.452701192627778,125.64393074121332,376.0511019415459,True
20260811_184731__rp1p25__vinf25__inc90__toff59132__Om180__om240,115317.0,0.9997968170057039,0.016529140659973456,23.45526160360959,283.708554002112,1.0007500732791552,0.022815449775876042,24.717272115723052,218.26091064551346,365.6673936085812,True
20260811_184731__rp1p25__vinf25__inc90__toff59132__Om180__om255,115317.0,0.9997968234581243,0.01652915025263887,23.45526261721153,283.7085076422324,0.9953950971645721,0.03175040869868234,24.486127564033307,226.3345034977518,362.73631463131744,True
20260811_184731__rp1p25__vinf25__inc90__toff59132__Om180__om270,115317.0,0.9998048932098935,0.0165270719007665,23.45532655664011,283.69606052297485,0.996713343762166,0.025957505243906442,24.22031804656284,214.41771631842252,363.45713523285696,True
20260811_184731__rp1p25__vinf25__inc90__toff59132__Om180__om285,115317.0,0.9997902616989678,0.016532588357082087,23.455294076897477,283.71418203698613,1.003878410221259,0.02184357051511755,24.059012568294893,173.2810874095609,367.38334301644016,True
20260811_184731__rp1p25__vinf25__inc90__toff59132__Om180__om30,115317.0,0.9997997134397696,0.01653061665041999,23.45539083161292,283.6984483412551,1.0202634557796617,0.06574347140544985,22.397862424485453,225.77676629464386,376.4144501228389,True
20260811_184731__rp1p25__vinf25__inc90__toff59132__Om180__om300,115317.0,0.9998042575194118,0.0165265164242584,23.45528670130697,283.69888788346043,1.0153846461144393,0.03295350841010048,23.719693516403243,135.8859217844703,373.71770951129054,True
20260811_184731__rp1p25__vinf25__inc90__toff59132__Om180__om315,115317.0,0.9997900308795082,0.016532343568067136,23.45527906384378,283.7152659162588,1.0315374641713964,0.049622263252469566,22.97263331852893,129.8240275789732,382.6707775426408,True
20260811_184731__rp1p25__vinf25__inc90__toff59132__Om180__om330,115317.0,0.9998038926344277,0.016526153497209588,23.455262788321154,283.70058014849076,1.0444825851183313,0.05526523775268734,21.957681321273018,136.38310767494428,389.8967322010793,True
20260811_184731__rp1p25__vinf25__inc90__toff59132__Om180__om345,115317.0,0.9997968224060794,0.01652914155428918,23.45526211040477,283.7085302679202,1.0496447368281134,0.05224081651257702,21.182189680531742,153.86832735595138,392.79078364636905,True
20260811_184731__rp1p25__vinf25__inc90__toff59132__Om180__om45,115317.0,0.9997986033188823,0.01652838464660906,23.45526295559439,283.7065097909428,1.0080433279332994,0.07479980899092485,23.34927266409083,234.06470970490892,369.67202758221254,True
20260811_184731__rp1p25__vinf25__inc90__toff59132__Om180__om60,115317.0,0.9997968321547854,0.01652913464457646,23.455262617188357,283.70850542522686,0.9964662423371469,0.07579500507519218,24.152836828650557,237.08950377024294,363.3219832205046,True
20260811_184731__rp1p25__vinf25__inc90__toff59132__Om180__om75,115317.0,0.999797814632145,0.016530078304612873,23.455326047910937,283.704005604023,0.9927254788892775,0.07067969411183124,24.620203599860737,235.6280859423486,361.2780224555019,True
20260811_184731__rp1p25__vinf25__inc90__toff59132__Om180__om90,115317.0,0.9998038713132306,0.016526174116437083,23.455261943694985,283.70062286403265,0.9924464492710163,0.059085063609029036,24.62943815737664,225.11679809056517,361.1257142087804,True
20260811_184731__rp1p25__vinf25__inc90__toff59132__Om270__om0,115317.0,0.9997989413363976,0.016530327757459697,23.455243758241892,283.70169528149495,0.9740100612441848,0.07361704965467478,24.416116893179236,327.0192592568408,351.1098028098894,True
20260811_184731__rp1p25__vinf25__inc90__toff59132__Om270__om105,115317.0,0.9997990228027523,0.016530295421791772,23.455242732098945,283.7014287023708,1.0510595135646772,0.0893388969193669,23.75512245269885,224.3785726767666,393.5851931123693,True
20260811_184731__rp1p25__vinf25__inc90__toff59132__Om270__om120,115317.0,0.9997992972826844,0.016530682068549324,23.45526741649914,283.7000584628113,1.0369497571490927,0.10414104767176456,22.741112723196643,230.3982779620898,385.6864324810332,True
20260811_184731__rp1p25__vinf25__inc90__toff59132__Om270__om135,115317.0,0.9997994262684647,0.016530796071358468,23.455276611017215,283.69948023721804,0.9835154433601873,0.12877110763358685,21.63820149971791,245.80955087373837,356.26205271217805,True
20260811_184731__rp1p25__vinf25__inc90__toff59132__Om270__om15,115317.0,0.999797764712071,0.016529271899627936,23.455257547431543,283.7064001719772,0.9778263216751063,0.06774070206068443,24.560368940952856,324.4820748504774,353.1753431982635,True
20260811_184731__rp1p25__vinf25__inc90__toff59132__Om270__om150,115317.0,0.9997942742971203,0.016526089345023753,23.455300627133123,283.72039133490836,0.8877287880455345,0.20651413604402472,21.142064515154416,258.55824361225115,305.50494625331066,True
20260811_184731__rp1p25__vinf25__inc90__toff59132__Om270__om165,115317.0,0.9997988689832503,0.016530356476318994,23.455244468863206,283.701931872998,0.742066472377162,0.40941456105386803,23.296567615150533,251.84922627628475,233.48662379735583,True
20260811_184731__rp1p25__vinf25__inc90__toff59132__Om270__om180,115317.0,0.9997966571542312,0.01652818873233708,23.455270868307665,283.71088001023895,0.5686212146241231,0.9254684547114438,123.11133056407172,217.32951141798503,156.61464788895324,True
20260811_184731__rp1p25__vinf25__inc90__toff59132__Om270__om195,115317.0,0.9997977377572153,0.01652928260058494,23.455258288419003,283.70648870973463,6.31044938700272,0.8099403770458368,26.165170829293125,109.75923092005984,5790.128766519254,True
20260811_184731__rp1p25__vinf25__inc90__toff59132__Om270__om210,115317.0,0.9997971817952601,0.01652874187160483,23.455264976332888,283.70873569679503,1.3381308349449859,0.2142464548205185,21.67018484492294,104.94095165183356,565.3867909966133,True
20260811_184731__rp1p25__vinf25__inc90__toff59132__Om270__om225,115317.0,0.9997971715700718,0.016528745931231246,23.455265506594444,283.70876948971966,1.0793508842510429,0.06894672626813052,21.18838798115578,118.47694903796138,409.58285397531114,True
20260811_184731__rp1p25__vinf25__inc90__toff59132__Om270__om240,115317.0,0.9997989079608693,0.016530341005425372,23.45524337570628,283.70180383062825,0.994493660700584,0.02963647039274462,21.901255878471627,170.442552433138,362.24368155389584,True
20260811_184731__rp1p25__vinf25__inc90__toff59132__Om270__om255,115317.0,0.9997966207016316,0.016528203206512136,23.455272130394842,283.71099996389853,0.9615260408346495,0.026300333160607835,22.747499263845377,230.93072052785942,344.3811455518655,True
20260811_184731__rp1p25__vinf25__inc90__toff59132__Om270__om270,115317.0,0.9997953403473698,0.016526987412205887,23.455363517019464,283.71564314371653,0.951560939980423,0.0333369423751241,23.38930676427521,276.04550000427633,339.0413747393747,True
20260811_184731__rp1p25__vinf25__inc90__toff59132__Om270__om285,115317.0,0.9997993916304744,0.01653080981931808,23.45527614401799,283.69959283283265,0.9529489075232759,0.046205793541418294,23.790128475816736,302.29902355562035,339.78344489169774,True
20260811_184731__rp1p25__vinf25__inc90__toff59132__Om270__om30,115317.0,0.9997994641286583,0.016530859724937685,23.455390225560016,283.6985383190697,0.9855424419859075,0.05758061067377747,24.73178718442703,318.1954848043957,357.3639896174897,True
20260811_184731__rp1p25__vinf25__inc90__toff59132__Om270__om300,115317.0,0.9997946362392196,0.016526441134275406,23.455324687104923,283.7187344938972,0.9559031180136196,0.0583851395103025,23.995907227445937,315.0201897144778,341.36469866835245,True
20260811_184731__rp1p25__vinf25__inc90__toff59132__Om270__om315,115317.0,0.9997991681000016,0.016530568143897546,23.455260984559963,283.7006396232866,0.9602365005482194,0.06873212723893939,24.137050707836867,323.01004943961453,343.68858329483754,True
20260811_184731__rp1p25__vinf25__inc90__toff59132__Om270__om330,115317.0,0.9997942859350611,0.01652608472197219,23.45530048054096,283.720353247901,0.9656794538812377,0.07439243228760078,24.213399428995043,326.39729613151167,346.61493946353727,True
20260811_184731__rp1p25__vinf25__inc90__toff59132__Om270__om345,115317.0,0.9997966305840867,0.016528199282690864,23.45527140371746,283.71096712600337,0.9699487791284404,0.07592775124465406,24.301636003228136,327.780328549955,348.9160854908696,True
20260811_184731__rp1p25__vinf25__inc90__toff59132__Om270__om45,115317.0,0.9997971911672797,0.01652873815010466,23.455265661214078,283.708705691717,0.9955430068869678,0.04569532155049291,24.861401006315344,305.2057137475682,362.8171682855142,True
20260811_184731__rp1p25__vinf25__inc90__toff59132__Om270__om60,115317.0,0.9997965974256416,0.01652821244897187,23.455272423578897,283.71107613355906,1.008042717193869,0.03996786979344116,24.918012634822553,275.6549431305092,369.6716916245561,True
20260811_184731__rp1p25__vinf25__inc90__toff59132__Om270__om75,115317.0,0.9997999782943491,0.016531237780277683,23.455307013259144,283.69704445115394,1.026492310977739,0.047166662637102,24.805142370462946,244.1266479104262,379.8668026042911,True
20260811_184731__rp1p25__vinf25__inc90__toff59132__Om270__om90,115317.0,0.9997989362866823,0.01653032976202186,23.455243420382224,283.70171147344684,1.0439046694918437,0.06858775817550056,24.4433503292439,227.61132358517506,389.5731802635095,True
20260811_184731__rp1p25__vinf25__inc90__toff59132__Om90__om0,115317.0,0.9997966622039233,0.016528186727007576,23.45527120616723,283.7108638172816,0.9885405209513114,0.1270806173431542,25.116610664137024,244.36443994259804,358.99591304633054,True
20260811_184731__rp1p25__vinf25__inc90__toff59132__Om90__om105,115317.0,0.9997988947842029,0.016530346235143406,23.455244344609323,283.7018476119505,1.0003456948389637,0.03205815463364835,25.082701237079586,169.97820281487262,365.4457802271636,True
20260811_184731__rp1p25__vinf25__inc90__toff59132__Om90__om120,115317.0,0.9997946226682267,0.016526446525392383,23.45532377910878,283.7187780145145,0.9636678717530917,0.02585612441288031,24.31886108694342,231.61668799187981,345.53246662182477,True
20260811_184731__rp1p25__vinf25__inc90__toff59132__Om90__om135,115317.0,0.9997994146304046,0.016530800690390802,23.455276757609028,283.69951831934515,0.953599244546803,0.03254596721074132,23.6581707595671,277.8912943132498,340.1313304638558,True
20260811_184731__rp1p25__vinf25__inc90__toff59132__Om90__om15,115317.0,0.9997977327075123,0.01652928460554813,23.455257950559375,283.7065049021389,0.8962210254115992,0.2000515230284176,26.12395763622878,273.29683629134723,309.8992197374293,True
20260811_184731__rp1p25__vinf25__inc90__toff59132__Om90__om150,115317.0,0.9997942859350611,0.01652608472197219,23.45530048054096,283.720353247901,0.9529879351497971,0.044142056159262866,23.19078151334565,304.4210436171593,339.80431864010194,True
20260811_184731__rp1p25__vinf25__inc90__toff59132__Om90__om165,115317.0,0.9997966305840867,0.016528199282690864,23.45527140371746,283.71096712600337,0.9567076118733698,0.057250232188579504,22.913624751374982,318.9802737742335,341.79573122660173,True
20260811_184731__rp1p25__vinf25__inc90__toff59132__Om90__om180,115317.0,0.9997989362866823,0.01653032976202186,23.455243420382224,283.70171147344684,0.9607405421394982,0.06716047613473224,22.78443539155276,324.7763125342824,343.95922923179074,True
20260811_184731__rp1p25__vinf25__inc90__toff59132__Om90__om195,115317.0,0.9997977697617746,0.01652926989467344,23.45525788529116,283.706383979548,0.963926116789116,0.07356717871796793,22.666080291571784,328.77486354857575,345.6713703221095,True
20260811_184731__rp1p25__vinf25__inc90__toff59132__Om90__om210,115317.0,0.9997974565028108,0.016529013532420724,23.45526167360235,283.7076228957908,0.9677129419967608,0.07602338470175539,22.565677316965893,330.06777396086636,347.7103468704564,True
20260811_184731__rp1p25__vinf25__inc90__toff59132__Om90__om225,115317.0,0.9997971861175821,0.016528740155253508,23.455265323354485,283.70872188439176,0.9714023704307678,0.07434674459041477,22.43708979936364,329.2889585492931,349.70072180802634,True
20260811_184731__rp1p25__vinf25__inc90__toff59132__Om90__om240,115317.0,0.9997965822765668,0.016528218465017272,23.455271410000147,283.7111247122664,0.9773116942977976,0.06930516586906942,22.28274898162784,326.0593745944781,352.8965670285815,True
20260811_184731__rp1p25__vinf25__inc90__toff59132__Om90__om255,115317.0,0.9997989871192886,0.01653030958503171,23.455243583030065,283.70154580007693,0.9833140377671222,0.060001047502638474,22.09841762942801,320.3392663502778,356.15262459346656,True
20260811_184731__rp1p25__vinf25__inc90__toff59132__Om90__om270,115317.0,0.9997999451356805,0.016531250939148635,23.455308033117905,283.69715344976976,0.9922177433403221,0.0475075203820907,21.95224408107421,306.9607943726521,361.0008910998782,True
20260811_184731__rp1p25__vinf25__inc90__toff59132__Om90__om285,115317.0,0.999799519649151,0.016530759010203417,23.455274531508124,283.69917392872225,1.0077275630286229,0.04047699131007727,21.898302289428347,276.7303471902029,369.49834410909295,True
20260811_184731__rp1p25__vinf25__inc90__toff59132__Om90__om30,115317.0,0.9997991894208872,0.016530588017695757,23.4553935284598,283.6996508562958,0.757004485312519,0.3940172117789406,28.133347689889042,298.5358524858862,240.57221644576455,True
20260811_184731__rp1p25__vinf25__inc90__toff59132__Om90__om300,115317.0,0.9997993108538041,0.016530676681641876,23.455268324495727,283.7000149473513,1.0235731842898825,0.0458163338191626,22.039150573834537,241.55001989402496,378.24756408549547,True
20260811_184731__rp1p25__vinf25__inc90__toff59132__Om90__om315,115317.0,0.9997991797380565,0.01653056352467387,23.455260837968094,283.70060154090737,1.0424399606604877,0.06669502623265404,22.447087815704744,220.50443634094518,388.75354928031726,True
20260811_184731__rp1p25__vinf25__inc90__toff59132__Om90__om330,115317.0,0.9997942742971203,0.016526089345023753,23.455300627133123,283.72039133490836,1.0529231583649015,0.08759836374100695,23.150868673640634,215.63275126345857,394.6324621374639,True
20260811_184731__rp1p25__vinf25__inc90__toff59132__Om90__om345,115317.0,0.9997988689832503,0.016530356476318994,23.455244468863206,283.701931872998,1.0397159330729735,0.10431673108905822,24.0925652127719,221.69607867457322,387.23075182127417,True
20260811_184731__rp1p25__vinf25__inc90__toff59132__Om90__om45,115317.0,0.9997971766197693,0.01652874392607847,23.455265844454047,283.70875329705683,0.5518389375649195,0.9182557965632248,101.59993899588369,342.47423403216783,149.73257787746778,True
20260811_184731__rp1p25__vinf25__inc90__toff59132__Om90__om60,115317.0,0.9997989231100147,0.016530334991719933,23.455244389285266,283.7017552548283,29.587575940570463,0.95659156215704,25.420419829121165,57.53695926881906,58784.37008345151,True
20260811_184731__rp1p25__vinf25__inc90__toff59132__Om90__om75,115317.0,0.9997976118755332,0.016529131206767803,23.455335561299915,283.70649754805197,1.3862054248172777,0.2362193764316511,25.674631338642914,86.7355467490989,596.1275339620748,True
20260811_184731__rp1p25__vinf25__inc90__toff59132__Om90__om90,115317.0,0.9997943315005977,0.016526066622094174,23.4552989029314,283.72020329736216,1.0922662970740264,0.07812202966219843,25.678232603584302,114.85833317510603,416.95634809732417,True
20260811_184731__rp1p25__vinf25__incm30__toff59132__Om0__om0,115317.0,0.999795977206146,0.01652846336304237,23.455271849580086,283.71188455231794,1.1151771221328446,0.08806839116369335,22.08491385596027,117.61894689154863,430.14370079904626,True
20260811_184731__rp1p25__vinf25__incm30__toff59132__Om0__om105,115317.0,0.9997903917680425,0.016532727584013373,23.45527392615847,283.71377859270484,1.1872138579272695,0.23943192918899303,22.864451142406942,159.5419245776141,472.4884823422731,True
20260811_184731__rp1p25__vinf25__incm30__toff59132__Om0__om120,115317.0,0.9998038817359858,0.016526260181150793,23.45528103045618,283.70040926460393,1.254852515519329,0.24961007192395082,20.315668129980466,155.58652550946158,513.4365940081656,True
20260811_184731__rp1p25__vinf25__incm30__toff59132__Om0__om135,115317.0,0.9997897938931852,0.01653219750923081,23.455281046314674,283.71617547526677,1.1707436755237037,0.1849638250047385,20.519986989075022,158.9087776155382,462.6904342401973,True
20260811_184731__rp1p25__vinf25__incm30__toff59132__Om0__om15,115317.0,0.9997983647225489,0.016530579557673727,23.455243273621072,283.70232236291906,1.16156540972369,0.10172677853543578,21.7379827604218,132.29116861139025,457.2600888407894,True
20260811_184731__rp1p25__vinf25__incm30__toff59132__Om0__om150,115317.0,0.9998047678677766,0.01652698821375157,23.455289635841986,283.696793587535,1.072141053838491,0.124616779670799,21.64187698428547,175.1661539777421,405.4858276038115,True
20260811_184731__rp1p25__vinf25__incm30__toff59132__Om0__om165,115317.0,0.9997988697043669,0.016531033829723988,23.45527532642212,283.7000543426956,1.0043957083060546,0.09719774582475385,22.70568563939628,204.557281817782,367.6673482980087,True
20260811_184731__rp1p25__vinf25__incm30__toff59132__Om0__om180,115317.0,0.9997983701229413,0.016530580452760575,23.455243780416517,283.7022986312022,0.9639944676577251,0.09526977605379411,23.5086357854661,232.5996606098261,345.7081377000827,True
20260811_184731__rp1p25__vinf25__incm30__toff59132__Om0__om195,115317.0,0.9997993996921628,0.016531473640480368,23.455307908681977,283.6977151280138,0.943580173373438,0.10073436100046386,24.062939162867156,250.98268950494915,334.7850072470476,True
20260811_184731__rp1p25__vinf25__incm30__toff59132__Om0__om210,115317.0,0.9997992084516272,0.016530218160446093,23.455244198123676,283.7014681953609,0.9337757027719078,0.10317845130272117,24.44567835265377,264.92608285336826,329.58060315289185,True
20260811_184731__rp1p25__vinf25__incm30__toff59132__Om0__om225,115317.0,0.9997965297813123,0.01652648209261969,23.45536351732413,283.71431107400946,0.9302768396623826,0.10129885686306271,24.687586169900605,276.3218989089371,327.7299287675507,True
20260811_184731__rp1p25__vinf25__incm30__toff59132__Om0__om240,115317.0,0.9997960164662784,0.01652845688888381,23.455271674384758,283.7117367260813,0.9307020370470672,0.09662320048071543,24.798495597075092,287.2756016722004,327.9546454719445,True
20260811_184731__rp1p25__vinf25__incm30__toff59132__Om0__om255,115317.0,0.9997983427833985,0.01653059130442482,23.455244726981586,283.7023885893949,0.9335710194399451,0.087601524936627,24.752089204006275,299.1932015890867,329.47224314917054,True
20260811_184731__rp1p25__vinf25__incm30__toff59132__Om0__om270,115317.0,0.9998058791470911,0.016528082381138762,23.455275757200464,283.692275635291,0.9399648799786446,0.08023795228864401,24.464392765977998,312.5849107748928,332.8627764147116,True
20260811_184731__rp1p25__vinf25__incm30__toff59132__Om0__om285,115317.0,0.9997906930906476,0.016532920073205604,23.45528902290527,283.7125172064292,0.8973673287743215,0.0298528199900339,23.33214804644571,21.97200132576966,310.4939704873468,True
20260811_184731__rp1p25__vinf25__incm30__toff59132__Om0__om30,115317.0,0.9997987888751246,0.016530387693899733,23.455243397992568,283.7019095998145,1.1704387765492257,0.10353590750388449,21.83945376844249,143.84203588048712,462.5096970005864,True
20260811_184731__rp1p25__vinf25__incm30__toff59132__Om0__om300,115317.0,0.9997900192033276,0.016532368825561937,23.45528321652804,283.71527897042176,0.9602624678274261,0.05621347461773307,24.149962363434337,0.7525284320774112,343.7025247317653,True
20260811_184731__rp1p25__vinf25__incm30__toff59132__Om0__om315,115317.0,0.9997897878117927,0.01653219384766299,23.455280926761404,283.7162082845814,0.9815815834795097,0.0522469718814628,23.700494744224052,34.02928454021586,355.21180670990304,True
20260811_184731__rp1p25__vinf25__incm30__toff59132__Om0__om330,115317.0,0.9998042848983959,0.01652652517294562,23.455257205337915,283.69898988158104,1.0150908085503996,0.05790045142788221,23.195213957667384,67.70213002892599,373.55549853501105,True
20260811_184731__rp1p25__vinf25__incm30__toff59132__Om0__om345,115317.0,0.9997965817436814,0.016528890160302734,23.45530374358464,283.7092649677926,1.0616484086230094,0.07114182943492502,22.630753649276507,95.9071217637308,399.5479070112876,True
20260811_184731__rp1p25__vinf25__incm30__toff59132__Om0__om45,115317.0,0.9998011382500155,0.016530751882678087,23.455307717948028,283.69579256309703,1.1253915313510507,0.08683477155438638,22.646006749827013,161.98854704966675,436.06703253945267,True
20260811_184731__rp1p25__vinf25__incm30__toff59132__Om0__om60,115317.0,0.9997984228469228,0.01653054736901959,23.455243025095438,283.7021521762563,1.0270878847795681,0.07168913808282854,24.312601163243276,202.233995470191,380.19745027643467,True
20260811_184731__rp1p25__vinf25__incm30__toff59132__Om0__om75,115317.0,0.9997966024926935,0.01652889711547421,23.455303546061227,283.70916443245665,0.9371512055011245,0.09060902583047306,26.527563022820264,230.80357453601673,331.36931699055657,True
20260811_184731__rp1p25__vinf25__incm30__toff59132__Om0__om90,115317.0,0.9998030805216173,0.016525468113383318,23.455272256629016,283.70381344808834,0.9788445839221187,0.11833747733976904,26.873644334311937,188.62745752165927,353.7271570303829,True
20260811_184731__rp1p25__vinf25__incm30__toff59132__Om180__om0,115317.0,0.9997983574986676,0.01653058546429188,23.45524293576739,283.70233911024843,0.9165402586833246,0.1179566031978399,23.255642651059585,234.62017890205522,320.4978417242519,True
20260811_184731__rp1p25__vinf25__incm30__toff59132__Om180__om105,115317.0,0.9997904484548091,0.01653268684041809,23.455273376404982,283.71363249923644,0.9380757338336563,0.08256928685373573,22.700847144126968,53.805754458931055,331.85979686135414,True
20260811_184731__rp1p25__vinf25__incm30__toff59132__Om180__om120,115317.0,0.9997899529949301,0.01653231252595606,23.455278967043974,283.7155739970244,0.9464828704333225,0.0831306567279344,23.33043500999094,351.9854902298834,336.331022830473,True
20260811_184731__rp1p25__vinf25__incm30__toff59132__Om180__om135,115317.0,0.9997897909678067,0.016532192594059233,23.455281137923357,283.7161981669242,0.9636996467622946,0.0743829601279459,23.367347231573298,13.92031496798374,345.54955661953016,True
20260811_184731__rp1p25__vinf25__incm30__toff59132__Om180__om15,115317.0,0.9997983883185317,0.016530553477127237,23.455243126996415,283.7022812245371,0.9032950683763591,0.12347018884697238,23.242518830824515,250.95420221311048,313.5755907463447,True
20260811_184731__rp1p25__vinf25__incm30__toff59132__Om180__om150,115317.0,0.9998047867957476,0.016526986780662466,23.455289342669143,283.696718518174,0.9923142149364083,0.06583055835415408,23.42695853169251,42.75201177592653,361.0535416076405,True
20260811_184731__rp1p25__vinf25__incm30__toff59132__Om180__om165,115317.0,0.9997965716442986,0.016528894170714566,23.455303067866776,283.70929735266486,1.0404709758517916,0.06548636744044059,23.49985250153769,83.87171024930133,387.65263944664275,True
20260811_184731__rp1p25__vinf25__incm30__toff59132__Om180__om180,115317.0,0.9997959898303598,0.016528458349514445,23.455272694229024,283.7118440709181,1.1101400555883583,0.08950081862117186,23.586601391220395,120.09993041677107,427.23266459047187,True
20260811_184731__rp1p25__vinf25__incm30__toff59132__Om180__om195,115317.0,0.9997993760961323,0.01653149972020584,23.4553080553032,283.69775627070135,1.1944883545307128,0.12886578619425426,23.670277254984466,143.38749957569237,476.8377942936959,True
20260811_184731__rp1p25__vinf25__incm30__toff59132__Om180__om210,115317.0,0.9997987964496954,0.016530384687032624,23.455243904782066,283.7018853120102,1.2524766623808201,0.15447089872203765,23.67012970716563,156.3303642312569,511.97912508195697,True
20260811_184731__rp1p25__vinf25__incm30__toff59132__Om180__om225,115317.0,0.9998011407748842,0.016530750880632678,23.455307886877247,283.69578446697574,1.1943306181851703,0.13532952766069026,23.562330302394408,172.7463603457335,476.74334527584733,True
20260811_184731__rp1p25__vinf25__incm30__toff59132__Om180__om240,115317.0,0.9997984177972127,0.016530549373618975,23.45524268723581,283.70216836792844,0.9699257671515955,0.09449053311062053,23.12888278011613,244.3711294288376,348.90366854458955,True
20260811_184731__rp1p25__vinf25__incm30__toff59132__Om180__om255,115317.0,0.9997961043845665,0.016528434131479846,23.45527166184219,283.7114237734956,0.5920116282321501,0.4435100195791582,20.095797008188285,294.45576535701247,166.37694521760073,True
20260811_184731__rp1p25__vinf25__incm30__toff59132__Om180__om270,115317.0,0.999803572319119,0.01652593368002802,23.455303718411457,283.7015742068413,-0.4968723410660376,3.1504312689859266,72.0894382269634,72.37446281621565,,False
20260811_184731__rp1p25__vinf25__incm30__toff59132__Om180__om285,115317.0,0.9997906364038532,0.016532960816077233,23.455289572657772,283.71266330033905,-1.666968991592292,6.367784975572833,104.735159964351,223.6498320272466,,False
20260811_184731__rp1p25__vinf25__incm30__toff59132__Om180__om30,115317.0,0.9997992008770503,0.016530221167262035,23.455243691334175,283.7014924834962,0.9054614591823433,0.11988023889902356,23.21184475091189,264.83560400926063,314.7043488603687,True
20260811_184731__rp1p25__vinf25__incm30__toff59132__Om180__om300,115317.0,0.9998039479448981,0.016526316500883865,23.455285279914023,283.7001141932303,-1.5447814790964394,1.9980511858090104,35.572128061011654,58.384235269479085,,False
20260811_184731__rp1p25__vinf25__incm30__toff59132__Om180__om315,115317.0,0.999789790737171,0.01653219876283332,23.455280835152717,283.71618559292267,1.9406150137947669,0.37652279476747436,25.25349848356192,101.93522148987583,987.4312576119465,True
20260811_184731__rp1p25__vinf25__incm30__toff59132__Om180__om330,115317.0,0.9998042659704439,0.016526526606804492,23.455257498510207,283.69906495287137,1.1324779322748755,0.12597681504134128,23.874558909263055,148.6000281272241,440.192270523017,True
20260811_184731__rp1p25__vinf25__incm30__toff59132__Om180__om345,115317.0,0.9997988798037961,0.016531029820859206,23.455276002140195,283.7000219598143,0.9679903372241316,0.10457516633692605,23.440202546531538,208.00539924898325,347.85986450884513,True
20260811_184731__rp1p25__vinf25__incm30__toff59132__Om180__om45,115317.0,0.9997965272564668,0.016526483095440313,23.455363348395,283.71431917111914,0.9117756477873941,0.11445407252490952,23.20403061955236,277.0829541519396,318.0019428388687,True
20260811_184731__rp1p25__vinf25__incm30__toff59132__Om180__om60,115317.0,0.999796021515964,0.01652845488348392,23.455272012244315,283.71172053350017,0.920840180844747,0.10932446591895138,23.19686145691856,290.0621799607692,322.7558945133347,True
20260811_184731__rp1p25__vinf25__incm30__toff59132__Om180__om75,115317.0,0.9997988408919888,0.016531054382068054,23.455276610862132,283.7001297768371,0.9265307467601008,0.1022559692111166,23.222543875282373,302.3018178287954,325.75234006482737,True
20260811_184731__rp1p25__vinf25__incm30__toff59132__Om180__om90,115317.0,0.9998053873490867,0.016527616719141144,23.45524429575807,283.69451434278255,0.9317899126059414,0.11330731957593229,23.204206779082508,310.0513440901802,328.5298210891301,True
20260811_184731__rp1p25__vinf25__incm30__toff59132__Om270__om0,115317.0,0.9997983567314915,0.016530570573799707,23.45524308232942,283.7023744136054,0.9333673425435335,0.09051208162387936,23.01213434964756,318.821560429316,329.36442774633997,True
20260811_184731__rp1p25__vinf25__incm30__toff59132__Om270__om105,115317.0,0.9997986896358232,0.016530784023286522,23.455258884996173,283.70093869806965,1.1156596309880062,0.07408500413718529,21.51661782187695,133.85601614849998,430.42289939776254,True
20260811_184731__rp1p25__vinf25__incm30__toff59132__Om270__om120,115317.0,0.9997994770991597,0.016530444204041116,23.455259709580385,283.70026959582646,1.163858688851232,0.10067304024875323,21.652434350265406,153.45304831511572,458.61491020579365,True
20260811_184731__rp1p25__vinf25__incm30__toff59132__Om270__om135,115317.0,0.9997985927835764,0.016530808789815984,23.455260077599178,283.7012850033469,1.1633733259121541,0.10981533062066982,22.09392446424053,168.9491034290068,458.3280564741597,True
20260811_184731__rp1p25__vinf25__incm30__toff59132__Om270__om15,115317.0,0.999797185858589,0.016529518526142407,23.455257547254295,283.7070480032584,0.9413106065147856,0.08748672096077222,22.800901802950047,334.1149391343986,333.57786040822714,True
20260811_184731__rp1p25__vinf25__incm30__toff59132__Om270__om150,115317.0,0.999794185065896,0.016526805311290416,23.45533208920737,283.7187999965528,1.0719206341886995,0.08598215516603604,22.757107353759345,202.46510442480985,405.36078932188025,True
20260811_184731__rp1p25__vinf25__incm30__toff59132__Om270__om165,115317.0,0.9997987860638673,0.016531070065863216,23.455276352570447,283.70032146823274,0.8660792929831418,0.14868720309759434,23.702132106857476,289.4000593770621,294.3976054061461,True
20260811_184731__rp1p25__vinf25__incm30__toff59132__Om270__om180,115317.0,0.9997960837013853,0.01652843626747027,23.455271374929467,283.7115040816117,0.5610475734483643,0.5754578174429877,25.267109096471255,332.4603467089231,153.49609202381714,True
20260811_184731__rp1p25__vinf25__incm30__toff59132__Om270__om195,115317.0,0.9997911138434337,0.016533419838644963,23.455322730397075,283.71049908391706,-0.21384667879513006,3.653170756388627,16.628211099108043,9.625361924104029,,False
20260811_184731__rp1p25__vinf25__incm30__toff59132__Om270__om210,115317.0,0.999789542866973,0.01653197291007902,23.455264973968234,283.7172982789366,-3.7969059818972513,1.3495490759180266,51.08844607403325,217.49329853371387,,False
20260811_184731__rp1p25__vinf25__incm30__toff59132__Om270__om225,115317.0,0.9998046515960493,0.016526933668500856,23.455329445920857,283.6969729708569,2.264190467976364,0.5392062621682754,17.747146602151354,140.56812443336145,1244.4207008294204,True
20260811_184731__rp1p25__vinf25__incm30__toff59132__Om270__om240,115317.0,0.99979833850513,0.016530577808261233,23.45524371337275,283.7024343857503,1.2731130484998006,0.20687550549747535,21.496209715490263,139.95874865193704,524.6845118018639,True
20260811_184731__rp1p25__vinf25__incm30__toff59132__Om270__om255,115317.0,0.9997960512464708,0.016528440038646165,23.45527246806971,283.71163046866957,1.0325582787645415,0.09983352167440386,23.219628106833717,182.838516059341,383.2389574035759,True
20260811_184731__rp1p25__vinf25__incm30__toff59132__Om270__om270,115317.0,0.9997942541921735,0.016526771776564038,23.455330871785552,283.7185865716157,0.947122025607049,0.10160763582362445,23.832636781245714,225.7661357532695,336.6717643392998,True
20260811_184731__rp1p25__vinf25__incm30__toff59132__Om270__om285,115317.0,0.9997988225603439,0.016531038865381143,23.455276143820424,283.7002381990257,0.9150937251201446,0.11063601777936928,23.944499328713455,246.54165365983633,319.739400550803,True
20260811_184731__rp1p25__vinf25__incm30__toff59132__Om270__om30,115317.0,0.9997898186957811,0.016532231923244697,23.455261164411823,283.7162076279404,0.9498569536002084,0.08285793112157205,22.583028329146803,349.68544114905734,338.13108647339374,True
20260811_184731__rp1p25__vinf25__incm30__toff59132__Om270__om300,115317.0,0.9997939959646315,0.016526620491553356,23.455320321261496,283.71968129397135,0.9090507695394721,0.11050012006738756,23.85588761112063,261.34690251918096,316.5774660207133,True
20260811_184731__rp1p25__vinf25__incm30__toff59132__Om270__om315,115317.0,0.9997985752717496,0.016530819539507278,23.45526001303618,283.70133389954617,0.9118804201537579,0.10694914437374944,23.690893381040834,272.5837682681629,318.0567569369338,True
20260811_184731__rp1p25__vinf25__incm30__toff59132__Om270__om330,115317.0,0.9997972313837901,0.016524835288099615,23.455299805678262,283.7170742338938,0.9188052051665936,0.10042780714236227,23.47419134198026,285.6704433414064,321.6865926831332,True
20260811_184731__rp1p25__vinf25__incm30__toff59132__Om270__om345,115317.0,0.999796566460854,0.01652889318969658,23.455303963467177,283.70932153929965,0.9275517119844817,0.09537862436886915,23.244721176606408,303.5068362655447,326.2909191921297,True
20260811_184731__rp1p25__vinf25__incm30__toff59132__Om270__om45,115317.0,0.9998046549220931,0.016526944505303693,23.455329093772303,283.69693568198085,0.9634976499998358,0.07587613581377448,22.332627097674898,7.0154197804127145,345.4409186727347,True
20260811_184731__rp1p25__vinf25__incm30__toff59132__Om270__om60,115317.0,0.9997960135228116,0.016528461096185713,23.455272085546017,283.71174012901326,0.9850211269468239,0.06594773762538063,22.073301741832243,25.20328085982319,357.0804788688216,True
20260811_184731__rp1p25__vinf25__incm30__toff59132__Om270__om75,115317.0,0.9997989114237753,0.01653101727084327,23.45527580459019,283.6999186604173,1.0155698602105645,0.05369688890768858,21.81511101244148,53.60875361629854,373.81996772113513,True
20260811_184731__rp1p25__vinf25__incm30__toff59132__Om270__om90,115317.0,0.9997983671815929,0.016530569464265645,23.455243926984515,283.7023344902442,1.0623355301265929,0.05204263158538709,21.605290952944472,96.7412547899815,399.93586366431595,True
20260811_184731__rp1p25__vinf25__incm30__toff59132__Om90__om0,115317.0,0.9997960710771695,0.01652844128092761,23.45527053028056,283.71154456316947,0.7997328492285866,0.5668133601664747,32.75111456943959,265.1897525000068,261.2252738112089,True
20260811_184731__rp1p25__vinf25__incm30__toff59132__Om90__om105,115317.0,0.9997985779236558,0.016530805570817854,23.45526049746266,283.7013534270021,0.9122813916265561,0.1070316919610654,24.038053048793614,260.1455284945605,318.2665635661047,True
20260811_184731__rp1p25__vinf25__incm30__toff59132__Om90__om120,115317.0,0.9997939297560897,0.016526564198185476,23.4553160717364,283.71997642936066,0.9177190778018207,0.10657300731811062,24.203051403765144,275.0601527146036,321.1163586434951,True
20260811_184731__rp1p25__vinf25__incm30__toff59132__Om90__om135,115317.0,0.9997985784278194,0.016530818286672935,23.455260224198263,283.7013237798587,0.9240290961319244,0.10556193340892783,24.35931042495037,284.45158253690295,324.4339247386383,True
20260811_184731__rp1p25__vinf25__incm30__toff59132__Om90__om15,115317.0,0.9997901024740518,0.016532499939344313,23.455257948144542,283.7150654292361,1.1458012844339667,0.1788403576106756,42.09775614581542,299.9206704393454,447.98322046794755,True
20260811_184731__rp1p25__vinf25__incm30__toff59132__Om90__om150,115317.0,0.9997977332793975,0.01652529670835655,23.455331943574958,283.71480213819257,0.9308664394487352,0.1013196536706511,24.48312426992541,298.9271204212104,328.04154586026056,True
20260811_184731__rp1p25__vinf25__incm30__toff59132__Om90__om165,115317.0,0.9997965563614712,0.01652889720011785,23.455303287749302,283.70935392415214,0.9351563888548412,0.0959862100221138,24.611042261002215,309.94863053316914,330.31185293498635,True
20260811_184731__rp1p25__vinf25__incm30__toff59132__Om90__om180,115317.0,0.9997983693557652,0.016530565562260933,23.455243926978536,283.7023339345329,0.9398798359836504,0.08906891947284941,24.706620104794386,321.7259563439968,332.8176034397607,True
20260811_184731__rp1p25__vinf25__incm30__toff59132__Om90__om195,115317.0,0.9997981972315539,0.016530438589620874,23.45532232927547,283.70248137383084,0.9465667626167978,0.08027098789426064,24.81505624633906,334.69273640905277,336.37574023103167,True
20260811_184731__rp1p25__vinf25__incm30__toff59132__Om90__om210,115317.0,0.999789826270216,0.016532228914604784,23.45526167120099,283.7161833456088,0.9564798262606323,0.06862482691878012,24.89551192256686,351.8416145501263,341.67366961447067,True
20260811_184731__rp1p25__vinf25__incm30__toff59132__Om90__om225,115317.0,0.9998046574469797,0.016526943503205393,23.45532926270157,283.6969275840133,0.9743737741195687,0.0520922449380536,24.892649320445674,16.934212881585314,351.3064872415384,True
20260811_184731__rp1p25__vinf25__incm30__toff59132__Om90__om240,115317.0,0.9997960084731258,0.016528463101587225,23.45527174768643,283.7117563215859,1.0080189695969686,0.04250836066647244,24.814204229369313,63.694240791241135,369.6586285433019,True
20260811_184731__rp1p25__vinf25__incm30__toff59132__Om90__om255,115317.0,0.9997984133151145,0.016530554191066534,23.4552439207085,283.7021774716725,1.0593120183821954,0.05905585138485157,24.6389182349601,115.29238302601917,398.2296936907034,True
20260811_184731__rp1p25__vinf25__incm30__toff59132__Om90__om270,115317.0,0.9997988589780646,0.016531035047972896,23.45527538854353,283.7000959157824,1.1309363725238557,0.09850116553200389,24.3172917854863,143.63777524379412,439.29377393129835,True
20260811_184731__rp1p25__vinf25__incm30__toff59132__Om90__om285,115317.0,0.9997989342725659,0.016531017319929068,23.4552745313531,283.69982347465066,1.2048301376191175,0.13584801137413455,23.846074584334854,157.8544451669385,483.04381314594707,True
20260811_184731__rp1p25__vinf25__incm30__toff59132__Om90__om30,115317.0,0.9997895352925426,0.016531975918858945,23.45526446717909,283.7173225614457,1.895424188985562,0.41587036265588573,24.35363956181835,123.37477890834039,953.1415859491738,True
20260811_184731__rp1p25__vinf25__incm30__toff59132__Om90__om300,115317.0,0.9997995433079108,0.01653050052418216,23.455263959019163,283.69997459283354,1.2258205214216678,0.14827973256695753,23.491356527133224,167.0389922713299,495.72191843655935,True
20260811_184731__rp1p25__vinf25__incm30__toff59132__Om90__om315,115317.0,0.9997985896275065,0.01653081004264836,23.455259866437096,283.70129512304356,1.1431920283025292,0.12348156473260759,23.673556251264344,185.57371977587317,446.45384893311393,True
20260811_184731__rp1p25__vinf25__incm30__toff59132__Om90__om330,115317.0,0.9997936831711642,0.016526343931714656,23.455299951254304,283.72107202002474,0.9595874758582577,0.13439581522413865,25.58949550948862,241.99550738240055,343.3401930599921,True
20260811_184731__rp1p25__vinf25__incm30__toff59132__Om90__om345,115317.0,0.999798796163295,0.016531066056954192,23.455277028288528,283.70028908548863,0.7995848174558119,0.31879466273270873,30.517524110894882,262.0061702169242,261.1527473714631,True
20260811_184731__rp1p25__vinf25__incm30__toff59132__Om90__om45,115317.0,0.999804649071163,0.016526934670601116,23.45532927699161,283.69698106882737,1.2040554888907857,0.11123279134454632,21.875297021258607,129.68335035929863,482.578026586966,True
20260811_184731__rp1p25__vinf25__incm30__toff59132__Om90__om60,115317.0,0.9997983435548391,0.016530575803639765,23.45524405123241,283.70241819413866,1.0082938823476826,0.07951737913464905,22.752279571773908,193.2566252662448,369.80986200518686,True
20260811_184731__rp1p25__vinf25__incm30__toff59132__Om90__om75,115317.0,0.9997965493545447,0.01652890302053491,23.45530435229,283.70937112254546,0.9403465211101792,0.0958978876917736,23.327445633580652,225.7661197703636,333.06551859628803,True
20260811_184731__rp1p25__vinf25__incm30__toff59132__Om90__om90,115317.0,0.9997937623966979,0.016526306382504522,23.455299409549884,283.72082620611127,0.9158451331320643,0.10518007625063469,23.813634163247833,244.92790784781278,320.1333012855491,True
20260811_184731__rp1p25__vinf25__incm60__toff59132__Om0__om0,115317.0,0.9997960654772384,0.01652842831068176,23.45527174138094,283.7115965243551,1.1102732760025,0.08952297666370279,21.631099686659685,108.58191863768252,427.3095708597132,True
20260811_184731__rp1p25__vinf25__incm60__toff59132__Om0__om105,115317.0,0.9997901270439837,0.016532502335657003,23.455257629505127,283.71495888991126,1.024030410878489,0.07335361012872268,24.131982168698716,154.81366281799023,378.5010351973679,True
20260811_184731__rp1p25__vinf25__incm60__toff59132__Om0__om120,115317.0,0.9998041887982705,0.016526493875682332,23.455286643007895,283.6991400257263,1.0676385278763263,0.10767928463745127,22.885499508946555,141.3465337951116,402.9342151293123,True
20260811_184731__rp1p25__vinf25__incm60__toff59132__Om0__om135,115317.0,0.9997898633897929,0.01653216990707795,23.45528072293959,283.7159485679275,1.0901246039373684,0.11667195173499903,21.695227229345104,146.77661341609848,415.73061037945007,True
20260811_184731__rp1p25__vinf25__incm60__toff59132__Om0__om15,115317.0,0.9997983073016812,0.01653060235023669,23.455243595424744,283.7025099227924,1.1199798039477802,0.08527477817031655,21.635157251650366,112.66786061675347,432.92541042080876,True
20260811_184731__rp1p25__vinf25__incm60__toff59132__Om0__om150,115317.0,0.9998047553518076,0.01652699318079966,23.455289492391575,283.6968343032554,1.076404203765494,0.09943689133533269,21.304326840622235,160.87102763224044,407.9067275439566,True
20260811_184731__rp1p25__vinf25__incm60__toff59132__Om0__om165,115317.0,0.9997960437717228,0.016528449084882796,23.455271102332638,283.71164064467143,1.0458410320369944,0.08021958648847421,21.65594655186432,186.22683149053378,390.6576250117265,True
20260811_184731__rp1p25__vinf25__incm60__toff59132__Om0__om180,115317.0,0.9997960550908629,0.016528453706298976,23.455270676883945,283.71158375434715,1.0157956412258364,0.07409689317891839,22.36821666117885,215.72954860391306,373.94463586952696,True
20260811_184731__rp1p25__vinf25__incm60__toff59132__Om0__om195,115317.0,0.9997960436390364,0.01652843850168008,23.455272203497607,283.71166487307346,0.9925317172038395,0.07896174313331299,23.18426611122578,237.53360868906822,361.1722554169497,True
20260811_184731__rp1p25__vinf25__incm60__toff59132__Om0__om210,115317.0,0.9997969483146216,0.016528069577279765,23.455270603845626,283.7105739352976,0.974193401687378,0.0856601984521831,23.95093942960373,251.93994575751137,351.20894293982207,True
20260811_184731__rp1p25__vinf25__incm60__toff59132__Om0__om225,115317.0,0.9997978516386505,0.016527681443047018,23.455271206526458,283.70953168169245,0.9634623203597739,0.08572317408939606,24.57954453655942,262.28794446634384,345.4219188472943,True
20260811_184731__rp1p25__vinf25__incm60__toff59132__Om0__om240,115317.0,0.9997970096123315,0.016529384090193694,23.455337087786603,283.7072295352689,0.9562374778466661,0.08229770283916266,25.00176686278557,270.46353359376565,341.54382031033083,True
20260811_184731__rp1p25__vinf25__incm60__toff59132__Om0__om255,115317.0,0.9997971690689695,0.0165295343079503,23.45525847952691,283.7070839280058,0.9532709657757399,0.07156645668300127,25.148750312909584,277.60999486665196,339.9557090710713,True
20260811_184731__rp1p25__vinf25__incm60__toff59132__Om0__om270,115317.0,0.999804223730044,0.01652655552715908,23.455258723973067,283.69917763253375,0.9568594471634172,0.05490843284749369,24.890603334233525,283.5239677722816,341.87710203263606,True
20260811_184731__rp1p25__vinf25__incm60__toff59132__Om0__om285,115317.0,0.9997895308386684,0.01653195945675112,23.45526508902572,283.7173768296151,0.9575035846866061,0.012842202509992177,24.31865220198003,268.45628126663934,342.2223767656173,True
20260811_184731__rp1p25__vinf25__incm60__toff59132__Om0__om30,115317.0,0.9997988189564788,0.016530375753305366,23.455244022753945,283.7018119963915,1.1048510698714333,0.06699134400922505,22.215982846385817,119.3753157801457,424.18313860873104,True
20260811_184731__rp1p25__vinf25__incm60__toff59132__Om0__om300,115317.0,0.9997900129260936,0.016532288723511566,23.4552787265196,283.71537835326495,0.9814556954627195,0.014959097962264497,24.166178444887397,27.53286525432996,355.1434749325891,True
20260811_184731__rp1p25__vinf25__incm60__toff59132__Om0__om315,115317.0,0.9997898316163749,0.01653217644927027,23.455281428837903,283.7160658458476,1.0077666057677728,0.03789632795432399,23.529779761272103,86.55866562472293,369.5198177211938,True
20260811_184731__rp1p25__vinf25__incm60__toff59132__Om0__om330,115317.0,0.9998043015863397,0.016526518549680683,23.45525739660566,283.69893559319985,1.0428924109415354,0.06379438335848715,22.787959072456278,99.00064830936562,389.00667283196697,True
20260811_184731__rp1p25__vinf25__incm60__toff59132__Om0__om345,115317.0,0.9997972414240046,0.01652949038799842,23.45525750431232,283.70687979451105,1.0811065031413831,0.08249478069407755,22.087408515963894,105.26273432738758,410.5825711132526,True
20260811_184731__rp1p25__vinf25__incm60__toff59132__Om0__om45,115317.0,0.9997977953707361,0.01652771138191067,23.455271043893596,283.7096987564356,1.065939342590878,0.04569940743515314,23.266679373967722,144.34852942255048,401.97267142710126,True
20260811_184731__rp1p25__vinf25__incm60__toff59132__Om0__om60,115317.0,0.9997960490723087,0.01652844394066732,23.455272468075414,283.71163102218196,1.0195565632072159,0.04592434817145577,24.370217894350674,192.94757549092927,376.0233180832427,True
20260811_184731__rp1p25__vinf25__incm60__toff59132__Om0__om75,115317.0,0.9997971828471732,0.016529528837603922,23.455258707442596,283.70703917372344,0.9885908796593417,0.060503435870411335,24.941683927963574,209.25238419863888,359.02334561013424,True
20260811_184731__rp1p25__vinf25__incm60__toff59132__Om0__om90,115317.0,0.9998042571420314,0.016526524031973883,23.45525846740204,283.69910763193695,0.9924588794642174,0.058918657087446105,24.81843901650463,193.3365890941694,361.1324987709947,True
20260811_184731__rp1p25__vinf25__incm60__toff59132__Om180__om0,115317.0,0.9997960677150783,0.01652844869283356,23.45527152153288,283.71154327283256,0.9407354184692059,0.10530670086180856,23.118194169656764,233.104567402562,333.2721578865843,True
20260811_184731__rp1p25__vinf25__incm60__toff59132__Om180__om105,115317.0,0.9997895295762635,0.01653195995821589,23.45526500456085,283.71738087670155,0.9580211136981741,0.08260061066374133,21.95993982926933,52.19877777606276,342.49987014680227,True
20260811_184731__rp1p25__vinf25__incm60__toff59132__Om180__om120,115317.0,0.9997901292473333,0.01653240771659571,23.455286148567293,283.71483990222066,0.9531396220616228,0.07122903144882484,22.91634237276203,351.06237009163675,339.8854517533675,True
20260811_184731__rp1p25__vinf25__incm60__toff59132__Om180__om135,115317.0,0.9997898284603602,0.016532177702867166,23.45528121767597,283.7160759635253,0.9710931955424444,0.06330452331954106,23.23740054745075,17.487070329559366,349.53378262577655,True
20260811_184731__rp1p25__vinf25__incm60__toff59132__Om180__om15,115317.0,0.9997960284899783,0.016528444517870035,23.45527118991893,283.71171345087464,0.9243162641274876,0.11175094620939063,22.74268344679732,250.29852065338446,324.58517692070217,True
20260811_184731__rp1p25__vinf25__incm60__toff59132__Om180__om150,115317.0,0.9998047946466027,0.01652698366525398,23.45528894268286,283.6966925733668,1.0039013404858201,0.06080003599149068,23.60136695218935,49.54944759169047,367.39593056479833,True
20260811_184731__rp1p25__vinf25__incm60__toff59132__Om180__om165,115317.0,0.9997972313246085,0.01652949439798971,23.455256828593125,283.7069121787959,1.0528484140729657,0.06770534403064817,24.017086342117725,84.523551849095,394.59044197638235,True
20260811_184731__rp1p25__vinf25__incm60__toff59132__Om180__om180,115317.0,0.999796052853023,0.01652843332415835,23.455270896732046,283.7116370059043,1.1151475238619566,0.08961996548045999,24.431856590119878,114.40421963738589,430.12657604140077,True
20260811_184731__rp1p25__vinf25__incm60__toff59132__Om180__om195,115317.0,0.9997983224508084,0.01653059633635755,23.45524460900373,283.7024613480457,1.1813402698655588,0.11540805939245061,24.72976723512582,135.04255463648627,468.9864586351977,True
20260811_184731__rp1p25__vinf25__incm60__toff59132__Om180__om210,115317.0,0.9997988038073371,0.016530381767024534,23.455243009174964,283.701860572046,1.2072957005307134,0.12700218634750857,24.71238495637201,151.13083403625953,484.5273218596333,True
20260811_184731__rp1p25__vinf25__incm60__toff59132__Om180__om225,115317.0,0.9997978054701435,0.016527707371446352,23.45527171961281,283.7096663692572,1.1544210363766625,0.10869976433888211,24.1445093508238,170.44896215110833,453.0479175115553,True
20260811_184731__rp1p25__vinf25__incm60__toff59132__Om180__om240,115317.0,0.9997970503453479,0.01652936791816662,23.45533657471488,283.70709624444123,1.0089597446667884,0.08244872160800759,22.459093446154323,220.489843295853,370.17624789609135,True
20260811_184731__rp1p25__vinf25__incm60__toff59132__Om180__om255,115317.0,0.9997971777974755,0.016529530842612133,23.455258369582957,283.7070553658109,0.8437023920154882,0.12871202019846065,18.8758864250739,255.96682300244717,283.06209128898996,True
20260811_184731__rp1p25__vinf25__incm60__toff59132__Om180__om270,115317.0,0.9998042571420314,0.016526524031973883,23.45525846740204,283.69910763193695,1.0055677793823836,0.1863371466723694,21.523053933468123,132.37356367180155,368.31110546687546,True
20260811_184731__rp1p25__vinf25__incm60__toff59132__Om180__om285,115317.0,0.9997901283063906,0.01653250183424293,23.455257713969974,283.7149548428854,1.5427358004362597,0.4300031962421287,29.6951904322013,126.57386357907755,699.8986036329903,True
20260811_184731__rp1p25__vinf25__incm60__toff59132__Om180__om30,115317.0,0.9997969634637076,0.016528063561370505,23.45527161742438,283.7105253559367,0.9181344424053459,0.11198999934369087,22.53359451363354,262.58850311835477,321.3343918029613,True
20260811_184731__rp1p25__vinf25__incm60__toff59132__Om180__om300,115317.0,0.9998040724764458,0.01652637484498682,23.455279221018877,283.6996785327755,1.4878290778562229,0.3442823524335594,29.816966046492034,129.7231345946609,662.8684575474697,True
20260811_184731__rp1p25__vinf25__incm60__toff59132__Om180__om315,115317.0,0.9997898665458078,0.016532168653487667,23.455280934101545,283.7159384502353,1.2611462534849989,0.21961009894814992,27.074912907789404,139.82080043932328,517.304160669891,True
20260811_184731__rp1p25__vinf25__incm60__toff59132__Om180__om330,115317.0,0.9998042622915831,0.016526528066655166,23.455257946313974,283.69907732591827,1.0819435614837272,0.1295397833224145,25.00783537799979,166.75353880365554,411.05951036240816,True
20260811_184731__rp1p25__vinf25__incm60__toff59132__Om180__om345,115317.0,0.9997960538710952,0.016528445074100274,23.455271778051785,283.71160825946555,0.985611422704358,0.10143405751604823,23.79968915277888,206.28649756670364,357.4015095482121,True
20260811_184731__rp1p25__vinf25__incm60__toff59132__Om180__om45,115317.0,0.9997978415392421,0.016527685453488983,23.455270530807276,283.70956406895516,0.9211315593532778,0.10897097147145257,22.431105803404023,274.62871090128795,322.9090995519198,True
20260811_184731__rp1p25__vinf25__incm60__toff59132__Om180__om60,115317.0,0.9997960083393735,0.0165284601154077,23.455272981147484,283.7117643164387,0.9238512762271737,0.10365447718015819,22.40465135259715,286.8918014807616,324.3402782816493,True
20260811_184731__rp1p25__vinf25__incm60__toff59132__Om180__om75,115317.0,0.999797174118667,0.01652953230293979,23.455258817386515,283.7070677359256,0.9299086821517423,0.09695833247789674,22.45340884998723,299.4869083159129,327.53539909955504,True
20260811_184731__rp1p25__vinf25__incm60__toff59132__Om180__om90,115317.0,0.999804223730044,0.01652655552715908,23.455258723973067,283.69917763253375,0.9343902346292337,0.11707174976159186,22.681206121855176,311.695826514833,329.90600961704007,True
20260811_184731__rp1p25__vinf25__incm60__toff59132__Om270__om0,115317.0,0.999798362833249,0.016530577268275073,23.455243926996452,283.70233560166673,0.9424773293710549,0.08168787025688898,22.451960263996558,320.6390202105064,334.19824036204636,True
20260811_184731__rp1p25__vinf25__incm60__toff59132__Om270__om105,115317.0,0.9997984477711471,0.016530529878483174,23.455242478502125,283.70208676652607,1.04837097979371,0.014853401304543547,21.252723917968336,156.75316951882766,392.07601579782573,True
20260811_184731__rp1p25__vinf25__incm60__toff59132__Om270__om120,115317.0,0.9997993766803353,0.016530658545057784,23.455267564357783,283.6999585280959,1.0803057385937165,0.05041010770036364,21.451694546795927,175.9522582741597,410.12648411714264,True
20260811_184731__rp1p25__vinf25__incm60__toff59132__Om270__om135,115317.0,0.9997986057059066,0.01653079530307823,23.4552605421398,283.7012612111892,1.1026433335731594,0.07846713002176738,21.924109653769317,184.38977348154597,422.9123566597361,True
20260811_184731__rp1p25__vinf25__incm60__toff59132__Om270__om15,115317.0,0.9997971764605578,0.01652952833517752,23.455257209406373,283.70706530453765,0.9496609537591982,0.08334026861442939,22.24717525917501,331.6650552136292,338.0264335254145,True
20260811_184731__rp1p25__vinf25__incm60__toff59132__Om270__om150,115317.0,0.999794176930338,0.016526814619861132,23.45533183582352,283.71881324506245,1.0893293511357884,0.09153269116132179,22.644544726911317,200.3522170865007,415.2757761865683,True
20260811_184731__rp1p25__vinf25__incm60__toff59132__Om270__om165,115317.0,0.9998018107912562,0.016529120951302458,23.45524413196622,283.6986383443507,1.0119898765003918,0.10018359278707797,23.43771693399673,238.86379507527113,371.845082431543,True
20260811_184731__rp1p25__vinf25__incm60__toff59132__Om270__om180,115317.0,0.9997960775996556,0.016528429574864688,23.455270530263462,283.71154290257044,0.8650500978992961,0.19768973208166335,23.938774245914757,285.9777129390015,293.8729954684831,True
20260811_184731__rp1p25__vinf25__incm60__toff59132__Om270__om195,115317.0,0.9997971726501292,0.01652951161431478,23.455258626077995,283.7071181288613,0.6633076992318347,0.5045421696699695,23.179839937709772,308.38323443168656,197.31965517951218,True
20260811_184731__rp1p25__vinf25__incm60__toff59132__Om270__om210,115317.0,0.9997965993650557,0.016528980810119342,23.45526430042109,283.70941423648605,0.7495048130632191,0.6925341845332353,131.21687894583016,167.40461365581945,237.00604847039466,True
20260811_184731__rp1p25__vinf25__incm60__toff59132__Om270__om225,115317.0,0.9998036521429249,0.01652600268257079,23.45526517073746,283.7015147531173,-2.5987758158101184,1.8539260519467762,13.74020492810818,182.4846218063665,,False
20260811_184731__rp1p25__vinf25__incm60__toff59132__Om270__om240,115317.0,0.9997993462316745,0.01653151157220797,23.455308832936915,283.6978543221748,1.718571145591875,0.3794544878428724,21.523250917691765,111.74917374111558,822.9037929352316,True
20260811_184731__rp1p25__vinf25__incm60__toff59132__Om270__om255,115317.0,0.9997960418484604,0.016528449848081044,23.455272130221555,283.7116477682947,1.1443639576748343,0.12315866694659741,23.860084552323983,134.92488636371894,447.1405399276493,True
20260811_184731__rp1p25__vinf25__incm60__toff59132__Om270__om270,115317.0,0.9997937630980571,0.016526312180418355,23.455299747420245,283.72081111518605,0.9943970325791028,0.06880048493141498,24.411154388139625,196.74650060888985,362.1908877389307,True
20260811_184731__rp1p25__vinf25__incm60__toff59132__Om270__om285,115317.0,0.9998000735420383,0.016529856646643797,23.45524417607767,283.7005255562398,0.9404192021386443,0.07759787417390444,24.234586985257128,234.67851714569915,333.10413416775435,True
20260811_184731__rp1p25__vinf25__incm60__toff59132__Om270__om30,115317.0,0.9997968783507957,0.016529265961852856,23.455262011297286,283.7082556353177,0.957172409127191,0.08222336959125673,22.052859695632243,341.1059705977582,342.04484340435687,True
20260811_184731__rp1p25__vinf25__incm60__toff59132__Om270__om300,115317.0,0.9997943797918617,0.01652637094064242,23.455316504738335,283.7194603753527,0.9213327306521917,0.08196833865081372,23.81540034772446,254.8904067640654,323.0148883324962,True
20260811_184731__rp1p25__vinf25__incm60__toff59132__Om270__om315,115317.0,0.999798582004724,0.016530825983615823,23.455260899934405,283.70129306462786,0.9211252631649596,0.07891245474756162,23.382940783114854,272.48241298411307,322.90578879841405,True
20260811_184731__rp1p25__vinf25__incm60__toff59132__Om270__om330,115317.0,0.9997972396947388,0.016524827429197274,23.455300143529666,283.7170572099277,0.927519549976002,0.0780992686380807,22.999575386039137,290.43333808229335,326.2739485798099,True
20260811_184731__rp1p25__vinf25__incm60__toff59132__Om270__om345,115317.0,0.9997960633030762,0.016528432212702813,23.45527174138666,283.7115970778758,0.9337455559325101,0.0781454974900322,22.70878895614559,307.6630608986372,329.5646425748519,True
20260811_184731__rp1p25__vinf25__incm60__toff59132__Om270__om45,115317.0,0.9997965855926952,0.01652900451102996,23.455264309617725,283.7094199409169,0.9671348751147644,0.07571526044313268,21.85443704777276,349.15573163454445,347.39883432265714,True
20260811_184731__rp1p25__vinf25__incm60__toff59132__Om270__om60,115317.0,0.999796032318831,0.016528441477301262,23.455272761242348,283.7117055298773,0.9777513294497719,0.06481002504197371,21.644884051515174,355.0599165943604,353.1347149754653,True
20260811_184731__rp1p25__vinf25__incm60__toff59132__Om270__om75,115317.0,0.999798417663459,0.01653054638705781,23.455243920696546,283.7021763601739,0.9936090018561885,0.04701013713711342,21.440786059349502,2.744512772340409,361.7604344330549,True
20260811_184731__rp1p25__vinf25__incm60__toff59132__Om270__om90,115317.0,0.9997983754925612,0.016530561606645396,23.455244264835223,283.70231746503805,1.0168160542680336,0.021126893588592967,21.286711295500183,15.220188077105847,374.5082440109099,True
20260811_184731__rp1p25__vinf25__incm60__toff59132__Om90__om0,115317.0,0.9997960902238715,0.016528424561407667,23.45527137491235,283.7115024209834,0.6172512951652178,0.8033306450487449,30.80354018913016,256.3596669254513,177.1294626672413,True
20260811_184731__rp1p25__vinf25__incm60__toff59132__Om90__om105,115317.0,0.9998000722796065,0.016529857147760285,23.45524409161275,283.70052960438363,0.9249960523950455,0.08119307841692174,24.01614423628111,272.451895326135,324.94331693369185,True
20260811_184731__rp1p25__vinf25__incm60__toff59132__Om90__om120,115317.0,0.9997944961132698,0.016526489923234338,23.45532392686618,283.71892172089343,0.9306486260856881,0.08501730207261396,24.223359504008048,287.8658511709317,327.9264149735189,True
20260811_184731__rp1p25__vinf25__incm60__toff59132__Om90__om135,115317.0,0.9997985788486544,0.0165308272364486,23.45526068877233,283.70130318431325,0.9372078889456237,0.08707283396122276,24.385153611652175,300.3635557307171,331.3993816773423,True
20260811_184731__rp1p25__vinf25__incm60__toff59132__Om90__om15,115317.0,0.999797157501037,0.016529517629363114,23.455257612499164,283.70716670513275,-0.9441728926026118,1.786829920855613,35.24607974323601,111.26014586557638,,False
20260811_184731__rp1p25__vinf25__incm60__toff59132__Om90__om150,115317.0,0.9997977327533739,0.016525292359569208,23.45533169017306,283.7148134556046,0.9433101677688815,0.0890055889616826,24.54852411661297,309.35679780448186,334.64131935919994,True
20260811_184731__rp1p25__vinf25__incm60__toff59132__Om90__om165,115317.0,0.9997960532037041,0.016528436223483524,23.455271065667528,283.71162946311,0.9498983997513292,0.08801872312872698,24.70735596000865,317.41536801435427,338.15321778210654,True
20260811_184731__rp1p25__vinf25__incm60__toff59132__Om90__om180,115317.0,0.9997983502089757,0.016530582279814104,23.455243082347305,283.7023760807093,0.9536581339934268,0.08345488331534959,24.90073999702085,324.7810137831737,340.1628381257722,True
20260811_184731__rp1p25__vinf25__incm60__toff59132__Om90__om195,115317.0,0.9997971916096506,0.016529522320154536,23.455258222985176,283.70701672826124,0.9599393548123906,0.07359870883401594,25.111934495996678,331.9771894737152,343.5290636934573,True
20260811_184731__rp1p25__vinf25__incm60__toff59132__Om90__om210,115317.0,0.9997968632017125,0.016529271977186642,23.455260997718494,283.7083042119035,0.9703389391534164,0.057787376383344975,25.31344486993882,337.6167872437953,349.1266328936733,True
20260811_184731__rp1p25__vinf25__incm60__toff59132__Om90__om225,115317.0,0.9997965956920783,0.016529000500619343,23.455264985336928,283.70938755627213,0.9885837473830352,0.03667219112434889,25.463219957383814,346.9912708918147,359.01946030863763,True
20260811_184731__rp1p25__vinf25__incm60__toff59132__Om90__om240,115317.0,0.9997970335918369,0.016529365453271345,23.455336867883425,283.7071707473259,1.014362974231531,0.00549319906282122,25.530262153304008,27.478743866604418,373.15380377955915,True
20260811_184731__rp1p25__vinf25__incm60__toff59132__Om90__om255,115317.0,0.9997984126137487,0.016530548391659322,23.455243582836896,283.7021925518452,1.0535906975082932,0.03589064867165426,25.454643447210923,166.8842296717291,395.0078091355963,True
20260811_184731__rp1p25__vinf25__incm60__toff59132__Om90__om270,115317.0,0.9997983754925612,0.016530561606645396,23.455244264835223,283.70231746503805,1.1004815163542168,0.07786731856696645,25.16467723901632,174.99566571212424,421.6692380717107,True
20260811_184731__rp1p25__vinf25__incm60__toff59132__Om90__om285,115317.0,0.999798449033575,0.016530529377334867,23.455242562967022,283.7020827186011,1.1421216111230628,0.11222158684238735,24.598810918653253,181.95365168719312,445.8269464009314,True
20260811_184731__rp1p25__vinf25__incm60__toff59132__Om90__om30,115317.0,0.9997966145141309,0.016528974794506605,23.45526531399989,283.7093656594394,1.6637382581912006,0.3124746541044962,22.6433787534728,92.40799221259908,783.8361618843919,True
20260811_184731__rp1p25__vinf25__incm60__toff59132__Om90__om300,115317.0,0.9997992603587166,0.016530539515950037,23.45526014240065,283.70049691943024,1.1421505822205598,0.12463254636843968,23.84372804850726,191.46137510428534,445.84390980182366,True
20260811_184731__rp1p25__vinf25__incm60__toff59132__Om90__om315,115317.0,0.9997986088619765,0.01653079405024759,23.45526075330186,283.70125109148074,1.072726527285419,0.11960837918569486,23.36297931034882,213.16101098279916,405.818013734504,True
20260811_184731__rp1p25__vinf25__incm60__toff59132__Om90__om330,115317.0,0.9997936838725235,0.01652634972960922,23.455300289124644,283.7210569290493,0.9417395403689566,0.17710047165528323,23.997498820253874,247.87995018861665,333.80589215726246,True
20260811_184731__rp1p25__vinf25__incm60__toff59132__Om90__om345,115317.0,0.9998018208907451,0.01652911694268278,23.455244807685737,283.6986059572356,0.7924047006825445,0.37338713335308477,26.469265627062835,257.44918168410254,257.6430045625586,True
20260811_184731__rp1p25__vinf25__incm60__toff59132__Om90__om45,115317.0,0.9998036420433992,0.016526006691691266,23.455264495017985,283.70154714577467,1.1070862131953327,0.06520365662643693,21.94249371149157,119.35413243620494,425.47099018582304,True
20260811_184731__rp1p25__vinf25__incm60__toff59132__Om90__om60,115317.0,0.9997983449575701,0.016530587402420024,23.45524472697561,283.7023880336973,0.9814084111201589,0.051690479476252854,22.54666992168343,207.14658529759473,355.117810213014,True
20260811_184731__rp1p25__vinf25__incm60__toff59132__Om90__om75,115317.0,0.9997960468981467,0.01652844784268849,23.455272468081137,283.7116315756949,0.936499604521757,0.06990497348671733,23.220051859178742,234.99358396934593,331.0237755771428,True
20260811_184731__rp1p25__vinf25__incm60__toff59132__Om90__om90,115317.0,0.9997937630980571,0.016526312180418355,23.455299747420245,283.72081111518605,0.9236852713944037,0.07786574873773061,23.71630374852028,255.46821513333853,324.25286220676924,True
20260811_184731__rp1p25__vinf25__incm90__toff59132__Om0__om0,115317.0,0.9997968285778938,0.01652912694879273,23.455261941451845,283.70853614708824,1.0857687246144678,0.08919477436486448,22.079170292633485,102.66775996330807,413.24135978941416,True
20260811_184731__rp1p25__vinf25__incm90__toff59132__Om0__om105,115317.0,0.9997902616989678,0.016532588357082087,23.455294076897477,283.71418203698613,1.003878410221259,0.02184357051511755,24.059012568294893,173.2810874095609,367.38334301644016,True
20260811_184731__rp1p25__vinf25__incm90__toff59132__Om0__om120,115317.0,0.9998042575194118,0.0165265164242584,23.45528670130697,283.69888788346043,1.0153846461144393,0.03295350841010048,23.719693516403243,135.8859217844703,373.71770951129054,True
20260811_184731__rp1p25__vinf25__incm90__toff59132__Om0__om135,115317.0,0.9997900308795082,0.016532343568067136,23.45527906384378,283.7152659162588,1.0315374641713964,0.049622263252469566,22.97263331852893,129.8240275789732,382.6707775426408,True
20260811_184731__rp1p25__vinf25__incm90__toff59132__Om0__om15,115317.0,0.9997968205825956,0.016529148355754412,23.455262279346144,283.7085232802689,1.07136331377843,0.07118098414866815,22.72087802824814,99.21809163947474,405.04469342812246,True
20260811_184731__rp1p25__vinf25__incm90__toff59132__Om0__om150,115317.0,0.9998038926344277,0.016526153497209588,23.455262788321154,283.70058014849076,1.0444825851183313,0.05526523775268734,21.957681321273018,136.38310767494428,389.8967322010793,True
20260811_184731__rp1p25__vinf25__incm90__toff59132__Om0__om165,115317.0,0.9997968224060794,0.01652914155428918,23.45526211040477,283.7085302679202,1.0496447368281134,0.05224081651257702,21.182189680531742,153.86832735595138,392.79078364636905,True
20260811_184731__rp1p25__vinf25__incm90__toff59132__Om0__om180,115317.0,0.9997968184084303,0.016529152257770033,23.455262279351928,283.70852383451626,1.0459175918030896,0.05003433708941233,21.045893719486177,181.30382743332046,390.7005223586891,True
20260811_184731__rp1p25__vinf25__incm90__toff59132__Om0__om195,115317.0,0.9997968274908111,0.016529128899800592,23.455261941454705,283.7085364242103,1.035588154426863,0.05609905138725516,21.53498113465473,208.24581796101563,384.927023556617,True
20260811_184731__rp1p25__vinf25__incm90__toff59132__Om0__om210,115317.0,0.9997997134397696,0.01653061665041999,23.45539083161292,283.6984483412551,1.0202634557796617,0.06574347140544985,22.397862424485453,225.77676629464386,376.4144501228389,True
20260811_184731__rp1p25__vinf25__incm90__toff59132__Om0__om225,115317.0,0.9997986033188823,0.01652838464660906,23.45526295559439,283.7065097909428,1.0080433279332994,0.07479980899092485,23.34927266409083,234.06470970490892,369.67202758221254,True
20260811_184731__rp1p25__vinf25__incm90__toff59132__Om0__om240,115317.0,0.9997968321547854,0.01652913464457646,23.455262617188357,283.70850542522686,0.9964662423371469,0.07579500507519218,24.152836828650557,237.08950377024294,363.3219832205046,True
20260811_184731__rp1p25__vinf25__incm90__toff59132__Om0__om255,115317.0,0.999797814632145,0.016530078304612873,23.455326047910937,283.704005604023,0.9927254788892775,0.07067969411183124,24.620203599860737,235.6280859423486,361.2780224555019,True
20260811_184731__rp1p25__vinf25__incm90__toff59132__Om0__om270,115317.0,0.9998038713132306,0.016526174116437083,23.455261943694985,283.70062286403265,0.9924464492710163,0.059085063609029036,24.62943815737664,225.11679809056517,361.1257142087804,True
20260811_184731__rp1p25__vinf25__incm90__toff59132__Om0__om285,115317.0,0.9997897778995798,0.01653210150953122,23.455262277102857,283.71643370641533,1.0002853432242849,0.04912119385695661,24.238713598323066,202.62998984205458,365.4127092942266,True
20260811_184731__rp1p25__vinf25__incm90__toff59132__Om0__om30,115317.0,0.9997972705357703,0.016528946235265723,23.455262279460314,283.7080262893814,1.0483697027083558,0.04332008399686744,23.654259022965782,96.3123973283027,392.07529938007673,True
20260811_184731__rp1p25__vinf25__incm90__toff59132__Om0__om300,115317.0,0.9997901454824354,0.016532451089990068,23.455285789033162,283.7147586451815,1.0182481851833143,0.0505369960246535,23.80030042547317,161.44997888458616,375.2997347249189,True
20260811_184731__rp1p25__vinf25__incm90__toff59132__Om0__om315,115317.0,0.9997902817571773,0.016532568236391012,23.455294837057867,283.7141434026646,1.0406599904352665,0.0688526485817149,23.094489692384073,135.9403503579427,387.7582771791774,True
20260811_184731__rp1p25__vinf25__incm90__toff59132__Om0__om330,115317.0,0.9998038882860357,0.016526161301220053,23.455262788332742,283.70058126091686,1.0651407394662242,0.08543790704828266,22.39335805720473,120.84892299258078,401.52101838563595,True
20260811_184731__rp1p25__vinf25__incm90__toff59132__Om0__om345,115317.0,0.9997968267544097,0.016529133750257826,23.4552621103932,283.70852915942805,1.0810484835469922,0.09402405771940961,21.979241163580376,111.53960545051507,410.5495195389298,True
20260811_184731__rp1p25__vinf25__incm90__toff59132__Om0__om45,115317.0,0.9997985928337378,0.016528396406609136,23.455262617749224,283.7065273711016,1.0196067850328139,0.014890165450234364,24.452701192627778,125.64393074121332,376.0511019415459,True
20260811_184731__rp1p25__vinf25__incm90__toff59132__Om0__om60,115317.0,0.9997968170057039,0.016529140659973456,23.45526160360959,283.708554002112,1.0007500732791552,0.022815449775876042,24.717272115723052,218.26091064551346,365.6673936085812,True
20260811_184731__rp1p25__vinf25__incm90__toff59132__Om0__om75,115317.0,0.9997968234581243,0.01652915025263887,23.45526261721153,283.7085076422324,0.9953950971645721,0.03175040869868234,24.486127564033307,226.3345034977518,362.73631463131744,True
20260811_184731__rp1p25__vinf25__incm90__toff59132__Om0__om90,115317.0,0.9998048932098935,0.0165270719007665,23.45532655664011,283.69606052297485,0.9967133435515816,0.02595750576303267,24.220318031390292,214.4177150236505,363.4571351176707,True
20260811_184731__rp1p25__vinf25__incm90__toff59132__Om180__om0,115317.0,0.9997968133587364,0.016529154262902506,23.455261941492356,283.7085400267954,0.9915718533569685,0.08536599746453176,23.802131249723924,226.45839390566758,360.648454986452,True
20260811_184731__rp1p25__vinf25__incm90__toff59132__Om180__om105,115317.0,0.9997902747437889,0.016532564944947592,23.45529407686456,283.71417872041275,0.9586044621897183,0.12162664140065749,23.37189501372329,308.62728792321616,342.81274507912616,True
20260811_184731__rp1p25__vinf25__incm90__toff59132__Om180__om120,115317.0,0.9997901590533067,0.016532445699816177,23.45528669702914,283.7147151394613,0.967852101076714,0.03951443946952968,22.783711899262183,356.54133533660314,347.7853517443576,True
20260811_184731__rp1p25__vinf25__incm90__toff59132__Om180__om135,115317.0,0.9997900352277798,0.016532335764018965,23.45527906383251,283.7152648111856,0.9922769671467679,0.0444687788659049,23.3644159056248,42.131648192035996,361.03321288520215,True
20260811_184731__rp1p25__vinf25__incm90__toff59132__Om180__om15,115317.0,0.9997968325405049,0.0165291268946683,23.455262279314308,283.70852023190514,0.9674223603091665,0.08971884427067166,23.080636656562206,246.4870767923815,347.55374463373363,True
20260811_184731__rp1p25__vinf25__incm90__toff59132__Om180__om150,115317.0,0.9998038882860357,0.016526161301220053,23.455262788332742,283.70058126091686,1.0285072448313204,0.06008802051423238,24.009864904676,71.5075613219805,380.9858299357898,True
20260811_184731__rp1p25__vinf25__incm90__toff59132__Om180__om165,115317.0,0.9997968267544097,0.016529133750257826,23.4552621103932,283.70852915942805,1.0739709645889626,0.07674612167987249,24.641549948144437,91.4762562182675,406.5243841328258,True
20260811_184731__rp1p25__vinf25__incm90__toff59132__Om180__om180,115317.0,0.9997968336275878,0.01652912494366046,23.455262279311416,283.70851995478074,1.1188028201173368,0.09028996765052422,25.11298671665521,106.79698321403228,432.2431494830551,True
20260811_184731__rp1p25__vinf25__incm90__toff59132__Om180__om195,115317.0,0.9997968155329019,0.016529150360886855,23.455261941486537,283.708539472552,1.1470688843696533,0.09353650362328872,25.256634642442528,120.71790146224501,448.7268317778693,True
20260811_184731__rp1p25__vinf25__incm90__toff59132__Om180__om210,115317.0,0.9997992781616118,0.016530792410948573,23.455390831491673,283.6989416318673,1.141493224692869,0.08534372802100297,24.922041790378593,136.52874121549823,445.4590612351632,True
20260811_184731__rp1p25__vinf25__incm90__toff59132__Om180__om225,115317.0,0.9997985978834498,0.01652839440164154,23.45526295560885,283.70651117780625,1.0959103972565516,0.06653099543917185,24.010445803075545,162.3771201064664,419.044708757109,True
20260811_184731__rp1p25__vinf25__incm90__toff59132__Om180__om240,115317.0,0.9997968321547854,0.01652913464457646,23.455262617188357,283.70850542522686,1.0248879748851119,0.06300119966641209,22.626055275580143,203.6864152218259,378.97659257424897,True
20260811_184731__rp1p25__vinf25__incm90__toff59132__Om180__om255,115317.0,0.999797814632145,0.016530078304612873,23.455326047910937,283.704005604023,0.970740609632474,0.08073498273719128,21.303574585023608,218.8326644480611,349.34343606568353,True
20260811_184731__rp1p25__vinf25__incm90__toff59132__Om180__om270,115317.0,0.9998038843584067,0.016526150704405242,23.455261943660226,283.7006195268144,0.9815050852258519,0.08521684219809421,21.265918848823055,188.50495740040174,355.170283080205,True
20260811_184731__rp1p25__vinf25__incm90__toff59132__Om180__om285,115317.0,0.9997897648547717,0.01653212492168678,23.45526227713758,283.71643702015706,1.071652640119724,0.13803681048709682,23.0842443202408,147.9629549555981,405.20878063729504,True
20260811_184731__rp1p25__vinf25__incm90__toff59132__Om180__om30,115317.0,0.9997977058135242,0.01652877045463769,23.455262279613528,283.70753302908935,0.9516110716684555,0.09519829736878442,22.498013917616294,259.64472140118806,339.06816798966685,True
20260811_184731__rp1p25__vinf25__incm90__toff59132__Om180__om300,115317.0,0.9998042439481577,0.016526521810946174,23.455285793310203,283.69893141055826,1.1483290293430233,0.18027708305983886,25.14625430246854,144.03590053956012,449.4664771577436,True
20260811_184731__rp1p25__vinf25__incm90__toff59132__Om180__om315,115317.0,0.9997902774089039,0.016532576040435676,23.455294837068863,283.71414450820697,1.1372785486646415,0.1621276712387699,25.858967455137375,153.39334307961803,442.9942219773242,True
20260811_184731__rp1p25__vinf25__incm90__toff59132__Om180__om330,115317.0,0.9998038926344277,0.016526153497209588,23.455262788321154,283.70058014849076,1.0813458022148017,0.12037777857643513,25.455643222381596,171.35759908641626,410.71890014088865,True
20260811_184731__rp1p25__vinf25__incm90__toff59132__Om180__om345,115317.0,0.9997968224060794,0.01652914155428918,23.45526211040477,283.7085302679202,1.028353031527352,0.09127208112150635,24.6430265223499,198.02519353457956,380.90014622063507,True
20260811_184731__rp1p25__vinf25__incm90__toff59132__Om180__om45,115317.0,0.9997985982691702,0.016528386651576507,23.455262617734743,283.7065259842472,0.9432769062636481,0.0950570993888015,22.088296995066163,268.8761475293116,334.6236201289941,True
20260811_184731__rp1p25__vinf25__incm90__toff59132__Om180__om60,115317.0,0.9997968170057039,0.016529140659973456,23.45526160360959,283.708554002112,0.9400047149074636,0.08992497810828842,21.857454946816347,277.6349907863886,332.88393630978123,True
20260811_184731__rp1p25__vinf25__incm90__toff59132__Om180__om75,115317.0,0.9997968234581243,0.01652915025263887,23.45526261721153,283.7085076422324,0.9397833866560454,0.08082160443536623,21.843439307738624,287.1252327180313,332.7663747465163,True
20260811_184731__rp1p25__vinf25__incm90__toff59132__Om180__om90,115317.0,0.9998048801646912,0.016527095312755133,23.455326556671245,283.6960638659302,0.9433564626794223,0.06996479567737611,22.116547752425788,299.9648578570959,334.66595449070064,True
20260811_184731__rp1p25__vinf25__incm90__toff59132__Om270__om0,115317.0,0.9997989362866823,0.01653032976202186,23.455243420382224,283.70171147344684,0.9607404378789202,0.06716061119283687,22.784435441885375,324.776466374692,343.95917324156414,True
20260811_184731__rp1p25__vinf25__incm90__toff59132__Om270__om105,115317.0,0.999799519649151,0.016530759010203417,23.455274531508124,283.69917392872225,1.0077275630286229,0.04047699131007727,21.898302289428347,276.7303471902029,369.49834410909295,True
20260811_184731__rp1p25__vinf25__incm90__toff59132__Om270__om120,115317.0,0.9997993108538041,0.016530676681641876,23.455268324495727,283.7000149473513,1.0235731842898825,0.0458163338191626,22.039150573834537,241.55001989402496,378.24756408549547,True
20260811_184731__rp1p25__vinf25__incm90__toff59132__Om270__om135,115317.0,0.9997991797380565,0.01653056352467387,23.455260837968094,283.70060154090737,1.0424399606604877,0.06669502623265404,22.447087815704744,220.50443634094518,388.75354928031726,True
20260811_184731__rp1p25__vinf25__incm90__toff59132__Om270__om15,115317.0,0.9997977697617746,0.01652926989467344,23.45525788529116,283.706383979548,0.963926116789116,0.07356717871796793,22.666080291571784,328.77486354857575,345.6713703221095,True
20260811_184731__rp1p25__vinf25__incm90__toff59132__Om270__om150,115317.0,0.9997942742971203,0.016526089345023753,23.455300627133123,283.72039133490836,1.0529231583649015,0.08759836374100695,23.150868673640634,215.63275126345857,394.6324621374639,True
20260811_184731__rp1p25__vinf25__incm90__toff59132__Om270__om165,115317.0,0.9997988689832503,0.016530356476318994,23.455244468863206,283.701931872998,1.0397159330729735,0.10431673108905822,24.0925652127719,221.69607867457322,387.23075182127417,True
20260811_184731__rp1p25__vinf25__incm90__toff59132__Om270__om180,115317.0,0.9997966622039233,0.016528186727007576,23.45527120616723,283.7108638172816,0.9885405209513114,0.1270806173431542,25.116610664137024,244.36443994259804,358.99591304633054,True
20260811_184731__rp1p25__vinf25__incm90__toff59132__Om270__om195,115317.0,0.9997977327075123,0.01652928460554813,23.455257950559375,283.7065049021389,0.8962210254115992,0.2000515230284176,26.12395763622878,273.29683629134723,309.8992197374293,True
20260811_184731__rp1p25__vinf25__incm90__toff59132__Om270__om210,115317.0,0.9997991894208872,0.016530588017695757,23.4553935284598,283.6996508562958,0.7475601610432948,0.3858510399803476,28.215852607332447,299.1338472884377,236.08424944441853,True
20260811_184731__rp1p25__vinf25__incm90__toff59132__Om270__om225,115317.0,0.9997971766197693,0.01652874392607847,23.455265844454047,283.70875329705683,0.5518329186010476,0.9181994707593766,101.59956670223019,342.47136656876944,149.73012816127917,True
20260811_184731__rp1p25__vinf25__incm90__toff59132__Om270__om240,115317.0,0.9997989231100147,0.016530334991719933,23.455244389285266,283.7017552548283,29.5876810703339,0.9565918203526456,25.420424159640415,57.536894440063904,58784.68339024738,True
20260811_184731__rp1p25__vinf25__incm90__toff59132__Om270__om255,115317.0,0.9997976118755332,0.016529131206767803,23.455335561299915,283.70649754805197,1.386205448278356,0.23621937317495365,25.674631161031364,86.73555593173938,596.1275490959733,True
20260811_184731__rp1p25__vinf25__incm90__toff59132__Om270__om270,115317.0,0.9997943315005977,0.016526066622094174,23.4552989029314,283.72020329736216,1.0922662970740264,0.07812202966219843,25.678232603584302,114.85833317510603,416.95634809732417,True
20260811_184731__rp1p25__vinf25__incm90__toff59132__Om270__om285,115317.0,0.9997988947842029,0.016530346235143406,23.455244344609323,283.7018476119505,1.0003456948389637,0.03205815463364835,25.082701237079586,169.97820281487262,365.4457802271636,True
20260811_184731__rp1p25__vinf25__incm90__toff59132__Om270__om30,115317.0,0.9997974565028108,0.016529013532420724,23.45526167360235,283.7076228957908,0.9677129419967608,0.07602338470175539,22.565677316965893,330.06777396086636,347.7103468704564,True
20260811_184731__rp1p25__vinf25__incm90__toff59132__Om270__om300,115317.0,0.9997946226682267,0.016526446525392383,23.45532377910878,283.7187780145145,0.9636678717530917,0.02585612441288031,24.31886108694342,231.61668799187981,345.53246662182477,True
20260811_184731__rp1p25__vinf25__incm90__toff59132__Om270__om315,115317.0,0.9997994146304046,0.016530800690390802,23.455276757609028,283.69951831934515,0.9535992444942679,0.03254596720648514,23.658170755982738,277.89129466406075,340.1313304357484,True
20260811_184731__rp1p25__vinf25__incm90__toff59132__Om270__om330,115317.0,0.9997942859350611,0.01652608472197219,23.45530048054096,283.720353247901,0.9529879351497971,0.044142056159262866,23.19078151334565,304.4210436171593,339.80431864010194,True
20260811_184731__rp1p25__vinf25__incm90__toff59132__Om270__om345,115317.0,0.9997966305840867,0.016528199282690864,23.45527140371746,283.71096712600337,0.9567076118733698,0.057250232188579504,22.913624751374982,318.9802737742335,341.79573122660173,True
20260811_184731__rp1p25__vinf25__incm90__toff59132__Om270__om45,115317.0,0.9997971861175821,0.016528740155253508,23.455265323354485,283.70872188439176,0.9714023704307678,0.07434674459041477,22.43708979936364,329.2889585492931,349.70072180802634,True
20260811_184731__rp1p25__vinf25__incm90__toff59132__Om270__om60,115317.0,0.9997965822765668,0.016528218465017272,23.455271410000147,283.7111247122664,0.9773116942977976,0.06930516586906942,22.28274898162784,326.0593745944781,352.8965670285815,True
20260811_184731__rp1p25__vinf25__incm90__toff59132__Om270__om75,115317.0,0.9997989871192886,0.01653030958503171,23.455243583030065,283.70154580007693,0.9833140377671222,0.060001047502638474,22.09841762942801,320.3392663502778,356.15262459346656,True
20260811_184731__rp1p25__vinf25__incm90__toff59132__Om270__om90,115317.0,0.9997999451356805,0.016531250939148635,23.455308033117905,283.69715344976976,0.9922177433403221,0.0475075203820907,21.95224408107421,306.9607943726521,361.0008910998782,True
20260811_184731__rp1p25__vinf25__incm90__toff59132__Om90__om0,115317.0,0.9997966571542312,0.01652818873233708,23.455270868307665,283.71088001023895,0.5686885395832864,0.925494722251308,123.11807862841792,217.32342547629455,156.64246355939008,True
20260811_184731__rp1p25__vinf25__incm90__toff59132__Om90__om105,115317.0,0.9997993916304744,0.01653080981931808,23.45527614401799,283.69959283283265,0.952948913371095,0.04620578074741479,23.790129716004724,302.299057607903,339.78344801934514,True
20260811_184731__rp1p25__vinf25__incm90__toff59132__Om90__om120,115317.0,0.9997946362392196,0.016526441134275406,23.455324687104923,283.7187344938972,0.9559031180136196,0.0583851395103025,23.995907227445937,315.0201897144778,341.36469866835245,True
20260811_184731__rp1p25__vinf25__incm90__toff59132__Om90__om135,115317.0,0.9997991681000016,0.016530568143897546,23.455260984559963,283.7006396232866,0.9602365005482194,0.06873212723893939,24.137050707836867,323.01004943961453,343.68858329483754,True
20260811_184731__rp1p25__vinf25__incm90__toff59132__Om90__om15,115317.0,0.9997977377572153,0.01652928260058494,23.455258288419003,283.70648870973463,6.310444384779014,0.8099414887840829,26.165159753596498,109.75926839078278,5790.121881863695,True
20260811_184731__rp1p25__vinf25__incm90__toff59132__Om90__om150,115317.0,0.9997942859350611,0.01652608472197219,23.45530048054096,283.720353247901,0.965679453876557,0.07439243276073537,24.2133994284837,326.39729560639154,346.6149394610172,True
20260811_184731__rp1p25__vinf25__incm90__toff59132__Om90__om165,115317.0,0.9997966305840867,0.016528199282690864,23.45527140371746,283.71096712600337,0.9699487791284404,0.07592775124465406,24.301636003228136,327.780328549955,348.9160854908696,True
20260811_184731__rp1p25__vinf25__incm90__toff59132__Om90__om180,115317.0,0.9997989413363976,0.016530327757459697,23.455243758241892,283.70169528149495,0.9740100612441848,0.07361704965467478,24.416116893179236,327.0192592568408,351.1098028098894,True
20260811_184731__rp1p25__vinf25__incm90__toff59132__Om90__om195,115317.0,0.999797764712071,0.016529271899627936,23.455257547431543,283.7064001719772,0.9778263216751063,0.06774070206068443,24.560368940952856,324.4820748504774,353.1753431982635,True
20260811_184731__rp1p25__vinf25__incm90__toff59132__Om90__om210,115317.0,0.9997994641286583,0.016530859724937685,23.455390225560016,283.6985383190697,0.9855424419859075,0.05758061067377747,24.73178718442703,318.1954848043957,357.3639896174897,True
20260811_184731__rp1p25__vinf25__incm90__toff59132__Om90__om225,115317.0,0.9997971911672797,0.01652873815010466,23.455265661214078,283.708705691717,0.9955430068869678,0.04569532155049291,24.861401006315344,305.2057137475682,362.8171682855142,True
20260811_184731__rp1p25__vinf25__incm90__toff59132__Om90__om240,115317.0,0.9997965974256416,0.01652821244897187,23.455272423578897,283.71107613355906,1.008042717193869,0.03996786979344116,24.918012634822553,275.6549431305092,369.6716916245561,True
20260811_184731__rp1p25__vinf25__incm90__toff59132__Om90__om255,115317.0,0.9997999782943491,0.016531237780277683,23.455307013259144,283.69704445115394,1.026492310977739,0.047166662637102,24.805142370462946,244.1266479104262,379.8668026042911,True
20260811_184731__rp1p25__vinf25__incm90__toff59132__Om90__om270,115317.0,0.9997989362866823,0.01653032976202186,23.455243420382224,283.70171147344684,1.0439046694918437,0.06858775817550056,24.4433503292439,227.61132358517506,389.5731802635095,True
20260811_184731__rp1p25__vinf25__incm90__toff59132__Om90__om285,115317.0,0.9997990228027523,0.016530295421791772,23.455242732098945,283.7014287023708,1.0510595093580342,0.0893389081669532,23.755122424446704,224.37857857233698,393.5851907495073,True
20260811_184731__rp1p25__vinf25__incm90__toff59132__Om90__om30,115317.0,0.9997971817952601,0.01652874187160483,23.455264976332888,283.70873569679503,1.3381307996204044,0.21424649240649526,21.67018475928487,104.94094625772644,565.38676860861,True
20260811_184731__rp1p25__vinf25__incm90__toff59132__Om90__om300,115317.0,0.9997992972826844,0.016530682068549324,23.45526741649914,283.7000584628113,1.0369497571490927,0.10414104767176456,22.741112723196643,230.3982779620898,385.6864324810332,True
20260811_184731__rp1p25__vinf25__incm90__toff59132__Om90__om315,115317.0,0.9997994262684647,0.016530796071358468,23.455276611017215,283.69948023721804,0.9835154433601873,0.12877110763358685,21.63820149971791,245.80955087373837,356.26205271217805,True
20260811_184731__rp1p25__vinf25__incm90__toff59132__Om90__om330,115317.0,0.9997942742971203,0.016526089345023753,23.455300627133123,283.72039133490836,0.8877287881691498,0.20651413594073653,21.14206449814763,258.5582446237242,305.5049463171226,True
20260811_184731__rp1p25__vinf25__incm90__toff59132__Om90__om345,115317.0,0.9997988689832503,0.016530356476318994,23.455244468863206,283.701931872998,0.7420812346971807,0.40964284025997566,23.296104128602902,251.8932795007476,233.4935911409789,True
20260811_184731__rp1p25__vinf25__incm90__toff59132__Om90__om45,115317.0,0.9997971715700718,0.016528745931231246,23.455265506594444,283.70876948971966,1.0793508842510429,0.06894672626813052,21.18838798115578,118.47694903796138,409.58285397531114,True
20260811_184731__rp1p25__vinf25__incm90__toff59132__Om90__om60,115317.0,0.9997989079608693,0.016530341005425372,23.45524337570628,283.70180383062825,0.9944936608510702,0.029636470981850332,21.901255885457335,170.4425427203255,362.24368163611757,True
20260811_184731__rp1p25__vinf25__incm90__toff59132__Om90__om75,115317.0,0.9997966207016316,0.016528203206512136,23.455272130394842,283.71099996389853,0.9615260408346495,0.026300333160607835,22.747499263845377,230.93072052785942,344.3811455518655,True
20260811_184731__rp1p25__vinf25__incm90__toff59132__Om90__om90,115317.0,0.9997953403473698,0.016526987412205887,23.455363517019464,283.71564314371653,0.951560939980423,0.0333369423751241,23.38930676427521,276.04550000427633,339.0413747393747,True
20260811_184731__rp1p5__vinf25__inc0__toff59132__Om0__om0,115317.0,0.9998056451749632,0.016527921540544607,23.4552649727167,283.69327999304016,1.076097025024455,0.07347378245368326,22.988969582893834,118.99025940577998,407.7321304900204,True
20260811_184731__rp1p5__vinf25__inc0__toff59132__Om0__om105,115317.0,0.9997904253593636,0.016532787926158605,23.455278325898544,283.713598986056,-9.674074676372761,1.079787594252121,37.57966905819872,197.04681620320392,,False
20260811_184731__rp1p5__vinf25__inc0__toff59132__Om0__om120,115317.0,0.9997900518784911,0.016532400602602883,23.45528292329617,283.71514124868094,3.1679742620204667,0.6950286100570503,17.23427423317046,146.29008093536038,2059.5401233287,True
20260811_184731__rp1p5__vinf25__inc0__toff59132__Om0__om135,115317.0,0.9998034539935691,0.01652572393954818,23.455291504517824,283.7022068151904,1.4307451511801577,0.2989610146139795,21.155035903546597,134.51601267041448,625.0880759745295,True
20260811_184731__rp1p5__vinf25__inc0__toff59132__Om0__om15,115317.0,0.9997987122924563,0.016530839598286627,23.455263504575104,283.7008145760549,1.125710082108172,0.09696410738409765,22.835288529516372,143.5422284513356,436.2521938485008,True
20260811_184731__rp1p5__vinf25__inc0__toff59132__Om0__om150,115317.0,0.9997893076059057,0.01653170289900065,23.45529183016103,283.7181248373604,1.1101530725553799,0.1424924718617992,22.495965605576018,155.73506975401244,427.24017889884186,True
20260811_184731__rp1p5__vinf25__inc0__toff59132__Om0__om165,115317.0,0.9998034510840303,0.016525725094445085,23.45529154116582,283.7022163384644,1.0004331838470832,0.10007814177702458,23.17907861346615,194.02283451387498,365.493723435282,True
20260811_184731__rp1p5__vinf25__inc0__toff59132__Om0__om180,115317.0,0.9997987115252799,0.016530824707543267,23.455263651138,283.7008498775959,0.9602977455291732,0.09465657076515158,23.520375393710463,225.41291604760073,343.7214650948283,True
20260811_184731__rp1p5__vinf25__inc0__toff59132__Om0__om195,115317.0,0.9997986806395851,0.016530847603109362,23.455263944341876,283.7009279869837,0.9457365163924158,0.09647477867218614,23.698308076884896,245.4590626118936,335.9332778741881,True
20260811_184731__rp1p5__vinf25__inc0__toff59132__Om0__om210,115317.0,0.9997991390577275,0.016530662845286002,23.455263651311608,283.7003585801102,0.9436019879414299,0.09443250827342743,23.80183346979831,261.2070172021117,334.79661712300674,True
20260811_184731__rp1p5__vinf25__inc0__toff59132__Om0__om225,115317.0,0.9997940227797611,0.016526614599542824,23.455320013705215,283.71957305121106,0.945572548143535,0.09169628274489139,23.85708434971213,275.2842630787438,335.84591738403753,True
20260811_184731__rp1p5__vinf25__inc0__toff59132__Om0__om240,115317.0,0.9997986489867164,0.01653085560799641,23.455264384108705,283.7010413977995,0.9493796509398693,0.08789051332226214,23.85782657528489,288.7459870142004,337.8762524321748,True
20260811_184731__rp1p5__vinf25__inc0__toff59132__Om0__om255,115317.0,0.9997963437009905,0.016528737092953983,23.45529205216,283.71026890839033,0.95303605853271,0.08458721827755529,23.823861822027812,302.41699723238355,339.8300578008664,True
20260811_184731__rp1p5__vinf25__inc0__toff59132__Om0__om270,115317.0,0.999789342519383,0.016531689031254064,23.455291390385273,283.7180106133717,1.0117962166314163,0.17435553050182567,23.18809709803849,316.30384582320505,371.7383501019336,True
20260811_184731__rp1p5__vinf25__inc0__toff59132__Om0__om285,115317.0,0.9997904471325771,0.016532761047751584,23.455278215920732,283.7135671133808,0.9603426878456899,0.07077238441942531,23.791048444076214,334.6592241783135,343.7455948291018,True
20260811_184731__rp1p5__vinf25__inc0__toff59132__Om0__om30,115317.0,0.9997991532582513,0.01653064230868892,23.455264970649466,283.7005754099073,1.1510305676720012,0.11225387793762696,22.822332276237542,162.07772529716559,451.0535198446298,True
20260811_184731__rp1p5__vinf25__inc0__toff59132__Om0__om300,115317.0,0.9997900060397741,0.01653240108967969,23.455283436084564,283.7152914647408,0.9645166486679922,0.06644794935792904,23.641249708039734,354.82103971010196,345.98907292582675,True
20260811_184731__rp1p5__vinf25__inc0__toff59132__Om0__om315,115317.0,0.9998034147625579,0.01652575774568757,23.455291834383043,283.702295859231,0.9768254041885817,0.060210302765063,23.497467281003992,17.771959183625146,352.63320873366695,True
20260811_184731__rp1p5__vinf25__inc0__toff59132__Om0__om330,115317.0,0.9997916609061326,0.016533808058242585,23.455263502358182,283.7087277599991,0.9961644910542962,0.05656850578254825,23.342051353735695,48.413534608024776,363.15696321834076,True
20260811_184731__rp1p5__vinf25__inc0__toff59132__Om0__om345,115317.0,0.9997963589838111,0.016528734063317067,23.45529183227755,283.7102123365068,1.0292795223444502,0.05883970685834281,23.16929401511649,83.90706180023477,381.4150179879833,True
20260811_184731__rp1p5__vinf25__inc0__toff59132__Om0__om45,115317.0,0.999798730453022,0.01653082327301907,23.45526335796594,283.70077482623543,1.105206680700671,0.10848369222023573,23.1092274971911,186.65087607140651,424.38794845902066,True
20260811_184731__rp1p5__vinf25__inc0__toff59132__Om0__om60,115317.0,0.9997987428582439,0.016530833544529045,23.455263064811184,283.70070144304384,0.9658511353504012,0.12162050205932012,23.98745866013197,239.24992729125893,346.7073769797972,True
20260811_184731__rp1p5__vinf25__inc0__toff59132__Om0__om75,115317.0,0.9997964164065889,0.016528696068887634,23.455291245882037,283.71005723188466,0.7617616686321488,0.2523068695091536,27.0774142197019,289.73822424176717,242.84348880965487,True
20260811_184731__rp1p5__vinf25__inc0__toff59132__Om0__om90,115317.0,0.9997893061352584,0.016531697406239648,23.455291903445943,283.7181427709752,1.010773610896562,0.16100918980112672,34.09105803162538,125.99270776127048,371.17492780084035,True
20260811_184731__rp1p5__vinf25__inc0__toff59132__Om180__om0,115317.0,0.9997987115252799,0.016530824707543267,23.455263651138,283.7008498775959,0.9602977455291732,0.09465657076515158,23.520375393710463,225.41291604760073,343.7214650948283,True
20260811_184731__rp1p5__vinf25__inc0__toff59132__Om180__om105,115317.0,0.9997904471325771,0.016532761047751584,23.455278215920732,283.7135671133808,0.9603426878456899,0.07077238441942531,23.791048444076214,334.6592241783135,343.7455948291018,True
20260811_184731__rp1p5__vinf25__inc0__toff59132__Om180__om120,115317.0,0.9997900060397741,0.01653240108967969,23.455283436084564,283.7152914647408,0.9645166486679922,0.06644794935792904,23.641249708039734,354.82103971010196,345.98907292582675,True
20260811_184731__rp1p5__vinf25__inc0__toff59132__Om180__om135,115317.0,0.9998034147625579,0.01652575774568757,23.455291834383043,283.702295859231,0.9768254041885817,0.060210302765063,23.497467281003992,17.771959183625146,352.63320873366695,True
20260811_184731__rp1p5__vinf25__inc0__toff59132__Om180__om15,115317.0,0.9997986806395851,0.016530847603109362,23.455263944341876,283.7009279869837,0.9457365103779584,0.0964747708480577,23.698308131378877,245.45906808007987,335.93327466961205,True
20260811_184731__rp1p5__vinf25__inc0__toff59132__Om180__om150,115317.0,0.9997916609061326,0.016533808058242585,23.455263502358182,283.7087277599991,0.9961644910542962,0.05656850578254825,23.342051353735695,48.413534608024776,363.15696321834076,True
20260811_184731__rp1p5__vinf25__inc0__toff59132__Om180__om165,115317.0,0.9997963589838111,0.016528734063317067,23.45529183227755,283.7102123365068,1.0292795223444502,0.05883970685834281,23.16929401511649,83.90706180023477,381.4150179879833,True
20260811_184731__rp1p5__vinf25__inc0__toff59132__Om180__om180,115317.0,0.9998056451749632,0.016527921540544607,23.4552649727167,283.69327999304016,1.076097025024455,0.07347378245368326,22.988969582893834,118.99025940577998,407.7321304900204,True
20260811_184731__rp1p5__vinf25__inc0__toff59132__Om180__om195,115317.0,0.9997987122924563,0.016530839598286627,23.455263504575104,283.7008145760549,1.125710082108172,0.09696410738409765,22.835288529516372,143.5422284513356,436.2521938485008,True
20260811_184731__rp1p5__vinf25__inc0__toff59132__Om180__om210,115317.0,0.9997991532582513,0.01653064230868892,23.455264970649466,283.7005754099073,1.1510305676720012,0.11225387793762696,22.822332276237542,162.07772529716559,451.0535198446298,True
20260811_184731__rp1p5__vinf25__inc0__toff59132__Om180__om225,115317.0,0.999798730453022,0.01653082327301907,23.45526335796594,283.70077482623543,1.105206680700671,0.10848369222023573,23.1092274971911,186.65087607140651,424.38794845902066,True
20260811_184731__rp1p5__vinf25__inc0__toff59132__Om180__om240,115317.0,0.9997987428582439,0.016530833544529045,23.455263064811184,283.70070144304384,0.9658511353504012,0.12162050205932012,23.98745866013197,239.24992729125893,346.7073769797972,True
20260811_184731__rp1p5__vinf25__inc0__toff59132__Om180__om255,115317.0,0.9997964164065889,0.016528696068887634,23.455291245882037,283.71005723188466,0.7617616686321488,0.2523068695091536,27.0774142197019,289.73822424176717,242.84348880965487,True
20260811_184731__rp1p5__vinf25__inc0__toff59132__Om180__om270,115317.0,0.9997893061352584,0.016531697406239648,23.455291903445943,283.7181427709752,1.010773610896562,0.16100918980112672,34.09105803162538,125.99270776127048,371.17492780084035,True
20260811_184731__rp1p5__vinf25__inc0__toff59132__Om180__om285,115317.0,0.9997904253593636,0.016532787926158605,23.455278325898544,283.713598986056,-9.674074666902799,1.0797875381908837,37.579652419292465,197.04680647738684,,False
20260811_184731__rp1p5__vinf25__inc0__toff59132__Om180__om30,115317.0,0.9997991390577275,0.016530662845286002,23.455263651311608,283.7003585801102,0.9436019879414299,0.09443250827342743,23.80183346979831,261.2070172021117,334.79661712300674,True
20260811_184731__rp1p5__vinf25__inc0__toff59132__Om180__om300,115317.0,0.9997900518784911,0.016532400602602883,23.45528292329617,283.71514124868094,3.1679742620204667,0.6950286100570503,17.23427423317046,146.29008093536038,2059.5401233287,True
20260811_184731__rp1p5__vinf25__inc0__toff59132__Om180__om315,115317.0,0.9998034539935691,0.01652572393954818,23.455291504517824,283.7022068151904,1.4307451511801577,0.2989610146139795,21.155035903546597,134.51601267041448,625.0880759745295,True
20260811_184731__rp1p5__vinf25__inc0__toff59132__Om180__om330,115317.0,0.9997893076059057,0.01653170289900065,23.45529183016103,283.7181248373604,1.1101530738009162,0.14249247493874623,22.495965613427785,155.7350671951657,427.2401796178551,True
20260811_184731__rp1p5__vinf25__inc0__toff59132__Om180__om345,115317.0,0.9998034510840303,0.016525725094445085,23.45529154116582,283.7022163384644,1.0004331838470832,0.10007814177702458,23.17907861346615,194.02283451387498,365.493723435282,True
20260811_184731__rp1p5__vinf25__inc0__toff59132__Om180__om45,115317.0,0.9997940227797611,0.016526614599542824,23.455320013705215,283.71957305121106,0.945572548143535,0.09169628274489139,23.85708434971213,275.2842630787438,335.84591738403753,True
20260811_184731__rp1p5__vinf25__inc0__toff59132__Om180__om60,115317.0,0.9997986489867164,0.01653085560799641,23.455264384108705,283.7010413977995,0.9493796509398693,0.08789051332226214,23.85782657528489,288.7459870142004,337.8762524321748,True
20260811_184731__rp1p5__vinf25__inc0__toff59132__Om180__om75,115317.0,0.9997963437009905,0.016528737092953983,23.45529205216,283.71026890839033,0.95303605853271,0.08458721827755529,23.823861822027812,302.41699723238355,339.8300578008664,True
20260811_184731__rp1p5__vinf25__inc0__toff59132__Om180__om90,115317.0,0.999789342519383,0.016531689031254064,23.455291390385273,283.7180106133717,1.0117962166314163,0.17435553050182567,23.18809709803849,316.30384582320505,371.7383501019336,True
20260811_184731__rp1p5__vinf25__inc0__toff59132__Om270__om0,115317.0,0.999789342519383,0.016531689031254064,23.455291390385273,283.7180106133717,1.0117962166314163,0.17435553050182567,23.18809709803849,316.30384582320505,371.7383501019336,True
20260811_184731__rp1p5__vinf25__inc0__toff59132__Om270__om105,115317.0,0.9997987122924563,0.016530839598286627,23.455263504575104,283.7008145760549,1.125710082108172,0.09696410738409765,22.835288529516372,143.5422284513356,436.2521938485008,True
20260811_184731__rp1p5__vinf25__inc0__toff59132__Om270__om120,115317.0,0.9997991532582513,0.01653064230868892,23.455264970649466,283.7005754099073,1.1510305676720012,0.11225387793762696,22.822332276237542,162.07772529716559,451.0535198446298,True
20260811_184731__rp1p5__vinf25__inc0__toff59132__Om270__om135,115317.0,0.999798730453022,0.01653082327301907,23.45526335796594,283.70077482623543,1.105206680700671,0.10848369222023573,23.1092274971911,186.65087607140651,424.38794845902066,True
20260811_184731__rp1p5__vinf25__inc0__toff59132__Om270__om15,115317.0,0.9997904471325771,0.016532761047751584,23.455278215920732,283.7135671133808,0.9603426878456899,0.07077238441942531,23.791048444076214,334.6592241783135,343.7455948291018,True
20260811_184731__rp1p5__vinf25__inc0__toff59132__Om270__om150,115317.0,0.9997987428582439,0.016530833544529045,23.455263064811184,283.70070144304384,0.9658511353504012,0.12162050205932012,23.98745866013197,239.24992729125893,346.7073769797972,True
20260811_184731__rp1p5__vinf25__inc0__toff59132__Om270__om165,115317.0,0.9997964164065889,0.016528696068887634,23.455291245882037,283.71005723188466,0.7611489680203009,0.2528529742777555,27.07701387332955,289.5774871172174,242.55056169576184,True
20260811_184731__rp1p5__vinf25__inc0__toff59132__Om270__om180,115317.0,0.9997893061352584,0.016531697406239648,23.455291903445943,283.7181427709752,1.010773610896562,0.16100918980112672,34.09105803162538,125.99270776127048,371.17492780084035,True
20260811_184731__rp1p5__vinf25__inc0__toff59132__Om270__om195,115317.0,0.9997904253593636,0.016532787926158605,23.455278325898544,283.713598986056,-9.674074680139803,1.0797876078612154,37.579665107913634,197.0468175152679,,False
20260811_184731__rp1p5__vinf25__inc0__toff59132__Om270__om210,115317.0,0.9997900518784911,0.016532400602602883,23.45528292329617,283.71514124868094,3.1679742620204667,0.6950286100570503,17.23427423317046,146.29008093536038,2059.5401233287,True
20260811_184731__rp1p5__vinf25__inc0__toff59132__Om270__om225,115317.0,0.9998034539935691,0.01652572393954818,23.455291504517824,283.7022068151904,1.4307451511801577,0.2989610146139795,21.155035903546597,134.51601267041448,625.0880759745295,True
20260811_184731__rp1p5__vinf25__inc0__toff59132__Om270__om240,115317.0,0.9997893076059057,0.01653170289900065,23.45529183016103,283.7181248373604,1.1101530738009162,0.14249247493874623,22.495965613427785,155.7350671951657,427.2401796178551,True
20260811_184731__rp1p5__vinf25__inc0__toff59132__Om270__om255,115317.0,0.9998034510840303,0.016525725094445085,23.45529154116582,283.7022163384644,1.0004331838470832,0.10007814177702458,23.17907861346615,194.02283451387498,365.493723435282,True
20260811_184731__rp1p5__vinf25__inc0__toff59132__Om270__om270,115317.0,0.9997987115252799,0.016530824707543267,23.455263651138,283.7008498775959,0.9602977455291732,0.09465657076515158,23.520375393710463,225.41291604760073,343.7214650948283,True
20260811_184731__rp1p5__vinf25__inc0__toff59132__Om270__om285,115317.0,0.9997986806395851,0.016530847603109362,23.455263944341876,283.7009279869837,0.9457365103779584,0.0964747708480577,23.698308131378877,245.45906808007987,335.93327466961205,True
20260811_184731__rp1p5__vinf25__inc0__toff59132__Om270__om30,115317.0,0.9997900060397741,0.01653240108967969,23.455283436084564,283.7152914647408,0.9645166486679922,0.06644794935792904,23.641249708039734,354.82103971010196,345.98907292582675,True
20260811_184731__rp1p5__vinf25__inc0__toff59132__Om270__om300,115317.0,0.9997991390577275,0.016530662845286002,23.455263651311608,283.7003585801102,0.9436019879414299,0.09443250827342743,23.80183346979831,261.2070172021117,334.79661712300674,True
20260811_184731__rp1p5__vinf25__inc0__toff59132__Om270__om315,115317.0,0.9997940227797611,0.016526614599542824,23.455320013705215,283.71957305121106,0.9455725478387358,0.09169628269941867,23.857084329375947,275.2842642782027,335.84591722165084,True
20260811_184731__rp1p5__vinf25__inc0__toff59132__Om270__om330,115317.0,0.9997986489867164,0.01653085560799641,23.455264384108705,283.7010413977995,0.9493796509398693,0.08789051332226214,23.85782657528489,288.7459870142004,337.8762524321748,True
20260811_184731__rp1p5__vinf25__inc0__toff59132__Om270__om345,115317.0,0.9997963437009905,0.016528737092953983,23.45529205216,283.71026890839033,0.95303605853271,0.08458721827755529,23.823861822027812,302.41699723238355,339.8300578008664,True
20260811_184731__rp1p5__vinf25__inc0__toff59132__Om270__om45,115317.0,0.9998034147625579,0.01652575774568757,23.455291834383043,283.702295859231,0.9768254034594724,0.06021029984994086,23.497467288463305,17.77196034038411,352.6332083388552,True
20260811_184731__rp1p5__vinf25__inc0__toff59132__Om270__om60,115317.0,0.9997916609061326,0.016533808058242585,23.455263502358182,283.7087277599991,0.9961644910542962,0.05656850578254825,23.342051353735695,48.413534608024776,363.15696321834076,True
20260811_184731__rp1p5__vinf25__inc0__toff59132__Om270__om75,115317.0,0.9997963589838111,0.016528734063317067,23.45529183227755,283.7102123365068,1.0292795223444502,0.05883970685834281,23.16929401511649,83.90706180023477,381.4150179879833,True
20260811_184731__rp1p5__vinf25__inc0__toff59132__Om270__om90,115317.0,0.9998056451749632,0.016527921540544607,23.4552649727167,283.69327999304016,1.076097025024455,0.07347378245368326,22.988969582893834,118.99025940577998,407.7321304900204,True
20260811_184731__rp1p5__vinf25__inc0__toff59132__Om90__om0,115317.0,0.9997893061352584,0.016531697406239648,23.455291903445943,283.7181427709752,1.010773610896562,0.16100918980112672,34.09105803162538,125.99270776127048,371.17492780084035,True
20260811_184731__rp1p5__vinf25__inc0__toff59132__Om90__om105,115317.0,0.9997986806395851,0.016530847603109362,23.455263944341876,283.7009279869837,0.9457365163924158,0.09647477867218614,23.698308076884896,245.4590626118936,335.9332778741881,True
20260811_184731__rp1p5__vinf25__inc0__toff59132__Om90__om120,115317.0,0.9997991390577275,0.016530662845286002,23.455263651311608,283.7003585801102,0.9436019879414299,0.09443250827342743,23.80183346979831,261.2070172021117,334.79661712300674,True
20260811_184731__rp1p5__vinf25__inc0__toff59132__Om90__om135,115317.0,0.9997940227797611,0.016526614599542824,23.455320013705215,283.71957305121106,0.945572548143535,0.09169628274489139,23.85708434971213,275.2842630787438,335.84591738403753,True
20260811_184731__rp1p5__vinf25__inc0__toff59132__Om90__om15,115317.0,0.9997904253593636,0.016532787926158605,23.455278325898544,283.713598986056,-9.674074670669839,1.0797875517999773,37.57964846900744,197.0468077894509,,False
20260811_184731__rp1p5__vinf25__inc0__toff59132__Om90__om150,115317.0,0.9997986489867164,0.01653085560799641,23.455264384108705,283.7010413977995,0.9493796509398693,0.08789051332226214,23.85782657528489,288.7459870142004,337.8762524321748,True
20260811_184731__rp1p5__vinf25__inc0__toff59132__Om90__om165,115317.0,0.9997963437009905,0.016528737092953983,23.45529205216,283.71026890839033,0.95303605853271,0.08458721827755529,23.823861822027812,302.41699723238355,339.8300578008664,True
20260811_184731__rp1p5__vinf25__inc0__toff59132__Om90__om180,115317.0,0.999789342519383,0.016531689031254064,23.455291390385273,283.7180106133717,1.0117962166314163,0.17435553050182567,23.18809709803849,316.30384582320505,371.7383501019336,True
20260811_184731__rp1p5__vinf25__inc0__toff59132__Om90__om195,115317.0,0.9997904471325771,0.016532761047751584,23.455278215920732,283.7135671133808,0.9603426878456899,0.07077238441942531,23.791048444076214,334.6592241783135,343.7455948291018,True
20260811_184731__rp1p5__vinf25__inc0__toff59132__Om90__om210,115317.0,0.9997900060397741,0.01653240108967969,23.455283436084564,283.7152914647408,0.9645166486679922,0.06644794935792904,23.641249708039734,354.82103971010196,345.98907292582675,True
20260811_184731__rp1p5__vinf25__inc0__toff59132__Om90__om225,115317.0,0.9998034147625579,0.01652575774568757,23.455291834383043,283.702295859231,0.9768254034594724,0.06021029984994086,23.497467288463305,17.77196034038411,352.6332083388552,True
20260811_184731__rp1p5__vinf25__inc0__toff59132__Om90__om240,115317.0,0.9997916609061326,0.016533808058242585,23.455263502358182,283.7087277599991,0.9961644910542962,0.05656850578254825,23.342051353735695,48.413534608024776,363.15696321834076,True
20260811_184731__rp1p5__vinf25__inc0__toff59132__Om90__om255,115317.0,0.9997963589838111,0.016528734063317067,23.45529183227755,283.7102123365068,1.0292795223444502,0.05883970685834281,23.16929401511649,83.90706180023477,381.4150179879833,True
20260811_184731__rp1p5__vinf25__inc0__toff59132__Om90__om270,115317.0,0.9998056451749632,0.016527921540544607,23.4552649727167,283.69327999304016,1.076097025024455,0.07347378245368326,22.988969582893834,118.99025940577998,407.7321304900204,True
20260811_184731__rp1p5__vinf25__inc0__toff59132__Om90__om285,115317.0,0.9997987122924563,0.016530839598286627,23.455263504575104,283.7008145760549,1.125710082108172,0.09696410738409765,22.835288529516372,143.5422284513356,436.2521938485008,True
20260811_184731__rp1p5__vinf25__inc0__toff59132__Om90__om30,115317.0,0.9997900518784911,0.016532400602602883,23.45528292329617,283.71514124868094,3.1679742456830846,0.695028601326041,17.234274061563884,146.29008083519665,2059.540107396992,True
20260811_184731__rp1p5__vinf25__inc0__toff59132__Om90__om300,115317.0,0.9997991532582513,0.01653064230868892,23.455264970649466,283.7005754099073,1.1510305676720012,0.11225387793762696,22.822332276237542,162.07772529716559,451.0535198446298,True
20260811_184731__rp1p5__vinf25__inc0__toff59132__Om90__om315,115317.0,0.999798730453022,0.01653082327301907,23.45526335796594,283.70077482623543,1.105206680700671,0.10848369222023573,23.1092274971911,186.65087607140651,424.38794845902066,True
20260811_184731__rp1p5__vinf25__inc0__toff59132__Om90__om330,115317.0,0.9997987428582439,0.016530833544529045,23.455263064811184,283.70070144304384,0.9658511353504012,0.12162050205932012,23.98745866013197,239.24992729125893,346.7073769797972,True
20260811_184731__rp1p5__vinf25__inc0__toff59132__Om90__om345,115317.0,0.9997964164065889,0.016528696068887634,23.455291245882037,283.71005723188466,0.7617616686321488,0.2523068695091536,27.0774142197019,289.73822424176717,242.84348880965487,True
20260811_184731__rp1p5__vinf25__inc0__toff59132__Om90__om45,115317.0,0.9998034539935691,0.01652572393954818,23.455291504517824,283.7022068151904,1.4307451511801577,0.2989610146139795,21.155035903546597,134.51601267041448,625.0880759745295,True
20260811_184731__rp1p5__vinf25__inc0__toff59132__Om90__om60,115317.0,0.9997893076059057,0.01653170289900065,23.45529183016103,283.7181248373604,1.1101530725553799,0.1424924718617992,22.495965605576018,155.73506975401244,427.24017889884186,True
20260811_184731__rp1p5__vinf25__inc0__toff59132__Om90__om75,115317.0,0.9998034510840303,0.016525725094445085,23.45529154116582,283.7022163384644,1.0004331838470832,0.10007814177702458,23.17907861346615,194.02283451387498,365.493723435282,True
20260811_184731__rp1p5__vinf25__inc0__toff59132__Om90__om90,115317.0,0.9997987115252799,0.016530824707543267,23.455263651138,283.7008498775959,0.9602977455291732,0.09465657076515158,23.520375393710463,225.41291604760073,343.7214650948283,True
20260811_184731__rp1p5__vinf25__inc30__toff59132__Om0__om0,115317.0,0.9998041730777125,0.016526377295076614,23.455335623832838,283.69893419992945,1.0760561476206147,0.07472459407585876,23.528778038499393,117.78536536997336,407.70889809700196,True
20260811_184731__rp1p5__vinf25__inc30__toff59132__Om0__om105,115317.0,0.9997904309915581,0.016532712007403232,23.455273080812326,283.713649981316,-0.5145896839960054,3.96708626092853,42.14802521484761,73.62409825616518,,False
20260811_184731__rp1p5__vinf25__inc30__toff59132__Om0__om120,115317.0,0.9997900132352456,0.016532414538712348,23.45528272626573,283.71526851883857,-4.483253054761586,1.396485674463299,35.95510731898906,95.71495875533917,,False
20260811_184731__rp1p5__vinf25__inc30__toff59132__Om0__om135,115317.0,0.9998044821504534,0.01652676512709597,23.455275113667128,283.6980570425759,1.6938886034601808,0.384904516392025,24.189795334569823,117.32850577340893,805.2394795667184,True
20260811_184731__rp1p5__vinf25__inc30__toff59132__Om0__om15,115317.0,0.999794742282073,0.016527241701738315,23.45536315667727,283.7163532936471,1.1308102111115286,0.10201932836733296,23.58322158446115,143.72038388203623,439.2202679694013,True
20260811_184731__rp1p5__vinf25__inc30__toff59132__Om0__om150,115317.0,0.9997894531036169,0.01653190180356462,23.45530470555109,283.71740415369015,1.1269094020534665,0.15417313390969015,23.73374871572353,148.81754084705,436.9495474061431,True
20260811_184731__rp1p5__vinf25__inc30__toff59132__Om0__om165,115317.0,0.99980363780836,0.016525907685054967,23.45530439901491,283.7013610989908,0.9962136653061776,0.10696254661081732,23.430124663449188,191.70449572720185,363.1838536453592,True
20260811_184731__rp1p5__vinf25__inc30__toff59132__Om0__om180,115317.0,0.9997983518329017,0.01653056340046542,23.455244631299944,283.70241128057387,0.9537744549113388,0.10124012701002005,23.366180799596453,223.64289753420556,340.22507624659005,True
20260811_184731__rp1p5__vinf25__inc30__toff59132__Om0__om195,115317.0,0.9997993862306096,0.016531485061088917,23.455308224213624,283.6977462267205,0.9401055872328502,0.10039394101046285,23.31927896615829,243.14437498399616,332.93752063286354,True
20260811_184731__rp1p5__vinf25__inc30__toff59132__Om0__om210,115317.0,0.9997988550125498,0.016530371508457604,23.455243678632044,283.7016724528412,0.9401754654324525,0.09725461628306935,23.292401452480114,259.1225022917532,332.97464227189533,True
20260811_184731__rp1p5__vinf25__inc30__toff59132__Om0__om225,115317.0,0.9997937195227014,0.01652633101012817,23.455299680410256,283.7209499401696,0.9434356412522664,0.09350142581515183,23.276281488002454,273.689684651276,334.70808956325936,True
20260811_184731__rp1p5__vinf25__inc30__toff59132__Om0__om240,115317.0,0.9997994051934147,0.01653147297699306,23.455307424234462,283.6976935166268,0.9472735238910056,0.08975228506176164,23.267143387179086,287.39547356467966,336.75254680360723,True
20260811_184731__rp1p5__vinf25__inc30__toff59132__Om0__om255,115317.0,0.9997960242490525,0.016528459875498638,23.45527202342462,283.7116985503127,0.952451742823822,0.08786978834786233,23.261297050644924,302.20825076341134,339.51757602186757,True
20260811_184731__rp1p5__vinf25__inc30__toff59132__Om0__om270,115317.0,0.9997918127072128,0.016534010568515233,23.455275239797135,283.7079727068602,0.9659513253574697,0.11810254096661589,23.124401253872794,312.72829069902457,346.7613255347416,True
20260811_184731__rp1p5__vinf25__inc30__toff59132__Om0__om285,115317.0,0.9997906538671115,0.016532935649168416,23.455289868251064,283.7126458171611,0.9602497156380962,0.0750645383493842,23.339358300896546,333.0186678823476,343.6956782518746,True
20260811_184731__rp1p5__vinf25__inc30__toff59132__Om0__om30,115317.0,0.9997999312026502,0.016531251057664034,23.45530853988737,283.69715704284465,1.1619723030230176,0.12190785197802577,23.57603145115535,162.33138101711282,457.50037538525913,True
20260811_184731__rp1p5__vinf25__inc30__toff59132__Om0__om300,115317.0,0.9997900222893389,0.016532393225042404,23.45528214458359,283.71523881669725,0.9635397750947051,0.07030117855133698,23.3556462139805,352.3578548951915,345.463573461551,True
20260811_184731__rp1p5__vinf25__inc30__toff59132__Om0__om315,115317.0,0.9998045041578928,0.016526774628251542,23.455274220537447,283.69794528210593,0.9740512561018259,0.06340737638608586,23.38722999395033,14.264944916745224,351.13207784356536,True
20260811_184731__rp1p5__vinf25__inc30__toff59132__Om0__om330,115317.0,0.9997912893607431,0.01653355151484772,23.455243226645695,283.71032665409246,0.9929100911689438,0.058494883310733915,23.426419103692513,43.146941956534306,361.3788047887446,True
20260811_184731__rp1p5__vinf25__inc30__toff59132__Om0__om345,115317.0,0.9997988896183534,0.016531032003520067,23.455276024489212,283.69997689505374,1.0280450221633,0.05901078944020911,23.478010499041826,79.97838412361561,380.72902984881875,True
20260811_184731__rp1p5__vinf25__inc30__toff59132__Om0__om45,115317.0,0.9997936751801824,0.016526334952935873,23.4552997599652,283.72112409468906,1.1155617405365466,0.11747914817340473,23.492527965611693,187.42641570881838,430.36625125008686,True
20260811_184731__rp1p5__vinf25__inc30__toff59132__Om0__om60,115317.0,0.9997969489632776,0.016529417286250788,23.455337167382165,283.70740781870654,0.9468707050021752,0.13436473499969856,23.218289988015748,245.32655417724067,336.537768503657,True
20260811_184731__rp1p5__vinf25__inc30__toff59132__Om0__om75,115317.0,0.9997988309371292,0.01653104009921478,23.455275997237113,283.7002009518909,0.6529025405079578,0.4019051671830934,21.792888243764462,282.97372769140884,192.69494775699735,True
20260811_184731__rp1p5__vinf25__inc30__toff59132__Om0__om90,115317.0,0.9997890228603895,0.016531405869391023,23.45527151932865,283.71945404510774,-0.717791349057109,3.6948895570118214,45.70000532176249,72.70752345345132,,False
20260811_184731__rp1p5__vinf25__inc30__toff59132__Om180__om0,115317.0,0.9997993556318796,0.01653148656760592,23.455308906195246,283.69786946609963,0.9891134111381109,0.07545560144856396,23.218088883847564,222.3730139991041,359.3080323158133,True
20260811_184731__rp1p5__vinf25__inc30__toff59132__Om180__om105,115317.0,0.9997904003944411,0.01653270592675235,23.455273630497594,283.7137894399096,0.9642967802307665,0.07060984564646042,24.16628466180636,325.1798876214309,345.87077365943946,True
20260811_184731__rp1p5__vinf25__inc30__toff59132__Om180__om120,115317.0,0.9997900273586893,0.01653239121152187,23.455282483762407,283.71522256529045,0.9725202912238943,0.04803125055308083,23.862041293989343,359.0787814855434,350.3045655516365,True
20260811_184731__rp1p5__vinf25__inc30__toff59132__Om180__om135,115317.0,0.9998045098388862,0.01652677237345357,23.455274600629338,283.69792706160683,0.9873875068710201,0.04707092812409179,23.534343272309883,31.78425684285655,358.36800764776217,True
20260811_184731__rp1p5__vinf25__inc30__toff59132__Om180__om15,115317.0,0.9997993736063103,0.016531490071721312,23.455307379567632,283.69778670485687,0.9697548920176884,0.07974512490723884,23.65940975435523,244.7047274630005,348.8114712797995,True
20260811_184731__rp1p5__vinf25__inc30__toff59132__Om180__om150,115317.0,0.9997918064038414,0.016534006993054004,23.45527637761651,283.7080072742466,1.0104086527171674,0.05110434575266445,23.191113948831482,64.05877196845661,370.9739167695614,True
20260811_184731__rp1p5__vinf25__inc30__toff59132__Om180__om165,115317.0,0.9997988946680685,0.01653102999909342,23.455276362348243,283.69996070360344,1.040803206895965,0.060227194811932463,22.83579031372957,92.29256598179346,387.8383253397207,True
20260811_184731__rp1p5__vinf25__inc30__toff59132__Om180__om180,115317.0,0.9998031692762752,0.01652545415413661,23.455271348496026,283.70347734650926,1.0770434378552372,0.07091268352072035,22.5082306957861,114.42400802082372,408.27014111050795,True
20260811_184731__rp1p5__vinf25__inc30__toff59132__Om180__om195,115317.0,0.9997947549062551,0.01652723668722175,23.45536400132285,283.716312810635,1.1052660030007566,0.07716918339073663,22.328758322839246,133.5458931780447,424.42211764315925,True
20260811_184731__rp1p5__vinf25__inc30__toff59132__Om180__om210,115317.0,0.9997989274033564,0.016530327876012517,23.455244265011164,283.70169887485525,1.1094501263994467,0.07764231386282686,22.45771026534783,153.78836128190486,426.8344520190038,True
20260811_184731__rp1p5__vinf25__inc30__toff59132__Om180__om225,115317.0,0.9997936827546755,0.016526331943658337,23.455300266754428,283.721099804375,1.0715081935405748,0.07541652253832591,23.025955349753456,183.68605450362176,405.1268571002647,True
20260811_184731__rp1p5__vinf25__inc30__toff59132__Om180__om240,115317.0,0.9997969464384301,0.016529418288780705,23.455336998452985,283.7074159147726,1.000349258908756,0.09018483984918155,23.961556806308526,221.30123280024296,365.4477332651476,True
20260811_184731__rp1p5__vinf25__inc30__toff59132__Om180__om255,115317.0,0.999798335353403,0.016530576020025525,23.455244282283243,283.70245167241563,0.9349091533798216,0.1084437706753044,25.004190403934402,245.3248991746587,330.1808704421267,True
20260811_184731__rp1p5__vinf25__inc30__toff59132__Om180__om270,115317.0,0.9997895146548095,0.016531871279437935,23.455302981341916,283.7172150742123,0.9487505549684628,0.06161187619317173,25.657791905145782,229.43756674347952,337.5404731055355,True
20260811_184731__rp1p5__vinf25__inc30__toff59132__Om180__om285,115317.0,0.9997906844642437,0.016532941730542566,23.455289318564954,283.71250636090326,1.077677245670493,0.1261600081665931,24.442092509555735,139.0096865530321,408.63057625478,True
20260811_184731__rp1p5__vinf25__inc30__toff59132__Om180__om30,115317.0,0.9997998588118662,0.016531294690669895,23.455307953509784,283.69713063295103,0.9604431759092871,0.08222366931083326,23.99554795841799,261.66447358266765,343.79954937036626,True
20260811_184731__rp1p5__vinf25__inc30__toff59132__Om180__om300,115317.0,0.9997900081658954,0.01653241655223667,23.4552823870869,283.71528477021656,1.182635339486744,0.19623013766177255,22.366574426829324,134.87071750395629,469.7578746628891,True
20260811_184731__rp1p5__vinf25__inc30__toff59132__Om180__om315,115317.0,0.9998044764694607,0.016526767381906077,23.455274733575248,283.69807526306585,1.1514890333405725,0.16780061969811116,21.69617970547224,142.21201319136327,451.323034594896,True
20260811_184731__rp1p5__vinf25__inc30__toff59132__Om180__om330,115317.0,0.9997889360611859,0.016531446425634238,23.455271554243172,283.71972406907366,1.078701079323406,0.11543609849866159,22.049075589057534,159.16319345174358,409.21303601476717,True
20260811_184731__rp1p5__vinf25__inc30__toff59132__Om180__om345,115317.0,0.9998036327585972,0.01652590968961252,23.45530406115583,283.70137729542455,1.0235075475389357,0.08175817049480472,22.661719145531155,189.32678310430506,378.21118191439723,True
20260811_184731__rp1p5__vinf25__inc30__toff59132__Om180__om45,115317.0,0.9997937119482077,0.01652633401938704,23.455299173621015,283.72097423051235,0.955529713859685,0.08256178580237439,24.231364888186466,273.93139987678455,341.1646974153308,True
20260811_184731__rp1p5__vinf25__inc30__toff59132__Om180__om60,115317.0,0.9997994077182748,0.016531471974869823,23.45530759316369,283.697685420988,0.9535778760669477,0.07964632073262407,24.354277240296273,285.4076866261804,340.1198979116464,True
20260811_184731__rp1p5__vinf25__inc30__toff59132__Om180__om75,115317.0,0.9997965198322545,0.016528923859288235,23.455303738715557,283.70944730096477,0.9560615998760668,0.07413770300326851,24.323156353869955,297.68273770781923,341.44959590504345,True
20260811_184731__rp1p5__vinf25__inc30__toff59132__Om180__om90,115317.0,0.9997913209122992,0.016533545063665774,23.455243778122806,283.7102111470729,0.9656326561990494,0.09039028126674623,23.861448358883955,310.734039711666,346.58974386805215,True
20260811_184731__rp1p5__vinf25__inc30__toff59132__Om270__om0,115317.0,0.9997970990715388,0.01652934553394458,23.455335988342128,283.7069433572447,0.9602953039731331,0.07446382574537397,24.410966319758668,321.34465214736133,343.720154228449,True
20260811_184731__rp1p5__vinf25__inc30__toff59132__Om270__om105,115317.0,0.9998021828583663,0.016529286973052993,23.455259176801864,283.6971428076268,1.136616713686622,0.10601168432143734,23.836212644790766,158.1426785251542,442.6075800078151,True
20260811_184731__rp1p5__vinf25__inc30__toff59132__Om270__om120,115317.0,0.9997991334760252,0.016530664324276807,23.455264395716917,283.7006073758339,1.1428658247571826,0.11700908848620417,23.59758690389884,173.813135250764,446.2627728471647,True
20260811_184731__rp1p5__vinf25__inc30__toff59132__Om270__om135,115317.0,0.9997986652769901,0.01653079217171045,23.45525995825499,283.7010223061422,1.0706159766976688,0.10792951868616998,23.838042813188327,202.49355678032143,404.62095464561656,True
20260811_184731__rp1p5__vinf25__inc30__toff59132__Om270__om15,115317.0,0.9998052356270468,0.01652746338915776,23.455321802135227,283.69463375202895,0.963770430246541,0.06724862896623456,24.504475607739874,335.379098633656,345.58762810394626,True
20260811_184731__rp1p5__vinf25__inc30__toff59132__Om270__om150,115317.0,0.9997989349081211,0.01653101402819266,23.45527535365726,283.6998286169685,0.9123275322540391,0.16398253525680184,25.299687060246246,253.5004044568716,318.2907094131505,True
20260811_184731__rp1p5__vinf25__inc30__toff59132__Om270__om165,115317.0,0.9997966104200451,0.016528881812667446,23.45530395719455,283.70916506572115,0.7402536720410393,0.3774337224119996,29.843881777173145,275.98994321365365,232.63156692307382,True
20260811_184731__rp1p5__vinf25__inc30__toff59132__Om270__om180,115317.0,0.9997960501922943,0.016528446534713803,23.45527222585534,283.7116206299442,0.87222293294763,0.3650195974161141,36.87908765123218,288.04039705558057,297.53567250491693,True
20260811_184731__rp1p5__vinf25__inc30__toff59132__Om270__om195,115317.0,0.9998052351744435,0.01652746964677594,23.455322756735885,283.69462294615585,2.1306992130693816,0.3647337704262781,28.23456974726382,134.7878671471205,1136.007002884239,True
20260811_184731__rp1p5__vinf25__inc30__toff59132__Om270__om210,115317.0,0.9997897315137807,0.016532142009783053,23.45526324362074,283.7165347286987,1.5398767195390364,0.2660152753366965,23.54223034020743,123.37257109710328,697.9538707894832,True
20260811_184731__rp1p5__vinf25__inc30__toff59132__Om270__om225,115317.0,0.9998031217034656,0.016525476077641942,23.45527131813638,283.7036260003564,1.1532090886579969,0.1322200986690779,23.289636108034973,142.3421707752677,452.33466874050015,True
20260811_184731__rp1p5__vinf25__inc30__toff59132__Om270__om240,115317.0,0.9997970584064602,0.0165293556016252,23.455335752391026,283.70708888235646,1.0209534643487232,0.0913164492878592,23.38452814177106,180.20942989489998,376.7963707488449,True
20260811_184731__rp1p5__vinf25__inc30__toff59132__Om270__om255,115317.0,0.9997960794976292,0.01652842578205385,23.455271437033787,283.71154399978917,0.9618652346510281,0.08812960950697837,23.469894613655114,205.06654524593284,344.56339062580037,True
20260811_184731__rp1p5__vinf25__inc30__toff59132__Om270__om270,115317.0,0.9997988779058119,0.01653103361369912,23.45527509537124,283.7000208653236,0.9498079747045777,0.08754366230026557,23.778293035233656,236.13596070353967,338.104933471667,True
20260811_184731__rp1p5__vinf25__inc30__toff59132__Om270__om285,115317.0,0.9997988572247257,0.016531047899877558,23.45527585312233,283.700075877299,0.9466302866384537,0.08721739100776829,23.892960522934295,253.99356466609726,336.4096020236918,True
20260811_184731__rp1p5__vinf25__inc30__toff59132__Om270__om30,115317.0,0.9997907112111973,0.01653302635119691,23.455328031934872,283.7121371691465,0.9706271299287166,0.05714844126255819,24.539172767212637,352.81027425797544,349.28218041617373,True
20260811_184731__rp1p5__vinf25__inc30__toff59132__Om270__om300,115317.0,0.9997992468056169,0.016530600254367873,23.45526273717506,283.7002773972884,0.9480676921182121,0.08624384779045104,23.997437596326325,269.6917118327902,337.17612174538397,True
20260811_184731__rp1p5__vinf25__inc30__toff59132__Om270__om315,115317.0,0.9997939758387573,0.016526542853851352,23.45531623376631,283.7198327751534,0.9513546404936963,0.08498844278812706,24.106914160200795,283.93722792496834,338.93112388597524,True
20260811_184731__rp1p5__vinf25__inc30__toff59132__Om270__om330,115317.0,0.9997983239915575,0.016530580530432055,23.455243522098982,283.7024881035273,0.9542426465133068,0.0828011126758807,24.210473104270047,296.6403584084745,340.4756230126122,True
20260811_184731__rp1p5__vinf25__inc30__toff59132__Om270__om345,115317.0,0.9997965413613837,0.016528909233031304,23.45530442559138,283.70939071833703,0.9564833066439966,0.07943603071915278,24.316569927485627,309.243514118571,341.67553450969086,True
20260811_184731__rp1p5__vinf25__inc30__toff59132__Om270__om45,115317.0,0.9998030879430001,0.016525489479392752,23.455271141178994,283.70373600511107,0.9817345553294711,0.04653304833210262,24.512859054767183,16.803404564266796,355.2948454380265,True
20260811_184731__rp1p5__vinf25__inc30__toff59132__Om270__om60,115317.0,0.999799396847392,0.016531491484856338,23.455307593190486,283.6976882044297,1.004534314824416,0.03889429072360702,24.44591139177723,61.41253726507943,367.7434580156588,True
20260811_184731__rp1p5__vinf25__inc30__toff59132__Om270__om75,115317.0,0.9998035988874986,0.016525938329364706,23.455303447591916,283.70145460995786,1.0406250219029891,0.05068871130257108,24.324715267993568,111.03388908695514,387.7387330090605,True
20260811_184731__rp1p5__vinf25__inc30__toff59132__Om270__om90,115317.0,0.9997982878895215,0.016530597899127513,23.455244953121547,283.7026005074497,1.0907040228031268,0.07822678481609394,24.120686766617315,140.55580433834476,416.06210573770534,True
20260811_184731__rp1p5__vinf25__inc30__toff59132__Om90__om0,115317.0,0.9997970539901845,0.01652936950989821,23.45533650142401,283.7070777573399,0.68839904733683,0.3499087505924158,25.583054260136315,331.62536084750485,208.62107614543945,True
20260811_184731__rp1p5__vinf25__inc30__toff59132__Om90__om105,115317.0,0.9997986037510248,0.01653081811240761,23.45525961551201,283.7012194375733,0.9467872953065845,0.09296971558718696,23.566244007702775,239.18209021967832,336.4933011421368,True
20260811_184731__rp1p5__vinf25__inc30__toff59132__Om90__om120,115317.0,0.9997992518750606,0.016530598242089304,23.455263076354093,283.70026114218734,0.940078695102624,0.09109521028407296,23.5728644493073,255.3535732137978,332.9232350006095,True
20260811_184731__rp1p5__vinf25__inc30__toff59132__Om90__om135,115317.0,0.9997939815196307,0.016526540597008275,23.45531661385786,283.7198145574795,0.9426924144766154,0.08722386317863497,23.494237728104945,270.16750561140816,334.312649211654,True
20260811_184731__rp1p5__vinf25__inc30__toff59132__Om90__om15,115317.0,0.9998052225499963,0.016527474656788787,23.45532191208959,283.69466343538164,3.4677825077854334,0.7315705436909411,4.064217481763274,262.820279000707,2358.715536888896,True
20260811_184731__rp1p5__vinf25__inc30__toff59132__Om90__om150,115317.0,0.9997988410365578,0.016531036090325628,23.4552766729552,283.7001685690576,0.946632441354252,0.08280914200625829,23.357557113462146,285.11254644620846,336.41075062548526,True
20260811_184731__rp1p5__vinf25__inc30__toff59132__Om90__om165,115317.0,0.9997965464110752,0.016528907227816973,23.455304763450314,283.70937452592835,0.9516768877882318,0.0791563566615538,23.20216640634195,300.3465661405046,339.1033449716484,True
20260811_184731__rp1p5__vinf25__inc30__toff59132__Om90__om180,115317.0,0.9997960952735585,0.016528422556027097,23.45527171277192,283.7114862283409,0.9568826133859186,0.07633955194338933,23.036994340596596,316.20566233560817,341.8895177259351,True
20260811_184731__rp1p5__vinf25__inc30__toff59132__Om90__om195,115317.0,0.9998052482514943,0.01652745837915101,23.455322646781493,283.69459326276615,0.960061911093472,0.07286078490638158,22.877767308917477,333.1093930677869,343.59485376869225,True
20260811_184731__rp1p5__vinf25__inc30__toff59132__Om90__om210,115317.0,0.999789707416428,0.01653210347754246,23.455263756350075,283.71667942478746,0.9671443744586039,0.06890434785350885,22.71508399253448,350.0565275213217,347.40395264043013,True
20260811_184731__rp1p5__vinf25__inc30__toff59132__Om90__om225,115317.0,0.9998030955176358,0.01652548647227716,23.45527164796853,283.70371171025045,0.9739617559377495,0.06407086614048105,22.54517774273237,6.375048404071307,351.0836835884283,True
20260811_184731__rp1p5__vinf25__inc30__toff59132__Om90__om240,115317.0,0.9997993943225321,0.01653149248697968,23.455307424261278,283.6976963000587,0.9887060535484364,0.057434383074272975,22.381368211651477,26.2432476514215,359.0860884294913,True
20260811_184731__rp1p5__vinf25__inc30__toff59132__Om90__om255,115317.0,0.9998031033026527,0.016525474265059056,23.45527173241637,283.70370599468754,1.0114502778347751,0.04712131153818663,22.223503703938828,53.286262978455895,371.5477172611441,True
20260811_184731__rp1p5__vinf25__inc30__toff59132__Om90__om270,115317.0,0.9997987796859151,0.016531063480164174,23.455276414680508,283.70036192897624,1.0415660167154959,0.044781324575186805,22.09087536751534,95.51426028428291,388.26477639399855,True
20260811_184731__rp1p5__vinf25__inc30__toff59132__Om90__om285,115317.0,0.9998024363325387,0.01652951678142305,23.455275414384584,283.69599920998405,1.0805592049832358,0.059570724515322006,22.02665011475648,134.73992053876412,410.27083127654987,True
20260811_184731__rp1p5__vinf25__inc30__toff59132__Om90__om30,115317.0,0.999790735308571,0.016533064886454826,23.455327519195613,283.71199249094775,-4.619806371107807,1.3441521919839812,33.258201476553694,221.26908103664275,,False
20260811_184731__rp1p5__vinf25__inc30__toff59132__Om90__om300,115317.0,0.9997991284065822,0.01653066633658412,23.455264056537853,283.7006236308261,1.110139133148558,0.07997511662092034,22.10378795926855,158.382701684289,427.2321320950494,True
20260811_184731__rp1p5__vinf25__inc30__toff59132__Om90__om315,115317.0,0.9997986595960631,0.01653079442678453,23.455259578163233,283.7010405216495,1.1052718680016194,0.09102723235096852,22.38057016431268,178.87744322908765,424.4254958879189,True
20260811_184731__rp1p5__vinf25__inc30__toff59132__Om90__om330,115317.0,0.9997984178630237,0.016530558464737267,23.455242202802207,283.70214814485723,1.0406694700429624,0.0889239066376882,22.838147774940367,213.94903845419879,387.76357545827886,True
20260811_184731__rp1p5__vinf25__inc30__toff59132__Om90__om345,115317.0,0.9997966053703533,0.016528883817864465,23.455303619335606,283.7091812581801,0.8936987815436181,0.1320156772374636,23.630813016922087,279.4718130530325,308.5919118619511,True
20260811_184731__rp1p5__vinf25__inc30__toff59132__Om90__om45,115317.0,0.9998031141288295,0.016525479084746896,23.455270811346836,283.7036502952481,1.9949736975907517,0.47921790112967383,16.62249761526898,121.62623714440429,1029.2089439421197,True
20260811_184731__rp1p5__vinf25__inc30__toff59132__Om90__om60,115317.0,0.9997970609313084,0.016529354599108863,23.45533592132018,283.70708078624017,1.2269281391423745,0.1863933343360681,21.12327896718748,133.36573978584906,496.3939512313592,True
20260811_184731__rp1p5__vinf25__inc30__toff59132__Om90__om75,115317.0,0.9997965750808858,0.016528889767395312,23.455303152326128,283.70929275055215,1.0411343509881659,0.09786585053661857,22.766240654185616,174.84255881130179,388.0234332220617,True
20260811_184731__rp1p5__vinf25__inc30__toff59132__Om90__om90,115317.0,0.999798386109322,0.016530568029234888,23.45524363381273,283.7022594378365,0.9739019065973453,0.08931023310471718,23.378056723014165,215.61594987630284,351.0513232765949,True
20260811_184731__rp1p5__vinf25__inc60__toff59132__Om0__om0,115317.0,0.9998053927495553,0.016527617615177553,23.455244802553736,283.6944906070542,1.0797105251696706,0.07268548347101592,24.112869139444637,112.75127947660893,409.7875812225203,True
20260811_184731__rp1p5__vinf25__inc60__toff59132__Om0__om105,115317.0,0.999790102607211,0.016532411357177357,23.455296182238833,283.71483764994235,1.476793246213101,0.3699607815900982,28.107410264910797,93.54241590002654,655.5070043612922,True
20260811_184731__rp1p5__vinf25__inc60__toff59132__Om0__om120,115317.0,0.9997900343550985,0.016532372031392423,23.455281819667604,283.71522260310235,1.5649521276930556,0.3781376156491675,27.933516991641888,108.83400171980725,715.0713462706542,True
20260811_184731__rp1p5__vinf25__inc60__toff59132__Om0__om135,115317.0,0.9998037119808229,0.016525978931868916,23.455264316664373,283.7013188151885,1.2752709856535973,0.23685404423829207,25.96353463794247,127.26752212221268,526.0190938195634,True
20260811_184731__rp1p5__vinf25__inc60__toff59132__Om0__om15,115317.0,0.9997960616133488,0.016528442000235868,23.455270676866864,283.71158209377734,1.1202687550253347,0.08955313404026286,24.283109232203394,136.33130611177458,433.0929612081494,True
20260811_184731__rp1p5__vinf25__inc60__toff59132__Om0__om150,115317.0,0.9997901584551652,0.0165324837835056,23.455257589704328,283.71486949593634,1.0978803276265188,0.13459211809410326,24.67351497154257,153.63993788871932,420.17508367072526,True
20260811_184731__rp1p5__vinf25__inc60__toff59132__Om0__om165,115317.0,0.9998031408525708,0.016525444164368467,23.455271898176367,283.7036163081599,1.011809817929994,0.09332210156042349,23.883378433187616,190.1173432443626,371.74584589189806,True
20260811_184731__rp1p5__vinf25__inc60__toff59132__Om0__om180,115317.0,0.9997960352622975,0.016528437269999932,23.455272350081074,283.7117021269323,0.9722439135990648,0.08734412062254861,23.397896633455563,221.39860960627593,350.1552481556059,True
20260811_184731__rp1p5__vinf25__inc60__toff59132__Om0__om195,115317.0,0.9997960625666766,0.01652843706304007,23.45527191032501,283.71158981184806,0.9555878470554608,0.08920456742977391,23.093819335288163,243.37822341300335,341.19583191932793,True
20260811_184731__rp1p5__vinf25__inc60__toff59132__Om0__om210,115317.0,0.9997964526948296,0.016528279391848876,23.455271674533194,283.7112432485637,0.9501558739311167,0.09077224647108724,22.896160343489388,258.569584442537,338.2907139954409,True
20260811_184731__rp1p5__vinf25__inc60__toff59132__Om0__om225,115317.0,0.9997960401258273,0.01652845509055421,23.455271307919,283.7116428996603,0.9490460427655238,0.08879816173157444,22.771803768875365,272.1201716517654,337.6981755529464,True
20260811_184731__rp1p5__vinf25__inc60__toff59132__Om0__om240,115317.0,0.9997960382715743,0.016528442152806307,23.455271454485317,283.71167849297905,0.9497188355237514,0.0853109124677381,22.72090574294822,285.21801622386727,338.0573380253113,True
20260811_184731__rp1p5__vinf25__inc60__toff59132__Om0__om255,115317.0,0.9997971957070844,0.01652951765510462,23.455257195090436,283.707009050195,0.9533803558808212,0.08193144412698863,22.75776824050459,298.24947626490393,340.0142268360612,True
20260811_184731__rp1p5__vinf25__inc60__toff59132__Om0__om270,115317.0,0.9997901318853668,0.016532494335510167,23.455258125113723,283.714956586384,0.9064838908883154,0.19125926937461446,22.829270040075027,287.01222092603047,315.23753751758693,True
20260811_184731__rp1p5__vinf25__inc60__toff59132__Om0__om285,115317.0,0.999790151534322,0.016532474377908044,23.4552575856671,283.7149182124439,0.9597534500187883,0.06698555559917373,22.792695974635706,329.07361338789474,343.42927519027876,True
20260811_184731__rp1p5__vinf25__inc60__toff59132__Om0__om30,115317.0,0.9997988856839478,0.016530344435981077,23.45524378684164,283.70183456123885,1.1367775957708817,0.100852740255537,24.221363399419758,157.91243939328993,442.7015564760867,True
20260811_184731__rp1p5__vinf25__inc60__toff59132__Om0__om300,115317.0,0.999790088786523,0.01653239358495167,23.455281347844643,283.7150062477069,0.9666843581062008,0.06014376289221533,23.10059525597984,352.23786464062357,347.15612124347183,True
20260811_184731__rp1p5__vinf25__inc60__toff59132__Om0__om315,115317.0,0.9998036833178395,0.016526008542988576,23.455264312685156,283.70137310393585,0.9811489358959605,0.05593291475659445,23.334842658651198,17.229883821837984,354.97698477033185,True
20260811_184731__rp1p5__vinf25__inc60__toff59132__Om0__om330,115317.0,0.9997901697763045,0.01653247321052903,23.45525689966365,283.7148450805122,1.002798442760595,0.054091001474482654,23.581789025478574,48.898999131466105,366.79065869700315,True
20260811_184731__rp1p5__vinf25__inc60__toff59132__Om0__om345,115317.0,0.9997970667142075,0.01652937053571393,23.455336487123464,283.7070231662507,1.0361832975672811,0.05966697085952524,23.85108631500665,82.10126021230687,385.25889234105136,True
20260811_184731__rp1p5__vinf25__inc60__toff59132__Om0__om45,115317.0,0.9997983988694824,0.01653055080861585,23.455242980407554,283.70224342042945,1.0909480344025886,0.09689983837564813,23.794926079668365,187.20319534026186,416.2017352647566,True
20260811_184731__rp1p5__vinf25__inc60__toff59132__Om0__om60,115317.0,0.9997959917175171,0.01652847583228082,23.455272305445455,283.71179836199394,0.9821813461111347,0.10888059187265105,22.7875263808659,231.44864839721768,355.53741689567244,True
20260811_184731__rp1p5__vinf25__inc60__toff59132__Om0__om75,115317.0,0.9997982528310535,0.016530407402682606,23.455321911821603,283.7023192829861,0.857425766716931,0.16274561821947095,21.126302819106396,254.7364522383459,289.99638626568213,True
20260811_184731__rp1p5__vinf25__inc60__toff59132__Om0__om90,115317.0,0.9997901032433473,0.01653249963402892,23.455257536989155,283.7150625804598,0.9051962467793632,0.04334257091014855,22.901686066147015,202.67519478589347,314.5660922005731,True
20260811_184731__rp1p5__vinf25__inc60__toff59132__Om180__om0,115317.0,0.9997960403119838,0.016528435264602858,23.455272687940614,283.711685934327,1.0196171346391598,0.052411036756708405,22.404262695487347,207.54668042275011,376.05682766464514,True
20260811_184731__rp1p5__vinf25__inc60__toff59132__Om180__om105,115317.0,0.9997906534282316,0.016532935823527994,23.455289723230027,283.71264712847176,0.976396206344002,0.030430618492706663,24.16766175017029,306.1130421739834,352.4008241341347,True
20260811_184731__rp1p5__vinf25__inc60__toff59132__Om180__om120,115317.0,0.9997900852642172,0.016532384659286314,23.455281134721687,283.7150278860923,0.9889221164973514,0.015443465949086662,23.854867042134977,18.650656807569263,359.203802037253,True
20260811_184731__rp1p5__vinf25__inc60__toff59132__Om180__om135,115317.0,0.999803685842721,0.016526007540715218,23.455264481615007,283.70136500576376,1.0059029469439236,0.031498226212336104,23.37740176582891,77.2769331862315,368.4952644418784,True
20260811_184731__rp1p5__vinf25__inc60__toff59132__Om180__om15,115317.0,0.999796047417618,0.016528443079211325,23.45527089674632,283.7116383896815,1.002775701585208,0.05889184948847127,22.962124605417568,234.1482550946915,366.7781818077493,True
20260811_184731__rp1p5__vinf25__inc60__toff59132__Om180__om150,115317.0,0.9997901773507445,0.016532470202059876,23.45525740645282,283.71482079828945,1.0280875275283115,0.05215009305746042,22.884035920060832,91.47010273293384,380.75264242410867,True
20260811_184731__rp1p5__vinf25__inc60__toff59132__Om180__om165,115317.0,0.9997960603914489,0.016528448562086788,23.455272042626735,283.71157413184415,1.0537256547973863,0.0633701130130049,22.462020268038515,99.97391416060938,395.0837079979021,True
20260811_184731__rp1p5__vinf25__inc60__toff59132__Om180__om180,115317.0,0.9998053876997745,0.016527619619149267,23.455244464693923,283.694506802639,1.071653097242709,0.06774334181994665,22.244056409703656,106.05813340549057,405.2090399054481,True
20260811_184731__rp1p5__vinf25__inc60__toff59132__Om180__om195,115317.0,0.9997960767624077,0.01652843598407855,23.45527169044553,283.71153351591977,1.0740453859512173,0.05903147124345348,22.354510109373138,115.70366162090387,406.5666403346693,True
20260811_184731__rp1p5__vinf25__inc60__toff59132__Om180__om210,115317.0,0.9997988856839478,0.016530344435981077,23.45524378684164,283.70183456123885,1.0583830677440986,0.04191455859272839,22.825878973876733,135.9395597260423,397.70597460632405,True
20260811_184731__rp1p5__vinf25__inc60__toff59132__Om180__om225,115317.0,0.9997983988694824,0.01653055080861585,23.455242980407554,283.70224342042945,1.0317818691395941,0.03821282435103826,23.48057715895516,184.090750489222,382.8067864353745,True
20260811_184731__rp1p5__vinf25__inc60__toff59132__Om180__om240,115317.0,0.9997959866678315,0.016528477837687135,23.455271967585873,283.71181455454484,1.0012375943247367,0.05547100607343489,23.9443492783895,218.15660126386953,365.9346315500633,True
20260811_184731__rp1p5__vinf25__inc60__toff59132__Om180__om255,115317.0,0.9997972364082779,0.01652948934087182,23.45525679193929,283.7069021033984,0.9854337402122699,0.0609112463236829,24.043629173886973,228.883668821184,357.30486731080117,True
20260811_184731__rp1p5__vinf25__inc60__toff59132__Om180__om270,115317.0,0.9997901158674125,0.016532494619870202,23.455258381637815,283.7150221102163,0.9887672472564614,0.042193396673539954,24.121065512798292,219.30977397819146,359.1194261680035,True
20260811_184731__rp1p5__vinf25__inc60__toff59132__Om180__om285,115317.0,0.999789600713413,0.016531949934406872,23.45526404459301,283.71710886240965,1.003960788971413,0.03428034044092059,24.204100598451596,162.52175115762387,367.42856542762564,True
20260811_184731__rp1p5__vinf25__inc60__toff59132__Om180__om30,115317.0,0.9997964526948296,0.016528279391848876,23.455271674533194,283.7112432485637,0.9881669320694533,0.06513162239966144,23.565791158192074,251.70482203516022,358.79242486336517,True
20260811_184731__rp1p5__vinf25__inc60__toff59132__Om180__om300,115317.0,0.999790037877404,0.01653238095704027,23.455282032790603,283.71520096459614,1.0280884965075188,0.06087123895151447,23.810515529739785,133.97320975304095,380.7531807170128,True
20260811_184731__rp1p5__vinf25__inc60__toff59132__Om180__om315,115317.0,0.9998037094559411,0.016525979934140386,23.45526414773449,283.7013269133772,1.0486539444231031,0.07725001525013396,22.925633549204832,137.3963918087871,392.23476370168004,True
20260811_184731__rp1p5__vinf25__inc60__toff59132__Om180__om330,115317.0,0.9997901508807254,0.01653248679198078,23.455257082915143,283.7148937781291,1.0520127047242414,0.07213198222400376,22.216467769511667,150.20964118276876,394.1207198349625,True
20260811_184731__rp1p5__vinf25__inc60__toff59132__Om180__om345,115317.0,0.999804147178835,0.016526366300257302,23.45533634244628,283.6990650531281,1.0403572850095897,0.05952215849986627,22.075134185684345,174.46762379543483,387.5891037707934,True
20260811_184731__rp1p5__vinf25__inc60__toff59132__Om180__om45,115317.0,0.9997960401258273,0.01652845509055421,23.455271307919,283.7116428996603,0.9776060769823719,0.06958690551526256,24.094356652629813,261.71160683563926,353.0560265880427,True
20260811_184731__rp1p5__vinf25__inc60__toff59132__Om180__om60,115317.0,0.9997960433212602,0.016528440147411207,23.455271792344906,283.7116623003758,0.9708045162312363,0.06634716769527076,24.466612582777636,269.66114908351665,349.37793403250686,True
20260811_184731__rp1p5__vinf25__inc60__toff59132__Om180__om75,115317.0,0.9997982121297772,0.016530435714728745,23.45532231497009,283.7024262310107,0.9670765433183142,0.058976427099594456,24.5961641862744,277.3148776911206,347.3674052639205,True
20260811_184731__rp1p5__vinf25__inc60__toff59132__Om180__om90,115317.0,0.9997901192613015,0.016532499349655203,23.455257280465037,283.71499705664814,0.9704349729358799,0.0497785900697431,24.301876648430873,287.6233561242461,349.17846341284843,True
20260811_184731__rp1p5__vinf25__inc60__toff59132__Om270__om0,115317.0,0.9997960934500776,0.016528429357378985,23.455271881713088,283.7114792391155,0.9693510501672719,0.06817343527541099,24.515933385301917,324.850632886839,348.5936069439248,True
20260811_184731__rp1p5__vinf25__inc60__toff59132__Om270__om105,115317.0,0.9998006704935652,0.016530261520979916,23.45527528714739,283.6979844976697,1.0943985194754167,0.08611253339223889,24.239046940836566,183.22677726754637,418.1778598356867,True
20260811_184731__rp1p5__vinf25__inc60__toff59132__Om270__om120,115317.0,0.9997991255648497,0.016530656712136164,23.455263868495262,283.70064398310876,1.085736190189846,0.09620423514200131,23.689918130103777,196.30591404420255,413.2227861251741,True
20260811_184731__rp1p5__vinf25__inc60__toff59132__Om270__om135,115317.0,0.9997984121206299,0.01653054858766185,23.45524308721643,283.7021937504304,1.0200440963273407,0.09893905616458562,23.37212292744178,226.4270667803508,376.2930614332805,True
20260811_184731__rp1p5__vinf25__inc60__toff59132__Om270__om15,115317.0,0.9998042293003585,0.01652654116071893,23.45525735820056,283.69918447746386,0.9739904311360689,0.059954801762075814,24.667676410894565,331.4211513675737,351.09918851194163,True
20260811_184731__rp1p5__vinf25__inc60__toff59132__Om270__om150,115317.0,0.9997984312237024,0.01653054860253693,23.45524287851254,283.70211492787655,0.8940066068059326,0.17691302062102407,24.17861216637254,262.01848771113555,308.75136250823357,True
20260811_184731__rp1p5__vinf25__inc60__toff59132__Om270__om165,115317.0,0.9997961069115423,0.01652841793471643,23.455271566179892,283.71144814412844,0.7409065166742479,0.39753876040253766,27.645713370597683,273.1420352176367,232.93937846579587,True
20260811_184731__rp1p5__vinf25__inc60__toff59132__Om270__om180,115317.0,0.9997960498416133,0.016528443635388256,23.455272056919853,283.7116281727324,0.7842709064428739,0.5577420198459722,33.65648071153597,314.9355915030079,253.68626080185336,True
20260811_184731__rp1p5__vinf25__inc60__toff59132__Om270__om195,115317.0,0.9997971734173029,0.016529526503923975,23.455258479515244,283.70708281883066,1.7180412455015135,0.3234639130857208,27.555104202992855,81.97964941227076,822.523224012801,True
20260811_184731__rp1p5__vinf25__inc60__toff59132__Om270__om210,115317.0,0.9997967854877435,0.016529150942826504,23.45526240115174,283.7086587243179,1.240502680215861,0.12798258580200833,23.461119207359815,101.0110412702591,504.6547330586603,True
20260811_184731__rp1p5__vinf25__inc60__toff59132__Om270__om225,115317.0,0.9997960652242066,0.016528446643558597,23.455270978089846,283.7115574871868,1.0581398268786353,0.0566787179392737,22.88009242146204,152.67300381124852,397.5688794608772,True
20260811_184731__rp1p5__vinf25__inc60__toff59132__Om270__om240,115317.0,0.9997960520837182,0.016528433629437657,23.455271307887628,283.7116398553564,0.9879755472357469,0.0589438598207518,23.146274872804693,199.63332696602848,358.68819535302697,True
20260811_184731__rp1p5__vinf25__inc60__toff59132__Om270__om255,115317.0,0.9997960597898677,0.016528448801584147,23.455270845808034,283.711575104521,0.9599332055322718,0.06353803448744813,23.495822318705684,225.43930083825083,343.5257627770277,True
20260811_184731__rp1p5__vinf25__inc60__toff59132__Om270__om270,115317.0,0.9997983937189243,0.01653055437221908,23.455243633791863,283.70225749278393,0.9523843190446457,0.06530222308477308,23.74734650314318,247.90933812409605,339.48152513563923,True
20260811_184731__rp1p5__vinf25__inc60__toff59132__Om270__om285,115317.0,0.9997983539787388,0.01653058610139795,23.455243589147244,283.70235276577347,0.9533261579985323,0.06658920845272288,23.90645961873236,267.1688517198591,339.9852334930165,True
20260811_184731__rp1p5__vinf25__inc60__toff59132__Om270__om30,115317.0,0.9997967418227597,0.01652914752293588,23.455262913932483,283.70880841620453,0.980191143961098,0.04901004696678607,24.80853066101313,339.3125945961121,354.45732191579623,True
20260811_184731__rp1p5__vinf25__inc60__toff59132__Om270__om300,115317.0,0.9997991917345109,0.016530623935445646,23.455262762234163,283.7003381213054,0.9564270744737111,0.06798632779573587,24.02152552036852,284.5735930574008,341.6454040186806,True
20260811_184731__rp1p5__vinf25__inc60__toff59132__Om270__om315,115317.0,0.9997937068152166,0.016526332260376878,23.455299573600982,283.72099948248007,0.9601257640609889,0.0708504689377458,24.11745372870015,298.5172212406605,343.6291326765023,True
20260811_184731__rp1p5__vinf25__inc60__toff59132__Om270__om330,115317.0,0.9997983243422403,0.01653058343012397,23.455243691034777,283.70248056340336,0.9639923080283977,0.07246935107343408,24.231147383437577,308.66472354052934,345.70697596984496,True
20260811_184731__rp1p5__vinf25__inc60__toff59132__Om270__om345,115317.0,0.9997970448770274,0.016529373127947326,23.455336816945096,283.707107744356,0.9677363966472232,0.07144253316258102,24.348130078685053,318.3010300925592,347.72298823399,True
20260811_184731__rp1p5__vinf25__inc60__toff59132__Om270__om45,115317.0,0.9997960499095562,0.01652843753145887,23.455271307893316,283.7116404088665,0.9920826796070702,0.03072444044935728,24.907822835950743,350.69717397185127,360.92718277969516,True
20260811_184731__rp1p5__vinf25__inc60__toff59132__Om270__om60,115317.0,0.9997983908741596,0.016530572216037,23.45524331830301,283.70223056318673,1.0103673278662795,0.006788950917961827,24.94531320929199,29.85951954399432,370.951158227756,True
20260811_184731__rp1p5__vinf25__inc60__toff59132__Om270__om75,115317.0,0.9997970648939214,0.016529354545084102,23.455336259181053,283.70706487123795,1.0362198750404958,0.028351854143468497,24.88286976580434,160.74486267113812,385.2792920925362,True
20260811_184731__rp1p5__vinf25__inc60__toff59132__Om270__om90,115317.0,0.9997982687427348,0.016530614616737657,23.455244108490284,283.7026426532739,1.0688619963041832,0.06021579010945989,24.6627071097527,173.03275498431688,403.6270317760106,True
20260811_184731__rp1p5__vinf25__inc60__toff59132__Om90__om0,115317.0,0.9997960548912995,0.016528441629997368,23.455272394779417,283.7116119801244,0.8774974842990372,0.1599052811990046,24.261703564487988,294.581869763611,300.238658165585,True
20260811_184731__rp1p5__vinf25__inc60__toff59132__Om90__om105,115317.0,0.9997988558746264,0.016531047676040706,23.455275726423793,283.700081810036,0.9604815959774186,0.07025499798514014,23.769334912407025,229.58278441904912,343.82017880665705,True
20260811_184731__rp1p5__vinf25__inc60__toff59132__Om90__om120,115317.0,0.9997991882122498,0.016530615008461657,23.455262549116846,283.70035975341136,0.9475710591146771,0.07076713717719926,23.524755303892892,248.35392216358733,336.91121841615194,True
20260811_184731__rp1p5__vinf25__inc60__toff59132__Om90__om135,115317.0,0.9997937093400479,0.016526331257289164,23.455299742530723,283.7209913857007,0.9470177281347125,0.06731673725423797,23.253206043777837,266.2953785444951,336.6161542177398,True
20260811_184731__rp1p5__vinf25__inc60__toff59132__Om90__om15,115317.0,0.9997971582682107,0.01652953251896348,23.455257465936388,283.7071313950709,0.7197671956840658,0.3882905483861208,23.87668093201329,323.9742112799284,223.04159607409255,True
20260811_184731__rp1p5__vinf25__inc60__toff59132__Om90__om150,115317.0,0.9997983319168038,0.016530580423186496,23.455244197824268,283.7024562760005,0.9525682290529757,0.0652763752714069,23.013182724947022,285.6217869829072,339.5798631639684,True
20260811_184731__rp1p5__vinf25__inc60__toff59132__Om90__om165,115317.0,0.9997960385543126,0.01652845115605724,23.455272372447354,283.71165871404105,0.9571095648215147,0.06522398431459876,22.82028684017798,302.8884183520368,342.0111579089502,True
20260811_184731__rp1p5__vinf25__inc60__toff59132__Om90__om180,115317.0,0.999796088400391,0.016528431362758958,23.45527154385353,283.7114954317525,0.9636525528108816,0.06645621289100564,22.66505528401264,318.17288851970113,345.524227521497,True
20260811_184731__rp1p5__vinf25__inc60__toff59132__Om90__om195,115317.0,0.9998042444496651,0.016526535147633428,23.455258371779852,283.69913588919843,0.9668590906195877,0.06738779579344518,22.523499797603666,329.68681411904555,347.25025052485785,True
20260811_184731__rp1p5__vinf25__inc60__toff59132__Om90__om210,115317.0,0.9997967418227597,0.01652914752293588,23.455262913932483,283.70880841620453,0.9711596068035179,0.06680715310756355,22.388688840041667,340.06123879042264,349.56963918866944,True
20260811_184731__rp1p5__vinf25__inc60__toff59132__Om90__om225,115317.0,0.9997960499095562,0.01652843753145887,23.455271307893316,283.7116404088665,0.977725335111766,0.0629743013955219,22.259546914050073,347.96354667921946,353.12063249581826,True
20260811_184731__rp1p5__vinf25__inc60__toff59132__Om90__om240,115317.0,0.9997983858244498,0.016530574220642823,23.45524298044335,283.7022467548247,0.9850602549727461,0.05472834482837779,22.124213029399236,355.7054671495544,357.10175555914043,True
20260811_184731__rp1p5__vinf25__inc60__toff59132__Om90__om255,115317.0,0.999796048471794,0.016528436583144707,23.455271138960683,283.71164822841706,0.9963305175690017,0.03940333723780512,21.98989784301022,5.525584104653268,363.2477557494776,True
20260811_184731__rp1p5__vinf25__inc60__toff59132__Om90__om270,115317.0,0.9997982813670064,0.016530609605143385,23.45524495313946,283.70260217439176,1.0115025352827975,0.018366835428490273,21.880897736895086,18.75250017766655,371.5765121313426,True
20260811_184731__rp1p5__vinf25__inc60__toff59132__Om90__om285,115317.0,0.999800168597199,0.016529799925009647,23.45524314989733,283.7002554906897,1.0323364344232129,0.012768597394839406,21.85117299037429,149.3338877313396,383.11545615080325,True
20260811_184731__rp1p5__vinf25__inc60__toff59132__Om90__om30,115317.0,0.9997967854877435,0.016529150942826504,23.45526240115174,283.7086587243179,1.0470566827074534,0.53426865455882,14.033151578356602,299.5637179690615,391.338953959522,True
20260811_184731__rp1p5__vinf25__inc60__toff59132__Om90__om300,115317.0,0.9997991290871096,0.016530665639095252,23.455264081612537,283.7006223508962,1.056483984983957,0.039355639994390616,21.98417306220333,178.20307268318217,396.6360345079217,True
20260811_184731__rp1p5__vinf25__inc60__toff59132__Om90__om315,115317.0,0.9997984095957749,0.016530549589963157,23.455242918286594,283.7022018462646,1.0706128951889529,0.06421229995455746,22.324269792598606,188.82824828991846,404.61920774178503,True
20260811_184731__rp1p5__vinf25__inc60__toff59132__Om90__om330,115317.0,0.9997984236491373,0.01653055160943189,23.455242371723102,283.7021392153886,1.057252236668681,0.07500033260618905,22.88280183850655,207.03615331627466,397.06875051935805,True
20260811_184731__rp1p5__vinf25__inc60__toff59132__Om90__om345,115317.0,0.9997971132343946,0.01652933991090194,23.455336010679346,283.70689717787207,0.9963667393388532,0.08371047200083147,23.585480812749182,244.8164068643464,363.2675648328501,True
20260811_184731__rp1p5__vinf25__inc60__toff59132__Om90__om45,115317.0,0.9997960652242066,0.016528446643558597,23.455270978089846,283.7115574871868,2.600992491092823,0.5724802344659796,16.370594698404368,70.20918538243455,1532.168177514209,True
20260811_184731__rp1p5__vinf25__inc60__toff59132__Om90__om60,115317.0,0.9997960571334042,0.016528431624045763,23.455271645747185,283.71162366274035,1.3443971827224357,0.21855427124711235,21.423610992913986,100.90729543012029,569.3629210435307,True
20260811_184731__rp1p5__vinf25__inc60__toff59132__Om90__om75,115317.0,0.9997970762120181,0.016529366765053278,23.455335966025256,283.70699175453666,1.0902963021481062,0.08456549091419577,23.306906480342406,142.10161587536138,415.8288326546014,True
20260811_184731__rp1p5__vinf25__inc60__toff59132__Om90__om90,115317.0,0.99979838109465,0.016530559383741972,23.455242789142734,283.7022979719079,0.9964770046283863,0.06528553598390374,23.819669887340236,198.0541866390649,363.3278693018221,True
20260811_184731__rp1p5__vinf25__inc90__toff59132__Om0__om0,115317.0,0.9998038792385651,0.016526174009476334,23.455262619420235,283.7005910276928,1.0785006607039653,0.06996160976325724,24.553931975115532,105.43104683232717,409.09899593862406,True
20260811_184731__rp1p5__vinf25__inc90__toff59132__Om0__om105,115317.0,0.9997902730606303,0.01653258384448035,23.455294837079844,283.71414561374866,1.0196003557349138,0.06068929085572032,22.52087631791199,139.25119128768864,376.0475450692533,True
20260811_184731__rp1p5__vinf25__inc90__toff59132__Om0__om120,115317.0,0.9997900644094176,0.016532386121385648,23.45528088103138,283.7151091802575,1.0757455409320174,0.1155159469667459,23.523515471380286,127.58618920716484,407.5323813250164,True
20260811_184731__rp1p5__vinf25__inc90__toff59132__Om0__om135,115317.0,0.9998043849932167,0.016526612796210052,23.45529399658604,283.69835211882173,1.0926711662829134,0.1238392076164611,24.510693041712162,137.40807384614686,417.18819874083766,True
20260811_184731__rp1p5__vinf25__inc90__toff59132__Om0__om15,115317.0,0.9997968198812324,0.016529142556855534,23.455261941474987,283.7085383640652,1.095066547933929,0.0682407148471151,24.580117922599342,123.61180172072562,418.56080626488415,True
20260811_184731__rp1p5__vinf25__inc90__toff59132__Om0__om150,115317.0,0.9997897692030409,0.016532117117634925,23.455262277125996,283.71643591557734,1.0712041572034547,0.09951226692736982,24.788817678440772,154.58591510916867,404.95443954637545,True
20260811_184731__rp1p5__vinf25__inc90__toff59132__Om0__om165,115317.0,0.9998038818335241,0.016526151706647355,23.45526177473036,283.70062762496065,1.0365626526311686,0.07413321808892134,24.49923380415206,182.1044543422597,385.47048128662175,True
20260811_184731__rp1p5__vinf25__inc90__toff59132__Om0__om180,115317.0,0.9997968459011417,0.016529117031384412,23.455262955024796,283.70848701589705,1.0069174294275258,0.06618447987633937,23.983957744136813,215.6403279663291,369.05286231672943,True
20260811_184731__rp1p5__vinf25__inc90__toff59132__Om0__om195,115317.0,0.9997968281921743,0.016529134698699585,23.45526227932588,283.70852134040166,0.984967081149276,0.06949403528819749,23.437275762151927,241.17634208748865,357.05109102014467,True
20260811_184731__rp1p5__vinf25__inc90__toff59132__Om0__om210,115317.0,0.9997972734332382,0.016528955150510616,23.455262955198673,283.7079957406486,0.9712047253041655,0.07496597065620454,22.957246067968697,256.010211653,349.5940001295482,True
20260811_184731__rp1p5__vinf25__inc90__toff59132__Om0__om225,115317.0,0.9997968166199844,0.016529148409879013,23.455261941483663,283.7085391954306,0.9636277550524075,0.07631294329251177,22.58416728835347,267.8855661528807,345.51089049790784,True
20260811_184731__rp1p5__vinf25__inc90__toff59132__Om0__om240,115317.0,0.9997968365031166,0.016529126840545225,23.455262617176803,283.7085043167224,0.9601911013838236,0.07389742344189686,22.358776740573617,278.017096526187,343.6642096274274,True
20260811_184731__rp1p5__vinf25__inc90__toff59132__Om0__om255,115317.0,0.9997978240301884,0.016530068495821493,23.455326385758916,283.70398830173497,0.9595326967192302,0.06758862036107327,22.329236290566172,288.3871101662601,343.31079353328505,True
20260811_184731__rp1p5__vinf25__inc90__toff59132__Om0__om270,115317.0,0.9997897666782297,0.016532118120525227,23.455262108196276,283.71644400972923,0.9589745441666642,0.08407968785595059,22.695538309363798,299.47582495410296,343.0112853543165,True
20260811_184731__rp1p5__vinf25__inc90__toff59132__Om0__om285,115317.0,0.99978978673642,0.016532097999418075,23.455262868356858,283.71640537684823,0.9671056252426937,0.04547742008291031,22.642055038439032,317.3961388586847,347.38307442986536,True
20260811_184731__rp1p5__vinf25__inc90__toff59132__Om0__om30,115317.0,0.9997973873264281,0.016528895041578336,23.45526261735042,283.70788603770495,1.0854894046868806,0.061454802211466625,24.273726265450296,148.86664868438623,413.08190715429447,True
20260811_184731__rp1p5__vinf25__inc90__toff59132__Om0__om300,115317.0,0.9997900858446043,0.016532404333834416,23.4552825610625,283.7150069352468,0.9773473774971041,0.03602752401256957,23.018266611770805,355.45460456980226,352.9158944246694,True
20260811_184731__rp1p5__vinf25__inc90__toff59132__Om0__om315,115317.0,0.9998043807851252,0.016526632700688385,23.455294587872416,283.69832711574804,0.9960504539331636,0.039450861978384884,23.445775242594983,39.50021128723007,363.09460576170204,True
20260811_184731__rp1p5__vinf25__inc90__toff59132__Om0__om330,115317.0,0.9997907722965494,0.016533034197650363,23.455326214836358,283.7119087585858,1.0193537908870662,0.05157536896096147,23.879932980268784,67.36785178752677,375.9111467743582,True
20260811_184731__rp1p5__vinf25__inc90__toff59132__Om0__om345,115317.0,0.9997968231074426,0.01652914735318866,23.455262448275928,283.70851518412593,1.0489097910121834,0.06179832520841257,24.281729162499058,87.90859297480769,392.3783163687444,True
20260811_184731__rp1p5__vinf25__inc90__toff59132__Om0__om45,115317.0,0.9997968314534222,0.016529128845676203,23.455262279317203,283.7085205090299,1.0497882562044307,0.058664862887019956,23.65250512789978,188.36267143319984,392.8713466405843,True
20260811_184731__rp1p5__vinf25__inc90__toff59132__Om0__om60,115317.0,0.999796830681984,0.01652914434549346,23.455262955065308,283.7084908956897,1.0020830654546558,0.07616444039311807,22.92832062153715,221.3163487549947,366.39823650151357,True
20260811_184731__rp1p5__vinf25__inc90__toff59132__Om0__om75,115317.0,0.9997978377765712,0.016530050883014513,23.455326723596535,283.7039698890216,0.9670937956693443,0.08491374865942893,22.438951622432945,233.11314492514225,347.3767006984669,True
20260811_184731__rp1p5__vinf25__inc90__toff59132__Om0__om90,115317.0,0.9997907773461822,0.016533032192228264,23.455326552694547,283.71189257065805,0.9731821025011705,0.055133964839550166,22.252634304373892,217.42642368334714,350.66220582598663,True
20260811_184731__rp1p5__vinf25__inc90__toff59132__Om180__om0,115317.0,0.9997968408514475,0.01652911903651396,23.4552626171652,283.7085032082165,1.0284484737777373,0.02801091009075928,21.82006645830655,175.56938216459662,380.9531749124021,True
20260811_184731__rp1p5__vinf25__inc90__toff59132__Om180__om105,115317.0,0.9997902861054514,0.01653256043234634,23.45529483704692,283.7141422971216,1.0001549445612,0.03514341587635832,23.964823630189866,207.38391721762486,365.3412580186289,True
20260811_184731__rp1p5__vinf25__inc90__toff59132__Om180__om120,115317.0,0.9997900600611459,0.016532393925433427,23.4552808810426,283.7151102853919,1.0119018237063506,0.035064260252870204,23.578144051238414,164.67506957897595,371.79655237162075,True
20260811_184731__rp1p5__vinf25__inc90__toff59132__Om180__om135,115317.0,0.9998043719480274,0.01652663620822048,23.455293996618963,283.6983554588909,1.0251070379139484,0.047345280256821234,23.086644231457075,132.47225091716976,379.09810467850116,True
20260811_184731__rp1p5__vinf25__inc90__toff59132__Om180__om15,115317.0,0.9997968231424803,0.016529136703831885,23.455261941466304,283.70853753269853,1.023468012179406,0.03399174343420376,21.975007482050675,210.94155588397314,378.1892681961824,True
20260811_184731__rp1p5__vinf25__inc90__toff59132__Om180__om150,115317.0,0.99978977355131,0.016532109313583114,23.455262277114397,283.71643481099704,1.0408270842934215,0.06095058046688385,22.672471710957126,118.37115028812732,387.8516716998596,True
20260811_184731__rp1p5__vinf25__inc90__toff59132__Om180__om165,115317.0,0.9997968130080551,0.016529151363453527,23.45526177255675,283.7085475686921,1.0493147096341626,0.06474035445032132,22.510387504151765,108.98204260317297,392.60554747251257,True
20260811_184731__rp1p5__vinf25__inc90__toff59132__Om180__om180,115317.0,0.9998038842883303,0.016526172004995246,23.455262957279974,283.7005748314145,1.048919929322311,0.05750587115125235,22.722661784454992,102.75543425517714,392.3840052221214,True
20260811_184731__rp1p5__vinf25__inc90__toff59132__Om180__om195,115317.0,0.9997968249309261,0.016529140551723165,23.455262279334573,283.70852217177423,1.0358950909817695,0.04053947176308363,23.265874966429845,101.51584183272327,385.0981682264463,True
20260811_184731__rp1p5__vinf25__inc90__toff59132__Om180__om210,115317.0,0.9997973923761281,0.016528893036499417,23.455262955210035,283.7078698450831,1.0195817212592273,0.01587966768195971,23.880534026338314,116.73074929240752,376.03723600534624,True
20260811_184731__rp1p5__vinf25__inc90__toff59132__Om180__om225,115317.0,0.9997968264037285,0.016529130850808454,23.45526194145763,283.7085367013327,1.0037099968553904,0.016838236009036472,24.211420966674773,222.59531448960226,367.2908970543184,True
20260811_184731__rp1p5__vinf25__inc90__toff59132__Om180__om240,115317.0,0.9997968256322898,0.016529146350623265,23.455262617205744,283.7085070879815,0.9960863828671931,0.03096789129816121,24.12007848904898,239.66218411856445,363.11425193483706,True
20260811_184731__rp1p5__vinf25__inc90__toff59132__Om180__om255,115317.0,0.999797832726867,0.01653005288778733,23.455326385738157,283.7039860809429,0.9950014468646395,0.03237009711926323,23.885973765376814,242.21716615586388,362.5211581456234,True
20260811_184731__rp1p5__vinf25__inc90__toff59132__Om180__om270,115317.0,0.9997897710264987,0.016532110316473368,23.455262108184705,283.71644290515286,0.9959629015891244,0.02316098917372774,23.84479068334131,236.04845866844414,363.04673305837144,True
20260811_184731__rp1p5__vinf25__inc90__toff59132__Om180__om285,115317.0,0.9997897736916117,0.01653212141157327,23.455262868391582,283.7164086906318,0.9996702024709653,0.013139252940058913,23.932415755793908,206.49444115414786,365.0756869297054,True
20260811_184731__rp1p5__vinf25__inc90__toff59132__Om180__om30,115317.0,0.9997972683835398,0.016528957155599863,23.455262617339077,283.708011933193,1.0155784983371976,0.045114341310964534,22.506886682949506,230.73580784727167,373.82473712875355,True
20260811_184731__rp1p5__vinf25__inc90__toff59132__Om180__om300,115317.0,0.9997900901928762,0.01653239652978701,23.455282561051284,283.71500583006696,1.0048687537695908,0.015793236582845902,23.888949221783513,146.430660012967,367.92712217978976,True
20260811_184731__rp1p5__vinf25__inc90__toff59132__Om180__om315,115317.0,0.9998043938303147,0.016526609288678357,23.455294587839497,283.6983237756374,1.0122894376232672,0.02549722255621241,23.508998171896053,129.94730653561396,372.01020054560763,True
20260811_184731__rp1p5__vinf25__inc90__toff59132__Om180__om330,115317.0,0.9997907679482718,0.016533042001688054,23.455326214846732,283.7119098650618,1.0225680262879,0.03204196202558599,22.832109065797482,130.42827648909045,377.69053716735266,True
20260811_184731__rp1p5__vinf25__inc90__toff59132__Om180__om345,115317.0,0.9998038919330544,0.016526147697680526,23.45526245044984,283.7005952323669,1.0276494897429624,0.03131230273688261,22.15197238267216,145.1980440768781,380.5093271327277,True
20260811_184731__rp1p5__vinf25__inc90__toff59132__Om180__om45,115317.0,0.9997968216696784,0.016529146404746547,23.455262279343252,283.7085230031456,1.0052929582711339,0.05445358530399218,23.19977301567483,238.0923356559756,368.160126955187,True
20260811_184731__rp1p5__vinf25__inc90__toff59132__Om180__om60,115317.0,0.9997968415528107,0.01652912483541557,23.455262955036364,283.70848812441045,0.9974328700304713,0.057611630465012886,23.816408721938892,240.93631727293877,363.85077521374586,True
20260811_184731__rp1p5__vinf25__inc90__toff59132__Om180__om75,115317.0,0.9997978290798922,0.016530066491048514,23.455326723617247,283.7039721098291,0.9928628615849886,0.05472286124759656,24.185636553147898,239.3520158914697,361.35302062995873,True
20260811_184731__rp1p5__vinf25__inc90__toff59132__Om180__om90,115317.0,0.9997907729979044,0.01653303999626596,23.455326552704935,283.71189367714294,0.9937933915316792,0.04677668197675175,24.14027323976433,232.38581795784802,361.8611400178346,True
20260811_184731__rp1p5__vinf25__inc90__toff59132__Om270__om0,115317.0,0.9997966672536157,0.016528184721679363,23.455271544026818,283.7108476243191,0.9818087111496387,0.06024941526138676,24.018657587556067,326.6064949676995,355.33510226414995,True
20260811_184731__rp1p5__vinf25__inc90__toff59132__Om270__om105,115317.0,0.9997994844587716,0.016530772976305792,23.455275878058156,283.69928982626294,1.0324434249323027,0.06828680073186386,23.4061640668472,225.21028661073734,383.17501635570903,True
20260811_184731__rp1p5__vinf25__inc90__toff59132__Om270__om120,115317.0,0.9997991507292993,0.016530636987947076,23.455263388092334,283.70063635314807,1.0158761652183748,0.07949772431513788,22.588312511766276,234.69807097645645,373.989101671388,True
20260811_184731__rp1p5__vinf25__inc90__toff59132__Om270__om135,115317.0,0.9997994834725321,0.016530773368240558,23.455274886818735,283.6992922235037,0.9644128883855028,0.0979270387922106,21.79387749651622,255.83276134747433,345.93324347207175,True
20260811_184731__rp1p5__vinf25__inc90__toff59132__Om270__om15,115317.0,0.9997977530740493,0.016529276519956178,23.455257694023498,283.70643825569107,0.984851981244468,0.05486203030339813,24.135265726881165,325.59002670233804,356.9885071834605,True
20260811_184731__rp1p5__vinf25__inc90__toff59132__Om270__om150,115317.0,0.9997990111647006,0.01653030004115124,23.455242878690797,283.70146678516744,0.8780384163888257,0.17350416146518405,21.79015881475032,275.47512062444855,300.5163234939017,True
20260811_184731__rp1p5__vinf25__inc90__toff59132__Om270__om165,115317.0,0.9997966662673816,0.016528185113804335,23.45527055278587,283.7108500217913,0.7759453334361435,0.35008257515365787,23.96859606175906,283.41227242966374,249.65742037036011,True
20260811_184731__rp1p5__vinf25__inc90__toff59132__Om270__om180,115317.0,0.9997966315703212,0.01652819889056387,23.455272394958406,283.71096472853634,1.019350637224046,0.35797998694307,27.21423299954272,354.43478798843074,375.90940229244796,True
20260811_184731__rp1p5__vinf25__inc90__toff59132__Om270__om195,115317.0,0.9997977493952365,0.016529277980247097,23.45525814182707,283.7064506260491,1.3194713586706313,0.20502322302730527,24.434671068692936,79.90321686935286,553.6021163672392,True
20260811_184731__rp1p5__vinf25__inc90__toff59132__Om270__om210,115317.0,0.9997973773160418,0.0165289021977912,23.455263414912213,283.7079628793026,1.135195608015835,0.08248960635334877,22.073262953072366,101.78503221955266,441.7777547637875,True
20260811_184731__rp1p5__vinf25__inc90__toff59132__Om270__om225,115317.0,0.9997966484257339,0.016528192198239127,23.455270978251672,283.71090857392267,1.0366221119761077,0.038335813817493625,21.88006782267476,147.0579690373823,385.5036488201006,True
20260811_184731__rp1p5__vinf25__inc90__toff59132__Om270__om240,115317.0,0.9997966323396272,0.01652819858529316,23.45527198380283,283.71096187903623,0.9918596037317778,0.03329056872120608,22.4092717977831,193.0150042529164,360.80545458706206,True
20260811_184731__rp1p5__vinf25__inc90__toff59132__Om270__om255,115317.0,0.9997976518392919,0.016529115340464504,23.45533545938249,283.7063671038303,0.9736373767569859,0.03183542985349043,22.99212656283209,227.04379586292478,350.9083049031987,True
20260811_184731__rp1p5__vinf25__inc90__toff59132__Om270__om270,115317.0,0.9997989620876394,0.016530319520939127,23.455243296128366,283.7016272121247,0.9672269921340819,0.030157839680655593,23.419883002470076,261.72958172800725,347.44846872415724,True
20260811_184731__rp1p5__vinf25__inc90__toff59132__Om270__om285,115317.0,0.9997989501733998,0.016530324249479054,23.4552443494963,283.70166694556895,0.9702470041581864,0.03663342866328197,23.667890034187902,292.8457499814486,349.077016939241,True
20260811_184731__rp1p5__vinf25__inc90__toff59132__Om270__om30,115317.0,0.9997973307754902,0.016528896880463096,23.45526358982754,283.70812821156005,0.9890096365563671,0.04646351215064532,24.257413007706575,319.73900749401514,359.251487643092,True
20260811_184731__rp1p5__vinf25__inc90__toff59132__Om270__om300,115317.0,0.9997992812555109,0.016530605830772118,23.45526374877521,283.70019026135117,0.9733506145411721,0.046514103346119905,23.78576462387272,309.81653190893627,350.7532885145303,True
20260811_184731__rp1p5__vinf25__inc90__toff59132__Om270__om315,115317.0,0.9997947944182376,0.016526543492174986,23.45533213403298,283.7180593200083,0.9763079043448719,0.055002370211180505,23.849404148448844,319.87991499729304,352.35302029153223,True
20260811_184731__rp1p5__vinf25__inc90__toff59132__Om270__om330,115317.0,0.9997999051717389,0.01653126679928347,23.455308135034777,283.69728388625595,0.9777605850295507,0.060605994310144726,23.889139239546935,324.3856608297068,353.1397292477505,True
20260811_184731__rp1p5__vinf25__inc90__toff59132__Om270__om345,115317.0,0.9997966123577879,0.016528206519795426,23.455272034761077,283.7110271027831,0.9814984256354868,0.062345464374937966,23.941070276074214,326.7091080313352,355.16666829824624,True
20260811_184731__rp1p5__vinf25__inc90__toff59132__Om270__om45,115317.0,0.999796627289935,0.01652820059063081,23.455271645943277,283.7109780719707,0.9960503581580797,0.03606349883205436,24.36300243837175,304.7176294094941,363.0945533917412,True
20260811_184731__rp1p5__vinf25__inc90__toff59132__Om270__om60,115317.0,0.9997989863499792,0.016530309890171554,23.455243994185633,283.7015486494568,1.0077503901436362,0.03177250795552603,24.395007475988944,275.28625499000134,369.5108990335675,True
20260811_184731__rp1p5__vinf25__inc90__toff59132__Om270__om75,115317.0,0.9997976336129556,0.016529122576357386,23.455336090424638,283.7064270790946,1.0198169480967774,0.037682428107563476,24.29458848676726,245.6883635096956,376.1673763603209,True
20260811_184731__rp1p5__vinf25__inc90__toff59132__Om270__om90,115317.0,0.99979986366918,0.016531283269734385,23.455309059260312,283.69742002100946,1.029248005500904,0.052742607424251055,23.979503428654773,228.0343275738935,381.39749956101804,True
20260811_184731__rp1p5__vinf25__inc90__toff59132__Om90__om0,115317.0,0.9997966265206292,0.016528200895901735,23.455272057098846,283.7109809214702,0.970554393115095,0.09639636723225059,25.029483658861448,257.2504309127944,349.2429194124782,True
20260811_184731__rp1p5__vinf25__inc90__toff59132__Om90__om105,115317.0,0.9997994495445864,0.016530786833315724,23.45527631783356,283.69940407290045,0.9946911764152201,0.033639123987675754,24.51944071829678,193.91656465514924,362.35160437167264,True
20260811_184731__rp1p5__vinf25__inc90__toff59132__Om90__om120,115317.0,0.999799255471797,0.016530595415161338,23.45526206876586,283.70029361244565,0.9741266435118334,0.03219575141404627,23.970365763746393,228.5677999252736,351.1728428186082,True
20260811_184731__rp1p5__vinf25__inc90__toff59132__Om90__om135,115317.0,0.9997947855813093,0.016526547002574585,23.455331542779973,283.7180876589796,0.9689915775197332,0.029978839873691456,23.52411894805004,262.54907397245205,348.3997170492875,True
20260811_184731__rp1p5__vinf25__inc90__toff59132__Om90__om15,115317.0,0.9997977443455334,0.016529279985207104,23.455257803967438,283.7064668184622,0.8839024313244108,0.16584671761109288,25.69585889062106,292.13928353282273,303.53185993443003,True
20260811_184731__rp1p5__vinf25__inc90__toff59132__Om90__om150,115317.0,0.999798906422251,0.016530341615711625,23.45524419801745,283.7018095293689,0.9706074385431284,0.034840628830137665,23.23389510676431,292.4992079605263,349.2715514913298,True
20260811_184731__rp1p5__vinf25__inc90__toff59132__Om90__om165,115317.0,0.9997966022584044,0.016528210530482913,23.455271359041916,283.71105948861566,0.9733016127443271,0.044677071300691706,23.069533749460177,310.51502096048057,350.72680166877086,True
20260811_184731__rp1p5__vinf25__inc90__toff59132__Om90__om180,115317.0,0.9997966723033084,0.016528182716352542,23.455271881886357,283.710831431353,0.9756511718239529,0.05318767037929855,23.014048669051096,320.1670277277109,351.9975544067482,True
20260811_184731__rp1p5__vinf25__inc90__toff59132__Om90__om195,115317.0,0.9997977581237525,0.016529274514998502,23.455258031883094,283.7064220632707,0.9776748151990513,0.059530816117378704,22.960460572737766,325.06608331827096,353.09326377715826,True
20260811_184731__rp1p5__vinf25__inc90__toff59132__Om90__om210,115317.0,0.9997973358251893,0.01652889487536396,23.455263927687167,283.7081120189688,0.9810584246955963,0.06232864667063121,22.904608730844586,327.5987336143405,354.9278658483917,True
20260811_184731__rp1p5__vinf25__inc90__toff59132__Om90__om225,115317.0,0.9997966222402432,0.016528202595969786,23.455271308083685,283.7109942649008,0.9812096509843,0.061025511066922826,22.816057387722868,328.0821970187443,355.0099351078731,True
20260811_184731__rp1p5__vinf25__inc90__toff59132__Om90__om240,115317.0,0.9997989813002631,0.01653031189472162,23.45524365632599,283.701564841445,0.9848753978124665,0.05590917414736496,22.692727326727162,326.3984135550037,357.00123929270467,True
20260811_184731__rp1p5__vinf25__inc90__toff59132__Om90__om255,115317.0,0.9997976285632535,0.016529124581336933,23.45533575256631,283.7064432716437,0.9886058236475359,0.04782934686153918,22.56977007454696,320.9451204901362,359.03148638053443,True
20260811_184731__rp1p5__vinf25__inc90__toff59132__Om90__om270,115317.0,0.9997988573452034,0.016530361095774045,23.455244615455097,283.7019699555106,0.9963150209054353,0.037676883437026305,22.4571310709754,307.58165166639947,363.2392809919435,True
20260811_184731__rp1p5__vinf25__inc90__toff59132__Om90__om285,115317.0,0.9997989850875502,0.01653031039130896,23.45524390972073,283.70155269745453,1.0049449985140226,0.03173375939604328,22.418681558863675,277.81020036017225,367.9689978596905,True
20260811_184731__rp1p5__vinf25__inc90__toff59132__Om90__om30,115317.0,0.999797372266342,0.016528904202877878,23.45526307705259,283.7079790719049,0.7773543709111419,0.33686989312693166,25.407954015440765,315.69751100367455,250.3377575578601,True
20260811_184731__rp1p5__vinf25__inc90__toff59132__Om90__om300,115317.0,0.9997991765130078,0.01653064740339176,23.455265068101713,283.7005330020826,1.0179982601170368,0.03640953155712304,22.531376545727685,243.80062355216455,375.16156940821827,True
20260811_184731__rp1p5__vinf25__inc90__toff59132__Om90__om315,115317.0,0.9997994923095435,0.01653076986059312,23.455275478072053,283.69926388785865,1.028510985420121,0.050812298272606075,22.859275270388785,222.69826204529843,380.9879083547289,True
20260811_184731__rp1p5__vinf25__inc90__toff59132__Om90__om330,115317.0,0.9998000099143978,0.016531225231684543,23.455306815708937,283.69694115092113,1.0321551930063295,0.0671268713584166,23.431891152769403,218.03435141073578,383.0145684875464,True
20260811_184731__rp1p5__vinf25__inc90__toff59132__Om90__om345,115317.0,0.9997966763667666,0.016528181103151632,23.45527122850503,283.7108176358573,1.0173027274785995,0.07893960234576602,24.19995459707359,229.88192692657825,374.77714948682785,True
20260811_184731__rp1p5__vinf25__inc90__toff59132__Om90__om45,115317.0,0.9997966534754259,0.016528190192907286,23.455271316111237,283.71089238097176,0.9696846732313795,0.38800377366843,21.333017326012232,317.1874851427325,348.7735864364528,True
20260811_184731__rp1p5__vinf25__inc90__toff59132__Om90__om60,115317.0,0.9997966373893193,0.016528196579956803,23.45527232166241,283.7109456860974,1.342383141895179,0.22155117937383337,24.290838715188887,44.93873769644639,568.0839568348488,True
20260811_184731__rp1p5__vinf25__inc90__toff59132__Om90__om75,115317.0,0.9997976568889942,0.016529113335491327,23.455335797240824,283.7063509112635,1.1463863383745667,0.09165730162615138,25.008136980517587,85.09648057988504,448.32637918922205,True
20260811_184731__rp1p5__vinf25__inc90__toff59132__Om90__om90,115317.0,0.9997999684118268,0.01653124170190353,23.455307739934383,283.6970772863657,1.042483456298969,0.040032919350699935,24.98202067800788,140.9781200293074,388.7778805524149,True
20260811_184731__rp1p5__vinf25__incm30__toff59132__Om0__om0,115317.0,0.9998031692762752,0.01652545415413661,23.455271348496026,283.70347734650926,1.0770434378552372,0.07091268352072035,22.5082306957861,114.42400802082372,408.27014111050795,True
20260811_184731__rp1p5__vinf25__incm30__toff59132__Om0__om105,115317.0,0.9997906844642437,0.016532941730542566,23.455289318564954,283.71250636090326,1.077677245670493,0.1261600081665931,24.442092509555735,139.0096865530321,408.63057625478,True
20260811_184731__rp1p5__vinf25__incm30__toff59132__Om0__om120,115317.0,0.9997900081658954,0.01653241655223667,23.4552823870869,283.71528477021656,1.182635339486744,0.19623013766177255,22.366574426829324,134.87071750395629,469.7578746628891,True
20260811_184731__rp1p5__vinf25__incm30__toff59132__Om0__om135,115317.0,0.9998044764694607,0.016526767381906077,23.455274733575248,283.69807526306585,1.1514889509844866,0.16780070067446484,21.696180898624995,142.2120282771511,451.3229861760268,True
20260811_184731__rp1p5__vinf25__incm30__toff59132__Om0__om15,115317.0,0.9997947549062551,0.01652723668722175,23.45536400132285,283.716312810635,1.1052660030007566,0.07716918339073663,22.328758322839246,133.5458931780447,424.42211764315925,True
20260811_184731__rp1p5__vinf25__incm30__toff59132__Om0__om150,115317.0,0.9997889360611859,0.016531446425634238,23.455271554243172,283.71972406907366,1.0787009805207854,0.11543610627896606,22.04907557606142,159.16314494042146,409.21297979253825,True
20260811_184731__rp1p5__vinf25__incm30__toff59132__Om0__om165,115317.0,0.9998036327585972,0.01652590968961252,23.45530406115583,283.70137729542455,1.0235075475389357,0.08175817049480472,22.661719145531155,189.32678310430506,378.21118191439723,True
20260811_184731__rp1p5__vinf25__incm30__toff59132__Om0__om180,115317.0,0.9997993556318796,0.01653148656760592,23.455308906195246,283.69786946609963,0.9891134111381109,0.07545560144856396,23.218088883847564,222.3730139991041,359.3080323158133,True
20260811_184731__rp1p5__vinf25__incm30__toff59132__Om0__om195,115317.0,0.9997993736063103,0.016531490071721312,23.455307379567632,283.69778670485687,0.9697548920176884,0.07974512490723884,23.65940975435523,244.7047274630005,348.8114712797995,True
20260811_184731__rp1p5__vinf25__incm30__toff59132__Om0__om210,115317.0,0.9997998588118662,0.016531294690669895,23.455307953509784,283.69713063295103,0.9604431759092871,0.08222366931083326,23.99554795841799,261.66447358266765,343.79954937036626,True
20260811_184731__rp1p5__vinf25__incm30__toff59132__Om0__om225,115317.0,0.9997937119482077,0.01652633401938704,23.455299173621015,283.72097423051235,0.955529713859685,0.08256178580237439,24.231364888186466,273.93139987678455,341.1646974153308,True
20260811_184731__rp1p5__vinf25__incm30__toff59132__Om0__om240,115317.0,0.9997994077182748,0.016531471974869823,23.45530759316369,283.697685420988,0.9535778760669477,0.07964632073262407,24.354277240296273,285.4076866261804,340.1198979116464,True
20260811_184731__rp1p5__vinf25__incm30__toff59132__Om0__om255,115317.0,0.9997965198322545,0.016528923859288235,23.455303738715557,283.70944730096477,0.9560615998760668,0.07413770300326851,24.323156353869955,297.68273770781923,341.44959590504345,True
20260811_184731__rp1p5__vinf25__incm30__toff59132__Om0__om270,115317.0,0.9997913209122992,0.016533545063665774,23.455243778122806,283.7102111470729,0.9656326561990494,0.09039028126674623,23.861448358883955,310.734039711666,346.58974386805215,True
20260811_184731__rp1p5__vinf25__incm30__toff59132__Om0__om285,115317.0,0.9997904003944411,0.01653270592675235,23.455273630497594,283.7137894399096,0.9642967802307665,0.07060984564646042,24.16628466180636,325.1798876214309,345.87077365943946,True
20260811_184731__rp1p5__vinf25__incm30__toff59132__Om0__om30,115317.0,0.9997989274033564,0.016530327876012517,23.455244265011164,283.70169887485525,1.1094501263994467,0.07764231386282686,22.45771026534783,153.78836128190486,426.8344520190038,True
20260811_184731__rp1p5__vinf25__incm30__toff59132__Om0__om300,115317.0,0.9997900273586893,0.01653239121152187,23.455282483762407,283.71522256529045,0.9725202912238943,0.04803125055308083,23.862041293989343,359.0787814855434,350.3045655516365,True
20260811_184731__rp1p5__vinf25__incm30__toff59132__Om0__om315,115317.0,0.9998045098388862,0.01652677237345357,23.455274600629338,283.69792706160683,0.9873875068710201,0.04707092812409179,23.534343272309883,31.78425684285655,358.36800764776217,True
20260811_184731__rp1p5__vinf25__incm30__toff59132__Om0__om330,115317.0,0.9997918064038414,0.016534006993054004,23.45527637761651,283.7080072742466,1.0104086527171674,0.05110434575266445,23.191113948831482,64.05877196845661,370.9739167695614,True
20260811_184731__rp1p5__vinf25__incm30__toff59132__Om0__om345,115317.0,0.9997988946680685,0.01653102999909342,23.455276362348243,283.69996070360344,1.040803206895965,0.060227194811932463,22.83579031372957,92.29256598179346,387.8383253397207,True
20260811_184731__rp1p5__vinf25__incm30__toff59132__Om0__om45,115317.0,0.9997936827546755,0.016526331943658337,23.455300266754428,283.721099804375,1.0715081935405748,0.07541652253832591,23.025955349753456,183.68605450362176,405.1268571002647,True
20260811_184731__rp1p5__vinf25__incm30__toff59132__Om0__om60,115317.0,0.9997969464384301,0.016529418288780705,23.455336998452985,283.7074159147726,1.000349258908756,0.09018483984918155,23.961556806308526,221.30123280024296,365.4477332651476,True
20260811_184731__rp1p5__vinf25__incm30__toff59132__Om0__om75,115317.0,0.999798335353403,0.016530576020025525,23.455244282283243,283.70245167241563,0.9349091533798216,0.1084437706753044,25.004190403934402,245.3248991746587,330.1808704421267,True
20260811_184731__rp1p5__vinf25__incm30__toff59132__Om0__om90,115317.0,0.9997895146548095,0.016531871279437935,23.455302981341916,283.7172150742123,0.948750597678352,0.06161184455518909,25.657791064085757,229.4376154283133,337.54049589811723,True
20260811_184731__rp1p5__vinf25__incm30__toff59132__Om180__om0,115317.0,0.9997983518329017,0.01653056340046542,23.455244631299944,283.70241128057387,0.9537744549113388,0.10124012701002005,23.366180799596453,223.64289753420556,340.22507624659005,True
20260811_184731__rp1p5__vinf25__incm30__toff59132__Om180__om105,115317.0,0.9997906538671115,0.016532935649168416,23.455289868251064,283.7126458171611,0.9602497156380962,0.0750645383493842,23.339358300896546,333.0186678823476,343.6956782518746,True
20260811_184731__rp1p5__vinf25__incm30__toff59132__Om180__om120,115317.0,0.9997900222893389,0.016532393225042404,23.45528214458359,283.71523881669725,0.9635397746239964,0.0703011779197272,23.35564621346203,352.35785756372786,345.46357320840207,True
20260811_184731__rp1p5__vinf25__incm30__toff59132__Om180__om135,115317.0,0.9998045041578928,0.016526774628251542,23.455274220537447,283.69794528210593,0.9740512561018259,0.06340737638608586,23.38722999395033,14.264944916745224,351.13207784356536,True
20260811_184731__rp1p5__vinf25__incm30__toff59132__Om180__om15,115317.0,0.9997993862306096,0.016531485061088917,23.455308224213624,283.6977462267205,0.9401055872328502,0.10039394101046285,23.31927896615829,243.14437498399616,332.93752063286354,True
20260811_184731__rp1p5__vinf25__incm30__toff59132__Om180__om150,115317.0,0.9997912893607431,0.01653355151484772,23.455243226645695,283.71032665409246,0.9929100911689438,0.058494883310733915,23.426419103692513,43.146941956534306,361.3788047887446,True
20260811_184731__rp1p5__vinf25__incm30__toff59132__Om180__om165,115317.0,0.9997988896183534,0.016531032003520067,23.455276024489212,283.69997689505374,1.0280450221633,0.05901078944020911,23.478010499041826,79.97838412361561,380.72902984881875,True
20260811_184731__rp1p5__vinf25__incm30__toff59132__Om180__om180,115317.0,0.9998041730777125,0.016526377295076614,23.455335623832838,283.69893419992945,1.0760561476206147,0.07472459407585876,23.528778038499393,117.78536536997336,407.70889809700196,True
20260811_184731__rp1p5__vinf25__incm30__toff59132__Om180__om195,115317.0,0.999794742282073,0.016527241701738315,23.45536315667727,283.7163532936471,1.1308102111115286,0.10201932836733296,23.58322158446115,143.72038388203623,439.2202679694013,True
20260811_184731__rp1p5__vinf25__incm30__toff59132__Om180__om210,115317.0,0.9997999312026502,0.016531251057664034,23.45530853988737,283.69715704284465,1.1619723030230176,0.12190785197802577,23.57603145115535,162.33138101711282,457.50037538525913,True
20260811_184731__rp1p5__vinf25__incm30__toff59132__Om180__om225,115317.0,0.9997936751801824,0.016526334952935873,23.4552997599652,283.72112409468906,1.1155617405365466,0.11747914817340473,23.492527965611693,187.42641570881838,430.36625125008686,True
20260811_184731__rp1p5__vinf25__incm30__toff59132__Om180__om240,115317.0,0.9997969489632776,0.016529417286250788,23.455337167382165,283.70740781870654,0.9468707064648889,0.1343647377016674,23.218289989221766,245.3265513345109,336.5377692834758,True
20260811_184731__rp1p5__vinf25__incm30__toff59132__Om180__om255,115317.0,0.9997988309371292,0.01653104009921478,23.455275997237113,283.7002009518909,0.6528701611307943,0.4021218026243139,21.79183966362863,282.9612777765119,192.6806134621073,True
20260811_184731__rp1p5__vinf25__incm30__toff59132__Om180__om270,115317.0,0.9997890228603895,0.016531405869391023,23.45527151932865,283.71945404510774,-0.717791349057109,3.6948895570118214,45.70000532176249,72.70752345345132,,False
20260811_184731__rp1p5__vinf25__incm30__toff59132__Om180__om285,115317.0,0.9997904309915581,0.016532712007403232,23.455273080812326,283.713649981316,-0.5145896839960054,3.96708626092853,42.14802521484761,73.62409825616518,,False
20260811_184731__rp1p5__vinf25__incm30__toff59132__Om180__om30,115317.0,0.9997988550125498,0.016530371508457604,23.455243678632044,283.7016724528412,0.9401754654324525,0.09725461628306935,23.292401452480114,259.1225022917532,332.97464227189533,True
20260811_184731__rp1p5__vinf25__incm30__toff59132__Om180__om300,115317.0,0.9997900132352456,0.016532414538712348,23.45528272626573,283.71526851883857,-4.483253054761586,1.396485674463299,35.95510731898906,95.71495875533917,,False
20260811_184731__rp1p5__vinf25__incm30__toff59132__Om180__om315,115317.0,0.9998044821504534,0.01652676512709597,23.455275113667128,283.6980570425759,1.6938864023621552,0.3849040987634038,24.189794502356555,117.32857588944705,805.2379100327632,True
20260811_184731__rp1p5__vinf25__incm30__toff59132__Om180__om330,115317.0,0.9997894531036169,0.01653190180356462,23.45530470555109,283.71740415369015,1.1269094020534665,0.15417313390969015,23.73374871572353,148.81754084705,436.9495474061431,True
20260811_184731__rp1p5__vinf25__incm30__toff59132__Om180__om345,115317.0,0.99980363780836,0.016525907685054967,23.45530439901491,283.7013610989908,0.9962136653061776,0.10696254661081732,23.430124663449188,191.70449572720185,363.1838536453592,True
20260811_184731__rp1p5__vinf25__incm30__toff59132__Om180__om45,115317.0,0.9997937195227014,0.01652633101012817,23.455299680410256,283.7209499401696,0.9434356412522664,0.09350142581515183,23.276281488002454,273.689684651276,334.70808956325936,True
20260811_184731__rp1p5__vinf25__incm30__toff59132__Om180__om60,115317.0,0.9997994051934147,0.01653147297699306,23.455307424234462,283.6976935166268,0.9472735238910056,0.08975228506176164,23.267143387179086,287.39547356467966,336.75254680360723,True
20260811_184731__rp1p5__vinf25__incm30__toff59132__Om180__om75,115317.0,0.9997960242490525,0.016528459875498638,23.45527202342462,283.7116985503127,0.952451742823822,0.08786978834786233,23.261297050644924,302.20825076341134,339.51757602186757,True
20260811_184731__rp1p5__vinf25__incm30__toff59132__Om180__om90,115317.0,0.9997918127072128,0.016534010568515233,23.455275239797135,283.7079727068602,0.965969002256126,0.11809146950617329,23.124392611730517,312.7388827507892,346.7708441709683,True
20260811_184731__rp1p5__vinf25__incm30__toff59132__Om270__om0,115317.0,0.9997960952735585,0.016528422556027097,23.45527171277192,283.7114862283409,0.9568826133859186,0.07633955194338933,23.036994340596596,316.20566233560817,341.8895177259351,True
20260811_184731__rp1p5__vinf25__incm30__toff59132__Om270__om105,115317.0,0.9998024363325387,0.01652951678142305,23.455275414384584,283.69599920998405,1.0805592048519688,0.059570723288239875,22.02665011443303,134.73992174580667,410.2708312017899,True
20260811_184731__rp1p5__vinf25__incm30__toff59132__Om270__om120,115317.0,0.9997991284065822,0.01653066633658412,23.455264056537853,283.7006236308261,1.110139133148558,0.07997511662092034,22.10378795926855,158.382701684289,427.2321320950494,True
20260811_184731__rp1p5__vinf25__incm30__toff59132__Om270__om135,115317.0,0.9997986595960631,0.01653079442678453,23.455259578163233,283.7010405216495,1.1052718680016194,0.09102723235096852,22.38057016431268,178.87744322908765,424.4254958879189,True
20260811_184731__rp1p5__vinf25__incm30__toff59132__Om270__om15,115317.0,0.9998052482514943,0.01652745837915101,23.455322646781493,283.69459326276615,0.960061911093472,0.07286078490638158,22.877767308917477,333.1093930677869,343.59485376869225,True
20260811_184731__rp1p5__vinf25__incm30__toff59132__Om270__om150,115317.0,0.9997984178630237,0.016530558464737267,23.455242202802207,283.70214814485723,1.0406694700429624,0.0889239066376882,22.838147774940367,213.94903845419879,387.76357545827886,True
20260811_184731__rp1p5__vinf25__incm30__toff59132__Om270__om165,115317.0,0.9997966053703533,0.016528883817864465,23.455303619335606,283.7091812581801,0.8936988482214487,0.13201569452494483,23.630812179787174,279.47178149680104,308.5919463974792,True
20260811_184731__rp1p5__vinf25__incm30__toff59132__Om270__om180,115317.0,0.9997970539901845,0.01652936950989821,23.45533650142401,283.7070777573399,0.6894858556324226,0.3504054847828718,25.591376014657662,331.70712346586174,209.11531109826086,True
20260811_184731__rp1p5__vinf25__incm30__toff59132__Om270__om195,115317.0,0.9998052225499963,0.016527474656788787,23.45532191208959,283.69466343538164,3.467784033751599,0.7315710777852166,4.0642104382058335,262.8199760121953,2358.717093786059,True
20260811_184731__rp1p5__vinf25__incm30__toff59132__Om270__om210,115317.0,0.999790735308571,0.016533064886454826,23.455327519195613,283.71199249094775,-4.619806409739422,1.3441532447680549,33.25819118884227,221.26913157176196,,False
20260811_184731__rp1p5__vinf25__incm30__toff59132__Om270__om225,115317.0,0.9998031141288295,0.016525479084746896,23.455270811346836,283.7036502952481,1.9949736975907517,0.47921790112967383,16.62249761526898,121.62623714440429,1029.2089439421197,True
20260811_184731__rp1p5__vinf25__incm30__toff59132__Om270__om240,115317.0,0.9997970609313084,0.016529354599108863,23.45533592132018,283.70708078624017,1.2269281391423745,0.1863933343360681,21.12327896718748,133.36573978584906,496.3939512313592,True
20260811_184731__rp1p5__vinf25__incm30__toff59132__Om270__om255,115317.0,0.9997965750808858,0.016528889767395312,23.455303152326128,283.70929275055215,1.0411343507108624,0.09786585108862211,22.766240656170964,174.8425568192497,388.0234330670381,True
20260811_184731__rp1p5__vinf25__incm30__toff59132__Om270__om270,115317.0,0.999798386109322,0.016530568029234888,23.45524363381273,283.7022594378365,0.9739019065973453,0.08931023310471718,23.378056723014165,215.61594987630284,351.0513232765949,True
20260811_184731__rp1p5__vinf25__incm30__toff59132__Om270__om285,115317.0,0.9997986037510248,0.01653081811240761,23.45525961551201,283.7012194375733,0.9467872953065845,0.09296971558718696,23.566244007702775,239.18209021967832,336.4933011421368,True
20260811_184731__rp1p5__vinf25__incm30__toff59132__Om270__om30,115317.0,0.999789707416428,0.01653210347754246,23.455263756350075,283.71667942478746,0.9671443744586039,0.06890434785350885,22.71508399253448,350.0565275213217,347.40395264043013,True
20260811_184731__rp1p5__vinf25__incm30__toff59132__Om270__om300,115317.0,0.9997992518750606,0.016530598242089304,23.455263076354093,283.70026114218734,0.940078695102624,0.09109521028407296,23.5728644493073,255.3535732137978,332.9232350006095,True
20260811_184731__rp1p5__vinf25__incm30__toff59132__Om270__om315,115317.0,0.9997939815196307,0.016526540597008275,23.45531661385786,283.7198145574795,0.9426924212957917,0.08722387700413602,23.494237740425582,270.1675043818258,334.3126528391419,True
20260811_184731__rp1p5__vinf25__incm30__toff59132__Om270__om330,115317.0,0.9997988410365578,0.016531036090325628,23.4552766729552,283.7001685690576,0.946632441354252,0.08280914200625829,23.357557113462146,285.11254644620846,336.41075062548526,True
20260811_184731__rp1p5__vinf25__incm30__toff59132__Om270__om345,115317.0,0.9997965464110752,0.016528907227816973,23.455304763450314,283.70937452592835,0.9516768877882318,0.0791563566615538,23.20216640634195,300.3465661405046,339.1033449716484,True
20260811_184731__rp1p5__vinf25__incm30__toff59132__Om270__om45,115317.0,0.9998030955176358,0.01652548647227716,23.45527164796853,283.70371171025045,0.9739617559377495,0.06407086614048105,22.54517774273237,6.375048404071307,351.0836835884283,True
20260811_184731__rp1p5__vinf25__incm30__toff59132__Om270__om60,115317.0,0.9997993943225321,0.01653149248697968,23.455307424261278,283.6976963000587,0.9887060535484364,0.057434383074272975,22.381368211651477,26.2432476514215,359.0860884294913,True
20260811_184731__rp1p5__vinf25__incm30__toff59132__Om270__om75,115317.0,0.9998031033026527,0.016525474265059056,23.45527173241637,283.70370599468754,1.0114502778347751,0.04712131153818663,22.223503703938828,53.286262978455895,371.5477172611441,True
20260811_184731__rp1p5__vinf25__incm30__toff59132__Om270__om90,115317.0,0.9997987796859151,0.016531063480164174,23.455276414680508,283.70036192897624,1.0415660167154959,0.044781324575186805,22.09087536751534,95.51426028428291,388.26477639399855,True
20260811_184731__rp1p5__vinf25__incm30__toff59132__Om90__om0,115317.0,0.9997960501922943,0.016528446534713803,23.45527222585534,283.7116206299442,0.8722243171013724,0.3650170374088626,36.87915032156092,288.040325922295,297.5363807560917,True
20260811_184731__rp1p5__vinf25__incm30__toff59132__Om90__om105,115317.0,0.9997988572247257,0.016531047899877558,23.45527585312233,283.700075877299,0.9466302866384537,0.08721739100776829,23.892960522934295,253.99356466609726,336.4096020236918,True
20260811_184731__rp1p5__vinf25__incm30__toff59132__Om90__om120,115317.0,0.9997992468056169,0.016530600254367873,23.45526273717506,283.7002773972884,0.9480676921182121,0.08624384779045104,23.997437596326325,269.6917118327902,337.17612174538397,True
20260811_184731__rp1p5__vinf25__incm30__toff59132__Om90__om135,115317.0,0.9997939758387573,0.016526542853851352,23.45531623376631,283.7198327751534,0.9513546404936963,0.08498844278812706,24.106914160200795,283.93722792496834,338.93112388597524,True
20260811_184731__rp1p5__vinf25__incm30__toff59132__Om90__om15,115317.0,0.9998052351744435,0.01652746964677594,23.455322756735885,283.69462294615585,2.130699215479785,0.36473376601704754,28.23457000554547,134.78786802020684,1136.0070048119408,True
20260811_184731__rp1p5__vinf25__incm30__toff59132__Om90__om150,115317.0,0.9997983239915575,0.016530580530432055,23.455243522098982,283.7024881035273,0.9542426465133068,0.0828011126758807,24.210473104270047,296.6403584084745,340.4756230126122,True
20260811_184731__rp1p5__vinf25__incm30__toff59132__Om90__om165,115317.0,0.9997965413613837,0.016528909233031304,23.45530442559138,283.70939071833703,0.9564833066439966,0.07943603071915278,24.316569927485627,309.243514118571,341.67553450969086,True
20260811_184731__rp1p5__vinf25__incm30__toff59132__Om90__om180,115317.0,0.9997970990715388,0.01652934553394458,23.455335988342128,283.7069433572447,0.9602953039731331,0.07446382574537397,24.410966319758668,321.34465214736133,343.720154228449,True
20260811_184731__rp1p5__vinf25__incm30__toff59132__Om90__om195,115317.0,0.9998052356270468,0.01652746338915776,23.455321802135227,283.69463375202895,0.963770430246541,0.06724862896623456,24.504475607739874,335.379098633656,345.58762810394626,True
20260811_184731__rp1p5__vinf25__incm30__toff59132__Om90__om210,115317.0,0.9997907112111973,0.01653302635119691,23.455328031934872,283.7121371691465,0.9706271299287166,0.05714844126255819,24.539172767212637,352.81027425797544,349.28218041617373,True
20260811_184731__rp1p5__vinf25__incm30__toff59132__Om90__om225,115317.0,0.9998030879430001,0.016525489479392752,23.455271141178994,283.70373600511107,0.9817345553294711,0.04653304833210262,24.512859054767183,16.803404564266796,355.2948454380265,True
20260811_184731__rp1p5__vinf25__incm30__toff59132__Om90__om240,115317.0,0.999799396847392,0.016531491484856338,23.455307593190486,283.6976882044297,1.004534314824416,0.03889429072360702,24.44591139177723,61.41253726507943,367.7434580156588,True
20260811_184731__rp1p5__vinf25__incm30__toff59132__Om90__om255,115317.0,0.9998035988874986,0.016525938329364706,23.455303447591916,283.70145460995786,1.0406250217881092,0.05068870966015446,24.32471526597238,111.03388967443345,387.7387329448538,True
20260811_184731__rp1p5__vinf25__incm30__toff59132__Om90__om270,115317.0,0.9997982878895215,0.016530597899127513,23.455244953121547,283.7026005074497,1.0907040228031268,0.07822678481609394,24.120686766617315,140.55580433834476,416.06210573770534,True
20260811_184731__rp1p5__vinf25__incm30__toff59132__Om90__om285,115317.0,0.9998021828583663,0.016529286973052993,23.455259176801864,283.6971428076268,1.136616713686622,0.10601168432143734,23.836212644790766,158.1426785251542,442.6075800078151,True
20260811_184731__rp1p5__vinf25__incm30__toff59132__Om90__om30,115317.0,0.9997897315137807,0.016532142009783053,23.45526324362074,283.7165347286987,1.5398767195390364,0.2660152753366965,23.54223034020743,123.37257109710328,697.9538707894832,True
20260811_184731__rp1p5__vinf25__incm30__toff59132__Om90__om300,115317.0,0.9997991334760252,0.016530664324276807,23.455264395716917,283.7006073758339,1.1428658247571826,0.11700908848620417,23.59758690389884,173.813135250764,446.2627728471647,True
20260811_184731__rp1p5__vinf25__incm30__toff59132__Om90__om315,115317.0,0.9997986652769901,0.01653079217171045,23.45525995825499,283.7010223061422,1.0706159573559109,0.10792953880375537,23.83804279754383,202.49357055106964,404.6209436807879,True
20260811_184731__rp1p5__vinf25__incm30__toff59132__Om90__om330,115317.0,0.9997989349081211,0.01653101402819266,23.45527535365726,283.6998286169685,0.9123275322540391,0.16398253525680184,25.299687060246246,253.5004044568716,318.2907094131505,True
20260811_184731__rp1p5__vinf25__incm30__toff59132__Om90__om345,115317.0,0.9997966104200451,0.016528881812667446,23.45530395719455,283.70916506572115,0.7432043578509616,0.37995934903966755,29.903630004490466,276.07910319047124,234.0238725553525,True
20260811_184731__rp1p5__vinf25__incm30__toff59132__Om90__om45,115317.0,0.9998031217034656,0.016525476077641942,23.45527131813638,283.7036260003564,1.1532090886579969,0.1322200986690779,23.289636108034973,142.3421707752677,452.33466874050015,True
20260811_184731__rp1p5__vinf25__incm30__toff59132__Om90__om60,115317.0,0.9997970584064602,0.0165293556016252,23.455335752391026,283.70708888235646,1.0209534643487232,0.0913164492878592,23.38452814177106,180.20942989489998,376.7963707488449,True
20260811_184731__rp1p5__vinf25__incm30__toff59132__Om90__om75,115317.0,0.9997960794976292,0.01652842578205385,23.455271437033787,283.71154399978917,0.9618652346510281,0.08812960950697837,23.469894613655114,205.06654524593284,344.56339062580037,True
20260811_184731__rp1p5__vinf25__incm30__toff59132__Om90__om90,115317.0,0.9997988779058119,0.01653103361369912,23.45527509537124,283.7000208653236,0.9498079747045777,0.08754366230026557,23.778293035233656,236.13596070353967,338.104933471667,True
20260811_184731__rp1p5__vinf25__incm60__toff59132__Om0__om0,115317.0,0.9998053876997745,0.016527619619149267,23.455244464693923,283.694506802639,1.071653097242709,0.06774334181994665,22.244056409703656,106.05813340549057,405.2090399054481,True
20260811_184731__rp1p5__vinf25__incm60__toff59132__Om0__om105,115317.0,0.999789600713413,0.016531949934406872,23.45526404459301,283.71710886240965,1.003960788971413,0.03428034044092059,24.204100598451596,162.52175115762387,367.42856542762564,True
20260811_184731__rp1p5__vinf25__incm60__toff59132__Om0__om120,115317.0,0.999790037877404,0.01653238095704027,23.455282032790603,283.71520096459614,1.0280884965075188,0.06087123895151447,23.810515529739785,133.97320975304095,380.7531807170128,True
20260811_184731__rp1p5__vinf25__incm60__toff59132__Om0__om135,115317.0,0.9998037094559411,0.016525979934140386,23.45526414773449,283.7013269133772,1.0486539444231031,0.07725001525013396,22.925633549204832,137.3963918087871,392.23476370168004,True
20260811_184731__rp1p5__vinf25__incm60__toff59132__Om0__om15,115317.0,0.9997960767624077,0.01652843598407855,23.45527169044553,283.71153351591977,1.0740453859512173,0.05903147124345348,22.354510109373138,115.70366162090387,406.5666403346693,True
20260811_184731__rp1p5__vinf25__incm60__toff59132__Om0__om150,115317.0,0.9997901508807254,0.01653248679198078,23.455257082915143,283.7148937781291,1.0520127047242414,0.07213198222400376,22.216467769511667,150.20964118276876,394.1207198349625,True
20260811_184731__rp1p5__vinf25__incm60__toff59132__Om0__om165,115317.0,0.999804147178835,0.016526366300257302,23.45533634244628,283.6990650531281,1.0403572850095897,0.05952215849986627,22.075134185684345,174.46762379543483,387.5891037707934,True
20260811_184731__rp1p5__vinf25__incm60__toff59132__Om0__om180,115317.0,0.9997960403119838,0.016528435264602858,23.455272687940614,283.711685934327,1.0196171346391598,0.052411036756708405,22.404262695487347,207.54668042275011,376.05682766464514,True
20260811_184731__rp1p5__vinf25__incm60__toff59132__Om0__om195,115317.0,0.999796047417618,0.016528443079211325,23.45527089674632,283.7116383896815,1.002775701585208,0.05889184948847127,22.962124605417568,234.1482550946915,366.7781818077493,True
20260811_184731__rp1p5__vinf25__incm60__toff59132__Om0__om210,115317.0,0.9997964526948296,0.016528279391848876,23.455271674533194,283.7112432485637,0.9881669320694533,0.06513162239966144,23.565791158192074,251.70482203516022,358.79242486336517,True
20260811_184731__rp1p5__vinf25__incm60__toff59132__Om0__om225,115317.0,0.9997960401258273,0.01652845509055421,23.455271307919,283.7116428996603,0.9776060769823719,0.06958690551526256,24.094356652629813,261.71160683563926,353.0560265880427,True
20260811_184731__rp1p5__vinf25__incm60__toff59132__Om0__om240,115317.0,0.9997960433212602,0.016528440147411207,23.455271792344906,283.7116623003758,0.9708045162312363,0.06634716769527076,24.466612582777636,269.66114908351665,349.37793403250686,True
20260811_184731__rp1p5__vinf25__incm60__toff59132__Om0__om255,115317.0,0.9997982121297772,0.016530435714728745,23.45532231497009,283.7024262310107,0.9670765433183142,0.058976427099594456,24.5961641862744,277.3148776911206,347.3674052639205,True
20260811_184731__rp1p5__vinf25__incm60__toff59132__Om0__om270,115317.0,0.9997901192613015,0.016532499349655203,23.455257280465037,283.71499705664814,0.9704349729358799,0.0497785900697431,24.301876648430873,287.6233561242461,349.17846341284843,True
20260811_184731__rp1p5__vinf25__incm60__toff59132__Om0__om285,115317.0,0.9997906534282316,0.016532935823527994,23.455289723230027,283.71264712847176,0.976396206344002,0.030430618492706663,24.16766175017029,306.1130421739834,352.4008241341347,True
20260811_184731__rp1p5__vinf25__incm60__toff59132__Om0__om30,115317.0,0.9997988856839478,0.016530344435981077,23.45524378684164,283.70183456123885,1.0583830677440986,0.04191455859272839,22.825878973876733,135.9395597260423,397.70597460632405,True
20260811_184731__rp1p5__vinf25__incm60__toff59132__Om0__om300,115317.0,0.9997900852642172,0.016532384659286314,23.455281134721687,283.7150278860923,0.9889221164973514,0.015443465949086662,23.854867042134977,18.650656807569263,359.203802037253,True
20260811_184731__rp1p5__vinf25__incm60__toff59132__Om0__om315,115317.0,0.999803685842721,0.016526007540715218,23.455264481615007,283.70136500576376,1.0059029469439236,0.031498226212336104,23.37740176582891,77.2769331862315,368.4952644418784,True
20260811_184731__rp1p5__vinf25__incm60__toff59132__Om0__om330,115317.0,0.9997901773507445,0.016532470202059876,23.45525740645282,283.71482079828945,1.0280875275283115,0.05215009305746042,22.884035920060832,91.47010273293384,380.75264242410867,True
20260811_184731__rp1p5__vinf25__incm60__toff59132__Om0__om345,115317.0,0.9997960603914489,0.016528448562086788,23.455272042626735,283.71157413184415,1.0537256547973863,0.0633701130130049,22.462020268038515,99.97391416060938,395.0837079979021,True
20260811_184731__rp1p5__vinf25__incm60__toff59132__Om0__om45,115317.0,0.9997983988694824,0.01653055080861585,23.455242980407554,283.70224342042945,1.0317818691395941,0.03821282435103826,23.48057715895516,184.090750489222,382.8067864353745,True
20260811_184731__rp1p5__vinf25__incm60__toff59132__Om0__om60,115317.0,0.9997959866678315,0.016528477837687135,23.455271967585873,283.71181455454484,1.0012375943247367,0.05547100607343489,23.9443492783895,218.15660126386953,365.9346315500633,True
20260811_184731__rp1p5__vinf25__incm60__toff59132__Om0__om75,115317.0,0.9997972364082779,0.01652948934087182,23.45525679193929,283.7069021033984,0.9854337402122699,0.0609112463236829,24.043629173886973,228.883668821184,357.30486731080117,True
20260811_184731__rp1p5__vinf25__incm60__toff59132__Om0__om90,115317.0,0.9997901158674125,0.016532494619870202,23.455258381637815,283.7150221102163,0.9887672472564614,0.042193396673539954,24.121065512798292,219.30977397819146,359.1194261680035,True
20260811_184731__rp1p5__vinf25__incm60__toff59132__Om180__om0,115317.0,0.9997960352622975,0.016528437269999932,23.455272350081074,283.7117021269323,0.9722439135990648,0.08734412062254861,23.397896633455563,221.39860960627593,350.1552481556059,True
20260811_184731__rp1p5__vinf25__incm60__toff59132__Om180__om105,115317.0,0.999790151534322,0.016532474377908044,23.4552575856671,283.7149182124439,0.9597534500187883,0.06698555559917373,22.792695974635706,329.07361338789474,343.42927519027876,True
20260811_184731__rp1p5__vinf25__incm60__toff59132__Om180__om120,115317.0,0.999790088786523,0.01653239358495167,23.455281347844643,283.7150062477069,0.9666843581062008,0.06014376289221533,23.10059525597984,352.23786464062357,347.15612124347183,True
20260811_184731__rp1p5__vinf25__incm60__toff59132__Om180__om135,115317.0,0.9998036833178395,0.016526008542988576,23.455264312685156,283.70137310393585,0.9811489358959605,0.05593291475659445,23.334842658651198,17.229883821837984,354.97698477033185,True
20260811_184731__rp1p5__vinf25__incm60__toff59132__Om180__om15,115317.0,0.9997960625666766,0.01652843706304007,23.45527191032501,283.71158981184806,0.9555878470554608,0.08920456742977391,23.093819335288163,243.37822341300335,341.19583191932793,True
20260811_184731__rp1p5__vinf25__incm60__toff59132__Om180__om150,115317.0,0.9997901697763045,0.01653247321052903,23.45525689966365,283.7148450805122,1.002798442760595,0.054091001474482654,23.581789025478574,48.898999131466105,366.79065869700315,True
20260811_184731__rp1p5__vinf25__incm60__toff59132__Om180__om165,115317.0,0.9997970667142075,0.01652937053571393,23.455336487123464,283.7070231662507,1.0361832977940146,0.05966697114800619,23.851086326946586,82.10125851220785,385.2588924675026,True
20260811_184731__rp1p5__vinf25__incm60__toff59132__Om180__om180,115317.0,0.9998053927495553,0.016527617615177553,23.455244802553736,283.6944906070542,1.0797105251696706,0.07268548347101592,24.112869139444637,112.75127947660893,409.7875812225203,True
20260811_184731__rp1p5__vinf25__incm60__toff59132__Om180__om195,115317.0,0.9997960616133488,0.016528442000235868,23.455270676866864,283.71158209377734,1.1202687550253347,0.08955313404026286,24.283109232203394,136.33130611177458,433.0929612081494,True
20260811_184731__rp1p5__vinf25__incm60__toff59132__Om180__om210,115317.0,0.9997988856839478,0.016530344435981077,23.45524378684164,283.70183456123885,1.1367802149848343,0.1008542464641626,24.221337830359243,157.9126112585892,442.70308649932844,True
20260811_184731__rp1p5__vinf25__incm60__toff59132__Om180__om225,115317.0,0.9997983988694824,0.01653055080861585,23.455242980407554,283.70224342042945,1.0909480344025886,0.09689983837564813,23.794926079668365,187.20319534026186,416.2017352647566,True
20260811_184731__rp1p5__vinf25__incm60__toff59132__Om180__om240,115317.0,0.9997959917175171,0.01652847583228082,23.455272305445455,283.71179836199394,0.9821813629826286,0.10888060515419097,22.787526319048553,231.44863361238637,355.53742605657845,True
20260811_184731__rp1p5__vinf25__incm60__toff59132__Om180__om255,115317.0,0.9997982528310535,0.016530407402682606,23.455321911821603,283.7023192829861,0.8574257670097079,0.16274561840549834,21.126302839811288,254.7364523431247,289.99638641421546,True
20260811_184731__rp1p5__vinf25__incm60__toff59132__Om180__om270,115317.0,0.9997901032433473,0.01653249963402892,23.455257536989155,283.7150625804598,0.9051962467793632,0.04334257091014855,22.901686066147015,202.67519478589347,314.5660922005731,True
20260811_184731__rp1p5__vinf25__incm60__toff59132__Om180__om285,115317.0,0.999790102607211,0.016532411357177357,23.455296182238833,283.71483764994235,1.476793246213101,0.3699607815900982,28.107410264910797,93.54241590002654,655.5070043612922,True
20260811_184731__rp1p5__vinf25__incm60__toff59132__Om180__om30,115317.0,0.9997964526948296,0.016528279391848876,23.455271674533194,283.7112432485637,0.9501558739311167,0.09077224647108724,22.896160343489388,258.569584442537,338.2907139954409,True
20260811_184731__rp1p5__vinf25__incm60__toff59132__Om180__om300,115317.0,0.9997900343550985,0.016532372031392423,23.455281819667604,283.71522260310235,1.5649521276930556,0.3781376156491675,27.933516991641888,108.83400171980725,715.0713462706542,True
20260811_184731__rp1p5__vinf25__incm60__toff59132__Om180__om315,115317.0,0.9998037119808229,0.016525978931868916,23.455264316664373,283.7013188151885,1.2752709856535973,0.23685404423829207,25.96353463794247,127.26752212221268,526.0190938195634,True
20260811_184731__rp1p5__vinf25__incm60__toff59132__Om180__om330,115317.0,0.9997901584551652,0.0165324837835056,23.455257589704328,283.71486949593634,1.0978803276265188,0.13459211809410326,24.67351497154257,153.63993788871932,420.17508367072526,True
20260811_184731__rp1p5__vinf25__incm60__toff59132__Om180__om345,115317.0,0.9998031408525708,0.016525444164368467,23.455271898176367,283.7036163081599,1.0118098244211933,0.09332210805348846,23.88337876915904,190.11734250464423,371.74584946926456,True
20260811_184731__rp1p5__vinf25__incm60__toff59132__Om180__om45,115317.0,0.9997960401258273,0.01652845509055421,23.455271307919,283.7116428996603,0.9490460427655238,0.08879816173157444,22.771803768875365,272.1201716517654,337.6981755529464,True
20260811_184731__rp1p5__vinf25__incm60__toff59132__Om180__om60,115317.0,0.9997960382715743,0.016528442152806307,23.455271454485317,283.71167849297905,0.9497188355237514,0.0853109124677381,22.72090574294822,285.21801622386727,338.0573380253113,True
20260811_184731__rp1p5__vinf25__incm60__toff59132__Om180__om75,115317.0,0.9997971957070844,0.01652951765510462,23.455257195090436,283.707009050195,0.9533803558808212,0.08193144412698863,22.75776824050459,298.24947626490393,340.0142268360612,True
20260811_184731__rp1p5__vinf25__incm60__toff59132__Om180__om90,115317.0,0.9997901318853668,0.016532494335510167,23.455258125113723,283.714956586384,0.9064813028029917,0.1912765669993201,22.829045552651372,287.0156540374899,315.23618747529133,True
20260811_184731__rp1p5__vinf25__incm60__toff59132__Om270__om0,115317.0,0.999796088400391,0.016528431362758958,23.45527154385353,283.7114954317525,0.9636525528108816,0.06645621289100564,22.66505528401264,318.17288851970113,345.524227521497,True
20260811_184731__rp1p5__vinf25__incm60__toff59132__Om270__om105,115317.0,0.999800168597199,0.016529799925009647,23.45524314989733,283.7002554906897,1.0323363323103758,0.012768664546535117,21.851172977771846,149.33354091438952,383.1153993074081,True
20260811_184731__rp1p5__vinf25__incm60__toff59132__Om270__om120,115317.0,0.9997991290871096,0.016530665639095252,23.455264081612537,283.7006223508962,1.056483984983957,0.039355639994390616,21.98417306220333,178.20307268318217,396.6360345079217,True
20260811_184731__rp1p5__vinf25__incm60__toff59132__Om270__om135,115317.0,0.9997984095957749,0.016530549589963157,23.455242918286594,283.7022018462646,1.0706128951889529,0.06421229995455746,22.324269792598606,188.82824828991846,404.61920774178503,True
20260811_184731__rp1p5__vinf25__incm60__toff59132__Om270__om15,115317.0,0.9998042444496651,0.016526535147633428,23.455258371779852,283.69913588919843,0.9668590906195877,0.06738779579344518,22.523499797603666,329.68681411904555,347.25025052485785,True
20260811_184731__rp1p5__vinf25__incm60__toff59132__Om270__om150,115317.0,0.9997984236491373,0.01653055160943189,23.455242371723102,283.7021392153886,1.057252236668681,0.07500033260618905,22.88280183850655,207.03615331627466,397.06875051935805,True
20260811_184731__rp1p5__vinf25__incm60__toff59132__Om270__om165,115317.0,0.9997971132343946,0.01652933991090194,23.455336010679346,283.70689717787207,0.9963667393388532,0.08371047200083147,23.585480812749182,244.8164068643464,363.2675648328501,True
20260811_184731__rp1p5__vinf25__incm60__toff59132__Om270__om180,115317.0,0.9997960548912995,0.016528441629997368,23.455272394779417,283.7116119801244,0.8774974842990372,0.1599052811990046,24.261703564487988,294.581869763611,300.238658165585,True
20260811_184731__rp1p5__vinf25__incm60__toff59132__Om270__om195,115317.0,0.9997971582682107,0.01652953251896348,23.455257465936388,283.7071313950709,0.7197686113518026,0.38813959139077137,23.892033971767184,324.0718471442932,223.0422541054991,True
20260811_184731__rp1p5__vinf25__incm60__toff59132__Om270__om210,115317.0,0.9997967854877435,0.016529150942826504,23.45526240115174,283.7086587243179,1.0442104267943244,0.5335486605290906,14.028462515074764,299.46842290263265,389.7443504429646,True
20260811_184731__rp1p5__vinf25__incm60__toff59132__Om270__om225,115317.0,0.9997960652242066,0.016528446643558597,23.455270978089846,283.7115574871868,2.6009926837841584,0.5724801599696857,16.370594708039636,70.20917626300377,1532.1683477774097,True
20260811_184731__rp1p5__vinf25__incm60__toff59132__Om270__om240,115317.0,0.9997960571334042,0.016528431624045763,23.455271645747185,283.71162366274035,1.3443971827224357,0.21855427124711235,21.423610992913986,100.90729543012029,569.3629210435307,True
20260811_184731__rp1p5__vinf25__incm60__toff59132__Om270__om255,115317.0,0.9997970762120181,0.016529366765053278,23.455335966025256,283.70699175453666,1.0902963021481062,0.08456549091419577,23.306906480342406,142.10161587536138,415.8288326546014,True
20260811_184731__rp1p5__vinf25__incm60__toff59132__Om270__om270,115317.0,0.99979838109465,0.016530559383741972,23.455242789142734,283.7022979719079,0.9964770046283863,0.06528553598390374,23.819669887340236,198.0541866390649,363.3278693018221,True
20260811_184731__rp1p5__vinf25__incm60__toff59132__Om270__om285,115317.0,0.9997988558746264,0.016531047676040706,23.455275726423793,283.700081810036,0.9604815959774186,0.07025499798514014,23.769334912407025,229.58278441904912,343.82017880665705,True
20260811_184731__rp1p5__vinf25__incm60__toff59132__Om270__om30,115317.0,0.9997967418227597,0.01652914752293588,23.455262913932483,283.70880841620453,0.9711596068035179,0.06680715310756355,22.388688840041667,340.06123879042264,349.56963918866944,True
20260811_184731__rp1p5__vinf25__incm60__toff59132__Om270__om300,115317.0,0.9997991882122498,0.016530615008461657,23.455262549116846,283.70035975341136,0.9475710591146771,0.07076713717719926,23.524755303892892,248.35392216358733,336.91121841615194,True
20260811_184731__rp1p5__vinf25__incm60__toff59132__Om270__om315,115317.0,0.9997937093400479,0.016526331257289164,23.455299742530723,283.7209913857007,0.9470177281347125,0.06731673725423797,23.253206043777837,266.2953785444951,336.6161542177398,True
20260811_184731__rp1p5__vinf25__incm60__toff59132__Om270__om330,115317.0,0.9997983319168038,0.016530580423186496,23.455244197824268,283.7024562760005,0.9525682290529757,0.0652763752714069,23.013182724947022,285.6217869829072,339.5798631639684,True
20260811_184731__rp1p5__vinf25__incm60__toff59132__Om270__om345,115317.0,0.9997960385543126,0.01652845115605724,23.455272372447354,283.71165871404105,0.9571095648215147,0.06522398431459876,22.82028684017798,302.8884183520368,342.0111579089502,True
20260811_184731__rp1p5__vinf25__incm60__toff59132__Om270__om45,115317.0,0.9997960499095562,0.01652843753145887,23.455271307893316,283.7116404088665,0.977725335111766,0.0629743013955219,22.259546914050073,347.96354667921946,353.12063249581826,True
20260811_184731__rp1p5__vinf25__incm60__toff59132__Om270__om60,115317.0,0.9997983858244498,0.016530574220642823,23.45524298044335,283.7022467548247,0.9850602549727461,0.05472834482837779,22.124213029399236,355.7054671495544,357.10175555914043,True
20260811_184731__rp1p5__vinf25__incm60__toff59132__Om270__om75,115317.0,0.999796048471794,0.016528436583144707,23.455271138960683,283.71164822841706,0.9963305175690017,0.03940333723780512,21.98989784301022,5.525584104653268,363.2477557494776,True
20260811_184731__rp1p5__vinf25__incm60__toff59132__Om270__om90,115317.0,0.9997982813670064,0.016530609605143385,23.45524495313946,283.70260217439176,1.0115025352827975,0.018366835428490273,21.880897736895086,18.75250017766655,371.5765121313426,True
20260811_184731__rp1p5__vinf25__incm60__toff59132__Om90__om0,115317.0,0.9997960498416133,0.016528443635388256,23.455272056919853,283.7116281727324,0.7856150863210267,0.558237527806713,33.65624829009267,314.9173252750565,254.3387382197996,True
20260811_184731__rp1p5__vinf25__incm60__toff59132__Om90__om105,115317.0,0.9997983539787388,0.01653058610139795,23.455243589147244,283.70235276577347,0.9533261579985323,0.06658920845272288,23.90645961873236,267.1688517198591,339.9852334930165,True
20260811_184731__rp1p5__vinf25__incm60__toff59132__Om90__om120,115317.0,0.9997991917345109,0.016530623935445646,23.455262762234163,283.7003381213054,0.9564270744737111,0.06798632779573587,24.02152552036852,284.5735930574008,341.6454040186806,True
20260811_184731__rp1p5__vinf25__incm60__toff59132__Om90__om135,115317.0,0.9997937068152166,0.016526332260376878,23.455299573600982,283.72099948248007,0.9601257640609889,0.0708504689377458,24.11745372870015,298.5172212406605,343.6291326765023,True
20260811_184731__rp1p5__vinf25__incm60__toff59132__Om90__om15,115317.0,0.9997971734173029,0.016529526503923975,23.455258479515244,283.70708281883066,1.7180414201807666,0.3234638506815136,27.555103385938633,81.9796695579231,822.5233494560171,True
20260811_184731__rp1p5__vinf25__incm60__toff59132__Om90__om150,115317.0,0.9997983243422403,0.01653058343012397,23.455243691034777,283.70248056340336,0.9639922651689053,0.07246929681667987,24.231147449292543,308.66469395519107,345.70695291443485,True
20260811_184731__rp1p5__vinf25__incm60__toff59132__Om90__om165,115317.0,0.9997970448770274,0.016529373127947326,23.455336816945096,283.707107744356,0.9677363966472232,0.07144253316258102,24.348130078685053,318.3010300925592,347.72298823399,True
20260811_184731__rp1p5__vinf25__incm60__toff59132__Om90__om180,115317.0,0.9997960934500776,0.016528429357378985,23.455271881713088,283.7114792391155,0.9693510564878247,0.06817344107653095,24.515933382678778,324.85062195749015,348.5936103533774,True
20260811_184731__rp1p5__vinf25__incm60__toff59132__Om90__om195,115317.0,0.9998042293003585,0.01652654116071893,23.45525735820056,283.69918447746386,0.9739904311360689,0.059954801762075814,24.667676410894565,331.4211513675737,351.09918851194163,True
20260811_184731__rp1p5__vinf25__incm60__toff59132__Om90__om210,115317.0,0.9997967418227597,0.01652914752293588,23.455262913932483,283.70880841620453,0.980191143961098,0.04901004696678607,24.80853066101313,339.3125945961121,354.45732191579623,True
20260811_184731__rp1p5__vinf25__incm60__toff59132__Om90__om225,115317.0,0.9997960499095562,0.01652843753145887,23.455271307893316,283.7116404088665,0.9920826796070702,0.03072444044935728,24.907822835950743,350.69717397185127,360.92718277969516,True
20260811_184731__rp1p5__vinf25__incm60__toff59132__Om90__om240,115317.0,0.9997983908741596,0.016530572216037,23.45524331830301,283.70223056318673,1.0103673278662795,0.006788950917961827,24.94531320929199,29.85951954399432,370.951158227756,True
20260811_184731__rp1p5__vinf25__incm60__toff59132__Om90__om255,115317.0,0.9997970648939214,0.016529354545084102,23.455336259181053,283.70706487123795,1.036219875030982,0.02835185447647651,24.88286976686754,160.74486106700678,385.27929208723015,True
20260811_184731__rp1p5__vinf25__incm60__toff59132__Om90__om270,115317.0,0.9997982687427348,0.016530614616737657,23.455244108490284,283.7026426532739,1.0688619963041832,0.06021579010945989,24.6627071097527,173.03275498431688,403.6270317760106,True
20260811_184731__rp1p5__vinf25__incm60__toff59132__Om90__om285,115317.0,0.9998006704935652,0.016530261520979916,23.45527528714739,283.6979844976697,1.0943985194754167,0.08611253339223889,24.239046940836566,183.22677726754637,418.1778598356867,True
20260811_184731__rp1p5__vinf25__incm60__toff59132__Om90__om30,115317.0,0.9997967854877435,0.016529150942826504,23.45526240115174,283.7086587243179,1.240502680215861,0.12798258580200833,23.461119207359815,101.0110412702591,504.6547330586603,True
20260811_184731__rp1p5__vinf25__incm60__toff59132__Om90__om300,115317.0,0.9997991255648497,0.016530656712136164,23.455263868495262,283.70064398310876,1.085736190189846,0.09620423514200131,23.689918130103777,196.30591404420255,413.2227861251741,True
20260811_184731__rp1p5__vinf25__incm60__toff59132__Om90__om315,115317.0,0.9997984121206299,0.01653054858766185,23.45524308721643,283.7021937504304,1.0200440963273407,0.09893905616458562,23.37212292744178,226.4270667803508,376.2930614332805,True
20260811_184731__rp1p5__vinf25__incm60__toff59132__Om90__om330,115317.0,0.9997984312237024,0.01653054860253693,23.45524287851254,283.70211492787655,0.8940066068059326,0.17691302062102407,24.17861216637254,262.01848771113555,308.75136250823357,True
20260811_184731__rp1p5__vinf25__incm60__toff59132__Om90__om345,115317.0,0.9997961069115423,0.01652841793471643,23.455271566179892,283.71144814412844,0.7411001805436248,0.39648107278328365,27.474901849635497,272.6233425538511,233.03071567530978,True
20260811_184731__rp1p5__vinf25__incm60__toff59132__Om90__om45,115317.0,0.9997960652242066,0.016528446643558597,23.455270978089846,283.7115574871868,1.0581399962576403,0.0566785038560194,22.88009236349411,152.6730703571972,397.56897492060125,True
20260811_184731__rp1p5__vinf25__incm60__toff59132__Om90__om60,115317.0,0.9997960520837182,0.016528433629437657,23.455271307887628,283.7116398553564,0.9879755472357469,0.0589438598207518,23.146274872804693,199.63332696602848,358.68819535302697,True
20260811_184731__rp1p5__vinf25__incm60__toff59132__Om90__om75,115317.0,0.9997960597898677,0.016528448801584147,23.455270845808034,283.711575104521,0.9599332055322718,0.06353803448744813,23.495822318705684,225.43930083825083,343.5257627770277,True
20260811_184731__rp1p5__vinf25__incm60__toff59132__Om90__om90,115317.0,0.9997983937189243,0.01653055437221908,23.455243633791863,283.70225749278393,0.9523843188976033,0.06530222628537981,23.747346506519474,247.90933887510676,339.4815250570184,True
20260811_184731__rp1p5__vinf25__incm90__toff59132__Om0__om0,115317.0,0.9998038842883303,0.016526172004995246,23.455262957279974,283.7005748314145,1.048919929322311,0.05750587115125235,22.722661784454992,102.75543425517714,392.3840052221214,True
20260811_184731__rp1p5__vinf25__incm90__toff59132__Om0__om105,115317.0,0.9997897736916117,0.01653212141157327,23.455262868391582,283.7164086906318,0.9996702024709653,0.013139252940058913,23.932415755793908,206.49444115414786,365.0756869297054,True
20260811_184731__rp1p5__vinf25__incm90__toff59132__Om0__om120,115317.0,0.9997900901928762,0.01653239652978701,23.455282561051284,283.71500583006696,1.0048687537695908,0.015793236582845902,23.888949221783513,146.430660012967,367.92712217978976,True
20260811_184731__rp1p5__vinf25__incm90__toff59132__Om0__om135,115317.0,0.9998043938303147,0.016526609288678357,23.455294587839497,283.6983237756374,1.0122894376232672,0.02549722255621241,23.508998171896053,129.94730653561396,372.01020054560763,True
20260811_184731__rp1p5__vinf25__incm90__toff59132__Om0__om15,115317.0,0.9997968249309261,0.016529140551723165,23.455262279334573,283.70852217177423,1.0358950909817695,0.04053947176308363,23.265874966429845,101.51584183272327,385.0981682264463,True
20260811_184731__rp1p5__vinf25__incm90__toff59132__Om0__om150,115317.0,0.9997907679482718,0.016533042001688054,23.455326214846732,283.7119098650618,1.0225680262879,0.03204196202558599,22.832109065797482,130.42827648909045,377.69053716735266,True
20260811_184731__rp1p5__vinf25__incm90__toff59132__Om0__om165,115317.0,0.9998038919330544,0.016526147697680526,23.45526245044984,283.7005952323669,1.0276494897429624,0.03131230273688261,22.15197238267216,145.1980440768781,380.5093271327277,True
20260811_184731__rp1p5__vinf25__incm90__toff59132__Om0__om180,115317.0,0.9997968408514475,0.01652911903651396,23.4552626171652,283.7085032082165,1.0284484737777373,0.02801091009075928,21.82006645830655,175.56938216459662,380.9531749124021,True
20260811_184731__rp1p5__vinf25__incm90__toff59132__Om0__om195,115317.0,0.9997968231424803,0.016529136703831885,23.455261941466304,283.70853753269853,1.023468012179406,0.03399174343420376,21.975007482050675,210.94155588397314,378.1892681961824,True
20260811_184731__rp1p5__vinf25__incm90__toff59132__Om0__om210,115317.0,0.9997972683835398,0.016528957155599863,23.455262617339077,283.708011933193,1.0155784983371976,0.045114341310964534,22.506886682949506,230.73580784727167,373.82473712875355,True
20260811_184731__rp1p5__vinf25__incm90__toff59132__Om0__om225,115317.0,0.9997968216696784,0.016529146404746547,23.455262279343252,283.7085230031456,1.0052929582711339,0.05445358530399218,23.19977301567483,238.0923356559756,368.160126955187,True
20260811_184731__rp1p5__vinf25__incm90__toff59132__Om0__om240,115317.0,0.9997968415528107,0.01652912483541557,23.455262955036364,283.70848812441045,0.9974328700304713,0.057611630465012886,23.816408721938892,240.93631727293877,363.85077521374586,True
20260811_184731__rp1p5__vinf25__incm90__toff59132__Om0__om255,115317.0,0.9997978290798922,0.016530066491048514,23.455326723617247,283.7039721098291,0.9928628615849886,0.05472286124759656,24.185636553147898,239.3520158914697,361.35302062995873,True
20260811_184731__rp1p5__vinf25__incm90__toff59132__Om0__om270,115317.0,0.9997907729979044,0.01653303999626596,23.455326552704935,283.71189367714294,0.9937933915316792,0.04677668197675175,24.14027323976433,232.38581795784802,361.8611400178346,True
20260811_184731__rp1p5__vinf25__incm90__toff59132__Om0__om285,115317.0,0.9997902861054514,0.01653256043234634,23.45529483704692,283.7141422971216,1.0001549445612,0.03514341587635832,23.964823630189866,207.38391721762486,365.3412580186289,True
20260811_184731__rp1p5__vinf25__incm90__toff59132__Om0__om30,115317.0,0.9997973923761281,0.016528893036499417,23.455262955210035,283.7078698450831,1.0195817212592273,0.01587966768195971,23.880534026338314,116.73074929240752,376.03723600534624,True
20260811_184731__rp1p5__vinf25__incm90__toff59132__Om0__om300,115317.0,0.9997900600611459,0.016532393925433427,23.4552808810426,283.7151102853919,1.0119018237063506,0.035064260252870204,23.578144051238414,164.67506957897595,371.79655237162075,True
20260811_184731__rp1p5__vinf25__incm90__toff59132__Om0__om315,115317.0,0.9998043719480274,0.01652663620822048,23.455293996618963,283.6983554588909,1.0251070379139484,0.047345280256821234,23.086644231457075,132.47225091716976,379.09810467850116,True
20260811_184731__rp1p5__vinf25__incm90__toff59132__Om0__om330,115317.0,0.99978977355131,0.016532109313583114,23.455262277114397,283.71643481099704,1.0408270842934215,0.06095058046688385,22.672471710957126,118.37115028812732,387.8516716998596,True
20260811_184731__rp1p5__vinf25__incm90__toff59132__Om0__om345,115317.0,0.9997968130080551,0.016529151363453527,23.45526177255675,283.7085475686921,1.0493147096341626,0.06474035445032132,22.510387504151765,108.98204260317297,392.60554747251257,True
20260811_184731__rp1p5__vinf25__incm90__toff59132__Om0__om45,115317.0,0.9997968264037285,0.016529130850808454,23.45526194145763,283.7085367013327,1.0037099968553904,0.016838236009036472,24.211420966674773,222.59531448960226,367.2908970543184,True
20260811_184731__rp1p5__vinf25__incm90__toff59132__Om0__om60,115317.0,0.9997968256322898,0.016529146350623265,23.455262617205744,283.7085070879815,0.9960863828671931,0.03096789129816121,24.12007848904898,239.66218411856445,363.11425193483706,True
20260811_184731__rp1p5__vinf25__incm90__toff59132__Om0__om75,115317.0,0.999797832726867,0.01653005288778733,23.455326385738157,283.7039860809429,0.9950014468646395,0.03237009711926323,23.885973765376814,242.21716615586388,362.5211581456234,True
20260811_184731__rp1p5__vinf25__incm90__toff59132__Om0__om90,115317.0,0.9997897710264987,0.016532110316473368,23.455262108184705,283.71644290515286,0.9959629015891244,0.02316098917372774,23.84479068334131,236.04845866844414,363.04673305837144,True
20260811_184731__rp1p5__vinf25__incm90__toff59132__Om180__om0,115317.0,0.9997968459011417,0.016529117031384412,23.455262955024796,283.70848701589705,1.0069174294275258,0.06618447987633937,23.983957744136813,215.6403279663291,369.05286231672943,True
20260811_184731__rp1p5__vinf25__incm90__toff59132__Om180__om105,115317.0,0.99978978673642,0.016532097999418075,23.455262868356858,283.71640537684823,0.9671056252426937,0.04547742008291031,22.642055038439032,317.3961388586847,347.38307442986536,True
20260811_184731__rp1p5__vinf25__incm90__toff59132__Om180__om120,115317.0,0.9997900858446043,0.016532404333834416,23.4552825610625,283.7150069352468,0.9773473774971041,0.03602752401256957,23.018266611770805,355.45460456980226,352.9158944246694,True
20260811_184731__rp1p5__vinf25__incm90__toff59132__Om180__om135,115317.0,0.9998043807851252,0.016526632700688385,23.455294587872416,283.69832711574804,0.9960504539331636,0.039450861978384884,23.445775242594983,39.50021128723007,363.09460576170204,True
20260811_184731__rp1p5__vinf25__incm90__toff59132__Om180__om15,115317.0,0.9997968281921743,0.016529134698699585,23.45526227932588,283.70852134040166,0.984967081149276,0.06949403528819749,23.437275762151927,241.17634208748865,357.05109102014467,True
20260811_184731__rp1p5__vinf25__incm90__toff59132__Om180__om150,115317.0,0.9997907722965494,0.016533034197650363,23.455326214836358,283.7119087585858,1.0193537908870662,0.05157536896096147,23.879932980268784,67.36785178752677,375.9111467743582,True
20260811_184731__rp1p5__vinf25__incm90__toff59132__Om180__om165,115317.0,0.9997968231074426,0.01652914735318866,23.455262448275928,283.70851518412593,1.0489097910121834,0.06179832520841257,24.281729162499058,87.90859297480769,392.3783163687444,True
20260811_184731__rp1p5__vinf25__incm90__toff59132__Om180__om180,115317.0,0.9998038792385651,0.016526174009476334,23.455262619420235,283.7005910276928,1.0785006607039653,0.06996160976325724,24.553931975115532,105.43104683232717,409.09899593862406,True
20260811_184731__rp1p5__vinf25__incm90__toff59132__Om180__om195,115317.0,0.9997968198812324,0.016529142556855534,23.455261941474987,283.7085383640652,1.095066547933929,0.0682407148471151,24.580117922599342,123.61180172072562,418.56080626488415,True
20260811_184731__rp1p5__vinf25__incm90__toff59132__Om180__om210,115317.0,0.9997973873264281,0.016528895041578336,23.45526261735042,283.70788603770495,1.0854894046868806,0.061454802211466625,24.273726265450296,148.86664868438623,413.08190715429447,True
20260811_184731__rp1p5__vinf25__incm90__toff59132__Om180__om225,115317.0,0.9997968314534222,0.016529128845676203,23.455262279317203,283.7085205090299,1.0497882562044307,0.058664862887019956,23.65250512789978,188.36267143319984,392.8713466405843,True
20260811_184731__rp1p5__vinf25__incm90__toff59132__Om180__om240,115317.0,0.999796830681984,0.01652914434549346,23.455262955065308,283.7084908956897,1.0020830654546558,0.07616444039311807,22.92832062153715,221.3163487549947,366.39823650151357,True
20260811_184731__rp1p5__vinf25__incm90__toff59132__Om180__om255,115317.0,0.9997978377765712,0.016530050883014513,23.455326723596535,283.7039698890216,0.9670937956693443,0.08491374865942893,22.438951622432945,233.11314492514225,347.3767006984669,True
20260811_184731__rp1p5__vinf25__incm90__toff59132__Om180__om270,115317.0,0.9997907773461822,0.016533032192228264,23.455326552694547,283.71189257065805,0.9731821025011705,0.055133964839550166,22.252634304373892,217.42642368334714,350.66220582598663,True
20260811_184731__rp1p5__vinf25__incm90__toff59132__Om180__om285,115317.0,0.9997902730606303,0.01653258384448035,23.455294837079844,283.71414561374866,1.0196003557349138,0.06068929085572032,22.52087631791199,139.25119128768864,376.0475450692533,True
20260811_184731__rp1p5__vinf25__incm90__toff59132__Om180__om30,115317.0,0.9997972734332382,0.016528955150510616,23.455262955198673,283.7079957406486,0.9712047253041655,0.07496597065620454,22.957246067968697,256.010211653,349.5940001295482,True
20260811_184731__rp1p5__vinf25__incm90__toff59132__Om180__om300,115317.0,0.9997900644094176,0.016532386121385648,23.45528088103138,283.7151091802575,1.0757455409320174,0.1155159469667459,23.523515471380286,127.58618920716484,407.5323813250164,True
20260811_184731__rp1p5__vinf25__incm90__toff59132__Om180__om315,115317.0,0.9998043849932167,0.016526612796210052,23.45529399658604,283.69835211882173,1.0926711662829134,0.1238392076164611,24.510693041712162,137.40807384614686,417.18819874083766,True
20260811_184731__rp1p5__vinf25__incm90__toff59132__Om180__om330,115317.0,0.9997897692030409,0.016532117117634925,23.455262277125996,283.71643591557734,1.0712041572034547,0.09951226692736982,24.788817678440772,154.58591510916867,404.95443954637545,True
20260811_184731__rp1p5__vinf25__incm90__toff59132__Om180__om345,115317.0,0.9998038818335241,0.016526151706647355,23.45526177473036,283.70062762496065,1.0365626526311686,0.07413321808892134,24.49923380415206,182.1044543422597,385.47048128662175,True
20260811_184731__rp1p5__vinf25__incm90__toff59132__Om180__om45,115317.0,0.9997968166199844,0.016529148409879013,23.455261941483663,283.7085391954306,0.9636277550524075,0.07631294329251177,22.58416728835347,267.8855661528807,345.51089049790784,True
20260811_184731__rp1p5__vinf25__incm90__toff59132__Om180__om60,115317.0,0.9997968365031166,0.016529126840545225,23.455262617176803,283.7085043167224,0.9601911013838236,0.07389742344189686,22.358776740573617,278.017096526187,343.6642096274274,True
20260811_184731__rp1p5__vinf25__incm90__toff59132__Om180__om75,115317.0,0.9997978240301884,0.016530068495821493,23.455326385758916,283.70398830173497,0.9595326967192302,0.06758862036107327,22.329236290566172,288.3871101662601,343.31079353328505,True
20260811_184731__rp1p5__vinf25__incm90__toff59132__Om180__om90,115317.0,0.9997897666782297,0.016532118120525227,23.455262108196276,283.71644400972923,0.9589749324933742,0.0840792823097107,22.69553385371491,299.4760616910443,343.0114937025853,True
20260811_184731__rp1p5__vinf25__incm90__toff59132__Om270__om0,115317.0,0.9997966723033084,0.016528182716352542,23.455271881886357,283.710831431353,0.9756511718239529,0.05318767037929855,23.014048669051096,320.1670277277109,351.9975544067482,True
20260811_184731__rp1p5__vinf25__incm90__toff59132__Om270__om105,115317.0,0.9997989850875502,0.01653031039130896,23.45524390972073,283.70155269745453,1.0049449985140226,0.03173375939604328,22.418681558863675,277.81020036017225,367.9689978596905,True
20260811_184731__rp1p5__vinf25__incm90__toff59132__Om270__om120,115317.0,0.9997991765130078,0.01653064740339176,23.455265068101713,283.7005330020826,1.0179982601170368,0.03640953155712304,22.531376545727685,243.80062355216455,375.16156940821827,True
20260811_184731__rp1p5__vinf25__incm90__toff59132__Om270__om135,115317.0,0.9997994923095435,0.01653076986059312,23.455275478072053,283.69926388785865,1.028510985420121,0.050812298272606075,22.859275270388785,222.69826204529843,380.9879083547289,True
20260811_184731__rp1p5__vinf25__incm90__toff59132__Om270__om15,115317.0,0.9997977581237525,0.016529274514998502,23.455258031883094,283.7064220632707,0.9776748151990513,0.059530816117378704,22.960460572737766,325.06608331827096,353.09326377715826,True
20260811_184731__rp1p5__vinf25__incm90__toff59132__Om270__om150,115317.0,0.9998000099143978,0.016531225231684543,23.455306815708937,283.69694115092113,1.0321551930063295,0.0671268713584166,23.431891152769403,218.03435141073578,383.0145684875464,True
20260811_184731__rp1p5__vinf25__incm90__toff59132__Om270__om165,115317.0,0.9997966763667666,0.016528181103151632,23.45527122850503,283.7108176358573,1.0173027266511936,0.0789396036854509,24.199954531660953,229.88192668281667,374.7771490295999,True
20260811_184731__rp1p5__vinf25__incm90__toff59132__Om270__om180,115317.0,0.9997966265206292,0.016528200895901735,23.455272057098846,283.7109809214702,0.970554393115095,0.09639636723225059,25.029483658861448,257.2504309127944,349.2429194124782,True
20260811_184731__rp1p5__vinf25__incm90__toff59132__Om270__om195,115317.0,0.9997977443455334,0.016529279985207104,23.455257803967438,283.7064668184622,0.8839024313244108,0.16584671761109288,25.69585889062106,292.13928353282273,303.53185993443003,True
20260811_184731__rp1p5__vinf25__incm90__toff59132__Om270__om210,115317.0,0.999797372266342,0.016528904202877878,23.45526307705259,283.7079790719049,0.7773542927834887,0.3368697885769375,25.407960487335018,315.697482143742,250.3377198177346,True
20260811_184731__rp1p5__vinf25__incm90__toff59132__Om270__om225,115317.0,0.9997966534754259,0.016528190192907286,23.455271316111237,283.71089238097176,0.9696847622696493,0.38800375746168886,21.333017342854458,317.1875004647835,348.77363447402354,True
20260811_184731__rp1p5__vinf25__incm90__toff59132__Om270__om240,115317.0,0.9997966373893193,0.016528196579956803,23.45527232166241,283.7109456860974,1.3423831338071517,0.22155116605715616,24.2908388143697,44.938735900199696,568.0839517006829,True
20260811_184731__rp1p5__vinf25__incm90__toff59132__Om270__om255,115317.0,0.9997976568889942,0.016529113335491327,23.455335797240824,283.7063509112635,1.1463863383172288,0.09165729983012928,25.00813697530126,85.09648069284466,448.32637915558666,True
20260811_184731__rp1p5__vinf25__incm90__toff59132__Om270__om270,115317.0,0.9997999684118268,0.01653124170190353,23.455307739934383,283.6970772863657,1.042483468645857,0.04003290436202748,24.982021480137306,140.97811516775283,388.7778874592826,True
20260811_184731__rp1p5__vinf25__incm90__toff59132__Om270__om285,115317.0,0.9997994495445864,0.016530786833315724,23.45527631783356,283.69940407290045,0.9946911764152201,0.033639123987675754,24.51944071829678,193.91656465514924,362.35160437167264,True
20260811_184731__rp1p5__vinf25__incm90__toff59132__Om270__om30,115317.0,0.9997973358251893,0.01652889487536396,23.455263927687167,283.7081120189688,0.9810584246955963,0.06232864667063121,22.904608730844586,327.5987336143405,354.9278658483917,True
20260811_184731__rp1p5__vinf25__incm90__toff59132__Om270__om300,115317.0,0.999799255471797,0.016530595415161338,23.45526206876586,283.70029361244565,0.9741266435118334,0.03219575141404627,23.970365763746393,228.5677999252736,351.1728428186082,True
20260811_184731__rp1p5__vinf25__incm90__toff59132__Om270__om315,115317.0,0.9997947855813093,0.016526547002574585,23.455331542779973,283.7180876589796,0.9689915775197332,0.029978839873691456,23.52411894805004,262.54907397245205,348.3997170492875,True
20260811_184731__rp1p5__vinf25__incm90__toff59132__Om270__om330,115317.0,0.999798906422251,0.016530341615711625,23.45524419801745,283.7018095293689,0.9706074385431284,0.034840628830137665,23.23389510676431,292.4992079605263,349.2715514913298,True
20260811_184731__rp1p5__vinf25__incm90__toff59132__Om270__om345,115317.0,0.9997966022584044,0.016528210530482913,23.455271359041916,283.71105948861566,0.9733016127443271,0.044677071300691706,23.069533749460177,310.51502096048057,350.72680166877086,True
20260811_184731__rp1p5__vinf25__incm90__toff59132__Om270__om45,115317.0,0.9997966222402432,0.016528202595969786,23.455271308083685,283.7109942649008,0.9812096509843,0.061025511066922826,22.816057387722868,328.0821970187443,355.0099351078731,True
20260811_184731__rp1p5__vinf25__incm90__toff59132__Om270__om60,115317.0,0.9997989813002631,0.01653031189472162,23.45524365632599,283.701564841445,0.984875380665743,0.055909147616350366,22.692727506472202,326.3984050892517,357.001229969594,True
20260811_184731__rp1p5__vinf25__incm90__toff59132__Om270__om75,115317.0,0.9997976285632535,0.016529124581336933,23.45533575256631,283.7064432716437,0.9886058236475359,0.04782934686153918,22.56977007454696,320.9451204901362,359.03148638053443,True
20260811_184731__rp1p5__vinf25__incm90__toff59132__Om270__om90,115317.0,0.9997988573452034,0.016530361095774045,23.455244615455097,283.7019699555106,0.9963150146364927,0.03767687751100568,22.4571311414845,307.58163251286425,363.2392775636209,True
20260811_184731__rp1p5__vinf25__incm90__toff59132__Om90__om0,115317.0,0.9997966315703212,0.01652819889056387,23.455272394958406,283.71096472853634,1.019350742034646,0.3579799022931473,27.214232962505733,354.43474883641295,375.9094602694917,True
20260811_184731__rp1p5__vinf25__incm90__toff59132__Om90__om105,115317.0,0.9997989501733998,0.016530324249479054,23.4552443494963,283.70166694556895,0.9702470041581864,0.03663342866328197,23.667890034187902,292.8457499814486,349.077016939241,True
20260811_184731__rp1p5__vinf25__incm90__toff59132__Om90__om120,115317.0,0.9997992812555109,0.016530605830772118,23.45526374877521,283.70019026135117,0.9733506145411721,0.046514103346119905,23.78576462387272,309.81653190893627,350.7532885145303,True
20260811_184731__rp1p5__vinf25__incm90__toff59132__Om90__om135,115317.0,0.9997947944182376,0.016526543492174986,23.45533213403298,283.7180593200083,0.9763079043448719,0.055002370211180505,23.849404148448844,319.87991499729304,352.35302029153223,True
20260811_184731__rp1p5__vinf25__incm90__toff59132__Om90__om15,115317.0,0.9997977493952365,0.016529277980247097,23.45525814182707,283.7064506260491,1.3194713916090661,0.20502319393009732,24.434671020761296,79.90322543069915,553.6021370968905,True
20260811_184731__rp1p5__vinf25__incm90__toff59132__Om90__om150,115317.0,0.9997999051717389,0.01653126679928347,23.455308135034777,283.69728388625595,0.9777605850295507,0.060605994310144726,23.889139239546935,324.3856608297068,353.1397292477505,True
20260811_184731__rp1p5__vinf25__incm90__toff59132__Om90__om165,115317.0,0.9997966123577879,0.016528206519795426,23.455272034761077,283.7110271027831,0.9814984256354868,0.062345464374937966,23.941070276074214,326.7091080313352,355.16666829824624,True
20260811_184731__rp1p5__vinf25__incm90__toff59132__Om90__om180,115317.0,0.9997966672536157,0.016528184721679363,23.455271544026818,283.7108476243191,0.9818087111496387,0.06024941526138676,24.018657587556067,326.6064949676995,355.33510226414995,True
20260811_184731__rp1p5__vinf25__incm90__toff59132__Om90__om195,115317.0,0.9997977530740493,0.016529276519956178,23.455257694023498,283.70643825569107,0.984851981244468,0.05486203030339813,24.135265726881165,325.59002670233804,356.9885071834605,True
20260811_184731__rp1p5__vinf25__incm90__toff59132__Om90__om210,115317.0,0.9997973307754902,0.016528896880463096,23.45526358982754,283.70812821156005,0.9890096365563671,0.04646351215064532,24.257413007706575,319.73900749401514,359.251487643092,True
20260811_184731__rp1p5__vinf25__incm90__toff59132__Om90__om225,115317.0,0.999796627289935,0.01652820059063081,23.455271645943277,283.7109780719707,0.9960503581580797,0.03606349883205436,24.36300243837175,304.7176294094941,363.0945533917412,True
20260811_184731__rp1p5__vinf25__incm90__toff59132__Om90__om240,115317.0,0.9997989863499792,0.016530309890171554,23.455243994185633,283.7015486494568,1.0077503901436362,0.03177250795552603,24.395007475988944,275.28625499000134,369.5108990335675,True
20260811_184731__rp1p5__vinf25__incm90__toff59132__Om90__om255,115317.0,0.9997976336129556,0.016529122576357386,23.455336090424638,283.7064270790946,1.0198169480967774,0.037682428107563476,24.29458848676726,245.6883635096956,376.1673763603209,True
20260811_184731__rp1p5__vinf25__incm90__toff59132__Om90__om270,115317.0,0.99979986366918,0.016531283269734385,23.455309059260312,283.69742002100946,1.029248005500904,0.052742607424251055,23.979503428654773,228.0343275738935,381.39749956101804,True
20260811_184731__rp1p5__vinf25__incm90__toff59132__Om90__om285,115317.0,0.9997994844587716,0.016530772976305792,23.455275878058156,283.69928982626294,1.0324434249323027,0.06828680073186386,23.4061640668472,225.21028661073734,383.17501635570903,True
20260811_184731__rp1p5__vinf25__incm90__toff59132__Om90__om30,115317.0,0.9997973773160418,0.0165289021977912,23.455263414912213,283.7079628793026,1.135195608015835,0.08248960635334877,22.073262953072366,101.78503221955266,441.7777547637875,True
20260811_184731__rp1p5__vinf25__incm90__toff59132__Om90__om300,115317.0,0.9997991507292993,0.016530636987947076,23.455263388092334,283.70063635314807,1.0158761652183748,0.07949772431513788,22.588312511766276,234.69807097645645,373.989101671388,True
20260811_184731__rp1p5__vinf25__incm90__toff59132__Om90__om315,115317.0,0.9997994834725321,0.016530773368240558,23.455274886818735,283.6992922235037,0.9644128883855028,0.0979270387922106,21.79387749651622,255.83276134747433,345.93324347207175,True
20260811_184731__rp1p5__vinf25__incm90__toff59132__Om90__om330,115317.0,0.9997990111647006,0.01653030004115124,23.455242878690797,283.70146678516744,0.8780384163888257,0.17350416146518405,21.79015881475032,275.47512062444855,300.5163234939017,True
20260811_184731__rp1p5__vinf25__incm90__toff59132__Om90__om345,115317.0,0.9997966662673816,0.016528185113804335,23.45527055278587,283.7108500217913,0.7757509278202604,0.3501454050380358,23.968503737948225,283.3533251065873,249.56360236082986,True
20260811_184731__rp1p5__vinf25__incm90__toff59132__Om90__om45,115317.0,0.9997966484257339,0.016528192198239127,23.455270978251672,283.71090857392267,1.0366221119761077,0.038335813817493625,21.88006782267476,147.0579690373823,385.5036488201006,True
20260811_184731__rp1p5__vinf25__incm90__toff59132__Om90__om60,115317.0,0.9997966323396272,0.01652819858529316,23.45527198380283,283.71096187903623,0.9918596043716845,0.03329057578296239,22.40927179748096,193.01500073508723,360.80545493622714,True
20260811_184731__rp1p5__vinf25__incm90__toff59132__Om90__om75,115317.0,0.9997976518392919,0.016529115340464504,23.45533545938249,283.7063671038303,0.9736373767569859,0.03183542985349043,22.99212656283209,227.04379586292478,350.9083049031987,True
20260811_184731__rp1p5__vinf25__incm90__toff59132__Om90__om90,115317.0,0.9997989620876394,0.016530319520939127,23.455243296128366,283.7016272121247,0.9672269921340819,0.030157839680655593,23.419883002470076,261.72958172800725,347.44846872415724,True
