run,a_au,ecc,obliquity_deg,lon_perihelion_deg,days_per_year,T_global_degC,T_global_K,iceline_lat_nh,snowball,peak_diag_insol,spinup_years,S_mean_Wm2,nh_mean_degC,sh_mean_degC,diag_summer_max_degC,diag_winter_min_degC,diag_seasonal_range_K,land_summer_max_degC,land_winter_min_degC,land_seasonal_range_K,ocean_summer_max_degC,ocean_seasonal_range_K,dT_vs_baseline_K,dland_summer_max_vs_baseline_K,ddiag_summer_max_vs_baseline_K,Score,n_ejected,bh_rp_au,bh_inc_deg,bh_Omega_deg,bh_omega_deg
20260724_230314__rp0p25__vinf25__inc0__toff56210__Om0__om0,1.4306049871798832,0.2233245327237774,23.70168833365585,83.00347782631717,624.9962224050814,-66.26171461634252,206.88828538365746,,True,401.8614475898981,20,170.55640297402326,-66.26172357487668,-66.26170565780833,-59.617961632709424,-75.93248813901417,16.314526506304745,-51.7082615383487,-78.42121298184696,26.712951443498262,-65.9287603800416,8.260276359489879,-81.57844763201543,-66.28433612286993,-64.71707576860432,5.256907428428605,2,0.25,0.0,0.0,0.0
20260724_230314__rp0p25__vinf25__inc0__toff56210__Om0__om180,0.7923239872915679,0.2331602469643267,21.015434260483964,271.22049837127014,257.603640754542,88.38616464899137,361.53616464899136,90.0,False,477.07594614035645,44,557.3531475745328,88.38619435956954,88.38613493841318,55.18320963962865,43.834451984911055,11.348757654717595,57.308695309981026,37.414570699681946,19.89412461029908,54.08450274372945,4.484553504522957,73.06943163331846,42.73262072545979,50.084095503733764,5.055172319448047,1,0.25,0.0,0.0,180.0
20260724_230314__rp0p25__vinf25__inc0__toff56210__Om0__om270,1.2306201758912432,0.1267112473459505,22.581199552910444,52.097455203989526,498.6362375045165,-56.09023670761202,217.05976329238797,,True,399.4934319310725,25,226.49823578441658,-56.090249274398026,-56.090224140826066,-52.76821389359877,-67.61472144032038,14.846507546721611,-45.96597859401708,-70.94551910901615,24.979540514999066,-58.004348204439715,7.133628302637156,-71.40696972328493,-60.54205317853832,-57.867328029493656,4.312175009928982,1,0.25,0.0,0.0,270.0
20260724_230314__rp0p25__vinf25__inc0__toff56210__Om0__om90,1.0166818183807187,0.2811479078892679,25.93211793520845,176.12114869988952,374.4340848938256,15.722192153453422,288.8721921534534,70.81186354627908,False,724.0201133445147,24,343.01144691510746,15.417578095308777,16.026806211598068,21.32426609763864,-18.181762014126026,39.506028111764664,42.13037450085333,-26.30606711441227,68.4364416152656,0.6781696504647001,12.531133556781429,0.40545913778050924,27.55429991633209,16.225151961743748,4.7471068422819584,2,0.25,0.0,0.0,90.0
20260724_230314__rp0p25__vinf25__inc0__toff56210__Om180__om0,0.7923239872915679,0.2331602469643267,21.015434260483964,271.22049837127014,257.603640754542,88.38616464899137,361.53616464899136,90.0,False,477.07594614035645,44,557.3531475745328,88.38619435956954,88.38613493841318,55.18320963962865,43.834451984911055,11.348757654717595,57.308695309981026,37.414570699681946,19.89412461029908,54.08450274372945,4.484553504522957,73.06943163331846,42.73262072545979,50.084095503733764,5.055172319448047,1,0.25,0.0,180.0,0.0
20260724_230314__rp0p25__vinf25__inc0__toff56210__Om180__om180,1.4306049866744706,0.2233245331377317,23.70168832560552,83.00347775856739,624.9962220738778,-66.26171459141324,206.88828540858674,,True,401.861448181285,20,170.55640311112856,-66.26172354994695,-66.26170563287953,-59.617961594116224,-75.93248812300236,16.314526528886134,-51.708261482658806,-78.42121296822215,26.712951485563345,-65.928760356705,8.260276364830844,-81.57844760708615,-66.28433606718004,-64.71707573001112,5.25690742720019,2,0.25,0.0,180.0,180.0
20260724_230314__rp0p25__vinf25__inc0__toff56210__Om180__om270,1.0166818177318506,0.2811479058077433,25.932117981665176,176.12114944395958,374.4340845353678,15.722192214123783,288.87219221412374,70.81186354627908,False,724.0201080791854,24,343.0114471349772,15.417578149200837,16.026806279046728,21.324265815399354,-18.181761913521072,39.50602772892043,42.13037398967196,-26.306067000019176,68.43644098969114,0.6781696475213979,12.531133466920725,0.4054591984508704,27.554299405150722,16.225151679504464,4.747106858976243,2,0.25,0.0,180.0,270.0
20260724_230314__rp0p25__vinf25__inc0__toff56210__Om180__om90,1.2306201758912432,0.1267112473459505,22.581199552910444,52.097455203989526,498.6362375045165,-56.09023670761202,217.05976329238797,,True,399.4934319310725,25,226.49823578441658,-56.090249274398026,-56.090224140826066,-52.76821389359877,-67.61472144032038,14.846507546721611,-45.96597859401708,-70.94551910901615,24.979540514999066,-58.004348204439715,7.133628302637156,-71.40696972328493,-60.54205317853832,-57.867328029493656,4.312175009928982,1,0.25,0.0,180.0,90.0
20260724_230314__rp0p25__vinf25__inc0__toff56210__Om270__om0,1.2306201758912432,0.1267112473459505,22.581199552910444,52.097455203989526,498.6362375045165,-56.09023670761202,217.05976329238797,,True,399.4934319310725,25,226.49823578441658,-56.090249274398026,-56.090224140826066,-52.76821389359877,-67.61472144032038,14.846507546721611,-45.96597859401708,-70.94551910901615,24.979540514999066,-58.004348204439715,7.133628302637156,-71.40696972328493,-60.54205317853832,-57.867328029493656,4.312175009928982,1,0.25,0.0,270.0,0.0
20260724_230314__rp0p25__vinf25__inc0__toff56210__Om270__om180,1.0166818177318506,0.2811479058077433,25.932117981665176,176.12114944395958,374.4340845353678,15.722192214123783,288.87219221412374,70.81186354627908,False,724.0201080791854,24,343.0114471349772,15.417578149200837,16.026806279046728,21.324265815399354,-18.181761913521072,39.50602772892043,42.13037398967196,-26.306067000019176,68.43644098969114,0.6781696475213979,12.531133466920725,0.4054591984508704,27.554299405150722,16.225151679504464,4.747106858976243,2,0.25,0.0,270.0,180.0
20260724_230314__rp0p25__vinf25__inc0__toff56210__Om270__om270,0.7923239908426015,0.2331602451178122,21.01543432349174,271.2204974362536,257.603642486332,88.3861628929578,361.5361628929578,90.0,False,477.07594366159657,44,557.3531423248935,88.38619260353171,88.3861331823839,55.183208495268495,43.83445057996862,11.348757915299878,57.30869358867539,37.41456926478627,19.894124323889116,54.0845014075066,4.484553540901231,73.06942987728489,42.73261900415415,50.08409435937361,5.055172302911926,1,0.25,0.0,270.0,270.0
20260724_230314__rp0p25__vinf25__inc0__toff56210__Om270__om90,1.4306049866744706,0.2233245331377317,23.70168832560552,83.00347775856739,624.9962220738778,-66.26171459141324,206.88828540858674,,True,401.861448181285,20,170.55640311112856,-66.26172354994695,-66.26170563287953,-59.617961594116224,-75.93248812300236,16.314526528886134,-51.708261482658806,-78.42121296822215,26.712951485563345,-65.928760356705,8.260276364830844,-81.57844760708615,-66.28433606718004,-64.71707573001112,5.25690742720019,2,0.25,0.0,270.0,90.0
20260724_230314__rp0p25__vinf25__inc0__toff56210__Om90__om0,1.0166818183807187,0.2811479078892679,25.93211793520845,176.12114869988952,374.4340848938256,15.722192153453422,288.8721921534534,70.81186354627908,False,724.0201133445147,24,343.01144691510746,15.417578095308777,16.026806211598068,21.32426609763864,-18.181762014126026,39.506028111764664,42.13037450085333,-26.30606711441227,68.4364416152656,0.6781696504647001,12.531133556781429,0.40545913778050924,27.55429991633209,16.225151961743748,4.7471068422819584,2,0.25,0.0,90.0,0.0
20260724_230314__rp0p25__vinf25__inc0__toff56210__Om90__om180,1.2306201758912432,0.1267112473459505,22.581199552910444,52.097455203989526,498.6362375045165,-56.09023670761202,217.05976329238797,,True,399.4934319310725,25,226.49823578441658,-56.090249274398026,-56.090224140826066,-52.76821389359877,-67.61472144032038,14.846507546721611,-45.96597859401708,-70.94551910901615,24.979540514999066,-58.004348204439715,7.133628302637156,-71.40696972328493,-60.54205317853832,-57.867328029493656,4.312175009928982,1,0.25,0.0,90.0,180.0
20260724_230314__rp0p25__vinf25__inc0__toff56210__Om90__om270,1.4306049866744706,0.2233245331377317,23.70168832560552,83.00347775856739,624.9962220738778,-66.26171459141324,206.88828540858674,,True,401.861448181285,20,170.55640311112856,-66.26172354994695,-66.26170563287953,-59.617961594116224,-75.93248812300236,16.314526528886134,-51.708261482658806,-78.42121296822215,26.712951485563345,-65.928760356705,8.260276364830844,-81.57844760708615,-66.28433606718004,-64.71707573001112,5.25690742720019,2,0.25,0.0,90.0,270.0
20260724_230314__rp0p25__vinf25__inc0__toff56210__Om90__om90,0.7923239872915679,0.2331602469643267,21.015434260483964,271.22049837127014,257.603640754542,88.38616464899137,361.53616464899136,90.0,False,477.07594614035645,44,557.3531475745328,88.38619435956954,88.38613493841318,55.18320963962865,43.834451984911055,11.348757654717595,57.308695309981026,37.414570699681946,19.89412461029908,54.08450274372945,4.484553504522957,73.06943163331846,42.73262072545979,50.084095503733764,5.055172319448047,1,0.25,0.0,90.0,90.0
20260724_230314__rp0p25__vinf25__inc30__toff56210__Om0__om0,1.3788260121350175,0.204388457249952,23.304570159776578,71.49021877675223,591.373680858856,-64.03027143228375,209.1197285677162,,True,402.6566087364074,21,182.8291196255622,-64.03028183191947,-64.03026103264804,-58.13099862623781,-74.17944642561167,16.04844779937386,-50.35255672636819,-76.86493973343028,26.512383007062084,-64.23814656444381,8.026126642998207,-79.34700444795666,-64.92863131088943,-63.2301127621327,5.716894492920149,2,0.25,30.0,0.0,0.0
20260724_230314__rp0p25__vinf25__inc30__toff56210__Om0__om180,0.8829994133590646,0.1596977056968631,24.930210706507143,286.80832446843897,303.0668345616973,49.59316859048809,322.74316859048804,90.0,False,507.2790847692249,36,442.06601652581514,49.59325148026787,49.593085700708315,30.276467476532503,10.475659628182484,19.80080784835002,36.94113373266263,1.6452559792406398,35.29587775342199,25.83646502651905,7.648148535409145,34.27643557481518,22.36505914814139,25.177353340637616,4.912200031792338,2,0.25,30.0,0.0,180.0
20260724_230314__rp0p25__vinf25__inc30__toff56210__Om0__om270,1.2481316149214106,0.1390635470883844,23.746185182037564,38.02109352297312,509.3172274271904,-57.17076820124487,215.9792317987551,,True,399.61156329849064,25,220.55547392364423,-57.17077692763843,-57.170759474851295,-53.618000055424346,-68.52913819946463,14.91113814404028,-46.75206959995077,-71.82198079234705,25.069911192396276,-58.76268961667914,7.306865932197596,-72.48750121691778,-61.32814418447201,-58.71711419131923,4.569765520926923,1,0.25,30.0,0.0,270.0
20260724_230314__rp0p25__vinf25__inc30__toff56210__Om0__om90,0.9892361890096284,0.3785730925865211,21.69865698032752,206.44028573383235,359.37493532798686,27.644954725723316,300.7949547257233,90.0,False,651.5145263725566,28,375.6541722377334,27.64028980229388,27.649619649152744,28.67337544147903,-6.254320569492914,34.92769601097194,47.5926354688053,-12.811315626304923,60.40395109511022,8.913488980423299,9.368600951920994,12.328221710050403,33.01656088428406,23.574261305584145,5.405464056882556,2,0.25,30.0,0.0,90.0
20260724_230314__rp0p25__vinf25__inc30__toff56210__Om180__om0,0.7278003749144271,0.3477972989469803,24.212242188321987,259.09289099970005,226.7859800121821,130.4606713068254,403.61067130682534,90.0,False,631.4209161574748,51,685.1252862851551,130.4607076362216,130.46063497742918,97.19823691165064,81.38580493098519,15.812431980665451,103.7352438733272,75.8186636910279,27.916580182299313,89.92563244679972,3.4798849848975237,115.14393829115248,89.15916928880597,92.09912277575575,5.396737817814231,1,0.25,30.0,180.0,0.0
20260724_230314__rp0p25__vinf25__inc30__toff56210__Om180__om180,1.6461932221223652,0.319234394887897,23.39853775065705,94.0990989604158,771.4699321542009,-73.18342829806186,199.9665717019381,,True,391.5671757187843,17,132.48805665626975,-73.18343247010431,-73.18342412601939,-64.61171404903659,-81.52378878190149,16.912074732864895,-56.13138673200608,-83.29969134333973,27.168304611333653,-71.49678169904759,8.837409846187569,-88.50016131373476,-70.70746131652731,-69.71082818493149,4.789768867145566,0,0.25,30.0,180.0,180.0
20260724_230314__rp0p25__vinf25__inc30__toff56210__Om180__om270,1.0803905018860556,0.2061032613885255,28.11224587752384,146.30759838550992,410.1747542758503,-43.10917768949461,230.04082231050538,,True,695.0014201140671,49,297.89441708566847,-43.10919281906463,-43.10916255992458,-32.15860853858092,-57.220256755907855,25.061648217326933,-19.58634000822363,-62.40014275260351,42.81380274437988,-43.85820508394027,9.600264422282436,-58.425910705167524,-34.16241459274487,-37.25772267447581,3.547084357650361,1,0.25,30.0,180.0,270.0
20260724_230314__rp0p25__vinf25__inc30__toff56210__Om180__om90,1.167996042347918,0.0752865195239307,22.6958196652158,83.68669783093786,461.0625492315246,-51.79516253160809,221.35483746839188,,True,411.9947349314185,28,250.12073511618073,-51.79517562207435,-51.79514944114185,-49.10947158731014,-63.9404998896441,14.831028302333962,-42.63976679562907,-67.6568583324647,25.017091536835622,-54.29205389981495,6.877663564542999,-67.11189554728101,-57.21584138015031,-54.208585723205026,3.5845675516084365,0,0.25,30.0,180.0,90.0
20260724_230314__rp0p25__vinf25__inc30__toff56210__Om270__om0,1.2075255995643623,0.1114581190322099,25.131055101016656,45.3437463807016,484.6657274703983,-54.578738126217864,218.5712618737821,,True,431.1107856547281,26,234.81181094419435,-54.578750545647196,-54.57872570678853,-50.61233362868995,-66.47245082256254,15.860117193872583,-43.42565569528749,-70.14130973632503,26.71565404103754,-56.120634382716105,7.588743093227755,-69.89547114189078,-58.001730279808726,-55.71144776458484,3.981606316433883,0,0.25,30.0,270.0,0.0
20260724_230314__rp0p25__vinf25__inc30__toff56210__Om270__om180,0.9438006279567466,0.2684068964360735,25.14277799667831,180.38918895578695,334.9023409968352,34.41613222652032,307.56613222652027,90.0,False,775.7896232511265,31,396.52768192306996,34.40931213240537,34.42295232063528,38.271303522975465,-2.3132905095497907,40.58459403252525,59.30356402350166,-11.685046169502519,70.98861019300418,17.175801847399807,12.245184192456692,19.099399210847405,44.72748943898042,33.17218938708058,5.020044551764386,2,0.25,30.0,270.0,180.0
20260724_230314__rp0p25__vinf25__inc30__toff56210__Om270__om270,0.901325829838077,0.1349955284600514,27.916761699446223,289.88101028579,312.55072884777525,42.84121635624381,315.9912163562438,90.0,False,562.4946957105815,34,422.6961071520131,42.84248583133421,42.839946881153416,28.542744263253645,4.538357570958282,24.004386692295363,37.01481378461953,-5.457645196269184,42.47245898088871,22.387358930973964,9.23855139236696,27.5244833405709,22.43873920009829,23.44363012735876,4.0717622816179535,1,0.25,30.0,270.0,270.0
20260724_230314__rp0p25__vinf25__inc30__toff56210__Om270__om90,1.4103001899946852,0.2002567632215497,26.191654805935755,111.8277044159024,611.7375465814735,-65.52533987616403,207.62466012383595,,True,417.3649758230646,21,174.60739622237966,-65.52534608099946,-65.5253336713286,-58.343781230094564,-75.02633830319745,16.682557073102885,-50.59637796335862,-77.68299410014124,27.086616136782624,-64.75319671047747,8.448809595129163,-80.84207289183693,-65.17245254787986,-63.44289536598945,4.541338453036087,0,0.25,30.0,270.0,90.0
20260724_230314__rp0p25__vinf25__inc30__toff56210__Om90__om0,1.1263574205131002,0.3157697218069617,27.551812193676103,172.12100027862962,436.6285474924404,-45.88015874650563,227.26984125349435,,True,687.9869606735648,33,282.6536489484409,-45.88017391567292,-45.88014357733833,-33.25494134375518,-58.66567111596252,25.41072977220734,-19.939705516550234,-63.13201699498005,43.192311478429815,-46.27176742873901,9.30740425628197,-61.19689176217854,-34.51578010107147,-38.354055479650064,5.093274128922198,2,0.25,30.0,90.0,0.0
20260724_230314__rp0p25__vinf25__inc30__toff56210__Om90__om180,1.24501658888183,0.1468277402997767,19.707404347380397,50.54433436098866,507.4117239193752,-56.923933426237845,216.22606657376213,,True,369.53809534881566,25,221.9118018851442,-56.92394294795344,-56.92392390452226,-54.45552058214395,-68.18417204023096,13.728651458087015,-48.05862458727299,-71.21062354521293,23.151998957939938,-59.36608507461133,6.58164654185159,-72.24066644191076,-62.634699171794225,-59.554634718038834,4.398244016536854,0,0.25,30.0,90.0,180.0
20260724_230314__rp0p25__vinf25__inc30__toff56210__Om90__om270,1.372143451379739,0.1933256472990219,22.50682297855981,62.25978067733916,587.0797035461313,-63.782465108650044,209.36753489134992,,True,379.8552591282014,21,184.1918828497486,-63.78247668443375,-63.78245353286636,-58.84897549613896,-73.89081291973011,15.041837423591147,-51.6565569887417,-76.54093322255328,24.88437623381158,-64.37313015852335,7.621326729168146,-79.09919812432295,-66.23263157326294,-63.94808963203385,5.040038680101366,2,0.25,30.0,90.0,270.0
20260724_230314__rp0p25__vinf25__inc30__toff56210__Om90__om90,0.7211794476627111,0.3006985277158152,19.70500178371639,269.99636077757503,223.6983613393404,131.4052126653283,404.55521266532827,90.0,False,509.54190665705227,51,685.9475433292438,131.40525644230817,131.40516888834847,89.0606533660652,81.58736172226764,7.473291643797552,92.90161967097235,78.32194880922364,14.57967086174871,87.01443122572172,2.6693283551812357,116.08847964965538,78.32554508645111,83.9615392301703,5.66088770526556,2,0.25,30.0,90.0,90.0
20260724_230314__rp0p25__vinf25__inc60__toff56210__Om0__om0,1.4913395684121868,0.258325697887344,23.362028864729133,74.87699575814011,665.2158698687573,-68.4795541588418,204.6704458411582,,True,397.99891883422447,19,158.35869112283336,-68.47956143378683,-68.47954688389675,-61.37196020799112,-77.83138851119874,16.459428303207616,-53.184322427159394,-80.08521528810665,26.90089286094726,-67.82502023783839,8.437335336066113,-83.7962871745147,-67.76039701168062,-66.47107434388602,5.047211686470536,1,0.25,60.0,0.0,0.0
20260724_230314__rp0p25__vinf25__inc60__toff56210__Om0__om180,0.7466365597828374,0.3010083580669216,25.47584342557701,241.79119918159773,235.6468658884745,115.27903050696892,388.4290305069689,90.0,False,735.7830281833485,48,640.0348111344423,115.27907221102784,115.27898880290999,92.35408925474528,65.73990514073839,26.61418411400689,103.71571593871036,56.06878159958778,47.64693433912258,80.19475248666322,6.290672785543222,99.96229749129601,89.13964135418912,87.25497511885038,5.262960054194821,1,0.25,60.0,0.0,180.0
20260724_230314__rp0p25__vinf25__inc60__toff56210__Om0__om270,1.2059558549826817,0.1067430028308991,25.53841560158565,37.36095569783905,483.72095980840254,-54.48987506439787,218.6601249356021,,True,426.46943363218486,26,235.30096442700756,-54.489887887364,-54.48986224143179,-50.75433103404796,-66.35519387599413,15.600862841946174,-43.771028435668335,-70.04705238208304,26.276023946414703,-56.038020517072496,7.5280807459432,-69.80660808007079,-58.34710302018957,-55.853445169942844,4.037043906252116,0,0.25,60.0,0.0,270.0
20260724_230314__rp0p25__vinf25__inc60__toff56210__Om0__om90,1.0387460199177905,0.2485264736478784,24.080009206492928,209.88910682307812,386.6890279954095,9.073624332639495,282.2236243326395,58.82116446134409,False,476.2598263359975,31,325.5544738497329,8.783142200321487,9.364106464957501,1.7804741972137403,-21.165311787992515,22.945785985206257,13.233659546617618,-26.781747115272427,40.01540666189005,-9.39695614840323,7.519043710389283,-6.243108683033418,-1.342415037903617,-3.318639938681148,4.341513391124517,1,0.25,60.0,0.0,90.0
20260724_230314__rp0p25__vinf25__inc60__toff56210__Om180__om0,0.7524068943917406,0.361272438627932,25.97567436561604,257.36148724139883,238.3839106019396,116.70223001083649,389.8522300108365,90.0,False,632.0513604675535,48,644.5583621083691,116.7022665437122,116.70219347796076,88.29707447304597,70.49752257233149,17.799551900714476,95.66826778804891,64.13468555698499,31.533582231063917,80.1317199571463,3.8239941751877495,101.38549699516358,81.09219320352767,83.19796033715107,5.372701112977166,1,0.25,60.0,180.0,0.0
20260724_230314__rp0p25__vinf25__inc60__toff56210__Om180__om180,1.9689159901924524,0.4450486212569844,21.81522322981928,94.1707988900452,1009.1101382039142,-79.45203821036095,193.697961789639,,True,391.00866398600937,13,98.01105510538392,-79.45204213402333,-79.45203428669858,-68.72992911518767,-86.68768098797689,17.957751872789217,-59.27966503659801,-87.80080991628189,28.52114487968388,-76.52256422123645,9.455865043588716,-94.76877122603386,-73.85573962111924,-73.82904325108257,5.008253987698385,0,0.25,60.0,180.0,180.0
20260724_230314__rp0p25__vinf25__inc60__toff56210__Om180__om270,1.1812249882279051,0.1792211759695456,29.2530396320658,95.99625719908782,468.9178109186879,-52.20490682808952,220.94509317191046,,True,635.9761259108442,27,247.86897804950362,-52.20492161588994,-52.204892040289096,-41.628739660075844,-65.08994985975185,23.46121019967601,-29.8089483436598,-69.43355722507037,39.62460888141057,-51.81802252563307,10.030637016660336,-67.52163984376243,-44.38502292818104,-46.72785379597073,2.3199088159441503,0,0.25,60.0,180.0,270.0
20260724_230314__rp0p25__vinf25__inc60__toff56210__Om180__om90,1.1170421400500838,0.0717362632345911,23.813875279014457,168.46516941898187,431.2232078245406,-47.56459969048583,225.58540030951414,,True,420.25641664048635,32,273.38794753450674,-47.56461489815593,-47.56458448281573,-45.49592787625739,-60.019465187626224,14.523537311368834,-39.61287135749636,-64.12916133470374,24.51628997720738,-50.47033073807159,6.5259244005154,-62.881332706158744,-54.1889459420176,-50.59504201215228,2.3852854874383365,0,0.25,60.0,180.0,90.0
20260724_230314__rp0p25__vinf25__inc60__toff56210__Om270__om0,1.178152114562664,0.1143373280132694,26.551296856471257,30.96566290384394,467.08921642955806,-52.40863943839881,220.74136056160117,,True,460.9097261158431,27,246.74757316535099,-52.40865421747573,-52.408624659321895,-48.143335191491595,-64.83070102393779,16.687365832446197,-40.547708978457145,-68.8151218092997,28.267412830842552,-53.91965992924516,7.856645450438577,-67.72537245407172,-55.12378356297838,-53.24244932738648,3.761719749215101,0,0.25,60.0,270.0,0.0
20260724_230314__rp0p25__vinf25__inc60__toff56210__Om270__om180,0.9259299606138324,0.2633317967628132,23.547969340666192,177.5776724910908,325.4355522547376,39.52535289066024,312.67535289066024,90.0,False,777.9504510770184,32,411.38379866947844,39.52281016652789,39.52789561479259,41.847464138742275,1.274264452134965,40.57319968660731,63.07730380828541,-8.27517337865752,71.35247718694293,20.52077129505857,11.913451055902222,24.208619874987324,48.50122922376417,36.74835000284739,5.087327706276651,3,0.25,60.0,270.0,180.0
20260724_230314__rp0p25__vinf25__inc60__toff56210__Om270__om270,0.9774255508517335,0.0683345299161782,32.531052154899434,342.9624023514384,352.95823735974176,20.46143086099808,293.61143086099804,90.0,False,674.4764551467354,28,356.9826636978291,20.47608830527055,20.446773416725605,18.94688550777323,-14.039481180477146,32.98636668825038,33.1700129731035,-24.454409479658626,57.62442245276213,7.617233133113434,13.003154457862909,5.144697845325169,18.593938388582266,13.847771371878343,2.792920618905306,0,0.25,60.0,270.0,270.0
20260724_230314__rp0p25__vinf25__inc60__toff56210__Om270__om90,1.295361092364476,0.1391889977573648,27.8069060669002,159.70851504397132,538.4979606813368,-60.041272669610194,213.1087273303898,,True,399.8221924873489,23,204.7692037610333,-60.041284283820346,-60.041261055400064,-54.87769227746371,-69.82298337313287,14.945291095669162,-48.69617734868088,-73.08797359928637,24.391796250605495,-60.133284500189724,7.4958673943053284,-75.3580056852831,-63.272251933202114,-59.976806413358595,3.4902134592930483,0,0.25,60.0,270.0,90.0
20260724_230314__rp0p25__vinf25__inc60__toff56210__Om90__om0,1.297269837783509,0.3089524629593913,31.30473595914856,133.81652394042806,539.6886333877276,-58.62139000089908,214.5286099991009,,True,721.1457526638222,23,212.57960394467392,-58.62140162357532,-58.62137837822282,-42.5007188463337,-69.89803757838894,27.39731873205524,-27.91802333719369,-73.49846987521539,45.580446538021704,-56.02647393020122,11.349686277715932,-73.93812301657199,-42.494097921714925,-47.599832982228584,5.0772404292644335,2,0.25,60.0,90.0,0.0
20260724_230314__rp0p25__vinf25__inc60__toff56210__Om90__om180,1.2440470544123463,0.1718632879085611,17.63576691780591,44.13528344287694,506.8191325753149,-56.69480505475717,216.4551949452428,,True,358.8860149797593,25,223.16959536511155,-56.694815330831474,-56.69479477868282,-54.70067740987203,-67.97285897902212,13.272181569150092,-48.33563199124269,-70.85246312394968,22.516831132706983,-59.58626132475073,6.259863296497606,-72.01153807043008,-62.91170657576393,-59.799791545766915,4.198182606219317,0,0.25,60.0,90.0,180.0
20260724_230314__rp0p25__vinf25__inc60__toff56210__Om90__om270,1.21685035008661,0.1049540335603889,22.700860786977483,31.75480767888784,490.2905780316742,-55.26043297763528,217.8895670223647,,True,375.704803725915,26,231.06225925710248,-55.26044330567162,-55.26042264959896,-53.12010683991282,-66.739457607415,13.619350767502183,-47.14085299816231,-70.07835311826744,22.937500120105135,-57.55624083806844,6.678493511321996,-70.5771659933082,-61.716927582683546,-58.21922097580771,3.610331575242834,0,0.25,60.0,90.0,270.0
20260724_230314__rp0p25__vinf25__inc60__toff56210__Om90__om90,0.7642430409101882,0.2325943616458536,21.26289148713306,264.1780524648983,244.03101683232995,102.22118070612555,375.37118070612553,90.0,False,524.9097483219213,46,598.980338633336,102.22122065571149,102.2211407565396,68.32020321446709,54.530353997483395,13.78984921698369,70.94885845602745,47.406130163968456,23.542728292058996,65.6216876980815,4.640506912762703,86.90444769045264,56.372783871506215,63.2210890785722,5.008449931639092,2,0.25,60.0,90.0,90.0
20260724_230314__rp0p25__vinf25__inc90__toff56210__Om0__om0,1.780937562963534,0.3828313564172327,24.3829305592172,82.6612123605276,868.1021490952062,-76.15914705937938,196.99085294062058,,True,419.5994926589563,15,116.12192054741521,-76.15915157736956,-76.1591425413892,-65.7960387150744,-84.20286816309982,18.40682944802542,-56.133367616662255,-85.69416795217658,29.56080033551433,-73.57225383657327,9.643682387447882,-91.47588007505229,-70.70944220118349,-70.8951528509693,4.597047127053144,0,0.25,90.0,0.0,0.0
20260724_230314__rp0p25__vinf25__inc90__toff56210__Om0__om180,0.7332199712101505,0.3607954723633659,21.781205286228733,246.01498126001823,229.32384708930823,128.66316186949925,401.81316186949925,90.0,False,713.523226651231,50,678.5989972308105,128.66320179224886,128.6631219467496,101.56695378120219,78.04684108992936,23.52011269127283,114.18287929586283,73.08366264588098,41.099216649981855,87.6778853178129,4.267957572356366,113.34642885382634,99.6068047113416,96.4678396453073,5.520829733182193,1,0.25,90.0,0.0,180.0
20260724_230314__rp0p25__vinf25__inc90__toff56210__Om0__om270,1.1428434544752837,0.0578095583958243,27.278519488650694,74.62571223619328,446.24967029177947,-49.82698966212241,223.32301033787758,,True,482.4804900087014,30,260.9465460655343,-49.82700087185083,-49.826978452393966,-45.33651610442675,-62.51207187537966,17.17555577095291,-37.8634627393169,-66.86335045097182,28.99988771165492,-51.32658324033807,7.898618388631398,-65.14372267779532,-52.43953732383814,-50.435630240321636,3.0950847117793345,0,0.25,90.0,0.0,270.0
20260724_230314__rp0p25__vinf25__inc90__toff56210__Om0__om90,1.1221360414332968,0.1811524439252093,26.03989992720594,186.95823847639176,434.17624434300086,-47.315535610067926,225.83446438993207,,True,467.4444524582843,32,274.75942940428604,-47.315548135447585,-47.31552308468826,-42.933265131627465,-59.24892855771935,16.315663426091888,-35.943380985185165,-63.519566325883595,27.57618534069843,-49.35135208084081,6.969308842011195,-62.632268625740835,-50.5194555697064,-48.03237926752235,2.8973206650340697,0,0.25,90.0,0.0,90.0
20260724_230314__rp0p25__vinf25__inc90__toff56210__Om180__om0,0.7962940912007014,0.350715286915684,25.23514928750201,254.4001319918273,259.54222894376164,93.049428834449,366.199428834449,90.0,False,573.5871128246974,43,572.9960804152802,93.0494669638771,93.0493907050209,68.42967264339728,51.707716458894865,16.721956184502417,75.64593913493393,46.05017619876996,29.595762936163965,60.48871081610773,3.7959909088697117,77.7326958187761,61.06986455041269,63.330558507502396,4.78516904294008,1,0.25,90.0,180.0,0.0
20260724_230314__rp0p25__vinf25__inc90__toff56210__Om180__om180,2.071027549738594,0.5164560335179849,21.051442900993376,86.56618961973247,1088.6207411301898,-80.4287911755292,192.72120882447078,,True,454.01634139560394,13,92.63892049103062,-80.42879239696758,-80.4287899540908,-67.03207307782068,-87.80481729633402,20.77274421851334,-55.32730030486969,-88.79900979823783,33.471709493368145,-76.92315538769587,10.25605131775032,-95.74552419120211,-69.90337488939092,-72.13118721371558,5.042471983670086,0,0.25,90.0,180.0,180.0
20260724_230314__rp0p25__vinf25__inc90__toff56210__Om180__om270,1.2249491822118732,0.2074432332107186,30.77440117412517,59.22037185959522,495.1934579037903,-55.12666997221422,218.02333002778576,,True,640.9498393172258,25,231.8000042319695,-55.12668455601772,-55.12665538841073,-44.06536864624604,-67.78155149284619,23.716182846600148,-31.738083813363314,-71.86673290367446,40.12864909031114,-54.18622365236168,10.471601779234952,-70.44340298788714,-46.31415839788455,-49.16448278214093,2.877936122741092,0,0.25,90.0,180.0,270.0
20260724_230314__rp0p25__vinf25__inc90__toff56210__Om180__om90,1.1027005296513963,0.1689123110441978,24.43626489934824,197.6147415535453,422.94526291488734,-45.65291877693921,227.49708122306077,,True,428.09194643642434,35,283.90208148195245,-45.65293364361902,-45.6529039102594,-43.29370710408708,-57.69836355452919,14.404656450442104,-37.42863518381461,-61.840077596553385,24.411442412738772,-48.662254813608435,6.15122995243091,-60.969651792612126,-52.00470976833585,-48.39282123998197,2.836497130440848,0,0.25,90.0,180.0,90.0
20260724_230314__rp0p25__vinf25__inc90__toff56210__Om270__om0,1.1542094019599605,0.136170282505344,25.999912561857062,20.428496945486238,452.9233406012121,-50.39802157435813,222.75197842564185,,True,471.7360209958711,29,257.8060681337602,-50.39803298551885,-50.39801016319744,-46.356879337654945,-63.337245231425804,16.98036589377086,-38.43352755632314,-67.44389840521245,29.01037084888931,-52.3419141608017,7.797193288480365,-65.71475459003105,-53.00960214084438,-51.45599347354983,3.642766480283036,0,0.25,90.0,270.0,0.0
20260724_230314__rp0p25__vinf25__inc90__toff56210__Om270__om180,0.9460794330093056,0.2761521881740977,22.289962290968443,173.52159773691557,336.1160045791088,34.33135335501609,307.48135335501604,90.0,False,759.3419304247539,31,395.5196487938514,34.319544567287565,34.343162142744625,37.36448066839673,-3.269848271869306,40.63432894026604,58.86502325622044,-12.22504955544288,71.09007281166332,15.78253007578415,11.863812470340019,19.01462033934318,44.2889486716992,32.265366532501844,5.045627892701042,3,0.25,90.0,270.0,180.0
20260724_230314__rp0p25__vinf25__inc90__toff56210__Om270__om270,1.147426132432262,0.1681026244739787,33.17425362651397,44.20168625367792,448.93647821822987,-49.60598379678038,223.5440162032196,,True,685.5813535537509,29,262.16413819136426,-49.60599790917439,-49.60596968438635,-38.738537988669194,-63.274309906038525,24.53577191736933,-26.303763215719563,-68.17557844258991,41.871815226870346,-48.81023490076285,10.609643656935276,-64.92271681245329,-40.8798378002408,-43.83765212456408,2.5973161709985857,0,0.25,90.0,270.0,270.0
20260724_230314__rp0p25__vinf25__inc90__toff56210__Om270__om90,1.0750484099983966,0.1607422904702079,28.078374220024543,242.92851284018585,407.1362968620373,-43.0387571939414,230.11124280605858,,True,393.9402020158754,51,298.2816369844297,-43.038773197919255,-43.03874118996355,-42.975469640849,-55.26070896808986,12.285239327240859,-39.281635763813185,-59.89537242695235,20.613736663139164,-46.18276010305427,5.570291551532485,-58.35549020961432,-53.85771034833442,-48.074583776743886,3.1172031444700625,0,0.25,90.0,270.0,90.0
20260724_230314__rp0p25__vinf25__inc90__toff56210__Om90__om0,1.2308314094345498,0.2800387065733455,28.936165418018007,150.31619155313516,498.76462791416895,-54.7345233889943,218.4154766110057,,True,638.309335722289,25,233.95636637260486,-54.734537581244304,-54.7345091967443,-42.177801211980594,-66.26692190433427,24.089120692353674,-29.8488234936904,-70.12292811554923,40.274104621858825,-53.691514752333354,9.913311099292109,-70.05125640466721,-44.42489807821163,-47.27691534787548,4.861937084567298,2,0.25,90.0,90.0,0.0
20260724_230314__rp0p25__vinf25__inc90__toff56210__Om90__om180,1.2361678586399043,0.2031307589229531,17.797460155715378,36.97571578460274,502.0118415140389,-55.925368466105425,217.22463153389455,,True,383.1384846786239,25,227.4014828522132,-55.925380781683096,-55.92535615052777,-53.28794106727857,-67.56758004116622,14.279638973887657,-46.14688168831808,-70.5329236100241,24.386041921706017,-58.80293214857599,6.558304157653097,-71.24210148177833,-60.72295627283932,-58.38705520317345,3.981157526922496,0,0.25,90.0,90.0,180.0
20260724_230314__rp0p25__vinf25__inc90__toff56210__Om90__om270,1.0361719835304073,0.0998379453689776,23.300143004957945,300.1054980902577,385.2525824225857,6.519559511709576,279.66955951170956,56.4426902380793,False,392.8405026523297,33,318.5002242768769,6.567215330873765,6.471903692545389,-7.077189924440553,-24.497031538082737,17.419841613642184,0.4520508043576889,-30.59336434252377,31.04541514688146,-12.819888252525038,6.726144693606434,-8.797173503963336,-14.124023780163546,-12.176304060335442,2.498293926921969,0,0.25,90.0,90.0,270.0
20260724_230314__rp0p25__vinf25__inc90__toff56210__Om90__om90,0.9189758173638712,0.1410419445780811,22.272458104280798,206.71702538061868,321.77619742826914,38.17566992944989,311.3256699294499,90.0,False,540.0383261780449,33,406.9613679000149,38.177235895933336,38.17410396296645,26.297639922872378,1.807387655372764,24.490252267499613,36.29431542395677,-6.516780745929499,42.81109616988627,16.786672457649836,8.411936090844543,22.858936913776976,21.71824083943553,21.19852578697749,3.287192756590832,1,0.25,90.0,90.0,90.0
20260724_230314__rp0p25__vinf25__incm30__toff56210__Om0__om0,1.646193221430159,0.3192343945534814,23.39853775250955,94.09909898251982,771.4699316676089,-73.18342828066665,199.96657171933333,,True,391.56717568402837,17,132.48805675194032,-73.1834324527095,-73.1834241086238,-64.61171403834211,-81.52378876707188,16.912074728729763,-56.13138672494347,-83.29969133036687,27.1683046054234,-71.49678168529434,8.837409843787924,-88.50016129633956,-70.7074613094647,-69.71082817423701,4.789768864598996,0,0.25,-30.0,0.0,0.0
20260724_230314__rp0p25__vinf25__incm30__toff56210__Om0__om180,0.7277798548862059,0.3476638808286621,24.213038100792616,259.1024178891048,226.77638887551552,130.46136631673383,403.6113663167338,90.0,False,631.3371838439592,51,685.1277630433657,130.46140266624582,130.4613299672219,97.1899489387659,81.37642550731788,15.813523431448019,103.71746412093933,75.80119783550347,27.916266285435853,89.92715944439266,3.4828173035888597,115.14463330106092,89.14138953641809,92.090834802871,5.396524014538173,1,0.25,-30.0,0.0,180.0
20260724_230314__rp0p25__vinf25__incm30__toff56210__Om0__om270,1.167996042398734,0.0752865197048109,22.69581966658713,83.68669778340885,461.0625492616138,-51.79516253494349,221.35483746505648,,True,411.9947350706406,28,250.12073509784236,-51.79517562540987,-51.79514944447713,-49.10947158473331,-63.940499893841114,14.8310283091078,-42.6397667884587,-67.65685833687715,25.01709154841845,-54.29205390124085,6.877663567143692,-67.11189555061641,-57.21584137297994,-54.2085857206282,3.584567551722435,0,0.25,-30.0,0.0,270.0
20260724_230314__rp0p25__vinf25__incm30__toff56210__Om0__om90,1.0803905018822206,0.2061032613322903,28.11224587785834,146.30759839060153,410.1747542736664,-43.10917768976535,230.04082231023463,,True,695.0014200283966,49,297.8944170841774,-43.10919281933563,-43.109162560195074,-32.15860854194471,-57.220256755769114,25.061648213824405,-19.586340014077187,-62.40014275247176,42.81380273839457,-43.8582050846153,9.600264421498657,-58.42591070543827,-34.162414598598424,-37.257722677839595,3.547084357518851,1,0.25,-30.0,0.0,90.0
20260724_230314__rp0p25__vinf25__incm30__toff56210__Om180__om0,0.8829994204069216,0.159697711964707,24.93021068156837,286.8083251872852,303.0668381901907,49.593166399521216,322.7431663995212,90.0,False,507.27907299016744,36,442.0660099229889,49.59324928930197,49.59308350974049,30.276465336327046,10.475658092872226,19.80080724345482,36.94113142649177,1.6452546880099939,35.29587673848178,25.836463138187614,7.64814840126278,34.2764333838483,22.365056841970535,25.177351200432156,4.912200026309785,2,0.25,-30.0,180.0,0.0
20260724_230314__rp0p25__vinf25__incm30__toff56210__Om180__om180,1.3788260118664388,0.204388457303787,23.30457015809547,71.49021882182656,591.3736806860672,-64.03027141895008,209.1197285810499,,True,402.65660894930573,21,182.82911969888747,-64.03028181858605,-64.03026101931411,-58.13099860883345,-74.17944641577716,16.048447806943713,-50.35255670381464,-76.86493972490852,26.512383021093882,-64.23814655208308,8.026126644455275,-79.34700443462299,-64.92863128833588,-63.23011274472834,5.716894492261363,2,0.25,-30.0,180.0,180.0
20260724_230314__rp0p25__vinf25__incm30__toff56210__Om180__om270,0.9892361289486362,0.3785731306784857,21.69865673460489,206.4402974965483,359.37490259907685,27.6449720088968,300.79497200889676,90.0,False,651.5145803668339,28,375.65422417647005,27.64030706476773,27.649636953025876,28.673391210017375,-6.254307197223772,34.927698407241145,47.5926530454894,-12.811302688200971,60.40395573369037,8.913502346704366,9.3686002078708,12.328238993223888,33.01657846096816,23.574277074122485,5.405464890583239,2,0.25,-30.0,180.0,270.0
20260724_230314__rp0p25__vinf25__incm30__toff56210__Om180__om90,1.248131615015869,0.1390635465588359,23.74618518338837,38.02109342704669,509.317227485008,-57.17076821032525,215.9792317896747,,True,399.6115627352571,25,220.5554738736988,-57.17077693671854,-57.17075948393196,-53.61800008187866,-68.52913820208178,14.91113812020312,-46.75206964435976,-71.82198079357576,25.069911149216004,-58.76268962818309,7.3068659245934455,-72.48750122599816,-61.328144228880994,-58.71711421777355,4.569765521759555,1,0.25,-30.0,180.0,90.0
20260724_230314__rp0p25__vinf25__incm30__toff56210__Om270__om0,1.2450165843964636,0.1468277363800061,19.707404318781077,50.54433348475913,507.4117211773303,-56.9239331592491,216.2260668407509,,True,369.5380938415108,25,221.91180335355682,-56.92394268096546,-56.92392363753274,-54.455520455575176,-68.18417180372761,13.728651348152432,-48.0586245345454,-71.21062332169767,23.151998787152266,-59.36608487879392,6.581646488538503,-72.24066617492201,-62.63469911906664,-59.55463459147006,4.398244005312186,0,0.25,-30.0,270.0,0.0
20260724_230314__rp0p25__vinf25__incm30__toff56210__Om270__om180,1.1263574215850536,0.3157697221788291,27.551812186688394,172.12100025937468,436.6285481157489,-45.88015883762356,227.26984116237642,,True,687.9869599375078,33,282.6536484473048,-45.88017400679068,-45.88014366845644,-33.25494143446007,-58.66567118913276,25.410729754672687,-19.939705614668718,-63.132017057125246,43.19231144245653,-46.271767510891166,9.307404255275024,-61.19689185329648,-34.515780199189955,-38.35405557035496,5.0932741123193335,2,0.25,-30.0,270.0,180.0
20260724_230314__rp0p25__vinf25__incm30__toff56210__Om270__om270,0.7222555286360657,0.3003535410137764,19.706721606925672,270.1287151547611,224.19922278921,130.69810441212746,403.84810441212744,90.0,False,508.72880087498925,51,683.8271529881083,130.69814670135864,130.69806212289626,88.51540782191525,80.99854978184736,7.516858040067888,92.37771463160085,77.71904213305699,14.658672498543865,86.44633642447124,2.67718644883017,115.38137139645455,77.80164004707962,83.41629368602035,5.656649265972788,2,0.25,-30.0,270.0,270.0
20260724_230314__rp0p25__vinf25__incm30__toff56210__Om270__om90,1.3721434513992417,0.1933256473061598,22.506822978628907,62.25978067156186,587.0797035586479,-63.782465109554465,209.3675348904455,,True,379.8552591205749,21,184.19188284477667,-63.78247668533844,-63.782453533770486,-58.84897549710953,-73.89081292046363,15.041837423354103,-51.65655698982179,-76.54093322319306,24.884376233371277,-64.37313015933691,7.621326729158255,-79.09919812522737,-66.23263157434302,-63.948089633004415,5.040038680138254,2,0.25,-30.0,270.0,90.0
20260724_230314__rp0p25__vinf25__incm30__toff56210__Om90__om0,0.9438006278482834,0.2684068964250831,25.142777995714503,180.3891889851745,334.902340939104,34.41613225644577,307.56613225644577,90.0,False,775.7896232253712,31,396.5276820129486,34.409312162300495,34.42295235059105,38.27130354286186,-2.313290485197942,40.5845940280598,59.303564039657516,-11.685046146048746,70.98861018570626,17.175801870078182,12.245184189879922,19.099399240772858,44.72748945513628,33.17218940696697,5.020044552065031,2,0.25,-30.0,90.0,0.0
20260724_230314__rp0p25__vinf25__incm30__toff56210__Om90__om180,1.207525599489252,0.1114581189782525,25.131055099851213,45.34374634586867,484.6657274251776,-54.57873812116597,218.571261878834,,True,431.1107856145003,26,234.81181097197594,-54.5787505405955,-54.57872570173643,-50.61233362673796,-66.47245081816496,15.860117191427001,-43.42565569463481,-70.14130973218276,26.71565403754795,-56.12063437911777,7.588743092137136,-69.89547113683888,-58.00173027915605,-55.711447762632844,3.981606315653389,0,0.25,-30.0,90.0,180.0
20260724_230314__rp0p25__vinf25__incm30__toff56210__Om90__om270,1.410300190119849,0.2002567632964733,26.19165480585636,111.82770440151188,611.7375466629107,-65.52533988130102,207.62466011869896,,True,417.3649758340204,21,174.60739619411618,-65.52534608613642,-65.5253336764656,-58.343781233358094,-75.0263383076653,16.682557074307205,-50.59637796573822,-77.6829941040702,27.086616138331983,-64.75319671459455,8.4488095958786,-80.84207289697393,-65.17245255025945,-63.44289536925298,4.541338454199444,0,0.25,-30.0,90.0,270.0
20260724_230314__rp0p25__vinf25__incm30__toff56210__Om90__om90,0.9013264611026608,0.1349954194130736,27.916762222172384,289.8813026271879,312.55105720113056,42.84101787557612,315.9910178755761,90.0,False,562.4944176450852,34,422.6955087245268,42.842287400336346,42.83974835081588,28.542591485303376,4.538197800664689,24.004393684638686,37.01468033661606,-5.457791643748015,42.47247198036408,22.387197241489872,9.238559712153345,27.524284859903208,22.438605752094823,23.44347734940849,4.071759291680368,1,0.25,-30.0,90.0,90.0
20260724_230314__rp0p25__vinf25__incm60__toff56210__Om0__om0,1.968915988248462,0.4450486208276562,21.81522323378972,94.1707987882006,1009.1101367094112,-79.452038179415,193.69796182058496,,True,391.0086642232389,13,98.0110552755719,-79.45204210307749,-79.45203425575251,-68.7299290877624,-86.68768096483937,17.957751877076973,-59.279665004957664,-87.80080989623957,28.521144891281907,-76.52256419619683,9.455865043251961,-94.76877119508791,-73.8557395894789,-73.8290432236573,5.008253986316138,0,0.25,-60.0,0.0,0.0
20260724_230314__rp0p25__vinf25__incm60__toff56210__Om0__om180,0.7523264189482232,0.3612673392013686,25.973268089999262,257.3699024887038,238.34566625948705,116.74793760535277,389.89793760535275,90.0,False,632.0821781656368,48,644.6948987485201,116.74797422963692,116.74790098106865,88.32967651984106,70.5341026484106,17.795573871430463,95.69870013954959,64.17229139436367,31.52640874518592,80.16662673855424,3.8231590116847514,101.43120458967987,81.12262555502835,83.23056238394616,5.37282096840395,1,0.25,-60.0,0.0,180.0
20260724_230314__rp0p25__vinf25__incm60__toff56210__Om0__om270,1.1170421399794708,0.0717362631478273,23.813875277575985,168.46516931753928,431.2232077836514,-47.56459968451135,225.58540031548864,,True,420.2564167365344,32,273.3879475673604,-47.564614892181645,-47.564584476841056,-45.49592786929922,-60.01946518420441,14.523537314905184,-39.612871347615794,-64.1291613320912,24.516289984475407,-50.47033073283496,6.525924401653469,-62.88133270018426,-54.18894593213703,-50.59504200519411,2.385285487147762,0,0.25,-60.0,0.0,270.0
20260724_230314__rp0p25__vinf25__incm60__toff56210__Om0__om90,1.1812249880724837,0.179221175973139,29.253039630685475,95.99625723923916,468.9178108261398,-52.20490681619863,220.94509318380136,,True,635.9761260465528,27,247.86897811489604,-52.20492160399885,-52.20489202839843,-41.628739646428656,-65.08994985020664,23.46121020377798,-29.80894832781446,-69.43355721682404,39.62460888900958,-51.818022514889385,10.03063701693025,-67.52163983187154,-44.38502291233569,-46.72785378232354,2.319908815991788,0,0.25,-60.0,0.0,90.0
20260724_230314__rp0p25__vinf25__incm60__toff56210__Om180__om0,0.7454183787068396,0.3007875833899558,25.472318959323456,241.71496148057216,235.07039378564627,115.9592765458311,389.1092765458311,90.0,False,738.6377092738277,48,642.0815398411252,115.9593198491822,115.95923324247998,92.98000119637379,66.24702339970614,26.732977796667655,104.40031236511489,56.532408387910564,47.86790397720432,80.7575229134346,6.30797483431158,100.64254353015819,89.82423778059365,87.8808870604789,5.266152060656921,1,0.25,-60.0,180.0,0.0
20260724_230314__rp0p25__vinf25__incm60__toff56210__Om180__om180,1.4913395686917572,0.2583256976629638,23.36202886487675,74.87699577714346,665.2158700558118,-68.47955417142413,204.67044582857585,,True,397.9989184572749,19,158.3586910536254,-68.47956144636906,-68.4795468964792,-61.371960230303635,-77.83138851910019,16.459428288796552,-53.1843224598569,-80.08521529469694,26.900892834840036,-67.82502025069385,8.437335332157375,-83.79628718709704,-67.76039704437814,-66.47107436619852,5.04721168488731,1,0.25,-60.0,180.0,180.0
20260724_230314__rp0p25__vinf25__incm60__toff56210__Om180__om270,1.0387460199909235,0.2485264737199464,24.080009207229036,209.8891068334237,386.6890280362467,9.073624319569866,282.22362431956986,58.82116446134409,False,476.2598262793364,31,325.55447381010634,8.78314218729331,9.364106451846425,1.7804741861947546,-21.16531179646788,22.945785982662635,13.233659534525538,-26.781747122075245,40.01540665660078,-9.396956158765704,7.519043709673149,-6.243108696103047,-1.3424150499956973,-3.3186399497001338,4.341513391010629,1,0.25,-60.0,180.0,270.0
20260724_230314__rp0p25__vinf25__incm60__toff56210__Om180__om90,1.2059557911797405,0.1067430506488785,25.538416335386312,37.36093795445298,483.720921420406,-54.48987031655061,218.66012968344938,,True,426.4695070130711,26,235.30099053979936,-54.48988313953033,-54.48985749357089,-50.75432520531943,-66.35519054194145,15.600865336622022,-43.771020914047675,-70.04704960239364,26.276028688345967,-56.03801601650539,7.52808142027456,-69.80660333222352,-58.34709549856891,-55.85343934121432,4.0370436740192455,0,0.25,-60.0,180.0,90.0
20260724_230314__rp0p25__vinf25__incm60__toff56210__Om270__om0,1.2440470529033332,0.1718632869572632,17.635766913327696,44.13528338714565,506.8191316531671,-56.69480496314981,216.45519503685017,,True,358.8860149921912,25,223.16959586891804,-56.694815239224155,-56.6947946870755,-54.70067734557142,-67.97285890200575,13.272181556434333,-48.33563193793727,-70.85246305253413,22.51683111459686,-59.58626125181131,6.259863287395191,-72.01153797882272,-62.91170652245851,-59.79979148146631,4.198182602212987,0,0.25,-60.0,270.0,0.0
20260724_230314__rp0p25__vinf25__incm60__toff56210__Om270__om180,1.2974078998272018,0.3089601690363408,31.30543073758525,133.81275317031222,539.7747902873078,-58.62951411703591,214.52048588296407,,True,721.0333425005557,23,212.53492297405856,-58.629525712157104,-58.629502521914695,-42.510502511711984,-69.90439344946421,27.393890937752225,-27.9300323040509,-73.50390537358612,45.573873069535225,-56.03378954689346,11.349445396710266,-73.94624713270882,-42.506106888572134,-47.60961664760687,5.077233917894549,2,0.25,-60.0,270.0,180.0
20260724_230314__rp0p25__vinf25__incm60__toff56210__Om270__om270,0.7642430408513842,0.2325943615409021,21.26289148379565,264.17805236903416,244.0310168041648,102.22118073210181,375.3711807321018,90.0,False,524.9097486494492,46,598.9803387100541,102.22122068168848,102.22114078251515,68.32020325853067,54.53035401728195,13.789849241248717,70.94885852006847,47.40613017922245,23.54272834084602,65.6216877210416,4.640506914130334,86.9044477164289,56.37278393554723,63.22108912263578,5.008449931587786,2,0.25,-60.0,270.0,270.0
20260724_230314__rp0p25__vinf25__incm60__toff56210__Om270__om90,1.2168503500854355,0.1049540335615974,22.700860786834376,31.754807681825937,490.29057803096447,-55.260432977548284,217.8895670224517,,True,375.70480372844645,26,231.06225925757815,-55.26044330558476,-55.26042264951183,-53.12010683975396,-66.73945760736957,13.619350767615614,-47.140852997930786,-70.07835311822717,22.937500120296384,-57.55624083799005,6.678493511351924,-70.5771659932212,-61.71692758245202,-58.219220975648845,3.610331575246725,0,0.25,-60.0,270.0,90.0
20260724_230314__rp0p25__vinf25__incm60__toff56210__Om90__om0,0.9259299805646624,0.2633318100290127,23.547969572210185,177.5776767277263,325.4355627728809,39.525347486812265,312.67534748681226,90.0,False,777.9504211188522,32,411.38378248568256,39.522804760971006,39.52789021265352,41.84745903298621,1.2742608165164713,40.573198216469734,63.07729791185573,-8.275176443776198,71.35247435563193,20.5207669253173,11.913450826574143,24.208614471139352,48.50122332733449,36.74834489709132,5.087350094442247,3,0.25,-60.0,90.0,0.0
20260724_230314__rp0p25__vinf25__incm60__toff56210__Om90__om180,1.1781521148906335,0.1143373281949311,26.551296848703814,30.965663088187437,467.0892166245978,-52.40863946243262,220.74136053756735,,True,460.90972611519993,27,246.7475730331667,-52.408654241509595,-52.408624683355626,-48.14333520723265,-64.83070104459328,16.68736583736063,-40.547708988677314,-68.81512182739053,28.267412838713213,-53.91965995006886,7.856645452460597,-67.72537247810553,-55.12378357319855,-53.24244934312754,3.761719750258664,0,0.25,-60.0,90.0,180.0
20260724_230314__rp0p25__vinf25__incm60__toff56210__Om90__om270,1.2953610910682365,0.1391889981475506,27.80690606530139,159.70851462032795,538.497959873042,-60.04127259303543,213.10872740696453,,True,399.8221941618288,23,204.7692041821901,-60.04128420724607,-60.04126097882481,-54.877692165587476,-69.82298332187759,14.94529115629011,-48.69617719898063,-73.08797355627078,24.391796357290154,-60.13328442286682,7.49586741268827,-75.35800560870834,-63.272251783501865,-59.97680630148236,3.4902134554197253,0,0.25,-60.0,90.0,270.0
20260724_230314__rp0p25__vinf25__incm60__toff56210__Om90__om90,0.9774255746364706,0.0683345214196489,32.531052167779094,342.9624223297428,352.958250243105,20.461424984251202,293.6114249842512,90.0,False,674.4764550935856,28,356.98264611591213,20.476082459839326,20.44676750866308,18.94688144966253,-14.039485944684307,32.986367394346836,33.17000981308038,-24.454413557835604,57.62442337091598,7.617228459766845,13.003154840225971,5.1446919685782895,18.59393522855914,13.847767313767642,2.792920451275506,0,0.25,-60.0,90.0,90.0
20260724_230314__rp0p25__vinf25__incm90__toff56210__Om0__om0,2.071027549726596,0.5164560334390238,21.05144290161384,86.5661896691803,1088.6207411207297,-80.42879117626991,192.72120882373008,,True,454.01634126922715,13,92.638920486952,-80.42879239770797,-80.42878995483186,-67.03207308239541,-87.80481729608076,20.772744213685343,-55.327300313548015,-88.79900979790831,33.4717094843603,-76.92315538869761,10.25605131645959,-95.74552419194282,-69.90337489806925,-72.13118721829031,5.042471983716937,0,0.25,-90.0,0.0,0.0
20260724_230314__rp0p25__vinf25__incm90__toff56210__Om0__om180,0.7963031023695136,0.3462572103255522,25.16270977404978,254.17424889107247,259.5466345750756,92.71890337533713,365.86890337533714,90.0,False,572.4235278886615,43,571.9707780657577,92.71894133919751,92.71886541147673,68.03920995932806,51.23037562727044,16.80883433205762,75.17459640465793,45.43484665952689,29.739749745131043,60.21209672201053,3.8753390161636787,77.40217035966423,60.598521820136696,62.940095823433175,4.781624196247362,1,0.25,-90.0,0.0,180.0
20260724_230314__rp0p25__vinf25__incm90__toff56210__Om0__om270,1.1027005313623892,0.1689123105380128,24.436264900805767,197.61474085634703,422.9452638992747,-45.652918941669796,227.4970810583302,,True,428.0919466571817,35,283.9020805759387,-45.65293380834928,-45.65290407499031,-43.29370721467984,-57.69836370272537,14.404656488045532,-37.428635269242655,-61.84007773676168,24.411442467519024,-48.66225494494878,6.151229976094811,-60.969651957342705,-52.00470985376389,-48.39282135057473,2.836497127960412,0,0.25,-90.0,0.0,270.0
20260724_230314__rp0p25__vinf25__incm90__toff56210__Om0__om90,1.224949182926044,0.2074432325669405,30.77440117148727,59.22037192833175,495.1934583368524,-55.12667002723883,218.02332997276113,,True,640.9498376294732,25,231.80000392933275,-55.126684611042165,-55.126655443435475,-44.06536874156488,-67.78155152937514,23.716182787810254,-31.738083951112223,-71.8667329336974,40.12864898258518,-54.18622370796853,10.471601766515285,-70.44340304291174,-46.31415853563346,-49.16448287745977,2.8779361195942585,0,0.25,-90.0,0.0,90.0
20260724_230314__rp0p25__vinf25__incm90__toff56210__Om180__om0,0.7328769197473303,0.3603482504979231,21.782573359904543,246.0215068367916,229.1629253705344,128.83260903904988,401.98260903904986,90.0,False,713.6957105952366,50,679.108548004214,128.83264938210078,128.832568695999,101.67956614806593,78.19745762116,23.482108526905932,114.27574857132788,73.2473538250812,41.028394746246676,87.81635338407652,4.267268426844794,113.51587602337698,99.69967398680664,96.58045201217104,5.521106467059533,1,0.25,-90.0,180.0,0.0
20260724_230314__rp0p25__vinf25__incm90__toff56210__Om180__om180,1.7809375639625182,0.3828313562308874,24.382930557620867,82.6612122710934,868.1021498256251,-76.1591470848304,196.99085291516957,,True,419.5994918839078,15,116.12192040743568,-76.15915160282017,-76.15914256684064,-65.7960387612322,-84.20286818101027,18.406829419778077,-56.13336768370821,-85.6941679675889,29.56080028388069,-73.57225386293719,9.64368238095716,-91.4758801005033,-70.70944226822944,-70.89515289712709,4.597047128648184,0,0.25,-90.0,180.0,180.0
20260724_230314__rp0p25__vinf25__incm90__toff56210__Om180__om270,1.1221360417374673,0.181152443610343,26.039899927098496,186.95823850899745,434.1762445195351,-47.31553564009729,225.83446435990268,,True,467.4444519328684,32,274.75942923912766,-47.315548165477544,-47.315523114717045,-42.93326517440103,-59.24892858120838,16.315663406807353,-35.9433810395395,-63.51956634662539,27.576185307085886,-49.35135211004157,6.969308838125272,-62.632268655770204,-50.51945562406074,-48.032379310295916,2.8973206635639226,0,0.25,-90.0,180.0,270.0
20260724_230314__rp0p25__vinf25__incm90__toff56210__Om180__om90,1.1428434527704925,0.0578095566924899,27.278519483118203,74.62571265955727,446.24966929326655,-49.826989525253836,223.32301047474613,,True,482.4804897458405,30,260.9465468182662,-49.82700073498261,-49.82697831552505,-45.33651601339686,-62.51207175719097,17.175555743794106,-37.863462674979246,-66.86335034316711,28.999887668187867,-51.32658312830381,7.898618371473901,-65.14372254092675,-52.43953725950048,-50.43563014929175,3.0950847060730777,0,0.25,-90.0,180.0,90.0
20260724_230314__rp0p25__vinf25__incm90__toff56210__Om270__om0,1.2361678587681588,0.2031307591431627,17.797460154822627,36.97571578583594,502.01184159216575,-55.92536847275721,217.22463152724276,,True,383.1384847791243,25,227.40148281563634,-55.92538078833497,-55.92535615717945,-53.28794106818704,-67.56758004766682,14.279638979479785,-46.14688168456881,-70.53292361620183,24.386041931633017,-58.80293215333228,6.558304159726063,-71.24210148843012,-60.72295626909005,-58.387055204081925,3.981157527201714,0,0.25,-90.0,270.0,0.0
20260724_230314__rp0p25__vinf25__incm90__toff56210__Om270__om180,1.2308313840760583,0.2800386965962377,28.936165405644605,150.31618890891448,498.7646125002971,-54.7345217650925,218.41547823490748,,True,638.3093555654975,25,233.956375303594,-54.73453595734824,-54.73450757283677,-42.17779943765014,-66.26692070965575,24.089121272005613,-29.84882139069103,-70.12292712865367,40.27410573796264,-53.691513291866634,9.913311193185784,-70.05125478076542,-44.424895975212266,-47.27691357354502,4.8619370480195805,2,0.25,-90.0,270.0,180.0
20260724_230314__rp0p25__vinf25__incm90__toff56210__Om270__om270,0.9189758270523518,0.1410419346571056,22.27245832507331,206.71702796734428,321.7762025168511,38.175666860038895,311.3256668600389,90.0,False,540.0383093455166,33,406.9613587380688,38.177232826478495,38.17410089359928,26.297636783291168,1.8073853482808406,24.49025143501033,36.294311627811524,-6.5167829256399825,42.811094553451504,16.786669986262726,8.411936025608027,22.858933844365982,21.718237043290287,21.19852264739628,3.2871926791283377,1,0.25,-90.0,270.0,270.0
20260724_230314__rp0p25__vinf25__incm90__toff56210__Om270__om90,1.036171983937768,0.0998379453229819,23.30014300867171,300.1054982913195,385.252582649773,6.519559427889395,279.6695594278894,56.4426902380793,False,392.84050260542034,33,318.50022402496916,6.567215247630337,6.471903608148456,-7.077189983885088,-24.497031603749345,17.419841619864258,0.4520507536477739,-30.593364404462392,31.045415158110167,-12.819888316325537,6.726144697503807,-8.797173587783519,-14.124023830873462,-12.176304119779976,2.498293926677825,0,0.25,-90.0,270.0,90.0
20260724_230314__rp0p25__vinf25__incm90__toff56210__Om90__om0,0.9460794317394154,0.276152187103904,22.28996230337746,173.5215973598429,336.1160039023733,34.33135366530719,307.48135366530715,90.0,False,759.3419328616765,31,395.51964972909605,34.319544877951984,34.34316245266239,37.36448099540912,-3.2698480665251792,40.634329061934295,58.865023648770375,-12.225049393617384,71.09007304238776,15.782530343643575,11.863812499446023,19.014620649634278,44.28894906424914,32.26536685951423,5.045627890479244,3,0.25,-90.0,90.0,0.0
20260724_230314__rp0p25__vinf25__incm90__toff56210__Om90__om180,1.1542094009132906,0.1361702827694678,25.99991255372357,20.428496563703444,452.9233399851264,-50.39802148762565,222.75197851237434,,True,471.7360212612985,29,257.8060686107794,-50.39803289878603,-50.39801007646527,-46.356879267427274,-63.33724516310532,16.980365895678048,-38.43352748528455,-67.44389834274966,29.010370857465112,-52.34191409072704,7.79719328358226,-65.71475450329856,-53.00960206980579,-51.45599340332216,3.642766476277357,0,0.25,-90.0,90.0,180.0
20260724_230314__rp0p25__vinf25__incm90__toff56210__Om90__om270,1.075048418612613,0.1607422859916695,28.07837423970392,242.928510404693,407.1363017555289,-43.03875810313806,230.1112418968619,,True,393.94020184584446,51,298.28163198382407,-43.03877410711335,-43.03874209916277,-42.97547028989099,-55.26070972575938,12.285239435868384,-39.28163629101407,-59.89537314634426,20.613736855330195,-46.182760850880534,5.570291633747736,-58.355491118810974,-53.857710875535304,-48.07458442578588,3.117203123752472,0,0.25,-90.0,90.0,270.0
20260724_230314__rp0p25__vinf25__incm90__toff56210__Om90__om90,1.1474261324238708,0.1681026244450576,33.17425362725536,44.20168623435004,448.93647821330535,-49.605983796322086,223.5440162036779,,True,685.581353495378,29,262.1641381938871,-49.60599790871627,-49.60596968392792,-38.73853799036824,-63.274309905365314,24.53577191499707,-26.303763219374936,-68.17557844202751,41.87181522265258,-48.81023490061075,10.609643656327982,-64.922716811995,-40.87983780389617,-43.83765212626313,2.5973161706766765,0,0.25,-90.0,90.0,90.0
20260724_230314__rp0p5__vinf25__inc0__toff56210__Om0__om0,1.4563859119186395,0.223912507506597,22.403395859421096,100.2382324352328,641.9666899291227,-67.34577390698273,205.80422609301723,,True,371.3994874210972,20,164.59425282255256,-67.34577989020258,-67.34576792376289,-61.295533804040325,-76.53231447522602,15.236780671185691,-54.0781015446955,-78.84381787548683,24.765716330791335,-67.14375981640329,7.8023508343825085,-82.66250692265564,-68.65417612921674,-66.39464793993521,5.095864228982615,1,0.5,0.0,0.0,0.0
20260724_230314__rp0p5__vinf25__inc0__toff56210__Om0__om180,0.7459020002990039,0.2482155422412985,24.686064786673636,251.91195988377189,235.2991986263993,112.50211346279518,385.65211346279517,90.0,False,650.6628747078149,48,631.3106645737312,112.50215483665934,112.50207208893104,83.87934816879647,61.74455167167119,22.13479649712528,90.56819993625783,51.683288599152014,38.88491133710581,76.90591486781383,6.0841390796488355,97.18538044712227,75.99212535173659,78.78023403290157,4.539773875780156,1,0.5,0.0,0.0,180.0
20260724_230314__rp0p5__vinf25__inc0__toff56210__Om0__om270,1.1499934633107738,0.0948457971259651,22.925378683934348,37.27038210663758,450.44404317520906,-50.281468517204836,222.86853148279513,,True,421.85678434792834,29,258.4458877992272,-50.28148224331759,-50.281454791092116,-47.89420637468807,-62.92644229599547,15.032235921307404,-41.183219720631115,-66.76530290914216,25.58208318851105,-53.05919127174643,6.929436558485406,-65.59820153287775,-55.75929430515235,-52.993320510582954,3.802494707039929,1,0.5,0.0,0.0,270.0
20260724_230314__rp0p5__vinf25__inc0__toff56210__Om0__om90,0.9884658814852844,0.4102894767708703,25.23034770298934,182.1637212649003,358.9552549900002,29.40013648129381,302.5501364812938,90.0,False,988.8262593964034,29,381.8573860277667,29.357778984253535,29.44249397833408,48.47118591160971,-7.545427305977356,56.016613217587064,81.15184451464367,-16.45740548385152,97.60924999849519,14.45365257563662,14.518947079787578,14.083403465620897,66.57576993012243,43.37207177571482,4.921909084365955,2,0.5,0.0,0.0,90.0
20260724_230314__rp0p5__vinf25__inc0__toff56210__Om180__om0,0.7459020002990039,0.2482155422412985,24.686064786673636,251.91195988377189,235.2991986263993,112.50211346279518,385.65211346279517,90.0,False,650.6628747078149,48,631.3106645737312,112.50215483665934,112.50207208893104,83.87934816879647,61.74455167167119,22.13479649712528,90.56819993625783,51.683288599152014,38.88491133710581,76.90591486781383,6.0841390796488355,97.18538044712227,75.99212535173659,78.78023403290157,4.539773875780156,1,0.5,0.0,180.0,0.0
20260724_230314__rp0p5__vinf25__inc0__toff56210__Om180__om180,1.4563859122555345,0.223912507236958,22.40339585766999,100.23823239227622,641.9666901518747,-67.34577392273114,205.80422607726882,,True,371.39948698315413,20,164.59425273594178,-67.34577990595109,-67.34576793951119,-61.295533831647724,-76.53231448585974,15.23678065421202,-54.07810158394806,-78.84381788444504,24.765716300496983,-67.14375983310562,7.802350829647921,-82.66250693840405,-68.65417616846929,-66.39464796754261,5.095864229243494,1,0.5,0.0,180.0,180.0
20260724_230314__rp0p5__vinf25__inc0__toff56210__Om180__om270,0.9884658813211916,0.4102894770289404,25.230347693980477,182.16372128524748,358.9552549006162,29.400136540313447,302.5501365403134,90.0,False,988.8262600510063,29,381.8573862031654,29.357779043234668,29.44249403739223,48.471185994973865,-7.545427265880084,56.01661326085395,81.1518446292186,-16.45740544681172,97.60925007603032,14.453652621058964,14.518947081027846,14.083403524640534,66.57577004469736,43.37207185907898,4.921909013428125,2,0.5,0.0,180.0,270.0
20260724_230314__rp0p5__vinf25__inc0__toff56210__Om180__om90,1.1499934633107738,0.0948457971259651,22.925378683934348,37.27038210663758,450.44404317520906,-50.281468517204836,222.86853148279513,,True,421.85678434792834,29,258.4458877992272,-50.28148224331759,-50.281454791092116,-47.89420637468807,-62.92644229599547,15.032235921307404,-41.183219720631115,-66.76530290914216,25.58208318851105,-53.05919127174643,6.929436558485406,-65.59820153287775,-55.75929430515235,-52.993320510582954,3.802494707039929,1,0.5,0.0,180.0,90.0
20260724_230314__rp0p5__vinf25__inc0__toff56210__Om270__om0,1.1499934633107738,0.0948457971259651,22.925378683934348,37.27038210663758,450.44404317520906,-50.281468517204836,222.86853148279513,,True,421.85678434792834,29,258.4458877992272,-50.28148224331759,-50.281454791092116,-47.89420637468807,-62.92644229599547,15.032235921307404,-41.183219720631115,-66.76530290914216,25.58208318851105,-53.05919127174643,6.929436558485406,-65.59820153287775,-55.75929430515235,-52.993320510582954,3.802494707039929,1,0.5,0.0,270.0,0.0
20260724_230314__rp0p5__vinf25__inc0__toff56210__Om270__om180,0.9884658813211916,0.4102894770289404,25.230347693980477,182.16372128524748,358.9552549006162,29.400136540313447,302.5501365403134,90.0,False,988.8262600510063,29,381.8573862031654,29.357779043234668,29.44249403739223,48.471185994973865,-7.545427265880084,56.01661326085395,81.1518446292186,-16.45740544681172,97.60925007603032,14.453652621058964,14.518947081027846,14.083403524640534,66.57577004469736,43.37207185907898,4.921909013428125,2,0.5,0.0,270.0,180.0
20260724_230314__rp0p5__vinf25__inc0__toff56210__Om270__om270,0.7459020118377181,0.2482154826558602,24.68606535418963,251.9119264004997,235.2992040863328,112.50210358048015,385.6521035804801,90.0,False,650.6630551486087,48,631.3106350914984,112.50214495432924,112.50206220663105,83.8793522811555,61.744541202347975,22.13481107880753,90.56821325302391,51.68327517044693,38.88493808257698,76.90590949628236,6.084142202959754,97.18537056480724,75.99213866850268,78.78023814526061,4.5397736685742,1,0.5,0.0,270.0,270.0
20260724_230314__rp0p5__vinf25__inc0__toff56210__Om270__om90,1.4563859122555345,0.223912507236958,22.40339585766999,100.23823239227622,641.9666901518747,-67.34577392273114,205.80422607726882,,True,371.39948698315413,20,164.59425273594178,-67.34577990595109,-67.34576793951119,-61.295533831647724,-76.53231448585974,15.23678065421202,-54.07810158394806,-78.84381788444504,24.765716300496983,-67.14375983310562,7.802350829647921,-82.66250693840405,-68.65417616846929,-66.39464796754261,5.095864229243494,1,0.5,0.0,270.0,90.0
20260724_230314__rp0p5__vinf25__inc0__toff56210__Om90__om0,0.9884658814852844,0.4102894767708703,25.23034770298934,182.1637212649003,358.9552549900002,29.40013648129381,302.5501364812938,90.0,False,988.8262593964034,29,381.8573860277667,29.357778984253535,29.44249397833408,48.47118591160971,-7.545427305977356,56.016613217587064,81.15184451464367,-16.45740548385152,97.60924999849519,14.45365257563662,14.518947079787578,14.083403465620897,66.57576993012243,43.37207177571482,4.921909084365955,2,0.5,0.0,90.0,0.0
20260724_230314__rp0p5__vinf25__inc0__toff56210__Om90__om180,1.1499934633107738,0.0948457971259651,22.925378683934348,37.27038210663758,450.44404317520906,-50.281468517204836,222.86853148279513,,True,421.85678434792834,29,258.4458877992272,-50.28148224331759,-50.281454791092116,-47.89420637468807,-62.92644229599547,15.032235921307404,-41.183219720631115,-66.76530290914216,25.58208318851105,-53.05919127174643,6.929436558485406,-65.59820153287775,-55.75929430515235,-52.993320510582954,3.802494707039929,1,0.5,0.0,90.0,180.0
20260724_230314__rp0p5__vinf25__inc0__toff56210__Om90__om270,1.4563859122555345,0.223912507236958,22.40339585766999,100.23823239227622,641.9666901518747,-67.34577392273114,205.80422607726882,,True,371.39948698315413,20,164.59425273594178,-67.34577990595109,-67.34576793951119,-61.295533831647724,-76.53231448585974,15.23678065421202,-54.07810158394806,-78.84381788444504,24.765716300496983,-67.14375983310562,7.802350829647921,-82.66250693840405,-68.65417616846929,-66.39464796754261,5.095864229243494,1,0.5,0.0,90.0,270.0
20260724_230314__rp0p5__vinf25__inc0__toff56210__Om90__om90,0.7459020002990039,0.2482155422412985,24.686064786673636,251.91195988377189,235.2991986263993,112.50211346279518,385.65211346279517,90.0,False,650.6628747078149,48,631.3106645737312,112.50215483665934,112.50207208893104,83.87934816879647,61.74455167167119,22.13479649712528,90.56819993625783,51.683288599152014,38.88491133710581,76.90591486781383,6.0841390796488355,97.18538044712227,75.99212535173659,78.78023403290157,4.539773875780156,1,0.5,0.0,90.0,90.0
20260724_230314__rp0p5__vinf25__inc30__toff56210__Om0__om0,1.4514401985084064,0.2204708970359593,23.66585411670441,99.39871740131892,638.6994038539926,-67.16571485735139,205.9842851426486,,True,386.5220707546113,20,165.58460604945188,-67.16572131311385,-67.1657084015889,-60.64193050747103,-76.44283721597716,15.800906708506133,-53.15410822602781,-78.82798544295966,25.67387721693185,-66.71053671280303,8.091193781161877,-82.4824478730243,-67.73018281054904,-65.74104464336592,8.358155144572983,2,0.5,30.0,0.0,0.0
20260724_230314__rp0p5__vinf25__inc30__toff56210__Om0__om180,0.7424832276121951,0.2382385589880081,22.940120972644426,240.3420825461073,233.68334559522103,114.1494867011514,387.2994867011514,90.0,False,690.5432926701607,49,635.4965306283567,114.14952210725627,114.14945129504655,87.46279650320166,62.77360224786594,24.68919425533572,96.89189649678208,53.022926605267585,43.868969891514496,77.5995008427927,6.365703215011052,98.8327536854785,82.31582191226084,82.36368236730677,4.7060347149736295,1,0.5,30.0,0.0,180.0
20260724_230314__rp0p5__vinf25__inc30__toff56210__Om0__om270,1.1579431323102938,0.1041182852553951,23.618118609496072,28.370592860161405,455.12284682461865,-50.88124140770203,222.26875859229796,,True,422.9973850125975,29,255.14703968823812,-50.88125211259984,-50.881230702804196,-48.32352781820809,-63.43610845975439,15.112580641546295,-41.554054133564975,-67.2677819387271,25.713727805162122,-53.455862424644046,7.038192918831285,-66.19797442337494,-56.13012871808621,-53.42264195410298,4.498706297575938,2,0.5,30.0,0.0,270.0
20260724_230314__rp0p5__vinf25__inc30__toff56210__Om0__om90,0.972174266867874,0.4354912089608123,23.021460482490323,197.95381057337676,350.1176237518635,35.71121238451207,308.86121238451204,90.0,False,889.087673939796,30,399.9210536808532,35.70957114694818,35.71285362207598,48.52634391773437,-1.3210280786018065,49.84737199633618,77.84181542611411,-9.281924812876657,87.12374023899076,17.53109365787397,12.107671246090767,20.39447936883916,63.26574084159287,43.427229781839486,5.534210324572904,2,0.5,30.0,0.0,90.0
20260724_230314__rp0p5__vinf25__inc30__toff56210__Om180__om0,0.7640935576031779,0.2596891388355495,26.227552017913432,255.43516439587464,243.9594228936977,103.02935236951535,376.1793523695153,90.0,False,625.1812070993705,46,603.4847569537679,103.02939271665765,103.02931202237308,76.11371657766833,54.55408786877993,21.559628708888397,81.93731827534732,44.28434927053863,37.652969004808696,70.0499618047624,6.195076032116319,87.71261935384244,67.36124369082609,71.01460244177343,4.772418312991861,1,0.5,30.0,180.0,0.0
20260724_230314__rp0p5__vinf25__inc30__toff56210__Om180__om180,1.4713503208411216,0.2467379313705974,21.27744460270327,98.26679061819694,651.8864032197213,-67.78400021366672,205.36599978633325,,True,372.69303712649327,19,162.18299700923188,-67.78400998183601,-67.78399044549745,-61.536488520581166,-76.95863493150136,15.422146410920199,-54.06855193174582,-79.18675118669577,25.11819925494995,-67.62843617772471,7.7992966248002915,-83.10073322933962,-68.64462651626705,-66.63560265647605,4.182496658002864,0,0.5,30.0,180.0,180.0
20260724_230314__rp0p5__vinf25__inc30__toff56210__Om180__om270,1.0046029439381672,0.3074597622888881,27.423480292884054,166.90988672044628,367.7811446406352,19.727668853982596,292.8776688539826,90.0,False,877.8001364559634,27,354.3011556996687,19.549346851996475,19.905990855968717,33.07358187776738,-15.439015650247475,48.51259752801486,59.46892862737131,-24.554986956626696,84.023915583998,6.642231675241854,14.673432094891234,4.410935838309683,44.892854042850075,27.974467741872495,3.791117396277374,1,0.5,30.0,180.0,270.0
20260724_230314__rp0p5__vinf25__inc30__toff56210__Om180__om90,1.1186318116000076,0.0535448794831834,22.779622839815403,65.0812751834513,432.1440510081104,-47.762500976939876,225.38749902306012,,True,426.6352499244476,32,272.2997669984385,-47.762518528811455,-47.76248342506832,-45.79447741538762,-60.723843320797386,14.929365905409767,-39.377109385630106,-64.77219585099395,25.395086465363846,-50.899337973776035,6.737858925530716,-63.079233992612785,-53.95318397015134,-50.893591551282505,3.128858376320905,0,0.5,30.0,180.0,90.0
20260724_230314__rp0p5__vinf25__inc30__toff56210__Om270__om0,1.1364872388454097,0.0865348413344751,25.32675061472601,31.46141869738481,442.5319543636065,-49.19458942840122,223.95541057159875,,True,454.81973580347915,30,264.42419115179894,-49.1946042249292,-49.19457463187327,-45.96768256602921,-62.135769133235456,16.168086567206245,-38.79816609239393,-66.31311425811208,27.514948165718152,-51.48621524563476,7.425819153137617,-64.51132244407414,-53.374240676915164,-51.0667967019241,3.683249502473146,0,0.5,30.0,270.0,0.0
20260724_230314__rp0p5__vinf25__inc30__toff56210__Om270__om180,0.913224152694376,0.3835095757763176,28.29889501426442,181.31466070745083,318.76004096230605,49.11889723601538,322.26889723601533,90.0,False,1172.1577018361818,34,441.76276080628264,49.11894132867146,49.11885314335928,71.41139852367137,8.55383513185475,62.85756339181661,108.31701180891382,-2.5639082365456782,110.88092004545949,32.85969101483042,15.82060988733689,33.80216422034246,93.74093722439258,66.31228438777647,5.180196617600334,2,0.5,30.0,270.0,180.0
20260724_230314__rp0p5__vinf25__inc30__toff56210__Om270__om270,0.7979852648198963,0.1674583844329949,28.043517581694868,246.8102098377369,260.3694935387103,82.36575111184285,355.51575111184286,90.0,False,697.6734570169384,43,541.9818087133589,82.36578274738753,82.3657194762982,64.35792995709103,35.53149123824493,28.8264387188461,73.67966663432874,22.935694429167437,50.7439722051613,55.540483082513944,9.072925720588572,67.04901809616995,59.1035920498075,59.258815821196144,3.76563040658529,1,0.5,30.0,270.0,270.0
20260724_230314__rp0p5__vinf25__inc30__toff56210__Om270__om90,1.372887764683031,0.1835246587375521,23.309648270711307,119.07456180361268,587.5574566038788,-63.882781885196984,209.267218114803,,True,379.4974697905395,21,183.64024894636356,-63.88279331233642,-63.88277045805759,-58.45135743702161,-73.49767710949914,15.046319672477523,-51.59780690248303,-76.15652705558871,24.558720153105682,-64.13460306651405,7.534553346684518,-79.1995149008699,-66.17388148700427,-63.5504715729165,3.5717106949243886,0,0.5,30.0,270.0,90.0
20260724_230314__rp0p5__vinf25__inc30__toff56210__Om90__om0,1.2038065480204356,0.3989354074298655,21.936837322670645,166.47052088815852,482.42837337074366,-50.71686440355988,222.43313559644008,,True,673.0764672947986,28,256.05032261288045,-50.71687457312022,-50.71685423399954,-36.96896665128418,-63.23126878778799,26.262302136503813,-22.16458120903333,-66.77054161002245,44.60596040098912,-51.674201302572534,9.00217876517037,-66.03359741923279,-36.740655793554566,-42.06808078717906,5.025103402875688,1,0.5,30.0,90.0,0.0
20260724_230314__rp0p5__vinf25__inc30__toff56210__Om90__om180,1.150730900272394,0.105782697317292,20.253077401728927,36.90998685589484,450.87738563768016,-50.28926486056398,222.860735139436,,True,393.4530232821877,29,258.4009784785751,-50.289278708525984,-50.28925101260199,-48.95404925412343,-62.81293041235111,13.858881158227675,-42.708516646682156,-66.36411562372673,23.655598977044576,-53.75302668244852,6.346184631310514,-65.6059978762369,-57.28459123120339,-54.05316339001832,4.274288713797789,1,0.5,30.0,90.0,180.0
20260724_230314__rp0p5__vinf25__inc30__toff56210__Om90__om270,1.381492274057871,0.1847623811147742,22.147123356450223,85.06039559853515,593.0898355288595,-64.28956461760444,208.86043538239554,,True,372.101265555254,21,181.40258814895637,-64.28957458325236,-64.2895546519565,-59.300309842601294,-74.12041361211065,14.820103769509359,-52.366469946392556,-76.71142747550877,24.344957529116215,-64.79283515098473,7.505226142658913,-79.60629763327735,-66.94254453091379,-64.39942397849619,4.33611002932931,1,0.5,30.0,90.0,270.0
20260724_230314__rp0p5__vinf25__inc30__toff56210__Om90__om90,0.7375950643786587,0.2478655717007351,21.99174569509112,251.35346072011268,231.37945475107287,117.63035566695362,390.7803556669536,90.0,False,621.5246361497675,49,645.5509049075735,117.63039727266842,117.63031406123882,85.61961083629535,66.7203936500143,18.89921718628105,91.84448991894102,58.6153695409603,33.22912037798072,79.04048528269328,5.057637281249811,102.31362265128071,77.26841533441979,80.52049670040046,4.935054415395455,1,0.5,30.0,90.0,90.0
20260724_230314__rp0p5__vinf25__inc60__toff56210__Om0__om0,1.4623180275374112,0.2309618795239822,24.946259687998904,95.58008314737836,645.8929458646505,-67.53792641624136,205.61207358375862,,True,408.9963618543468,20,163.53782968325993,-67.53793186890503,-67.5379209635777,-60.15201424406927,-76.87523486104331,16.72322061697404,-52.104120735220526,-79.28264920788558,27.178528472665057,-66.67114249229382,8.542660524813911,-82.85465943191427,-66.68019531974176,-65.25112837996416,4.621930791832244,1,0.5,60.0,0.0,0.0
20260724_230314__rp0p5__vinf25__inc60__toff56210__Om0__om180,0.7512402695014206,0.2519224865858835,21.52670985515943,240.82869671535803,237.82969563701025,110.18140335880366,383.33140335880364,90.0,False,649.2804413737142,48,622.9861532707274,110.1814386554215,110.18136806218583,82.64567852219788,60.89418266287829,21.75149585931959,91.54974892409162,52.89762354875395,38.65212537533767,73.23583096468421,5.522377259703404,94.86467034313075,76.97367433957038,77.54656438630299,4.682428735600438,1,0.5,60.0,0.0,180.0
20260724_230314__rp0p5__vinf25__inc60__toff56210__Om0__om270,1.1365466663583144,0.0789736453130565,24.681518485278517,27.627602987223952,442.5666651588338,-49.22977043475701,223.92022956524298,,True,436.5916497767935,30,264.2300103477109,-49.22978531257215,-49.22975555694184,-46.62876005325316,-62.05483151017095,15.42607145691779,-39.90418989227091,-66.14130354333129,26.237113651060383,-51.77098574104767,7.133852367875107,-64.54650345042992,-54.480264476792144,-51.72787418914805,3.541252475514339,1,0.5,60.0,0.0,270.0
20260724_230314__rp0p5__vinf25__inc60__toff56210__Om0__om90,0.995909348347098,0.3704848873570792,22.33215896383814,205.4804940887965,363.0174517445183,25.44073137102897,298.59073137102894,90.0,False,646.4642109153458,28,369.333167063016,25.426819024215284,25.45464371784265,26.7063270019774,-7.942973310871122,34.649300312848524,45.213401312300924,-14.525286166709284,59.73868747901021,7.41809985868038,9.555020093191256,10.123998355356058,30.637326727779687,21.607212866082513,4.52488643286097,1,0.5,60.0,0.0,90.0
20260724_230314__rp0p5__vinf25__inc60__toff56210__Om180__om0,0.8122681946072988,0.2533652417709084,26.312469689180237,257.5939695831813,267.3911091279981,79.65586592982642,352.8058659298264,90.0,False,548.5825443722888,42,533.0970903693636,79.65589514850726,79.65583671114557,55.53682174391632,36.504351772389995,19.032469971526325,60.16861014621556,27.276276771728963,32.8923333744866,50.80206274578261,6.074350327314583,64.33913291415351,45.592535561694326,50.437707608021434,4.287351119049056,1,0.5,60.0,180.0,0.0
20260724_230314__rp0p5__vinf25__inc60__toff56210__Om180__om180,1.4943485030238663,0.286933569028317,20.28909638836616,94.49896361014434,667.2300995889104,-68.35247706884381,204.79752293115615,,True,390.89065791956244,19,159.05645091447877,-68.3524840311402,-68.35247010654743,-61.24221804177865,-77.60707769782667,16.36485965604802,-52.97246327180756,-79.75577249060075,26.783309218793185,-68.06568593804346,8.06023782266179,-83.66921008451672,-67.54853785632879,-66.34133217767354,3.983318051754152,0,0.5,60.0,180.0,180.0
20260724_230314__rp0p5__vinf25__inc60__toff56210__Om180__om270,0.9952566737771484,0.1829205964677053,28.861231768064943,157.77718070523733,362.660652046868,18.01624962297788,291.16624962297783,90.0,False,761.3139312789633,26,349.3960642204272,17.843748030355634,18.188751215600124,23.553886771351145,-16.427508478318572,39.98139524966972,43.29144748753779,-26.014285143756595,69.30573263129438,4.813691691754106,13.717377830110795,2.699516607304968,28.71537290301655,18.45477263545626,2.303928804614819,0,0.5,60.0,180.0,270.0
20260724_230314__rp0p5__vinf25__inc60__toff56210__Om180__om90,1.081813964660798,0.0515698566865538,23.01131563622403,166.085401831544,410.9856565868619,-44.34067222435856,228.8093277756414,,True,430.3943603874157,50,291.119454557874,-44.34068830840109,-44.34065614031602,-42.95262204190807,-57.55327170349693,14.60064966158886,-37.03201911777171,-61.85154499873544,24.81952588096373,-47.92308301639644,6.391294290805291,-59.65740524003148,-51.60809370229295,-48.05173617780296,1.756904986674532,0,0.5,60.0,180.0,90.0
20260724_230314__rp0p5__vinf25__inc60__toff56210__Om270__om0,1.1210749057157277,0.0898730894813253,26.59220335917593,20.21090034581536,433.560528911378,-47.848956034565376,225.3010439654346,,True,477.2201023867064,31,271.8253329027856,-47.848972191868235,-47.84893987726252,-44.31335497157545,-61.1089958402483,16.795640868672848,-36.86945827340534,-65.52875998280834,28.659301709402996,-50.005737811184865,7.655616672860475,-63.165689050238285,-51.44553285792658,-49.412469107470336,3.4860592211142825,0,0.5,60.0,270.0,0.0
20260724_230314__rp0p5__vinf25__inc60__toff56210__Om270__om180,0.9412098153109284,0.3054451518810283,25.77843810498793,169.33882118996124,333.5242848713097,36.62514843279574,309.77514843279573,90.0,False,933.0217567568175,31,403.359834755508,36.61422793944654,36.636068926144944,48.485864264564796,-1.8436088112428628,50.329473075807655,76.28755918532396,-12.045439773851209,88.33299895917517,20.33857748376764,14.257504889536662,21.308415417122827,61.71148460080272,43.38675012866991,4.569737751196018,2,0.5,60.0,270.0,180.0
20260724_230314__rp0p5__vinf25__inc60__toff56210__Om270__om270,0.8933719610863349,0.0557603277016252,29.992112385094988,267.6192113126121,308.42265193205367,44.0281910914186,317.17819109141857,90.0,False,688.3698713662793,34,426.9821378177093,44.028336124128465,44.02804605870873,36.328925938515106,4.515604071997293,31.81332186651781,48.811367333727986,-7.120888600770104,55.93225593449809,25.74976166042811,11.519577631090389,28.711458075745686,34.23529274920675,31.22981180262022,2.88563969300244,0,0.5,60.0,270.0,270.0
20260724_230314__rp0p5__vinf25__inc60__toff56210__Om270__om90,1.1727884753204865,0.0806559851337644,24.124593625963417,169.38279214667313,463.90315353975376,-52.14704031183629,221.00295968816368,,True,387.65839201732797,28,248.1852667708616,-52.14705066092829,-52.14702996274426,-49.88845072542914,-63.536550302003846,13.648099576574708,-44.46003192326121,-67.24672007575978,22.78668815249857,-54.43846453297536,6.439059227990434,-67.4637733275092,-59.03610650778245,-54.987564861324024,2.6759752794730245,0,0.5,60.0,270.0,90.0
20260724_230314__rp0p5__vinf25__inc60__toff56210__Om90__om0,1.2465930161880376,0.3486696378237016,25.07784895299068,161.02503103276925,508.3757482420899,-54.79687504922669,218.3531249507733,,True,617.0523423793907,25,233.61208355307946,-54.796886425599475,-54.7968636728539,-42.27112496917624,-66.2520621263296,23.980937157153363,-29.440792777912378,-69.67914192379726,40.23834914588488,-54.63451419110471,9.228481617756636,-70.11360806489961,-44.016867362433615,-47.37023910507113,4.81476795884786,1,0.5,60.0,90.0,0.0
20260724_230314__rp0p5__vinf25__inc60__toff56210__Om90__om180,1.1331262724958469,0.1169953202676382,18.49126238306263,30.09301581630381,440.5703377534183,-48.75652522939857,224.39347477060142,,True,383.8236741948858,30,266.8298033506293,-48.75654374218869,-48.75650671660845,-48.26434710628232,-61.50480726785556,13.240460161573239,-42.21792294565571,-64.96421138943519,22.746288443779484,-52.900122318711496,5.946811995383946,-64.07325824507149,-56.793997530176945,-53.36346124217721,3.48365754773184,0,0.5,60.0,90.0,180.0
20260724_230314__rp0p5__vinf25__inc60__toff56210__Om90__om270,1.2213455575072458,0.092492452376449,22.350655212986428,65.43583436941748,493.00988368197096,-55.620835527920335,217.52916447207963,,True,382.20877611670045,26,229.07973617860588,-55.620844944215314,-55.62082611162532,-52.9811679435894,-66.99929495506368,14.018127011474277,-46.83410578081534,-70.33345803201072,23.499352251195383,-57.74859586487098,6.789212482838451,-70.93756854359324,-61.41018036533658,-58.080282079484284,2.841399027390615,0,0.5,60.0,90.0,270.0
20260724_230314__rp0p5__vinf25__inc60__toff56210__Om90__om90,0.7874263376455314,0.1800769832015575,20.97508781296091,244.1760085307929,255.21881958088628,88.56454545816348,361.71454545816346,90.0,False,574.176638039167,44,557.8745521711235,88.5645788863296,88.56451202999736,62.13599983160282,42.02862068002034,20.107379151582478,68.75077242026371,33.47999313797074,35.27077928229298,55.56915062402845,6.1025660721065265,73.24781244249057,54.17469783574248,57.03688569570793,4.904667972631945,2,0.5,60.0,90.0,90.0
20260724_230314__rp0p5__vinf25__inc90__toff56210__Om0__om0,1.4850176195995215,0.2622463230582087,26.02160166413025,93.34051747859068,660.9904733556668,-68.2022154928149,204.94778450718508,,True,447.4803837126108,19,159.88479790048711,-68.20222347785486,-68.20220750777499,-59.30846127705614,-77.61896729088576,18.310506013829624,-50.196402408507154,-80.00076719655225,29.804364788045092,-66.77619852255272,9.193069603472736,-83.51894850848781,-64.77247699302839,-64.40757541295103,3.966908415062252,0,0.5,90.0,0.0,0.0
20260724_230314__rp0p5__vinf25__inc90__toff56210__Om0__om180,0.7836171305664789,0.2617397128050055,20.4018810423579,249.16973779244503,253.369113907298,94.04333102431602,367.19333102431597,90.0,False,538.3956030814549,44,574.1173227680986,94.04337034289726,94.04329170573476,65.18625957575382,49.98332388988435,15.20293568586947,71.07778430455667,44.392874356218805,26.684909948337868,58.873026122247246,4.105072329488941,78.72659800864311,56.501709720035436,60.087145439858936,4.623211849987614,1,0.5,90.0,0.0,180.0
20260724_230314__rp0p5__vinf25__inc90__toff56210__Om0__om270,1.100668803249636,0.0361184513754514,25.80472018641096,69.60502767176855,421.7768861529272,-46.17355767867254,226.97644232132745,,True,471.808252894142,36,281.0400940550573,-46.17357172236705,-46.17354363497802,-43.03238843481819,-59.50308216342489,16.470693728606705,-36.03131122969121,-64.03620200164588,28.004890771954663,-48.65489408085923,7.374345654427458,-61.49029069434545,-50.60738581421245,-48.131502570713074,2.593754997092573,0,0.5,90.0,0.0,270.0
20260724_230314__rp0p5__vinf25__inc90__toff56210__Om0__om90,1.0050844265356893,0.2539988550035244,21.957235554118373,201.3231905153232,368.0455796163832,18.06440273127456,291.21440273127456,75.16488841802429,False,519.6317220202873,26,348.23685286980856,17.93112505835514,18.19768040419398,12.111881733358876,-13.841000044253487,25.95288177761236,24.497860369596253,-20.212936515127765,44.71079688472402,-0.2602711318454032,8.443336512153936,2.7476697156016456,9.921785785075018,7.012767597463988,3.106983368891374,0,0.5,90.0,0.0,90.0
20260724_230314__rp0p5__vinf25__inc90__toff56210__Om180__om0,0.8645203853524585,0.2321487638519987,24.68168020066499,253.158804727825,293.6031075510021,58.24832803681738,331.39832803681736,90.0,False,484.5530888072634,37,468.0341478258321,58.24835740287773,58.24829867075701,37.15890744722981,20.006380103640147,17.15252734358966,41.78187990412604,12.244250271752353,29.53762963237369,32.5054666864832,5.837998948841367,42.93159502114446,27.205805319604806,32.05979331133492,3.811967206796095,1,0.5,90.0,180.0,0.0
20260724_230314__rp0p5__vinf25__inc90__toff56210__Om180__om180,1.4755584488251072,0.3282580088548426,20.38170114499953,88.6069032913254,654.6850384703072,-67.19162183441482,205.95837816558515,,True,453.4942686904432,19,165.4408791797612,-67.19163088888713,-67.19161277994249,-58.147472347104376,-77.06565546897313,18.918183121868758,-48.009344937246865,-79.34686022329609,31.337515286049225,-66.69984993885271,8.769658275202687,-82.50835485008773,-62.5854195217681,-63.24658648299926,4.143235648931238,0,0.5,90.0,180.0,180.0
20260724_230314__rp0p5__vinf25__inc90__toff56210__Om180__om270,0.964681414334724,0.0827754640390677,29.470693924398955,179.4206182538335,346.07773322248954,24.10565568257834,297.2556556825783,90.0,False,666.4304409266156,28,366.8793569414493,24.094170023674167,24.117141341482515,22.422397000404764,-10.562961428238303,32.98535842864307,36.509266607517745,-20.640728733102296,57.14999534062004,9.711973696602119,12.232690697761916,8.788922666905428,21.933192022996508,17.323282864509878,2.0700404271832014,0,0.5,90.0,180.0,270.0
20260724_230314__rp0p5__vinf25__inc90__toff56210__Om180__om90,1.0557343743139644,0.1465682744952532,23.04291433326329,197.18859024481824,396.2139696283615,1.2235060496740873,274.37350604967406,50.05549481018513,False,440.82067922783904,40,308.60606530316767,1.0736279781132558,1.3733841212349192,-7.647422042422625,-29.22976981395375,21.582347771531126,3.012942897163426,-34.899564584873175,37.9125074820366,-17.983217246207158,6.862468743062276,-14.093226965998825,-11.56313168735781,-12.746536178317513,2.388885630025762,0,0.5,90.0,180.0,90.0
20260724_230314__rp0p5__vinf25__inc90__toff56210__Om270__om0,1.0998724157931443,0.100392026531515,26.094106511847045,11.253154895711026,421.31920480458206,-45.87324890127983,227.27675109872015,,True,480.88525643944007,35,282.6917587709815,-45.873263800025484,-45.873234002534176,-42.781597400349575,-59.56600796338892,16.784410563039344,-35.29141351402473,-64.09882261512547,28.80740910110074,-48.471022521283906,7.515918105180845,-61.189981916952746,-49.86748809854597,-47.88071153624446,3.3937013717554487,0,0.5,90.0,270.0,0.0
20260724_230314__rp0p5__vinf25__inc90__toff56210__Om270__om180,0.9577640835190414,0.2837127469057628,22.48903744810599,167.4858589882984,342.3620440120564,31.386290777078656,304.53629077707865,90.0,False,788.6527731962733,30,386.8151738591256,31.36445817261165,31.408123381545646,36.90107130809718,-6.056172186868625,42.9572434949658,59.99132119957879,-15.088703014327653,75.08002421390644,13.782297496613923,12.54540316858607,16.069557761405743,45.415246615057555,31.801957172202293,4.5776925736251055,2,0.5,90.0,270.0,180.0
20260724_230314__rp0p5__vinf25__inc90__toff56210__Om270__om270,1.0276707448583182,0.0898410307483266,30.409712528455607,48.707183657192765,380.5211324392204,8.121559673729632,281.2715596737296,61.37544904657465,False,683.6440679219307,28,323.4818686016322,7.771760654783337,8.471358692675928,8.62650924024538,-25.963656669302285,34.590165909547665,26.662677211220444,-34.810332051333056,61.473009262553504,-6.14136847099295,12.6778000066873,-7.195173341943281,12.086602626699209,3.527395104350491,2.3426558591835858,0,0.5,90.0,270.0,270.0
20260724_230314__rp0p5__vinf25__inc90__toff56210__Om270__om90,0.9583094257796304,0.1707468427300588,23.648718205477103,268.4294696828359,342.6544924375264,27.713699827552837,300.8636998275528,90.0,False,394.3279782186338,30,376.0205235331759,27.748442134714352,27.67895752039131,9.812443160236917,-4.670188936683712,14.482632096920629,13.293366722438554,-11.32304384522447,24.616410567663024,7.138729374498147,6.223655340153408,12.396966811879924,-1.282707862082681,4.713329024342029,3.1164105060322727,0,0.5,90.0,270.0,90.0
20260724_230314__rp0p5__vinf25__inc90__toff56210__Om90__om0,1.1464609385971436,0.3005187118055326,26.888157152486112,175.9874830406496,448.3701416504297,-47.92363216912831,225.22636783087165,,True,610.8610241795814,30,271.4146314818833,-47.92364821555425,-47.923616122702356,-37.5444716463701,-60.05707785354707,22.512606207176972,-26.133198744536283,-64.2203706097277,38.08717186519141,-48.61078161327545,8.609453984111774,-63.24036518480122,-40.70927332905752,-42.643585782264985,4.462108629103847,1,0.5,90.0,90.0,0.0
20260724_230314__rp0p5__vinf25__inc90__toff56210__Om90__om180,1.101783189663961,0.1270557609568532,18.73579195152865,22.616155812507348,422.41759848223137,-45.89304210629455,227.25695789370542,,True,407.26842446156894,35,282.57900843890224,-45.89306077563721,-45.89302343695191,-45.41467453040154,-59.334889393117436,13.920214862715895,-38.93925369066587,-63.02512580779681,24.08587211713094,-50.39529725724421,6.06088604196831,-61.20977512196747,-53.51532827518711,-50.51378866629643,3.547413272556684,0,0.5,90.0,90.0,180.0
20260724_230314__rp0p5__vinf25__inc90__toff56210__Om90__om270,1.0695420782285254,0.04534219258744,22.890934078627943,314.2918272504675,404.0123150612642,-5.529140240690971,267.620859759309,40.961788552349375,False,398.92265544692026,50,297.74829195009835,-5.24959132875715,-5.808689152624793,-17.26434571621198,-35.42856442046475,18.16421870425277,-8.935936451165706,-40.79277701144779,31.856840560282084,-24.484695661278362,6.5926732839634,-20.845873256363884,-23.51201103568694,-22.36345985210687,2.100800121364072,0,0.5,90.0,90.0,270.0
20260724_230314__rp0p5__vinf25__inc90__toff56210__Om90__om90,0.9208958098959944,0.1399409729053157,21.089234643145986,184.8342056256632,322.7851420566085,37.692387142121866,310.8423871421218,90.0,False,575.3539902236809,32,405.2022319357906,37.69194314250797,37.692831141735745,27.957576364080197,0.5306780072322734,27.42689835684792,40.13406984400249,-7.987683583638926,48.121753427641416,16.36731153309217,9.125566562067526,22.375654126448953,25.557995259481253,22.85846222818531,3.559661160833955,0,0.5,90.0,90.0,90.0
20260724_230314__rp0p5__vinf25__incm30__toff56210__Om0__om0,1.4713503213616754,0.2467379315191616,21.27744459915793,98.26679068129988,651.8864035656708,-67.78400023338236,205.36599976661762,,True,372.6930369513399,19,162.1829969008038,-67.78401000155158,-67.78399046521314,-61.53648854008189,-76.95863494625785,15.422146406175955,-54.068551954296964,-79.18675119932993,25.11819924503297,-67.62843619505168,7.799296623852186,-83.10073324905527,-68.6446265388182,-66.63560267597678,4.182496659062605,0,0.5,-30.0,0.0,0.0
20260724_230314__rp0p5__vinf25__incm30__toff56210__Om0__om180,0.7640935574031361,0.2596891387594985,26.22755202281725,255.43516447872943,243.95942279789384,103.02935246941914,376.1793524694191,90.0,False,625.1812071394421,46,603.4847572569753,103.02939281656123,103.02931212227705,76.11371664028604,54.5540879388719,21.55962870141414,81.93731832047101,44.284349333703894,37.652968986767114,70.04996188713781,6.195076033488668,87.71261945374623,67.36124373594977,71.01460250439115,4.772418313227435,1,0.5,-30.0,0.0,180.0
20260724_230314__rp0p5__vinf25__incm30__toff56210__Om0__om270,1.1186318102774664,0.0535448790646528,22.77962283045016,65.08127402201131,432.1440502417345,-47.76250086097727,225.3874991390227,,True,426.6352501278929,32,272.2997676361903,-47.76251841284888,-47.76248330910568,-45.7944773281241,-60.72384322842044,14.92936590029634,-39.37710930335688,-64.77219576416866,25.395086460811775,-50.89933788002656,6.73785891794207,-63.07923387665018,-53.95318388787812,-50.89359146401899,3.128858370873056,0,0.5,-30.0,0.0,270.0
20260724_230314__rp0p5__vinf25__incm30__toff56210__Om0__om90,1.0046029447379847,0.3074597613324245,27.423480273193377,166.9098867771421,367.7811450798502,19.727668630513538,292.87766863051354,90.0,False,877.8001321857812,27,354.3011550204445,19.54934662794527,19.905990633081807,33.073581487207406,-15.439015802860874,48.51259729006828,59.46892807394606,-24.554987084369255,84.02391515831532,6.642231459650855,14.673432054630744,4.410935614840625,44.89285348942482,27.97446735131252,3.791117393456489,1,0.5,-30.0,0.0,90.0
20260724_230314__rp0p5__vinf25__incm30__toff56210__Om180__om0,0.7424832287643939,0.2382385613356867,22.940120973229146,240.34208242994663,233.68334613917204,114.149486170267,387.29948617026696,90.0,False,690.5432914143746,49,635.4965290328327,114.14952157637062,114.14945076416332,87.46279612695292,62.77360193835867,24.689194188594257,96.8918961754404,53.02292638296987,43.86896979247052,77.59950040649701,6.365703182633624,98.83275315459409,82.31582159091916,82.36368199105803,4.706034716528398,1,0.5,-30.0,180.0,0.0
20260724_230314__rp0p5__vinf25__incm30__toff56210__Om180__om180,1.4514401984239371,0.2204708971113217,23.66585411846791,99.39871741680857,638.6994037982374,-67.16571485332308,205.98428514667688,,True,386.5220708922303,20,165.58460607161672,-67.16572130908607,-67.1657083975601,-60.641930499480424,-76.44283721329025,15.800906713809823,-53.154108214479834,-78.82798544076968,25.673877226289846,-66.71053670811992,8.091193782779897,-82.48244786899599,-67.73018279900107,-65.74104463537532,8.358155210762511,2,0.5,-30.0,180.0,180.0
20260724_230314__rp0p5__vinf25__incm30__toff56210__Om180__om270,0.9721231880554876,0.4355237878114035,23.021777775008687,197.94663075124515,350.0900309249605,35.72769271924236,308.87769271924236,90.0,False,889.3431378616757,30,399.97008445442617,35.72596957485531,35.72941586362942,48.55228151588672,-1.310127779826801,49.86240929571352,77.87876474739348,-9.272886352123544,87.15165109951703,17.545774192034347,12.10990006684267,20.41095970356945,63.30269016287224,43.45316737999183,5.534414537544477,2,0.5,-30.0,180.0,270.0
20260724_230314__rp0p5__vinf25__incm30__toff56210__Om180__om90,1.157943130667357,0.1041182866602705,23.618118601840283,28.3705933004821,455.12284585599866,-50.8812412691964,222.26875873080357,,True,422.99738755538567,29,255.14704044999425,-50.88125197409474,-50.88123056429806,-48.323527629614105,-63.43610836658354,15.112580736969434,-41.554053880446006,-67.26778186096055,25.713727980514548,-53.455862292820946,7.038192944257119,-66.19797428486932,-56.13012846496724,-53.42264176550899,4.498706291039978,2,0.5,-30.0,180.0,90.0
20260724_230314__rp0p5__vinf25__incm30__toff56210__Om270__om0,1.1507308997881271,0.1057826974284712,20.253077401676755,36.90998711931904,450.8773853530632,-50.28926482045962,222.86073517954037,,True,393.4530239322972,29,258.40097869913643,-50.289278668421694,-50.289250972497534,-48.954049200837986,-62.81293038472836,13.858881183890375,-42.70851657767012,-66.36411560099111,23.655599023320995,-53.75302664391163,6.346184637929483,-65.60599783613253,-57.284591162191354,-54.05316333673287,4.27428871191197,1,0.5,-30.0,270.0,0.0
20260724_230314__rp0p5__vinf25__incm30__toff56210__Om270__om180,1.2038065265361886,0.3989354305221574,21.936836179296137,166.47052019098442,482.42836045594817,-50.716862231418354,222.43313776858162,,True,673.0765202630251,28,256.0503345575831,-50.71687240098295,-50.71685206185377,-36.96896307557369,-63.23126732687147,26.262304251297778,-22.164576063929932,-66.77054029915354,44.60596423522361,-51.67419949419852,9.002178959914431,-66.03359524709127,-36.740650648451165,-42.06807721146858,5.02510333109014,1,0.5,-30.0,270.0,180.0
20260724_230314__rp0p5__vinf25__incm30__toff56210__Om270__om270,0.737542385752544,0.2479311738295818,21.99182869773602,251.34730999092235,231.35466770718176,117.6647676559882,390.8147676559882,90.0,False,621.6370512329006,49,645.6543120315425,117.66480933203778,117.66472597993864,85.65120254768604,66.74975327199786,18.90144927568818,91.87951399572862,58.6455896628366,33.233924332892016,79.06830459357855,5.056863199515533,102.34803464031529,77.30343941120738,80.55208841179115,4.9354541826399725,1,0.5,-30.0,270.0,270.0
20260724_230314__rp0p5__vinf25__incm30__toff56210__Om270__om90,1.381492274057871,0.1847623811147742,22.147123356450223,85.06039559853515,593.0898355288595,-64.28956461760444,208.86043538239554,,True,372.101265555254,21,181.40258814895637,-64.28957458325236,-64.2895546519565,-59.300309842601294,-74.12041361211065,14.820103769509359,-52.366469946392556,-76.71142747550877,24.344957529116215,-64.79283515098473,7.505226142658913,-79.60629763327735,-66.94254453091379,-64.39942397849619,4.33611002932931,1,0.5,-30.0,270.0,90.0
20260724_230314__rp0p5__vinf25__incm30__toff56210__Om90__om0,0.9132241526819624,0.3835095757092044,28.29889501226976,181.31466065073104,318.76004095580663,49.1188972358096,322.26889723580956,90.0,False,1172.1577022189315,34,441.76276080496143,49.1189413284661,49.11885314315309,71.41139853927338,8.553835124881603,62.85756341439178,108.31701184176889,-2.5639082469603465,110.88092008872924,32.85969101613599,15.820609892791623,33.80216422013669,93.74093725724765,66.31228440337848,5.180196616964712,2,0.5,-30.0,90.0,0.0
20260724_230314__rp0p5__vinf25__incm30__toff56210__Om90__om180,1.136487239678105,0.0865348419422643,25.326750610371764,31.461418895980422,442.53195484996616,-49.1945894963084,223.95541050369158,,True,454.81973569884724,30,264.4241907783282,-49.194604292836146,-49.194574699780695,-45.967682617140596,-62.135769190592725,16.16808657345213,-38.79816613493672,-66.31311430921343,27.51494817427671,-51.486215303364126,7.4258191583066875,-64.51132251198132,-53.37424071945796,-51.06679675303548,3.6832495055788574,0,0.5,-30.0,90.0,180.0
20260724_230314__rp0p5__vinf25__incm30__toff56210__Om90__om270,1.372887764683031,0.1835246587375521,23.309648270711307,119.07456180361268,587.5574566038788,-63.882781885196984,209.267218114803,,True,379.4974697905395,21,183.64024894636356,-63.88279331233642,-63.88277045805759,-58.45135743702161,-73.49767710949914,15.046319672477523,-51.59780690248303,-76.15652705558871,24.558720153105682,-64.13460306651405,7.534553346684518,-79.1995149008699,-66.17388148700427,-63.5504715729165,3.5717106949243886,0,0.5,-30.0,90.0,270.0
20260724_230314__rp0p5__vinf25__incm30__toff56210__Om90__om90,0.7979852648340755,0.1674583844142732,28.043517582487897,246.8102098327325,260.36949354565,82.36575110476532,355.5157511047653,90.0,False,697.6734570396125,43,541.9818086923501,82.3657827403096,82.36571946922103,64.35792995334768,35.53149123239971,28.82643872094797,73.6796666319516,22.935694422955805,50.7439722089958,55.54048307756483,9.07292572139604,67.04901808909241,59.10359204743037,59.25881581745279,3.76563040663688,1,0.5,-30.0,90.0,90.0
20260724_230314__rp0p5__vinf25__incm60__toff56210__Om0__om0,1.4943485025786345,0.286933569053924,20.28909639235271,94.49896354134032,667.2300992907146,-68.35247705137945,204.79752294862053,,True,390.8906582429055,19,159.05645101053207,-68.35248401367583,-68.35247008908306,-61.24221801845878,-77.60707768592266,16.364859667463882,-52.972463240810306,-79.75577248063176,26.783309239821456,-68.065685921441,8.060237825861392,-83.66921006705236,-67.54853782533154,-66.34133215435367,3.983318050749384,0,0.5,-60.0,0.0,0.0
20260724_230314__rp0p5__vinf25__incm60__toff56210__Om0__om180,0.8122682165526148,0.2533652610533988,26.312469747052088,257.59396888063554,267.391119964288,79.6558572857611,352.8058572857611,90.0,False,548.5825087383646,42,533.0970643467587,79.65588650442406,79.65582806709814,55.53681434088627,36.50434592676626,19.032468414120004,60.168602490404666,27.276271868301027,32.89233062210364,50.80205550990403,6.074349840188546,64.33912427008819,45.59252790588343,50.43770020499138,4.287351098884615,1,0.5,-60.0,0.0,180.0
20260724_230314__rp0p5__vinf25__incm60__toff56210__Om0__om270,1.0818139650167653,0.0515698568597268,23.01131563943477,166.08540143184536,410.98565678971215,-44.340672258719,228.80932774128098,,True,430.39436050473773,50,291.11945436889704,-44.340688342761744,-44.34065617467626,-42.95262206241988,-57.5532717330625,14.600649670642625,-37.03201913229246,-61.85154502622935,24.81952589393689,-47.92308304266129,6.3912942956635135,-59.65740527439192,-51.6080937168137,-48.051736198314764,1.7569049883247934,0,0.5,-60.0,0.0,270.0
20260724_230314__rp0p5__vinf25__incm60__toff56210__Om0__om90,0.995256672568821,0.182920595445643,28.861231766041943,157.77718073225128,362.6606513864161,18.016249880196384,291.16624988019635,90.0,False,761.313931551837,26,349.39606500123796,17.843748286356778,18.188751474035993,23.553886946820988,-16.427508289125864,39.98139523594685,43.29144764393267,-26.014284977940246,69.30573262187292,4.81369189114416,13.71737781997002,2.6995168645234706,28.715373059411434,18.4547728109261,2.3039288049019446,0,0.5,-60.0,0.0,90.0
20260724_230314__rp0p5__vinf25__incm60__toff56210__Om180__om0,0.7512402696090419,0.2519224866840574,21.52670985506537,240.828696724839,237.8296956881168,110.18140330485346,383.33140330485344,90.0,False,649.2804411531761,48,622.986153108684,110.18143860147083,110.18136800823605,82.64567847472064,60.89418262687448,21.751495847846158,91.54974887379231,52.89762351874958,38.65212535504273,73.23583091994085,5.522377256972533,94.86467028918055,76.97367428927107,77.54656433882575,4.682428735579082,1,0.5,-60.0,180.0,0.0
20260724_230314__rp0p5__vinf25__incm60__toff56210__Om180__om180,1.4623180273490413,0.2309618793680693,24.94625969117756,95.5800831434057,645.8929457398484,-67.53792640971295,205.61207359028703,,True,408.9963618380928,20,163.53782971917167,-67.53793186237678,-67.53792095704915,-60.15201424040272,-76.87523485542826,16.72322061502554,-52.1041207333896,-79.28264920307473,27.178528469685126,-66.67114248682404,8.542660524055279,-82.85465942538586,-66.68019531791083,-65.25112837629761,4.621930791820924,1,0.5,-60.0,180.0,180.0
20260724_230314__rp0p5__vinf25__incm60__toff56210__Om180__om270,0.9959093478527066,0.3704848879049643,22.33215895401636,205.48049415642336,363.01745147420354,25.44073152252663,298.5907315225266,90.0,False,646.4642117873115,28,369.333167516602,25.426819175596396,25.454643869456852,26.706327164959838,-7.942973200754349,34.64930036571419,45.213401512663275,-14.525286063118118,59.73868757578139,7.418099976733648,9.555020092116461,10.123998506853717,30.637326928142038,21.60721302906495,4.524886435820994,1,0.5,-60.0,180.0,270.0
20260724_230314__rp0p5__vinf25__incm60__toff56210__Om180__om90,1.1365466664617674,0.078973645309082,24.68151848802773,27.627602878898177,442.5666652192601,-49.22977044351884,223.92022955648113,,True,436.59164963289567,30,264.23001029952485,-49.22978532133397,-49.229755565703705,-46.628760064837465,-62.05483151645622,15.426071451618753,-39.904189906989046,-66.14130354868672,26.237113641697675,-51.770985749078235,7.133852366734153,-64.54650345919175,-54.48026449151028,-51.72787420073235,3.541252475915529,1,0.5,-60.0,180.0,90.0
20260724_230314__rp0p5__vinf25__incm60__toff56210__Om270__om0,1.1331262724938276,0.1169953202705839,18.491262382772653,30.09301581394887,440.5703377522406,-48.75652522920911,224.39347477079087,,True,383.8236741920535,30,266.8298033516735,-48.75654374199925,-48.75650671641894,-48.26434710626343,-61.50480726767765,13.24046016141422,-42.217922945698106,-64.96421138923134,22.74628844353323,-52.90012231863499,5.946811995304401,-64.07325824488203,-56.79399753021934,-53.363461242158316,3.4836575479817524,0,0.5,-60.0,270.0,0.0
20260724_230314__rp0p5__vinf25__incm60__toff56210__Om270__om180,1.2465930169801849,0.3486696358667311,25.077848957288317,161.02503073538952,508.37574872666073,-54.796875136206836,218.35312486379314,,True,617.0523396136309,25,233.6120830747195,-54.79688651257904,-54.79686375983463,-42.271125145923605,-66.25206219589603,23.980937049972425,-29.440793033131218,-69.67914198936371,40.2383489562325,-54.634514277416564,9.228481604795547,-70.11360815187975,-44.01686761765245,-47.37023928181849,4.814767951854726,1,0.5,-60.0,270.0,180.0
20260724_230314__rp0p5__vinf25__incm60__toff56210__Om270__om270,0.7874263377221289,0.1800769832509837,20.97508781253755,244.1760085490224,255.2188196181262,88.56454542376886,361.71454542376887,90.0,False,574.1766378433449,44,557.8745520677198,88.56457885193525,88.56451199560252,62.13599979740184,42.02862065665785,20.107379140743987,68.7507723808183,33.47999311843472,35.270779262383584,55.56915059490492,6.102566069868757,73.24781240809595,54.17469779629707,57.03688566150695,4.9046679734083405,2,0.5,-60.0,270.0,270.0
20260724_230314__rp0p5__vinf25__incm60__toff56210__Om270__om90,1.2213455586090818,0.0924924531451432,22.35065521075813,65.43583421408968,493.0098843491237,-55.62083560008494,217.52916439991503,,True,382.2087759551008,26,229.07973578170544,-55.62084501637977,-55.62082618379011,-52.98116800128777,-66.9992950154242,14.018127014136425,-46.83410583285116,-70.33345808637816,23.499352253527,-57.7485959256485,6.789212487784269,-70.93756861575785,-61.410180417372395,-58.08028213718266,2.841399030538282,0,0.5,-60.0,270.0,90.0
20260724_230314__rp0p5__vinf25__incm60__toff56210__Om90__om0,0.9412098151422176,0.3054451520912574,25.778438105511015,169.33882121557178,333.524284781634,36.62514849021726,309.77514849021725,90.0,False,933.0217574040436,31,403.3598349286779,36.61422799684365,36.636068983590874,48.48586434277452,-1.8436087688679477,50.329473111642464,76.28755928885492,-12.045439735507143,88.33299902436207,20.3385775332825,14.25750489289871,21.30841547454435,61.711484704333685,43.38675020687963,4.569737752324432,2,0.5,-60.0,90.0,0.0
20260724_230314__rp0p5__vinf25__incm60__toff56210__Om90__om180,1.1210749058385054,0.0898730895075621,26.592203355364024,20.21089993358699,433.560528982602,-47.84895604527327,225.3010439547267,,True,477.2201017223238,31,271.8253328438923,-47.848972202576086,-47.84893988797046,-44.313355002862274,-61.10899584559987,16.795640842737598,-36.869458319858694,-65.52875998473274,28.65930166487405,-50.005737826287806,7.655616664486054,-63.16568906094618,-51.44553290437993,-49.41246913875716,3.4860592215932438,0,0.5,-60.0,90.0,180.0
20260724_230314__rp0p5__vinf25__incm60__toff56210__Om90__om270,1.172788475490497,0.0806559851446783,24.12459362727359,169.38279225503524,463.9031536406266,-52.14704032487893,221.00295967512105,,True,387.6583918178521,28,248.18526669912632,-52.14705067397087,-52.147029975787,-49.88845074170533,-63.53655031074116,13.648099569035836,-44.46003194383406,-67.2467200830588,22.786688139224744,-54.438464545164905,6.439059225814468,-67.46377334055184,-59.0361065283553,-54.987564877600214,2.6759752800732035,0,0.5,-60.0,90.0,270.0
20260724_230314__rp0p5__vinf25__incm60__toff56210__Om90__om90,0.8933719612795459,0.0557603280227426,29.9921123847394,267.6192116389572,308.42265203210826,44.02819103287084,317.1781910328708,90.0,False,688.3698706183015,34,426.98213764069027,44.028336065592285,44.0280460001494,36.32892585650383,4.515604030938983,31.81332182556485,48.811367230467255,-7.120888631969824,55.93225586243708,25.74976160575996,11.519577622661675,28.71145801719793,34.23529264594602,31.229811720608943,2.8856396934040767,0,0.5,-60.0,90.0,90.0
20260724_230314__rp0p5__vinf25__incm90__toff56210__Om0__om0,1.4755584490811076,0.328258008756489,20.381701143261623,88.6069032580245,654.6850386406829,-67.19162184594046,205.95837815405952,,True,453.4942683719182,19,165.44087911636888,-67.19163090041243,-67.19161279146846,-58.14747236751718,-77.06565547702644,18.918183109509258,-48.00934496550849,-79.34686023014534,31.33751526463685,-66.69984995058232,8.769658272498873,-82.50835486161337,-62.58541955002973,-63.24658650341207,4.143235649483683,0,0.5,-90.0,0.0,0.0
20260724_230314__rp0p5__vinf25__incm90__toff56210__Om0__om180,0.863990585550852,0.2328415210133153,24.681701164968192,253.1065877257473,293.3332578685149,58.46562777433255,331.61562777433255,90.0,False,485.0709006257777,37,468.6881167151244,58.465657614724954,58.46559793394015,37.35093395870365,20.19371373998853,17.157220218715118,41.98756659479683,12.43505950923111,29.552507085565722,32.68007528193723,5.827542672026869,43.14889475865964,27.411492010275595,32.25181982280876,3.815785531343173,1,0.5,-90.0,0.0,180.0
20260724_230314__rp0p5__vinf25__incm90__toff56210__Om0__om270,1.055734374359233,0.1465682744552977,23.04291433363774,197.1885902616249,396.21396965384514,1.223506040370246,274.3735060403702,50.05549481018513,False,440.82067914457866,40,308.6060652748555,1.0736279686837522,1.3733841120567407,-7.647422053730063,-29.229769820167107,21.582347766437046,3.012942882469126,-34.899564590414755,37.91250747288388,-17.983217254183305,6.86246874197214,-14.093226975302667,-11.56313170205211,-12.746536189624951,2.388885629819503,0,0.5,-90.0,0.0,270.0
20260724_230314__rp0p5__vinf25__incm90__toff56210__Om0__om90,0.9646814135401603,0.08277546349332,29.4706939228974,179.42061790323697,346.07773279491704,24.105655878047948,297.25565587804795,90.0,False,666.430442404275,28,366.8793575291246,24.094170219374565,24.117141536721327,22.422397206116052,-10.562961295534878,32.98535850165093,36.509266855779046,-20.64072862169018,57.149995477469226,9.711973863597182,12.23269071181766,8.788922862375035,21.93319227125781,17.323283070221166,2.0700404284130034,0,0.5,-90.0,0.0,90.0
20260724_230314__rp0p5__vinf25__incm90__toff56210__Om180__om0,0.7836171303496894,0.2617397131452577,20.401881045344,249.1697378402458,253.3691138021553,94.04333114811088,367.1933311481109,90.0,False,538.3956032153976,44,574.1173231406501,94.04337046669201,94.04329182952974,65.18625967351741,49.9833240027029,15.202935670814512,71.07778439997607,44.39287447861135,26.68490992136472,58.87302621940329,4.105072321887668,78.72659813243797,56.50170981545483,60.087145537622526,4.623211853119602,1,0.5,-90.0,180.0,0.0
20260724_230314__rp0p5__vinf25__incm90__toff56210__Om180__om180,1.4850176199713552,0.2622463232441467,26.02160166446611,93.34051747671047,660.990473603925,-68.20221550585092,204.94778449414906,,True,447.4803837196827,19,159.884797828792,-68.20222349089043,-68.20220752081137,-59.30846128584728,-77.61896730175854,18.310506015911265,-50.19640241545799,-80.00076720601507,29.80436479055708,-66.77619853297988,9.193069604938003,-83.51894852152382,-64.77247699997922,-64.40757542174217,3.966908415617482,0,0.5,-90.0,180.0,180.0
20260724_230314__rp0p5__vinf25__incm90__toff56210__Om180__om270,1.005084426562084,0.2539988552346572,21.957235543066343,201.32319057290084,368.0455796308812,18.064402733078435,291.21440273307843,75.16488841802429,False,519.631721784033,26,348.2368528733724,17.9311250601291,18.19768040602778,12.111881723886045,-13.841000039461324,25.95288176334737,24.49786035517865,-20.21293650393122,44.71079685910987,-0.2602711375243971,8.443336504752406,2.747669717405522,9.921785770657413,7.012767587991156,3.1069833697782183,0,0.5,-90.0,180.0,270.0
20260724_230314__rp0p5__vinf25__incm90__toff56210__Om180__om90,1.100668804377037,0.0361184523451297,25.804720179838213,69.60502823598952,421.7768868009582,-46.173557781565435,226.97644221843456,,True,471.8082528190245,36,281.0400934891815,-46.17357182525965,-46.17354373787121,-43.03238851032809,-59.50308224942023,16.47069373909214,-36.031311292540174,-64.03620207962004,28.004890787079866,-48.65489416684933,7.3743456637933065,-61.490290797238345,-50.60738587706141,-48.13150264622298,2.593755001905131,0,0.5,-90.0,180.0,90.0
20260724_230314__rp0p5__vinf25__incm90__toff56210__Om270__om0,1.1017831904837996,0.1270557613458224,18.735791952337085,22.616156049691018,422.41759895371376,-45.893042180179904,227.25695781982006,,True,407.2684244410399,35,282.57900803256166,-45.89306084952231,-45.8930235108375,-45.41467458165991,-59.33488945549954,13.920214873839633,-38.93925373495378,-63.02512586647079,24.085872131517007,-50.39529731668201,6.0608860483524865,-61.209775195852814,-53.51532831947502,-50.513788717554796,3.547413278047764,0,0.5,-90.0,270.0,0.0
20260724_230314__rp0p5__vinf25__incm90__toff56210__Om270__om180,1.1464609524942364,0.3005187052572484,26.8881571695348,175.98748600983967,448.37014980296414,-47.92363347234844,225.22636652765152,,True,610.8609868030418,30,271.4146243147152,-47.92364951877045,-47.92361742592644,-37.544473940307384,-60.057078717652374,22.51260477734499,-26.133202031819064,-64.22037131194982,38.08716928013075,-48.61078293946398,8.609453664607976,-63.24036648802135,-40.7092766163403,-42.64358807620227,4.462108606097475,1,0.5,-90.0,270.0,180.0
20260724_230314__rp0p5__vinf25__incm90__toff56210__Om270__om270,0.9208958084317712,0.1399409734800778,21.08923465822019,184.8342046492839,322.7851412867665,37.692387581288635,310.8423875812886,90.0,False,575.3539952347055,32,405.20223325757524,37.691943581821434,37.692831580755836,27.95757693974074,0.5306782853568919,27.426898654383848,40.13407060869739,-7.987683375928521,48.12175398462591,16.367311928008533,9.125566630459577,22.375654565615722,25.557996024176155,22.858462803845853,3.5596611691167,0,0.5,-90.0,270.0,270.0
20260724_230314__rp0p5__vinf25__incm90__toff56210__Om270__om90,1.0695420784448897,0.0453421923807365,22.8909340807757,314.2918272825958,404.0123151838592,-5.529140278988811,267.6208597210112,40.961788552349375,False,398.92265542487013,50,297.7482918268352,-5.249591366681617,-5.808689191296004,-17.264345740812498,-35.428564447727034,18.164218706914536,-8.935936474238337,-40.792777037709506,31.856840563471167,-24.48469568789137,6.592673285930012,-20.845873294661722,-23.512011058759573,-22.363459876707388,2.1008001226745554,0,0.5,-90.0,270.0,90.0
20260724_230314__rp0p5__vinf25__incm90__toff56210__Om90__om0,0.9577640863019444,0.2837127486371346,22.48903745426791,167.48585877106197,342.3620455042198,31.386290096906006,304.536290096906,90.0,False,788.6527730281225,30,386.8151718178877,31.364457493207112,31.408122700604892,36.901070848889695,-6.056172708954415,42.95724355784411,59.99132081032217,-15.088703493746827,75.080024304069,13.78229696959659,12.545403200937663,16.069557081233093,45.415246225800935,31.80195671299481,4.5776925709493135,2,0.5,-90.0,90.0,0.0
20260724_230314__rp0p5__vinf25__incm90__toff56210__Om90__om180,1.0998724161203102,0.100392026779764,26.094106512311143,11.253154741538848,421.3192049925692,-45.873248930564415,227.27675106943556,,True,480.885256063319,35,282.6917586099206,-45.87326382930999,-45.87323403181882,-42.781597435444894,-59.56600798549747,16.784410550052577,-35.29141355517595,-64.09882263370741,28.807409078531464,-48.471022549143704,7.5159181025457755,-61.189981946237324,-49.86748813969719,-47.88071157133978,3.393701373101649,0,0.5,-90.0,90.0,180.0
20260724_230314__rp0p5__vinf25__incm90__toff56210__Om90__om270,0.9583094260942688,0.1707468471210528,23.648718294167395,268.4294694595484,342.6544926062803,27.713699835704166,300.86369983570415,90.0,False,394.32797618897223,30,376.02052357664775,27.748442141788257,27.678957529620074,9.812443073876349,-4.670188844134358,14.482631918010707,13.293366501633821,-11.323043717784046,24.616410219417865,7.1387293782436485,6.223655277678422,12.396966820031253,-1.2827080828874138,4.71332893798146,3.11641052247992,0,0.5,-90.0,90.0,270.0
20260724_230314__rp0p5__vinf25__incm90__toff56210__Om90__om90,1.0276707442294295,0.0898410306786311,30.409712528336957,48.70718402587518,380.5211320899276,8.121559797075339,281.2715597970753,61.37544904657465,False,683.6440690930996,28,323.4818689955032,7.771760778020821,8.471358816129857,8.62650937613311,-25.963656586018875,34.590165962151985,26.66267738412286,-34.81033197824248,61.47300936236534,-6.141368375706864,12.677800009455268,-7.195173218597574,12.086602799601623,3.5273952402382225,2.342655858752304,0,0.5,-90.0,90.0,90.0
20260724_230314__rp0p75__vinf25__inc0__toff56210__Om0__om0,1.3306673205891495,0.1778661282868549,22.413692446937365,109.80413591905568,560.6631688842268,-61.76784130557261,211.38215869442737,,True,393.03785744812456,22,195.27197286236563,-61.76785322691546,-61.76782938422977,-56.5592740678768,-71.95817635954627,15.398902291669472,-49.406677889591776,-74.78870051766711,25.382022628075333,-62.47435869646712,7.499007043560056,-77.08457432124553,-63.98275247411301,-61.658388203771686,4.978885223946116,1,0.75,0.0,0.0,0.0
20260724_230314__rp0p75__vinf25__inc0__toff56210__Om0__om180,0.7786134503967123,0.201096693233791,24.802706754127897,244.7400497107417,250.9462111974497,93.09449482878556,366.24449482878555,90.0,False,646.8606059752134,45,572.9519940448904,93.09452788747915,93.09446177009198,69.79135074276188,45.09685028237075,24.694500460391126,77.80727085418279,34.34733327915416,43.45993757502863,61.78704749896447,7.294253460365866,77.77776181311265,63.23119626966155,64.69223660686698,4.123487603078175,1,0.75,0.0,0.0,180.0
20260724_230314__rp0p75__vinf25__inc0__toff56210__Om0__om270,1.0938608646778722,0.0844418380991346,23.1298533207519,19.744185251150007,417.86973480797,-45.38369664706217,227.7663033529378,,True,443.5419423809279,37,285.3828448062563,-45.383714343115784,-45.38367895100857,-43.681358680411066,-59.01048306909925,15.329124388688186,-36.928939061540525,-63.2556057799023,26.32666671836177,-48.87048212510389,6.81170030456672,-60.70042966273509,-51.50501364606176,-48.78047281630595,3.559282528180046,1,0.75,0.0,0.0,270.0
20260724_230314__rp0p75__vinf25__inc0__toff56210__Om0__om90,0.9824251197218048,0.5523050289709445,19.518429339882804,204.20488909655143,355.6697896257111,43.69253512686442,316.8425351268644,90.0,False,1126.7150414219404,30,422.8823670742644,43.69842635589518,43.68664389783364,71.03680010996972,2.417161143535356,68.61963896643437,115.29807930103664,-6.370294639314191,121.66837394035083,22.981660273567588,13.121412165510781,28.375802111191508,100.7220047165154,65.93768597407482,5.044616304420654,1,0.75,0.0,0.0,90.0
20260724_230314__rp0p75__vinf25__inc0__toff56210__Om180__om0,0.7786134503967123,0.201096693233791,24.802706754127897,244.7400497107417,250.9462111974497,93.09449482878556,366.24449482878555,90.0,False,646.8606059752134,45,572.9519940448904,93.09452788747915,93.09446177009198,69.79135074276188,45.09685028237075,24.694500460391126,77.80727085418279,34.34733327915416,43.45993757502863,61.78704749896447,7.294253460365866,77.77776181311265,63.23119626966155,64.69223660686698,4.123487603078175,1,0.75,0.0,180.0,0.0
20260724_230314__rp0p75__vinf25__inc0__toff56210__Om180__om180,1.3306673207318829,0.1778661283529621,22.413692445708907,109.80413595539903,560.6631689744355,-61.76784131276008,211.3821586872399,,True,393.03785739173907,22,195.27197282284519,-61.76785323410255,-61.76782939141759,-56.55927407445911,-71.95817636484293,15.398902290383816,-49.40667789710344,-74.78870052217331,25.382022625069872,-62.474358702808956,7.499007043213126,-77.08457432843299,-63.98275248162468,-61.658388210354,4.978885218733627,1,0.75,0.0,180.0,180.0
20260724_230314__rp0p75__vinf25__inc0__toff56210__Om180__om270,0.9822161435723792,0.5522032292421791,19.518319412347925,204.1836490516473,355.55631143451654,43.74146330830496,316.89146330830494,90.0,False,1127.013491123752,30,423.0281111461459,43.747527576606316,43.73539904000359,71.08442281424114,2.45305761611331,68.63136519812782,115.3516063838946,-6.338071256653191,121.6896776405478,23.02260390282733,13.122858155592805,28.424730292632045,100.77553179937337,65.98530867834624,5.044988464381244,1,0.75,0.0,180.0,270.0
20260724_230314__rp0p75__vinf25__inc0__toff56210__Om180__om90,1.0938608646778722,0.0844418380991346,23.1298533207519,19.744185251150007,417.86973480797,-45.38369664706217,227.7663033529378,,True,443.5419423809279,37,285.3828448062563,-45.383714343115784,-45.38367895100857,-43.681358680411066,-59.01048306909925,15.329124388688186,-36.928939061540525,-63.2556057799023,26.32666671836177,-48.87048212510389,6.81170030456672,-60.70042966273509,-51.50501364606176,-48.78047281630595,3.559282528180046,1,0.75,0.0,180.0,90.0
20260724_230314__rp0p75__vinf25__inc0__toff56210__Om270__om0,1.0938608646778722,0.0844418380991346,23.1298533207519,19.744185251150007,417.86973480797,-45.38369664706217,227.7663033529378,,True,443.5419423809279,37,285.3828448062563,-45.383714343115784,-45.38367895100857,-43.681358680411066,-59.01048306909925,15.329124388688186,-36.928939061540525,-63.2556057799023,26.32666671836177,-48.87048212510389,6.81170030456672,-60.70042966273509,-51.50501364606176,-48.78047281630595,3.559282528180046,1,0.75,0.0,270.0,0.0
20260724_230314__rp0p75__vinf25__inc0__toff56210__Om270__om180,0.9822161435723792,0.5522032292421791,19.518319412347925,204.1836490516473,355.55631143451654,43.74146330830496,316.89146330830494,90.0,False,1127.013491123752,30,423.0281111461459,43.747527576606316,43.73539904000359,71.08442281424114,2.45305761611331,68.63136519812782,115.3516063838946,-6.338071256653191,121.6896776405478,23.02260390282733,13.122858155592805,28.424730292632045,100.77553179937337,65.98530867834624,5.044988464381244,1,0.75,0.0,270.0,180.0
20260724_230314__rp0p75__vinf25__inc0__toff56210__Om270__om270,0.7783905866927128,0.2009690919260403,24.80359526073938,244.73543616499057,250.83847583805655,93.19830489466973,366.3483048946697,90.0,False,647.320234481941,45,573.2648037849164,93.19833817665287,93.19827161268661,69.88521565588184,45.16996774305336,24.715247912828474,77.90838522552765,34.41056326922701,43.49782195630064,61.87395305674804,7.2985322712586935,77.88157187899682,63.332310641006416,64.78610151998694,4.1238702998609575,1,0.75,0.0,270.0,270.0
20260724_230314__rp0p75__vinf25__inc0__toff56210__Om270__om90,1.3306673207318829,0.1778661283529621,22.413692445708907,109.80413595539903,560.6631689744355,-61.76784131276008,211.3821586872399,,True,393.03785739173907,22,195.27197282284519,-61.76785323410255,-61.76782939141759,-56.55927407445911,-71.95817636484293,15.398902290383816,-49.40667789710344,-74.78870052217331,25.382022625069872,-62.474358702808956,7.499007043213126,-77.08457432843299,-63.98275248162468,-61.658388210354,4.978885218733627,1,0.75,0.0,270.0,90.0
20260724_230314__rp0p75__vinf25__inc0__toff56210__Om90__om0,0.9824251197218048,0.5523050289709445,19.518429339882804,204.20488909655143,355.6697896257111,43.69253512686442,316.8425351268644,90.0,False,1126.7150414219404,30,422.8823670742644,43.69842635589518,43.68664389783364,71.03680010996972,2.417161143535356,68.61963896643437,115.29807930103664,-6.370294639314191,121.66837394035083,22.981660273567588,13.121412165510781,28.375802111191508,100.7220047165154,65.93768597407482,5.044616304420654,1,0.75,0.0,90.0,0.0
20260724_230314__rp0p75__vinf25__inc0__toff56210__Om90__om180,1.0938608646778722,0.0844418380991346,23.1298533207519,19.744185251150007,417.86973480797,-45.38369664706217,227.7663033529378,,True,443.5419423809279,37,285.3828448062563,-45.383714343115784,-45.38367895100857,-43.681358680411066,-59.01048306909925,15.329124388688186,-36.928939061540525,-63.2556057799023,26.32666671836177,-48.87048212510389,6.81170030456672,-60.70042966273509,-51.50501364606176,-48.78047281630595,3.559282528180046,1,0.75,0.0,90.0,180.0
20260724_230314__rp0p75__vinf25__inc0__toff56210__Om90__om270,1.3306673207318829,0.1778661283529621,22.413692445708907,109.80413595539903,560.6631689744355,-61.76784131276008,211.3821586872399,,True,393.03785739173907,22,195.27197282284519,-61.76785323410255,-61.76782939141759,-56.55927407445911,-71.95817636484293,15.398902290383816,-49.40667789710344,-74.78870052217331,25.382022625069872,-62.474358702808956,7.499007043213126,-77.08457432843299,-63.98275248162468,-61.658388210354,4.978885218733627,1,0.75,0.0,90.0,270.0
20260724_230314__rp0p75__vinf25__inc0__toff56210__Om90__om90,0.7786134503967123,0.201096693233791,24.802706754127897,244.7400497107417,250.9462111974497,93.09449482878556,366.24449482878555,90.0,False,646.8606059752134,45,572.9519940448904,93.09452788747915,93.09446177009198,69.79135074276188,45.09685028237075,24.694500460391126,77.80727085418279,34.34733327915416,43.45993757502863,61.78704749896447,7.294253460365866,77.77776181311265,63.23119626966155,64.69223660686698,4.123487603078175,1,0.75,0.0,90.0,90.0
20260724_230314__rp0p75__vinf25__inc30__toff56210__Om0__om0,1.3372717081025387,0.1788493711683506,23.688270816193768,109.8041820823577,564.8423812324929,-62.11132101566761,211.03867898433236,,True,406.629526750963,22,193.3829797218032,-62.11133169654542,-62.11131033478982,-56.30705457508067,-72.27580269814285,15.968748123062184,-48.881237341219965,-75.15136873219743,26.27013139097746,-62.45037865060132,7.812916599258315,-77.42805403134052,-63.4573119257412,-61.40616871097556,5.30170009204964,1,0.75,30.0,0.0,0.0
20260724_230314__rp0p75__vinf25__inc30__toff56210__Om0__om180,0.771557359211996,0.2046340674568998,22.8339172013769,237.77344376788767,247.54269643645165,97.00329039289629,370.1532903928963,90.0,False,650.8516950719502,46,583.916348556879,97.00332169749339,97.00325908829909,72.92700592631908,48.43952231617139,24.48748361014769,81.86794599534893,38.544776812067425,43.32316918328151,63.83608507076359,6.88012938611498,81.68655737722338,67.2918714108277,67.82789179042419,4.116132892524119,1,0.75,30.0,0.0,180.0
20260724_230314__rp0p75__vinf25__inc30__toff56210__Om0__om270,1.0990311952061491,0.0932035072727597,23.51460422955362,11.533742516182386,420.83593791869583,-45.8303972830451,227.31960271695488,,True,439.8634154948682,35,282.9258767472489,-45.830414303189194,-45.830380262901016,-44.168942175170955,-59.35491855373532,15.185976378564362,-37.48861894557981,-63.572671599234184,26.084052653654375,-49.22441883509239,6.813142978575513,-61.14713029871801,-52.064693530101046,-49.26805631106584,3.690100710898268,1,0.75,30.0,0.0,270.0
20260724_230314__rp0p75__vinf25__inc30__toff56210__Om0__om90,1.1220426913182384,0.6760592783496318,26.62214076537544,184.25048034267505,434.1220670089755,23.257446137822686,296.40744613782266,90.0,False,2340.6115922954555,26,366.77684593039106,22.883961916750067,23.6309303588953,120.75533472452545,-17.76273251175959,138.51806723628505,217.94571724131356,-27.360318561099774,245.30603580241333,13.812749335604114,23.09982429435771,7.9407131221497735,203.36964265679234,115.65622058863056,5.576561709118847,2,0.75,30.0,0.0,90.0
20260724_230314__rp0p75__vinf25__inc30__toff56210__Om180__om0,0.8047860759646033,0.1952544385243688,25.89919739905129,252.63819265877424,263.7050648105074,80.55644021245223,353.7064402124522,90.0,False,602.9574665309854,42,535.6458551504865,80.55647542345886,80.55640500144558,58.303946337471416,35.32483216599071,22.979114171480703,64.84958722869372,24.73311935588556,40.11646787280816,52.00730519359719,7.392088592360388,65.23970719677932,50.273512644172484,53.20483220157653,3.9875175683440287,1,0.75,30.0,180.0,0.0
20260724_230314__rp0p75__vinf25__inc30__toff56210__Om180__om180,1.3180813701910312,0.183663060653745,21.353555225365398,104.38257286801036,552.7275639939947,-61.04716004579657,212.1028399542034,,True,394.74961324625264,23,199.23467179771038,-61.04716798980728,-61.04715210178587,-56.02478381537208,-71.4618160926197,15.437032277247617,-48.74664408739522,-74.30854719612164,25.56190310872642,-62.04921661507766,7.400583059706669,-76.36389306146948,-63.322718671916455,-61.12389795126697,3.48334693344189,0,0.75,30.0,180.0,180.0
20260724_230314__rp0p75__vinf25__inc30__toff56210__Om180__om270,0.9274557338009076,0.3483997911596821,22.92134779267342,189.70640731036747,326.2402761942287,43.118603521882314,316.2686035218823,90.0,False,836.9431391578846,33,421.9993744366672,43.11971145558046,43.11749558818417,49.08991386452131,4.583293711757052,44.506620152764256,73.95157706484294,-4.225383393409279,78.17696045825221,23.293339614308977,11.763914321706697,27.8018705062094,59.3755024803217,43.99079972862642,3.9741359504519416,1,0.75,30.0,180.0,270.0
20260724_230314__rp0p75__vinf25__inc30__toff56210__Om180__om90,1.0776980019877789,0.0461290502789274,22.958302744469208,34.99963151540123,408.6423817931735,-43.949787641488285,229.2002123585117,,True,443.3638168515826,74,293.2692551062106,-43.94980483539821,-43.94977044757835,-42.55692863670398,-57.70800224467524,15.151073607971263,-36.10403975027827,-62.07078845111568,25.966748700837414,-47.647548836459364,6.6625698792102455,-59.266520657161195,-50.680114334799505,-47.656042772598866,2.833299408846335,1,0.75,30.0,180.0,90.0
20260724_230314__rp0p75__vinf25__inc30__toff56210__Om270__om0,1.0873069472386845,0.079124409293265,25.110304309352586,15.41880766498855,414.1198373288231,-44.77933729291718,228.3706627070828,,True,470.49073948728903,40,288.70716970760213,-44.77935637345204,-44.77931821238232,-42.29140934716352,-58.59266003450202,16.301250687338495,-35.15591162660236,-63.127539852080865,27.971628225478504,-47.78346986960535,7.238668705207431,-60.096070308590086,-49.7319862111236,-47.39052348305841,3.27595052566362,0,0.75,30.0,270.0,0.0
20260724_230314__rp0p75__vinf25__inc30__toff56210__Om270__om180,0.9614571146927102,0.6095107718155841,38.19284230214236,179.66887471174198,344.34411622975034,55.26986161567991,328.4198616156799,90.0,False,3108.671056664893,32,464.28732320318574,55.269902809459545,55.26982042190028,172.72266253134393,12.154217719083917,160.56844481226,284.47185198774554,-1.136615997479969,285.6084679852255,50.87167958305987,28.24274532658549,39.95312860000699,269.8957774032243,167.62354839544903,5.294128195702017,2,0.75,30.0,270.0,180.0
20260724_230314__rp0p75__vinf25__inc30__toff56210__Om270__om270,0.8116537019775716,0.1506647499243958,26.27091091447921,250.7571669655568,267.08773866374514,76.12678464795589,349.2767846479559,90.0,False,640.1346298187952,42,522.4474421573963,76.12681267711746,76.12675661879433,56.71999449232848,30.629583215914764,26.090411276413718,65.02298144680367,19.189922832185072,45.833058614618594,49.09530907109957,8.530298888871627,60.81005163228298,50.44690686228243,51.620880356433595,3.494665646809767,1,0.75,30.0,270.0,270.0
20260724_230314__rp0p75__vinf25__inc30__toff56210__Om270__om90,1.2763325741748524,0.1533894960740315,22.79930076264869,127.48299238730854,526.6760506949133,-58.84118151417107,214.3088184858289,,True,396.2545979140035,24,211.36866529751762,-58.84119052313391,-58.841172505208235,-54.277759437659086,-69.37782093291054,15.100061495251452,-47.48984440590296,-72.47008836677111,24.98024396086815,-59.99976068206777,7.210119690007019,-74.15791452984398,-62.065918990424194,-59.37687357355397,3.301226487189502,0,0.75,30.0,270.0,90.0
20260724_230314__rp0p75__vinf25__inc30__toff56210__Om90__om0,1.630955317999858,0.5436246885919702,18.0769085235662,153.5804250712235,760.7831499070796,-69.56279800834218,203.5872019916578,,True,605.2745500014393,17,152.3989863371167,-69.56280316693781,-69.56279284974654,-52.423358544153814,-78.90422040223554,26.480861858081724,-36.76027381810389,-80.73637434086179,43.976100522757896,-67.88859916804708,9.748010194853379,-84.8795310240151,-51.33634840262513,-57.5224726800487,5.006500681177262,1,0.75,30.0,90.0,0.0
20260724_230314__rp0p75__vinf25__inc30__toff56210__Om90__om180,1.0929124194203987,0.0896620849430713,20.95495475106924,19.10151778712668,417.32637414118375,-45.26938562576363,227.88061437423636,,True,416.35843195764215,38,286.0093138515853,-45.26940361076842,-45.26936764075885,-44.61403220481124,-58.78221921555733,14.168187010746095,-38.359953446129786,-62.75172233624194,24.391768890112154,-49.398279905615006,6.276342019840328,-60.58611864143654,-52.93602803065102,-49.713146340706125,3.3674484869123207,0,0.75,30.0,90.0,180.0
20260724_230314__rp0p75__vinf25__inc30__toff56210__Om90__om270,1.274998534515604,0.1446315103443018,22.25470644330643,96.5200580753575,525.8505333556703,-58.81198781227696,214.33801218772302,,True,398.06864250239147,24,211.52869508387766,-58.81199702194142,-58.81197860261253,-54.44116785923306,-69.65392366881711,15.212755809584053,-47.45482891157151,-72.75248289766108,25.29765398608957,-60.122217740743245,7.308602754016356,-74.12872082794988,-62.03090349609275,-59.54028199512795,3.4315659808229717,0,0.75,30.0,90.0,270.0
20260724_230314__rp0p75__vinf25__inc30__toff56210__Om90__om90,0.774215818353961,0.2088061178048935,22.89548714064521,245.2123330728872,248.82318844263224,95.83724513361591,368.9872451336159,90.0,False,614.4357637761694,45,580.4359034200601,95.83728323273054,95.83720703450126,69.89010464399769,47.96755832273324,21.92254632126445,77.10889596527653,38.55966814513187,38.54922782014466,62.56453924524225,6.3690521591492555,80.520512117943,62.532821380755294,64.7909905081028,4.33488013871518,1,0.75,30.0,90.0,90.0
20260724_230314__rp0p75__vinf25__inc60__toff56210__Om0__om0,1.3253889353438917,0.178844933485625,24.90024833925093,104.89339660954847,557.3304882416079,-61.478128928567145,211.67187107143283,,True,433.24088758797706,23,196.86591217034174,-61.478135901623006,-61.47812195551126,-54.96396363550371,-71.90371662880125,16.93975299329754,-46.98981099222915,-74.92474527429619,27.934934282067033,-61.55859026723874,8.213198321705761,-76.79486194424005,-61.56588557675039,-60.063077771398596,3.6699876197128543,0,0.75,60.0,0.0,0.0
20260724_230314__rp0p75__vinf25__inc60__toff56210__Om0__om180,0.788593923896714,0.2007541650674038,21.297407999466277,240.36833635954048,255.78668302519185,88.73526504799891,361.88526504799887,90.0,False,586.0996552820669,44,558.5011080684872,88.73529761567684,88.73523248032099,63.4455672290462,42.65429245040262,20.791274778643576,70.82412177297326,34.23738893670809,36.58673283626516,55.949651710551215,6.065731636100999,73.418532032326,56.24804718845202,58.34645309315131,4.091602014826487,1,0.75,60.0,0.0,180.0
20260724_230314__rp0p75__vinf25__inc60__toff56210__Om0__om270,1.0885976367230998,0.0706616921366979,24.1528961449736,10.83103332257482,414.85742855243456,-44.93697712366617,228.2130228763338,,True,446.20206865305505,40,287.83944448495686,-44.936995226112074,-44.93695902122026,-43.2552520677545,-58.572198437271425,15.316946369516927,-36.689110427486455,-62.949179254249266,26.26006882676281,-48.27648265479609,6.856565657359759,-60.25371013933908,-51.26518501200769,-48.354366203649384,3.2697969691968813,1,0.75,60.0,0.0,270.0
20260724_230314__rp0p75__vinf25__inc60__toff56210__Om0__om90,0.935116473482106,0.4546363531109497,25.967927690630678,191.4949616216065,330.2907050603701,47.75288060095062,320.9028806009506,90.0,False,1170.9048685768823,33,436.8641501677166,47.75422983023732,47.75153137166391,72.46138594340177,7.526400453654332,64.93498548974743,112.04450933588666,-2.1700107625633307,114.21452009845,30.211749647572343,14.883690612709406,32.43614758527771,97.46843475136542,67.36227180750687,4.679676894670951,1,0.75,60.0,0.0,90.0
20260724_230314__rp0p75__vinf25__inc60__toff56210__Om180__om0,0.8609483243880531,0.1884377426611186,25.845945082509143,257.6243087358702,291.78530637333967,57.90778526235645,331.05778526235645,90.0,False,520.5072366912138,37,467.4065832841728,57.907816665766376,57.907753858946506,37.95505300217037,18.133181325371726,19.82187167679864,43.1275991339065,8.916529407750584,34.21106972615591,33.20838498753175,7.11888996793877,42.59105224668353,28.551524549385263,32.85593886627548,3.566428700237881,1,0.75,60.0,180.0,0.0
20260724_230314__rp0p75__vinf25__inc60__toff56210__Om180__om180,1.2761472029952952,0.1902079868454785,20.79901390612769,99.7628620217511,526.5613152986499,-58.578225881519884,214.5717741184801,,True,421.7093216852083,24,212.81312709149458,-58.57823490214594,-58.57821686089384,-53.32890539393328,-69.6637349162767,16.334829522343412,-45.41717265981939,-72.72391333885201,27.30674067903262,-59.94456894764304,7.520532366161056,-73.8949588971928,-59.99324724434063,-58.42801952982817,3.2906131783835164,0,0.75,60.0,180.0,180.0
20260724_230314__rp0p75__vinf25__inc60__toff56210__Om180__om270,0.9406673622334172,0.1942993287017615,25.074697206755225,187.94827529439152,333.2359933531283,32.92188093805197,306.07188093805195,90.0,False,653.5543832727911,31,391.99680326841354,32.91840055962906,32.92536131647487,29.693192924502917,-2.84861074348694,32.54180366798985,44.81306223370537,-12.128273883053652,56.94133611675902,14.953929950381609,10.745379750009544,17.605147922379057,30.23698764918413,24.59407878860803,2.6021376068791677,0,0.75,60.0,180.0,270.0
20260724_230314__rp0p75__vinf25__inc60__toff56210__Om180__om90,1.0541501676331893,0.0295999779961607,22.877503687667478,166.67630683105483,395.3224821922779,0.4738638783851969,273.6238638783852,48.11140308495899,False,443.0254784737799,36,306.32575204670377,0.5204074552984181,0.42732030147197547,-8.723776612994929,-30.74452860388992,22.02075199089499,1.9208308162135121,-36.9221568819371,38.84298769815061,-18.381800043304956,7.4516930893688595,-14.842869137287716,-12.655243768307724,-13.822890748889817,1.5547960651704646,0,0.75,60.0,180.0,90.0
20260724_230314__rp0p75__vinf25__inc60__toff56210__Om270__om0,1.0761511354526112,0.079352608894193,26.05954079055898,8.815055242248592,407.76288446060113,-43.68457004951005,229.46542995048992,,True,487.66511825937954,69,294.7292650853064,-43.68458576556191,-43.68455433345818,-40.9408755429254,-57.74200356385094,16.801128020925546,-33.61197339876861,-62.48276570304041,28.870792304271795,-46.57256648688701,7.4139547992269,-59.00130306518297,-48.18804798328985,-46.039989678820284,2.9978696244088154,0,0.75,60.0,270.0,0.0
20260724_230314__rp0p75__vinf25__inc60__toff56210__Om270__om180,1.2228312959007497,0.3898353008889118,29.12614215200778,136.11630664671424,493.90975975544,-50.00227672936422,223.14772327063577,,True,952.98105023873,26,247.09265479667587,-49.10779016290282,-50.896763295825615,-13.581703639128294,-63.73727043508176,50.15556679595347,18.56716715517971,-68.2070074454518,86.77417460063151,-46.83897072029232,13.64243901715502,-65.31900974503714,3.9910925706584752,-18.680817775023183,4.424985102132988,2,0.75,60.0,270.0,180.0
20260724_230314__rp0p75__vinf25__inc60__toff56210__Om270__om270,0.892295593618924,0.0647228038070822,28.111620289703808,263.2144457715815,307.865421390594,44.66026789908206,317.810267899082,90.0,False,640.169225512382,35,428.2448871253695,44.660365592505876,44.66017020565824,34.372195823544644,5.216039510681645,29.156156312862997,45.479850674816326,-5.7458040041031015,51.225654678919426,24.97721552817989,10.585671223214252,29.343534883409145,30.90377609029509,29.273081687649757,2.4721628824534188,0,0.75,60.0,270.0,270.0
20260724_230314__rp0p75__vinf25__inc60__toff56210__Om270__om90,1.1239484311889956,0.0777598563148817,22.906434594166708,174.7968467177801,435.2285421886925,-48.151428548887715,224.99857145111227,,True,399.2131537102928,31,270.1608102205671,-48.15144368685802,-48.15141341091739,-46.66956027422236,-60.34397910969476,13.674418835472395,-41.20824844542333,-64.25971835405281,23.05146990862948,-51.29583811013525,6.1829606314911345,-63.46816156456063,-55.78432302994457,-51.76867441011725,2.475194619872838,0,0.75,60.0,270.0,90.0
20260724_230314__rp0p75__vinf25__inc60__toff56210__Om90__om0,1.7544597910811224,0.5631907184323036,22.070559882717497,146.3416434880895,848.8147534609255,-72.95025292008077,200.1997470799192,,True,671.5123838444268,16,133.77020177427212,-72.95025538578554,-72.950250454376,-52.55506858078738,-81.77720634651638,29.222137765729002,-35.16023926637465,-83.3904744311851,48.230235164810445,-69.55594677947795,11.131036898841202,-88.26698593575368,-49.73631385089589,-57.654182716682264,5.066973882477663,1,0.75,60.0,90.0,0.0
20260724_230314__rp0p75__vinf25__inc60__toff56210__Om90__om180,1.0772089092548085,0.0949982009908751,19.61777257401929,13.886006717438317,408.3642315027663,-9.697522959334695,263.45247704066526,36.07819997184264,False,407.3510347765691,80,294.5552965757554,-9.22179528313536,-10.173250635534032,-19.23753031818432,-39.24361178422873,20.006081466044414,-8.95361807189111,-44.395900166603646,35.44228209471254,-28.26126515899552,6.879834341567744,-25.014255975007607,-23.529692656412344,-24.336644454079206,3.1527466808195257,0,0.75,60.0,90.0,180.0
20260724_230314__rp0p75__vinf25__inc60__toff56210__Om90__om270,1.1641089444310777,0.0704111009721405,22.385680705378228,80.22043235671393,458.762836810719,-51.50720868494558,221.6427913150544,,True,405.8876921410071,28,251.7039986630647,-51.507223393867136,-51.507193976024055,-49.1479782109104,-63.67571096448988,14.527732753579478,-42.8522208553832,-67.37574445133632,24.523523595953115,-54.16783620357868,6.742638800515508,-66.82394170061849,-57.42829543990444,-54.24709234680529,2.430298219448705,0,0.75,60.0,90.0,270.0
20260724_230314__rp0p75__vinf25__inc60__toff56210__Om90__om90,0.817391269067261,0.1529862624360183,21.683888275651046,233.98531315488933,269.924796181588,74.3126814451455,347.46268144514545,90.0,False,583.7012415360335,41,515.3245722039677,74.31271362033179,74.31264926995917,52.95472956283787,29.99292963971878,22.961799923119088,61.18708182157112,20.793627967650007,40.393453853921116,44.97913728329774,7.175328123238806,58.99594842947259,46.61100723704988,47.85561542694298,3.9514521760377943,1,0.75,60.0,90.0,90.0
20260724_230314__rp0p75__vinf25__inc90__toff56210__Om0__om0,1.3002020085715646,0.1846575325480611,25.733788399739552,101.0770883584244,541.5194241641339,-60.037354680508976,213.112645319491,,True,471.2087333381014,23,204.790604002432,-60.037365333286765,-60.0373440277312,-52.65020264449478,-70.92354794234544,18.273345297850653,-43.8639550375616,-74.15378671382011,30.28983167625851,-59.98175136346599,8.633815148509399,-75.35408769618189,-58.44002962208284,-57.74931678038967,3.3701103910535952,0,0.75,90.0,0.0,0.0
20260724_230314__rp0p75__vinf25__inc90__toff56210__Om0__om180,0.8297040422639136,0.1921897284850459,20.62295710566472,249.4605407528614,276.04672514043654,70.53658380544756,343.6865838054475,90.0,False,492.4598088236902,40,503.6447933166318,70.53661480920212,70.536552801693,45.289147332162216,29.117407116682635,16.17174021547958,50.12762007218204,22.104513348186135,28.023106723995905,40.480383844866985,5.333051814458976,55.219850789774654,35.5515454876608,40.19003319626733,3.8350013097224185,1,0.75,90.0,0.0,180.0
20260724_230314__rp0p75__vinf25__inc90__toff56210__Om0__om270,1.0663676945780851,0.0238936334432097,24.872143156066706,41.10035881722823,402.2149972560069,-4.474244767886575,268.6757552321134,42.670233871257594,False,469.5567716053498,44,299.30100864656106,-4.131037389926856,-4.817452145846294,-11.131589160059246,-35.12065363977212,23.989064479712876,0.877774503327941,-41.33490906482606,42.212683568154,-21.920968967508788,8.160882902587115,-19.790977783559487,-13.698300081193294,-16.230703295954136,2.318123665486036,0,0.75,90.0,0.0,270.0
20260724_230314__rp0p75__vinf25__inc90__toff56210__Om0__om90,0.9327671285499276,0.2741013361920615,23.280897193636957,202.4291432270929,329.04677571727683,37.97156833435675,311.1215683343567,90.0,False,639.8487296459109,32,406.6414864135733,37.97529812917968,37.967838539533844,33.58229791214517,2.542144563205232,31.04015334893994,48.98515615457605,-5.379038783890275,54.364194938466326,17.887904858384687,9.37433367810552,22.65483531868384,34.409081570054816,28.483183776250286,3.320706003768872,0,0.75,90.0,0.0,90.0
20260724_230314__rp0p75__vinf25__inc90__toff56210__Om180__om0,0.9216618214411636,0.1539768727359026,24.12577097907735,249.178569838928,323.1879702921096,37.47657836084679,310.6265783608468,90.0,False,463.3962450552767,32,405.382753351753,37.481901810534396,37.471254911159185,20.95804902669211,2.3424553646334827,18.615593662058625,26.52578306475728,-5.523540682816826,32.04932374757411,15.928149645103296,7.083569876103576,22.159845345173874,11.949708480236046,15.85893489079722,3.065286944447227,0,0.75,90.0,180.0,0.0
20260724_230314__rp0p75__vinf25__inc90__toff56210__Om180__om180,1.2199189828510362,0.2067092803214628,21.69796713149158,96.45847663498166,492.1463565826506,-54.784529462439906,218.36547053756007,,True,496.2401055034246,26,233.6784385705547,-54.78453919255732,-54.78451973232248,-47.94288945226952,-67.00391600552169,19.06102655325217,-38.30165722630406,-70.52217321180838,32.22051598550432,-56.20619700905311,8.214066478517466,-70.10126247811282,-52.877731810825296,-53.042003588164405,3.266818721906045,0,0.75,90.0,180.0,180.0
20260724_230314__rp0p75__vinf25__inc90__toff56210__Om180__om270,0.9583327316630206,0.0968155312090325,25.251921985164596,204.9295029050636,342.66699244115125,26.30111794822945,299.4511179482294,90.0,False,544.8716476761593,29,372.2292218348232,26.305560916574294,26.29667497988461,17.98649790548263,-8.027928456800392,26.01442636228302,28.269218137772462,-16.808501177639798,45.07771931541226,8.680161383796927,9.69380859415889,10.984384932556537,13.693143553251227,12.887383769587741,2.369243187176715,0,0.75,90.0,180.0,270.0
20260724_230314__rp0p75__vinf25__inc90__toff56210__Om180__om90,1.0302726135867415,0.1157619899194434,22.6411182120008,195.62839071444296,381.9671584756879,8.268320160695984,281.41832016069594,58.82116446134409,False,451.5392200022216,35,322.7181947259261,8.085643858373292,8.450996463018674,-1.5385315986610353,-23.24942463133341,21.710893032672377,8.489107646390535,-29.742213554310574,38.23132120070111,-10.635973437011916,7.677146262711723,-7.048412854976929,-6.0869669381307006,-6.637645734555924,2.036955569517468,0,0.75,90.0,180.0,90.0
20260724_230314__rp0p75__vinf25__inc90__toff56210__Om270__om0,1.0619663692426728,0.08352893099522,25.477611067480225,2.7069818254468943,399.72741560941273,-2.125911641036341,271.02408835896364,46.23825730732021,False,484.8610075343644,43,302.75893646485065,-1.9368420603337664,-2.314981221738915,-8.856308357562618,-33.6016137609685,24.74530540340588,3.768640872879177,-40.15142949691616,43.92007036979533,-19.76940429372847,8.503930166342052,-17.442644656709255,-10.807433711642059,-13.955422493457506,2.799025937889017,0,0.75,90.0,270.0,0.0
20260724_230314__rp0p75__vinf25__inc90__toff56210__Om270__om180,1.076715874050855,0.2817293537905672,22.56019207507268,149.8789105757326,408.0839030064925,-5.7325689675705,267.4174310324295,39.2964802391875,False,687.9604565049235,46,305.88182847452475,-6.507195039027309,-4.957942896113688,1.4707494991666863,-37.748964830097634,39.21971432926432,25.088841082215623,-44.237241952309844,69.32608303452547,-22.24751962660476,10.289699779717775,-21.049301983243414,10.512766497694388,-3.628364636728202,4.0856050987797214,1,0.75,90.0,270.0,180.0
20260724_230314__rp0p75__vinf25__inc90__toff56210__Om270__om270,0.9883892948653146,0.0473696498971811,28.12892483847592,41.53813340561842,358.91353786394313,17.92565504390405,291.075655043904,90.0,False,633.0903085525609,26,348.6822731532923,17.836691172502743,18.014618915305366,15.07873052129986,-16.802551524376412,31.881282045676272,29.500080634224023,-26.225313073411975,55.725393707636,3.053062465750161,12.141947912691805,2.608922028231138,14.924006049702788,9.979616385404972,1.5608510230089394,0,0.75,90.0,270.0,270.0
20260724_230314__rp0p75__vinf25__inc90__toff56210__Om270__om90,0.9595677389416206,0.1227453152802587,21.7920438593745,262.1832614455116,343.3296003176511,26.637574550910298,299.7875745509103,90.0,False,403.90820161576323,30,372.3431626087732,26.66872258367241,26.60642651814819,9.67720747694375,-6.136330672945792,15.813538149889542,14.330669624530854,-12.78677307686067,27.117442701391525,5.914587350101841,6.528430019498946,11.320841535237385,-0.24540495999038114,4.578093341048861,3.138252214970519,1,0.75,90.0,270.0,90.0
20260724_230314__rp0p75__vinf25__inc90__toff56210__Om90__om0,0.9932608948873132,0.3812144729286723,24.29553231629652,204.3534647038704,361.5703390874136,26.540541650091896,299.69054165009186,90.0,False,706.8797434197503,28,373.05324763265395,26.526146617878947,26.554936682304852,31.04514758237387,-6.992555778056135,38.03770336043,51.574356319442494,-13.965925263207108,65.5402815826496,9.587116570545337,10.49458246566054,11.223808634418983,36.99828173492126,25.946033446478978,4.349387647054846,1,0.75,90.0,90.0,0.0
20260724_230314__rp0p75__vinf25__inc90__toff56210__Om90__om180,1.0502327765663575,0.0969075010230846,20.002520701777765,9.684618441986515,393.1209081089538,2.449767162097953,275.5997671620979,50.05549481018513,False,429.7213686232475,36,309.93874999912157,2.5207050655193375,2.378829258676567,-8.045107594112658,-29.649970757636957,21.6048631635243,3.013229205016062,-35.63126364231137,38.64449284732743,-17.430265630102515,7.337231924251231,-12.86696585357496,-11.562845379505173,-13.144221730007546,2.975658358529672,0,0.75,90.0,90.0,180.0
20260724_230314__rp0p75__vinf25__inc90__toff56210__Om90__om270,1.059682711479311,0.0257668622173169,22.908150502299787,312.8765714413145,398.4387452870275,-1.4518661342977301,271.69813386570223,46.23825730732021,False,416.06224902358304,41,303.1032929768829,-1.2491559027830101,-1.6545763658124502,-11.837002120168467,-32.16118110670363,20.324178986535163,-2.1335340459310705,-38.04768439064252,35.91415034471145,-20.412860725189738,7.020109806156025,-16.768599149970644,-16.709608630452305,-16.936116256063357,1.6293998738744713,0,0.75,90.0,90.0,270.0
20260724_230314__rp0p75__vinf25__inc90__toff56210__Om90__om90,0.9373049803506748,0.1138307384241549,21.885567014000475,170.4018408870125,331.4508807075403,32.48682150468214,305.63682150468213,90.0,False,584.949862810739,31,389.8237942630014,32.48128630639943,32.492356702964855,24.621478533297193,-4.167423133164394,28.788901666461587,37.440502648610355,-12.900755489678227,50.34125813828858,12.707103736506983,9.867073795686434,17.170088489009228,22.864428064089118,19.522364397402306,2.87249153942014,0,0.75,90.0,90.0,90.0
20260724_230314__rp0p75__vinf25__incm30__toff56210__Om0__om0,1.3181074503237291,0.183677776519539,21.35358647659355,104.38176216070092,552.7439688380131,-61.048492260300314,212.10150773969966,,True,394.7488157502518,23,199.22734502813987,-61.04850020104433,-61.04848431955631,-56.025734931713465,-71.46291812421975,15.43718319250629,-48.74745794008267,-74.30953810952498,25.56208016944231,-62.05028592028109,7.400711308604393,-76.36522527597323,-63.323532524603905,-61.12484906760835,3.483405560582189,0,0.75,-30.0,0.0,0.0
20260724_230314__rp0p75__vinf25__incm30__toff56210__Om0__om180,0.8047845494520337,0.1952504933753178,25.899105706972712,252.6370197582155,263.70431451999434,80.55698444756338,353.70698444756334,90.0,False,602.9640048226556,42,535.6474582118221,80.55701966009651,80.55694923503022,58.30468148630323,35.3251415714593,22.979539914843933,64.85060480284248,24.733320914513012,40.11728388832947,52.00776676014713,7.392181504583789,65.24025143189047,50.274530218321246,53.205567350408344,3.987513597950672,1,0.75,-30.0,0.0,180.0
20260724_230314__rp0p75__vinf25__incm30__toff56210__Om0__om270,1.0776980022311788,0.0461290504244221,22.958302747133896,34.999631303302735,408.6423819316124,-43.9497876652144,229.2002123347856,,True,443.36381666953696,74,293.2692549757124,-43.9498048591245,-43.9497704713043,-42.55692866072389,-57.708002263306724,15.151073602582834,-36.10403977621602,-62.07078846814898,25.966748691932963,-47.64754885711244,6.662569879135084,-59.26652068088731,-50.68011436073726,-47.65604279661878,2.833299409973957,1,0.75,-30.0,0.0,270.0
20260724_230314__rp0p75__vinf25__incm30__toff56210__Om0__om90,0.9274557519894124,0.3483997576942297,22.921347762283357,189.7064059678175,326.24028579116583,43.11859615548419,316.26859615548415,90.0,False,836.9430475531057,33,421.9993522848735,43.11970408941855,43.11748822154984,49.08990314769211,4.5832884566864935,44.506614691005616,73.95156251569233,-4.225388212567659,78.17695072826,23.29333328657457,11.763913750694188,27.801863139811278,59.375487931171094,43.990789011797226,3.974135805942502,1,0.75,-30.0,0.0,90.0
20260724_230314__rp0p75__vinf25__incm30__toff56210__Om180__om0,0.7715573076638979,0.2046339986482707,22.83390966878086,237.7733287982216,247.54267162879185,97.00331448453886,370.15331448453884,90.0,False,650.852173722126,46,583.9164179990947,97.0033457891843,97.00328317989342,72.92705110792787,48.439534248098866,24.487516859829,81.86801578976977,38.544784384974555,43.323231404795216,63.83610510830546,6.880135401380933,81.68658146886595,67.29194120524853,67.82793697203297,4.11613327391697,1,0.75,-30.0,180.0,0.0
20260724_230314__rp0p75__vinf25__incm30__toff56210__Om180__om180,1.3372717077294167,0.1788493714114521,23.68827081837099,109.8041821650559,564.8423809960916,-62.111320994466034,211.03867900553394,,True,406.62952719760244,22,193.3829798384035,-62.11133167534373,-62.111310313588326,-56.30705454244982,-72.2758026825136,15.96874814006378,-48.881237298590996,-75.15136871877046,26.27013142017946,-62.450378629065106,7.812916603427759,-77.42805401013895,-63.45731188311223,-61.406168678344706,5.301700091646511,1,0.75,-30.0,180.0,180.0
20260724_230314__rp0p75__vinf25__incm30__toff56210__Om180__om270,1.122120997817272,0.6760714421342958,26.622267491764337,184.2535766610501,434.1675133711204,23.24188599946245,296.39188599946243,90.0,False,2340.3738052322815,27,366.7312117504383,22.868372320531304,23.615399678393594,120.7326355414291,-17.773693882112276,138.5063294235414,217.9143015268183,-27.369765946560896,245.2840674733792,13.799760125364406,23.099230643076467,7.925152983789538,203.33822694229707,115.63352140553421,5.576642443155253,2,0.75,-30.0,180.0,270.0
20260724_230314__rp0p75__vinf25__incm30__toff56210__Om180__om90,1.0990312013343786,0.0932035023807827,23.51460428561461,11.533728369568792,420.8359414385856,-45.83039788028665,227.31960211971332,,True,439.86339103800225,35,282.925873461913,-45.83041490042921,-45.830380860144075,-44.168943466487036,-59.35491884106417,15.185975374577133,-37.488621018461394,-63.57267177259093,26.084050754129535,-49.22441951969651,6.813142669904579,-61.14713089595956,-52.06469560298263,-49.26805760238192,3.690101114722437,1,0.75,-30.0,180.0,90.0
20260724_230314__rp0p75__vinf25__incm30__toff56210__Om270__om0,1.092912420016917,0.0896620853137575,20.95495474759707,19.101517569330788,417.3263744828525,-45.26938568078875,227.88061431921122,,True,416.35843143039233,38,286.0093135489571,-45.26940366579323,-45.269367695784275,-44.61403226444792,-58.782219257351784,14.168186992903863,-38.35995351335364,-62.75172237210668,24.39176885875304,-49.39827995634049,6.276342016139928,-60.58611869646167,-52.936028097874875,-49.71314640034281,3.3674484894968275,0,0.75,-30.0,270.0,0.0
20260724_230314__rp0p75__vinf25__incm30__toff56210__Om270__om180,1.6309553438544706,0.5436246891448092,18.07690869947493,153.5804232873592,760.7831679974774,-69.56279887511674,203.58720112488322,,True,605.2745423792522,17,152.39898157034222,-69.56280403371049,-69.56279371652302,-52.423359484706324,-78.90422109434863,26.480861609642304,-36.76027492446855,-80.73637496707948,43.97610004261094,-67.88859985419792,9.74801025455838,-84.87953189078965,-51.336349508989784,-57.52247362060121,5.006500680166499,1,0.75,-30.0,270.0,180.0
20260724_230314__rp0p75__vinf25__incm30__toff56210__Om270__om270,0.7742158187447297,0.2088061182192409,22.89548713588156,245.21233313340812,248.8231886310144,95.83724495677392,368.9872449567739,90.0,False,614.4357627001755,45,580.4359028866429,95.83728305588916,95.83720685765869,69.89010446897245,47.96755820831045,21.922546260662003,77.10889576640844,38.55966805752087,38.54922770888757,62.56453909232022,6.369052144287231,80.520511941101,62.5328211818872,64.79099033307756,4.3348801385687725,1,0.75,-30.0,270.0,270.0
20260724_230314__rp0p75__vinf25__incm30__toff56210__Om270__om90,1.2749985356619686,0.1446315104795978,22.254706451153044,96.5200577304756,525.8505340648669,-58.81198788067314,214.33801211932683,,True,398.0686420679204,24,211.52869470772993,-58.811997090337265,-58.811978671009044,-54.44116792538941,-69.65392372467872,15.212755799289312,-47.454828982706296,-72.75248294751773,25.29765396481144,-60.12221779946921,7.308602755723257,-74.12872089634605,-62.03090356722753,-59.540282061284294,3.4315659839707777,0,0.75,-30.0,270.0,90.0
20260724_230314__rp0p75__vinf25__incm30__toff56210__Om90__om0,0.9633720872837448,0.6096229898447125,38.19089849429917,179.70877251608755,345.3733942420903,54.68081844612902,327.830818446129,90.0,False,3096.283516367543,32,462.4936945111758,54.68087552811201,54.68076136414603,171.72526278616894,11.717792790423424,160.0074699957455,283.05048655920604,-1.509055150258401,284.55954170946444,50.347317264218766,28.209648782214717,39.3640854304561,268.4744119746848,166.62614865027405,5.291146131161692,2,0.75,-30.0,90.0,0.0
20260724_230314__rp0p75__vinf25__incm30__toff56210__Om90__om180,1.087306947730291,0.0791244095152951,25.11030431093105,15.418807407957424,414.1198376096786,-44.779337339458564,228.37066266054143,,True,470.4907389064276,40,288.7071694516385,-44.77935641999305,-44.77931825892407,-42.291409401704385,-58.592660069687575,16.30125066798319,-35.15591169087466,-63.12753988143569,27.971628190561027,-47.78346991305169,7.2386687009884625,-60.096070355131474,-49.7319862753959,-47.39052353759927,3.275950527801723,0,0.75,-30.0,90.0,180.0
20260724_230314__rp0p75__vinf25__incm30__toff56210__Om90__om270,1.276332574732308,0.1533894960793919,22.799300764116825,127.48299222869376,526.6760510399628,-58.84118154770782,214.30881845229214,,True,396.25459773023664,24,211.36866511305934,-58.84119055667078,-58.84117253874482,-54.27775946887225,-69.37782096091925,15.100061492047004,-47.489844438926305,-72.47008839199556,24.980243953069255,-59.99976071060906,7.210119691608746,-74.15791456338073,-62.06591902344754,-59.376873604767134,3.301226488788216,0,0.75,-30.0,90.0,270.0
20260724_230314__rp0p75__vinf25__incm30__toff56210__Om90__om90,0.8247130962783326,0.1523687121163187,26.020790563275025,245.31080628450377,273.55970520297234,70.75430652242098,343.90430652242094,90.0,False,624.7020276075204,40,506.16619046542655,70.75434117609713,70.7542718687448,52.516922548973334,26.71920927317779,25.797713275795545,60.97138453710435,15.70179585401355,45.2695886830908,44.62171814503827,8.466858852714473,55.437573506748066,46.39530995258311,47.41780841307845,3.4780955525505077,1,0.75,-30.0,90.0,90.0
20260724_230314__rp0p75__vinf25__incm60__toff56210__Om0__om0,1.276147203056306,0.1902079867130551,20.79901390380335,99.7628620453167,526.561315336411,-58.57822588623082,214.57177411376915,,True,421.7093214683654,24,212.81312706558444,-58.578234906857034,-58.5782168656046,-53.32890540522662,-69.66373491860381,16.334829513377187,-45.41717267697309,-72.72391334036796,27.30674066339487,-59.944568953408485,7.520532363363451,-73.89495890190373,-59.993247261494325,-58.42801954112151,3.290613178700767,0,0.75,-60.0,0.0,0.0
20260724_230314__rp0p75__vinf25__incm60__toff56210__Om0__om180,0.860948324351097,0.188437742627085,25.84594508263111,257.62430873475944,291.7853063545524,57.907785274631955,331.05778527463195,90.0,False,520.5072367651957,37,467.4065833211916,57.90781667804149,57.90775387122245,37.955053014174126,18.133181333600653,19.821871680573473,43.1275991476797,8.916529414496983,34.21106973318272,33.20838499811037,7.118889968941723,42.59105225895904,28.551524563158466,32.85593887827924,3.566428700273023,1,0.75,-60.0,0.0,180.0
20260724_230314__rp0p75__vinf25__incm60__toff56210__Om0__om270,1.054150168208597,0.0295999783140258,22.877503680776307,166.67630769340042,395.3224825159579,0.47386376588935614,273.6238637658893,48.11140308495899,False,443.02547762340504,36,306.3257517151727,0.520407340988171,0.42732019079054095,-8.723776738624917,-30.744528675129118,22.0207519365042,1.9208306699800455,-36.92215694299031,38.84298761297036,-18.381800144300325,7.451693073321284,-14.842869249783556,-12.65524391454119,-13.822890874519805,1.554796068097265,0,0.75,-60.0,0.0,270.0
20260724_230314__rp0p75__vinf25__incm60__toff56210__Om0__om90,0.9406673630042436,0.1942993288013505,25.074697206184105,187.9482755122952,333.23599376273194,32.92188072722716,306.07188072722715,90.0,False,653.5543813969304,31,391.9968026338557,32.91840034865993,32.9253611057944,29.69319268040489,-2.8486108873323137,32.541803567737205,44.81306192868727,-12.128273999813956,56.941335928501225,14.95392976736572,10.745379728755996,17.60514771155425,30.23698734416603,24.594078544510005,2.602137604430143,0,0.75,-60.0,0.0,90.0
20260724_230314__rp0p75__vinf25__incm60__toff56210__Om180__om0,0.7885939232809447,0.2007541644819849,21.297407989434028,240.36833631385963,255.7866827255974,88.7352653168971,361.88526531689706,90.0,False,586.0996562939044,44,558.5011088722979,88.73529788457691,88.73523274921729,63.44556745832683,42.65429263313935,20.79127482518748,70.82412201779,34.237389096616546,36.58673292117346,55.94965192682546,6.065731647106453,73.41853230122419,56.248047433268766,58.34645332243194,4.091602015312592,1,0.75,-60.0,180.0,0.0
20260724_230314__rp0p75__vinf25__incm60__toff56210__Om180__om180,1.3253890474174097,0.1788449858694962,24.900248009685736,104.89337896596768,557.3305589325444,-61.478134635706716,211.67186536429327,,True,433.24087225794653,23,196.8658807820879,-61.4781416087512,-61.47812766266225,-54.96396839571309,-71.90372146184131,16.939753066128226,-46.98981526386497,-74.9247494979272,27.934934234062226,-61.55859511372268,8.213198748368221,-76.79486765137963,-61.565889848386206,-60.063082531607975,3.669987872919107,0,0.75,-60.0,180.0,180.0
20260724_230314__rp0p75__vinf25__incm60__toff56210__Om180__om270,0.9354100634892948,0.4535323133459731,26.050897805851243,191.2919235100084,330.4462648179393,47.56138820395965,320.71138820395964,90.0,False,1170.977703014923,33,436.31432234809165,47.56276759044627,47.56000881747303,72.29133884641308,7.3950266761108985,64.89631217030218,111.83860345454023,-2.3131210229091774,114.1517244774494,30.112519344808415,14.917114747436527,32.24465518828674,97.262528870019,67.19222471051819,4.679131763973884,1,0.75,-60.0,180.0,270.0
20260724_230314__rp0p75__vinf25__incm60__toff56210__Om180__om90,1.088597636672033,0.0706616921046692,24.1528961447529,10.831033353391735,414.8574285232425,-44.93697711887521,228.21302288112477,,True,446.20206870938085,40,287.8394445113077,-44.93699522132088,-44.93695901642955,-43.255252062205436,-58.57219843367193,15.316946371466493,-36.68911042080685,-62.94917925116582,26.260068830358975,-48.2764826503356,6.856565657772961,-60.25371013454813,-51.265185005328085,-48.35436619810032,3.269796968700854,1,0.75,-60.0,180.0,90.0
20260724_230314__rp0p75__vinf25__incm60__toff56210__Om270__om0,1.0772089092555093,0.0949982009858987,19.617772573826056,13.88600669358344,408.36423150316494,-9.697522959414346,263.4524770405856,36.07819997184264,False,407.3510347435843,80,294.55529657523164,-9.221795283279453,-10.173250635549241,-19.237530319975892,-39.24361178390434,20.00608146392845,-8.95361807489234,-44.3959001659286,35.44228209103626,-28.261265159525568,6.879834340928401,-25.01425597508726,-23.529692659413577,-24.336644455870783,3.1527466807864624,0,0.75,-60.0,270.0,0.0
20260724_230314__rp0p75__vinf25__incm60__toff56210__Om270__om180,1.7544597020585568,0.563190699743264,22.07056015323993,146.34164623962752,848.8146888567097,-72.9502508267503,200.19974917324967,,True,671.5123897952709,16,133.77021328742313,-72.95025329245736,-72.95024836104325,-52.555066864689906,-81.77720460589262,29.222137741202715,-35.16023779107569,-83.39047288999042,48.23023509891473,-69.55594506406274,11.131036732651836,-88.26698384242322,-49.736312375596924,-57.65418100058479,5.066973834538976,1,0.75,-60.0,270.0,180.0
20260724_230314__rp0p75__vinf25__incm60__toff56210__Om270__om270,0.8173912690065739,0.1529862618892374,21.683888270006253,233.9853133475364,269.92479615152723,74.31268145655862,347.4626814565586,90.0,False,583.7012411343381,41,515.3245722363481,74.31271363174481,74.31264928137242,52.954729535573804,29.99292963991514,22.961799895658665,61.18708177159135,20.79362796925478,40.39345380233657,44.97913728485162,7.175328120100879,58.99594844088571,46.611007187070115,47.85561539967892,3.951452174614636,1,0.75,-60.0,270.0,270.0
20260724_230314__rp0p75__vinf25__incm60__toff56210__Om270__om90,1.164108944602132,0.0704111010443465,22.38568070389884,80.22043255368715,458.762836911835,-51.50720869815915,221.64279130184082,,True,405.88769209231054,28,251.70399859037994,-51.50722340708051,-51.507193989237756,-49.14797822079842,-63.67571097452747,14.527732753729047,-42.85222086668367,-67.37574446016953,24.523523593485855,-54.167836214655615,6.742638800747059,-66.82394171383206,-57.42829545120491,-54.24709235669331,2.430298220070376,0,0.75,-60.0,270.0,90.0
20260724_230314__rp0p75__vinf25__incm60__toff56210__Om90__om0,1.222831362127292,0.3898353235755761,29.126141671058804,136.11631332220566,493.9097998794573,-50.00228130464092,223.14771869535906,,True,952.9809681897412,26,247.09263060933182,-49.10779482958811,-50.89676777969371,-13.581710894769316,-63.73727385005823,50.155562955288914,18.567157420194906,-68.20701022192286,86.77416764211776,-46.83897511484898,13.642438568488494,-65.31901432031383,3.991082835673671,-18.680825030664202,4.424985181533355,2,0.75,-60.0,90.0,0.0
20260724_230314__rp0p75__vinf25__incm60__toff56210__Om90__om180,1.0761511358550244,0.0793526095202459,26.059540791119467,8.81505525144851,407.7628846893178,-43.68457008690938,229.4654299130906,,True,487.66511819382623,69,294.72926487962036,-43.68458580296111,-43.68455437085764,-40.940875573743405,-57.74200359624781,16.801128022504408,-33.611973422668775,-62.482765731730524,28.87079230906175,-46.57256651973787,7.413954801601278,-59.0013031025823,-48.18804800719001,-46.03998970963829,2.9978696263818585,0,0.75,-60.0,90.0,180.0
20260724_230314__rp0p75__vinf25__incm60__toff56210__Om90__om270,1.123948431873705,0.0777598565159083,22.906434593103945,174.7968463237972,435.2285425864044,-48.151428607967105,224.9985713920329,,True,399.21315368066473,31,270.160809895652,-48.15144374593733,-48.15141346999692,-46.669560315368734,-60.343979159749,13.674418844380263,-41.208248480558325,-64.2597183992992,23.051469918740878,-51.29583815875682,6.182960636658379,-63.468161623640015,-55.78432306507956,-51.76867445126362,2.475194622669913,0,0.75,-60.0,90.0,270.0
20260724_230314__rp0p75__vinf25__incm60__toff56210__Om90__om90,0.892295593428557,0.0647228036153701,28.111620287778464,263.21444584075846,307.8654212920716,44.66026795808836,317.81026795808833,90.0,False,640.1692259577109,35,428.24488730276124,44.660365651515185,44.66017026466154,34.37219588570223,5.216039550002929,29.156156335699304,45.47985075170968,-5.745803971294363,51.22565472300404,24.977215577915786,10.585671227896096,29.34353494241545,30.90377616718844,29.273081749807346,2.472162882559042,0,0.75,-60.0,90.0,90.0
20260724_230314__rp0p75__vinf25__incm90__toff56210__Om0__om0,1.2199189824268577,0.206709279814779,21.69796713935353,96.45847644342828,492.146356325964,-54.78452943754324,218.36547056245672,,True,496.24010538725673,26,233.6784387074925,-54.784539167661414,-54.78451970742507,-47.94288944146253,-67.00391598579104,19.061026544328506,-38.30165722246973,-70.5221731948831,32.22051597241337,-56.206196989413115,8.214066475831686,-70.10126245321615,-52.877731806990965,-53.04200357735742,3.2668187197141005,0,0.75,-90.0,0.0,0.0
20260724_230314__rp0p75__vinf25__incm90__toff56210__Om0__om180,0.9216618214665436,0.1539768727691482,24.125770978485,249.17856985535303,323.18797030545915,37.476578354183985,310.62657835418395,90.0,False,463.3962449752085,32,405.38275333155235,37.48190180387502,37.47125490449295,20.958049017491028,2.3424553606023593,18.61559365688867,26.525783052647196,-5.523540685518217,32.04932373816541,15.928149638589291,7.083569874666379,22.159845338511072,11.94970846812596,15.85893488159614,3.06528694446324,0,0.75,-90.0,0.0,180.0
20260724_230314__rp0p75__vinf25__incm90__toff56210__Om0__om270,1.030272613705133,0.1157619898694442,22.64111821155483,195.6283906514776,381.9671585415273,8.268320136415893,281.41832013641584,58.82116446134409,False,451.53921999499744,35,322.7181946498639,8.08564383427929,8.450996438552497,-1.5385316145525767,-23.24942465045686,21.710893035904284,8.48910763260951,-29.74221357278579,38.231321205395304,-10.635973454199698,7.677146265131379,-7.04841287925702,-6.086966951911725,-6.637645750447465,2.0369555692793315,0,0.75,-90.0,0.0,270.0
20260724_230314__rp0p75__vinf25__incm90__toff56210__Om0__om90,0.9583327317676644,0.0968155311073845,25.25192198264181,204.92950297269547,342.6669924972768,26.301117920119946,299.45111792011994,90.0,False,544.8716473919345,29,372.2292217498353,26.30556088845001,26.296674951789882,17.986497869449465,-8.027928476788142,26.014426346237606,28.269218091827522,-16.808501194197145,45.07771928602467,8.680161357587048,9.693808590762186,10.984384904447033,13.693143507306287,12.887383733554577,2.3692431862120094,0,0.75,-90.0,0.0,90.0
20260724_230314__rp0p75__vinf25__incm90__toff56210__Om180__om0,0.8297040423845294,0.1921897285978035,20.62295710556804,249.46054074996368,276.0467252006308,70.53658376044322,343.6865837604432,90.0,False,492.4598086440451,40,503.6447931815329,70.53661476419707,70.53655275668937,45.28914729331252,29.117407086632724,16.171740206679793,50.12762003140823,22.10451332292741,28.023106708480817,40.480383807641644,5.3330518118402495,55.21985074477031,35.55154544688699,40.19003315741763,3.835001309632047,1,0.75,-90.0,180.0,0.0
20260724_230314__rp0p75__vinf25__incm90__toff56210__Om180__om180,1.3002020092412676,0.184657532513854,25.733788398773147,101.07708820253556,541.5194245825194,-60.037354719110894,213.11264528088907,,True,471.20873285832306,23,204.79060379012728,-60.037365371888555,-60.03734406633322,-52.65020269095346,-70.92354797320135,18.273345282247888,-43.86395509176824,-74.1537867406787,30.289831648910457,-59.98175139925735,8.633815146443126,-75.3540877347838,-58.44002967628948,-57.74931682684835,3.3701103928463647,0,0.75,-90.0,180.0,180.0
20260724_230314__rp0p75__vinf25__incm90__toff56210__Om180__om270,0.9327671282732892,0.2741013363862022,23.28089719429043,202.4291432800208,329.0467755708947,37.97156842230144,311.12156842230144,90.0,False,639.8487299504833,32,406.6414866781723,37.975298217108154,37.967838627494736,33.58229799264981,2.542144634603501,31.04015335804631,48.985156242630815,-5.3790387134601145,54.36419495609093,17.887904929111745,9.374333675823072,22.654835406628525,34.40908165810958,28.483183856754927,3.320706005264927,0,0.75,-90.0,180.0,270.0
20260724_230314__rp0p75__vinf25__incm90__toff56210__Om180__om90,1.0663676943983804,0.0238936336541439,24.87214315584614,41.10035889303732,402.2149971543348,-4.474244736695978,268.675755263304,42.670233871257594,False,469.5567719256656,44,299.30100874894714,-4.131037358576349,-4.817452114815604,-11.131589124273429,-35.120653620579716,23.989064496306288,0.8777745522524453,-41.334909048633584,42.21268360088603,-21.920968942093843,8.160882906086957,-19.79097775236889,-13.69830003226879,-16.23070326016832,2.318123664537331,0,0.75,-90.0,180.0,90.0
20260724_230314__rp0p75__vinf25__incm90__toff56210__Om270__om0,1.0502327765822272,0.0969075010247044,20.00252070184475,9.684618451414314,393.1209081178643,2.449767159052099,275.5997671590521,50.05549481018513,False,429.72136862411566,36,309.9387499898039,2.5207050624944167,2.3788292556097823,-8.045107596096374,-29.649970759965978,21.604863163869602,3.0132292033987165,-35.63126364449524,38.64449284789396,-17.430265632337168,7.337231924420561,-12.866965856620814,-11.562845381122518,-13.144221731991262,2.9756583585405405,0,0.75,-90.0,270.0,0.0
20260724_230314__rp0p75__vinf25__incm90__toff56210__Om270__om180,0.9932371015862368,0.3812455547454251,24.29482130203448,204.35197930597465,361.5573471829775,26.54850962424264,299.6985096242426,90.0,False,706.9664252856669,28,373.0762934671364,26.533942770905732,26.563076477579564,31.055851467803876,-6.987431786663781,38.04328325446766,51.588812115215724,-13.961466374851286,65.55027849006702,9.593512972641904,10.495189885738876,11.231776608569728,37.01273753069449,25.95673733190899,4.349542003277798,1,0.75,-90.0,270.0,180.0
20260724_230314__rp0p75__vinf25__incm90__toff56210__Om270__om270,0.9373049806388408,0.1138307384334439,21.88556701618161,170.4018406685403,331.4508808603927,32.48682142500243,305.6368214250024,90.0,False,584.949862940798,31,389.8237940237233,32.481286226815385,32.49235662318948,24.621478486803145,-4.167423198843126,28.788901685646273,37.44050261454851,-12.90075555416085,50.34125816870936,12.707103676891924,9.86707380352497,17.17008840932952,22.86442803002727,19.522364350908255,2.872491538082274,0,0.75,-90.0,270.0,270.0
20260724_230314__rp0p75__vinf25__incm90__toff56210__Om270__om90,1.059682712122303,0.0257668618056153,22.90815049026827,312.8765700439364,398.43874564967314,-1.4518662393242332,271.6981337606757,46.23825730732021,False,416.06224820436313,41,303.1032926058327,-1.2491560078122492,-1.654576470836217,-11.837002212045538,-32.16118116106603,20.324178949020492,-2.1335341776773116,-38.047684451533,35.91415027385569,-20.412860804707623,7.02010980361646,-16.768599254997145,-16.709608762198545,-16.936116347940427,1.629399877221291,0,0.75,-90.0,270.0,90.0
20260724_230314__rp0p75__vinf25__incm90__toff56210__Om90__om0,1.0767158252953193,0.2817294107653017,22.560192261546373,149.87891370285453,408.0838752883877,-5.7325587313238175,267.41744126867616,39.2964802391875,False,687.9606104532087,46,305.8818615093802,-6.507184767485311,-4.957932695162324,1.4707652009382883,-37.74895821409669,39.21972341503498,25.088863314549435,-44.23723616981387,69.32609948436331,-22.247511035386747,10.289700980059163,-21.04929174699673,10.5127887300282,-3.6283489349566,4.085605298472471,1,0.75,-90.0,90.0,0.0
20260724_230314__rp0p75__vinf25__incm90__toff56210__Om90__om180,1.0619663683150369,0.0835289308422451,25.477611067971104,2.706982384167013,399.72741508566514,-2.1259099741913596,271.0240900258086,46.23825730732021,False,484.8610090830135,43,302.7589369898795,-1.9368405589279807,-2.3149793894547384,-8.856306915565717,-33.601612716679526,24.74530580111381,3.7686421311406013,-40.151428634861226,43.92007076600183,-19.76940276841641,8.50393050436686,-17.44264298986427,-10.807432453380635,-13.955421051460606,2.799025937146088,0,0.75,-90.0,90.0,180.0
20260724_230314__rp0p75__vinf25__incm90__toff56210__Om90__om270,0.9595677383249632,0.1227453151348995,21.79204386862613,262.18326172706384,343.32959998669463,26.637574706817066,299.78757470681705,90.0,False,403.9082022401401,30,372.34316308059397,26.668722739785963,26.606426673848176,9.67720760979182,-6.136330564012336,15.813538173804154,14.330669768843867,-12.786772980210596,27.11744274905446,5.9145874800171,6.528430028082005,11.320841691144153,-0.24540481567736805,4.578093473896931,3.138252217042416,1,0.75,-90.0,90.0,270.0
20260724_230314__rp0p75__vinf25__incm90__toff56210__Om90__om90,0.9883892948295896,0.0473696498066225,28.128924839171344,41.53813332162624,358.9135378444839,17.92565505219167,291.0756550521916,90.0,False,633.0903084631316,26,348.68227317699916,17.83669118079052,18.014618923592817,15.078730522420072,-16.80255151563136,31.88128203805143,29.50008063075109,-26.225313065983244,55.72539369673433,3.053062472775544,12.141947911103953,2.6089220365187558,14.924006046229854,9.979616386525183,1.5608510226989487,0,0.75,-90.0,90.0,90.0
20260724_230314__rp1__vinf25__inc0__toff56210__Om0__om0,1.2157219148782816,0.1377043350766808,22.678051439095483,118.94893211068644,489.6087363426906,-55.01226138963974,218.13773861036023,,True,427.2473938098023,26,232.4271383130246,-55.01227205725318,-55.01225072202633,-50.538712100403245,-66.5057364855513,15.96702438514805,-43.25035874627916,-69.97383294589979,26.723474199620625,-56.686360649486694,7.325288262390821,-70.32899440531266,-57.8264333308004,-55.63782623629813,3.1693136103711925,0,1.0,0.0,0.0,0.0
20260724_230314__rp1__vinf25__inc0__toff56210__Om0__om180,0.8402307806320937,0.1772423335925868,24.423048348164095,248.0203883973705,281.3168016735262,65.47836777038607,338.62836777038603,90.0,False,550.5427953479024,39,489.7021999714091,65.47839817040592,65.47833737036623,45.09909980908188,23.782533529536913,21.316566279544965,51.57721521050157,14.457935499007053,37.119279711494514,38.919372541148675,7.154918057803172,50.16163475471316,37.001140625980334,39.99998567318699,3.64083943281992,1,1.0,0.0,0.0,180.0
20260724_230314__rp1__vinf25__inc0__toff56210__Om0__om270,1.0571721692992353,0.0796921273511961,23.26016182702425,8.873691288631282,397.0236454148517,-0.2617869231828912,272.88821307681707,48.11140308495899,False,461.5084336746445,39,305.41485365170337,-0.12100311642923853,-0.4025707299365439,-8.539344000028134,-32.022315555618384,23.48297155559025,3.399864027887166,-38.39333235571495,41.79319638360212,-18.84027141172427,8.02424033381742,-15.578519938855804,-11.17621055663407,-13.638458135923022,3.3963717059987424,1,1.0,0.0,0.0,270.0
20260724_230314__rp1__vinf25__inc0__toff56210__Om0__om90,1.2286520729916692,0.4026580719453567,16.97717696786518,243.74843084660125,497.4405294748048,-52.50049130720089,220.6495086927991,,True,260.3941847960321,26,246.23676170122408,-52.500504432232525,-52.500478182169246,-53.9796181751295,-61.516946529678066,7.537328354548563,-50.18953677866784,-63.05960136921582,12.870064590547976,-57.993878163226405,2.1624292824169444,-67.8172243228738,-64.76561136318908,-59.07873231102439,4.177571687993257,1,1.0,0.0,0.0,90.0
20260724_230314__rp1__vinf25__inc0__toff56210__Om180__om0,0.8402307806320937,0.1772423335925868,24.423048348164095,248.0203883973705,281.3168016735262,65.47836777038607,338.62836777038603,90.0,False,550.5427953479024,39,489.7021999714091,65.47839817040592,65.47833737036623,45.09909980908188,23.782533529536913,21.316566279544965,51.57721521050157,14.457935499007053,37.119279711494514,38.919372541148675,7.154918057803172,50.16163475471316,37.001140625980334,39.99998567318699,3.64083943281992,1,1.0,0.0,180.0,0.0
20260724_230314__rp1__vinf25__inc0__toff56210__Om180__om180,1.2157219081036563,0.1377043458074422,22.6780512439203,118.94893148819487,489.6087322501646,-55.01226085496149,218.1377391450385,,True,427.2474063964597,26,232.42714125352055,-55.01227152257599,-55.01225018734701,-50.53871124266885,-66.50573613435705,15.967024891688197,-43.25035753388138,-69.97383264377696,26.72347510989558,-56.686360142928756,7.325288379951964,-70.3289938706344,-57.826432118402614,-55.63782537856374,3.169313583958593,0,1.0,0.0,180.0,180.0
20260724_230314__rp1__vinf25__inc0__toff56210__Om180__om270,1.22865207282663,0.4026580718289208,16.977176963843306,243.7484308360593,497.44052937457633,-52.500491297677975,220.649508702322,,True,260.3941848210536,26,246.2367617535974,-52.500504422709646,-52.50047817264634,-53.97961816773237,-61.516946521934116,7.5373283542017475,-50.18953677178394,-63.05960136148037,12.870064589696426,-57.9938781553622,2.1624292824511,-67.81722431335089,-64.76561135630517,-59.078732303627255,4.177571687651104,1,1.0,0.0,180.0,270.0
20260724_230314__rp1__vinf25__inc0__toff56210__Om180__om90,1.0571721692992353,0.0796921273511961,23.26016182702425,8.873691288631282,397.0236454148517,-0.2617869231828912,272.88821307681707,48.11140308495899,False,461.5084336746445,39,305.41485365170337,-0.12100311642923853,-0.4025707299365439,-8.539344000028134,-32.022315555618384,23.48297155559025,3.399864027887166,-38.39333235571495,41.79319638360212,-18.84027141172427,8.02424033381742,-15.578519938855804,-11.17621055663407,-13.638458135923022,3.3963717059987424,1,1.0,0.0,180.0,90.0
20260724_230314__rp1__vinf25__inc0__toff56210__Om270__om0,1.0571721692992353,0.0796921273511961,23.26016182702425,8.873691288631282,397.0236454148517,-0.2617869231828912,272.88821307681707,48.11140308495899,False,461.5084336746445,39,305.41485365170337,-0.12100311642923853,-0.4025707299365439,-8.539344000028134,-32.022315555618384,23.48297155559025,3.399864027887166,-38.39333235571495,41.79319638360212,-18.84027141172427,8.02424033381742,-15.578519938855804,-11.17621055663407,-13.638458135923022,3.3963717059987424,1,1.0,0.0,270.0,0.0
20260724_230314__rp1__vinf25__inc0__toff56210__Om270__om180,1.22865207282663,0.4026580718289208,16.977176963843306,243.7484308360593,497.44052937457633,-52.500491297677975,220.649508702322,,True,260.3941848210536,26,246.2367617535974,-52.500504422709646,-52.50047817264634,-53.97961816773237,-61.516946521934116,7.5373283542017475,-50.18953677178394,-63.05960136148037,12.870064589696426,-57.9938781553622,2.1624292824511,-67.81722431335089,-64.76561135630517,-59.078732303627255,4.177571687651104,1,1.0,0.0,270.0,180.0
20260724_230314__rp1__vinf25__inc0__toff56210__Om270__om270,0.8389861099759565,0.1780816103940663,24.420525218851925,248.2920843157517,280.6919428748108,65.98703807983063,339.13703807983063,90.0,False,550.9620123870643,39,491.231892633142,65.98706962834078,65.98700653132047,45.467530019284254,24.188091790395713,21.27943822888854,51.909338618319595,14.85697326624441,37.052365352075185,39.31887995797218,7.133612274520054,50.670305064157716,37.33326403379836,40.36841588338937,3.647920086848917,1,1.0,0.0,270.0,270.0
20260724_230314__rp1__vinf25__inc0__toff56210__Om270__om90,1.2157219081036563,0.1377043458074422,22.6780512439203,118.94893148819487,489.6087322501646,-55.01226085496149,218.1377391450385,,True,427.2474063964597,26,232.42714125352055,-55.01227152257599,-55.01225018734701,-50.53871124266885,-66.50573613435705,15.967024891688197,-43.25035753388138,-69.97383264377696,26.72347510989558,-56.686360142928756,7.325288379951964,-70.3289938706344,-57.826432118402614,-55.63782537856374,3.169313583958593,0,1.0,0.0,270.0,90.0
20260724_230314__rp1__vinf25__inc0__toff56210__Om90__om0,1.2286520729916692,0.4026580719453567,16.97717696786518,243.74843084660125,497.4405294748048,-52.50049130720089,220.6495086927991,,True,260.3941847960321,26,246.23676170122408,-52.500504432232525,-52.500478182169246,-53.9796181751295,-61.516946529678066,7.537328354548563,-50.18953677866784,-63.05960136921582,12.870064590547976,-57.993878163226405,2.1624292824169444,-67.8172243228738,-64.76561136318908,-59.07873231102439,4.177571687993257,1,1.0,0.0,90.0,0.0
20260724_230314__rp1__vinf25__inc0__toff56210__Om90__om180,1.0571721692992353,0.0796921273511961,23.26016182702425,8.873691288631282,397.0236454148517,-0.2617869231828912,272.88821307681707,48.11140308495899,False,461.5084336746445,39,305.41485365170337,-0.12100311642923853,-0.4025707299365439,-8.539344000028134,-32.022315555618384,23.48297155559025,3.399864027887166,-38.39333235571495,41.79319638360212,-18.84027141172427,8.02424033381742,-15.578519938855804,-11.17621055663407,-13.638458135923022,3.3963717059987424,1,1.0,0.0,90.0,180.0
20260724_230314__rp1__vinf25__inc0__toff56210__Om90__om270,1.2157219081036563,0.1377043458074422,22.6780512439203,118.94893148819487,489.6087322501646,-55.01226085496149,218.1377391450385,,True,427.2474063964597,26,232.42714125352055,-55.01227152257599,-55.01225018734701,-50.53871124266885,-66.50573613435705,15.967024891688197,-43.25035753388138,-69.97383264377696,26.72347510989558,-56.686360142928756,7.325288379951964,-70.3289938706344,-57.826432118402614,-55.63782537856374,3.169313583958593,0,1.0,0.0,90.0,270.0
20260724_230314__rp1__vinf25__inc0__toff56210__Om90__om90,0.8402307806320937,0.1772423335925868,24.423048348164095,248.0203883973705,281.3168016735262,65.47836777038607,338.62836777038603,90.0,False,550.5427953479024,39,489.7021999714091,65.47839817040592,65.47833737036623,45.09909980908188,23.782533529536913,21.316566279544965,51.57721521050157,14.457935499007053,37.119279711494514,38.919372541148675,7.154918057803172,50.16163475471316,37.001140625980334,39.99998567318699,3.64083943281992,1,1.0,0.0,90.0,90.0
20260724_230314__rp1__vinf25__inc30__toff56210__Om0__om0,1.2207738200863505,0.1390250842805038,23.60512341779197,117.55929664794446,492.6637418294503,-55.35347598295622,217.79652401704377,,True,438.9280643508554,26,230.550371369458,-55.35348527708583,-55.35346668882661,-50.358614565151456,-66.8282560416347,16.469641476483247,-42.81553268594561,-70.345624464464,27.530091778518383,-56.7172891503629,7.584083984756944,-70.67020899862914,-57.39160727046685,-55.45772870104634,3.238330120011071,0,1.0,30.0,0.0,0.0
20260724_230314__rp1__vinf25__inc30__toff56210__Om0__om180,0.8197733503275207,0.174373694551653,22.88814917664737,243.1896286389792,271.1055973143645,73.79507226151642,346.94507226151643,90.0,False,566.6536981502227,41,514.1805256214631,73.79510248074182,73.79504204229102,51.7315468680532,30.194525929538596,21.537020938514605,58.756920647023584,21.05006475824878,37.706855888774804,44.90401389270811,6.882721088861004,58.478339245843515,44.18084606250235,46.632432732158314,3.755973100541559,1,1.0,30.0,0.0,180.0
20260724_230314__rp1__vinf25__inc30__toff56210__Om0__om270,1.0608643581945791,0.0867764002018313,23.46600368231746,4.625761076104958,399.1053765186757,-1.5031417515593994,271.6468582484406,46.23825730732021,False,459.09470220839285,44,303.47278758427785,-1.2931465211107507,-1.7131369820080484,-9.581334846958043,-33.00252259049578,23.421187743537736,2.3870420347728607,-39.28430990724594,41.6713519420188,-19.918362891268245,7.9902650730831475,-16.819874767232314,-12.189032549748374,-14.680448982852932,3.662714204187189,1,1.0,30.0,0.0,270.0
20260724_230314__rp1__vinf25__inc30__toff56210__Om180__om0,0.8569096376078124,0.1594847821946899,25.224662790756863,254.75328188206024,289.7345798405716,58.63365154402625,331.7836515440262,90.0,False,541.4495255258289,38,469.3780346893128,58.633676741218764,58.63362634683374,39.42471510927502,18.021331854335987,21.403383254939033,45.69192806437429,8.490273947230945,37.20165411714334,33.77796937282717,7.587250144093272,43.31691852835334,31.11585347985305,34.32560097338013,3.4163686526414203,1,1.0,30.0,180.0,0.0
20260724_230314__rp1__vinf25__inc30__toff56210__Om180__om180,1.1943446128855637,0.1306129868765654,21.907497266832703,112.1612142488296,476.7517247392783,-53.52812572338993,219.62187427661004,,True,428.989969907262,27,240.58872178125657,-53.528135990409,-53.52811545637082,-49.4923362516341,-65.38681771746583,15.894481465831731,-42.20756210996687,-68.9356637708778,26.728101660910923,-55.61609413497919,7.187508870726909,-68.84485873906284,-56.78363669448811,-54.59145038752899,2.9013970328685548,0,1.0,30.0,180.0,180.0
20260724_230314__rp1__vinf25__inc30__toff56210__Om180__om270,1.0071546613949207,0.2310339676552107,18.466606483290494,194.43227000143,369.1832945011108,17.023426329532924,290.1734263295329,70.81186354627908,False,476.00881875574623,25,344.7602630271053,16.84098689704618,17.20586576201967,8.338063211728794,-15.464597813289505,23.8026610250183,19.802257795835136,-21.411580426226553,41.21383822206169,-2.9700974062724455,7.664214024809761,1.7066933138600113,5.2261832113139,3.238949075833906,3.0552330177289404,0,1.0,30.0,180.0,270.0
20260724_230314__rp1__vinf25__inc30__toff56210__Om180__om90,1.048442972476589,0.0465835425322365,23.11785799702123,16.13185324037331,392.116402868904,2.327211720094865,275.47721172009483,52.08179734355447,False,459.31516491833133,34,309.87050152922626,2.3626814697642726,2.2917419704254565,-6.666680946875603,-29.68060699414345,23.013926047267844,4.667411197017283,-36.246058908082354,40.913470105099634,-16.413450639650556,7.9715641539047795,-12.989521295578047,-9.908663387503953,-11.765795082770492,2.6196940634313397,1,1.0,30.0,180.0,90.0
20260724_230314__rp1__vinf25__inc30__toff56210__Om270__om0,1.0540096826800196,0.0754008978267992,24.837912603035235,5.873865344042113,395.2434588068049,0.6492610370245425,273.7992610370245,50.05549481018513,False,482.95742821960926,36,307.14751199117507,0.7240059265345786,0.574516147514507,-6.847978012601487,-31.308018712560642,24.460040699959155,5.487696100118033,-38.0480021841143,43.53569828423234,-17.41247008808623,8.445335648301057,-14.66747197864837,-9.088378484403203,-11.947092148496376,2.8210003424687597,0,1.0,30.0,270.0,0.0
20260724_230314__rp1__vinf25__inc30__toff56210__Om270__om270,0.8615603096153006,0.1279327614844384,25.958567374241397,251.52244567899425,292.09647492027443,56.15939805243534,329.3093980524353,90.0,False,579.7763322437181,37,462.17896455068353,56.15942779028904,56.159368314581634,39.65430703772462,15.288260178311281,24.366046859413338,47.635743817232964,5.023252618030639,42.612491199202324,32.593131831631815,8.594000430022408,40.842665036762426,33.05966923271173,34.555192901829734,3.13452068222412,0,1.0,30.0,270.0,270.0
20260724_230314__rp1__vinf25__inc30__toff56210__Om270__om90,1.1808416910508028,0.1219460306630415,22.877032221591158,135.36472082687922,468.68958984274286,-52.57188494585035,220.57811505414963,,True,427.02712515048773,27,245.84885463053956,-52.57189937950178,-52.57187051219891,-48.74801972994289,-64.34470247246259,15.596682742519697,-41.837350878639086,-68.01130694273563,26.173956064096544,-54.65096819171999,7.056330980066399,-67.88861796152327,-56.41342546316032,-53.847133865837776,2.8220523758607765,0,1.0,30.0,270.0,90.0
20260724_230314__rp1__vinf25__inc30__toff56210__Om90__om180,1.0551373262426265,0.0815416528939558,21.526536588870496,7.321934394706752,395.8779116049458,0.6582401115490263,273.808240111549,48.11140308495899,False,437.1634406156588,34,306.63999745153666,0.7785967516487499,0.5378834714493033,-9.070516745329716,-31.095767506080577,22.02525076075086,2.0808475385973533,-37.24702763563232,39.327875174229675,-18.63751580207314,7.510910574331135,-14.658492904123886,-12.495227045923881,-14.169630881224604,2.8792189140007154,0,1.0,30.0,90.0,180.0
20260724_230314__rp1__vinf25__inc30__toff56210__Om90__om270,1.1828293207850151,0.1099649707187587,22.373653070288803,106.33395773993485,469.8734571792111,-52.784610293772765,220.3653897062272,,True,426.6567726799541,27,244.6784858915253,-52.78462399576342,-52.784596591782126,-49.120801988941835,-64.7792106002766,15.658408611334764,-42.0639269709201,-68.42206604662283,26.35813907570273,-54.973773883277936,7.133443448905318,-68.10134330944568,-56.64000155544134,-54.21991612483672,2.704719658911673,0,1.0,30.0,90.0,270.0
20260724_230314__rp1__vinf25__inc30__toff56210__Om90__om90,0.8212291227064573,0.168331001703972,23.009150535273807,239.8219976000892,271.82807116066084,72.9934814043715,346.14348140437147,90.0,False,579.2102030944862,41,511.8129177042562,72.99351023735218,72.99345257139082,51.918118522010374,29.312156123131246,22.60596239887913,59.57646768446264,19.91613334842396,39.66033433603869,44.486231362453,7.179768655724139,57.676748388698584,45.000393099941405,46.81900438611549,3.807115750538189,1,1.0,30.0,90.0,90.0
20260724_230314__rp1__vinf25__inc60__toff56210__Om0__om0,1.2094448854315571,0.133908895300623,24.485631373186564,113.53303288279082,485.8217049650781,-54.59484483309502,218.55515516690497,,True,457.6701505303177,26,234.72270372933255,-54.59485692139712,-54.59483274479293,-49.190759063331704,-66.30821816347034,17.11745910013864,-41.314847176013004,-69.97941637987137,28.664569203858363,-55.81518094252172,7.8371546701202774,-69.91157784876793,-55.89092176053424,-54.28987319922659,2.967863026094027,0,1.0,60.0,0.0,0.0
20260724_230314__rp1__vinf25__inc60__toff56210__Om0__om180,0.8356776993337052,0.1620853360786519,21.708096274348343,242.79302405703515,279.0332835003161,67.12439135751893,340.2743913575189,90.0,False,532.1825505081306,39,493.7437397902485,67.1244260547701,67.12435666026776,45.073666454327444,25.123292900137287,19.950373554190158,51.58891484130042,16.753551792527606,34.83536304877282,38.81799952372348,6.56909559132805,51.80765834184602,37.012840256779185,39.97455231843256,3.5834404388905665,1,1.0,60.0,0.0,180.0
20260724_230314__rp1__vinf25__inc60__toff56210__Om0__om270,1.0552056692196097,0.0681230936928636,23.828453102398264,1.9360929623587528,395.9163747212107,0.32355234919196196,273.47355234919195,48.11140308495899,False,459.52729824041677,37,306.2908161603589,0.42082136386514923,0.22628333451877505,-8.276554565890905,-31.402320129874354,23.12576556398345,3.2682883570641446,-37.800200351661175,41.06848870872532,-18.187739022060224,7.975352688250812,-14.993180666480951,-11.30778622745709,-13.375668701785793,3.0857886301690973,1,1.0,60.0,0.0,270.0
20260724_230314__rp1__vinf25__inc60__toff56210__Om0__om90,1.0547690128542284,0.3064626622420451,35.28436687689766,168.41632152403855,395.6706479532742,5.6052178485893105,278.75521784858927,58.82116446134409,False,982.7329671921342,34,321.2920533236694,4.726165831587897,6.484269865590725,23.84952818422384,-27.204087595743488,51.05361577996733,53.65782282337416,-35.72874955768663,89.3865723810608,-5.318730175852267,15.389822001588492,-9.711515167083602,39.081748238852924,18.75041404832895,3.59380942938086,1,1.0,60.0,0.0,90.0
20260724_230314__rp1__vinf25__inc60__toff56210__Om180__om0,0.902865132291546,0.1400981266939008,25.02928135053442,256.8054920606443,313.3517412704291,42.76855506679372,315.9185550667937,90.0,False,496.6983364652708,34,421.55748766759035,42.76949679617626,42.76761333741118,25.98811425934656,5.761842644643064,20.226271614703496,32.06597155802025,-2.949046403914425,35.015017961934674,20.754925281889182,7.673427405882032,27.45182205112081,17.489896973499015,20.889000123451673,3.003559745576691,0,1.0,60.0,180.0,0.0
20260724_230314__rp1__vinf25__inc60__toff56210__Om180__om180,1.1495833831111957,0.1228611363710969,21.801635352225336,107.8097070385424,450.20312652562114,-50.10231982034109,223.0476801796589,,True,455.59884798723925,29,259.42986908727795,-50.10233400221692,-50.10230563846528,-46.14275127650657,-62.77916124035692,16.636409963850348,-38.43685371680137,-66.64271623502498,28.205862518223604,-52.65847100965985,7.256942578433566,-65.419052836014,-53.01292830132261,-51.24186541240146,2.7060814513863027,0,1.0,60.0,180.0,180.0
20260724_230314__rp1__vinf25__inc60__toff56210__Om180__om270,0.9849627104685555,0.1231505893678638,22.42128029069069,191.31998107914285,357.04871446165083,20.023520939146383,293.1735209391464,81.4509211694784,False,501.77456871429024,27,353.4085516064749,19.95584446184781,20.09119741644495,11.298263338920538,-13.10872152581107,24.40698486473161,21.5094698497424,-20.688143894485748,42.19761374422815,1.8317138464437914,8.872061051563623,4.70678792347347,6.933395265221163,6.19914920302565,1.8441335319552212,0,1.0,60.0,180.0,270.0
20260724_230314__rp1__vinf25__inc60__toff56210__Om180__om90,1.033685643618512,0.0113645559312411,22.94679848390054,174.20407891682322,383.8667689982679,6.522951066788338,279.6729510667883,56.4426902380793,False,455.13908474880526,29,318.45583569662904,6.417608328056499,6.6282938055201805,-3.446677678650138,-25.63325223778538,22.186574559135245,6.89717009620216,-32.387983259637224,39.285153355839384,-12.26878171990054,8.003646459081006,-8.793781948884575,-7.678904488319075,-8.545791814545026,1.4332304139599092,0,1.0,60.0,180.0,90.0
20260724_230314__rp1__vinf25__inc60__toff56210__Om270__om0,1.048531503768287,0.0722286795773209,25.49660601614461,0.4152277611306864,392.1660698112756,2.2867294414362527,275.4367294414362,52.08179734355447,False,490.83814273613746,49,310.2922904737959,2.3336632915366526,2.2397955913358536,-5.226825669847958,-29.843985259259625,24.617159589411667,7.017483692883451,-36.84857297485083,43.866056667734284,-15.549665486682654,8.646154923828645,-13.03000357423666,-7.558590891637784,-10.325939805742847,2.58399148260165,0,1.0,60.0,270.0,0.0
20260724_230314__rp1__vinf25__inc60__toff56210__Om270__om270,0.912905161995006,0.0653323818560357,26.693681765289043,266.986776828976,318.5930404375122,38.47538435062132,311.6253843506213,90.0,False,581.8836296112283,33,409.1434905197973,38.47755430969847,38.473214391544175,27.159795811882365,0.757524325598161,26.402271486284203,37.06449341133479,-9.200703357746452,46.26519676908124,18.928712471140322,9.887270553452463,23.158651334948406,22.48841882681355,22.060681675987475,2.1676569486735704,0,1.0,60.0,270.0,270.0
20260724_230314__rp1__vinf25__inc60__toff56210__Om270__om90,1.085115916067469,0.0710230047365988,22.7815079626742,175.8946767471797,412.86872941336753,-44.599288667062595,228.5507113329374,,True,423.12612937332966,43,289.69699300074166,-44.5993081801112,-44.59926915401398,-43.30739626094626,-57.60414279501723,14.29674653407097,-37.54926409714582,-61.82098806464757,24.27172396750175,-48.21773688624944,6.242423940287544,-59.916021682735504,-52.12533868166706,-48.40651039684115,2.250532259552287,0,1.0,60.0,270.0,90.0
20260724_230314__rp1__vinf25__inc60__toff56210__Om90__om180,1.0448895194928995,0.0831335225584182,20.57096514108186,2.9896755008566074,390.1246122605296,3.870692015272404,277.0206920152724,52.08179734355447,False,427.8057471883297,37,312.7255333293266,3.8866846307933396,3.8546993997514662,-7.152757547557559,-28.262341088014928,21.10958354045737,3.400923425534223,-34.42190660837692,37.822830033911146,-15.975517549976532,7.346503302376368,-11.446041000400509,-11.175151158987012,-12.251871683452446,2.701257036039692,0,1.0,60.0,90.0,180.0
20260724_230314__rp1__vinf25__inc60__toff56210__Om90__om270,1.1127834826785097,0.0512205992194697,22.56857575654453,93.75850370074954,428.75954008388817,-47.24679247387822,225.90320752612175,,True,429.5938440271728,33,275.13588508697535,-47.246810566759564,-47.246774380996854,-45.23181781970834,-60.24187889897921,15.01006107927087,-38.80644928171365,-64.32160873043189,25.515159448718244,-50.44983291925225,6.700785620593372,-62.56352548955114,-53.382523866234884,-50.330931955603226,2.026264476628484,0,1.0,60.0,90.0,270.0
20260724_230314__rp1__vinf25__inc60__toff56210__Om90__om90,0.8551349635215284,0.1250270693160757,22.21811363572306,226.81541846802315,288.8349783276016,58.82529028794218,331.97529028794213,90.0,False,568.3305049438403,38,468.97534540637395,58.82531655445245,58.82526402143194,41.40862974231979,17.476218764412913,23.932410977906876,50.29888736484687,8.272218886389823,42.02666847845705,33.04219992883357,7.9079872286316615,43.50855727226927,35.72281278032563,36.3095156064249,3.375868338399358,1,1.0,60.0,90.0,90.0
20260724_230314__rp1__vinf25__inc90__toff56210__Om0__om0,1.1772659322221586,0.1252240913966323,25.0309489453478,109.74909730634548,466.5623128615644,-52.28146089194292,220.86853910805706,,True,484.55879254868336,27,247.44635608817265,-52.28147634897227,-52.28144543491357,-46.638277328836345,-64.56329163489201,17.925014306055665,-38.34005867087509,-68.51835856559691,30.178299894721825,-53.634861628130444,8.027511374696019,-67.59819390761584,-52.916133255396325,-51.73739146473123,2.760188645530005,0,1.0,90.0,0.0,0.0
20260724_230314__rp1__vinf25__inc90__toff56210__Om0__om180,0.8788611617889438,0.15365579959948,21.23358097873141,251.0089509120795,300.93881013357617,51.20838875137127,324.35838875137125,90.0,False,462.2386767674933,36,445.8060420765983,51.20841429574811,51.208363206994385,29.98809119096444,13.20327188605095,16.78481930491349,34.92222579633712,5.938123637664647,28.984102158672478,25.452537389208796,6.106820014147491,35.89165573569835,20.346151211815886,24.888977055069553,3.261878031455553,0,1.0,90.0,0.0,180.0
20260724_230314__rp1__vinf25__inc90__toff56210__Om0__om270,1.0430618641829552,0.0242511247677732,24.29211784213035,6.704870548149323,389.1014876736795,3.767694964721159,276.91769496472114,54.2046324563124,False,469.64398077977546,32,312.82809132174583,3.755067739328663,3.780322190113654,-5.015468490252925,-28.26559616928619,23.250127679033266,6.143590900462439,-35.129521769958444,41.273112670420886,-14.530880429568848,8.238011532603986,-11.549038050951754,-8.432483684058795,-10.114582626147813,2.079421699817183,1,1.0,90.0,0.0,270.0
20260724_230314__rp1__vinf25__inc90__toff56210__Om0__om90,0.9925526791889474,0.1780156481890582,26.122062629564624,190.55752359359167,361.1836972589813,18.855612672430475,292.00561267243046,81.4509211694784,False,584.2657686023575,27,350.9810729012029,18.767479989105823,18.94374535575512,15.635997309810623,-13.938985111306291,29.574982421116914,28.759173421273534,-22.310058777866324,51.06923219913986,3.0896658551145753,10.48503926099731,3.5388796567575618,14.183098836752299,10.536883173915735,2.403046972749061,0,1.0,90.0,0.0,90.0
20260724_230314__rp1__vinf25__inc90__toff56210__Om180__om0,0.9574639247350012,0.1045961363117977,23.6140236225175,248.07870878843852,342.20111462742886,26.77594348695623,299.9259434869562,90.0,False,453.3868598766044,29,373.20035887188567,26.797963124492032,26.75392384942043,12.8192461083982,-6.715471657281977,19.534717765680178,19.253465014212466,-14.400860257358865,33.65432527157133,7.324079182867152,7.742164881009903,11.459210471283317,4.677390429691231,7.720131972503312,2.504304639718083,0,1.0,90.0,180.0,0.0
20260724_230314__rp1__vinf25__inc90__toff56210__Om180__om180,1.0848161950851398,0.1232561191583555,23.267050384527,109.1961994526656,412.69768288188914,-44.29935186609755,228.85064813390244,,True,536.5121217495682,43,291.34666111841875,-44.29936621398793,-44.29933751820717,-39.08147495965809,-58.428482156482204,19.347007196824116,-29.87580231256716,-63.02017497691579,33.14437266434863,-47.04967010213699,7.901634874035068,-59.61608488177046,-44.4518768970884,-44.180589095552975,2.647297176935844,0,1.0,90.0,180.0,180.0
20260724_230314__rp1__vinf25__inc90__toff56210__Om180__om270,0.9867033899497228,0.0597684987591693,23.54533781748833,208.969168571488,357.995626269556,18.813481610245997,291.963481610246,81.4509211694784,False,486.0605072350031,27,350.1079652709197,18.754467104710276,18.872496115781722,8.890775022983108,-14.340768351191091,23.2315433741742,17.999439061567614,-22.163214946900265,40.16265400846788,0.9641630318216466,8.940348206387123,3.4967485945730843,3.4233644770463787,3.79166088708822,1.8301237341638283,0,1.0,90.0,180.0,270.0
20260724_230314__rp1__vinf25__inc90__toff56210__Om180__om90,1.0171471922182729,0.0870365275082731,22.695123883817345,194.25607339666823,374.6912033394558,11.416295983211732,284.5662959832117,64.15806723683289,False,460.8286541474026,26,330.1275393666804,11.22862281889663,11.603969147526827,1.5115490235735898,-20.76118672355228,22.27273574712587,11.190193143508246,-27.71330490890264,38.90349805241088,-7.006306967682399,8.344791956949901,-3.9004370324611806,-3.385881441012989,-3.5875651123212986,1.852481106297894,0,1.0,90.0,180.0,90.0
20260724_230314__rp1__vinf25__inc90__toff56210__Om270__om0,1.0392987052256029,0.0688878397653064,24.87022922748258,355.259784557538,386.99768732980647,5.078610852237433,278.2286108522374,56.4426902380793,False,482.5327029050187,36,315.75504188550235,5.045297652419126,5.11192405205574,-3.4656651497189497,-27.33722758843388,23.871562438714932,8.181616269062014,-34.38471575662272,42.56633202568473,-12.970690153604073,8.635976922232794,-10.23812216343548,-6.394458315459222,-8.564779285613838,2.4102283781227065,0,1.0,90.0,270.0,0.0
20260724_230314__rp1__vinf25__inc90__toff56210__Om270__om180,1.2552873052083546,0.278516643644611,21.91340289879636,125.46287925999,513.7034655372762,-56.394260677368464,216.7557393226315,,True,542.1154494215115,25,224.82546937859888,-56.3942692370324,-56.39425211770453,-46.92369796661067,-68.1893025033173,21.265604536706626,-35.74761852066772,-71.52662303837711,35.77900451770939,-57.05466972807303,8.742584220507005,-71.71099369304137,-50.32369310518896,-52.022812102505554,3.82130554866924,1,1.0,90.0,270.0,180.0
20260724_230314__rp1__vinf25__inc90__toff56210__Om270__om270,0.97957402474805,0.0268472102752401,26.52186168859928,21.621149455589222,354.1226300675599,20.20908658147199,293.35908658147196,90.0,False,582.8828494814672,29,354.7155138240903,20.171149779698762,20.24702338324522,14.494492182300352,-14.458251747471666,28.95274392977202,26.94450905671556,-23.630619970906842,50.5751290276224,4.179911551302085,11.140537162854827,4.892353565799077,12.368434472194325,9.395378046405463,1.229323875800396,0,1.0,90.0,270.0,270.0
20260724_230314__rp1__vinf25__inc90__toff56210__Om270__om90,0.9775396042754644,0.0826321168521266,21.696738916449377,252.1897015872358,353.0200179265997,21.49006525987004,294.64006525987,90.0,False,420.2244513001512,29,357.2869812774198,21.49417879689702,21.48595172284305,7.021523464644427,-11.022446122524203,18.04396958716863,13.161738635818702,-17.924272527404735,31.08601116322344,1.9149961605185053,7.261888273064464,6.173332244197127,-1.4143359487025329,1.9224093287495387,2.353839653143789,0,1.0,90.0,270.0,90.0
20260724_230314__rp1__vinf25__inc90__toff56210__Om90__om0,0.6320888270397769,0.6767726095326126,26.534202749564543,289.6538810460891,183.55446822746535,286.58460402597586,559.7346040259758,90.0,False,2516.8835077176964,65,1156.7799243676611,286.58466168852385,286.5845463634279,353.07042638481676,186.98476150753146,166.0856648772853,473.43018897675813,162.39813040563527,311.0320585711229,224.4525132430808,14.20965573674178,271.26787101030294,458.8541143922369,347.9713122489219,5.527759750890199,1,1.0,90.0,90.0,0.0
20260724_230314__rp1__vinf25__inc90__toff56210__Om90__om180,1.0247496655894464,0.081172062803933,21.075238783235022,359.2037148593962,378.89988045773794,9.406184063338802,282.5561840633388,61.37544904657465,False,446.78241048602683,30,325.0858452264361,9.310701890726802,9.501666235950799,-1.8070609468920962,-23.49557362109067,21.688512674198574,8.676558636943781,-30.131301526941833,38.807860163885614,-10.062294191670269,8.047015589831346,-5.910548952334111,-5.899515947577454,-6.9061750827869846,2.536700635317209,0,1.0,90.0,90.0,180.0
20260724_230314__rp1__vinf25__inc90__toff56210__Om90__om270,1.0425902385894783,0.0183234437037671,23.02619013483301,304.65547122622627,388.83761625671934,3.9986473472023993,277.14864734720237,54.2046324563124,False,434.31289697432965,33,313.07165139230216,4.0049418706792945,3.992352823725505,-6.665910562463154,-27.59709691997078,20.931186357507627,3.0922663921442917,-34.00381101810979,37.09607741025408,-15.004775939688443,7.4627647089235865,-11.318085668470513,-11.483808192376944,-11.765024698358042,1.3675278183861526,0,1.0,90.0,90.0,270.0
20260724_230314__rp1__vinf25__inc90__toff56210__Om90__om90,0.949158593245518,0.0873433458011896,22.72581917569132,168.89908626496856,337.7582504337624,28.834434872693127,301.9844348726931,90.0,False,570.5977291565445,30,379.12594257461114,28.82868121710628,28.84018852827997,21.072339238645313,-7.008603942100459,28.08094318074577,33.25458992737548,-15.726784423367267,48.98137435074274,10.000284676500275,9.994128028571739,13.517701857020214,18.67851534285424,15.973225102750424,2.5672508242377123,0,1.0,90.0,90.0,90.0
20260724_230314__rp1__vinf25__incm30__toff56210__Om0__om0,1.1943446138774223,0.1306129875853597,21.907497266363485,112.1612141499992,476.751725333165,-53.528125791927735,219.62187420807226,,True,428.98996991814624,27,240.58872140431643,-53.52813605894684,-53.5281155249086,-49.49233629946136,-65.38681777494567,15.894481475484312,-42.207562147226454,-68.93566382278848,26.72810167556203,-55.6160941904326,7.187508877386371,-68.84485880760064,-56.78363673174769,-54.59145043535624,2.9013970359242,0,1.0,-30.0,0.0,0.0
20260724_230314__rp1__vinf25__incm30__toff56210__Om0__om180,0.8569093706646417,0.1594845789215196,25.22466322412208,254.75335211484105,289.734444454077,58.63374344262466,331.78374344262465,90.0,False,541.4499226323106,38,469.37831151539393,58.633768640014566,58.63371824523477,39.42479390472524,18.021394472061278,21.403399432663964,45.69201298237384,8.490327121178485,37.20168586119536,33.77804537486208,7.587254767581587,43.317010426951754,31.115938397852602,34.325679768830355,3.416369006410003,1,1.0,-30.0,0.0,180.0
20260724_230314__rp1__vinf25__incm30__toff56210__Om0__om270,1.0484429740564551,0.0465835412976444,23.117857980436817,16.131854413114983,392.116403755206,2.327211405839389,275.47721140583934,52.08179734355447,False,459.3151635470776,34,309.87050057749775,2.3626811567166195,2.291741654962159,-6.666681224796317,-29.68060721853232,23.013925993736002,4.667410877629469,-36.24605909967581,40.91346997730528,-16.41345089214758,7.971564140476438,-12.989521609833524,-9.908663706891765,-11.765795360691206,2.619694071877574,1,1.0,-30.0,0.0,270.0
20260724_230314__rp1__vinf25__incm30__toff56210__Om0__om90,1.0071546621875218,0.2310339676239344,18.466606481262367,194.4322701616972,369.1832949369154,17.023426148128365,290.1734261481283,70.81186354627908,False,476.0088174248706,25,344.7602624818412,16.840986715474685,17.205865580782053,8.338063011839358,-15.464597934258668,23.802660946098026,19.802257552004924,-21.41158052852735,41.21383808053227,-2.9700975607119906,7.664214006710947,1.7066931324554524,5.226182967483689,3.2389488759444696,3.055233017893718,0,1.0,-30.0,0.0,90.0
20260724_230314__rp1__vinf25__incm30__toff56210__Om180__om0,0.8197733631051011,0.1743736995099565,22.888149162171278,243.18962434768588,271.1056036528364,73.79506708308904,346.94506708308904,90.0,False,566.6536906235799,41,514.1805100511849,73.79509730230303,73.79503686387504,51.73154319788165,30.194522141614755,21.537021056266894,58.756917338348956,21.050061229184617,37.706856109164335,44.90400977737603,6.882721113219809,58.47833406741613,44.18084275382772,46.63242906198676,3.755973068099645,1,1.0,-30.0,180.0,0.0
20260724_230314__rp1__vinf25__incm30__toff56210__Om180__om180,1.2207738189767918,0.1390250832301064,23.605123415606897,117.55929667023427,492.6637411577789,-55.353475912997745,217.79652408700224,,True,438.92806408003065,26,230.55037175422024,-55.35348520712809,-55.353466618867365,-50.358614527467225,-66.8282559826916,16.469641455224377,-42.815532665034,-70.3456244113109,27.530091746276895,-56.71728909639099,7.5840839745587445,-70.67020892867066,-57.391607249555236,-55.45772866336211,3.2383301520946803,0,1.0,-30.0,180.0,180.0
20260724_230314__rp1__vinf25__incm30__toff56210__Om180__om90,1.0608643683459476,0.0867763972576129,23.46600390060198,4.625752511644676,399.1053822472106,-1.50314356564508,271.6468564343549,46.23825730732021,False,459.0946842491947,44,303.47278169831804,-1.2931483597798774,-1.713138771510283,-9.581336971310554,-33.00252369957105,23.421186728260494,2.3870391109160374,-39.28431088561228,41.67134999652831,-19.91836434061822,7.99026487971847,-16.819876581317992,-12.189035473605198,-14.680451107205442,3.662675458711135,1,1.0,-30.0,180.0,90.0
20260724_230314__rp1__vinf25__incm30__toff56210__Om270__om0,1.055137326063661,0.0815416527050335,21.52653659328717,7.321934324607122,395.87791150422646,0.6582401432366612,273.8082401432366,48.11140308495899,False,437.1634406674021,34,306.63999755080175,0.7785967833826443,0.5378835030906788,-9.070516721713945,-31.095767482205524,22.02525076049158,2.0808475583840473,-37.247027613965614,39.327875172349664,-18.637515776604864,7.510910573686026,-14.658492872436252,-12.495227026137188,-14.169630857608833,2.87921891297068,0,1.0,-30.0,270.0,0.0
20260724_230314__rp1__vinf25__incm30__toff56210__Om270__om270,0.8212313422162909,0.1683326090763938,23.009174944929104,239.82395219018076,271.82917315303047,72.99260566380993,346.1426056638099,90.0,False,579.2010024355594,41,511.8102937143293,72.99263449491113,72.99257683270874,51.91696776743909,29.311584843483132,22.605382923955958,59.57495451710399,19.915702638124614,39.659251878979376,44.48545608322582,7.17965132885395,57.675872648137016,44.99887993258275,46.8178536315442,3.8071078290882263,1,1.0,-30.0,270.0,270.0
20260724_230314__rp1__vinf25__incm30__toff56210__Om270__om90,1.1828272797648502,0.1099670752003093,22.373662772086217,106.3344835268186,469.872241001056,-52.784446335589585,220.36555366441038,,True,426.6601878929603,27,244.67938761626064,-52.78446003806155,-52.784432633117596,-49.12055516548962,-64.77909500330176,15.658539837812143,-42.063598157649245,-68.42196964400799,26.35837148635874,-54.973609577838396,7.1334768695783595,-68.1011793512625,-56.63967274217048,-54.219669301384506,2.704711831117788,0,1.0,-30.0,270.0,90.0
20260724_230314__rp1__vinf25__incm30__toff56210__Om90__om180,1.0540096825949326,0.0754008978341476,24.837912603107064,5.873865284399483,395.2434587589447,0.649261053381547,273.79926105338154,50.05549481018513,False,482.95742823052854,36,307.1475120409365,0.7240059427699499,0.5745161639931433,-6.847978001204287,-31.3080187006602,24.460040699455913,5.4876961099711,-38.048002173189566,43.53569828316067,-17.412470075675326,8.445335647743896,-14.667471962291366,-9.088378474550135,-11.947092137099176,2.8210003425325665,0,1.0,-30.0,90.0,180.0
20260724_230314__rp1__vinf25__incm30__toff56210__Om90__om270,1.180841692093734,0.1219460290240485,22.877032184920157,135.36472094047147,468.6895904636698,-52.57188503388136,220.57811496611862,,True,427.02712240137913,27,245.8488541463881,-52.57189946753227,-52.571870600230454,-48.74801989660037,-64.34470253060061,15.596682634000246,-41.83735111597169,-68.01130698663268,26.173955870660983,-54.65096829313103,7.056330947295848,-67.88861804955427,-56.41342570049293,-53.847134032495255,2.82205238029099,0,1.0,-30.0,90.0,270.0
20260724_230314__rp1__vinf25__incm30__toff56210__Om90__om90,0.8615603095947448,0.1279327613322763,25.958567371606115,251.52244562237092,292.0964749098208,56.159398057021505,329.3093980570215,90.0,False,579.7763324252468,37,462.1789645635909,56.15942779487489,56.1593683191681,39.65430705144328,15.28826017877427,24.366046872669013,47.63574384021756,5.023252615718335,42.61249122449922,32.59313183638147,8.594000433377005,40.842665041348596,33.05966925569632,34.555192915548396,3.134520681779392,0,1.0,-30.0,90.0,90.0
20260724_230314__rp1__vinf25__incm60__toff56210__Om0__om0,1.1495833812929388,0.122861135772987,21.801635344951077,107.8097076635122,450.2031254575148,-50.102319674636945,223.04768032536305,,True,455.5988484555832,29,259.42986988858445,-50.10233385651308,-50.102305492760834,-46.14275115114617,-62.77916111848897,16.6364099673428,-38.43685360159405,-66.64271612538552,28.205862523791467,-52.658470887142904,7.256942570865242,-65.41905269030985,-53.01292818611529,-51.24186528704106,2.706081444714272,0,1.0,-60.0,0.0,0.0
20260724_230314__rp1__vinf25__incm60__toff56210__Om0__om180,0.9028651318570988,0.1400981266536202,25.0292813563672,256.80549227383835,313.35174104425795,42.768555200136134,315.9185552001361,90.0,False,496.6983368597353,34,421.5574880708599,42.76949692954413,42.76761347072814,25.988114363610627,5.761842738989442,20.226271624621184,32.06597166289628,-2.949046317672379,35.01501798056866,20.754925391784074,7.673427409196625,27.45182218446322,17.489897078375044,20.88900022771574,3.0035597471819067,0,1.0,-60.0,0.0,180.0
20260724_230314__rp1__vinf25__incm60__toff56210__Om0__om270,1.03368564334836,0.0113645556646063,22.9467984773925,174.20407730258054,383.86676884778353,6.5229511337072745,279.6729511337073,56.4426902380793,False,455.13908512973217,29,318.45583586211967,6.417608395886027,6.628293871528522,-3.446677600271754,-25.633252193811334,22.18657459353958,6.897170181186487,-32.38798322382053,39.285153405007016,-12.268781648221935,8.00364647658354,-8.79378188196564,-7.678904403334748,-8.545791736166642,1.4332304140385417,0,1.0,-60.0,0.0,270.0
20260724_230314__rp1__vinf25__incm60__toff56210__Om0__om90,0.9849627111419348,0.123150589645288,22.42128029183523,191.3199813330404,357.0487148278005,20.023520781657886,293.1735207816579,81.4509211694784,False,501.77456761057533,27,353.40855113551265,19.955844304042266,20.09119725927351,11.298263173029865,-13.108721630239703,24.406984803269566,21.50946965072544,-20.688143982273246,42.19761363299868,1.8317137116447768,8.872061037157259,4.7067877659849735,6.933395066204204,6.199149037134976,1.8441335302383643,0,1.0,-60.0,0.0,90.0
20260724_230314__rp1__vinf25__incm60__toff56210__Om180__om0,0.8356776989132403,0.1620853359738584,21.708096272818235,242.7930242181536,279.0332832897259,67.12439152024318,340.27439152024317,90.0,False,532.1825506576737,39,493.7437402784826,67.12442621749484,67.1243568229915,45.07366656503714,25.1232930221231,19.950373542914043,51.58891493741999,16.75355191042076,34.83536302699923,38.81799965036051,6.569095588095863,51.80765850457027,37.012840352898756,39.97455242914226,3.5834404401451105,1,1.0,-60.0,180.0,0.0
20260724_230314__rp1__vinf25__incm60__toff56210__Om180__om180,1.209444885742804,0.1339088951516866,24.48563137041081,113.53303277563448,485.8217051526152,-54.594844855927604,218.5551551440724,,True,457.6701501660355,26,234.72270360375552,-54.594856944229456,-54.59483276762581,-49.19075909357399,-66.30821818122101,17.11745908764702,-41.31484721397896,-69.97941639509683,28.664569181117876,-55.81518096493162,7.837154667421238,-69.91157787160051,-55.890921798500194,-54.289873229468874,2.96786302718427,0,1.0,-60.0,180.0,180.0
20260724_230314__rp1__vinf25__incm60__toff56210__Om180__om270,1.0547690126006208,0.3064626622023936,35.28436687415806,168.4163215727898,395.6706478105722,5.605217895677355,278.75521789567733,58.82116446134409,False,982.7329671502433,34,321.29205347386267,4.7261658775408755,6.484269913813831,23.84952821288015,-27.204087560098998,51.05361577297914,53.657822846902555,-35.72874952488526,89.38657237178782,-5.318730143529061,15.389821995955304,-9.711515119995557,39.08174826238132,18.75041407698526,3.593809429168401,1,1.0,-60.0,180.0,270.0
20260724_230314__rp1__vinf25__incm60__toff56210__Om180__om90,1.055205667892377,0.0681230940310231,23.82845310434144,1.936091946307061,395.91637397423807,0.32355260433393523,273.4735526043339,48.11140308495899,False,459.52729844891786,37,306.2908169379499,0.42082161737993107,0.22628359128793912,-8.276554384123607,-31.40231994072068,23.125765556597074,3.268288522189454,-37.80020017900524,41.06848870119469,-18.187738828384997,7.975352681903129,-14.993180411338978,-11.30778606233178,-13.375668520018495,3.085788623374192,1,1.0,-60.0,180.0,90.0
20260724_230314__rp1__vinf25__incm60__toff56210__Om270__om0,1.044889519290759,0.0831335227848865,20.570965144234663,2.989675481072204,390.1246121473214,3.870692056340518,277.0206920563405,52.08179734355447,False,427.80574745822315,37,312.7255334562528,3.8866846717310946,3.8546994409499424,-7.1527575065584035,-28.26234106093637,21.10958355437797,3.4009234764300804,-34.421906584761615,37.822830061191695,-15.975517517130633,7.346503305021638,-11.446040959332395,-11.175151108091155,-12.251871642453292,2.7012570372908105,0,1.0,-60.0,270.0,0.0
20260724_230314__rp1__vinf25__incm60__toff56210__Om270__om270,0.8551349758441349,0.125027073251742,22.21811366600732,226.8154230186693,288.8349845708263,58.82528586409612,331.9752858640961,90.0,False,568.3304774465113,38,468.97533212481324,58.82531213059656,58.82525959759567,41.40862519622692,17.476215691086495,23.932409505140427,50.29888197585183,8.272216277081347,42.02666569877048,33.04219620938377,7.907986944486382,43.50855284842321,35.72280739133059,36.309511060332035,3.3758682961584103,1,1.0,-60.0,270.0,270.0
20260724_230314__rp1__vinf25__incm60__toff56210__Om270__om90,1.1127834818815998,0.0512205992144381,22.568575766254963,93.7585028630468,428.7595396233098,-47.24679240223469,225.9032075977653,,True,429.59384480583975,33,275.1358854809764,-47.24681049511626,-47.24677430935311,-45.23181774052363,-60.241878847924106,15.010061107400475,-38.80644918773587,-64.32160868693266,25.51515949919679,-50.44983285398342,6.700785626272086,-62.5635254179076,-53.38252377225711,-50.33093187641852,2.0262644732064072,0,1.0,-60.0,270.0,90.0
20260724_230314__rp1__vinf25__incm60__toff56210__Om90__om180,1.048531504128326,0.0722286792309514,25.496606014368545,0.4152276967621435,392.1660700132653,2.286729371111319,275.4367293711113,52.08179734355447,False,490.8381421872074,49,310.2922902528993,2.3336632213185413,2.2397955209040976,-5.226825743774156,-29.84398530453813,24.617159560763973,7.017483597646253,-36.84857301407678,43.86605661172303,-15.549665542430438,8.64615491945453,-13.030003644561594,-7.558590986874982,-10.325939879669043,2.583991480604851,0,1.0,-60.0,90.0,180.0
20260724_230314__rp1__vinf25__incm60__toff56210__Om90__om270,1.085115915460948,0.0710230049948214,22.78150796138459,175.8946772218354,412.86872906721067,-44.599288607206994,228.55071139279298,,True,423.1261294380353,43,289.6969933299314,-44.599308120255785,-44.599269094158196,-43.307396214026376,-57.604142743108696,14.29674652908232,-37.54926405832896,-61.82098801645306,24.2717239581241,-48.217736837158476,6.2424239340913985,-59.91602162287991,-52.125338642850195,-48.40651034992126,2.250532256701278,0,1.0,-60.0,90.0,270.0
20260724_230314__rp1__vinf25__incm60__toff56210__Om90__om90,0.912905161931398,0.0653323817972668,26.69368176522393,266.9867768526089,318.5930404042146,38.47538436901109,311.62538436901104,90.0,False,581.8836297530922,33,409.143490575235,38.47755432809527,38.4732144099269,27.159795831744677,0.7575243378616614,26.402271493883017,37.06449343576961,-9.200703347452572,46.26519678322219,18.928712486913444,9.887270555128834,23.158651353338175,22.488418851248376,22.060681695849787,2.1676569487190203,0,1.0,-60.0,90.0,90.0
20260724_230314__rp1__vinf25__incm90__toff56210__Om0__om0,1.0848161951763962,0.1232561193091184,23.267050383218,109.19619951590155,412.6976829339642,-44.299351874011066,228.85064812598893,,True,536.5121217821084,43,291.3466610748992,-44.29936622190165,-44.299337526120475,-39.08147496352835,-58.42848216264769,19.34700719911934,-29.87580231406232,-63.020174982356885,33.144372668294565,-47.04967010847219,7.9016348747976295,-59.616084889683975,-44.451876898583556,-44.18058909942324,2.6472971776903806,0,1.0,-90.0,0.0,0.0
20260724_230314__rp1__vinf25__incm90__toff56210__Om0__om180,0.9574639245559132,0.1045961362613512,23.614023623318488,248.0787089558961,342.20111453141897,26.77594353239234,299.9259435323923,90.0,False,453.38685994037496,29,373.20035900950455,26.797963169995686,26.753923894788993,12.819246138607689,-6.715471626122717,19.534717764730406,19.253465041157806,-14.400860225745271,33.65432526690308,7.324079218406514,7.742164880990809,11.459210516719427,4.677390456636571,7.7201320027128,2.504304640310875,0,1.0,-90.0,0.0,180.0
20260724_230314__rp1__vinf25__incm90__toff56210__Om0__om270,1.017147191563554,0.0870365275884788,22.69512388254681,194.25607379650577,374.691202977683,11.416296120627486,284.56629612062744,64.15806723683289,False,460.82865416948107,26,330.1275397939966,11.22862295559243,11.60396928566254,1.5115491097175475,-20.761186617931585,22.272735727649135,11.1901932208688,-27.713304805031278,38.90349802590008,-7.006306870680844,8.344791944380635,-3.900436895045427,-3.3858813636524356,-3.587565026177341,1.8524811066695197,0,1.0,-90.0,0.0,270.0
20260724_230314__rp1__vinf25__incm90__toff56210__Om0__om90,0.9867033895925392,0.0597684989846475,23.54533781571805,208.9691688573373,357.99562607516606,18.813481694595637,291.9634816945956,81.4509211694784,False,486.0605072276626,27,350.1079655291309,18.754467188776218,18.87249620041505,8.890775078650535,-14.340768284612077,23.23154336326261,17.999439108957052,-22.163214883071422,40.162653992028474,0.964163093405122,8.940348199354673,3.4967486789227245,3.423364524435817,3.7916609427556462,1.8301237373223624,0,1.0,-90.0,0.0,90.0
20260724_230314__rp1__vinf25__incm90__toff56210__Om180__om0,0.8788612612474278,0.1536558992461835,21.23358135887124,251.00892574850383,300.93886121829803,51.20835743799095,324.35835743799095,90.0,False,462.2385605288284,36,445.8059481660665,51.208382982293735,51.208331893688175,29.988065331913177,13.20325104850005,16.784814283413127,34.92219862711433,5.938105932806252,28.984092694308075,25.452511968960582,6.106818331142399,35.89162442231803,20.34612404259309,24.88895119601829,3.2618779397511117,0,1.0,-90.0,180.0,0.0
20260724_230314__rp1__vinf25__incm90__toff56210__Om180__om180,1.1772659335877746,0.1252240902782962,25.030948945833423,109.74909752886248,466.5623136733754,-52.28146100272562,220.86853899727436,,True,484.55879011112137,27,247.44635547889723,-52.28147645975471,-52.28144554569656,-46.63827749560636,-64.56329171017381,17.925014214567454,-38.340058897763214,-68.51835862825413,30.17829973049092,-53.63486173698795,8.027511352194153,-67.59819401839853,-52.91613348228445,-51.73739163150125,2.760188650777234,0,1.0,-90.0,180.0,180.0
20260724_230314__rp1__vinf25__incm90__toff56210__Om180__om270,0.9925526775180326,0.178015649263573,26.12206261439045,190.5575231060072,361.1836963469281,18.85561309064274,292.0056130906427,81.4509211694784,False,584.2657726744704,27,350.9810741522555,18.767480408792302,18.943745772493177,15.63599783784649,-13.93898481878955,29.57498265663604,28.759174104385995,-22.310058531945263,51.06923263633126,3.0896662240135817,10.485039306940283,3.5388800749698284,14.18309951986476,10.536883701951602,2.40304698390301,0,1.0,-90.0,180.0,270.0
20260724_230314__rp1__vinf25__incm90__toff56210__Om180__om90,1.0430618659817663,0.0242511233558177,24.292117848557712,6.704868281758895,389.1014886802163,3.7676946316826463,276.91769463168265,54.2046324563124,False,469.6439780958413,32,312.8280902320532,3.7550674069243946,3.7803218564408985,-5.0154688339928475,-28.265596356978477,23.25012752298563,6.143590440023243,-35.129521952903424,41.27311239292667,-14.530880667841975,8.238011524523097,-11.549038383990267,-8.432484144497991,-10.114582969887735,2.079421709690307,1,1.0,-90.0,180.0,90.0
20260724_230314__rp1__vinf25__incm90__toff56210__Om270__om0,1.0247496655859156,0.0811720628141655,21.075238783024883,359.20371486110275,378.8998804557798,9.406184064170988,282.55618406417096,61.37544904657465,False,446.7824104914326,30,325.0858452289481,9.310701891554684,9.501666236787294,-1.8070609460690772,-23.49557362058075,21.68851267451167,8.676558638080774,-30.131301526466466,38.807860164547236,-10.062294191099276,8.047015589857583,-5.910548951501925,-5.899515946440461,-6.906175081963966,2.536700635371586,0,1.0,-90.0,270.0,0.0
20260724_230314__rp1__vinf25__incm90__toff56210__Om270__om180,0.6325032191346662,0.6769644251320224,26.5696176598701,289.7140296234347,183.73500294659632,286.1633966838794,559.3133966838793,90.0,False,2520.0174120112592,65,1155.5415136661736,286.1634535070893,286.16333986066957,352.88091176412803,186.69521350159619,166.18569826253184,473.3487679217443,162.12574265741367,311.22302526433066,224.15474468990672,14.223540477050705,270.8466636682065,458.7726933372231,347.78179762823316,5.527127622139912,1,1.0,-90.0,270.0,180.0
20260724_230314__rp1__vinf25__incm90__toff56210__Om270__om270,0.9491585933253992,0.0873433459072344,22.725819171658443,168.89908643005438,337.75825047640114,28.83443485277415,301.98443485277414,90.0,False,570.5977287977634,30,379.1259425143352,28.828681197127004,28.840188508421292,21.072339205950396,-7.008603951870289,28.080943157820684,33.25458988151214,-15.72678442771782,48.98137430922996,10.000284655786839,9.994128021982954,13.517701837101239,18.678515296990902,15.973225070055507,2.5672508243456047,0,1.0,-90.0,270.0,270.0
20260724_230314__rp1__vinf25__incm90__toff56210__Om270__om90,1.0425902382143473,0.0183234434752258,23.026190133948298,304.65547204765244,388.83761604685975,3.9986474132235412,277.1486474132235,54.2046324563124,False,434.31289756239806,33,313.0716516162814,4.004941936958166,3.9923528894889166,-6.665910494869391,-27.597096879286493,20.931186384417103,3.0922664911608373,-34.003810982410606,37.09607747357144,-15.004775893901394,7.462764709316643,-11.318085602449372,-11.483808093360398,-11.76502463076428,1.3675278163844404,0,1.0,-90.0,270.0,90.0
20260724_230314__rp1__vinf25__incm90__toff56210__Om90__om0,1.2552872985440486,0.2785166268838689,21.91340241671738,125.4628662400309,513.7034614464075,-56.39426045003539,216.75573954996457,,True,542.1154432083533,25,224.82547062801348,-56.39426900970033,-56.39425189037047,-46.92369819391759,-68.18930251397967,21.26560432006208,-35.74761898358649,-71.52662309867209,35.7790041150856,-57.05466969617741,8.742584202299156,-71.7109934657083,-50.32369356810773,-52.022812329812474,3.821305482116243,1,1.0,-90.0,90.0,0.0
20260724_230314__rp1__vinf25__incm90__toff56210__Om90__om180,1.0392987052548557,0.0688878396560935,24.87022922681471,355.25978459842486,386.9976873461456,5.078610845400558,278.2286108454005,56.4426902380793,False,482.5327028920511,36,315.75504186534056,5.045297645750038,5.111924045051077,-3.4656651546441415,-27.337227593294898,23.871562438650756,8.181616263716927,-34.38471576100886,42.56633202472579,-12.970690158870921,8.63597692218641,-10.238122170272355,-6.394458320804308,-8.564779290539029,2.410228377502073,0,1.0,-90.0,90.0,180.0
20260724_230314__rp1__vinf25__incm90__toff56210__Om90__om270,0.9775396039715724,0.0826321168539712,21.696738914501267,252.18970204796204,353.0200177619824,21.49006533233821,294.64006533233817,90.0,False,420.224451293898,29,357.2869814996173,21.49417886934123,21.4859517953352,7.0215235057202365,-11.022446070699845,18.043969576420082,13.161738668411632,-17.92427247450932,31.086011142920952,1.9149962119770536,7.26188826984286,6.173332316665299,-1.4143359161096036,1.9224093698253482,2.353839654696888,0,1.0,-90.0,90.0,270.0
20260724_230314__rp1__vinf25__incm90__toff56210__Om90__om90,0.9795740253223412,0.0268472107482326,26.52186168361976,21.621150292040674,354.1226303789751,20.209086442067015,293.359086442067,90.0,False,582.8828493648399,29,354.7155134126824,20.171149640406973,20.247023243727057,14.494492075909342,-14.458251859887303,28.952743935796647,26.944508966964726,-23.630620069630776,50.5751290365955,4.179911432127519,11.140537168696628,4.892353426394102,12.36843438244349,9.395377940014454,1.2293238751752598,0,1.0,-90.0,90.0,90.0
20260724_230314__rp1p25__vinf25__inc0__toff56210__Om0__om0,1.139611428300529,0.1097279958269257,22.6566062063143,121.10707595795,444.3579802162967,-49.3477026002227,223.80229739977727,,True,456.0049268186716,30,263.58149248429373,-49.347714209728586,-49.34769099071682,-45.52714820201131,-62.01634793217073,16.48919973015942,-38.078289775690806,-65.99666681948779,27.91837704379698,-51.86425058372749,7.215983553988131,-64.66443561589561,-52.65436436021204,-50.6262623379062,2.61094517170886,0,1.25,0.0,0.0,0.0
20260724_230314__rp1p25__vinf25__inc0__toff56210__Om0__om180,0.8700169264085589,0.1375989728610842,23.99133811884373,249.69568348883087,296.4076057751051,53.602388566687395,326.7523885666874,90.0,False,528.1968153188085,37,453.8303140656605,53.60241198018667,53.60236515318811,35.262474726006005,13.93389880826602,21.328575917739983,42.008811689246905,4.874479938087398,37.13433175115951,29.200812994293464,7.6013943080831865,38.285655551014486,27.432737104725668,30.163360590111118,3.26266956315536,1,1.25,0.0,0.0,180.0
20260724_230314__rp1p25__vinf25__inc0__toff56210__Om0__om270,1.034326046719651,0.0720597760599867,23.32297593955382,0.5500178329807434,384.22355184872447,6.592275946968771,279.74227594696873,56.4426902380793,False,470.2037525785303,34,318.87003544296925,6.501908885405305,6.682643008532239,-2.8968422418633866,-26.13092164769344,23.234079405830055,8.462266308247706,-33.063733679370486,41.52599998761819,-12.106096459532795,8.413416620800662,-8.724457068704142,-6.113808276273529,-7.995956377758275,3.344992806564294,1,1.25,0.0,0.0,270.0
20260724_230314__rp1p25__vinf25__inc0__toff56210__Om180__om0,0.8700169264085589,0.1375989728610842,23.99133811884373,249.69568348883087,296.4076057751051,53.602388566687395,326.7523885666874,90.0,False,528.1968153188085,37,453.8303140656605,53.60241198018667,53.60236515318811,35.262474726006005,13.93389880826602,21.328575917739983,42.008811689246905,4.874479938087398,37.13433175115951,29.200812994293464,7.6013943080831865,38.285655551014486,27.432737104725668,30.163360590111118,3.26266956315536,1,1.25,0.0,180.0,0.0
20260724_230314__rp1p25__vinf25__inc0__toff56210__Om180__om180,1.1396191212263784,0.1097337364712567,22.6562353293491,121.10140862799754,444.3624796693688,-49.348319018912015,223.80168098108797,,True,456.0025638203627,30,263.57810197453506,-49.3483306259984,-49.34830741182562,-45.527708772696,-62.016895514836634,16.48918674214063,-38.07879048430688,-65.9971441327025,27.918353648395623,-51.864843279397235,7.216000329257554,-64.66505203458493,-52.654865068828116,-50.62682290859089,2.610970008115423,0,1.25,0.0,180.0,180.0
20260724_230314__rp1p25__vinf25__inc0__toff56210__Om180__om90,1.034326046719651,0.0720597760599867,23.32297593955382,0.5500178329807434,384.22355184872447,6.592275946968771,279.74227594696873,56.4426902380793,False,470.2037525785303,34,318.87003544296925,6.501908885405305,6.682643008532239,-2.8968422418633866,-26.13092164769344,23.234079405830055,8.462266308247706,-33.063733679370486,41.52599998761819,-12.106096459532795,8.413416620800662,-8.724457068704142,-6.113808276273529,-7.995956377758275,3.344992806564294,1,1.25,0.0,180.0,90.0
20260724_230314__rp1p25__vinf25__inc0__toff56210__Om270__om0,1.034326046719651,0.0720597760599867,23.32297593955382,0.5500178329807434,384.22355184872447,6.592275946968771,279.74227594696873,56.4426902380793,False,470.2037525785303,34,318.87003544296925,6.501908885405305,6.682643008532239,-2.8968422418633866,-26.13092164769344,23.234079405830055,8.462266308247706,-33.063733679370486,41.52599998761819,-12.106096459532795,8.413416620800662,-8.724457068704142,-6.113808276273529,-7.995956377758275,3.344992806564294,1,1.25,0.0,270.0,0.0
20260724_230314__rp1p25__vinf25__inc0__toff56210__Om270__om270,0.8700176917603276,0.1375995869768831,23.991333255622923,249.69557440921167,296.4079968987632,53.60213663172806,326.75213663172804,90.0,False,528.1955244528478,37,453.8295546894316,53.60216004470016,53.60211321875596,35.26224165948182,13.933728435142841,21.328513224338984,42.00855308714964,4.874336623892037,37.13421646325761,29.20060033726996,7.601377947659429,38.28540361605515,27.432478502628406,30.163127523586937,3.262668783270158,1,1.25,0.0,270.0,270.0
20260724_230314__rp1p25__vinf25__inc0__toff56210__Om270__om90,1.1396191212263784,0.1097337364712567,22.6562353293491,121.10140862799754,444.3624796693688,-49.348319018912015,223.80168098108797,,True,456.0025638203627,30,263.57810197453506,-49.3483306259984,-49.34830741182562,-45.527708772696,-62.016895514836634,16.48918674214063,-38.07879048430688,-65.9971441327025,27.918353648395623,-51.864843279397235,7.216000329257554,-64.66505203458493,-52.654865068828116,-50.62682290859089,2.610970008115423,0,1.25,0.0,270.0,90.0
20260724_230314__rp1p25__vinf25__inc0__toff56210__Om90__om180,1.034326046719651,0.0720597760599867,23.32297593955382,0.5500178329807434,384.22355184872447,6.592275946968771,279.74227594696873,56.4426902380793,False,470.2037525785303,34,318.87003544296925,6.501908885405305,6.682643008532239,-2.8968422418633866,-26.13092164769344,23.234079405830055,8.462266308247706,-33.063733679370486,41.52599998761819,-12.106096459532795,8.413416620800662,-8.724457068704142,-6.113808276273529,-7.995956377758275,3.344992806564294,1,1.25,0.0,90.0,180.0
20260724_230314__rp1p25__vinf25__inc0__toff56210__Om90__om270,1.1396191212263784,0.1097337364712567,22.6562353293491,121.10140862799754,444.3624796693688,-49.348319018912015,223.80168098108797,,True,456.0025638203627,30,263.57810197453506,-49.3483306259984,-49.34830741182562,-45.527708772696,-62.016895514836634,16.48918674214063,-38.07879048430688,-65.9971441327025,27.918353648395623,-51.864843279397235,7.216000329257554,-64.66505203458493,-52.654865068828116,-50.62682290859089,2.610970008115423,0,1.25,0.0,90.0,270.0
20260724_230314__rp1p25__vinf25__inc0__toff56210__Om90__om90,0.8700169264085589,0.1375989728610842,23.99133811884373,249.69568348883087,296.4076057751051,53.602388566687395,326.7523885666874,90.0,False,528.1968153188085,37,453.8303140656605,53.60241198018667,53.60236515318811,35.262474726006005,13.93389880826602,21.328575917739983,42.008811689246905,4.874479938087398,37.13433175115951,29.200812994293464,7.6013943080831865,38.285655551014486,27.432737104725668,30.163360590111118,3.26266956315536,1,1.25,0.0,90.0,90.0
20260724_230314__rp1p25__vinf25__inc30__toff56210__Om0__om0,1.1342690812432146,0.1090245911423501,23.508372220718197,129.2823260407385,441.2370082395548,-48.898893255913165,224.25110674408683,,True,466.19709769321094,30,266.0495319195157,-48.89891009184706,-48.89887641997927,-44.785441242017924,-61.60056613151875,16.815124889500822,-37.23900740232474,-65.69612748574937,28.457120083424634,-51.246625478472524,7.343196733279804,-64.21562627158607,-51.815081986845975,-49.88455537791281,2.510693863885688,0,1.25,30.0,0.0,0.0
20260724_230314__rp1p25__vinf25__inc30__toff56210__Om0__om180,0.8629276686507381,0.1376532258964597,22.80568024532191,245.43668287428028,292.79211835471625,56.21729445563132,329.3672944556313,90.0,False,523.9037853868174,37,461.3212099502296,56.21732344101258,56.21726547025006,36.894704468600025,16.087395686295316,20.80730878230471,43.641558967948285,7.363396103888812,36.278162864059475,30.716129243464454,7.262703440864758,40.90056143995841,29.065484383427048,31.79559033270514,3.3874596386520244,1,1.25,30.0,0.0,180.0
20260724_230314__rp1p25__vinf25__inc30__toff56210__Om0__om270,1.0350111872928878,0.0790299940686158,23.429425368618386,355.64085190463527,384.60538125518616,6.4847742501185355,279.63477425011854,56.4426902380793,False,467.21387938388654,32,318.61670650835964,6.400403338692965,6.569145161544105,-3.1572253143589704,-26.17176620111813,23.014540886759157,8.09195984234448,-33.076233476495766,41.168193318840245,-12.212137572988711,8.36483531167171,-8.831958765554377,-6.4841147421767555,-8.256339450253858,3.9156569279321136,1,1.25,30.0,0.0,270.0
20260724_230314__rp1p25__vinf25__inc30__toff56210__Om180__om0,0.8969880083875188,0.1259757707159539,24.844330706731817,252.7733423050648,310.2971209216654,44.35820690262495,317.5082069026249,90.0,False,515.565440482404,34,426.28357664439955,44.35858542598883,44.35782837926107,28.13644883755856,6.657218444645152,21.479230392913408,34.99798218119316,-2.3245908426264372,37.322573023819594,22.170138253702376,7.988342686625815,29.041473886952037,20.42190759667192,23.037334701663674,2.9529849041652474,0,1.25,30.0,180.0,0.0
20260724_230314__rp1p25__vinf25__inc30__toff56210__Om180__om180,1.1129925521898048,0.0926226695778279,22.538115229427586,124.9193277859137,428.8803786286503,-47.115630936382615,226.03436906361736,,True,457.3110607579458,33,275.85734476585264,-47.11564568942849,-47.11561618333671,-43.921809449473734,-60.17515463542374,16.253345185950003,-36.70484740200917,-64.32065753790346,27.615810135894286,-50.05866386852165,7.029045628779365,-62.432363952055525,-51.28092198653041,-49.02092358536862,2.3994402558784564,0,1.25,30.0,180.0,180.0
20260724_230314__rp1p25__vinf25__inc30__toff56210__Om180__om270,1.109567669202077,0.1260513462061587,19.49260634846359,158.51364534766907,426.9022864967411,-46.618171589879175,226.5318284101208,,True,409.49294592406244,34,278.5919034070261,-46.61818474418768,-46.61815843557068,-45.133401395206405,-59.21852821058488,14.085126815378473,-39.003598357049434,-62.92164597060866,23.918047613559224,-50.54899438104799,5.957088340974586,-61.93490460555209,-53.57967294157067,-50.23251553110129,2.056120021645805,0,1.25,30.0,180.0,270.0
20260724_230314__rp1p25__vinf25__inc30__toff56210__Om180__om90,1.0297931270169631,0.0453649679019415,23.227832037529197,3.6660972457105263,381.7005395109562,7.703701062099757,280.85370106209973,58.82116446134409,False,468.4277472207989,29,321.17778685421325,7.568155152061084,7.839246972138434,-2.04970648041411,-25.032874002275676,22.983167521861567,8.897404184283198,-32.032428176294694,40.92983236057789,-10.889045268544747,8.49043278622318,-7.613031953573156,-5.678670400238037,-7.148820616308998,2.53501622203057,1,1.25,30.0,180.0,90.0
20260724_230314__rp1p25__vinf25__inc30__toff56210__Om270__om0,1.0333854643885405,0.0682164482203513,24.56597991538923,0.1896396114726772,383.6995704898404,6.760019103632215,279.9100191036322,58.82116446134409,False,488.75187580504837,32,319.36424080217955,6.666666955332091,6.853371251932339,-1.8032584706591752,-26.00300725701357,24.199748786354398,9.97955790967196,-33.18880317697202,43.16836108664398,-11.258750816609721,8.89532607625152,-8.5567139120407,-4.5965166748492745,-6.902372606554064,2.481813774233696,0,1.25,30.0,270.0,0.0
20260724_230314__rp1p25__vinf25__inc30__toff56210__Om270__om270,0.8969181960291718,0.1106525939409017,25.17460406404148,256.3083918179548,310.2608961024478,44.0862019749028,317.23620197490277,90.0,False,530.990707358666,34,425.56668795418807,44.086551502288444,44.08585244751714,28.608794064696216,6.0421599481873365,22.56663411650888,36.09378130553886,-3.243334302230169,39.33711560776903,22.239929017310033,8.406679764748404,28.769468959229886,21.517706721017625,23.509679928801326,2.783527797894377,0,1.25,30.0,270.0,270.0
20260724_230314__rp1p25__vinf25__inc30__toff56210__Om270__om90,1.1096381133545017,0.0948846391074167,23.118013329152262,146.79441687916488,426.9429418545229,-46.801140574574035,226.34885942542593,,True,451.8638959431791,33,277.5870836629106,-46.801157804906424,-46.80112334424165,-43.77703467018111,-59.686812440390085,15.909777770208976,-36.89044972092079,-63.87231556866109,26.981865847740295,-49.70424799810134,6.899120716528941,-62.117873590246944,-51.46652430544203,-48.876148806075996,2.3438549656523757,0,1.25,30.0,270.0,90.0
20260724_230314__rp1p25__vinf25__inc30__toff56210__Om90__om180,1.0334743363711858,0.0759319392743221,21.97677433616926,359.37770817975843,383.74906926240993,6.972029015585583,280.12202901558555,56.4426902380793,False,450.8281008699337,29,319.4878605316134,6.9085671816151075,7.03549084955606,-3.5418309714907656,-25.660302027029616,22.11847105553885,7.2351626212972215,-32.29571345271225,39.53087607400947,-12.237811766221517,8.017852181295654,-8.34470400008733,-7.340911963224014,-8.640945107385654,2.508517218925132,0,1.25,30.0,90.0,180.0
20260724_230314__rp1p25__vinf25__inc30__toff56210__Om90__om270,1.1138937987568034,0.0827156663043742,22.714453114022533,117.36756928114649,429.4014133901158,-47.24061495411823,225.90938504588175,,True,454.34913699798017,33,275.1701768910896,-47.240629027798086,-47.240600880438365,-44.176304972578244,-60.30542340814763,16.12911843556939,-37.05170259195558,-64.45584328960747,27.40414069765189,-50.169429105279804,7.029999329127406,-62.55734796979114,-51.62777717647682,-49.27541910847313,2.2491198251094926,0,1.25,30.0,90.0,270.0
20260724_230314__rp1p25__vinf25__inc30__toff56210__Om90__om90,0.8659161826219678,0.1380571956979456,23.043402845638965,241.1732212991742,294.3144426302206,55.14387543219769,328.29387543219764,90.0,False,531.9975926025805,37,458.16842176983033,55.14390194260951,55.143848921785874,36.75630830561925,15.210245474363408,21.546062831255842,43.96010524519327,6.35701342742583,37.603091817767435,30.087361533990553,7.457648412660834,39.82714241652478,29.384030660672032,31.657194169724363,3.342116158764914,1,1.25,30.0,90.0,90.0
20260724_230314__rp1p25__vinf25__inc60__toff56210__Om0__om0,1.1261329084099994,0.1003541102927509,24.058422084588013,124.30816516531256,436.498006990873,-48.24240494286524,224.90759505713473,,True,477.14913903468226,31,269.6601670013976,-48.242418558869616,-48.242391326860876,-43.97333028344039,-61.145168074943015,17.171837791502625,-36.266637199156406,-65.36697514416767,29.100337945011262,-50.53520147676511,7.485481093163976,-63.55913795853816,-50.84271178367764,-49.07244441933528,2.4881943993500197,0,1.25,60.0,0.0,0.0
20260724_230314__rp1p25__vinf25__inc60__toff56210__Om0__om180,0.8759707252518351,0.1325190522698373,22.030239580742293,248.5187014527,299.45542063710747,51.65221077912175,324.8022107791217,90.0,False,494.3928286966885,36,447.3693412340857,51.652238182519945,51.65218337572356,32.00246396970884,12.748326084517682,19.25413788519116,38.10495160055338,4.629327678802097,33.47562392175128,26.508939283390948,6.918680502685053,36.335477763448836,23.52887701603214,26.903349833813955,3.146026120964268,1,1.25,60.0,0.0,180.0
20260724_230314__rp1p25__vinf25__inc60__toff56210__Om0__om270,1.034164683072055,0.0632707225997747,23.64490971074631,355.382459762423,384.1336421497976,6.562028838297792,279.7120288382978,56.4426902380793,False,467.4253284782017,34,318.77903676744717,6.480746600169299,6.643311076426285,-3.055941573296159,-25.996413635570626,22.940472062274466,8.007869995575161,-32.975751673562,40.983621669137165,-11.98900793205374,8.392044580005516,-8.754704177375121,-6.568204588946074,-8.155055709191046,3.2034578856380262,1,1.25,60.0,0.0,270.0
20260724_230314__rp1p25__vinf25__inc60__toff56210__Om0__om90,1.4031641089025164,0.2524034648577438,33.794837447127954,102.666329754652,607.1003616489927,-64.8001254959133,208.34987450408667,,True,614.8211739167241,21,178.59752195042552,-64.80013237885929,-64.80011861296734,-51.33604674571828,-75.0257111590344,23.689664413316123,-39.34226343261454,-78.09093328403252,38.74866985141798,-61.58347566773303,11.274870768657912,-80.11685851158622,-53.918338017135774,-56.435160881613164,3.3753541420060102,1,1.25,60.0,0.0,90.0
20260724_230314__rp1p25__vinf25__inc60__toff56210__Om180__om0,0.9363813841882804,0.1049029466359916,24.46661598901243,255.23867448392627,330.9610966834782,32.391007606782864,305.54100760678284,90.0,False,481.21824320298384,31,390.20736485349363,32.40097053805604,32.3810446755097,17.998562134712063,-2.6182745373724168,20.61683667208448,24.80098610705638,-10.899534994510987,35.70052110156737,12.286920369815867,8.0649359250846,17.07427459110995,10.224911522535146,12.899447998817175,2.557001461421831,0,1.25,60.0,180.0,0.0
20260724_230314__rp1p25__vinf25__inc60__toff56210__Om180__om180,1.074836377300498,0.0800379693594953,22.711355735629866,120.14672751664168,407.0158530523272,-9.143467835722966,264.006532164277,36.07819997184264,False,483.8203398990685,65,295.4669829024519,-8.53671162292337,-9.750224048522561,-12.97514519765345,-38.84301480420402,25.867869606550567,0.746690686748905,-44.69404997807919,45.4407406648281,-25.827440703793823,8.331278504754376,-24.46020085139588,-13.82938389777233,-18.07425933354834,2.232876782333056,0,1.25,60.0,180.0,180.0
20260724_230314__rp1p25__vinf25__inc60__toff56210__Om180__om270,1.0098265541376292,0.0629366800120909,22.461331951581847,185.14664128923096,370.6533846486202,13.055767148332496,286.2057671483325,67.25314872563517,False,471.2311263165454,23,334.32310718393126,12.85989262598,13.251641670684991,3.2336510026018224,-19.687995102182516,22.921646104784337,13.153920680115535,-26.866672963204383,40.02059364331992,-5.3775692506218755,8.698526614897073,-2.260965867340417,-1.4221539044057003,-1.865463133293066,1.059058953357777,0,1.25,60.0,180.0,270.0
20260724_230314__rp1p25__vinf25__inc60__toff56210__Om180__om90,1.0212679647229934,0.0045773361250728,23.045927020066458,234.85481856753023,376.97048993647127,9.882393373173546,283.03239337317353,61.37544904657465,False,462.9919932229361,31,326.22952620403015,9.69255982733464,10.07222691901245,-0.37638994821318406,-22.756483803241515,22.38009385502833,9.741413416542509,-29.832859297414835,39.57427271395734,-8.594503707608316,8.54269379533718,-5.434339642499367,-4.834661167978727,-5.475504084108072,1.4911540369937193,1,1.25,60.0,180.0,90.0
20260724_230314__rp1p25__vinf25__inc60__toff56210__Om270__om0,1.03030171337716,0.0628770803439574,25.005299967030265,356.13342017659664,381.9833414392031,7.592831363561204,280.7428313635612,58.82116446134409,False,492.9291811421073,30,321.1659453186506,7.42751364341581,7.758149083706599,-0.9899631744222743,-25.266905363992663,24.276942189570388,10.681477614212632,-32.65886848735891,43.34034610157154,-10.281149348532466,9.050895711086355,-7.723901652111709,-3.894596970308603,-6.089077310317163,2.304299577187531,0,1.25,60.0,270.0,0.0
20260724_230314__rp1p25__vinf25__inc60__toff56210__Om270__om180,1.9877412711579152,0.4667687337844575,25.735680124296668,80.5256341433014,1023.6171954431102,-79.56817158443081,193.58182841556916,,True,471.0113807942005,13,97.37327985295586,-79.56817474978598,-79.56816841907565,-66.32391597841087,-87.18404687919332,20.86013090078245,-54.8760933352034,-88.3257743825552,33.449681047351795,-75.72116080413555,10.730636778133729,-94.88490460010372,-69.45216791972463,-71.42303011430576,4.262339018774076,1,1.25,60.0,270.0,180.0
20260724_230314__rp1p25__vinf25__inc60__toff56210__Om270__om270,0.9342107874147264,0.0610362951145989,25.69229095971196,270.41843106844766,329.8109777933102,32.40279609395982,305.5527960939598,90.0,False,540.5679679975219,31,390.58796330543623,32.410118928692725,32.39547325922692,20.912422111386004,-3.734570887853642,24.646992999239647,30.128126513714555,-12.923663714230674,43.05179022794523,13.354190027119772,9.479147369185924,17.08606307828691,15.55205192919332,15.813307975491115,1.9119403774480277,0,1.25,60.0,270.0,270.0
20260724_230314__rp1p25__vinf25__inc60__toff56210__Om270__om90,1.055908222515762,0.0648516926269389,22.984548227774344,179.26605961244982,396.3118407265478,-0.015835769695779964,273.1341642303042,48.11140308495899,False,444.4671158625688,46,305.8165477560242,-0.003462745906222627,-0.028208793485337225,-8.883555969068386,-30.978238517157322,22.094682548088937,1.8728418594608314,-37.03514916724872,38.90799102670955,-18.882421751394055,7.349104802721687,-15.332568785368693,-12.703232725060404,-13.982670104963274,1.7372113352352487,0,1.25,60.0,270.0,90.0
20260724_230314__rp1p25__vinf25__inc60__toff56210__Om90__om0,2.800094320269848,0.7486733149294379,11.84974990575103,350.146929279466,1711.4207030617165,-85.3700208565646,187.77997914343538,,True,420.54848829581897,9,65.46047761465803,-85.37002111249885,-85.37002060063037,-69.70616080709786,-91.57601384244447,21.86985303534661,-55.499014378409804,-91.99994747997196,36.50093310156216,-81.66565709780426,9.68908283789392,-100.6867538722375,-70.07508896293103,-74.80527494299275,5.036511327935747,1,1.25,60.0,90.0,0.0
20260724_230314__rp1p25__vinf25__inc60__toff56210__Om90__om180,1.0252208626937196,0.074549376050432,21.329434416593315,354.5265397135755,379.1612472887227,9.20957088882654,282.3595708888265,61.37544904657465,False,442.7081205331164,30,324.6186362481186,9.11854069748387,9.300601080169217,-2.20182332412785,-23.541787438701924,21.339964114574073,7.998754015617328,-30.162172644891523,38.16092666050885,-10.207903613166811,7.9653064811617025,-6.107162126846372,-6.577320568903907,-7.300937460022738,2.37942785873112,0,1.25,60.0,90.0,180.0
20260724_230314__rp1p25__vinf25__inc60__toff56210__Om90__om270,1.0726044778309278,0.0366870580329051,22.743541922682702,107.21329467692875,405.74875779121743,-7.771918962696391,265.37808103730356,37.66988696432963,False,449.8848388966946,52,295.94525868193887,-7.1396831929624645,-8.40415473243032,-14.109794328056559,-37.498941134006635,23.389146805950077,-2.114125211176236,-43.23035012802972,41.11622491685348,-25.1548857562751,7.730377516083408,-23.088651978369306,-16.69019979569747,-19.208908463951445,1.7176106187280424,0,1.25,60.0,90.0,270.0
20260724_230314__rp1p25__vinf25__inc60__toff56210__Om90__om90,0.8925047398921524,0.1038967772351045,22.536004036402577,225.27510383051523,307.9736691712091,45.646022426790864,318.79602242679084,90.0,False,536.8138027079387,35,429.47097589295043,45.64606064292315,45.64598421065857,30.532987586573896,7.210840735214246,23.322146851359648,39.2235107393696,-1.575355714899194,40.7988664542688,22.59702396673292,8.179757960159181,30.32928941111795,24.647436154848364,25.43387345067901,2.9411409997729003,1,1.25,60.0,90.0,90.0
20260724_230314__rp1p25__vinf25__inc90__toff56210__Om0__om0,1.09867879659415,0.0858079973802433,24.279300017110007,120.46912260210702,420.6335458769395,-45.8317382668423,227.31826173315767,,True,492.8831104526897,36,282.91854809879214,-45.83175218084824,-45.83172435283638,-41.75294800110732,-59.284276010566515,17.531328009459195,-33.91540606370193,-63.758511118900394,29.843105055198464,-48.410190346683514,7.516084016887149,-61.14847128251522,-48.49148064822317,-46.85206213700221,2.3103119983616414,0,1.25,90.0,0.0,0.0
20260724_230314__rp1p25__vinf25__inc90__toff56210__Om0__om180,0.9118711433859068,0.1185073432477466,21.98958793499782,252.59514663463432,318.051903453196,39.911834228949765,313.06183422894975,90.0,False,460.17409956701886,33,412.09981515488283,39.914376314452504,39.90929214344703,21.97121436159162,3.6964194680212126,18.27479489357041,27.751286995163202,-3.9030418578172315,31.654328852980434,16.98055045183962,6.957114216610291,24.595101213276852,13.175212410641967,16.872100225696734,2.7977280089660272,0,1.25,90.0,0.0,180.0
20260724_230314__rp1p25__vinf25__inc90__toff56210__Om0__om270,1.0263457713260968,0.0258666456606861,23.920275366156527,351.6923387943637,379.78546215739664,8.508613351691686,281.65861335169166,61.37544904657465,False,473.11077244938735,33,323.11422453891703,8.368513370270009,8.648713333113363,-1.0697893248301433,-24.108322842875484,23.03853351804534,9.612890820824362,-31.38182988823658,40.99472070906094,-9.618910884590262,8.74864959450115,-6.808119663981227,-4.963183763696874,-6.168903460725032,2.063692865768984,1,1.25,90.0,0.0,270.0
20260724_230314__rp1p25__vinf25__inc90__toff56210__Om0__om90,1.041478728489976,0.0904580822448439,25.6568508550211,166.7700813806214,388.21596974215856,4.5744748800995065,277.7244748800995,54.2046324563124,False,525.762263998311,30,314.9789116824936,4.356478939471996,4.792470820727019,-0.9605559805806614,-27.518484732141395,26.557928751560734,12.16189844453959,-34.71361308202204,46.87551152656163,-12.915666923637712,9.051338185873089,-10.742258135573406,-2.4141761399816453,-6.05967011647555,1.507024699662149,0,1.25,90.0,0.0,90.0
20260724_230314__rp1p25__vinf25__inc90__toff56210__Om180__om0,0.9788070387921488,0.0715409593302242,23.267322995668888,247.0797988620758,353.70680557988044,20.94311212435085,294.09311212435085,90.0,False,452.11062932376495,30,356.05591372298863,20.94176042568044,20.94446382302126,8.467493857614144,-11.918892069256264,20.38638592687041,15.717298238272635,-19.460217475052943,35.177515713325576,2.389574543593607,8.132163142056744,5.626379108677938,1.1412236537513998,3.368379721719256,2.0717059921372707,0,1.25,90.0,180.0,0.0
20260724_230314__rp1p25__vinf25__inc90__toff56210__Om180__om180,1.0224015320418476,0.0710090883088055,24.266882458011604,127.26622794045616,377.5982977174378,9.744493520640042,282.89449352064,61.37544904657465,False,548.1130651914651,28,326.32687342324016,9.438624264553091,10.050362776726994,4.228953392867039,-23.879145892763333,28.108099285630374,18.038204892312695,-31.636093279721536,49.67429817203423,-7.640382949855979,10.133568026825834,-5.572239495032871,3.46213030779146,-0.8701607430278493,2.1831759462731304,0,1.25,90.0,180.0,180.0
20260724_230314__rp1p25__vinf25__inc90__toff56210__Om180__om270,0.9980425001855654,0.0340565807228973,23.30601169610711,217.28113277086277,364.1844041239227,15.815555078719735,288.9655550787197,70.81186354627908,False,474.5185351460076,25,341.7842670385204,15.697735636684314,15.933374520755155,5.555966619312603,-17.22712785071783,22.783094470030434,14.767633397108797,-24.820063447754485,39.58769684486328,-2.2189057614687684,8.910590928131356,0.49882206304682164,0.19155881258756224,0.45685248341771434,1.4185361512608288,0,1.25,90.0,180.0,270.0
20260724_230314__rp1p25__vinf25__inc90__toff56210__Om180__om90,1.0091850656783532,0.0633450096039718,22.86224221702312,194.71343180766596,370.3002565251756,13.205956941492726,286.3559569414927,67.25314872563517,False,468.0591655457608,25,334.7569324456022,13.030240330261265,13.381673552724184,3.2314092530132372,-19.38979220349874,22.621201456511976,12.805166122375084,-26.614473664623517,39.4196397869986,-5.070030735958329,8.649421571733207,-2.110776074180187,-1.770908462146151,-1.8677048828816512,1.8108881665066288,0,1.25,90.0,180.0,90.0
20260724_230314__rp1p25__vinf25__inc90__toff56210__Om270__om0,1.0222814442538617,0.0565676618296912,24.372366216572463,350.8125355035259,377.5317725636345,9.718343691843831,282.8683436918438,61.37544904657465,False,484.1835778592802,27,326.1017593011003,9.543271245131107,9.893416138556555,0.34057838069427504,-23.291931542824074,23.63250992351835,11.384665667928918,-30.665640413936682,42.0503060818656,-8.206609034923293,9.113137770944263,-5.598389323829082,-3.1914089165923176,-4.758535755200613,2.0182082972924182,0,1.25,90.0,270.0,0.0
20260724_230314__rp1p25__vinf25__inc90__toff56210__Om270__om180,1.2644657237540924,0.2235724490613928,21.717353260176797,107.87378085522428,519.3479028946989,-57.57473726526117,215.5752627347388,,True,477.46189211023386,24,218.33265589024276,-57.57474925850085,-57.574725272021524,-50.45429268899358,-69.06641681123625,18.61212412224267,-41.090084257560726,-72.3021072714477,31.21202301388697,-58.54657728503137,8.189422438824415,-72.89147028093409,-55.66615884208196,-55.55340682488847,3.3295343621419526,1,1.25,90.0,270.0,180.0
20260724_230314__rp1p25__vinf25__inc90__toff56210__Om270__om270,0.980115224157343,0.0190243141303081,25.444351697554985,353.5512074193533,354.4161414643102,20.13267759558894,293.2826775955889,90.0,False,546.7016393492833,27,354.260285832285,20.086928916303098,20.178426274874777,12.604636798045638,-14.297542060333699,26.902178858379337,23.868762965390815,-23.014918884119442,46.88368184951025,3.3242062105007046,10.404928212708688,4.815944579916028,9.29268838086958,7.505522662150749,1.0702701848753826,0,1.25,90.0,270.0,270.0
20260724_230314__rp1p25__vinf25__inc90__toff56210__Om270__om90,0.9891239541889636,0.0587822960846479,22.04144133724035,242.85285565471565,359.3137771771839,18.306603658664887,291.45660365866485,75.16488841802429,False,436.1930664259252,26,348.37606999721385,18.244427203082278,18.368780114247507,5.43903713565492,-14.314120103016519,19.753157238671438,12.759560429010326,-21.394062007510573,34.1536224365209,-0.6984825688679048,7.835493884346817,2.989870642991974,-1.8165141555109088,0.3399229997600317,1.7361861622414998,0,1.25,90.0,270.0,90.0
20260724_230314__rp1p25__vinf25__inc90__toff56210__Om90__om0,0.6995832539017209,0.4459891336273008,27.25808449930504,322.4977062884298,213.7257737524971,160.3344136118095,433.4844136118095,90.0,False,1528.1926562994386,54,776.7435711870312,160.33446089473935,160.3343663288797,170.4724676094064,92.38378714379388,78.08868046561253,222.75568349626386,78.21481823906481,144.54086525719904,119.89760656115797,14.138940558837419,145.0176805961366,208.17960891174263,165.37335347351151,4.837666103228624,1,1.25,90.0,90.0,0.0
20260724_230314__rp1p25__vinf25__inc90__toff56210__Om90__om180,1.0131849381249898,0.0669541343062658,21.864130628991777,352.724863674075,372.50394616806807,12.300513830375374,285.45051383037537,64.15806723683289,False,457.6550341335979,25,332.19746356129673,12.160258939044077,12.44076872170667,1.1695384705419656,-20.887158001095344,22.05669647163731,11.291068614065082,-27.972764533375784,39.26383314744086,-6.566337800701253,8.59323126349901,-3.0162191852975386,-3.2850059704561527,-3.929575665352923,2.2932477625034915,0,1.25,90.0,90.0,180.0
20260724_230314__rp1p25__vinf25__inc90__toff56210__Om90__om270,1.0299139630034797,0.0145259085033708,23.143614859815536,285.76057126019447,381.76772462760624,7.524146780336292,280.6741467803363,58.82116446134409,False,447.55288566311685,32,320.80569178163915,7.434699606638653,7.613593954033927,-3.1464937413055516,-24.588380614856995,21.441886873551443,6.640915515334196,-31.376848677910914,38.017764193245114,-11.203551113688619,7.982426774109186,-7.792586235336621,-7.935159069187039,-8.24560787720044,1.1904864321118425,0,1.25,90.0,90.0,270.0
20260724_230314__rp1p25__vinf25__inc90__toff56210__Om90__om90,0.9605395562739848,0.0670371175348912,23.189020875940937,171.72411035677396,343.8513010378075,25.5966885058526,298.7466885058526,90.0,False,550.5916822805194,29,369.61167314894885,25.590223941284542,25.60315307042065,17.580437876455413,-9.505832136361098,27.086270012816513,28.99134603381426,-18.11180163112325,47.10314766493751,7.409330295721939,9.923425674847971,10.279955490179688,14.415271449293025,12.481323740560525,2.321061668385706,0,1.25,90.0,90.0,90.0
20260724_230314__rp1p25__vinf25__incm30__toff56210__Om0__om0,1.1129925526364088,0.0926226698419522,22.538115224941865,124.91932795605943,428.8803788867919,-47.11563097539798,226.034369024602,,True,457.3110604515118,33,275.85734455127624,-47.11564572844344,-47.1156162223525,-43.92180948719117,-60.1751546643055,16.253345177114333,-36.70484744410586,-64.32065756254926,27.6158101184434,-50.05866390333494,7.02904562692536,-62.432363991070886,-51.280922028627096,-49.020923623086055,2.3994402576775102,0,1.25,-30.0,0.0,0.0
20260724_230314__rp1p25__vinf25__incm30__toff56210__Om0__om180,0.89698800847795,0.1259757708900018,24.844330710589748,252.77334238503207,310.29712096859004,44.35820687682532,317.5082068768253,90.0,False,515.5654402191292,34,426.283576567944,44.35858540019207,44.35782835345859,28.13644880425782,6.657218428780607,21.479230375477215,34.997982137202534,-2.3245908550744785,37.32257299227701,22.170138231579596,7.988342682741548,29.041473861152408,20.421907552681297,23.03733466836293,2.952984904450308,0,1.25,-30.0,0.0,180.0
20260724_230314__rp1p25__vinf25__incm30__toff56210__Om0__om270,1.0297931255585948,0.045364969085449,23.227832031803512,3.666096120719821,381.7005387001233,7.70370137401608,280.85370137401605,58.82116446134409,False,468.42774793287407,29,321.17778778118134,7.5681554617688676,7.8392472862632925,-2.0497062315140706,-25.032873779099305,22.983167547585232,8.897404443432233,-32.03242797233109,40.92983241576333,-10.889045020709128,8.49043279105848,-7.613031641656833,-5.678670141089002,-7.148820367408959,2.535016213774406,1,1.25,-30.0,0.0,270.0
20260724_230314__rp1p25__vinf25__incm30__toff56210__Om0__om90,1.1095676682457725,0.1260513471290239,19.4926063545096,158.5136452662008,426.9022859448388,-46.61817149657429,226.5318285034257,,True,409.49294743731554,34,278.59190392017825,-46.618184650883215,-46.61815834226535,-45.13340126954152,-59.218528142730705,14.085126873189182,-39.00359819669354,-62.92164591280822,23.918047716114685,-50.54899429156671,5.957088354614115,-61.9349045122472,-53.579672781214775,-50.23251540543641,2.056120026560219,0,1.25,-30.0,0.0,90.0
20260724_230314__rp1p25__vinf25__incm30__toff56210__Om180__om0,0.8629390698088006,0.1376652646845733,22.80567847933653,245.4374894368332,292.79792100834794,56.21349815911248,329.36349815911245,90.0,False,523.8810120696055,37,461.3097993440537,56.21352713494662,56.213469183278356,36.890966939903876,16.08490160281534,20.806065337088537,43.63720702047271,7.3613410774962444,36.275865942976466,30.712913847469412,7.262390268623484,40.896765143439566,29.06113243595147,31.79185280400899,3.387454558356076,1,1.25,-30.0,180.0,0.0
20260724_230314__rp1p25__vinf25__incm30__toff56210__Om180__om180,1.1342690679297591,0.1090245828007694,23.508372154175724,129.2823238579596,441.237000471042,-48.89889216484708,224.2511078351529,,True,466.1971017334436,30,266.0495379201495,-48.89890900078483,-48.89887532890934,-44.785440353813485,-61.60056528934783,16.815124935534342,-37.23900651491244,-65.6961267383822,28.457120223469765,-51.24662457364414,7.343196702975405,-64.21562518052,-51.81508109943368,-49.88455448970837,2.5106937842873505,0,1.25,-30.0,180.0,180.0
20260724_230314__rp1p25__vinf25__incm30__toff56210__Om180__om90,1.0350111877496022,0.0790299945578778,23.429425370204903,355.64085199980696,384.6053815097556,6.484774161938111,279.6347741619381,56.4426902380793,False,467.2138792424447,32,318.61670623956786,6.400403250429568,6.569145073446649,-3.1572253814180007,-26.171766268628577,23.014540887210575,8.091959781878668,-33.07623353731099,41.168193319189655,-12.212137643058528,8.364835313532653,-8.831958853734802,-6.4841148026425675,-8.256339517312888,3.915656930656839,1,1.25,-30.0,180.0,90.0
20260724_230314__rp1p25__vinf25__incm30__toff56210__Om270__om0,1.033474336483359,0.0759319391966541,21.97677433728807,359.3777081174182,383.749069324888,6.972028992606523,280.1220289926065,56.4426902380793,False,450.8281006920881,29,319.48786046036395,6.908567158575142,7.035490826637905,-3.5418309957007694,-25.66030204169526,22.11847104599449,7.235162590040635,-32.29571346539634,39.53087605543698,-12.23781178404268,8.017852179840869,-8.34470402306639,-7.3409119944806,-8.640945131595657,2.508517218487221,0,1.25,-30.0,270.0,0.0
20260724_230314__rp1p25__vinf25__incm30__toff56210__Om270__om270,0.865916182713057,0.1380571955134143,23.04340285055204,241.17322120117512,294.3144426766608,55.14387539566837,328.29387539566835,90.0,False,531.9975928676911,37,458.1684216615381,55.14390190608035,55.14384888525638,36.756308296275606,15.210245439901918,21.546062856373688,43.960105250685906,6.357013387698271,37.60309186298763,30.087361511072352,7.457648420797042,39.82714237999545,29.38403066616467,31.65719416038072,3.34211615778275,1,1.25,-30.0,270.0,270.0
20260724_230314__rp1p25__vinf25__incm30__toff56210__Om270__om90,1.1138937987947244,0.082715666335122,22.71445311352052,117.3675693131417,429.4014134120434,-47.24061495739632,225.90938504260367,,True,454.3491369727486,33,275.17017687305867,-47.240629031076786,-47.240600883715814,-44.176304975621804,-60.30542341050669,16.129118434884887,-37.05170259542538,-64.45584329162595,27.40414069620057,-50.16942910821122,7.02999932891462,-62.55734797306923,-51.62777717994662,-49.27541911151669,2.249119825259604,0,1.25,-30.0,270.0,90.0
20260724_230314__rp1p25__vinf25__incm30__toff56210__Om90__om180,1.0333854636029165,0.0682164480838615,24.565979914668432,0.1896402274780153,383.69957005228287,6.760019255701704,279.9100192557017,58.82116446134409,False,488.75187719680895,32,319.36424128478086,6.6666671085709295,6.85337140283248,-1.8032582992717456,-26.003007158674265,24.19974885940252,9.979558131653906,-33.18880309302973,43.168361224683636,-11.258750696819629,8.895326085369188,-8.55671375997121,-4.596516452867329,-6.902372435166634,2.481813773484346,0,1.25,-30.0,90.0,180.0
20260724_230314__rp1p25__vinf25__incm30__toff56210__Om90__om270,1.10963811296614,0.0948846397420029,23.11801332737889,146.79441681046248,426.9429416303847,-46.80114053617788,226.3488594638221,,True,451.8638967784106,33,277.58708387408177,-46.80115776651053,-46.80112330584523,-43.777034610647355,-59.686812413115035,15.90977780246768,-36.8904496402871,-63.872315545838994,26.981865905551892,-49.7042479598725,6.899120724394848,-62.11787355185079,-51.46652422480834,-48.87614874654224,2.343854963826142,0,1.25,-30.0,90.0,270.0
20260724_230314__rp1p25__vinf25__incm30__toff56210__Om90__om90,0.8969181950335438,0.1106525929191253,25.174604058978364,256.3083918362321,310.26089558583806,44.08620227305825,317.2362022730582,90.0,False,530.9907093387736,34,425.5666888502805,44.08655180045383,44.085852745662656,28.60879436939303,6.042160145782159,22.566634223610873,36.09378166971715,-3.2433341371773077,39.33711580689446,22.23992927058431,8.406679790459103,28.769469257385335,21.517707085195916,23.509680233498145,2.783527798239561,0,1.25,-30.0,90.0,90.0
20260724_230314__rp1p25__vinf25__incm60__toff56210__Om0__om0,1.0748363778934251,0.0800379698410865,22.711355739762546,120.14672759752528,407.0158533891191,-9.143467929277888,264.0065320707221,36.07819997184264,False,483.8203398543985,65,295.46698258792907,-8.536711716188133,-9.75022414236764,-12.975145257809825,-38.84301486962494,25.867869611815113,0.7466906320514123,-44.69405003837978,45.44074067043119,-25.827440769911295,8.33127850933587,-24.4602009449508,-13.829383952469822,-18.074259393704715,2.232876785047871,0,1.25,-60.0,0.0,0.0
20260724_230314__rp1p25__vinf25__incm60__toff56210__Om0__om180,0.9363813836900374,0.1049029471999296,24.46661599309663,255.2386744160011,330.9610964193246,32.39100775224119,305.54100775224117,90.0,False,481.2182433739141,31,390.20736529208875,32.40097068345473,32.381044821027636,17.99856224632962,-2.618274418461051,20.61683666479067,24.800986207001692,-10.89953488023472,35.70052108723641,12.286920487037541,8.06493591799229,17.074274736568274,10.224911622480457,12.899448110434731,2.5570014661054064,0,1.25,-60.0,0.0,180.0
20260724_230314__rp1p25__vinf25__incm60__toff56210__Om0__om270,1.0212679646489864,0.0045773361912788,23.04592702035196,234.85481940414448,376.970489895495,9.882393381767184,283.0323933817672,61.37544904657465,False,462.9919932100489,31,326.22952625141005,9.69255983615936,10.072226927375006,-0.3763899538270241,-22.75648379751523,22.380093843688208,9.741413421831165,-29.832859291424928,39.57427271325609,-8.594503714361137,8.542693784631401,-5.434339633905729,-4.83466116269007,-5.4755040897219125,1.491154036181539,1,1.25,-60.0,0.0,270.0
20260724_230314__rp1p25__vinf25__incm60__toff56210__Om0__om90,1.009826554105422,0.062936679984447,22.461331951578483,185.1466412677624,370.6533846308878,13.055767155334078,286.20576715533406,67.25314872563517,False,471.2311263635584,23,334.3231072046729,12.859892632975063,13.251641677693085,3.2336510097523785,-19.6879950976104,22.92164610736278,13.153920688758543,-26.86667295943623,40.020593648194776,-5.3775692445968994,8.698526615639128,-2.2609658603388354,-1.4221538957626922,-1.8654631261425099,1.0590589531990957,0,1.25,-60.0,0.0,90.0
20260724_230314__rp1p25__vinf25__incm60__toff56210__Om180__om0,0.8759707125117374,0.1325190450766983,22.03023953160521,248.51870673562223,299.4554141041985,51.652214971301206,324.80221497130117,90.0,False,494.39283939646174,36,447.36935381307654,51.65224237470902,51.652187567893414,32.00246714394606,12.748329058826418,19.254138085119646,38.10495478924299,4.629330383367196,33.47562440587579,26.508942618279097,6.918680573021927,36.335481955628296,23.52888020472175,26.903353008051177,3.146026147245901,1,1.25,-60.0,180.0,0.0
20260724_230314__rp1p25__vinf25__incm60__toff56210__Om180__om180,1.126132908410452,0.1003541103004359,24.058422084386013,124.30816518048572,436.49800699113626,-48.24240494286644,224.90759505713353,,True,477.14913902754074,31,269.66016700139085,-48.24241855887073,-48.24239132686216,-43.97333028360978,-61.14516807479489,17.171837791185105,-36.2666371995448,-65.36697514395955,29.100337944414747,-50.535201476813256,7.48548109302515,-63.55913795853935,-50.84271178406604,-49.07244441950467,2.488194399343471,0,1.25,-60.0,180.0,180.0
20260724_230314__rp1p25__vinf25__incm60__toff56210__Om180__om270,1.4031641081056083,0.2524034653683607,33.794837447363506,102.66632986249532,607.1003611318013,-64.80012545455574,208.34987454544424,,True,614.8211753800923,21,178.5975221778737,-64.80013233750194,-64.80011857160952,-51.33604666407845,-75.02571112883894,23.689664464760483,-39.342263315551165,-78.09093325859483,38.748669943043666,-61.58347562311158,11.274870779392486,-80.11685847022865,-53.9183379000724,-56.43516079997334,3.3753541399398577,1,1.25,-60.0,180.0,270.0
20260724_230314__rp1p25__vinf25__incm60__toff56210__Om180__om90,1.034164683065793,0.0632707225476806,23.6449097108988,355.3824597817164,384.1336421463086,6.562028839050885,279.71202883905084,56.4426902380793,False,467.4253284961644,34,318.77903677025273,6.480746600995125,6.643311077106648,-3.0559415717313536,-25.996413635195456,22.940472063464103,8.007869997537098,-32.975751673204115,40.983621670741215,-11.989007931253962,8.392044580147346,-8.754704176622027,-6.5682045869841374,-8.155055707626243,3.2034578853410896,1,1.25,-60.0,180.0,90.0
20260724_230314__rp1p25__vinf25__incm60__toff56210__Om270__om0,1.0252208625293684,0.074549375840538,21.329434417920293,354.52653959362584,379.16124719754873,9.209570921864886,282.3595709218649,61.37544904657465,False,442.70812051121817,30,324.61863634708874,9.118540730377616,9.300601113352162,-2.201823302979525,-23.54178741225093,21.339964109271406,7.998754030196219,-30.16217261978943,38.16092664998565,-10.207903586344464,7.965306479700512,-6.107162093808027,-6.577320554325016,-7.3009374388744135,2.379427857553279,0,1.25,-60.0,270.0,0.0
20260724_230314__rp1p25__vinf25__incm60__toff56210__Om270__om180,2.8000948538228903,0.7486763226422638,11.84987345695396,350.1481923698412,1711.4211922240415,-85.36996441039847,187.7800355896015,,True,420.5639784692651,9,65.46078806913711,-85.36996466633107,-85.36996415446586,-69.70552066691252,-91.57602049738344,21.87049983047092,-55.4979167547332,-91.99995655604063,36.50203980130743,-81.66551581665885,9.689230128039299,-100.68669742607138,-70.07399133925443,-74.80463480280741,5.036521938823638,1,1.25,-60.0,270.0,180.0
20260724_230314__rp1p25__vinf25__incm60__toff56210__Om270__om270,0.8925047402018904,0.1038967774041066,22.536004036621577,225.27510404986387,307.97366933152955,45.64602233010845,318.7960223301084,90.0,False,536.8138018908968,35,429.4709756024834,45.646060546242005,45.64598411397491,30.53298747549912,7.2108406718545535,23.322146803644564,39.223510598784564,-1.5753557654271293,40.79886636421169,22.597023882500892,8.179757949249938,30.329289314435538,24.647436014263327,25.433873339604233,2.9411409990490265,1,1.25,-60.0,270.0,270.0
20260724_230314__rp1p25__vinf25__incm60__toff56210__Om270__om90,1.0726044785153457,0.0366870573958,22.74354192540332,107.21329454480606,405.7487581795736,-7.771919079257863,265.3780809207421,37.66988696432963,False,449.8848378071296,52,295.94525829733305,-7.1396833114506615,-8.404154847065065,-14.109794465415938,-37.49894120968831,23.389146744272374,-2.1141253889215537,-43.23035019300981,41.11622480408826,-25.15488585226831,7.730377504900037,-23.088652094930776,-16.690199973442787,-19.208908601310824,1.7176106221852498,0,1.25,-60.0,270.0,90.0
20260724_230314__rp1p25__vinf25__incm60__toff56210__Om90__om0,1.9877414188592812,0.4667687395008996,25.735679900614677,80.52562568045703,1023.6173095346649,-79.5681741552223,193.58182584477768,,True,471.01131276296957,13,97.3732657142865,-79.5681773205724,-79.56817098987219,-66.32392021958793,-87.18404876220245,20.860128542614518,-54.87609915668061,-88.32577600177427,33.44967684509366,-75.7211633404781,10.730636315810202,-94.8849071708952,-69.45217374120185,-71.42303435548283,4.262339160010352,1,1.25,-60.0,90.0,0.0
20260724_230314__rp1p25__vinf25__incm60__toff56210__Om90__om180,1.0303017130440717,0.0628770806405783,25.00529996298221,356.1334204552204,381.98334125396485,7.592831431269208,280.74283143126917,58.82116446134409,False,492.9291817501706,30,321.165945532325,7.427513711362289,7.758149151176126,-0.9899631005024672,-25.266905324628905,24.276942224126437,10.68147771310408,-32.65886845114255,43.34034616424663,-10.28114929779136,9.050895715077706,-7.723901584403705,-3.8945968714171553,-6.0890772363973555,2.3042995789075382,0,1.25,-60.0,90.0,180.0
20260724_230314__rp1p25__vinf25__incm60__toff56210__Om90__om270,1.0559082225312757,0.0648516927290094,22.98454822798428,179.26605959365128,396.31184073528186,-0.015835771646802024,273.1341642283532,48.11140308495899,False,444.4671158979788,46,305.8165477490708,-0.0034627476593748776,-0.028208795634228897,-8.883555967040223,-30.978238518248432,22.09468255120821,1.872841863519567,-37.035149168377096,38.907991031896664,-18.882421751812206,7.349104803543032,-15.332568787319715,-12.703232721001669,-13.982670102935112,1.7372113352970793,0,1.25,-60.0,90.0,270.0
20260724_230314__rp1p25__vinf25__incm60__toff56210__Om90__om90,0.934210788403687,0.0610362950206036,25.69229095227977,270.4184300656747,329.8109783170197,32.40279582024191,305.5527958202419,90.0,False,540.5679668001584,31,390.58796247622996,32.41011865465648,32.39547298582735,20.912421872276486,-3.7345710781929937,24.64699295046948,30.128126252957767,-12.923663885587304,43.05179013854507,13.35418979966521,9.479147357967372,17.086062804569,15.552051668436532,15.813307736381597,1.9119403720739665,0,1.25,-60.0,90.0,90.0
20260724_230314__rp1p25__vinf25__incm90__toff56210__Om0__om0,1.0224015316943764,0.0710090882232284,24.266882457666316,127.26622821222897,377.5982975249432,9.744493590082214,282.8944935900822,61.37544904657465,False,548.1130652838116,28,326.32687364305656,9.43862433327906,10.05036284688537,4.228953439305949,-23.87914584309064,28.108099282396587,18.03820493591486,-31.636093231719123,49.67429816763398,-7.640382901809556,10.133568020163985,-5.572239425590698,3.4621303513936237,-0.8701606965889397,2.1831759457820934,0,1.25,-90.0,0.0,0.0
20260724_230314__rp1p25__vinf25__incm90__toff56210__Om0__om180,0.9788070387149064,0.0715409595893837,23.267322994635244,247.07979880415863,353.7068055380112,20.943112145530154,294.09311214553014,90.0,False,452.1106292253402,30,356.0559137858203,20.941760446788425,20.94446384427188,8.467493868286619,-11.918892048846157,20.386385917132777,15.717298241865912,-19.460217453684315,35.17751569555023,2.3895745589404456,8.132163137642749,5.626379129857241,1.1412236573446766,3.3683797323917304,2.0717059938883136,0,1.25,-90.0,0.0,180.0
20260724_230314__rp1p25__vinf25__incm90__toff56210__Om0__om270,1.0091850656160808,0.0633450096791938,22.86224221748051,194.71343177567303,370.3002564909012,13.205956955861241,286.35595695586125,67.25314872563517,False,468.05916564591865,25,334.75693248851655,13.03024034466424,13.381673567058238,3.23140926923162,-19.38979219299732,22.62120146222894,12.805166141198727,-26.614473655512523,39.41963979671125,-5.070030723046481,8.649421573104568,-2.1107760598116716,-1.770908443322508,-1.8677048666632685,1.810888166927934,0,1.25,-90.0,0.0,270.0
20260724_230314__rp1p25__vinf25__incm90__toff56210__Om0__om90,0.9980425011865705,0.0340565800806111,23.30601169348946,217.2811309760013,364.1844046718208,15.815554861051972,288.96555486105194,70.81186354627908,False,474.51853530891424,25,341.7842663454379,15.697735420045786,15.933374302058162,5.555966500548054,-17.227128011042034,22.783094511590086,14.7676333136867,-24.820063620281864,39.587696933968566,-2.2189059032661986,8.910590956895819,0.4988218453790587,0.19155872916546457,0.4568523646531659,1.418536141370099,0,1.25,-90.0,0.0,90.0
20260724_230314__rp1p25__vinf25__incm90__toff56210__Om180__om0,0.9118711438180288,0.1185073433563601,21.989587936925464,252.5951468420164,318.0519036792758,39.91183410050749,313.06183410050744,90.0,False,460.1740988887397,33,412.09981476968693,39.91437618604184,39.90929201497315,21.971214232466515,3.6964193746048837,18.274794857861632,27.751286846015386,-3.9030419409415726,31.65432878695696,16.980550344006996,6.957114210420604,24.595101084834578,13.175212261494151,16.87210009657163,2.7977280075517106,0,1.25,-90.0,180.0,0.0
20260724_230314__rp1p25__vinf25__incm90__toff56210__Om180__om180,1.0986787979135153,0.0858079970079632,24.279300032154005,120.46912178503926,420.6335466346259,-45.83173839204899,227.318261607951,,True,492.88310962538657,36,282.9185474101932,-45.83175230605438,-45.83172447804358,-41.752948122530086,-59.28427611330643,17.531327990776347,-33.91540619281768,-63.7585112113109,29.843105018493226,-48.410190454642425,7.516084019461715,-61.1484714077219,-48.491480777338914,-46.85206225842497,2.310312004267037,0,1.25,-90.0,180.0,180.0
20260724_230314__rp1p25__vinf25__incm90__toff56210__Om180__om270,1.041478728977254,0.0904580818332711,25.65685085232216,166.770081564708,388.2159700146112,4.574474778774506,277.7244747787745,54.2046324563124,False,525.7622629417572,30,314.978911375931,4.356478836939407,4.7924707206096056,-0.9605561098811428,-27.51848480110968,26.557928691228536,12.161898280170242,-34.713613140121424,46.875511420291666,-12.915667015124814,9.051338172518598,-10.742258236898408,-2.4141763043509936,-6.059670245776031,1.5070246974352828,0,1.25,-90.0,180.0,270.0
20260724_230314__rp1p25__vinf25__incm90__toff56210__Om180__om90,1.0263457711345387,0.0258666454413316,23.920275364327207,351.6923393679653,379.78546205107136,8.508613385717455,281.65861338571744,61.37544904657465,False,473.1107728486463,33,323.1142246576951,8.368513405111768,8.648713366323143,-1.0697892850627788,-24.10832282242844,23.038533537365662,9.612890875003194,-31.38182987031518,40.994720745318375,-9.618910863638906,8.74864959354126,-6.808119629955458,-4.9631837095180416,-6.168903420957667,2.063692864694315,1,1.25,-90.0,180.0,90.0
20260724_230314__rp1p25__vinf25__incm90__toff56210__Om270__om0,1.013184937976095,0.0669541342426035,21.86413062620061,352.7248638272809,372.5039460859551,12.300513861318269,285.45051386131826,64.15806723683289,False,457.6550343780972,25,332.1974636575119,12.160258970290396,12.440768752346136,1.1695385026011493,-20.887157982381197,22.056696484982346,11.29106865762121,-27.972764516446244,39.26383317406746,-6.566337776839962,8.593231265015216,-3.016219154354644,-3.285005926900025,-3.929575633293739,2.2932477621330496,0,1.25,-90.0,270.0,0.0
20260724_230314__rp1p25__vinf25__incm90__toff56210__Om270__om180,0.6995761001694076,0.4459859833443018,27.25851776418784,322.4976696764172,213.72249551565383,160.3391443318331,433.4891443318331,90.0,False,1528.2234377760801,54,776.7580946275016,160.3391916256346,160.33909703803158,170.4772817825106,92.38722921142684,78.09005257108376,222.76120498249566,78.21772304877358,144.5434819337221,119.90186491076963,14.139090938480194,145.02241131616017,208.18513039797443,165.3781676466157,4.837638442473049,1,1.25,-90.0,270.0,180.0
20260724_230314__rp1p25__vinf25__incm90__toff56210__Om270__om270,0.9605395565139674,0.0670371173919726,23.18902087753412,171.7241106055906,343.85130116666994,25.59668844273761,298.7466884427376,90.0,False,550.591681667333,29,369.61167296070306,25.59022387807472,25.603153007400483,17.580437799727584,-9.50583217694766,27.086269976675243,28.991345934224913,-18.111801665255662,47.10314759948058,7.409330240744634,9.92342566752041,10.279955427064696,14.415271349703678,12.481323663832695,2.3210616664429957,0,1.25,-90.0,270.0,270.0
20260724_230314__rp1p25__vinf25__incm90__toff56210__Om270__om90,1.0299139630015892,0.0145259085045067,23.143614859799623,285.76057127028685,381.7677246265552,7.524146780640298,280.6741467806403,58.82116446134409,False,447.5528856641267,32,320.8056917828222,7.434699606942125,7.613593954338469,-3.146493741122168,-24.58838061466078,21.441886873538614,6.640915515563864,-31.37684867774877,38.01776419331264,-11.20355111360659,7.982426774014868,-7.792586235032615,-7.935159068957371,-8.245607877017056,1.1904864320948672,0,1.25,-90.0,270.0,90.0
20260724_230314__rp1p25__vinf25__incm90__toff56210__Om90__om0,1.264465707950508,0.2235724462612859,21.71735312111373,107.87377820469146,519.347893158304,-57.574736299066295,215.57526370093368,,True,477.46190019062925,24,218.33266120391318,-57.57474829230903,-57.574724305823544,-50.454291736164826,-69.06641609974396,18.612124363579134,-41.09008313841069,-72.30210665129117,31.212023512880478,-58.54657648310673,8.18942244929903,-72.89146931473921,-55.66615772293193,-55.55340587205971,3.32953435458318,1,1.25,-90.0,90.0,0.0
20260724_230314__rp1p25__vinf25__incm90__toff56210__Om90__om180,1.0222814440933143,0.0565676616202766,24.37236621545417,350.8125353681636,377.5317724746986,9.71834372537241,282.86834372537237,61.37544904657465,False,484.1835778484006,27,326.1017593996522,9.543271278494357,9.893416172250461,0.340578405139925,-23.291931515876087,23.632509921016013,11.384665684731809,-30.66564038888838,42.05030607362019,-8.206609006954903,9.11313777021585,-5.598389290300503,-3.191408899789426,-4.758535730754963,2.0182082960734986,0,1.25,-90.0,90.0,180.0
20260724_230314__rp1p25__vinf25__incm90__toff56210__Om90__om270,0.9891239544298231,0.0587822963320555,22.041441340153064,242.85285552862524,359.3137773084276,18.306603604433942,291.4566036044339,75.16488841802429,False,436.1930661513723,26,348.3760698326333,18.244427148825796,18.36878006004208,5.439037086427685,-14.314120138586937,19.753157225014622,12.759560370461116,-21.394062038317056,34.153622408778176,-0.698482611257986,7.835493881531822,2.989870588761029,-1.8165142140601187,0.339922950532797,1.7361861623080546,0,1.25,-90.0,90.0,270.0
20260724_230314__rp1p25__vinf25__incm90__toff56210__Om90__om90,0.980115224167108,0.0190243141171677,25.44435169772675,353.55120741447035,354.4161414696068,20.132677593228163,293.28267759322813,90.0,False,546.7016393403592,27,354.2602858251373,20.086928913947954,20.178426272508375,12.604636796070722,-14.297542061928242,26.902178857998962,23.868762963146693,-23.0149188855828,46.883681848729495,3.32420620872781,10.404928212694507,4.81594457755525,9.292688378625458,7.505522660175833,1.0702701847372984,0,1.25,-90.0,90.0,90.0
20260724_230314__rp1p5__vinf25__inc0__toff56210__Om0__om0,1.0750200545392623,0.0814512870503396,23.202493263690112,141.16451785494752,407.1201890378752,-9.904936567728456,263.24506343227154,34.51810784106126,False,477.5305973737001,81,295.3999546172717,-9.248693130918193,-10.561180004538723,-13.760527629275806,-39.05379069413772,25.29326306486191,-0.42946842496389726,-44.81134572042836,44.38187729546446,-26.34017678451334,8.152736386175825,-25.22166958340137,-15.005543009485132,-18.859641765170693,2.185615693870533,0,1.5,0.0,0.0,0.0
20260724_230314__rp1p5__vinf25__inc0__toff56210__Om0__om180,0.9086086037726888,0.113692307311723,23.92686294093749,250.50911775146824,316.3465173768339,40.640918862918866,313.79091886291883,90.0,False,499.2389636865116,33,414.829444328797,40.642434699691876,40.639403026145864,24.703509076024222,3.7706256484294736,20.93288342759475,31.583179851917173,-4.777486608227584,36.360666460144756,18.737819716601397,7.86198261915526,25.324185847245953,17.007105267395936,19.604394940129332,2.8765330484361886,0,1.5,0.0,0.0,180.0
20260724_230314__rp1p5__vinf25__inc0__toff56210__Om0__om270,1.0212266638415275,0.0643257982348133,23.360947698113435,356.18714410666945,376.9476226920506,10.09786127143489,283.2478612714349,61.37544904657465,False,476.0254336754067,27,326.9295830015212,9.93607103189244,10.259651510977339,0.24561088434182743,-22.992969455962072,23.238580340303898,11.220861474343979,-30.28855693939205,41.50941841373603,-8.235483261314815,8.919853396483251,-5.218871744238022,-3.3552131101772567,-4.853503251553061,2.40316860253932,0,1.5,0.0,0.0,270.0
20260724_230314__rp1p5__vinf25__inc0__toff56210__Om180__om0,0.9086086037726888,0.113692307311723,23.92686294093749,250.50911775146824,316.3465173768339,40.640918862918866,313.79091886291883,90.0,False,499.2389636865116,33,414.829444328797,40.642434699691876,40.639403026145864,24.703509076024222,3.7706256484294736,20.93288342759475,31.583179851917173,-4.777486608227584,36.360666460144756,18.737819716601397,7.86198261915526,25.324185847245953,17.007105267395936,19.604394940129332,2.8765330484361886,0,1.5,0.0,180.0,0.0
20260724_230314__rp1p5__vinf25__inc0__toff56210__Om180__om180,1.0750200558716427,0.0814512880900699,23.20249327114133,141.16451758515004,407.1201897947525,-9.904936771765033,263.2450632282349,34.51810784106126,False,477.53059738480545,81,295.39995391021773,-9.248693332065432,-10.561180211464634,-13.760527749346162,-39.053790839716285,25.293263090370125,-0.42946852974896904,-44.81134585759759,44.38187732784862,-26.340176924172077,8.152736401791238,-25.221669787437946,-15.005543114270203,-18.85964188524105,2.1856156999701515,0,1.5,0.0,180.0,180.0
20260724_230314__rp1p5__vinf25__inc0__toff56210__Om180__om90,1.0212266638415275,0.0643257982348133,23.360947698113435,356.18714410666945,376.9476226920506,10.09786127143489,283.2478612714349,61.37544904657465,False,476.0254336754067,27,326.9295830015212,9.93607103189244,10.259651510977339,0.24561088434182743,-22.992969455962072,23.238580340303898,11.220861474343979,-30.28855693939205,41.50941841373603,-8.235483261314815,8.919853396483251,-5.218871744238022,-3.3552131101772567,-4.853503251553061,2.40316860253932,0,1.5,0.0,180.0,90.0
20260724_230314__rp1p5__vinf25__inc0__toff56210__Om270__om0,1.0212266638415275,0.0643257982348133,23.360947698113435,356.18714410666945,376.9476226920506,10.09786127143489,283.2478612714349,61.37544904657465,False,476.0254336754067,27,326.9295830015212,9.93607103189244,10.259651510977339,0.24561088434182743,-22.992969455962072,23.238580340303898,11.220861474343979,-30.28855693939205,41.50941841373603,-8.235483261314815,8.919853396483251,-5.218871744238022,-3.3552131101772567,-4.853503251553061,2.40316860253932,0,1.5,0.0,270.0,0.0
20260724_230314__rp1p5__vinf25__inc0__toff56210__Om270__om270,0.9086086040484996,0.113692307196398,23.92686294730985,250.5091179456564,316.3465175208757,40.64091877671025,313.7909187767102,90.0,False,499.2389633770905,33,414.82944407144134,40.64243461351146,40.63940293990905,24.703508995055827,3.7706255816146212,20.932883413441207,31.58317976299901,-4.777486673304331,36.36066643630334,18.737819647714087,7.861982619987462,25.324185761037338,17.007105178477772,19.60439485916094,2.8765330467988024,0,1.5,0.0,270.0,270.0
20260724_230314__rp1p5__vinf25__inc0__toff56210__Om270__om90,1.0750200558716427,0.0814512880900699,23.20249327114133,141.16451758515004,407.1201897947525,-9.904936771765033,263.2450632282349,34.51810784106126,False,477.53059738480545,81,295.39995391021773,-9.248693332065432,-10.561180211464634,-13.760527749346162,-39.053790839716285,25.293263090370125,-0.42946852974896904,-44.81134585759759,44.38187732784862,-26.340176924172077,8.152736401791238,-25.221669787437946,-15.005543114270203,-18.85964188524105,2.1856156999701515,0,1.5,0.0,270.0,90.0
20260724_230314__rp1p5__vinf25__inc0__toff56210__Om90__om180,1.0212266638415275,0.0643257982348133,23.360947698113435,356.18714410666945,376.9476226920506,10.09786127143489,283.2478612714349,61.37544904657465,False,476.0254336754067,27,326.9295830015212,9.93607103189244,10.259651510977339,0.24561088434182743,-22.992969455962072,23.238580340303898,11.220861474343979,-30.28855693939205,41.50941841373603,-8.235483261314815,8.919853396483251,-5.218871744238022,-3.3552131101772567,-4.853503251553061,2.40316860253932,0,1.5,0.0,90.0,180.0
20260724_230314__rp1p5__vinf25__inc0__toff56210__Om90__om270,1.0750200558716427,0.0814512880900699,23.20249327114133,141.16451758515004,407.1201897947525,-9.904936771765033,263.2450632282349,34.51810784106126,False,477.53059738480545,81,295.39995391021773,-9.248693332065432,-10.561180211464634,-13.760527749346162,-39.053790839716285,25.293263090370125,-0.42946852974896904,-44.81134585759759,44.38187732784862,-26.340176924172077,8.152736401791238,-25.221669787437946,-15.005543114270203,-18.85964188524105,2.1856156999701515,0,1.5,0.0,90.0,270.0
20260724_230314__rp1p5__vinf25__inc0__toff56210__Om90__om90,0.9086086037726888,0.113692307311723,23.92686294093749,250.50911775146824,316.3465173768339,40.640918862918866,313.79091886291883,90.0,False,499.2389636865116,33,414.829444328797,40.642434699691876,40.639403026145864,24.703509076024222,3.7706256484294736,20.93288342759475,31.583179851917173,-4.777486608227584,36.360666460144756,18.737819716601397,7.86198261915526,25.324185847245953,17.007105267395936,19.604394940129332,2.8765330484361886,0,1.5,0.0,90.0,90.0
20260724_230314__rp1p5__vinf25__inc30__toff56210__Om0__om0,1.0770062825618545,0.0855007096138735,23.43737636363521,140.82899639057436,408.2490148510946,-43.742044947634035,229.40795505236593,,True,483.03872735719926,69,294.41160050336185,-43.74206163235868,-43.74202826290941,-40.52765413086538,-57.41380960375342,16.886155472888042,-33.13175352492433,-61.94246662281815,28.810713097893824,-46.90556181851252,7.113660953936886,-59.05877796330695,-47.707828109445565,-45.626768266760266,2.133273951425599,0,1.5,30.0,0.0,0.0
20260724_230314__rp1p5__vinf25__inc30__toff56210__Om0__om180,0.9040500890084144,0.1167226733894383,23.18563911800247,246.712632370088,313.9688268803921,42.15650107763374,315.3065010776337,90.0,False,494.46236961646315,34,419.1716856941495,42.15739135621391,42.1556107990536,25.558602473302436,5.078613326993127,20.479989146309308,32.32448526733302,-3.263374191666665,35.58785945899968,19.595986136173153,7.596424503507777,26.83976806196083,17.74841068281178,20.45948833740755,3.0016545545326814,1,1.5,30.0,0.0,180.0
20260724_230314__rp1p5__vinf25__inc30__toff56210__Om0__om270,0.9928237883050516,0.1251273334971578,23.23631348680715,287.4954560973929,361.331689725112,18.077926090999725,291.2279260909997,75.16488841802429,False,400.2136401576812,26,347.92090412980855,18.098390790414257,18.057461391585186,2.8874774374547068,-13.652950670141061,16.54042810759577,8.492301495855619,-20.326851639834633,28.81915313569025,-0.9892864977217405,7.0827644904050535,2.761193075326812,-6.083773088665616,-2.2116366984401816,3.497305727979784,0,1.5,30.0,0.0,270.0
20260724_230314__rp1p5__vinf25__inc30__toff56210__Om180__om0,0.9270055377622884,0.1015084240635654,24.329206528642725,254.5936779408907,326.00276471540207,35.000716896455835,308.15071689645583,90.0,False,491.99616855850905,32,397.99953121077175,35.007285269778166,34.99414852313352,20.349475456681517,-0.7310806190966996,21.08055607577822,27.407188681225392,-9.186581135545227,36.59376981677062,14.396992873668003,8.134844409616893,19.68398388078292,12.831114096704157,15.250361320786629,2.565390124574687,0,1.5,30.0,180.0,0.0
20260724_230314__rp1p5__vinf25__inc30__toff56210__Om180__om180,1.0609028603812232,0.0679252508904427,23.044777209836248,136.91558235591006,399.1271039464125,-1.8364853881981926,271.3135146118018,46.23825730732021,False,480.07881682621354,41,303.005906392899,-1.714049589647321,-1.958921186749064,-8.254788670848889,-33.14368272262084,24.88889405177195,4.41286274806557,-39.43140661854096,43.84426936660653,-20.025166343831227,8.111589467342188,-17.153218403871104,-10.163211836455666,-13.353902806743777,2.0365700723017897,0,1.5,30.0,180.0,180.0
20260724_230314__rp1p5__vinf25__inc30__toff56210__Om180__om270,1.098892022402589,0.0853558457740039,21.69160003837096,120.77943712991576,420.75600334082833,-45.85346873097105,227.29653126902892,,True,452.16724015677505,36,282.7977412685358,-45.853483841926824,-45.8534536200153,-43.26410990269231,-59.17209872440621,15.9079888217139,-36.21562065141743,-63.3283946164755,27.112773965058068,-49.23893980292076,6.810064075286995,-61.17020174664397,-50.79169523593867,-48.3632240385872,1.914523103861192,0,1.5,30.0,180.0,270.0
20260724_230314__rp1p5__vinf25__inc30__toff56210__Om180__om90,1.0175893542939871,0.041585369431535,23.286500551743977,357.1852177077208,374.9355518150238,10.893352422104657,284.04335242210465,64.15806723683289,False,475.2791608093224,27,328.87349317472615,10.738562303175158,11.048142541034156,0.9766966728355975,-22.178751931272505,23.155448604108102,11.608772027074547,-29.47292501857568,41.08169704565023,-7.351612375630563,8.946815385502717,-4.423380593568256,-2.967302557446688,-4.122417463059291,2.185495890077436,1,1.5,30.0,180.0,90.0
20260724_230314__rp1p5__vinf25__inc30__toff56210__Om270__om0,1.0187112410058103,0.0601744325785075,24.34282204095638,357.2700586297773,375.55576928385096,10.648432230825906,283.7984322308259,64.15806723683289,False,494.08095286610006,34,328.4608753947083,10.496982548095875,10.799881913555932,1.7144033092700823,-22.541221010023687,24.25562431929377,13.051580406754997,-30.137555370018156,43.189135776773156,-7.057626324695178,9.406705451055004,-4.668300784847007,-1.524494177766238,-3.384710826624806,2.289736260879748,0,1.5,30.0,270.0,0.0
20260724_230314__rp1p5__vinf25__inc30__toff56210__Om270__om180,2.311459246265036,0.5512824242902861,32.952435177983766,70.04527331166464,1283.5924426124411,-83.39444776992752,189.75555223007245,,True,603.9088363607481,11,76.3297211990938,-83.39444896467087,-83.39444657518415,-65.0989783119226,-90.59223672657131,25.49325841464872,-50.44018061557,-91.36550384201104,40.92532322644104,-77.15097909732698,12.976845460735063,-98.71118078560043,-65.01625520009124,-70.19809244781749,4.20605435749709,1,1.5,30.0,270.0,180.0
20260724_230314__rp1p5__vinf25__inc30__toff56210__Om270__om270,0.9274970598502246,0.0935349502241204,24.684980054111097,257.53075946641127,326.2620816100092,34.72293758552411,307.8729375855241,90.0,False,502.2639945361806,32,397.265805378801,34.72959460038419,34.71628057066405,20.63862934181173,-1.1662183082525246,21.804847650064254,28.09760841990334,-9.822196423025353,37.9198048429287,14.41597074692889,8.419687333660264,19.406204569851194,13.521533835382106,15.53951520591684,2.441661274515735,0,1.5,30.0,270.0,270.0
20260724_230314__rp1p5__vinf25__inc30__toff56210__Om270__om90,1.0633265343125884,0.0791873491730988,23.448582024108333,157.2177918418539,400.4956169449426,-2.676264688871571,270.4737353111284,44.4270040008057,False,474.3375531996118,43,301.87751724897504,-2.5992542445032814,-2.7532751332398613,-9.162479949348404,-33.589598184412026,24.427118235063624,3.2194189447809096,-39.738155054362885,42.9575739991438,-20.809283464488654,7.939613067058758,-17.992997704544486,-11.356655639740325,-14.261594085243292,1.973278007251636,0,1.5,30.0,270.0,90.0
20260724_230314__rp1p5__vinf25__inc30__toff56210__Om90__om180,1.0209249749544975,0.0660902176094068,22.313811684289448,353.8995097937569,376.7805992776128,10.26449527386066,283.41449527386067,61.37544904657465,False,458.43977335739163,31,327.1606303040215,10.125474412557955,10.403516135163366,-0.5080553691008509,-22.708388322987393,22.20033295388654,9.914769636785579,-29.68448160215937,39.599251238944944,-8.530169424344091,8.519844738469398,-5.052237741812252,-4.6613049477356565,-5.607169504995739,2.237994708269172,0,1.5,30.0,90.0,180.0
20260724_230314__rp1p5__vinf25__inc30__toff56210__Om90__om270,1.0661377400240546,0.0634160314235695,22.882302737324647,128.819099637807,402.0849020960378,-4.227860292444597,268.9221397075554,42.670233871257594,False,474.1541145610077,54,299.94839205511346,-3.8864553139027986,-4.569265270986396,-10.254834150268014,-35.00045574351966,24.745621593251645,2.4507766086766423,-41.09314865219047,43.54392526086711,-22.065058788079373,8.058779963811752,-19.54459330811751,-12.125297975844592,-15.353948286162902,1.9399896704272903,0,1.5,30.0,90.0,270.0
20260724_230314__rp1p5__vinf25__inc30__toff56210__Om90__om90,0.9048641388799288,0.11162403667002,23.102679626607404,241.4584668187088,314.3929911161711,41.831532181618954,314.98153218161895,90.0,False,502.4069907694939,34,418.17110081521037,41.83240334261823,41.83066102061967,25.85494958321153,4.705272698515943,21.149676884695587,33.08279139258457,-3.7206803586108967,36.80347175119547,19.424252195532716,7.768079444205407,26.51479916594604,18.50671680806333,20.75583544731664,2.934294696137278,1,1.5,30.0,90.0,90.0
20260724_230314__rp1p5__vinf25__inc60__toff56210__Om0__om0,1.0706488794110347,0.0761578026439939,23.692963565885087,136.58259763004438,404.6396073136154,-6.588336494171667,266.56166350582834,39.2964802391875,False,488.5875375943686,56,297.69197221165183,-6.140210298883004,-7.036462689460333,-11.067885863593864,-36.8050939596498,25.737208096055937,2.3149286518125067,-42.86781786358302,45.18274651539553,-23.627754379824946,8.344288555070612,-21.90506950984458,-12.261145932708729,-16.166999999488752,2.138665804934337,0,1.5,60.0,0.0,0.0
20260724_230314__rp1p5__vinf25__inc60__toff56210__Om0__om180,0.914373360380201,0.1105435793640417,22.60381442423305,247.56731326411688,319.3619250273802,38.97996062438907,312.12996062438907,90.0,False,477.5328065918456,33,409.4688459204432,38.98283514817592,38.977086100602236,22.401137921131497,2.6919925018554993,19.709145419276,28.92288532760796,-5.283673134322952,34.20655846193091,16.71280880731268,7.425049412268548,23.66322760871616,14.346810743086726,17.302023785236607,2.7687055234155658,0,1.5,60.0,0.0,180.0
20260724_230314__rp1p5__vinf25__inc60__toff56210__Om0__om270,1.0201501785013458,0.0567193617802323,23.547602413105963,352.3095041967002,376.3517633423298,10.321227605995643,283.47122760599564,61.37544904657465,False,474.7921088669658,27,327.46856866869746,10.16878380135752,10.47367141063377,0.4104142853915338,-22.686204761837608,23.09661904722914,11.148320296144039,-29.924066343449287,41.072386639593326,-7.917721305969283,8.914664075831709,-4.9955054096772695,-3.427754288377196,-4.688699850503355,2.733402455326336,1,1.5,60.0,0.0,270.0
20260724_230314__rp1p5__vinf25__inc60__toff56210__Om0__om90,1.4378879101100908,0.2886066544243749,29.127300787224254,76.40448276717358,629.7748868812992,-66.02077841077762,207.12922158922237,,True,564.879224523778,20,171.88302389191156,-66.02078629874178,-66.02077052281346,-54.15258871733808,-76.41484734215699,22.262258624818912,-42.34677281441489,-79.15246263585196,36.80568982143707,-63.890023620584174,10.555608485745068,-81.33751142645053,-56.92284739893613,-59.25170285323296,3.2492791030634525,1,1.5,60.0,0.0,90.0
20260724_230314__rp1p5__vinf25__inc60__toff56210__Om180__om0,0.9608202436664308,0.0811552634604784,23.988732810865777,254.4375076942956,344.0020315958825,25.5947976810528,298.7447976810528,90.0,False,468.78831869081944,30,369.78453563606666,25.619057683813516,25.57053767829208,12.665680309712798,-8.118441030457936,20.784121340170735,19.87347761971957,-16.06968781833597,35.943165438055544,6.693016203660582,8.287800802727617,10.278064665379887,5.297403035198334,7.566566173817909,2.194611630446276,0,1.5,60.0,180.0,0.0
20260724_230314__rp1p5__vinf25__inc60__toff56210__Om180__om180,1.0334875168568076,0.0517174764304936,23.331497523445226,135.79606750819397,383.7564105408122,6.627606928758302,279.7776069287583,56.4426902380793,False,497.6112697237775,31,318.98425327919716,6.444845876667557,6.8103679808490485,-0.9930236324893924,-26.105050408236455,25.11202677574706,11.268862425712449,-33.23895112301472,44.50781354872717,-11.686013727556988,8.800867306299361,-8.68912608691461,-3.3072121588087864,-6.092137768384281,1.8896942953481708,0,1.5,60.0,180.0,180.0
20260724_230314__rp1p5__vinf25__inc60__toff56210__Om180__om270,1.0125058881252114,0.0312066660031809,22.967830513698825,183.68248938104296,372.1295232844972,12.191157567745451,285.3411575677454,64.15806723683289,False,473.5284242733022,24,332.05849260990107,11.995058021386548,12.387257114104361,2.420073162675787,-20.667546388269493,23.08761955094528,12.460232783426045,-27.965077114603933,40.42530989802998,-6.0395635282652,8.856258564967973,-3.125575447927462,-2.11584180109519,-2.6790409732191014,0.6392625528957024,0,1.5,60.0,180.0,270.0
20260724_230314__rp1p5__vinf25__inc60__toff56210__Om180__om90,1.0131995381553751,0.006693437887249,23.14349243484623,294.3075147104892,372.5119978894082,11.96012942121689,285.11012942121687,64.15806723683289,False,469.69367969412434,26,331.44990313912524,11.78180721246406,12.13845162996972,1.7931300698577486,-20.952145337076963,22.745275406934713,11.742538042345819,-28.255079351268062,39.99761739361388,-6.275303683175162,8.847624290068339,-3.3566035944560237,-2.833536542175416,-3.30598406603714,1.4676731046471096,1,1.5,60.0,180.0,90.0
20260724_230314__rp1p5__vinf25__inc60__toff56210__Om270__om0,1.018395051905461,0.0545987019174289,24.607296413248807,353.007225304494,375.3809345200211,10.675385796010305,283.82538579601027,64.15806723683289,False,493.54070498559844,31,328.55937177478523,10.523122652003991,10.82764894001662,1.706749487541905,-22.437116769207314,24.14386625674922,12.878590325678461,-30.07008557149626,42.948675897174724,-6.930267446256337,9.41154964759129,-4.641347219662608,-1.697484258842774,-3.3923646483529835,1.877557992438923,0,1.5,60.0,270.0,0.0
20260724_230314__rp1p5__vinf25__inc60__toff56210__Om270__om180,1.4119759904589813,0.2573047502156421,24.324195356061068,77.40892353123054,612.8282234606945,-65.1608627026504,207.98913729734957,,True,458.2720505967167,21,176.61106470725701,-65.16086881910519,-65.16085658619566,-56.87667159678676,-75.39221765525303,18.515546058466278,-47.40514128140286,-78.03026317361109,30.625121892208227,-64.56484148372826,8.94902776531832,-80.47759571832331,-61.9812158659241,-61.97578573268164,3.411907097624047,1,1.5,60.0,270.0,180.0
20260724_230314__rp1p5__vinf25__inc60__toff56210__Om270__om270,0.9545289365692792,0.0551404056677649,25.01616268235385,269.98888066673913,340.6288577735137,26.9226825874065,300.07268258740646,90.0,False,511.74811173093775,30,374.0082403388794,26.93791631865533,26.907448856157654,15.694800085763248,-7.8727801364982515,23.567580222261498,24.493096328920554,-16.51580625306473,41.00890258198528,8.522738603542637,9.247344317185426,11.605949571733586,9.91702174439932,10.59568594986836,1.7135371519064644,0,1.5,60.0,270.0,270.0
20260724_230314__rp1p5__vinf25__inc60__toff56210__Om270__om90,1.0345885351492123,0.0558805337385765,23.259796678018244,185.7882763584703,384.3698219277811,6.4346604722234995,279.5846604722235,56.4426902380793,False,458.95713414048754,30,318.37718847573586,6.292907462580178,6.576413481866819,-3.0781917021129024,-25.458186889244246,22.379995187131343,7.321743737403473,-32.18966429077446,39.51140802817793,-12.249379638484863,7.95463193124886,-8.882072543449414,-7.254330847117762,-8.17730583800779,1.431145445237927,0,1.5,60.0,270.0,90.0
20260724_230314__rp1p5__vinf25__inc60__toff56210__Om90__om0,1.021313184129059,0.3251657078987346,17.86700848485674,12.2330787285168,376.995527298271,16.86716131449491,290.0171613144949,70.81186354627908,False,669.1510677226585,27,344.94240835439257,16.707623815649416,17.02669881334041,17.965892992280118,-20.216422070448385,38.182315062728506,41.26381565565476,-28.074760438513316,69.33857609416808,-2.2695683089951695,11.677712707219104,1.5504282988219984,26.687741071133523,12.86677885638523,3.6015224336951888,1,1.5,60.0,90.0,0.0
20260724_230314__rp1p5__vinf25__inc60__toff56210__Om90__om180,1.016372128982896,0.0636144714720576,21.890775777424484,349.2424078511881,374.2630145059072,11.426942727122183,284.5769427271222,64.15806723683289,False,451.14640342915817,27,330.04501217531424,11.295099792877176,11.558785661367187,0.0687697298665082,-21.558709914650642,21.62747964451715,10.011451569743445,-28.487129098433513,38.498580668176956,-7.574709731711582,8.376477254828247,-3.8897902885507296,-4.564623014777791,-5.03034440602838,1.7925554013365197,0,1.5,60.0,90.0,180.0
20260724_230314__rp1p5__vinf25__inc60__toff56210__Om90__om270,1.0457419397359071,0.027483907259949,22.864714193585023,120.1579394631686,390.6021047488388,3.057948847706481,276.20794884770646,52.08179734355447,False,464.40971301784344,36,311.25273020547576,2.9807514304147635,3.1351462649982,-5.705040764026164,-28.983840617031028,23.278799853004863,5.674080885430613,-35.53068040647959,41.2047612919102,-15.80577104748052,7.95500069801154,-12.258784167966432,-8.901993699090621,-10.804154899921052,1.492885959426041,0,1.5,60.0,90.0,270.0
20260724_230314__rp1p5__vinf25__inc60__toff56210__Om90__om90,0.9233971969096548,0.0852183841459302,22.7583848462594,224.7798952957432,324.10118441823374,35.97933217655613,309.1293321765561,90.0,False,512.9862325126086,32,400.5011292349409,35.982527677197055,35.9761366759152,22.515505068249944,-0.311699542669988,22.82720461091993,31.057034962783614,-8.72767792206331,39.784712884846925,14.909760250859135,8.379966399854133,20.662599160883214,16.48096037826238,17.416390932355057,2.573336899390136,0,1.5,60.0,90.0,90.0
20260724_230314__rp1p5__vinf25__inc90__toff56210__Om0__om0,1.0508950051828994,0.0609434262107687,23.70916321681011,133.9218186339796,393.4927927362197,1.565651148038076,274.71565114803803,50.05549481018513,False,496.03127749955803,35,308.66507067453676,1.4761002328717692,1.6552020632043825,-5.026238678704536,-30.510350319145154,25.484111640440616,7.777956531077235,-37.23516881581637,45.01312534689361,-16.725557870430553,8.436104806540452,-13.751081867634838,-6.798118053444,-10.125352814599424,1.985499677961449,0,1.5,90.0,0.0,0.0
20260724_230314__rp1p5__vinf25__inc90__toff56210__Om0__om180,0.9411664772356484,0.0933608058885213,22.54145926272763,252.10621281196435,333.5012494110833,31.08866924703162,304.2386692470316,90.0,False,457.9545250239311,31,385.8035667455713,31.102600820602902,31.07473767346034,15.826629880442564,-3.533670605659878,19.360300486102442,22.34406726333634,-11.181864494170012,33.52593175750635,10.333794985089845,7.569721600231433,15.771936231358708,7.767992678815103,10.727515744547675,2.407808789644094,0,1.5,90.0,0.0,180.0
20260724_230314__rp1p5__vinf25__inc90__toff56210__Om0__om270,1.0176863657769295,0.0268940619892991,23.721659655710177,345.8140758832982,374.9891695940789,10.783867388040651,283.93386738804065,64.15806723683289,False,475.4344758797198,28,328.64523424624025,10.625119654079965,10.942615122001335,0.9450280575368675,-22.130779191737943,23.07580724927481,11.36585994546638,-29.47114724979916,40.83700719526554,-7.279669120150683,8.95989879965569,-4.532865627632262,-3.210214639054856,-4.154086078358021,2.1149993626569774,1,1.5,90.0,0.0,270.0
20260724_230314__rp1p5__vinf25__inc90__toff56210__Om0__om90,1.0383783600544902,0.043538913416739,24.462548245024543,144.73318338737718,386.4837456863845,5.122419041499641,278.27241904149963,54.2046324563124,False,499.9494383184343,35,315.8631042804313,4.979574805949456,5.265263277049827,-2.1261917397016736,-27.255074998929558,25.128883259227884,10.09322828378948,-34.397003662934246,44.490231946723725,-12.885286514182537,8.751899827420305,-10.194313974173273,-4.4828463007317545,-7.225305875596562,1.170454157599983,0,1.5,90.0,0.0,90.0
20260724_230314__rp1p5__vinf25__inc90__toff56210__Om180__om0,0.9914725430845952,0.0514260207616315,23.102248878213462,249.0164331193934,360.59427555501486,17.597372641596277,290.74737264159626,75.16488841802429,False,452.21757000970297,26,346.58661494093707,17.520749722171292,17.67399556102126,5.721152802893237,-15.183204959834118,20.904357762727354,13.607326842947291,-22.589801178967278,36.197128021914565,-0.8172851503615252,8.316356363980661,2.2806396259233637,-0.968747741573944,0.6220386669983489,1.757313773351913,0,1.5,90.0,180.0,0.0
20260724_230314__rp1p5__vinf25__inc90__toff56210__Om180__om180,0.996594287891777,0.0403365076647411,24.589986445848645,153.4963290377674,363.3920155869055,16.092890548158767,289.24289054815875,75.16488841802429,False,537.263393959131,23,342.85851538508393,15.941213004138264,16.244568092179268,9.230592864092053,-17.724145510850654,26.954738374942707,20.934118662548922,-25.952582700065076,46.886701362614,-0.8725080745611417,10.253897043043386,0.7761575324858541,6.358044078027687,4.131478728197164,1.8793280038178464,0,1.5,90.0,180.0,180.0
20260724_230314__rp1p5__vinf25__inc90__toff56210__Om180__om270,1.0013601975932618,0.0215367756822432,23.33900905738251,229.18176707535972,366.0018475968288,14.940103823080076,288.09010382308,70.81186354627908,False,474.71270932552557,23,339.4049933443962,14.7971963494645,15.083011296695656,4.710807138962565,-18.116970577735522,22.827777716698087,14.136336640012779,-25.641364100926,39.77770074093878,-3.130149712796887,8.982273864510358,-0.3766291925928371,-0.4397379445084564,-0.3883069969323234,1.168608450052088,0,1.5,90.0,180.0,270.0
20260724_230314__rp1p5__vinf25__inc90__toff56210__Om180__om90,1.0052969128711902,0.0452024804357673,23.033467304036467,197.99152373171623,368.1622993480382,14.059404862720683,287.20940486272065,67.25314872563517,False,472.07505883898955,21,337.01837418290785,13.902076771325236,14.216732954116138,4.056078237569768,-18.779561913527203,22.83564015109697,13.576830665755843,-26.188590270007108,39.76542093576295,-4.087183282310489,8.834446823726742,-1.2573281529522298,-0.9992439187653925,-1.0430358983251207,1.97762907385895,1,1.5,90.0,180.0,90.0
20260724_230314__rp1p5__vinf25__inc90__toff56210__Om270__om0,1.0140635381625986,0.0468635756008049,24.02439427019865,346.289826040609,372.98858561127753,11.798319792870148,284.9483197928701,64.15806723683289,False,482.3148515753332,26,331.24186491289635,11.631192375458587,11.965447210281708,2.0970257789645688,-21.33270511184302,23.429730890807587,12.636150453158782,-28.892448507529227,41.52859896068801,-6.097463115638661,9.202813353475973,-3.5184132228027654,-1.939924131362453,-3.0020883569303196,1.900048913898988,0,1.5,90.0,270.0,0.0
20260724_230314__rp1p5__vinf25__inc90__toff56210__Om270__om180,1.1691694632645298,0.1376113851682779,22.06236312373045,95.15133048388792,461.7575297110199,-51.58036190346287,221.56963809653712,,True,463.01079660978803,28,251.3012994004208,-51.58037408406804,-51.58034972285771,-46.98575684934569,-64.13557407629852,17.149817226952834,-38.86415867750263,-67.91744191772864,29.05328324022601,-53.790069806191816,7.536493917000335,-66.89709491913578,-53.44023326202387,-52.08487098524058,2.852045417007277,1,1.5,90.0,270.0,180.0
20260724_230314__rp1p5__vinf25__inc90__toff56210__Om270__om270,0.9864108798721064,0.0164593750226594,24.748275082127364,324.5483591991284,357.8364453522756,18.585085421119434,291.73508542111944,81.4509211694784,False,519.2275161436743,26,349.73674349487766,18.52247959000613,18.64769125223273,9.97125384457923,-15.35382114637695,25.325074990956182,20.440654973821044,-23.67440939620607,44.11506437002711,1.376323341884349,9.871215232027621,3.268352405446521,5.8645803892998085,4.872139708684342,0.92331559317382,0,1.5,90.0,270.0,270.0
20260724_230314__rp1p5__vinf25__inc90__toff56210__Om270__om90,0.9963157330443012,0.0450362094815923,22.388359350956392,236.9612485526635,363.2396704423437,16.369229035324963,289.51922903532494,70.81186354627908,False,446.76123813313075,25,343.1192116567329,16.276938797879023,16.46151927277091,4.4553928572385875,-16.354818562506896,20.810211419745485,12.525434326610611,-23.576116109122992,36.1015504357336,-2.3050518299770473,8.232336139543932,1.0524960196520503,-2.050640257910624,-0.6437212786563009,1.4964360981285028,0,1.5,90.0,270.0,90.0
20260724_230314__rp1p5__vinf25__inc90__toff56210__Om90__om0,0.8602410439714817,0.217353722528989,23.66985561957632,325.83729352553604,291.4258220059688,59.36192392378253,332.5119239237825,90.0,False,642.1669137508544,38,471.04962041224,59.36194798399152,59.36189986357351,45.087351911223244,15.890613420911134,29.19673849031211,59.62920576616115,6.4253651031864365,53.20384066297471,33.751493388046505,9.465928117084683,44.04519090810962,45.05313118163991,39.98823777532836,3.656514405769189,1,1.5,90.0,90.0,0.0
20260724_230314__rp1p5__vinf25__inc90__toff56210__Om90__om180,1.0090446209652568,0.0561608632393513,22.41766739227649,347.4757863420504,370.2229591508639,13.208955680267021,286.358955680267,67.25314872563517,False,463.3802330671732,23,334.70589750863576,13.07147285323744,13.346438507296606,2.2736458555676986,-20.023302549258226,22.296948404825926,12.192501153424487,-27.225149981495147,39.41765113491964,-5.441425830223957,8.757352173829421,-2.107777335405892,-2.383573431096748,-2.8254682803271898,1.902603023902916,0,1.5,90.0,90.0,180.0
20260724_230314__rp1p5__vinf25__inc90__toff56210__Om90__om270,1.018421018339993,0.0124061632794655,23.215053722994995,272.29306232291435,375.3952914730157,10.597977860725605,283.7479778607256,64.15806723683289,False,460.1869675542879,27,328.0778050006622,10.42624737366588,10.769708347785329,0.0776688677460804,-22.05069877388013,22.12836764162621,9.852971109539514,-29.20926041165435,39.062231521193866,-7.823874802140687,8.53860512362549,-4.718755154947308,-4.723103474981722,-5.021445268148808,1.0397884152261216,0,1.5,90.0,90.0,270.0
20260724_230314__rp1p5__vinf25__inc90__toff56210__Om90__om90,0.9705364661052516,0.0518842818167181,23.39280766701818,176.24466358886002,349.23324321237965,22.88246511249934,296.0324651124993,90.0,False,532.207084982425,28,361.7093724619269,22.865528223425432,22.89940200157323,14.51310170935029,-11.593017711687326,26.106119421037615,25.308752832108137,-20.008818923215948,45.31757175532408,5.040505863208717,9.771744959254107,7.565732096826427,10.732678247586902,9.413987573455401,2.1141689646263746,0,1.5,90.0,90.0,90.0
20260724_230314__rp1p5__vinf25__incm30__toff56210__Om0__om0,1.060902859209709,0.0679252513719667,23.04477722030585,136.91558318002535,399.1271032853014,-1.8364845884384744,271.3135154115615,46.23825730732021,False,480.07881786846804,41,303.00590707205106,-1.714048883009167,-1.958920293867781,-8.254788161546196,-33.14368217856236,24.888894017016163,4.412863227349599,-39.431406153652105,43.8442693810017,-20.025165617917978,8.111589592572798,-17.153217604111386,-10.163211357171637,-13.353902297441085,2.036570066386711,0,1.5,-30.0,0.0,0.0
20260724_230314__rp1p5__vinf25__incm30__toff56210__Om0__om180,0.9270055368673908,0.1015084241076837,24.32920653960456,254.5936785413076,326.0027642433351,35.0007171510983,308.15071715109826,90.0,False,491.9961692390204,32,397.9995319810015,35.007285524601286,34.99414877759532,20.349475652443456,-0.7310804349007585,21.080556087344213,27.40718887988754,-9.186580964814835,36.59376984470237,14.39699308060199,8.134844412283787,19.683984135425387,12.831114295366303,15.250361516548567,2.565390128808834,0,1.5,-30.0,0.0,180.0
20260724_230314__rp1p5__vinf25__incm30__toff56210__Om0__om270,1.017589354275461,0.0415853696772603,23.28650054900012,357.1852185039391,374.9355518047847,10.893352421023533,284.0433524210235,64.15806723683289,False,475.27916135454313,27,328.87349319006745,10.738562303201673,11.048142538845392,0.9766966917665636,-22.178751942515248,23.15544863428181,11.608772086352007,-29.472925031136867,41.08169711748887,-7.351612384099837,8.946815387016532,-4.42338059464938,-2.9673024981692286,-4.122417444128325,2.1854958915678004,1,1.5,-30.0,0.0,270.0
20260724_230314__rp1p5__vinf25__incm30__toff56210__Om0__om90,1.0988920227590886,0.0853558457559029,21.691600036455817,120.7794374006761,420.7560035455791,-45.853468764415396,227.29653123558458,,True,452.1672396733891,36,282.79774108460674,-45.853483875370934,-45.853453653459844,-43.264109943276516,-59.17209874706276,15.907988803786246,-36.21562070369045,-63.32839463548167,27.112773931791224,-49.238939833668674,6.810064071083694,-61.170201780088306,-50.791695288211685,-48.3632240791714,1.914523105429481,0,1.5,-30.0,0.0,90.0
20260724_230314__rp1p5__vinf25__incm30__toff56210__Om180__om0,0.9040500892000016,0.1167226736319878,23.18563912250305,246.71263219665772,313.9688269801971,42.1565010221413,315.3065010221413,90.0,False,494.4623695288864,34,419.1716855285181,42.15739130070006,42.155610743582514,25.558602437955727,5.078613290780028,20.4799891471757,32.32448523283498,-3.2633742250144855,35.58785945784947,19.595986094356302,7.596424502509912,26.839768006468386,17.748410648313744,20.45948830206084,3.001654555415808,1,1.5,-30.0,180.0,0.0
20260724_230314__rp1p5__vinf25__incm30__toff56210__Om180__om180,1.0770062823212594,0.0855007098335585,23.4373763618584,140.82899632838135,408.24901471429496,-43.74204492270502,229.40795507729496,,True,483.0387277846449,69,294.4116006404712,-43.742061607429676,-43.74202823798036,-40.52765409681621,-57.41380958609851,16.886155489282302,-33.13175348158303,-61.942466607828806,28.810713126245773,-46.90556179506645,7.113660957390302,-59.05877793837793,-47.70782806610427,-45.62676823271109,2.1332739502517013,0,1.5,-30.0,180.0,180.0
20260724_230314__rp1p5__vinf25__incm30__toff56210__Om180__om90,0.9928237881798676,0.1251273333534651,23.236313486687624,287.4954560626107,361.3316896567722,18.077926118127,291.22792611812696,75.16488841802429,False,400.2136403131356,26,347.9209042111913,18.09839081758415,18.05746141866985,2.887477465250848,-13.652950651342762,16.54042811659361,8.492301526178945,-20.326851623935326,28.81915315011427,-0.9892864738650412,7.082764492708224,2.7611931024540866,-6.08377305834229,-2.2116366706440402,3.4973057278568302,0,1.5,-30.0,180.0,90.0
20260724_230314__rp1p5__vinf25__incm30__toff56210__Om270__om0,1.0209249749752212,0.06609021743367,22.313811690905517,353.8995100600271,376.780599289085,10.26449526582979,283.41449526582977,61.37544904657465,False,458.43977368323704,31,327.160630286923,10.12547440531111,10.403516126348475,-0.5080553570798054,-22.708388332228466,22.20033297514866,9.91476966230753,-29.68448161439182,39.59925127669935,-8.530169427460997,8.519844743547644,-5.052237749843123,-4.661304922213706,-5.607169492974694,2.2379947072711266,0,1.5,-30.0,270.0,0.0
20260724_230314__rp1p5__vinf25__incm30__toff56210__Om270__om270,0.9048641387271908,0.1116240365577352,23.102679625990486,241.45846693910332,314.3929910365684,41.8315322268548,314.98153222685477,90.0,False,502.4069908330773,34,418.17110095107466,41.83240338786682,41.83066106584277,25.85494961315725,4.70527272997504,21.14967688318221,33.08279142108574,-3.720680329178563,36.8034717502643,19.42425223061779,7.768079444101684,26.514799211181884,18.5067168365645,20.75583547726236,2.9342946960786374,1,1.5,-30.0,270.0,270.0
20260724_230314__rp1p5__vinf25__incm30__toff56210__Om270__om90,1.0661377400214511,0.0634160314265077,22.882302737281343,128.81909963598622,402.0849020945652,-4.227860291947336,268.92213970805267,42.670233871257594,False,474.15411456621337,54,299.9483920566345,-3.88645531338989,-4.569265270504781,-10.25483414961439,-35.00045574321061,24.74562159359622,2.450776609540387,-41.093148651925986,43.54392526146637,-22.06505878765226,8.058779963883968,-19.54459330762025,-12.125297974980848,-15.35394828550928,1.9399896704123003,0,1.5,-30.0,270.0,90.0
20260724_230314__rp1p5__vinf25__incm30__toff56210__Om90__om0,2.31145927590767,0.5512824018530567,32.952435467290705,70.0452720594917,1283.5924673040265,-83.39444837251438,189.7555516274856,,True,603.9087636042823,11,76.32971788500335,-83.39444956725791,-83.39444717777083,-65.09898115341099,-90.59223701175141,25.49325585834042,-50.44018554023303,-91.36550408501769,40.92531854478466,-77.15097998200818,12.976844893752414,-98.71118138818728,-65.01626012475427,-70.19809528930588,4.206054415029604,1,1.5,-30.0,90.0,0.0
20260724_230314__rp1p5__vinf25__incm30__toff56210__Om90__om180,1.0187112406963994,0.0601744328464587,24.342822040075927,357.27005886547994,375.55576911275085,10.648432296303175,283.79843229630313,64.15806723683289,False,494.08095345387824,34,328.46087559954896,10.496982613774847,10.7998819788315,1.714403380515332,-22.541220971357056,24.255624351872388,13.051580500026557,-30.13755533513181,43.18913583515837,-7.0576262748977046,9.40670545435271,-4.6683007193697375,-1.5244940844946786,-3.3847107553795563,2.289736262422303,0,1.5,-30.0,90.0,180.0
20260724_230314__rp1p5__vinf25__incm30__toff56210__Om90__om270,1.0633265358053183,0.0791873498677964,23.448582011635377,157.2177925881408,400.4956177882844,-2.6762649554036577,270.4737350445963,44.4270040008057,False,474.33755131677145,43,301.87751641811695,-2.599254513610525,-2.7532753971967914,-9.16248022366483,-33.5895983562192,24.42711813255437,3.2194186161112,-39.738155200389755,42.957573816500954,-20.80928368508586,7.939613043129977,-17.99299797107657,-11.356655968410035,-14.261594359559718,1.973278011215446,0,1.5,-30.0,90.0,270.0
20260724_230314__rp1p5__vinf25__incm30__toff56210__Om90__om90,0.9274970600572356,0.0935349504039921,24.68498005435107,257.53075956275467,326.2620817192384,34.72293752877744,307.8729375287774,90.0,False,502.26399411118274,32,397.2658052082096,34.729594543653526,34.71628051390136,20.638629279112195,-1.1662183468728249,21.80484762598502,28.097608343369945,-9.822196455549333,37.91980479891928,14.41597069751711,8.41968732826945,19.40620451310453,13.52153375884871,15.539515143217306,2.441661274372672,0,1.5,-30.0,90.0,90.0
20260724_230314__rp1p5__vinf25__incm60__toff56210__Om0__om0,1.033487517269453,0.0517174759925783,23.33149752491445,135.79606746302665,383.7564107706488,6.6276068434165305,279.7776068434165,56.4426902380793,False,497.61126901520646,31,318.9842530172287,6.4448457909480465,6.810367895885016,-0.9930237300397691,-26.10505046614121,25.11202673610144,11.26886230331168,-33.2389511733207,44.50781347663238,-11.686013798432247,8.800867299850028,-8.689126172256383,-3.307212281209555,-6.0921378659346574,1.889694292709492,0,1.5,-60.0,0.0,0.0
20260724_230314__rp1p5__vinf25__incm60__toff56210__Om0__om180,0.9608202436394616,0.0811552634632543,23.98873281119072,254.43750766762452,344.00203158139897,25.59479768799742,298.7447976879974,90.0,False,468.78831873261566,30,369.78453565690944,25.619057690746377,25.570537685248464,12.66568031717014,-8.118441025293041,20.78412134246318,19.873477627994543,-16.06968781396216,35.94316544195671,6.693016209745197,8.287800803057143,10.278064672324508,5.297403043473308,7.5665661812752525,2.1946116305929597,0,1.5,-60.0,0.0,180.0
20260724_230314__rp1p5__vinf25__incm60__toff56210__Om0__om270,1.0131995384121588,0.0066934379303492,23.14349243400955,294.307517338852,372.5119980310214,11.960129346165193,285.1101293461652,64.15806723683289,False,469.69367952450887,26,331.4499029712166,11.78180713870842,12.138451553621955,1.7931299675173609,-20.952145397802134,22.745275365319493,11.742537968336217,-28.255079408698318,39.99761737703454,-6.275303779071059,8.847624269767547,-3.35660366950772,-2.833536616185018,-3.3059841683775275,1.4676731058932744,1,1.5,-60.0,0.0,270.0
20260724_230314__rp1p5__vinf25__incm60__toff56210__Om0__om90,1.0125058879159738,0.0312066657855808,22.96783051459866,183.68248943350787,372.1295231691446,12.191157611777928,285.34115761177793,64.15806723683289,False,473.52842444095273,24,332.0584927448858,11.99505806519622,12.387257158359631,2.4200731978110595,-20.667546358220484,23.087619556031544,12.460232821929642,-27.96507708777398,40.42530990970362,-6.039563494704535,8.85625856519744,-3.1255754038949846,-2.115841762591593,-2.679040938083829,0.6392625515473143,0,1.5,-60.0,0.0,90.0
20260724_230314__rp1p5__vinf25__incm60__toff56210__Om180__om0,0.914373360710874,0.1105435793316128,22.60381442263096,247.56731352253504,319.3619252006208,38.979960525429085,312.12996052542906,90.0,False,477.5328059678691,33,409.4688456227973,38.982835049264644,38.977086001593534,22.401137814130855,2.691992428591298,19.709145385539557,28.922885202959076,-5.283673197544508,34.20655840050358,16.712808721844137,7.425049406469599,23.663227509756172,14.346810618437841,17.30202367823597,2.768705521843776,0,1.5,-60.0,180.0,0.0
20260724_230314__rp1p5__vinf25__incm60__toff56210__Om180__om180,1.070648878866432,0.0761578024821342,23.692963566701337,136.5825979687794,404.6396070048759,-6.588336406993952,266.561663593006,39.2964802391875,False,488.5875376985824,56,297.69197251081243,-6.140210213499843,-7.036462600488062,-11.067885804819172,-36.80509389565978,25.73720809084061,2.3149287097205864,-42.867817802658124,45.18274651237871,-23.62775431924805,8.344288548108953,-21.905069422666866,-12.261145874800649,-16.16699994071406,2.1386658023428,0,1.5,-60.0,180.0,180.0
20260724_230314__rp1p5__vinf25__incm60__toff56210__Om180__om270,1.4378879097199324,0.2886066542732922,29.127300785749423,76.40448273659905,629.7748866249732,-66.02077839530503,207.12922160469495,,True,564.8792245443212,20,171.88302397701378,-66.02078628326926,-66.02077050734077,-54.15258870579325,-76.41484732984105,22.262258624047803,-42.34677280389479,-79.15246262527246,36.805689821377676,-63.890023608233015,10.555608484352199,-81.33751141097794,-56.922847388416024,-59.251702841688136,3.249279102390506,1,1.5,-60.0,180.0,270.0
20260724_230314__rp1p5__vinf25__incm60__toff56210__Om180__om90,1.020150177747054,0.0567193622873085,23.547602413795623,352.30950475185045,376.351762924922,10.321227763944812,283.4712277639448,61.37544904657465,False,474.79211016277407,27,327.4685691624021,10.16878395993791,10.473671567951712,0.4104144517997881,-22.686204660752345,23.096619112552133,11.14832051966479,-29.924066257095188,41.07238677675998,-7.917721182384776,8.9146640853207,-4.995505251728101,-3.4277540648564457,-4.6886996840951,2.733402458278177,1,1.5,-60.0,180.0,90.0
20260724_230314__rp1p5__vinf25__incm60__toff56210__Om270__om0,1.016372129012447,0.0636144714681932,21.8907757765922,349.24240781016874,374.26301452222975,11.426942721114864,284.57694272111485,64.15806723683289,False,451.1464033488527,27,330.0450121560406,11.295099786786793,11.558785655442936,0.06876972179733354,-21.558709918206908,21.627479640004243,10.011451558164142,-28.487129101049845,38.498580659213985,-7.574709736765513,8.376477254033002,-3.8897902945580487,-4.5646230263570935,-5.030344414097555,1.7925554013161458,0,1.5,-60.0,270.0,0.0
20260724_230314__rp1p5__vinf25__incm60__toff56210__Om270__om180,1.0213128888408782,0.3251659628745861,17.867014075131745,12.233008960983286,376.9953637994778,16.8672390791547,290.0172390791547,70.81186354627908,False,669.1517137169656,27,344.94263979847995,16.707701292504115,17.026776865805285,17.96598502081306,-20.216367463033222,38.18235248384629,41.263935439424344,-28.074712034781648,69.338647474206,-2.2695038209784406,11.677717589397952,1.5505060634817873,26.687860854903107,12.866870884918173,3.601523291488335,1,1.5,-60.0,270.0,180.0
20260724_230314__rp1p5__vinf25__incm60__toff56210__Om270__om270,0.9233971969233744,0.0852183841652211,22.758384846373776,224.7798953015578,324.10118442545684,35.979332172804234,309.1293321728042,90.0,False,512.9862324833397,32,400.501129223703,35.98252767344473,35.97613667216373,22.51550506420469,-0.3116995449971789,22.827204609201868,31.05703495774024,-8.727677923948049,39.784712881688286,14.909760247672441,8.379966399421946,20.66259915713132,16.480960373219006,17.416390928309802,2.5733368994064576,0,1.5,-60.0,270.0,270.0
20260724_230314__rp1p5__vinf25__incm60__toff56210__Om270__om90,1.0457419402787804,0.0274839076935768,22.864714194310856,120.15793892787084,390.60210505299705,3.0579487493855995,276.2079487493856,52.08179734355447,False,464.40971302743327,36,311.25272988602836,2.9807513339467033,3.135146164824498,-5.705040823422169,-28.98384069107463,23.27879986765246,5.674080836704286,-35.530680476354796,41.20476131305908,-15.805771111687188,7.9550007092053665,-12.258784266287314,-8.901993747816949,-10.804154959317056,1.4928859622660509,0,1.5,-60.0,270.0,90.0
20260724_230314__rp1p5__vinf25__incm60__toff56210__Om90__om0,1.4119759900879585,0.257304749985807,24.324195353161272,77.40892354879517,612.8282232191466,-65.16086268780727,207.98913731219272,,True,458.2720505203042,21,176.61106478888777,-65.1608688042624,-65.1608565713521,-56.87667158887426,-75.39221764252393,18.515546053649672,-47.40514127747442,-78.03026316224684,30.62512188477242,-64.56484147256108,8.94902776266673,-80.47759570348018,-61.98121586199566,-61.975785724769146,3.41190709699967,1,1.5,-60.0,90.0,0.0
20260724_230314__rp1p5__vinf25__incm60__toff56210__Om90__om180,1.0183950515833953,0.0545987014997893,24.60729641083905,353.0072252172792,375.3809343419508,10.675385862664067,283.82538586266406,64.15806723683289,False,493.540705130788,31,328.5593719750836,10.52312271872401,10.82764900660412,1.7067495429648156,-22.437116717204294,24.14386626016911,12.878590375613916,-30.07008552497128,42.948675900585194,-6.930267391047288,9.411549647540962,-4.641347153008846,-1.6974842089073192,-3.3923645929300728,1.8775579899923125,0,1.5,-60.0,90.0,180.0
20260724_230314__rp1p5__vinf25__incm60__toff56210__Om90__om270,1.0345885349640156,0.0558805335423516,23.259796677423903,185.78827631747052,384.36982182457473,6.434660508536548,279.5846605085365,56.4426902380793,False,458.9571343054817,30,318.37718858621616,6.292907498797481,6.576413518275616,-3.078191670733514,-25.45818686529039,22.379995194556876,7.321743773132399,-32.189664269906885,39.51140804303928,-12.249379610013605,7.954631932696792,-8.882072507136364,-7.2543308113888365,-8.177305806628402,1.4311454440981728,0,1.5,-60.0,90.0,270.0
20260724_230314__rp1p5__vinf25__incm60__toff56210__Om90__om90,0.9545289352267168,0.0551404071037357,25.016162689146896,269.988880973918,340.62885705486264,26.92268294567043,300.0726829456704,90.0,False,511.74811189412253,30,374.0082414206825,26.937916676822052,26.90744921451881,15.694800332532227,-7.872779854004467,23.567580186536695,24.493096539145643,-16.51580598240792,41.008902521553566,8.522738884895253,9.24734429800686,11.605949929997518,9.917021954624408,10.595686196637338,1.7135371662013252,0,1.5,-60.0,90.0,90.0
20260724_230314__rp1p5__vinf25__incm90__toff56210__Om0__om0,0.9965942879404314,0.0403365076166659,24.589986445520797,153.49632902615747,363.39201561351706,16.09289053696873,289.24289053696873,75.16488841802429,False,537.2633938780231,23,342.8585153509408,15.94121299294047,16.244568080996995,9.230592851869671,-17.72414551886967,26.954738370739342,20.93411864795126,-25.952582707043426,46.886701354994685,-0.8725080841296255,10.253897042335613,0.7761575212958185,6.3580440634300235,4.131478715974783,1.879328003247604,0,1.5,-90.0,0.0,0.0
20260724_230314__rp1p5__vinf25__incm90__toff56210__Om0__om180,0.9914725428988512,0.0514260208710722,23.10224887832834,249.01643295020483,360.59427545368345,17.597372686126423,290.7473726861264,75.16488841802429,False,452.2175701551646,26,346.586615072753,17.52074976666388,17.673995605588967,5.72115284292747,-15.183204925216565,20.904357768144035,13.607326883581528,-22.58980114674243,36.19712803032396,-0.8172851121762023,8.316356364808358,2.2806396704535103,-0.9687477009397067,0.6220387070325817,1.7573137750122525,0,1.5,-90.0,0.0,180.0
20260724_230314__rp1p5__vinf25__incm90__toff56210__Om0__om270,1.0052969130399338,0.0452024803756807,23.03346730377764,197.99152400052236,368.1622994407347,14.059404823144417,287.2094048231444,67.25314872563517,False,472.07505848598885,21,337.0183740688505,13.90207673162082,14.216732914668011,4.056078187080196,-18.779561942534503,22.8356401296147,13.576830603650281,-26.188590291510238,39.76542089516052,-4.087183320979799,8.834446816683263,-1.2573281925284956,-0.9992439808709541,-1.0430359488146923,1.977629073509502,1,1.5,-90.0,0.0,270.0
20260724_230314__rp1p5__vinf25__incm90__toff56210__Om0__om90,1.0013601970822916,0.0215367752446309,23.339009057895176,229.18176642172955,366.0018473166857,14.940103940757988,288.09010394075796,70.81186354627908,False,474.71271027130217,23,339.40499368757645,14.797196467145898,15.083011414370072,4.7108072753422725,-18.116970499657512,22.827777774999785,14.136336801332426,-25.641364038812824,39.77770084014525,-3.1301496040221064,8.982273881993937,-0.37662907491492525,-0.43973778318880896,-0.3883068605526159,1.1686084472628953,0,1.5,-90.0,0.0,90.0
20260724_230314__rp1p5__vinf25__incm90__toff56210__Om180__om0,0.9411664780404618,0.0933608066295172,22.54145926353779,252.10621288176955,333.5012498388604,31.088669036387692,304.23866903638765,90.0,False,457.95452365651477,31,385.80356611267655,31.102600609880472,31.074737462894923,15.826629664048982,-3.5336707452790344,19.360300409328016,22.344067004972498,-11.181864610789582,33.525931615762076,10.333794805452976,7.569721580956494,15.77193602071478,7.767992420451263,10.727515528154093,2.407808789218574,0,1.5,-90.0,180.0,0.0
20260724_230314__rp1p5__vinf25__incm90__toff56210__Om180__om180,1.0508950044719518,0.0609434258125373,23.709163216020947,133.92181911561823,393.4927923369133,1.5656512743819289,274.7156512743819,50.05549481018513,False,496.0312775075143,35,308.6650710846515,1.476100356533634,1.6552021922302242,-5.026238600444659,-30.51035022838227,25.484111627937608,7.777956601371577,-37.235168727489544,45.01312532886112,-16.725557786242582,8.436104792749244,-13.751081741290983,-6.798117983149658,-10.125352736339547,1.9854996743479312,0,1.5,-90.0,180.0,180.0
20260724_230314__rp1p5__vinf25__incm90__toff56210__Om180__om270,1.038378358745114,0.0435389147590586,24.462548244442623,144.73318282482938,386.4837449553609,5.1224193122036175,278.27241931220357,54.2046324563124,False,499.94944083915266,35,315.8631050955215,4.979575079710959,5.265263544696276,-2.1261914083004907,-27.255074810620265,25.128883402319772,10.093228706422014,-34.39700351033713,44.49023221675914,-12.88528627222919,8.751899862053937,-10.194313703469295,-4.482845878099221,-7.225305544195379,1.1704541503370494,0,1.5,-90.0,180.0,270.0
20260724_230314__rp1p5__vinf25__incm90__toff56210__Om180__om90,1.0176863657508688,0.0268940619703367,23.721659655646487,345.8140758156156,374.989169579675,10.783867394090716,283.93386739409067,64.15806723683289,False,475.4344758749467,28,328.6452342629043,10.62511966005201,10.942615128129425,0.945028062198288,-22.13077918683318,23.07580724903147,11.365859948187687,-29.471147245394267,40.837007193581954,-7.279669114497319,8.959898799893466,-4.5328656215821965,-3.210214636333548,-4.1540860736966,2.114999362503787,1,1.5,-90.0,180.0,90.0
20260724_230314__rp1p5__vinf25__incm90__toff56210__Om270__om0,1.009044621361432,0.0561608637114916,22.41766739211033,347.4757867326202,370.2229593689015,13.208955594009492,286.35895559400944,67.25314872563517,False,463.3802330780557,23,334.70589725471166,13.071472767437344,13.346438420581636,2.273645790484387,-20.023302618177297,22.296948408661684,12.192501104047437,-27.225150046278614,39.41765115032605,-5.441425902077231,8.757352175909725,-2.107777421663421,-2.383573480473798,-2.8254683454105014,1.902603026666928,0,1.5,-90.0,270.0,0.0
20260724_230314__rp1p5__vinf25__incm90__toff56210__Om270__om180,0.8602410580013395,0.2173537022891873,23.66985569360225,325.8372953741391,291.4258291353592,59.36191808341184,332.51191808341184,90.0,False,642.1668922332132,38,471.0496028723475,59.36194214361087,59.3618940232128,45.087346497047776,15.890608864034181,29.196737633013594,59.62919948514723,6.425360620515955,53.20383886463128,33.75148877219907,9.465928173106256,44.04518506773893,45.053124900625996,39.98823236115289,3.6565142969909576,1,1.5,-90.0,270.0,180.0
20260724_230314__rp1p5__vinf25__incm90__toff56210__Om270__om270,0.9705364656254512,0.0518842813913669,23.392807665884213,176.24466389942378,349.233242953406,22.882465227829673,296.0324652278297,90.0,False,532.207085063732,28,361.70937281155653,22.86552833852744,22.899402117131903,14.513101784866203,-11.593017625128143,26.106119409994346,25.30875290208661,-20.008818841921883,45.31757174400849,5.040505951239052,9.771744955031494,7.56573221215676,10.732678317565375,9.413987648971315,2.1141689649431874,0,1.5,-90.0,270.0,270.0
20260724_230314__rp1p5__vinf25__incm90__toff56210__Om270__om90,1.0184210190654397,0.0124061640243838,23.21505372499163,272.2930620612453,375.3952918741205,10.59797770973841,283.7479777097384,64.15806723683289,False,460.1869662524043,27,328.07780453629874,10.426247222066516,10.769708197410303,0.07766869813020705,-22.050698869324947,22.128367567455154,9.852970889542775,-29.2092604924353,39.06223138197807,-7.823874926958293,8.538605109091446,-4.718755305934502,-4.723103694978461,-5.021445437764681,1.0397884149252676,0,1.5,-90.0,270.0,90.0
20260724_230314__rp1p5__vinf25__incm90__toff56210__Om90__om0,1.1691694696551325,0.137611384393668,22.06236311298055,95.15132820770717,461.757533496924,-51.58036240791189,221.5696375920881,,True,463.010790876586,28,251.3012966259238,-51.58037458851521,-51.580350227308585,-46.98575743136898,-64.13557447143191,17.149817040062928,-38.86415937344533,-67.91744226474286,29.053282891297528,-53.79007026986191,7.5364938864240685,-66.8970954235848,-53.44023395796657,-52.08487156726387,2.8520454401122115,1,1.5,-90.0,90.0,0.0
20260724_230314__rp1p5__vinf25__incm90__toff56210__Om90__om180,1.0140635390454753,0.0468635764420801,24.02439427286232,346.2898262642568,372.9885860983815,11.798319605427398,284.9483196054274,64.15806723683289,False,482.3148509242312,26,331.2418643492044,11.63119218795403,11.96544702290077,2.097025610363753,-21.33270525499086,23.429730865354614,12.636150282738004,-28.8924486333947,41.52859891613271,-6.097463272146269,9.202813348993786,-3.5184134102455147,-1.9399243017832308,-3.0020885255311356,1.9000489189230063,0,1.5,-90.0,90.0,180.0
20260724_230314__rp1p5__vinf25__incm90__toff56210__Om90__om270,0.9963157321950724,0.045036210414232,22.388359347564087,236.96124877490516,363.2396699779223,16.369229232768475,289.51922923276845,70.81186354627908,False,446.7612381337011,25,343.11921225610257,16.276938994878403,16.461519470658544,4.455392989606898,-16.35481840510985,20.810211394716745,12.525434437273514,-23.576115954523424,36.101550391796934,-2.3050516821863547,8.2323361238074,1.0524962170955625,-2.050640147247721,-0.6437211462879908,1.4964361084922466,0,1.5,-90.0,90.0,270.0
20260724_230314__rp1p5__vinf25__incm90__toff56210__Om90__om90,0.986410879877605,0.0164593750205653,24.748275082272173,324.54835916524866,357.8364453552676,18.585085419992843,291.7350854199928,81.4509211694784,False,519.227516132933,26,349.73674349096643,18.52247958888547,18.647691251100223,9.971253843682346,-15.353821146899467,25.32507499058181,20.440654972099658,-23.67440939672014,44.1150643688198,1.3763233412916265,9.871215232055263,3.2683524043199306,5.864580387578423,4.872139707787458,0.923315593140411,0,1.5,-90.0,90.0,90.0
