run,a_au,ecc,obliquity_deg,lon_perihelion_deg,days_per_year,years_to_equilibrium,T_overshoot_K,max_hemis_asymmetry_K,max_hemis_asymmetry_year,final_hemis_asymmetry_K,iceline_start_deg,iceline_end_deg,iceline_migration_deg,iceline_peak_rate_deg_per_yr,T_year1_degC,T_final_degC,diag_seasonal_range_K,dT_vs_baseline_K,Score,n_ejected,bh_rp_au,bh_inc_deg,bh_Omega_deg,bh_omega_deg
20260724_230314__rp0p25__vinf25__inc0__toff56210__Om0__om0,1.4306049871798832,0.2233245327237774,23.70168833365585,83.00347782631717,624.9962224050814,7,0.0,0.8234200562548804,1,6.394884621840902e-13,,,,,-9.113073402878266,-66.26177528855104,10.634864321200197,-81.30152908202795,5.256907428428605,2,0.25,0.0,0.0,0.0
20260724_230314__rp0p25__vinf25__inc0__toff56210__Om0__om180,0.7923239872915679,0.2331602469643267,21.015434260483964,271.22049837127014,257.603640754542,16,0.0,1.1710630377161557,1,2.4158453015843406e-13,90.0,90.0,0.0,0.0,28.834224224880785,88.38636588675996,7.123486182600246,73.34661209328304,5.055172319448047,1,0.25,0.0,0.0,180.0
20260724_230314__rp0p25__vinf25__inc0__toff56210__Om0__om270,1.2306201758912432,0.1267112473459505,22.581199552910444,52.097455203989526,498.6362375045165,10,2.842170943040401e-14,0.9523986743390265,1,0.0,56.4426902380793,21.510188266887486,-34.93250197119181,34.93250197119181,2.0578585938261544,-56.09032181822232,9.325088564324801,-71.13007561169924,4.312175009928982,1,0.25,0.0,0.0,270.0
20260724_230314__rp0p25__vinf25__inc0__toff56210__Om0__om90,1.0166818183807187,0.2811479078892679,25.93211793520845,176.12114869988952,374.4340848938256,7,9.684697488410166e-12,9.036446210844165,1,0.020969149735506676,58.82116446134409,75.16488841802429,16.3437239566802,5.336902775488802,14.828451881619536,15.759790356214857,14.938631122631099,0.7200365627379437,4.7471068422819584,2,0.25,0.0,0.0,90.0
20260724_230314__rp0p25__vinf25__inc0__toff56210__Om180__om0,0.7923239872915679,0.2331602469643267,21.015434260483964,271.22049837127014,257.603640754542,16,0.0,1.1710630377161557,1,2.4158453015843406e-13,90.0,90.0,0.0,0.0,28.834224224880785,88.38636588675996,7.123486182600246,73.34661209328304,5.055172319448047,1,0.25,0.0,180.0,0.0
20260724_230314__rp0p25__vinf25__inc0__toff56210__Om180__om180,1.4306049866744706,0.2233245331377317,23.70168832560552,83.00347775856739,624.9962220738778,7,5.684341886080802e-14,0.8234200509858614,1,4.689582056016661e-13,,,,,-9.113073377927849,-66.26177526362082,10.634864327394737,-81.30152905709774,5.25690742720019,2,0.25,0.0,180.0,180.0
20260724_230314__rp0p25__vinf25__inc0__toff56210__Om180__om270,1.0166818177318506,0.2811479058077433,25.932117981665176,176.12114944395958,374.4340845353678,7,9.64384128110396e-12,9.03644621113815,1,0.020969152753492537,58.82116446134409,75.16488841802429,16.3437239566802,5.336902775488802,14.828451899602047,15.75979041535886,14.938631019890098,0.7200366218819472,4.747106858976243,2,0.25,0.0,180.0,270.0
20260724_230314__rp0p25__vinf25__inc0__toff56210__Om180__om90,1.2306201758912432,0.1267112473459505,22.581199552910444,52.097455203989526,498.6362375045165,10,2.842170943040401e-14,0.9523986743390265,1,0.0,56.4426902380793,21.510188266887486,-34.93250197119181,34.93250197119181,2.0578585938261544,-56.09032181822232,9.325088564324801,-71.13007561169924,4.312175009928982,1,0.25,0.0,180.0,90.0
20260724_230314__rp0p25__vinf25__inc0__toff56210__Om270__om0,1.2306201758912432,0.1267112473459505,22.581199552910444,52.097455203989526,498.6362375045165,10,2.842170943040401e-14,0.9523986743390265,1,0.0,56.4426902380793,21.510188266887486,-34.93250197119181,34.93250197119181,2.0578585938261544,-56.09032181822232,9.325088564324801,-71.13007561169924,4.312175009928982,1,0.25,0.0,270.0,0.0
20260724_230314__rp0p25__vinf25__inc0__toff56210__Om270__om180,1.0166818177318506,0.2811479058077433,25.932117981665176,176.12114944395958,374.4340845353678,7,9.64384128110396e-12,9.03644621113815,1,0.020969152753492537,58.82116446134409,75.16488841802429,16.3437239566802,5.336902775488802,14.828451899602047,15.75979041535886,14.938631019890098,0.7200366218819472,4.747106858976243,2,0.25,0.0,270.0,180.0
20260724_230314__rp0p25__vinf25__inc0__toff56210__Om270__om270,0.7923239908426015,0.2331602451178122,21.01543432349174,271.2204974362536,257.603642486332,16,0.0,1.1710631459420462,1,9.094947017729282e-13,90.0,90.0,0.0,0.0,28.83422396900216,88.38636413070171,7.123486215411759,73.34661033722479,5.055172302911926,1,0.25,0.0,270.0,270.0
20260724_230314__rp0p25__vinf25__inc0__toff56210__Om270__om90,1.4306049866744706,0.2233245331377317,23.70168832560552,83.00347775856739,624.9962220738778,7,5.684341886080802e-14,0.8234200509858614,1,4.689582056016661e-13,,,,,-9.113073377927849,-66.26177526362082,10.634864327394737,-81.30152905709774,5.25690742720019,2,0.25,0.0,270.0,90.0
20260724_230314__rp0p25__vinf25__inc0__toff56210__Om90__om0,1.0166818183807187,0.2811479078892679,25.93211793520845,176.12114869988952,374.4340848938256,7,9.684697488410166e-12,9.036446210844165,1,0.020969149735506676,58.82116446134409,75.16488841802429,16.3437239566802,5.336902775488802,14.828451881619536,15.759790356214857,14.938631122631099,0.7200365627379437,4.7471068422819584,2,0.25,0.0,90.0,0.0
20260724_230314__rp0p25__vinf25__inc0__toff56210__Om90__om180,1.2306201758912432,0.1267112473459505,22.581199552910444,52.097455203989526,498.6362375045165,10,2.842170943040401e-14,0.9523986743390265,1,0.0,56.4426902380793,21.510188266887486,-34.93250197119181,34.93250197119181,2.0578585938261544,-56.09032181822232,9.325088564324801,-71.13007561169924,4.312175009928982,1,0.25,0.0,90.0,180.0
20260724_230314__rp0p25__vinf25__inc0__toff56210__Om90__om270,1.4306049866744706,0.2233245331377317,23.70168832560552,83.00347775856739,624.9962220738778,7,5.684341886080802e-14,0.8234200509858614,1,4.689582056016661e-13,,,,,-9.113073377927849,-66.26177526362082,10.634864327394737,-81.30152905709774,5.25690742720019,2,0.25,0.0,90.0,270.0
20260724_230314__rp0p25__vinf25__inc0__toff56210__Om90__om90,0.7923239872915679,0.2331602469643267,21.015434260483964,271.22049837127014,257.603640754542,16,0.0,1.1710630377161557,1,2.4158453015843406e-13,90.0,90.0,0.0,0.0,28.834224224880785,88.38636588675996,7.123486182600246,73.34661209328304,5.055172319448047,1,0.25,0.0,90.0,90.0
20260724_230314__rp0p25__vinf25__inc30__toff56210__Om0__om0,1.3788260121350175,0.204388457249952,23.304570159776578,71.49021877675223,591.373680858856,8,5.684341886080802e-14,0.2599817174582526,2,3.836930773104541e-13,,,,,-6.340846730395563,-64.03034186510351,10.372655631203841,-79.07009565858043,5.716894492920149,2,0.25,30.0,0.0,0.0
20260724_230314__rp0p25__vinf25__inc30__toff56210__Om0__om180,0.8829994133590646,0.1596977056968631,24.930210706507143,286.80832446843897,303.0668345616973,12,0.0,0.9385165583518571,1,1.3073986337985843e-12,81.4509211694784,90.0,8.549078830521594,8.549078830521594,22.380882749933463,49.59339554162423,10.752758950019928,34.55364174814732,4.912200031792338,2,0.25,30.0,0.0,180.0
20260724_230314__rp0p25__vinf25__inc30__toff56210__Om0__om270,1.2481316149214106,0.1390635470883844,23.746185182037564,38.02109352297312,509.3172274271904,9,1.4210854715202004e-14,2.088950815356225,1,3.694822225952521e-13,56.4426902380793,12.187474135425045,-44.25521610265426,44.25521610265426,1.0799075091171753,-57.17082730184586,9.59776480339638,-72.21058109532278,4.569765520926923,1,0.25,30.0,0.0,270.0
20260724_230314__rp0p25__vinf25__inc30__toff56210__Om0__om90,0.9892361890096284,0.3785730925865211,21.69865698032752,206.44028573383235,359.37493532798686,9,1.4495071809506044e-12,7.755102506049944,1,0.11808794673248713,61.37544904657465,90.0,28.62455095342535,10.63905762319932,17.55518889275509,27.73271095817952,10.84788780345083,12.692957164702607,5.405464056882556,2,0.25,30.0,0.0,90.0
20260724_230314__rp0p25__vinf25__inc30__toff56210__Om180__om0,0.7278003749144271,0.3477972989469803,24.212242188321987,259.09289099970005,226.7859800121821,19,0.0,3.3503596646965974,1,5.684341886080802e-14,90.0,90.0,0.0,0.0,34.534399093901676,130.4609173643766,6.296676812818646,115.42116357089968,5.396737817814231,1,0.25,30.0,180.0,0.0
20260724_230314__rp0p25__vinf25__inc30__toff56210__Om180__om180,1.6461932221223652,0.319234394887897,23.39853775065705,94.0990989604158,771.4699321542009,6,2.842170943040401e-14,1.194685960011281,1,6.252776074688882e-13,,,,,-18.840349711302075,-73.18345655307891,11.269340508244994,-88.22321034655583,4.789768867145566,0,0.25,30.0,180.0,180.0
20260724_230314__rp0p25__vinf25__inc30__toff56210__Om180__om270,1.0803905018860556,0.2061032613885255,28.11224587752384,146.30759838550992,410.1747542758503,29,0.0,7.826113857130622,1,1.0942358130705543e-12,56.4426902380793,10.887948130120165,-45.554742107959136,9.259938157126943,10.643752604565066,-43.10928017594145,12.311683173551977,-58.14903396941836,3.547084357650361,1,0.25,30.0,180.0,270.0
20260724_230314__rp0p25__vinf25__inc30__toff56210__Om180__om90,1.167996042347918,0.0752865195239307,22.6958196652158,83.68669783093786,461.0625492315246,11,2.1316282072803006e-14,1.6090197993467426,1,5.044853423896711e-13,56.4426902380793,17.457603123722098,-38.9850871143572,20.21228384060753,5.471904468837263,-51.79525118979099,8.993359079980102,-66.83500498326791,3.5845675516084365,0,0.25,30.0,180.0,90.0
20260724_230314__rp0p25__vinf25__inc30__toff56210__Om270__om0,1.2075255995643623,0.1114581190322099,25.131055101016656,45.3437463807016,484.6657274703983,10,7.105427357601002e-15,1.715879151813383,1,3.552713678800501e-14,58.82116446134409,28.540365484875558,-30.28079897646853,30.28079897646853,3.2441924328700753,-54.5788222409394,9.97318413123866,-69.61857603441632,3.981606316433883,0,0.25,30.0,270.0,0.0
20260724_230314__rp0p25__vinf25__inc30__toff56210__Om270__om180,0.9438006279567466,0.2684068964360735,25.14277799667831,180.38918895578695,334.9023409968352,10,0.0,9.297771424467035,1,1.5418777365994174e-12,61.37544904657465,90.0,28.62455095342535,20.075472122903754,19.178150836284832,34.444040645934386,15.061157443679601,19.404286852457474,5.020044551764386,2,0.25,30.0,270.0,180.0
20260724_230314__rp0p25__vinf25__inc30__toff56210__Om270__om270,0.901325829838077,0.1349955284600514,27.916761699446223,289.88101028579,312.55072884777525,12,0.0,1.533447527989214,1,1.5631940186722204e-12,90.0,90.0,0.0,0.0,21.07148972305729,42.84293498755029,12.687498895305854,27.803181194073375,4.0717622816179535,1,0.25,30.0,270.0,270.0
20260724_230314__rp0p25__vinf25__inc30__toff56210__Om270__om90,1.4103001899946852,0.2002567632215497,26.191654805935755,111.8277044159024,611.7375465814735,8,1.4210854715202004e-14,3.66150193186372,1,4.547473508864641e-13,,,,,-8.027818839591335,-65.52538189782874,10.882318505780916,-80.56513569130566,4.541338453036087,0,0.25,30.0,270.0,90.0
20260724_230314__rp0p25__vinf25__inc30__toff56210__Om90__om0,1.1263574205131002,0.3157697218069617,27.551812193676103,172.12100027862962,436.6285474924404,14,0.0,8.958667172083445,1,1.2434497875801753e-12,52.08179734355447,4.460843697873993,-47.62095364568048,19.813808496710784,8.65948020809793,-45.880261494372014,11.762457587099647,-60.920015287848926,5.093274128922198,2,0.25,30.0,90.0,0.0
20260724_230314__rp0p25__vinf25__inc30__toff56210__Om90__om180,1.24501658888183,0.1468277402997767,19.707404347380397,50.54433436098866,507.4117239193752,9,0.0,0.782277098892601,1,4.263256414560601e-14,54.2046324563124,16.127620213160764,-38.07701224315164,38.07701224315164,1.3658570282364626,-56.92399791288112,8.56045894407172,-71.96375170635804,4.398244016536854,0,0.25,30.0,90.0,180.0
20260724_230314__rp0p25__vinf25__inc30__toff56210__Om90__om270,1.372143451379739,0.1933256472990219,22.50682297855981,62.25978067733916,587.0797035461313,8,2.1316282072803006e-14,0.5546178056212359,1,4.476419235288631e-13,,,,,-5.969414907256339,-63.782543507913005,9.882121709744808,-78.82229730138992,5.040038680101366,2,0.25,30.0,90.0,270.0
20260724_230314__rp0p25__vinf25__inc30__toff56210__Om90__om90,0.7211794476627111,0.3006985277158152,19.70500178371639,269.99636077757503,223.6983613393404,19,0.0,1.4839209453130806,1,1.1368683772161603e-12,90.0,90.0,0.0,0.0,34.52022377871499,131.40550916516364,5.169009274308792,116.36575537168672,5.66088770526556,2,0.25,30.0,90.0,90.0
20260724_230314__rp0p25__vinf25__inc60__toff56210__Om0__om0,1.4913395684121868,0.258325697887344,23.362028864729133,74.87699575814011,665.2158698687573,7,4.263256414560601e-14,0.027731132791807056,2,5.258016244624741e-13,,,,,-12.053670331084074,-68.47960342924891,10.855119362639712,-83.51935722272583,5.047211686470536,1,0.25,60.0,0.0,0.0
20260724_230314__rp0p25__vinf25__inc60__toff56210__Om0__om180,0.7466365597828374,0.3010083580669216,25.47584342557701,241.79119918159773,235.6468658884745,18,0.0,6.127673513192928,1,7.247535904753022e-13,81.4509211694784,90.0,8.549078830521594,8.549078830521594,32.48826075576652,115.27931299008782,8.99571248841518,100.2395591966109,5.262960054194821,1,0.25,60.0,0.0,180.0
20260724_230314__rp0p25__vinf25__inc60__toff56210__Om0__om270,1.2059558549826817,0.1067430028308991,25.53841560158565,37.36095569783905,483.72095980840254,10,0.0,2.332767223289872,1,3.552713678800501e-13,61.37544904657465,30.000000000000004,-31.375449046574648,31.375449046574648,3.3016542185470685,-54.48996191272915,9.925625075164355,-69.52971570620606,4.037043906252116,0,0.25,60.0,0.0,270.0
20260724_230314__rp0p25__vinf25__inc60__toff56210__Om0__om90,1.0387460199177905,0.2485264736478784,24.080009206492928,209.88910682307812,386.6890279954095,10,0.0,6.935809422266372,1,0.4303722733104589,58.82116446134409,61.37544904657465,2.554284585230562,2.554284585230562,13.281920428850581,8.665887239922712,8.891217679203333,-6.373866553554201,4.341513391124517,1,0.25,60.0,0.0,90.0
20260724_230314__rp0p25__vinf25__inc60__toff56210__Om180__om0,0.7524068943917406,0.361272438627932,25.97567436561604,257.36148724139883,238.3839106019396,18,0.0,3.704753825958509,1,1.6200374375330284e-12,90.0,90.0,0.0,0.0,32.89892072724619,116.70247745842032,6.728752872569885,101.6627236649434,5.372701112977166,1,0.25,60.0,180.0,0.0
20260724_230314__rp0p25__vinf25__inc60__toff56210__Om180__om180,1.9689159901924524,0.4450486212569844,21.81522322981928,94.1707988900452,1009.1101382039142,5,5.684341886080802e-14,0.9194376888322218,1,6.394884621840902e-13,,,,,-30.554859510203734,-79.45206478323757,11.963469616349471,-94.4918185767145,5.008253987698385,0,0.25,60.0,180.0,180.0
20260724_230314__rp0p25__vinf25__inc60__toff56210__Om180__om270,1.1812249882279051,0.1792211759695456,29.2530396320658,95.99625719908782,468.9178109186879,11,0.0,3.0734508246076446,1,3.694822225952521e-13,56.4426902380793,32.98670708247892,-23.45598315560038,23.45598315560038,4.819509799817576,-52.20500698138491,12.9614320136698,-67.24476077486183,2.3199088159441503,0,0.25,60.0,180.0,270.0
20260724_230314__rp0p25__vinf25__inc60__toff56210__Om180__om90,1.1170421400500838,0.0717362632345911,23.813875279014457,168.46516941898187,431.2232078245406,14,1.4210854715202004e-14,6.662218827177294,1,8.668621376273222e-13,54.2046324563124,20.147886287247108,-34.05674616906529,9.852113712752896,8.287477307120136,-47.564702687035755,8.578671490460671,-62.60445648051267,2.3852854874383365,0,0.25,60.0,180.0,90.0
20260724_230314__rp0p25__vinf25__inc60__toff56210__Om270__om0,1.178152114562664,0.1143373280132694,26.551296856471257,30.96566290384394,467.08921642955806,11,1.4210854715202004e-14,2.9802850498897375,1,9.237055564881302e-14,64.15806723683289,37.66988696432963,-26.488180272503264,26.488180272503264,4.809257672000966,-52.40873953436061,10.36647363178195,-67.44849332783753,3.761719749215101,0,0.25,60.0,270.0,0.0
20260724_230314__rp0p25__vinf25__inc60__toff56210__Om270__om180,0.9259299606138324,0.2633317967628132,23.547969340666192,177.5776724910908,325.4355522547376,11,0.0,8.973643903339086,1,5.755396159656812e-13,64.15806723683289,90.0,25.841932763167108,17.292853932645514,20.303576786382063,39.53333623169371,14.581611877839752,24.493582438216798,5.087327706276651,3,0.25,60.0,270.0,180.0
20260724_230314__rp0p25__vinf25__inc60__toff56210__Om270__om270,0.9774255508517335,0.0683345299161782,32.531052154899434,342.9624023514384,352.95823735974176,8,1.801225835151854e-12,5.825625965581896,1,0.0024647550424532483,90.0,90.0,0.0,0.0,16.16424057924814,20.428714596951107,16.86669105106072,5.388960803474193,2.792920618905306,0,0.25,60.0,270.0,270.0
20260724_230314__rp0p25__vinf25__inc60__toff56210__Om270__om90,1.295361092364476,0.1391889977573648,27.8069060669002,159.70851504397132,538.4979606813368,9,3.552713678800501e-14,7.232322698869613,1,7.602807272633072e-13,,,,,-1.5639572228289063,-60.04135132527712,9.766357263636074,-75.08110511875404,3.4902134592930483,0,0.25,60.0,270.0,90.0
20260724_230314__rp0p25__vinf25__inc60__toff56210__Om90__om0,1.297269837783509,0.3089524629593913,31.30473595914856,133.81652394042806,539.6886333877276,9,2.842170943040401e-14,7.551596874200538,1,1.2221335055073723e-12,,,,,-1.0382402804072972,-58.621468715095176,14.481791409427764,-73.6612225085721,5.0772404292644335,2,0.25,60.0,90.0,0.0
20260724_230314__rp0p25__vinf25__inc60__toff56210__Om90__om180,1.2440470544123463,0.1718632879085611,17.63576691780591,44.13528344287694,506.8191325753149,9,7.105427357601002e-15,0.9660164679508316,1,7.105427357601002e-14,54.2046324563124,18.797368824406544,-35.40726363190586,35.40726363190586,1.522633684357344,-56.6948746514596,8.107551628358486,-71.73462844493652,4.198182606219317,0,0.25,60.0,90.0,180.0
20260724_230314__rp0p25__vinf25__inc60__toff56210__Om90__om270,1.21685035008661,0.1049540335603889,22.700860786977483,31.75480767888784,490.2905780316742,10,0.0,2.214903902921347,1,3.552713678800501e-13,58.82116446134409,27.100685348240216,-31.720479113103874,31.720479113103874,2.772508892462142,-55.260502927095864,8.815411673471708,-70.30025672057278,3.610331575242834,0,0.25,60.0,90.0,270.0
20260724_230314__rp0p25__vinf25__inc60__toff56210__Om90__om90,0.7642430409101882,0.2325943616458536,21.26289148713306,264.1780524648983,244.03101683232995,17,0.0,2.1504236249608617,1,1.3642420526593924e-12,90.0,90.0,0.0,0.0,30.7380495119704,102.22145130157001,7.295753364780687,87.1816975080931,5.008449931639092,2,0.25,60.0,90.0,90.0
20260724_230314__rp0p25__vinf25__inc90__toff56210__Om0__om0,1.780937562963534,0.3828313564172327,24.3829305592172,82.6612123605276,868.1021490952062,6,2.842170943040401e-14,0.2954028031017799,1,8.384404281969182e-13,,,,,-24.007369570631973,-76.15917765753345,12.314305232171577,-91.19893145101037,4.597047127053144,0,0.25,90.0,0.0,0.0
20260724_230314__rp0p25__vinf25__inc90__toff56210__Om0__om180,0.7332199712101505,0.3607954723633659,21.781205286228733,246.01498126001823,229.32384708930823,19,0.0,5.296354594179263,1,1.3358203432289883e-12,81.4509211694784,90.0,8.549078830521594,8.549078830521594,34.393360448716386,128.66343227421888,5.6929589968820835,113.62367848074196,5.520829733182193,1,0.25,90.0,0.0,180.0
20260724_230314__rp0p25__vinf25__inc90__toff56210__Om0__om270,1.1428434544752837,0.0578095583958243,27.278519488650694,74.62571223619328,446.24967029177947,12,2.1316282072803006e-14,0.7409817462696671,1,3.836930773104541e-13,61.37544904657465,28.540365484875558,-32.83508356169909,18.705215175317058,6.743712621913122,-49.82706558303679,10.400238659139887,-64.8668193765137,3.0950847117793345,0,0.25,90.0,0.0,270.0
20260724_230314__rp0p25__vinf25__inc90__toff56210__Om0__om90,1.1221360414332968,0.1811524439252093,26.03989992720594,186.95823847639176,434.17624434300086,13,2.1316282072803006e-14,7.558048903101806,1,1.0729195309977513e-12,52.08179734355447,17.457603123722098,-34.624194219832376,11.08276236115346,8.119295526346768,-47.3156204373647,9.058117049473907,-62.35537423084161,2.8973206650340697,0,0.25,90.0,0.0,90.0
20260724_230314__rp0p25__vinf25__inc90__toff56210__Om180__om0,0.7962940912007014,0.350715286915684,25.23514928750201,254.4001319918273,259.54222894376164,16,0.0,3.926056524415152,1,1.2931877790833823e-12,81.4509211694784,90.0,8.549078830521594,8.549078830521594,29.67404645498886,93.04968711007578,6.505925682953823,78.00993331659886,4.78516904294008,1,0.25,90.0,180.0,0.0
20260724_230314__rp0p25__vinf25__inc90__toff56210__Om180__om180,2.071027549738594,0.5164560335179849,21.051442900993376,86.56618961973247,1088.6207411301898,5,4.263256414560601e-14,0.5072657435639414,1,7.958078640513122e-13,,,,,-33.360790198815224,-80.42879944749619,12.939827782465372,-95.46855324097311,5.042471983670086,0,0.25,90.0,180.0,180.0
20260724_230314__rp0p25__vinf25__inc90__toff56210__Om180__om270,1.2249491822118732,0.2074432332107186,30.77440117412517,59.22037185959522,495.1934579037903,10,2.1316282072803006e-14,1.2884086730312931,1,3.552713678800501e-14,58.82116446134409,21.510188266887486,-37.3109761944566,37.3109761944566,2.356259316200115,-55.12676874663256,13.605803507661285,-70.16652254010947,2.877936122741092,0,0.25,90.0,180.0,270.0
20260724_230314__rp0p25__vinf25__inc90__toff56210__Om180__om90,1.1027005296513963,0.1689123110441978,24.43626489934824,197.6147415535453,422.94526291488734,16,1.4210854715202004e-14,6.87924119150133,1,9.521272659185342e-13,54.2046324563124,8.305109528050396,-45.89952292826201,14.58027094810817,9.209326554478505,-45.65301946185987,8.048903899621124,-60.69277325533678,2.836497130440848,0,0.25,90.0,180.0,90.0
20260724_230314__rp0p25__vinf25__inc90__toff56210__Om270__om0,1.1542094019599605,0.136170282505344,25.999912561857062,20.428496945486238,452.9233406012121,11,7.105427357601002e-15,3.6091562259027636,1,4.618527782440651e-13,67.25314872563517,27.100685348240216,-40.15246337739495,24.582914854377577,6.202858810769113,-50.398098859815946,10.296632655785046,-65.43785265329286,3.642766480283036,0,0.25,90.0,270.0,0.0
20260724_230314__rp0p25__vinf25__inc90__toff56210__Om270__om180,0.9460794330093056,0.2761521881740977,22.289962290968443,173.52159773691557,336.1160045791088,10,0.0,8.542185732675293,1,8.313350008393172e-13,64.15806723683289,90.0,25.841932763167108,14.83511158197571,19.184997625538305,34.36949469898172,14.346608730755838,19.329740905504806,5.045627892701042,3,0.25,90.0,270.0,180.0
20260724_230314__rp0p25__vinf25__inc90__toff56210__Om270__om270,1.147426132432262,0.1681026244739787,33.17425362651397,44.20168625367792,448.93647821822987,11,1.4210854715202004e-14,3.1548328850191147,1,6.039613253960852e-13,70.81186354627908,25.679288619456855,-45.13257492682223,26.384859545473383,6.438539405987578,-49.60607938144278,13.884260627507715,-64.6458331749197,2.5973161709985857,0,0.25,90.0,270.0,270.0
20260724_230314__rp0p25__vinf25__inc90__toff56210__Om270__om90,1.0750484099983966,0.1607422904702079,28.078374220024543,242.92851284018585,407.1362968620373,35,0.0,3.968399168744746,1,5.044853423896711e-13,61.37544904657465,14.806506911897516,-46.56894213467714,8.07887356426105,10.652351267282992,-43.03886557668572,7.653116046633272,-58.078619370162635,3.1172031444700625,0,0.25,90.0,270.0,90.0
20260724_230314__rp0p25__vinf25__inc90__toff56210__Om90__om0,1.2308314094345498,0.2800387065733455,28.936165418018007,150.31619155313516,498.76462791416895,10,3.552713678800501e-14,8.055801468837958,1,1.3926637620897964e-12,46.23825730732021,18.797368824406544,-27.440888482913667,27.440888482913667,2.544391907214718,-54.734619505288556,12.629544079247928,-69.77437329876547,4.861937084567298,2,0.25,90.0,90.0,0.0
20260724_230314__rp0p25__vinf25__inc90__toff56210__Om90__om180,1.2361678586399043,0.2031307589229531,17.797460155715378,36.97571578460274,502.0118415140389,10,1.4210854715202004e-14,1.4508263007852837,1,2.1316282072803006e-14,56.4426902380793,22.885380476158566,-33.557309761920735,33.557309761920735,2.0464279419029014,-55.92545187700504,8.481490053184686,-70.96520567048195,3.981157526922496,0,0.25,90.0,90.0,180.0
20260724_230314__rp0p25__vinf25__inc90__toff56210__Om90__om270,1.0361719835304073,0.0998379453689776,23.300143004957945,300.1054980902577,385.2525824225857,11,0.0,1.6369988246283587,1,0.24590197142939463,70.81186354627908,56.4426902380793,-14.369173308199784,6.653796309446193,12.975757720316473,5.674588965003689,8.441096631616013,-9.365164828473224,2.498293926921969,0,0.25,90.0,90.0,270.0
20260724_230314__rp0p25__vinf25__inc90__toff56210__Om90__om90,0.9189758173638712,0.1410419445780811,22.272458104280798,206.71702538061868,321.77619742826914,11,0.0,6.9192053873122354,1,7.247535904753022e-13,64.15806723683289,90.0,25.841932763167108,17.292853932645514,20.04584937586802,38.17926740990784,10.938210878461732,23.139513616430925,3.287192756590832,1,0.25,90.0,90.0,90.0
20260724_230314__rp0p25__vinf25__incm30__toff56210__Om0__om0,1.646193221430159,0.3192343945534814,23.39853775250955,94.09909898251982,771.4699316676089,6,0.0,1.19468596151005,1,8.242295734817162e-13,,,,,-18.84034968548191,-73.1834565356825,11.269340505311334,-88.22321032915941,4.789768864598996,0,0.25,-30.0,0.0,0.0
20260724_230314__rp0p25__vinf25__incm30__toff56210__Om0__om180,0.7277798548862059,0.3476638808286621,24.213038100792616,259.1024178891048,226.77638887551552,19,0.0,3.348455698148044,1,8.810729923425242e-13,90.0,90.0,0.0,0.0,34.53391307096178,130.46161251053053,6.299996897787906,115.42185871705361,5.396524014538173,1,0.25,-30.0,0.0,180.0
20260724_230314__rp0p25__vinf25__incm30__toff56210__Om0__om270,1.167996042398734,0.0752865197048109,22.69581966658713,83.68669778340885,461.0625492616138,11,1.4210854715202004e-14,1.6090197957485524,1,7.105427357601002e-13,56.4426902380793,17.457603123722098,-38.9850871143572,20.21228384060753,5.471904466241877,-51.79525119312744,8.993359083082993,-66.83500498660436,3.584567551722435,0,0.25,-30.0,0.0,270.0
20260724_230314__rp0p25__vinf25__incm30__toff56210__Om0__om90,1.0803905018822206,0.2061032613322903,28.11224587785834,146.30759839060153,410.1747542736664,29,0.0,7.826113857198128,1,9.094947017729282e-13,56.4426902380793,10.887948130120165,-45.554742107959136,9.259938157126943,10.643752604500065,-43.10928017621361,12.311683172649602,-58.14903396969052,3.547084357518851,1,0.25,-30.0,0.0,90.0
20260724_230314__rp0p25__vinf25__incm30__toff56210__Om180__om0,0.8829994204069216,0.159697711964707,24.93021068156837,286.8083251872852,303.0668381901907,12,0.0,0.938516642013802,1,1.3145040611561853e-12,81.4509211694784,90.0,8.549078830521594,8.549078830521594,22.380882331111877,49.59339335063135,10.752758802557587,34.55363955715444,4.912200026309785,2,0.25,-30.0,180.0,0.0
20260724_230314__rp0p25__vinf25__incm30__toff56210__Om180__om180,1.3788260118664388,0.204388457303787,23.30457015809547,71.49021882182656,591.3736806860672,8,2.842170943040401e-14,0.25998171832053885,2,6.679101716144942e-13,,,,,-6.340846717605114,-64.03034185176996,10.372655632872934,-79.07009564524688,5.716894492261363,2,0.25,-30.0,180.0,180.0
20260724_230314__rp0p25__vinf25__incm30__toff56210__Om180__om270,0.9892361289486362,0.3785731306784857,21.69865673460489,206.4402974965483,359.37490259907685,9,1.4495071809506044e-12,7.755102512706948,1,0.118088006980269,61.37544904657465,90.0,28.62455095342535,10.63905762319932,17.555193012726157,27.73272823425807,10.847886737991946,12.692974440781155,5.405464890583239,2,0.25,-30.0,180.0,270.0
20260724_230314__rp0p25__vinf25__incm30__toff56210__Om180__om90,1.248131615015869,0.1390635465588359,23.74618518338837,38.02109342704669,509.317227485008,9,7.105427357601002e-15,2.0889508189966866,1,4.476419235288631e-13,56.4426902380793,12.187474135425045,-44.25521610265426,44.25521610265426,1.0799075035639492,-57.170827310929894,9.597764794637634,-72.21058110440681,4.569765521759555,1,0.25,-30.0,180.0,90.0
20260724_230314__rp0p25__vinf25__incm30__toff56210__Om270__om0,1.2450165843964636,0.1468277363800061,19.707404318781077,50.54433348475913,507.4117211773303,9,7.105427357601002e-15,0.7822771458847443,1,1.7763568394002505e-13,54.2046324563124,16.127620213160764,-38.07701224315164,38.07701224315164,1.3658572503556146,-56.92399764589488,8.56045888063661,-71.96375143937179,4.398244005312186,0,0.25,-30.0,270.0,0.0
20260724_230314__rp0p25__vinf25__incm30__toff56210__Om270__om180,1.1263574215850536,0.3157697221788291,27.551812186688394,172.12100025937468,436.6285481157489,14,0.0,8.958667163152324,1,1.4139800441625994e-12,52.08179734355447,4.460843697873993,-47.62095364568048,19.813808496710784,8.65948015196677,-45.88026158548927,11.762457584846267,-60.920015378966184,5.0932741123193335,2,0.25,-30.0,270.0,180.0
20260724_230314__rp0p25__vinf25__incm30__toff56210__Om270__om270,0.7222555286360657,0.3003535410137764,19.706721606925672,270.1287151547611,224.19922278921,19,0.0,1.4633194691983036,1,7.105427357601002e-13,90.0,90.0,0.0,0.0,34.43809193037423,130.69839083486997,5.177116503441596,115.65863704139305,5.656649265972788,2,0.25,-30.0,270.0,270.0
20260724_230314__rp0p25__vinf25__incm30__toff56210__Om270__om90,1.3721434513992417,0.1933256473061598,22.506822978628907,62.25978067156186,587.0797035586479,8,3.552713678800501e-14,0.5546178059959193,1,9.237055564881302e-14,,,,,-5.969414908147899,-63.78254350882033,9.882121709747459,-78.82229730229724,5.040038680138254,2,0.25,-30.0,270.0,90.0
20260724_230314__rp0p25__vinf25__incm30__toff56210__Om90__om0,0.9438006278482834,0.2684068964250831,25.142777995714503,180.3891889851745,334.902340939104,10,1.4210854715202004e-14,9.29777142485596,1,1.1866063687193673e-12,61.37544904657465,90.0,28.62455095342535,20.075472122903754,19.178150842774787,34.44404067588307,15.06115744075663,19.40428688240616,5.020044552065031,2,0.25,-30.0,90.0,0.0
20260724_230314__rp0p25__vinf25__incm30__toff56210__Om90__om180,1.207525599489252,0.1114581189782525,25.131055099851213,45.34374634586867,484.6657274251776,10,2.1316282072803006e-14,1.715879154082899,1,4.050093593832571e-13,58.82116446134409,28.540365484875558,-30.28079897646853,30.28079897646853,3.2441924368369035,-54.57882223588695,9.973184129842103,-69.61857602936387,3.981606315653389,0,0.25,-30.0,90.0,180.0
20260724_230314__rp0p25__vinf25__incm30__toff56210__Om90__om270,1.410300190119849,0.2002567632964733,26.19165480585636,111.82770440151188,611.7375466629107,8,2.842170943040401e-14,3.6615019305182885,1,7.815970093361102e-13,,,,,-8.02781884511847,-65.5253819029693,10.88231850666564,-80.56513569644622,4.541338454199444,0,0.25,-30.0,90.0,270.0
20260724_230314__rp0p25__vinf25__incm30__toff56210__Om90__om90,0.9013264611026608,0.1349954194130736,27.916762222172384,289.8813026271879,312.55105720113056,12,0.0,1.5334799743143321,1,7.318590178329032e-13,90.0,90.0,0.0,0.0,21.071450006652075,42.84273656593651,12.68750765502851,27.8029827724596,4.071759291680368,1,0.25,-30.0,90.0,90.0
20260724_230314__rp0p25__vinf25__incm60__toff56210__Om0__om0,1.968915988248462,0.4450486208276562,21.81522323378972,94.1707987882006,1009.1101367094112,5,4.263256414560601e-14,0.9194376844390213,1,9.947598300641403e-14,,,,,-30.55485944748912,-79.45206475229462,11.96346961668111,-94.49181854577154,5.008253986316138,0,0.25,-60.0,0.0,0.0
20260724_230314__rp0p25__vinf25__incm60__toff56210__Om0__om180,0.7523264189482232,0.3612673392013686,25.973268089999262,257.3699024887038,238.34566625948705,18,0.0,3.703468006833642,1,1.2789769243681803e-13,90.0,90.0,0.0,0.0,32.904669677729494,116.74818567212074,6.727939499411875,101.70843187864382,5.37282096840395,1,0.25,-60.0,0.0,180.0
20260724_230314__rp0p25__vinf25__incm60__toff56210__Om0__om270,1.1170421399794708,0.0717362631478273,23.813875277575985,168.46516931753928,431.2232077836514,14,1.4210854715202004e-14,6.662218826477746,1,5.186961971048731e-13,54.2046324563124,20.147886287247108,-34.05674616906529,9.852113712752896,8.287477311340778,-47.56470268106575,8.578671491848738,-62.60445647454266,2.385285487147762,0,0.25,-60.0,0.0,270.0
20260724_230314__rp0p25__vinf25__incm60__toff56210__Om0__om90,1.1812249880724837,0.179221175973139,29.253039630685475,95.99625723923916,468.9178108261398,11,0.0,3.07345082887465,1,5.258016244624741e-13,56.4426902380793,32.98670708247892,-23.45598315560038,23.45598315560038,4.819509808009648,-52.20500696949743,12.961432013800362,-67.24476076297435,2.319908815991788,0,0.25,-60.0,0.0,90.0
20260724_230314__rp0p25__vinf25__incm60__toff56210__Om180__om0,0.7454183787068396,0.3007875833899558,25.472318959323456,241.71496148057216,235.07039378564627,18,0.0,6.146476331210174,1,1.6910917111090384e-12,81.4509211694784,90.0,8.549078830521594,8.549078830521594,32.57279849663512,115.95956986293639,9.0153254064289,100.91981606945947,5.266152060656921,1,0.25,-60.0,180.0,0.0
20260724_230314__rp0p25__vinf25__incm60__toff56210__Om180__om180,1.4913395686917572,0.2583256976629638,23.36202886487675,74.87699577714346,665.2158700558118,7,2.842170943040401e-14,0.02773113310077946,2,5.115907697472721e-13,,,,,-12.053670344626774,-68.47960344183156,10.855119357912585,-83.51935723530848,5.04721168488731,1,0.25,-60.0,180.0,180.0
20260724_230314__rp0p25__vinf25__incm60__toff56210__Om180__om270,1.0387460199909235,0.2485264737199464,24.080009207229036,209.8891068334237,386.6890280362467,10,0.0,6.935809421583773,1,0.4303722734626678,58.82116446134409,61.37544904657465,2.554284585230562,2.554284585230562,13.281920425027034,8.665887226811407,8.89121767808017,-6.373866566665507,4.341513391010629,1,0.25,-60.0,180.0,270.0
20260724_230314__rp0p25__vinf25__incm60__toff56210__Om180__om90,1.2059557911797405,0.1067430506488785,25.538416335386312,37.36093795445298,483.720921420406,10,0.0,2.332768760749857,1,6.394884621840902e-13,61.37544904657465,30.000000000000004,-31.375449046574648,31.375449046574648,3.301657632265578,-54.489957164979465,9.925625911623818,-69.52971095845638,4.0370436740192455,0,0.25,-60.0,180.0,90.0
20260724_230314__rp0p25__vinf25__incm60__toff56210__Om270__om0,1.2440470529033332,0.1718632869572632,17.635766913327696,44.13528338714565,506.8191316531671,9,2.1316282072803006e-14,0.9660164711834305,1,3.126388037344441e-13,54.2046324563124,18.797368824406544,-35.40726363190586,35.40726363190586,1.522633758956911,-56.69487455985719,8.107551617271206,-71.7346283533341,4.198182602212987,0,0.25,-60.0,270.0,0.0
20260724_230314__rp0p25__vinf25__incm60__toff56210__Om270__om180,1.2974078998272018,0.3089601690363408,31.30543073758525,133.81275317031222,539.7747902873078,9,4.973799150320701e-14,7.551279655062757,1,1.5063505998114124e-12,,,,,-1.045620802781768,-58.629592644615855,14.481518524021197,-73.66934643809277,5.077233917894549,2,0.25,-60.0,270.0,180.0
20260724_230314__rp0p25__vinf25__incm60__toff56210__Om270__om270,0.7642430408513842,0.2325943615409021,21.26289148379565,264.17805236903416,244.0310168041648,17,0.0,2.1504236375258685,1,1.1937117960769683e-12,90.0,90.0,0.0,0.0,30.738049515307583,102.22145132754581,7.295753365370324,87.18169753406889,5.008449931587786,2,0.25,-60.0,270.0,270.0
20260724_230314__rp0p25__vinf25__incm60__toff56210__Om270__om90,1.2168503500854355,0.1049540335615974,22.700860786834376,31.754807681825937,490.29057803096447,10,7.105427357601002e-15,2.2149039027703137,1,4.263256414560601e-14,58.82116446134409,27.100685348240216,-31.720479113103874,31.720479113103874,2.77250889251801,-55.26050292700806,8.815411673492463,-70.30025672048498,3.610331575246725,0,0.25,-60.0,270.0,90.0
20260724_230314__rp0p25__vinf25__incm60__toff56210__Om90__om0,0.9259299805646624,0.2633318100290127,23.547969572210185,177.5776767277263,325.4355627728809,11,0.0,8.973643845215113,1,1.0089706847793423e-12,64.15806723683289,90.0,25.841932763167108,17.292853932645514,20.303575633758115,39.53333082799375,14.58161156126987,24.49357703451684,5.087350094442247,3,0.25,-60.0,90.0,0.0
20260724_230314__rp0p25__vinf25__incm60__toff56210__Om90__om180,1.1781521148906335,0.1143373281949311,26.551296848703814,30.965663088187437,467.0892166245978,11,3.552713678800501e-14,2.9802850376490237,1,3.339550858072471e-13,64.15806723683289,37.66988696432963,-26.488180272503264,26.488180272503264,4.809257654417311,-52.408739558397244,10.366473633715394,-67.44849335187416,3.761719750258664,0,0.25,-60.0,90.0,180.0
20260724_230314__rp0p25__vinf25__incm60__toff56210__Om90__om270,1.2953610910682365,0.1391889981475506,27.80690606530139,159.70851462032795,538.497959873042,9,2.1316282072803006e-14,7.2323226998676375,1,1.3002932064409833e-12,,,,,-1.5639571557398015,-60.041351248700046,9.766357286738156,-75.08110504217696,3.4902134554197253,0,0.25,-60.0,90.0,270.0
20260724_230314__rp0p25__vinf25__incm60__toff56210__Om90__om90,0.9774255746364706,0.0683345214196489,32.531052167779094,342.9624223297428,352.958250243105,8,1.822542117224657e-12,5.825626175081576,1,0.002464752946686133,90.0,90.0,0.0,0.0,16.164239065548017,20.428708694090265,16.86669131469241,5.388954900613351,2.792920451275506,0,0.25,-60.0,90.0,90.0
20260724_230314__rp0p25__vinf25__incm90__toff56210__Om0__om0,2.071027549726596,0.5164560334390238,21.05144290161384,86.5661896691803,1088.6207411207297,5,1.4210854715202004e-14,0.5072657458415151,1,1.5631940186722204e-13,,,,,-33.36079019929402,-80.42879944824132,12.939827780782252,-95.46855324171824,5.042471983716937,0,0.25,-90.0,0.0,0.0
20260724_230314__rp0p25__vinf25__incm90__toff56210__Om0__om180,0.7963031023695136,0.3462572103255522,25.16270977404978,254.17424889107247,259.5466345750756,16,0.0,3.944745970533031,1,4.547473508864641e-13,81.4509211694784,90.0,8.549078830521594,8.549078830521594,29.61395669713701,92.71916052951187,6.581567836381602,77.67940673603495,4.781624196247362,1,0.25,-90.0,0.0,180.0
20260724_230314__rp0p25__vinf25__incm90__toff56210__Om0__om270,1.1027005313623892,0.1689123105380128,24.436264900805767,197.61474085634703,422.9452638992747,16,1.4210854715202004e-14,6.879241203506212,1,6.110667527536862e-13,54.2046324563124,8.305109528050396,-45.89952292826201,14.58027094810817,9.20932646105112,-45.653019626587216,8.048903926571683,-60.69277342006413,2.836497127960412,0,0.25,-90.0,0.0,270.0
20260724_230314__rp0p25__vinf25__incm90__toff56210__Om0__om90,1.224949182926044,0.2074432325669405,30.77440117148727,59.22037192833175,495.1934583368524,10,4.263256414560601e-14,1.288408661813185,1,6.750155989720952e-13,58.82116446134409,21.510188266887486,-37.3109761944566,37.3109761944566,2.3562592767447827,-55.12676880165749,13.605803491923297,-70.16652259513441,2.8779361195942585,0,0.25,-90.0,0.0,90.0
20260724_230314__rp0p25__vinf25__incm90__toff56210__Om180__om0,0.7328769197473303,0.3603482504979231,21.782573359904543,246.0215068367916,229.1629253705344,19,0.0,5.2957891664267045,1,1.5631940186722204e-12,81.4509211694784,90.0,8.549078830521594,8.549078830521594,34.411333793902024,128.83288229078232,5.700814233549238,113.7931284973054,5.521106467059533,1,0.25,-90.0,180.0,0.0
20260724_230314__rp0p25__vinf25__incm90__toff56210__Om180__om180,1.7809375639625182,0.3828313562308874,24.382930557620867,82.6612122710934,868.1021498256251,6,0.0,0.2954027982575944,1,6.252776074688882e-13,,,,,-24.00736960987427,-76.15917768298719,12.314305224345361,-91.19893147646411,4.597047128648184,0,0.25,-90.0,180.0,180.0
20260724_230314__rp0p25__vinf25__incm90__toff56210__Om180__om270,1.1221360417374673,0.181152443610343,26.039899927098496,186.95823850899745,434.1762445195351,13,0.0,7.558048898261494,1,1.3571366253017914e-12,52.08179734355447,17.457603123722098,-34.624194219832376,11.08276236115346,8.119295508418709,-47.31562046739351,9.058117045065963,-62.35537426087042,2.8973206635639226,0,0.25,-90.0,180.0,270.0
20260724_230314__rp0p25__vinf25__incm90__toff56210__Om180__om90,1.1428434527704925,0.0578095566924899,27.278519483118203,74.62571265955727,446.24966929326655,12,0.0,0.740981783960641,1,5.258016244624741e-13,61.37544904657465,28.540365484875558,-32.83508356169909,18.705215175317058,6.743712712543869,-49.827065446171865,10.40023863833158,-64.86681923964878,3.0950847060730777,0,0.25,-90.0,180.0,90.0
20260724_230314__rp0p25__vinf25__incm90__toff56210__Om270__om0,1.2361678587681588,0.2031307591431627,17.797460154822627,36.97571578583594,502.01184159216575,10,2.1316282072803006e-14,1.4508263008388895,1,2.6290081223123707e-13,56.4426902380793,22.885380476158566,-33.557309761920735,33.557309761920735,2.046427936134376,-55.92545188365615,8.481490055566084,-70.96520567713307,3.981157527201714,0,0.25,-90.0,270.0,0.0
20260724_230314__rp0p25__vinf25__incm90__toff56210__Om270__om180,1.2308313840760583,0.2800386965962377,28.936165405644605,150.31618890891448,498.7646125002971,10,1.4210854715202004e-14,8.055801489100938,1,1.1510792319313623e-12,46.23825730732021,18.797368824406544,-27.440888482913667,27.440888482913667,2.5443931767864907,-54.73461788142575,12.629544214055564,-69.77437167490267,4.8619370480195805,2,0.25,-90.0,270.0,180.0
20260724_230314__rp0p25__vinf25__incm90__toff56210__Om270__om270,0.9189758270523518,0.1410419346571056,22.27245832507331,206.71702796734428,321.7762025168511,11,0.0,6.919205164811334,1,4.547473508864641e-13,64.15806723683289,90.0,25.841932763167108,17.292853932645514,20.04584873559044,38.17926434064319,10.938210836623137,23.13951054716628,3.2871926791283377,1,0.25,-90.0,270.0,270.0
20260724_230314__rp0p25__vinf25__incm90__toff56210__Om270__om90,1.036171983937768,0.0998379453229819,23.30014300867171,300.1054982913195,385.252582649773,11,0.0,1.6369988384056384,1,0.24590197186116391,70.81186354627908,56.4426902380793,-14.369173308199784,6.653796309446193,12.975757696587031,5.674588880928074,8.441096634325932,-9.36516491254884,2.498293926677825,0,0.25,-90.0,270.0,90.0
20260724_230314__rp0p25__vinf25__incm90__toff56210__Om90__om0,0.9460794317394154,0.276152187103904,22.28996230337746,173.5215973598429,336.1160039023733,10,0.0,8.54218573972448,1,6.252776074688882e-13,64.15806723683289,90.0,25.841932763167108,14.83511158197571,19.18499769555749,34.369495009181094,14.346608769297873,19.329741215704182,5.045627890479244,3,0.25,-90.0,90.0,0.0
20260724_230314__rp0p25__vinf25__incm90__toff56210__Om90__om180,1.1542094009132906,0.1361702827694678,25.99991255372357,20.428496563703444,452.9233399851264,11,0.0,3.609156247421196,1,4.263256414560601e-13,67.25314872563517,27.100685348240216,-40.15246337739495,24.582914854377577,6.202858869261979,-50.398098773086225,10.296632649739557,-65.43785256656314,3.642766476277357,0,0.25,-90.0,90.0,180.0
20260724_230314__rp0p25__vinf25__incm90__toff56210__Om90__om270,1.075048418612613,0.1607422859916695,28.07837423970392,242.928510404693,407.1363017555289,35,0.0,3.9683993623781806,1,7.887024366937112e-13,61.37544904657465,14.806506911897516,-46.56894213467714,8.07887356426105,10.65235077646834,-43.03886648586393,7.653116133284755,-58.07862027934084,3.117203123752472,0,0.25,-90.0,90.0,270.0
20260724_230314__rp0p25__vinf25__incm90__toff56210__Om90__om90,1.1474261324238708,0.1681026244450576,33.17425362725536,44.20168623435004,448.93647821330535,11,0.0,3.154832886815722,1,4.050093593832571e-13,70.81186354627908,25.679288619456855,-45.13257492682223,26.384859545473383,6.438539406412576,-49.60607938098524,13.884260626827952,-64.64583317446215,2.5973161706766765,0,0.25,-90.0,90.0,90.0
20260724_230314__rp0p5__vinf25__inc0__toff56210__Om0__om0,1.4563859119186395,0.223912507506597,22.403395859421096,100.2382324352328,641.9666899291227,7,0.0,2.1493466384299857,1,2.7000623958883807e-13,,,,,-10.387152368883399,-67.34581442810963,9.98833237471824,-82.38556822158655,5.095864228982615,1,0.5,0.0,0.0,0.0
20260724_230314__rp0p5__vinf25__inc0__toff56210__Om0__om180,0.7459020002990039,0.2482155422412985,24.686064786673636,251.91195988377189,235.2991986263993,18,0.0,4.215532085616321,1,1.3926637620897964e-12,90.0,90.0,0.0,0.0,32.033984067870534,112.50239370584524,9.033882206282726,97.46263991236832,4.539773875780156,1,0.5,0.0,0.0,180.0
20260724_230314__rp0p5__vinf25__inc0__toff56210__Om0__om270,1.1499934633107738,0.0948457971259651,22.925378683934348,37.27038210663758,450.44404317520906,12,1.4210854715202004e-14,2.0070158300925502,1,1.5631940186722204e-13,64.15806723683289,28.540365484875558,-35.617701751957334,21.487833365575298,6.445708200912146,-50.281561481157226,9.119541879399542,-65.32131527463414,3.802494707039929,1,0.5,0.0,0.0,270.0
20260724_230314__rp0p5__vinf25__inc0__toff56210__Om0__om90,0.9884658814852844,0.4102894767708703,25.23034770298934,182.1637212649003,358.9552549900002,9,7.780442956573097e-13,10.143557991902838,1,0.04383173613049607,61.37544904657465,90.0,28.62455095342535,14.83511158197571,17.976469608035714,29.53567815826064,17.142353270539054,14.495924364783727,4.921909084365955,2,0.5,0.0,0.0,90.0
20260724_230314__rp0p5__vinf25__inc0__toff56210__Om180__om0,0.7459020002990039,0.2482155422412985,24.686064786673636,251.91195988377189,235.2991986263993,18,0.0,4.215532085616321,1,1.3926637620897964e-12,90.0,90.0,0.0,0.0,32.033984067870534,112.50239370584524,9.033882206282726,97.46263991236832,4.539773875780156,1,0.5,0.0,180.0,0.0
20260724_230314__rp0p5__vinf25__inc0__toff56210__Om180__om180,1.4563859122555345,0.223912507236958,22.40339585766999,100.23823239227622,641.9666901518747,7,1.4210854715202004e-14,2.149346634983841,1,7.815970093361102e-13,,,,,-10.387152385128053,-67.34581444385536,9.988332369098416,-82.38556823733228,5.095864229243494,1,0.5,0.0,180.0,180.0
20260724_230314__rp0p5__vinf25__inc0__toff56210__Om180__om270,0.9884658813211916,0.4102894770289404,25.230347693980477,182.16372128524748,358.9552549006162,9,7.389644451905042e-13,10.143557993108352,1,0.04383173621937786,61.37544904657465,90.0,28.62455095342535,14.83511158197571,17.976469622046128,29.535678217297995,17.1423532702798,14.495924423821082,4.921909013428125,2,0.5,0.0,180.0,270.0
20260724_230314__rp0p5__vinf25__inc0__toff56210__Om180__om90,1.1499934633107738,0.0948457971259651,22.925378683934348,37.27038210663758,450.44404317520906,12,1.4210854715202004e-14,2.0070158300925502,1,1.5631940186722204e-13,64.15806723683289,28.540365484875558,-35.617701751957334,21.487833365575298,6.445708200912146,-50.281561481157226,9.119541879399542,-65.32131527463414,3.802494707039929,1,0.5,0.0,180.0,90.0
20260724_230314__rp0p5__vinf25__inc0__toff56210__Om270__om0,1.1499934633107738,0.0948457971259651,22.925378683934348,37.27038210663758,450.44404317520906,12,1.4210854715202004e-14,2.0070158300925502,1,1.5631940186722204e-13,64.15806723683289,28.540365484875558,-35.617701751957334,21.487833365575298,6.445708200912146,-50.281561481157226,9.119541879399542,-65.32131527463414,3.802494707039929,1,0.5,0.0,270.0,0.0
20260724_230314__rp0p5__vinf25__inc0__toff56210__Om270__om180,0.9884658813211916,0.4102894770289404,25.230347693980477,182.16372128524748,358.9552549006162,9,7.389644451905042e-13,10.143557993108352,1,0.04383173621937786,61.37544904657465,90.0,28.62455095342535,14.83511158197571,17.976469622046128,29.535678217297995,17.1423532702798,14.495924423821082,4.921909013428125,2,0.5,0.0,270.0,180.0
20260724_230314__rp0p5__vinf25__inc0__toff56210__Om270__om270,0.7459020118377181,0.2482154826558602,24.68606535418963,251.9119264004997,235.2992040863328,18,0.0,4.21553695781617,1,7.673861546209082e-13,90.0,90.0,0.0,0.0,32.033982731495364,112.50238382342573,9.033885166664845,97.46263002994881,4.5397736685742,1,0.5,0.0,270.0,270.0
20260724_230314__rp0p5__vinf25__inc0__toff56210__Om270__om90,1.4563859122555345,0.223912507236958,22.40339585766999,100.23823239227622,641.9666901518747,7,1.4210854715202004e-14,2.149346634983841,1,7.815970093361102e-13,,,,,-10.387152385128053,-67.34581444385536,9.988332369098416,-82.38556823733228,5.095864229243494,1,0.5,0.0,270.0,90.0
20260724_230314__rp0p5__vinf25__inc0__toff56210__Om90__om0,0.9884658814852844,0.4102894767708703,25.23034770298934,182.1637212649003,358.9552549900002,9,7.780442956573097e-13,10.143557991902838,1,0.04383173613049607,61.37544904657465,90.0,28.62455095342535,14.83511158197571,17.976469608035714,29.53567815826064,17.142353270539054,14.495924364783727,4.921909084365955,2,0.5,0.0,90.0,0.0
20260724_230314__rp0p5__vinf25__inc0__toff56210__Om90__om180,1.1499934633107738,0.0948457971259651,22.925378683934348,37.27038210663758,450.44404317520906,12,1.4210854715202004e-14,2.0070158300925502,1,1.5631940186722204e-13,64.15806723683289,28.540365484875558,-35.617701751957334,21.487833365575298,6.445708200912146,-50.281561481157226,9.119541879399542,-65.32131527463414,3.802494707039929,1,0.5,0.0,90.0,180.0
20260724_230314__rp0p5__vinf25__inc0__toff56210__Om90__om270,1.4563859122555345,0.223912507236958,22.40339585766999,100.23823239227622,641.9666901518747,7,1.4210854715202004e-14,2.149346634983841,1,7.815970093361102e-13,,,,,-10.387152385128053,-67.34581444385536,9.988332369098416,-82.38556823733228,5.095864229243494,1,0.5,0.0,90.0,270.0
20260724_230314__rp0p5__vinf25__inc0__toff56210__Om90__om90,0.7459020002990039,0.2482155422412985,24.686064786673636,251.91195988377189,235.2991986263993,18,0.0,4.215532085616321,1,1.3926637620897964e-12,90.0,90.0,0.0,0.0,32.033984067870534,112.50239370584524,9.033882206282726,97.46263991236832,4.539773875780156,1,0.5,0.0,90.0,90.0
20260724_230314__rp0p5__vinf25__inc30__toff56210__Om0__om0,1.4514401985084064,0.2204708970359593,23.66585411670441,99.39871740131892,638.6994038539926,7,4.263256414560601e-14,2.1494554605889444,1,1.4210854715202004e-14,,,,,-10.17116563475999,-67.16575857881365,10.384709137607302,-82.20551237229057,8.358155144572983,2,0.5,30.0,0.0,0.0
20260724_230314__rp0p5__vinf25__inc30__toff56210__Om0__om180,0.7424832276121951,0.2382385589880081,22.940120972644426,240.3420825461073,233.68334559522103,18,0.0,5.663588506695238,1,2.984279490192421e-13,81.4509211694784,90.0,8.549078830521594,8.549078830521594,32.22647485916256,114.14972651784423,9.0148057328675,99.10997272436731,4.7060347149736295,1,0.5,30.0,0.0,180.0
20260724_230314__rp0p5__vinf25__inc30__toff56210__Om0__om270,1.1579431323102938,0.1041182852553951,23.618118609496072,28.370592860161405,455.12284682461865,11,4.263256414560601e-14,2.64056951686024,1,6.394884621840902e-14,64.15806723683289,24.274652194584778,-39.88341504224812,21.487833365575298,5.998468975247408,-50.88131390908465,9.286384450176207,-65.92106770256157,4.498706297575938,2,0.5,30.0,0.0,270.0
20260724_230314__rp0p5__vinf25__inc30__toff56210__Om0__om90,0.972174266867874,0.4354912089608123,23.021460482490323,197.95381057337676,350.1176237518635,10,2.842170943040401e-14,9.26113101329254,1,8.810729923425242e-13,64.15806723683289,90.0,25.841932763167108,17.292853932645514,19.4292603052009,35.769157907086026,14.041740253553275,20.729404113609114,5.534210324572904,2,0.5,30.0,0.0,90.0
20260724_230314__rp0p5__vinf25__inc30__toff56210__Om180__om0,0.7640935576031779,0.2596891388355495,26.227552017913432,255.43516439587464,243.9594228936977,17,0.0,3.7097531322231063,1,3.410605131648481e-13,90.0,90.0,0.0,0.0,30.8250484308961,103.02962566248647,9.286502548696895,87.98987186900955,4.772418312991861,1,0.5,30.0,180.0,0.0
20260724_230314__rp0p5__vinf25__inc30__toff56210__Om180__om180,1.4713503208411216,0.2467379313705974,21.27744460270327,98.26679061819694,651.8864032197213,7,7.105427357601002e-14,1.8989560190522248,1,8.242295734817162e-13,,,,,-11.039454922581683,-67.78406636963017,9.942688524691377,-82.82382016310709,4.182496658002864,0,0.5,30.0,180.0,180.0
20260724_230314__rp0p5__vinf25__inc30__toff56210__Om180__om270,1.0046029439381672,0.3074597622888881,27.423480292884054,166.90988672044628,367.7811446406352,8,5.005773573429906e-12,9.681516035444968,1,3.5243939574769456e-05,58.82116446134409,90.0,31.17883553865591,8.549078830521594,15.758571806907359,19.82951353156168,17.60715723803822,4.789759738084767,3.791117396277374,1,0.5,30.0,180.0,270.0
20260724_230314__rp0p5__vinf25__inc30__toff56210__Om180__om90,1.1186318116000076,0.0535448794831834,22.779622839815403,65.0812751834513,432.1440510081104,14,1.4210854715202004e-14,0.3301971025215664,6,3.126388037344441e-13,64.15806723683289,20.147886287247108,-44.01018094958579,16.046664151873905,8.196465894892794,-47.76261985741964,8.860278420637002,-62.80237365089655,3.128858376320905,0,0.5,30.0,180.0,90.0
20260724_230314__rp0p5__vinf25__inc30__toff56210__Om270__om0,1.1364872388454097,0.0865348413344751,25.32675061472601,31.46141869738481,442.5319543636065,12,1.4210854715202004e-14,2.710349029564619,1,9.237055564881302e-14,67.25314872563517,18.797368824406544,-48.455779901228624,21.01489141831496,7.130605158786755,-49.19468964411928,9.806524990962075,-64.2344434375962,3.683249502473146,0,0.5,30.0,270.0,0.0
20260724_230314__rp0p5__vinf25__inc30__toff56210__Om270__om180,0.913224152694376,0.3835095757763176,28.29889501426442,181.31466070745083,318.76004096230605,12,0.0,11.654925623788806,1,1.0302869668521453e-12,64.15806723683289,90.0,25.841932763167108,25.841932763167108,22.274634728335002,49.11908203926545,19.176712613113473,34.07932824578854,5.180196617600334,2,0.5,30.0,270.0,180.0
20260724_230314__rp0p5__vinf25__inc30__toff56210__Om270__om270,0.7979852648198963,0.1674583844329949,28.043517581694868,246.8102098377369,260.3694935387103,16,0.0,4.747353358006535,1,2.842170943040401e-14,81.4509211694784,90.0,8.549078830521594,8.549078830521594,27.784909916671733,82.36596540168343,12.469327153975044,67.3262116082065,3.76563040658529,1,0.5,30.0,270.0,270.0
20260724_230314__rp0p5__vinf25__inc30__toff56210__Om270__om90,1.372887764683031,0.1835246587375521,23.309648270711307,119.07456180361268,587.5574566038788,8,2.1316282072803006e-14,4.2880347244986226,1,1.1723955140041653e-12,,,,,-5.8576863011951446,-63.88285927583912,9.669714683699652,-78.92261306931603,3.5717106949243886,0,0.5,30.0,270.0,90.0
20260724_230314__rp0p5__vinf25__inc30__toff56210__Om90__om0,1.2038065480204356,0.3989354074298655,21.936837322670645,166.47052088815852,482.42837337074366,10,5.684341886080802e-14,7.667723707839601,1,7.389644451905042e-13,50.05549481018513,9.594068226860466,-40.461426583324666,24.924039614200794,5.20788881072586,-50.71693329630986,11.029736009960445,-65.75668708978678,5.025103402875688,1,0.5,30.0,90.0,0.0
20260724_230314__rp0p5__vinf25__inc30__toff56210__Om90__om180,1.150730900272394,0.105782697317292,20.253077401728927,36.90998685589484,450.87738563768016,12,7.105427357601002e-15,1.6227388489390906,1,6.394884621840902e-14,64.15806723683289,28.540365484875558,-35.617701751957334,21.487833365575298,6.491897209195349,-50.289358649663306,8.324775528434664,-65.32911244314022,4.274288713797789,1,0.5,30.0,90.0,180.0
20260724_230314__rp0p5__vinf25__inc30__toff56210__Om90__om270,1.381492274057871,0.1847623811147742,22.147123356450223,85.06039559853515,593.0898355288595,8,1.4210854715202004e-14,1.353259236697438,1,4.547473508864641e-13,,,,,-6.4460657276722815,-64.28963211076305,9.67506030023359,-79.32938590423997,4.33611002932931,1,0.5,30.0,90.0,270.0
20260724_230314__rp0p5__vinf25__inc30__toff56210__Om90__om90,0.7375950643786587,0.2478655717007351,21.99174569509112,251.35346072011268,231.37945475107287,18,0.0,4.091965886806367,1,1.7053025658242404e-12,81.4509211694784,90.0,8.549078830521594,8.549078830521594,32.69800358279781,117.6306374760047,7.699393717585025,102.59088368252777,4.935054415395455,1,0.5,30.0,90.0,90.0
20260724_230314__rp0p5__vinf25__inc60__toff56210__Om0__om0,1.4623180275374112,0.2309618795239822,24.946259687998904,95.58008314737836,645.8929458646505,7,4.263256414560601e-14,1.7875431626514917,1,6.110667527536862e-13,,,,,-10.727393342958827,-67.5379633441476,10.982746321559745,-82.57771713762452,4.621930791832244,1,0.5,60.0,0.0,0.0
20260724_230314__rp0p5__vinf25__inc60__toff56210__Om0__om180,0.7512402695014206,0.2519224865858835,21.52670985515943,240.82869671535803,237.82969563701025,18,0.0,5.3814549168160255,1,1.1937117960769683e-12,81.4509211694784,90.0,8.549078830521594,8.549078830521594,31.774544320637858,110.18164243620255,7.902655787943317,95.14188864272563,4.682428735600438,1,0.5,60.0,0.0,180.0
20260724_230314__rp0p5__vinf25__inc60__toff56210__Om0__om270,1.1365466663583144,0.0789736453130565,24.681518485278517,27.627602987223952,442.5666651588338,12,1.4210854715202004e-14,2.7797170688839303,1,3.339550858072471e-13,67.25314872563517,18.797368824406544,-48.455779901228624,21.01489141831496,7.142599065096871,-49.2298712012051,9.436378623528725,-64.26962499468202,3.541252475514339,1,0.5,60.0,0.0,270.0
20260724_230314__rp0p5__vinf25__inc60__toff56210__Om0__om90,0.995909348347098,0.3704848873570792,22.33215896383814,205.4804940887965,363.0174517445183,9,2.4158453015843406e-12,7.863830693168083,1,0.192008634699814,61.37544904657465,90.0,28.62455095342535,10.63905762319932,17.028626082926074,25.53040306963783,11.129859910749122,10.490649276160918,4.52488643286097,1,0.5,60.0,0.0,90.0
20260724_230314__rp0p5__vinf25__inc60__toff56210__Om180__om0,0.8122681946072988,0.2533652417709084,26.312469689180237,257.5939695831813,267.3911091279981,15,0.0,3.143215456626166,1,6.536993168992922e-13,81.4509211694784,90.0,8.549078830521594,8.549078830521594,27.483285824689357,79.6560638436309,9.10547487538362,64.61631005015398,4.287351119049056,1,0.5,60.0,180.0,0.0
20260724_230314__rp0p5__vinf25__inc60__toff56210__Om180__om180,1.4943485030238663,0.286933569028317,20.28909638836616,94.49896361014434,667.2300995889104,7,2.842170943040401e-14,1.5468980329775217,1,7.105427357601002e-13,,,,,-11.951929200506763,-68.35252422136958,10.22224929350827,-83.3922780148465,3.983318051754152,0,0.5,60.0,180.0,180.0
20260724_230314__rp0p5__vinf25__inc60__toff56210__Om180__om270,0.9952566737771484,0.1829205964677053,28.861231768064943,157.77718070523733,362.660652046868,8,4.639844064513454e-12,8.910090177996947,1,0.05703708142582542,58.82116446134409,90.0,31.17883553865591,8.549078830521594,15.482659806111274,17.98996437681618,16.986063149969432,2.950210583339265,2.303928804614819,0,0.5,60.0,180.0,270.0
20260724_230314__rp0p5__vinf25__inc60__toff56210__Om180__om90,1.081813964660798,0.0515698566865538,23.01131563622403,166.085401831544,410.9856565868619,24,0.0,6.541383198282736,1,1.1084466677857563e-12,56.4426902380793,16.127620213160764,-40.31507002491854,6.38719542789417,10.288990863112712,-44.3407811665135,8.418210344722077,-59.38053495999041,1.756904986674532,0,0.5,60.0,180.0,90.0
20260724_230314__rp0p5__vinf25__inc60__toff56210__Om270__om0,1.1210749057157277,0.0898730894813253,26.59220335917593,20.21090034581536,433.560528911378,13,0.0,3.556051999738962,1,6.821210263296962e-13,70.81186354627908,13.493398821551693,-57.31846472472739,20.756368736093954,7.974641895654175,-47.84906546571057,10.139864127415173,-62.88881925918748,3.4860592211142825,0,0.5,60.0,270.0,0.0
20260724_230314__rp0p5__vinf25__inc60__toff56210__Om270__om180,0.9412098153109284,0.3054451518810283,25.77843810498793,169.33882118996124,333.5242848713097,11,0.0,9.805672857591578,1,1.2718714970105793e-12,61.37544904657465,90.0,28.62455095342535,20.075472122903754,19.672560799333983,36.65093571276344,17.34565524905984,21.61118191928653,4.569737751196018,2,0.5,60.0,270.0,180.0
20260724_230314__rp0p5__vinf25__inc60__toff56210__Om270__om270,0.8933719610863349,0.0557603277016252,29.992112385094988,267.6192113126121,308.42265193205367,12,0.0,1.3357096785638767,1,5.186961971048731e-13,81.4509211694784,90.0,8.549078830521594,8.549078830521594,21.31170386120034,44.02853722461206,15.276416690510517,28.988783431135147,2.88563969300244,0,0.5,60.0,270.0,270.0
20260724_230314__rp0p5__vinf25__inc60__toff56210__Om270__om90,1.1727884753204865,0.0806559851337644,24.124593625963417,169.38279214667313,463.90315353975376,11,2.842170943040401e-14,6.593525160331172,1,1.0729195309977513e-12,50.05549481018513,9.594068226860466,-40.461426583324666,23.392638855618458,5.172637499172544,-52.147110399671895,8.460543180409836,-67.1868641931488,2.6759752794730245,0,0.5,60.0,270.0,90.0
20260724_230314__rp0p5__vinf25__inc60__toff56210__Om90__om0,1.2465930161880376,0.3486696378237016,25.07784895299068,161.02503103276925,508.3757482420899,9,7.815970093361102e-14,7.930034882287842,1,1.1226575225009583e-12,46.23825730732021,18.797368824406544,-27.440888482913667,27.440888482913667,2.2187980956855453,-54.796952096105926,11.530121214391308,-69.83670588958284,4.81476795884786,1,0.5,60.0,90.0,0.0
20260724_230314__rp0p5__vinf25__inc60__toff56210__Om90__om180,1.1331262724958469,0.1169953202676382,18.49126238306263,30.09301581630381,440.5703377534183,13,2.1316282072803006e-14,1.7489349652174146,1,3.979039320256561e-13,64.15806723683289,25.679288619456855,-38.47877861737604,17.91980992951268,7.5268970084088584,-48.75665061582727,7.792224204495895,-63.79640440930418,3.48365754773184,0,0.5,60.0,90.0,180.0
20260724_230314__rp0p5__vinf25__inc60__toff56210__Om90__om270,1.2213455575072458,0.092492452376449,22.350655212986428,65.43583436941748,493.00988368197096,10,2.1316282072803006e-14,0.14667192010191243,1,5.684341886080802e-14,56.4426902380793,24.274652194584778,-32.16803804349452,32.16803804349452,2.5339398135021667,-55.620899301297754,8.888635256822624,-70.66065309477467,2.841399027390615,0,0.5,60.0,90.0,270.0
20260724_230314__rp0p5__vinf25__inc60__toff56210__Om90__om90,0.7874263376455314,0.1800769832015575,20.97508781296091,244.1760085307929,255.21881958088628,16,0.0,4.430857109696728,1,4.831690603168681e-13,75.16488841802429,90.0,14.83511158197571,14.83511158197571,28.769742056322276,88.5647718872188,8.616637997380671,73.52501809374188,4.904667972631945,2,0.5,60.0,90.0,90.0
20260724_230314__rp0p5__vinf25__inc90__toff56210__Om0__om0,1.4850176195995215,0.2622463230582087,26.02160166413025,93.34051747859068,660.9904733556668,7,4.263256414560601e-14,1.5164858739570324,1,1.0231815394945443e-12,,,,,-11.74235088896537,-68.20226957203737,11.80313692148053,-83.24202336551429,3.966908415062252,0,0.5,90.0,0.0,0.0
20260724_230314__rp0p5__vinf25__inc90__toff56210__Om0__om180,0.7836171305664789,0.2617397128050055,20.4018810423579,249.16973779244503,253.369113907298,16,0.0,4.038641410747303,1,1.9895196601282805e-13,81.4509211694784,90.0,8.549078830521594,8.549078830521594,29.65511871382982,94.04359735465346,6.3805595431825,79.00384356117654,4.623211849987614,1,0.5,90.0,0.0,180.0
20260724_230314__rp0p5__vinf25__inc90__toff56210__Om0__om270,1.100668803249636,0.0361184513754514,25.80472018641096,69.60502767176855,421.7768861529272,15,1.4210854715202004e-14,0.336006069117202,1,6.679101716144942e-13,64.15806723683289,16.127620213160764,-48.030447023672124,12.076269893278422,9.142677429072442,-46.17365279914389,9.734919277640884,-61.2134065926208,2.593754997092573,0,0.5,90.0,0.0,270.0
20260724_230314__rp0p5__vinf25__inc90__toff56210__Om0__om90,1.0050844265356893,0.2539988550035244,21.957235554118373,201.3231905153232,368.0455796163832,8,3.730349362740526e-12,7.189914406610637,1,0.14306931038325388,61.37544904657465,75.16488841802429,13.789439371449639,6.653796309446193,15.387622232831704,18.045920953900854,10.130569336830707,3.0061671604239404,3.106983368891374,0,0.5,90.0,0.0,90.0
20260724_230314__rp0p5__vinf25__inc90__toff56210__Om180__om0,0.8645203853524585,0.2321487638519987,24.68168020066499,253.158804727825,293.6031075510021,13,0.0,3.4364073267289683,1,8.100187187665142e-13,75.16488841802429,90.0,14.83511158197571,14.83511158197571,23.9173297923315,58.248526963269406,8.59970384701522,43.208773169792494,3.811967206796095,1,0.5,90.0,180.0,0.0
20260724_230314__rp0p5__vinf25__inc90__toff56210__Om180__om180,1.4755584488251072,0.3282580088548426,20.38170114499953,88.6069032913254,654.6850384703072,7,4.263256414560601e-14,1.1666161584537615,1,9.947598300641403e-13,,,,,-10.736927924602108,-67.19168315710385,11.081112535270805,-82.23143695058077,4.143235648931238,0,0.5,90.0,180.0,180.0
20260724_230314__rp0p5__vinf25__inc90__toff56210__Om180__om270,0.964681414334724,0.0827754640390677,29.470693924398955,179.4206182538335,346.07773322248954,9,4.938272013532696e-13,8.835293794556154,1,0.026287011241564073,61.37544904657465,90.0,28.62455095342535,14.83511158197571,16.968623276329257,24.12871104179885,15.734990541720329,9.088957248321938,2.0700404271832014,0,0.5,90.0,180.0,270.0
20260724_230314__rp0p5__vinf25__inc90__toff56210__Om180__om90,1.0557343743139644,0.1465682744952532,23.04291433326329,197.18859024481824,396.2139696283615,13,0.0,6.737268931675294,1,0.1648311776692748,58.82116446134409,48.11140308495899,-10.709761376385103,2.3784742232647886,11.866452786383414,0.3827604849385321,7.584690848957589,-14.656993308538382,2.388885630025762,0,0.5,90.0,180.0,90.0
20260724_230314__rp0p5__vinf25__inc90__toff56210__Om270__om0,1.0998724157931443,0.100392026531515,26.094106511847045,11.253154895711026,421.31920480458206,16,0.0,3.9386110127797815,1,5.044853423896711e-13,75.16488841802429,20.147886287247108,-55.017002130777186,20.960255961711887,9.20124139289748,-45.87334980913538,9.971379915740386,-60.91310360261229,3.3937013717554487,0,0.5,90.0,270.0,0.0
20260724_230314__rp0p5__vinf25__inc90__toff56210__Om270__om180,0.9577640835190414,0.2837127469057628,22.48903744810599,167.4858589882984,342.3620440120564,10,2.1316282072803006e-14,8.505941036843328,1,8.881784197001252e-13,61.37544904657465,90.0,28.62455095342535,14.83511158197571,18.53093035970789,31.45528528462218,15.10769966600776,16.415531491145266,4.5776925736251055,2,0.5,90.0,270.0,180.0
20260724_230314__rp0p5__vinf25__inc90__toff56210__Om270__om270,1.0276707448583182,0.0898410307483266,30.409712528455607,48.707183657192765,380.5211324392204,11,0.0,2.3655704599490193,1,0.29124688156491274,81.4509211694784,58.82116446134409,-22.629756708134316,10.63905762319932,13.189120103326076,7.192859082928722,15.120100130123898,-7.846894710548192,2.3426558591835858,0,0.5,90.0,270.0,270.0
20260724_230314__rp0p5__vinf25__inc90__toff56210__Om270__om90,0.9583094257796304,0.1707468427300588,23.648718205477103,268.4294696828359,342.6544924375264,10,2.1316282072803006e-13,1.2334029402145212,1,0.04810723128056438,70.81186354627908,90.0,19.188136453720915,10.63905762319932,17.75313757712151,27.73477015334288,8.962832957544752,12.695016359865965,3.1164105060322727,0,0.5,90.0,270.0,90.0
20260724_230314__rp0p5__vinf25__inc90__toff56210__Om90__om0,1.1464609385971436,0.3005187118055326,26.888157152486112,175.9874830406496,448.3701416504297,12,3.552713678800501e-14,8.571982546086355,1,1.5631940186722204e-12,52.08179734355447,18.797368824406544,-33.28442851914792,12.684063334762445,7.397500025683099,-47.92374084863259,10.895343245135322,-62.9634946421095,4.462108629103847,1,0.5,90.0,90.0,0.0
20260724_230314__rp0p5__vinf25__inc90__toff56210__Om90__om180,1.101783189663961,0.1270557609568532,18.73579195152865,22.616155812507348,422.41759848223137,17,0.0,2.1979512816517808,1,2.5579538487363607e-13,67.25314872563517,21.510188266887486,-45.74296045874769,15.1713513820807,9.30202668653987,-45.89316855625336,7.948601049931888,-60.93292234973027,3.547413272556684,0,0.5,90.0,90.0,180.0
20260724_230314__rp0p5__vinf25__inc90__toff56210__Om90__om270,1.0695420782285254,0.04534219258744,22.890934078627943,314.2918272504675,404.0123150612642,31,0.0,2.245088794066268,1,0.20421360812708578,67.25314872563517,36.07819997184264,-31.174948753792528,8.431984264291081,11.02287761575833,-8.571327511171074,7.643413282499683,-23.61108130464799,2.100800121364072,0,0.5,90.0,90.0,270.0
20260724_230314__rp0p5__vinf25__inc90__toff56210__Om90__om90,0.9208958098959944,0.1399409729053157,21.089234643145986,184.8342056256632,322.7851420566085,11,0.0,7.431846973660825,1,4.405364961712621e-13,64.15806723683289,90.0,25.841932763167108,17.292853932645514,19.98251128230973,37.69730677500616,11.576465605241339,22.65755298152925,3.559661160833955,0,0.5,90.0,90.0,90.0
20260724_230314__rp0p5__vinf25__incm30__toff56210__Om0__om0,1.4713503213616754,0.2467379315191616,21.27744459915793,98.26679068129988,651.8864035656708,7,2.842170943040401e-14,1.8989560225932394,1,4.121147867408581e-13,,,,,-11.039454945067845,-67.78406638934707,9.942688523356011,-82.823820182824,4.182496659062605,0,0.5,-30.0,0.0,0.0
20260724_230314__rp0p5__vinf25__incm30__toff56210__Om0__om180,0.7640935574031361,0.2596891387594985,26.22755202281725,255.43516447872943,243.95942279789384,17,0.0,3.7097531199919658,1,1.2931877790833823e-12,90.0,90.0,0.0,0.0,30.825048443880373,103.02962576238775,9.286502551528628,87.98987196891083,4.772418313227435,1,0.5,-30.0,0.0,180.0
20260724_230314__rp0p5__vinf25__incm30__toff56210__Om0__om270,1.1186318102774664,0.0535448790646528,22.77962283045016,65.08127402201131,432.1440502417345,14,0.0,0.3301971022245098,6,1.4210854715202004e-13,64.15806723683289,20.147886287247108,-44.01018094958579,16.046664151873905,8.1964659686379,-47.76261974146208,8.860278410809741,-62.802373534938994,3.128858370873056,0,0.5,-30.0,0.0,270.0
20260724_230314__rp0p5__vinf25__incm30__toff56210__Om0__om90,1.0046029447379847,0.3074597613324245,27.423480273193377,166.9098867771421,367.7811450798502,8,4.995115432393504e-12,9.681516015491964,1,3.5242585664008175e-05,58.82116446134409,90.0,31.17883553865591,8.549078830521594,15.758571750994022,19.82951330862737,17.607157190524468,4.789759515150456,3.791117393456489,1,0.5,-30.0,0.0,90.0
20260724_230314__rp0p5__vinf25__incm30__toff56210__Om180__om0,0.7424832287643939,0.2382385613356867,22.940120973229146,240.34208242994663,233.68334613917204,18,0.0,5.663588524327029,1,9.663381206337363e-13,81.4509211694784,90.0,8.549078830521594,8.549078830521594,32.226474798055136,114.14972598694918,9.014805689433857,99.10997219347226,4.706034716528398,1,0.5,-30.0,180.0,0.0
20260724_230314__rp0p5__vinf25__incm30__toff56210__Om180__om180,1.4514401984239371,0.2204708971113217,23.66585411846791,99.39871741680857,638.6994037982374,7,2.842170943040401e-14,2.1494554618655126,1,2.4158453015843406e-13,,,,,-10.171165630681465,-67.16575857477876,10.384709139577424,-82.20551236825568,8.358155210762511,2,0.5,-30.0,180.0,180.0
20260724_230314__rp0p5__vinf25__incm30__toff56210__Om180__om270,0.9721231880554876,0.4355237878114035,23.021777775008687,197.94663075124515,350.0900309249605,10,7.105427357601002e-14,9.262445963997328,1,9.237055564881302e-13,64.15806723683289,90.0,25.841932763167108,17.292853932645514,19.43300564792629,35.78544036411419,14.0442956937661,20.745686570637275,5.534414537544477,2,0.5,-30.0,180.0,270.0
20260724_230314__rp0p5__vinf25__incm30__toff56210__Om180__om90,1.157943130667357,0.1041182866602705,23.618118601840283,28.3705933004821,455.12284585599866,11,7.105427357601002e-15,2.6405695062320875,1,5.684341886080802e-14,64.15806723683289,24.274652194584778,-39.88341504224812,21.487833365575298,5.998469063160862,-50.881313770583006,9.286384480228918,-65.92106756405992,4.498706291039978,2,0.5,-30.0,180.0,90.0
20260724_230314__rp0p5__vinf25__incm30__toff56210__Om270__om0,1.1507308997881271,0.1057826974284712,20.253077401676755,36.90998711931904,450.8773853530632,12,1.4210854715202004e-14,1.6227388377017338,1,4.973799150320701e-14,64.15806723683289,28.540365484875558,-35.617701751957334,21.487833365575298,6.4918972346874995,-50.28935860956282,8.324775536187154,-65.32911240303973,4.27428871191197,1,0.5,-30.0,270.0,0.0
20260724_230314__rp0p5__vinf25__incm30__toff56210__Om270__om180,1.2038065265361886,0.3989354305221574,21.936836179296137,166.47052019098442,482.42836045594817,10,2.1316282072803006e-14,7.667723704275657,1,9.805489753489383e-13,50.05549481018513,9.594068226860466,-40.461426583324666,24.924039614200794,5.207890253740663,-50.71693112419402,11.029736151552996,-65.75668491767094,5.02510333109014,1,0.5,-30.0,270.0,180.0
20260724_230314__rp0p5__vinf25__incm30__toff56210__Om270__om270,0.737542385752544,0.2479311738295818,21.99182869773602,251.34730999092235,231.35466770718176,18,0.0,4.093304728658985,1,9.947598300641403e-14,81.4509211694784,90.0,8.549078830521594,8.549078830521594,32.702315608903206,117.66504994146861,7.698528504816537,102.62529614799169,4.9354541826399725,1,0.5,-30.0,270.0,270.0
20260724_230314__rp0p5__vinf25__incm30__toff56210__Om270__om90,1.381492274057871,0.1847623811147742,22.147123356450223,85.06039559853515,593.0898355288595,8,1.4210854715202004e-14,1.353259236697438,1,4.547473508864641e-13,,,,,-6.4460657276722815,-64.28963211076305,9.67506030023359,-79.32938590423997,4.33611002932931,1,0.5,-30.0,270.0,90.0
20260724_230314__rp0p5__vinf25__incm30__toff56210__Om90__om0,0.9132241526819624,0.3835095757092044,28.29889501226976,181.31466065073104,318.76004095580663,12,0.0,11.654925623483908,1,1.0871303857129533e-12,64.15806723683289,90.0,25.841932763167108,25.841932763167108,22.274634728470065,49.11908203905765,19.176712619899483,34.07932824558074,5.180196616964712,2,0.5,-30.0,90.0,0.0
20260724_230314__rp0p5__vinf25__incm30__toff56210__Om90__om180,1.136487239678105,0.0865348419422643,25.326750610371764,31.461418895980422,442.53195484996616,12,7.105427357601002e-15,2.710349016692014,1,1.3500311979441904e-13,67.25314872563517,18.797368824406544,-48.455779901228624,21.01489141831496,7.130605113811971,-49.194689712025855,9.806524996135145,-64.23444350550277,3.6832495055788574,0,0.5,-30.0,90.0,180.0
20260724_230314__rp0p5__vinf25__incm30__toff56210__Om90__om270,1.372887764683031,0.1835246587375521,23.309648270711307,119.07456180361268,587.5574566038788,8,2.1316282072803006e-14,4.2880347244986226,1,1.1723955140041653e-12,,,,,-5.8576863011951446,-63.88285927583912,9.669714683699652,-78.92261306931603,3.5717106949243886,0,0.5,-30.0,90.0,270.0
20260724_230314__rp0p5__vinf25__incm30__toff56210__Om90__om90,0.7979852648340755,0.1674583844142732,28.043517582487897,246.8102098327325,260.36949354565,16,0.0,4.747353358636559,1,2.7000623958883807e-13,81.4509211694784,90.0,8.549078830521594,8.549078830521594,27.784909915616076,82.36596539460741,12.469327154875494,67.3262116011305,3.76563040663688,1,0.5,-30.0,90.0,90.0
20260724_230314__rp0p5__vinf25__incm60__toff56210__Om0__om0,1.4943485025786345,0.286933569053924,20.28909639235271,94.49896354134032,667.2300992907146,7,4.263256414560601e-14,1.5468980289759227,1,2.5579538487363607e-13,,,,,-11.951929180672767,-68.35252420390418,10.222249297585435,-83.3922779973811,3.983318050749384,0,0.5,-60.0,0.0,0.0
20260724_230314__rp0p5__vinf25__incm60__toff56210__Om0__om180,0.8122682165526148,0.2533652610533988,26.312469747052088,257.59396888063554,267.391119964288,15,0.0,3.1432155140944786,1,9.947598300641403e-14,81.4509211694784,90.0,8.549078830521594,8.549078830521594,27.48328451811723,79.65605519944098,9.105474295677944,64.61630140596407,4.287351098884615,1,0.5,-60.0,0.0,180.0
20260724_230314__rp0p5__vinf25__incm60__toff56210__Om0__om270,1.0818139650167653,0.0515698568597268,23.01131563943477,166.08540143184536,410.98565678971215,24,0.0,6.541383193831943,1,7.318590178329032e-13,56.4426902380793,16.127620213160764,-40.31507002491854,6.38719542789417,10.288990844693748,-44.34078120087418,8.418210350841115,-59.380534994351095,1.7569049883247934,0,0.5,-60.0,0.0,270.0
20260724_230314__rp0p5__vinf25__incm60__toff56210__Om0__om90,0.995256672568821,0.182920595445643,28.861231766041943,157.77718073225128,362.6606513864161,8,4.586553359331447e-12,8.910090182839348,1,0.057037083313471015,58.82116446134409,90.0,31.17883553865591,8.549078830521594,15.482659872719998,17.98996463432927,16.986063138174288,2.950210840852355,2.3039288049019446,0,0.5,-60.0,0.0,90.0
20260724_230314__rp0p5__vinf25__incm60__toff56210__Om180__om0,0.7512402696090419,0.2519224866840574,21.52670985506537,240.828696724839,237.8296956881168,18,0.0,5.381454915302253,1,0.0,81.4509211694784,90.0,8.549078830521594,8.549078830521594,31.774544313978407,110.18164238224725,7.902655784623747,95.14188858877033,4.682428735579082,1,0.5,-60.0,180.0,0.0
20260724_230314__rp0p5__vinf25__incm60__toff56210__Om180__om180,1.4623180273490413,0.2309618793680693,24.94625969117756,95.5800831434057,645.8929457398484,7,1.4210854715202004e-14,1.787543162520544,1,4.121147867408581e-13,,,,,-10.727393335265596,-67.53796333761778,10.982746320850751,-82.5777171310947,4.621930791820924,1,0.5,-60.0,180.0,180.0
20260724_230314__rp0p5__vinf25__incm60__toff56210__Om180__om270,0.9959093478527066,0.3704848879049643,22.33215895401636,205.48049415642336,363.01745147420354,9,2.2950530365051236e-12,7.863830694859567,1,0.19200863537874469,61.37544904657465,90.0,28.62455095342535,10.63905762319932,17.0286261195946,25.5304032209812,11.129859906159442,10.490649427504286,4.524886435820994,1,0.5,-60.0,180.0,270.0
20260724_230314__rp0p5__vinf25__incm60__toff56210__Om180__om90,1.1365466664617674,0.078973645309082,24.68151848802773,27.627602878898177,442.5666652192601,12,0.0,2.779717074113176,1,4.547473508864641e-13,67.25314872563517,18.797368824406544,-48.455779901228624,21.01489141831496,7.142599059871373,-49.22987120996748,9.43637862239055,-64.26962500344439,3.541252475915529,1,0.5,-60.0,180.0,90.0
20260724_230314__rp0p5__vinf25__incm60__toff56210__Om270__om0,1.1331262724938276,0.1169953202705839,18.491262382772653,30.09301581394887,440.5703377522406,13,7.105427357601002e-15,1.7489349652834578,1,4.973799150320701e-14,64.15806723683289,25.679288619456855,-38.47877861737604,17.91980992951268,7.526897008533145,-48.75665061563644,7.792224204390543,-63.79640440911335,3.4836575479817524,0,0.5,-60.0,270.0,0.0
20260724_230314__rp0p5__vinf25__incm60__toff56210__Om270__om180,1.2465930169801849,0.3486696358667311,25.077848957288317,161.02503073538952,508.37574872666073,9,4.263256414560601e-14,7.930034859998109,1,9.876544027065393e-13,46.23825730732021,18.797368824406544,-27.440888482913667,27.440888482913667,2.2187980387028183,-54.796952183085956,11.530121201019846,-69.83670597656287,4.814767951854726,1,0.5,-60.0,270.0,180.0
20260724_230314__rp0p5__vinf25__incm60__toff56210__Om270__om270,0.7874263377221289,0.1800769832509837,20.97508781253755,244.1760085490224,255.2188196181262,16,0.0,4.430857107363117,1,6.679101716144942e-13,75.16488841802429,90.0,14.83511158197571,14.83511158197571,28.76974205142641,88.56477185282199,8.616637994890553,73.52501805934507,4.9046679734083405,2,0.5,-60.0,270.0,270.0
20260724_230314__rp0p5__vinf25__incm60__toff56210__Om270__om90,1.2213455586090818,0.0924924531451432,22.35065521075813,65.43583421408968,493.0098843491237,10,7.105427357601002e-15,0.1466719099473912,1,2.842170943040401e-14,56.4426902380793,24.274652194584778,-32.16803804349452,32.16803804349452,2.533939757776131,-55.620899373462706,8.88863526258232,-70.66065316693962,2.841399030538282,0,0.5,-60.0,270.0,90.0
20260724_230314__rp0p5__vinf25__incm60__toff56210__Om90__om0,0.9412098151422176,0.3054451520912574,25.778438105511015,169.33882121557178,333.524284781634,11,2.1316282072803006e-14,9.805672861595779,1,1.1439738045737613e-12,61.37544904657465,90.0,28.62455095342535,20.075472122903754,19.672560811674735,36.65093577020923,17.34565525245864,21.61118197673232,4.569737752324432,2,0.5,-60.0,90.0,0.0
20260724_230314__rp0p5__vinf25__incm60__toff56210__Om90__om180,1.1210749058385054,0.0898730895075621,26.592203355364024,20.21089993358699,433.560528982602,13,1.4210854715202004e-14,3.556052016390127,1,1.7763568394002505e-13,70.81186354627908,13.493398821551693,-57.31846472472739,20.756368736093954,7.974641890991221,-47.84906547641588,10.139864117732678,-62.88881926989279,3.4860592215932438,0,0.5,-60.0,90.0,180.0
20260724_230314__rp0p5__vinf25__incm60__toff56210__Om90__om270,1.172788475490497,0.0806559851446783,24.12459362727359,169.38279225503524,463.9031536406266,11,7.105427357601002e-15,6.593525159944107,1,1.0942358130705543e-12,50.05549481018513,9.594068226860466,-40.461426583324666,23.392638855618458,5.172637489702102,-52.147110412711896,8.46054317774206,-67.18686420618882,2.6759752800732035,0,0.5,-60.0,90.0,270.0
20260724_230314__rp0p5__vinf25__incm60__toff56210__Om90__om90,0.8933719612795459,0.0557603280227426,29.9921123847394,267.6192116389572,308.42265203210826,12,0.0,1.3357096371466248,1,7.887024366937112e-13,81.4509211694784,90.0,8.549078830521594,8.549078830521594,21.311703849198356,44.02853716607688,15.276416681256192,28.98878337259997,2.8856396934040767,0,0.5,-60.0,90.0,90.0
20260724_230314__rp0p5__vinf25__incm90__toff56210__Om0__om0,1.4755584490811076,0.328258008756489,20.381701143261623,88.6069032580245,654.6850386406829,7,0.0,1.1666161561268389,1,3.694822225952521e-13,,,,,-10.736927936799464,-67.19168316863123,11.081112532177315,-82.23143696210815,4.143235649483683,0,0.5,-90.0,0.0,0.0
20260724_230314__rp0p5__vinf25__incm90__toff56210__Om0__om180,0.863990585550852,0.2328415210133153,24.681701164968192,253.1065877257473,293.3332578685149,13,0.0,3.4473348866737012,1,2.4158453015843406e-13,75.16488841802429,90.0,14.83511158197571,14.83511158197571,23.95619173362356,58.46582991436779,8.588527658372104,43.426076120890876,3.815785531343173,1,0.5,-90.0,0.0,180.0
20260724_230314__rp0p5__vinf25__incm90__toff56210__Om0__om270,1.055734374359233,0.1465682744552977,23.04291433363774,197.1885902616249,396.21396965384514,13,0.0,6.737268930615249,1,0.16483117759357135,58.82116446134409,48.11140308495899,-10.709761376385103,2.3784742232647886,11.866452783637113,0.38276047575958344,7.58469084809909,-14.65699331771733,2.388885629819503,0,0.5,-90.0,0.0,270.0
20260724_230314__rp0p5__vinf25__incm90__toff56210__Om0__om90,0.9646814135401603,0.08277546349332,29.4706939228974,179.42061790323697,346.07773279491704,9,4.938272013532696e-13,8.835293802342587,1,0.02628701078910467,61.37544904657465,90.0,28.62455095342535,14.83511158197571,16.968623324548172,24.128711237199884,15.734990560251418,9.08895744372297,2.0700404284130034,0,0.5,-90.0,0.0,90.0
20260724_230314__rp0p5__vinf25__incm90__toff56210__Om180__om0,0.7836171303496894,0.2617397131452577,20.401881045344,249.1697378402458,253.3691138021553,16,0.0,4.038641407393882,1,1.2363443602225743e-12,81.4509211694784,90.0,8.549078830521594,8.549078830521594,29.655118731642414,94.04359747844731,6.380559536323332,79.00384368497039,4.623211853119602,1,0.5,-90.0,180.0,0.0
20260724_230314__rp0p5__vinf25__incm90__toff56210__Om180__om180,1.4850176199713552,0.2622463232441467,26.02160166446611,93.34051747671047,660.990473603925,7,2.842170943040401e-14,1.5164858736617504,1,5.542233338928781e-13,,,,,-11.742350904466662,-68.2022695850759,11.803136923254826,-83.24202337855282,3.966908415617482,0,0.5,-90.0,180.0,180.0
20260724_230314__rp0p5__vinf25__incm90__toff56210__Om180__om270,1.005084426562084,0.2539988552346572,21.957235543066343,201.32319057290084,368.0455796308812,8,3.6273206660553114e-12,7.189914402433134,1,0.14306931094319353,61.37544904657465,75.16488841802429,13.789439371449639,6.653796309446193,15.38762223293614,18.045920955607773,10.130569326404723,3.0061671621308594,3.1069833697782183,0,0.5,-90.0,180.0,270.0
20260724_230314__rp0p5__vinf25__incm90__toff56210__Om180__om90,1.100668804377037,0.0361184523451297,25.804720179838213,69.60502823598952,421.7768868009582,15,1.4210854715202004e-14,0.3360061171808457,1,9.947598300641403e-14,64.15806723683289,16.127620213160764,-48.030447023672124,12.076269893278422,9.142677366005323,-46.173652902033325,9.734919286545626,-61.21340669551024,2.593755001905131,0,0.5,-90.0,180.0,90.0
20260724_230314__rp0p5__vinf25__incm90__toff56210__Om270__om0,1.1017831904837996,0.1270557613458224,18.735791952337085,22.616156049691018,422.41759895371376,17,0.0,2.1979512718469394,1,1.9184653865522705e-13,67.25314872563517,21.510188266887486,-45.74296045874769,15.1713513820807,9.302026641541389,-45.89316863013509,7.948601057193883,-60.932922423612,3.547413278047764,0,0.5,-90.0,270.0,0.0
20260724_230314__rp0p5__vinf25__incm90__toff56210__Om270__om180,1.1464609524942364,0.3005187052572484,26.8881571695348,175.98748600983967,448.37014980296414,12,7.105427357601002e-15,8.571982374189162,1,9.166001291305292e-13,52.08179734355447,18.797368824406544,-33.28442851914792,12.684063334762445,7.3974992014196435,-47.92374215182689,10.895342847070928,-62.963495945303805,4.462108606097475,1,0.5,-90.0,270.0,180.0
20260724_230314__rp0p5__vinf25__incm90__toff56210__Om270__om270,0.9208958084317712,0.1399409734800778,21.08923465822019,184.8342046492839,322.7851412867665,11,0.0,7.4318470102056615,1,6.323830348264892e-13,64.15806723683289,90.0,25.841932763167108,17.292853932645514,19.982511376444673,37.69730721399959,11.576465682495515,22.65755342052268,3.5596611691167,0,0.5,-90.0,270.0,270.0
20260724_230314__rp0p5__vinf25__incm90__toff56210__Om270__om90,1.0695420784448897,0.0453421923807365,22.8909340807757,314.2918272825958,404.0123151838592,31,0.0,2.2450887947615747,1,0.20421360853743664,67.25314872563517,36.07819997184264,-31.174948753792528,8.431984264291081,11.022877603581948,-8.571327548416406,7.643413284184611,-23.611081341893318,2.1008001226745554,0,0.5,-90.0,270.0,90.0
20260724_230314__rp0p5__vinf25__incm90__toff56210__Om90__om0,0.9577640863019444,0.2837127486371346,22.48903745426791,167.48585877106197,342.3620455042198,10,0.0,8.505941022344901,1,1.3216094885137863e-12,61.37544904657465,90.0,28.62455095342535,14.83511158197571,18.530930204728357,31.455284604791345,15.107699700307652,16.415530811314433,4.5776925709493135,2,0.5,-90.0,90.0,0.0
20260724_230314__rp0p5__vinf25__incm90__toff56210__Om90__om180,1.0998724161203102,0.100392026779764,26.094106512311143,11.253154741538848,421.3192049925692,16,7.105427357601002e-15,3.9386110169180046,1,2.8421709430404007e-13,75.16488841802429,20.147886287247108,-55.017002130777186,20.960255961711887,9.201241375932929,-45.87334983841715,9.971379912694339,-60.91310363189406,3.393701373101649,0,0.5,-90.0,90.0,180.0
20260724_230314__rp0p5__vinf25__incm90__toff56210__Om90__om270,0.9583094260942688,0.1707468471210528,23.648718294167395,268.4294694595484,342.6544926062803,10,1.6697754290362354e-13,1.233402962362078,1,0.0481072305259822,70.81186354627908,90.0,19.188136453720915,10.63905762319932,17.75313757340934,27.734770160606274,8.962832895856158,12.69501636712936,3.11641052247992,0,0.5,-90.0,90.0,270.0
20260724_230314__rp0p5__vinf25__incm90__toff56210__Om90__om90,1.0276707442294295,0.0898410306786311,30.409712528336957,48.70718402587518,380.5211320899276,11,0.0,2.3655704278745624,1,0.29124688331588366,81.4509211694784,58.82116446134409,-22.629756708134316,10.63905762319932,13.189120138061423,7.1928592029969485,15.120100128493306,-7.846894590479965,2.342655858752304,0,0.5,-90.0,90.0,90.0
20260724_230314__rp0p75__vinf25__inc0__toff56210__Om0__om0,1.3306673205891495,0.1778661282868549,22.413692446937365,109.80413591905568,560.6631688842268,8,2.1316282072803006e-14,3.755119216603079,1,3.055333763768431e-13,,,,,-3.3374603197618917,-61.76792204368573,9.623840399608163,-76.80767583716265,4.978885223946116,1,0.75,0.0,0.0,0.0
20260724_230314__rp0p75__vinf25__inc0__toff56210__Om0__om180,0.7786134503967123,0.201096693233791,24.802706754127897,244.7400497107417,250.9462111974497,16,0.0,4.930810851804996,1,5.684341886080801e-13,81.4509211694784,90.0,8.549078830521594,8.549078830521594,29.390122526594183,93.09471875410438,10.249905643016504,78.05496496062746,4.123487603078175,1,0.75,0.0,0.0,180.0
20260724_230314__rp0p75__vinf25__inc0__toff56210__Om0__om270,1.0938608646778722,0.0844418380991346,23.1298533207519,19.744185251150007,417.86973480797,18,0.0,2.9962551037794256,1,6.608047442568932e-13,70.81186354627908,18.797368824406544,-52.01449472187254,16.60723108996668,9.592262627473179,-45.383816503947415,9.00998151523335,-60.42357029742433,3.559282528180046,1,0.75,0.0,0.0,270.0
20260724_230314__rp0p75__vinf25__inc0__toff56210__Om0__om90,0.9824251197218048,0.5523050289709445,19.518429339882804,204.20488909655143,355.6697896257111,10,0.0,8.799198866944987,1,1.0942358130705543e-12,64.15806723683289,90.0,25.841932763167108,17.292853932645514,21.402004459709886,43.72153009197017,14.271847023214915,28.68177629849326,5.044616304420654,1,0.75,0.0,0.0,90.0
20260724_230314__rp0p75__vinf25__inc0__toff56210__Om180__om0,0.7786134503967123,0.201096693233791,24.802706754127897,244.7400497107417,250.9462111974497,16,0.0,4.930810851804996,1,5.684341886080801e-13,81.4509211694784,90.0,8.549078830521594,8.549078830521594,29.390122526594183,93.09471875410438,10.249905643016504,78.05496496062746,4.123487603078175,1,0.75,0.0,180.0,0.0
20260724_230314__rp0p75__vinf25__inc0__toff56210__Om180__om180,1.3306673207318829,0.1778661283529621,22.413692445708907,109.80413595539903,560.6631689744355,8,3.552713678800501e-14,3.7551192186065165,1,8.810729923425242e-13,,,,,-3.337460326526588,-61.76792205086922,9.623840399025653,-76.80767584434614,4.978885218733627,1,0.75,0.0,180.0,180.0
20260724_230314__rp0p75__vinf25__inc0__toff56210__Om180__om270,0.9822161435723792,0.5522032292421791,19.518319412347925,204.1836490516473,355.55631143451654,10,2.3447910280083306e-13,8.80148453224427,1,1.2363443602225743e-12,64.15806723683289,90.0,25.841932763167108,17.292853932645514,21.41276892421514,43.770132950580226,14.274609276100895,28.730379157103314,5.044988464381244,1,0.75,0.0,180.0,270.0
20260724_230314__rp0p75__vinf25__inc0__toff56210__Om180__om90,1.0938608646778722,0.0844418380991346,23.1298533207519,19.744185251150007,417.86973480797,18,0.0,2.9962551037794256,1,6.608047442568932e-13,70.81186354627908,18.797368824406544,-52.01449472187254,16.60723108996668,9.592262627473179,-45.383816503947415,9.00998151523335,-60.42357029742433,3.559282528180046,1,0.75,0.0,180.0,90.0
20260724_230314__rp0p75__vinf25__inc0__toff56210__Om270__om0,1.0938608646778722,0.0844418380991346,23.1298533207519,19.744185251150007,417.86973480797,18,0.0,2.9962551037794256,1,6.608047442568932e-13,70.81186354627908,18.797368824406544,-52.01449472187254,16.60723108996668,9.592262627473179,-45.383816503947415,9.00998151523335,-60.42357029742433,3.559282528180046,1,0.75,0.0,270.0,0.0
20260724_230314__rp0p75__vinf25__inc0__toff56210__Om270__om180,0.9822161435723792,0.5522032292421791,19.518319412347925,204.1836490516473,355.55631143451654,10,2.3447910280083306e-13,8.80148453224427,1,1.2363443602225743e-12,64.15806723683289,90.0,25.841932763167108,17.292853932645514,21.41276892421514,43.770132950580226,14.274609276100895,28.730379157103314,5.044988464381244,1,0.75,0.0,270.0,180.0
20260724_230314__rp0p75__vinf25__inc0__toff56210__Om270__om270,0.7783905866927128,0.2009690919260403,24.80359526073938,244.73543616499057,250.83847583805655,16,0.0,4.932489524937306,1,5.542233338928781e-13,81.4509211694784,90.0,8.549078830521594,8.549078830521594,29.40442435102246,93.19853033262466,10.255035900984083,78.15877653914774,4.1238702998609575,1,0.75,0.0,270.0,270.0
20260724_230314__rp0p75__vinf25__inc0__toff56210__Om270__om90,1.3306673207318829,0.1778661283529621,22.413692445708907,109.80413595539903,560.6631689744355,8,3.552713678800501e-14,3.7551192186065165,1,8.810729923425242e-13,,,,,-3.337460326526588,-61.76792205086922,9.623840399025653,-76.80767584434614,4.978885218733627,1,0.75,0.0,270.0,90.0
20260724_230314__rp0p75__vinf25__inc0__toff56210__Om90__om0,0.9824251197218048,0.5523050289709445,19.518429339882804,204.20488909655143,355.6697896257111,10,0.0,8.799198866944987,1,1.0942358130705543e-12,64.15806723683289,90.0,25.841932763167108,17.292853932645514,21.402004459709886,43.72153009197017,14.271847023214915,28.68177629849326,5.044616304420654,1,0.75,0.0,90.0,0.0
20260724_230314__rp0p75__vinf25__inc0__toff56210__Om90__om180,1.0938608646778722,0.0844418380991346,23.1298533207519,19.744185251150007,417.86973480797,18,0.0,2.9962551037794256,1,6.608047442568932e-13,70.81186354627908,18.797368824406544,-52.01449472187254,16.60723108996668,9.592262627473179,-45.383816503947415,9.00998151523335,-60.42357029742433,3.559282528180046,1,0.75,0.0,90.0,180.0
20260724_230314__rp0p75__vinf25__inc0__toff56210__Om90__om270,1.3306673207318829,0.1778661283529621,22.413692445708907,109.80413595539903,560.6631689744355,8,3.552713678800501e-14,3.7551192186065165,1,8.810729923425242e-13,,,,,-3.337460326526588,-61.76792205086922,9.623840399025653,-76.80767584434614,4.978885218733627,1,0.75,0.0,90.0,270.0
20260724_230314__rp0p75__vinf25__inc0__toff56210__Om90__om90,0.7786134503967123,0.201096693233791,24.802706754127897,244.7400497107417,250.9462111974497,16,0.0,4.930810851804996,1,5.684341886080801e-13,81.4509211694784,90.0,8.549078830521594,8.549078830521594,29.390122526594183,93.09471875410438,10.249905643016504,78.05496496062746,4.123487603078175,1,0.75,0.0,90.0,90.0
20260724_230314__rp0p75__vinf25__inc30__toff56210__Om0__om0,1.3372717081025387,0.1788493711683506,23.688270816193768,109.8041820823577,564.8423812324929,8,2.842170943040401e-14,3.8743272360576624,1,1.0160761121369433e-12,,,,,-3.748593157229617,-62.11139335230102,10.046784406962296,-77.15114714577794,5.30170009204964,1,0.75,30.0,0.0,0.0
20260724_230314__rp0p75__vinf25__inc30__toff56210__Om0__om180,0.771557359211996,0.2046340674568998,22.8339172013769,237.77344376788767,247.54269643645165,17,0.0,5.6234777069246356,1,2.4158453015843406e-13,81.4509211694784,90.0,8.549078830521594,8.549078830521594,29.94595782811282,97.00350243438913,9.551830203410766,81.96374864091221,4.116132892524119,1,0.75,30.0,0.0,180.0
20260724_230314__rp0p75__vinf25__inc30__toff56210__Om0__om270,1.0990311952061491,0.0932035072727597,23.51460422955362,11.533742516182386,420.83593791869583,16,7.105427357601002e-15,3.3910714281949286,1,3.552713678800501e-13,70.81186354627908,14.806506911897516,-56.00535663438157,16.60723108996668,9.304015326149063,-45.83051255995393,9.03655035233237,-60.87026635343084,3.690100710898268,1,0.75,30.0,0.0,270.0
20260724_230314__rp0p75__vinf25__inc30__toff56210__Om0__om90,1.1220426913182384,0.6760592783496318,26.62214076537544,184.25048034267505,434.1220670089755,8,4.61213289781881e-11,12.838665749792348,1,0.3319117650870531,56.4426902380793,90.0,33.5573097619207,14.197772443843235,16.657905558307707,23.869446707264995,26.09421846265942,8.829692913788081,5.576561709118847,2,0.75,30.0,0.0,90.0
20260724_230314__rp0p75__vinf25__inc30__toff56210__Om180__om0,0.8047860759646033,0.1952544385243688,25.89919739905129,252.63819265877424,263.7050648105074,15,0.0,3.7597730559526887,1,2.842170943040401e-14,81.4509211694784,90.0,8.549078830521594,8.549078830521594,27.563537819442896,80.55667872310983,10.482608040245388,65.5169249296329,3.9875175683440287,1,0.75,30.0,180.0,0.0
20260724_230314__rp0p75__vinf25__inc30__toff56210__Om180__om180,1.3180813701910312,0.183663060653745,21.353555225365398,104.38257286801036,552.7275639939947,9,3.552713678800501e-14,3.262087835472058,1,8.313350008393172e-13,,,,,-2.590863142531571,-61.04721384652987,9.475685984011129,-76.08696764000679,3.48334693344189,0,0.75,30.0,180.0,180.0
20260724_230314__rp0p75__vinf25__inc30__toff56210__Om180__om270,0.9274557338009076,0.3483997911596821,22.92134779267342,189.70640731036747,326.2402761942287,11,0.0,9.227382903384147,1,1.4779288903810084e-12,64.15806723683289,90.0,25.841932763167108,17.292853932645514,21.03384063504578,43.12344458271261,14.055569668979487,28.083690789235696,3.9741359504519416,1,0.75,30.0,180.0,270.0
20260724_230314__rp0p75__vinf25__inc30__toff56210__Om180__om90,1.0776980019877789,0.0461290502789274,22.958302744469208,34.99963151540123,408.6423817931735,29,0.0,2.0953544550610896,1,1.0658141036401503e-13,70.81186354627908,18.797368824406544,-52.01449472187254,14.369173308199784,10.489012554928241,-43.94990410608517,8.806241810258236,-58.98965789956208,2.833299408846335,1,0.75,30.0,180.0,90.0
20260724_230314__rp0p75__vinf25__inc30__toff56210__Om270__om0,1.0873069472386845,0.079124409293265,25.110304309352586,15.41880766498855,414.1198373288231,19,0.0,3.539514112060587,1,5.826450433232822e-13,70.81186354627908,14.806506911897516,-56.00535663438157,14.369173308199784,9.908942159544152,-44.779466530976656,9.594428787944594,-59.81922032445357,3.27595052566362,0,0.75,30.0,270.0,0.0
20260724_230314__rp0p75__vinf25__inc30__toff56210__Om270__om180,0.9614571146927102,0.6095107718155841,38.19284230214236,179.66887471174198,344.34411622975034,11,1.7053025658242404e-13,18.293277846882354,1,2.6361135496699717e-12,61.37544904657465,90.0,28.62455095342535,28.62455095342535,24.088318351564276,55.270034234518974,34.25226251285226,40.23028044104206,5.294128195702017,2,0.75,30.0,270.0,180.0
20260724_230314__rp0p75__vinf25__inc30__toff56210__Om270__om270,0.8116537019775716,0.1506647499243958,26.27091091447921,250.7571669655568,267.08773866374514,15,0.0,3.9069598822899465,1,1.5631940186722204e-13,81.4509211694784,90.0,8.549078830521594,8.549078830521594,26.860215854199875,76.12697450677096,11.742277147339827,61.08722071329405,3.494665646809767,1,0.75,30.0,270.0,270.0
20260724_230314__rp0p75__vinf25__inc30__toff56210__Om270__om90,1.2763325741748524,0.1533894960740315,22.79930076264869,127.48299238730854,526.6760506949133,9,2.842170943040401e-14,5.013045768424179,1,1.2292389328649733e-12,,,,,-0.3274790236067219,-58.84124252658677,9.274495996580946,-73.88099632006369,3.301226487189502,0,0.75,30.0,270.0,90.0
20260724_230314__rp0p75__vinf25__inc30__toff56210__Om90__om0,1.630955317999858,0.5436246885919702,18.0769085235662,153.5804250712235,760.7831499070796,6,1.1368683772161603e-13,4.753340839541201,1,4.547473508864641e-13,,,,,-15.470689501945996,-69.56283294485829,11.72206940097287,-84.6025867383352,5.006500681177262,1,0.75,30.0,90.0,0.0
20260724_230314__rp0p75__vinf25__inc30__toff56210__Om90__om180,1.0929124194203987,0.0896620849430713,20.95495475106924,19.10151778712668,417.32637414118375,19,0.0,2.635465075783875,1,2.8421709430404007e-13,67.25314872563517,18.797368824406544,-48.455779901228624,13.048516269322768,9.700640902568898,-45.26950743982256,8.292688933306337,-60.30926123329947,3.3674484869123207,0,0.75,30.0,90.0,180.0
20260724_230314__rp0p75__vinf25__inc30__toff56210__Om90__om270,1.274998534515604,0.1446315103443018,22.25470644330643,96.5200580753575,525.8505333556703,9,5.684341886080802e-14,2.667673353029059,1,6.394884621840902e-14,,,,,-0.29337468115775334,-58.812050184906575,9.435338470418287,-73.85180397838349,3.4315659808229717,0,0.75,30.0,90.0,270.0
20260724_230314__rp0p75__vinf25__inc30__toff56210__Om90__om90,0.774215818353961,0.2088061178048935,22.89548714064521,245.2123330728872,248.82318844263224,17,0.0,4.696286828809882,1,7.673861546209082e-13,81.4509211694784,90.0,8.549078830521594,8.549078830521594,29.796770544143566,95.8375032033336,9.082056024127844,80.79774940985668,4.33488013871518,1,0.75,30.0,90.0,90.0
20260724_230314__rp0p75__vinf25__inc60__toff56210__Om0__om0,1.3253889353438917,0.178844933485625,24.90024833925093,104.89339660954847,557.3304882416079,8,4.263256414560601e-14,3.5983159524271584,1,1.0231815394945443e-12,,,,,-3.0974007892492326,-61.478176153283066,10.586317696911351,-76.51792994675998,3.6699876197128543,0,0.75,60.0,0.0,0.0
20260724_230314__rp0p75__vinf25__inc60__toff56210__Om0__om180,0.788593923896714,0.2007541650674038,21.297407999466277,240.36833635954048,255.78668302519185,16,0.0,4.9692849520107565,1,1.2931877790833823e-12,75.16488841802429,90.0,14.83511158197571,14.83511158197571,28.803734584325444,88.73548564895445,8.533979378226611,73.69573185547753,4.091602014826487,1,0.75,60.0,0.0,180.0
20260724_230314__rp0p75__vinf25__inc60__toff56210__Om0__om270,1.0885976367230998,0.0706616921366979,24.1528961449736,10.83103332257482,414.85742855243456,19,0.0,3.451949146556567,1,3.197442310920451e-13,70.81186354627908,8.305109528050396,-62.50675401822869,14.369173308199784,9.858493610381055,-44.937099735110756,9.105641323817622,-59.97685352858767,3.2697969691968813,1,0.75,60.0,0.0,270.0
20260724_230314__rp0p75__vinf25__inc60__toff56210__Om0__om90,0.935116473482106,0.4546363531109497,25.967927690630678,191.4949616216065,330.2907050603701,11,0.0,11.140613912191725,1,6.465938895416912e-13,64.15806723683289,90.0,25.841932763167108,25.841932763167108,22.064015667222762,47.75468384203725,17.584374858208413,32.71493004856034,4.679676894670951,1,0.75,60.0,0.0,90.0
20260724_230314__rp0p75__vinf25__inc60__toff56210__Om180__om0,0.8609483243880531,0.1884377426611186,25.845945082509143,257.6243087358702,291.78530637333967,13,0.0,2.818695005438112,1,0.0,81.4509211694784,90.0,8.549078830521594,8.549078830521594,23.853575706496507,57.907997989495975,10.145141321082143,42.86824419601906,3.566428700237881,1,0.75,60.0,180.0,0.0
20260724_230314__rp0p75__vinf25__inc60__toff56210__Om180__om180,1.2761472029952952,0.1902079868454785,20.79901390612769,99.7628620217511,526.5613152986499,9,2.1316282072803006e-14,2.893425892590611,1,6.821210263296962e-13,,,,,-0.2167141717505032,-58.57828697378222,9.604826829163457,-73.61804076725913,3.2906131783835164,0,0.75,60.0,180.0,180.0
20260724_230314__rp0p75__vinf25__inc60__toff56210__Om180__om270,0.9406673622334172,0.1942993287017615,25.074697206755225,187.94827529439152,333.2359933531283,10,0.0,8.588879703767724,1,1.2434497875801753e-12,64.15806723683289,90.0,25.841932763167108,14.83511158197571,18.878893614129332,32.94543326596367,13.568871089957453,17.90567947248676,2.6021376068791677,0,0.75,60.0,180.0,270.0
20260724_230314__rp0p75__vinf25__inc60__toff56210__Om180__om90,1.0541501676331893,0.0295999779961607,22.877503687667478,166.67630683105483,395.3224821922779,16,0.0,6.538601153942766,1,0.04334507868505799,58.82116446134409,46.23825730732021,-12.582907154023879,2.3784742232647886,11.87978198097416,-0.9226096301843514,8.27221005875424,-15.962363423661266,1.5547960651704646,0,0.75,60.0,180.0,90.0
20260724_230314__rp0p75__vinf25__inc60__toff56210__Om270__om0,1.0761511354526112,0.079352608894193,26.05954079055898,8.815055242248592,407.76288446060113,28,0.0,3.9758533954787936,1,5.826450433232822e-13,75.16488841802429,7.020370749121086,-68.1445176689032,16.3437239566802,10.525257684042487,-43.68467649938784,9.84520998159028,-58.72443029286475,2.9978696244088154,0,0.75,60.0,270.0,0.0
20260724_230314__rp0p75__vinf25__inc60__toff56210__Om270__om180,1.2228312959007497,0.3898353008889118,29.12614215200778,136.11630664671424,493.90975975544,10,3.552713678800501e-14,7.882431096433071,1,1.2718714970105793e-12,48.11140308495899,27.100685348240216,-21.01071773671877,21.01071773671877,3.928173087998286,-52.34615466293304,15.672688699434687,-67.38590845640995,4.424985102132988,2,0.75,60.0,270.0,180.0
20260724_230314__rp0p75__vinf25__inc60__toff56210__Om270__om270,0.892295593618924,0.0647228038070822,28.111620289703808,263.2144457715815,307.865421390594,12,0.0,1.9207171344385223,1,9.592326932761353e-13,75.16488841802429,90.0,14.83511158197571,14.83511158197571,21.42778232355942,44.66051273685838,14.097920949930932,29.620758943381468,2.4721628824534188,0,0.75,60.0,270.0,270.0
20260724_230314__rp0p75__vinf25__inc60__toff56210__Om270__om90,1.1239484311889956,0.0777598563148817,22.906434594166708,174.7968467177801,435.2285421886925,13,0.0,6.492421650642383,1,1.2150280781497713e-12,54.2046324563124,12.187474135425045,-42.01715832088736,13.49181448403181,7.912869220628872,-48.15153107214679,8.12666343154907,-63.1912848656237,2.475194619872838,0,0.75,60.0,270.0,90.0
20260724_230314__rp0p75__vinf25__inc60__toff56210__Om90__om0,1.7544597910811224,0.5631907184323036,22.070559882717497,146.3416434880895,848.8147534609255,6,2.842170943040401e-14,4.679557493529849,1,9.379164112033322e-13,,,,,-20.60650672154138,-72.9502696186929,13.626881004279483,-87.99002341216982,5.066973882477663,1,0.75,60.0,90.0,0.0
20260724_230314__rp0p75__vinf25__inc60__toff56210__Om90__om180,1.0772089092548085,0.0949982009908751,19.61777257401929,13.886006717438317,408.3642315027663,52,0.0,2.5748492690437264,1,9.067541384411015e-09,70.81186354627908,12.187474135425045,-58.624389410854036,14.369173308199784,10.641455125780467,-43.71541640544673,7.82820067827911,-58.75517019892364,3.1527466808195257,0,0.75,60.0,90.0,180.0
20260724_230314__rp0p75__vinf25__inc60__toff56210__Om90__om270,1.1641089444310777,0.0704111009721405,22.385680705378228,80.22043235671393,458.762836810719,11,2.1316282072803006e-14,1.3371234231970384,1,3.552713678800501e-14,58.82116446134409,20.147886287247108,-38.67327817409698,21.151277497014462,5.687327467701794,-51.50730830488312,8.826894571557375,-66.54706209836003,2.430298219448705,0,0.75,60.0,90.0,270.0
20260724_230314__rp0p75__vinf25__inc60__toff56210__Om90__om90,0.817391269067261,0.1529862624360183,21.683888275651046,233.98531315488933,269.924796181588,15,0.0,5.351522134340669,1,9.947598300641403e-14,75.16488841802429,90.0,14.83511158197571,14.83511158197571,26.607739489607635,74.31289939740546,9.754995586561556,59.27314560392855,3.9514521760377943,1,0.75,60.0,90.0,90.0
20260724_230314__rp0p75__vinf25__inc90__toff56210__Om0__om0,1.3002020085715646,0.1846575325480611,25.733788399739552,101.0770883584244,541.5194241641339,9,0.0,3.332793994397798,1,1.0160761121369433e-12,,,,,-1.6734654411597782,-60.03742682705203,11.13082106785032,-75.07718062052895,3.3701103910535952,0,0.75,90.0,0.0,0.0
20260724_230314__rp0p75__vinf25__inc90__toff56210__Om0__om180,0.8297040422639136,0.1921897284850459,20.62295710566472,249.4605407528614,276.04672514043654,14,0.0,3.637801550551128,1,9.947598300641403e-13,75.16488841802429,90.0,14.83511158197571,14.83511158197571,26.02954838827086,70.53679381796071,7.740915504139217,55.4970400244838,3.8350013097224185,1,0.75,90.0,0.0,180.0
20260724_230314__rp0p75__vinf25__inc90__toff56210__Om0__om270,1.0663676945780851,0.0238936334432097,24.872143156066706,41.10035881722823,402.2149972560069,22,0.0,1.9337825821335741,1,0.17249783712089872,70.81186354627908,37.66988696432963,-33.14197658194946,11.990699084934995,11.091279021586036,-7.2351128365010124,8.878884043052558,-22.274866629977925,2.318123665486036,0,0.75,90.0,0.0,270.0
20260724_230314__rp0p75__vinf25__inc90__toff56210__Om0__om90,0.9327671285499276,0.2741013361920615,23.280897193636957,202.4291432270929,329.04677571727683,11,0.0,8.12253415877454,1,6.465938895416912e-13,64.15806723683289,90.0,25.841932763167108,17.292853932645514,19.92423065175898,37.98101535174033,11.620721392656192,22.94126155826342,3.320706003768872,0,0.75,90.0,0.0,90.0
20260724_230314__rp0p75__vinf25__inc90__toff56210__Om180__om0,0.9216618214411636,0.1539768727359026,24.12577097907735,249.178569838928,323.1879702921096,11,0.0,3.502836811902622,1,4.405364961712621e-13,70.81186354627908,90.0,19.188136453720915,19.188136453720915,19.88719399540567,37.48351117699005,9.849880700885237,22.443757383513137,3.065286944447227,0,0.75,90.0,180.0,0.0
20260724_230314__rp0p75__vinf25__inc90__toff56210__Om180__om180,1.2199189828510362,0.2067092803214628,21.69796713149158,96.45847663498166,492.1463565826506,10,3.552713678800501e-14,2.721246839468292,1,7.531752999057062e-13,52.08179734355447,25.679288619456855,-26.402508724097615,26.402508724097615,2.933444898380154,-54.78459536007767,10.469019045591644,-69.82434915355458,3.266818721906045,0,0.75,90.0,180.0,180.0
20260724_230314__rp0p75__vinf25__inc90__toff56210__Om180__om270,0.9583327316630206,0.0968155312090325,25.251921985164596,204.9295029050636,342.66699244115125,10,2.4158453015843406e-13,7.1488600627470404,1,0.028742810228912674,64.15806723683289,90.0,25.841932763167108,14.83511158197571,17.443056685993216,26.318783501556936,12.610664434193161,11.279029708080023,2.369243187176715,0,0.75,90.0,180.0,270.0
20260724_230314__rp0p75__vinf25__inc90__toff56210__Om180__om90,1.0302726135867415,0.1157619899194434,22.6411182120008,195.62839071444296,381.9671584756879,11,0.0,6.685457168970553,1,0.05305855609263421,58.82116446134409,58.82116446134409,0.0,0.0,13.287305305843851,7.654927792080206,9.125925208837131,-7.384826001396708,2.036955569517468,0,0.75,90.0,180.0,90.0
20260724_230314__rp0p75__vinf25__inc90__toff56210__Om270__om0,1.0619663692426728,0.08352893099522,25.477611067480225,2.7069818254468943,399.72741560941273,18,0.0,4.052383550328868,1,0.0009641949593870436,75.16488841802429,42.670233871257594,-32.4946545467667,13.789439371449639,11.373912393927641,-4.160863924102182,9.39291585329249,-19.200617717579096,2.799025937889017,0,0.75,90.0,270.0,0.0
20260724_230314__rp0p75__vinf25__inc90__toff56210__Om270__om180,1.076715874050855,0.2817293537905672,22.56019207507268,149.8789105757326,408.0839030064925,19,0.0,7.216855733652591,1,0.8233907450496398,56.4426902380793,42.670233871257594,-13.772456366821707,2.238057781766898,11.43032542616377,-2.25887149382031,10.30462548518268,-17.298625287297224,4.0856050987797214,1,0.75,90.0,270.0,180.0
20260724_230314__rp0p75__vinf25__inc90__toff56210__Om270__om270,0.9883892948653146,0.0473696498971811,28.12892483847592,41.53813340561842,358.91353786394313,7,4.369837824924616e-12,2.6731962670771896,1,0.07888300603382703,90.0,81.4509211694784,-8.549078830521594,8.549078830521594,15.532744613399707,17.827419474017468,15.475836657293819,2.787665680540554,1.5608510230089394,0,0.75,90.0,270.0,270.0
20260724_230314__rp0p75__vinf25__inc90__toff56210__Om270__om90,0.9595677389416206,0.1227453152802587,21.7920438593745,262.1832614455116,343.3296003176511,9,3.126388037344441e-13,1.8995652267394263,1,0.04918184329844166,70.81186354627908,90.0,19.188136453720915,14.83511158197571,17.544116235299477,26.636642838767816,9.060814605712043,11.596889045290903,3.138252214970519,1,0.75,90.0,270.0,90.0
20260724_230314__rp0p75__vinf25__inc90__toff56210__Om90__om0,0.9932608948873132,0.3812144729286723,24.29553231629652,204.3534647038704,361.5703390874136,9,1.7692514120426495e-12,8.586025522613708,1,0.13178782590547655,61.37544904657465,90.0,28.62455095342535,19.188136453720915,17.265745919044562,26.639721719236594,12.37614799201663,11.59996792575968,4.349387647054846,1,0.75,90.0,90.0,0.0
20260724_230314__rp0p75__vinf25__inc90__toff56210__Om90__om180,1.0502327765663575,0.0969075010230846,20.002520701777765,9.684618441986515,393.1209081089538,12,0.0,2.8616076221149758,1,0.05308670141151284,70.81186354627908,50.05549481018513,-20.756368736093954,9.436414499704433,12.183169889829465,1.7416396144174917,8.432542567776206,-13.298114179059422,2.975658358529672,0,0.75,90.0,90.0,180.0
20260724_230314__rp0p75__vinf25__inc90__toff56210__Om90__om270,1.059682711479311,0.0257668622173169,22.908150502299787,312.8765714413145,398.4387452870275,19,0.0,2.1271098702691145,1,0.19354453206989097,70.81186354627908,42.670233871257594,-28.14162967502149,11.990699084934995,11.590196684892977,-3.163248682984142,7.928414501132561,-18.203002476461055,1.6293998738744713,0,0.75,90.0,90.0,270.0
20260724_230314__rp0p75__vinf25__inc90__toff56210__Om90__om90,0.9373049803506748,0.1138307384241549,21.885567014000475,170.4018408870125,331.4508807075403,10,0.0,7.446584931126578,1,4.902744876744691e-13,64.15806723683289,90.0,25.841932763167108,14.83511158197571,18.9057961235183,32.50833485774711,12.507095540680815,17.468581064270197,2.87249153942014,0,0.75,90.0,90.0,90.0
20260724_230314__rp0p75__vinf25__incm30__toff56210__Om0__om0,1.3181074503237291,0.183677776519539,21.35358647659355,104.38176216070092,552.7439688380131,9,7.105427357601002e-15,3.2619904685763084,1,7.958078640513122e-13,,,,,-2.5920969660586475,-61.048546038914196,9.47583431968885,-76.08829983239112,3.483405560582189,0,0.75,-30.0,0.0,0.0
20260724_230314__rp0p75__vinf25__incm30__toff56210__Om0__om180,0.8047845494520337,0.1952504933753178,25.899105706972712,252.6370197582155,263.70431451999434,15,0.0,3.7599280078973862,1,1.3926637620897964e-12,81.4509211694784,90.0,8.549078830521594,8.549078830521594,27.56361959533889,80.55722296856392,10.48269474454034,65.517469175087,3.987513597950672,1,0.75,-30.0,0.0,180.0
20260724_230314__rp0p75__vinf25__incm30__toff56210__Om0__om270,1.0776980022311788,0.0461290504244221,22.958302747133896,34.999631303302735,408.6423819316124,29,0.0,2.095354466567077,1,1.3500311979441904e-13,70.81186354627908,18.797368824406544,-52.01449472187254,14.369173308199784,10.489012541928092,-43.949904129809894,8.806241810091848,-58.989657923286806,2.833299409973957,1,0.75,-30.0,0.0,270.0
20260724_230314__rp0p75__vinf25__incm30__toff56210__Om0__om90,0.9274557519894124,0.3483997576942297,22.921347762283357,189.7064059678175,326.24028579116583,11,0.0,9.227382470417066,1,8.100187187665142e-13,64.15806723683289,90.0,25.841932763167108,17.292853932645514,21.03383909850233,43.12343721587066,14.055569117950006,28.083683422393747,3.974135805942502,1,0.75,-30.0,0.0,90.0
20260724_230314__rp0p75__vinf25__incm30__toff56210__Om180__om0,0.7715573076638979,0.2046339986482707,22.83390966878086,237.7733287982216,247.54267162879185,17,0.0,5.6234902758429115,1,2.5579538487363607e-13,81.4509211694784,90.0,8.549078830521594,8.549078830521594,29.945961257433478,97.00352652635904,9.55183449024279,81.96377273288212,4.11613327391697,1,0.75,-30.0,180.0,0.0
20260724_230314__rp0p75__vinf25__incm30__toff56210__Om180__om180,1.3372717077294167,0.1788493714114521,23.68827081837099,109.8041821650559,564.8423809960916,8,2.842170943040401e-14,3.87432724315388,1,8.455458555545192e-13,,,,,-3.7485931386681934,-62.11139333110125,10.046784411525067,-77.15114712457816,5.301700091646511,1,0.75,-30.0,180.0,180.0
20260724_230314__rp0p75__vinf25__incm30__toff56210__Om180__om270,1.122120997817272,0.6760714421342958,26.622267491764337,184.2535766610501,434.1675133711204,8,4.5485393229682813e-11,12.837828568251874,1,0.3319342457423211,56.4426902380793,90.0,33.5573097619207,14.197772443843235,16.653513266461918,23.854321544328158,26.093412618488912,8.814567750851245,5.576642443155253,2,0.75,-30.0,180.0,270.0
20260724_230314__rp0p75__vinf25__incm30__toff56210__Om180__om90,1.0990312013343786,0.0932035023807827,23.51460428561461,11.533728369568792,420.8359414385856,16,0.0,3.39107178395785,1,3.623767952376511e-13,70.81186354627908,14.806506911897516,-56.00535663438157,16.60723108996668,9.304015038503893,-45.83051315718173,9.036549987993801,-60.87026695065864,3.690101114722437,1,0.75,-30.0,180.0,90.0
20260724_230314__rp0p75__vinf25__incm30__toff56210__Om270__om0,1.092912420016917,0.0896620853137575,20.95495474759707,19.101517569330788,417.3263744828525,19,0.0,2.6354650815596656,1,2.4868995751603507e-13,67.25314872563517,18.797368824406544,-48.455779901228624,13.048516269322768,9.700640870725584,-45.269507494845264,8.292688929317627,-60.309261288322176,3.3674484894968275,0,0.75,-30.0,270.0,0.0
20260724_230314__rp0p75__vinf25__incm30__toff56210__Om270__om180,1.6309553438544706,0.5436246891448092,18.07690869947493,153.5804232873592,760.7831679974774,6,7.105427357601002e-14,4.753340716253394,1,9.805489753489383e-13,,,,,-15.470690611944876,-69.56283381161752,11.722069500481695,-84.60258760509444,5.006500680166499,1,0.75,-30.0,270.0,180.0
20260724_230314__rp0p75__vinf25__incm30__toff56210__Om270__om270,0.7742158187447297,0.2088061182192409,22.89548713588156,245.21233313340812,248.8231886310144,17,0.0,4.696286819704529,1,5.258016244624741e-13,81.4509211694784,90.0,8.549078830521594,8.549078830521594,29.79677052034851,95.83750302648538,9.082056007057162,80.79774923300846,4.3348801385687725,1,0.75,-30.0,270.0,270.0
20260724_230314__rp0p75__vinf25__incm30__toff56210__Om270__om90,1.2749985356619686,0.1446315104795978,22.254706451153044,96.5200577304756,525.8505340648669,9,3.552713678800501e-14,2.667673327464687,1,9.237055564881302e-13,,,,,-0.29337473809403525,-58.81205025330154,9.435338473040005,-73.85180404677845,3.4315659839707777,0,0.75,-30.0,270.0,90.0
20260724_230314__rp0p75__vinf25__incm30__toff56210__Om90__om0,0.9633720872837448,0.6096229898447125,38.19089849429917,179.70877251608755,345.3733942420903,11,3.055333763768431e-13,18.26323711380261,1,2.2239987629291136e-12,61.37544904657465,90.0,28.62455095342535,28.62455095342535,23.960282812890817,54.68100469825219,34.21058152085787,39.641250904775276,5.291146131161692,2,0.75,-30.0,90.0,0.0
20260724_230314__rp0p75__vinf25__incm30__toff56210__Om90__om180,1.087306947730291,0.0791244095152951,25.11030431093105,15.418807407957424,414.1198376096786,19,0.0,3.5395141198256095,1,5.115907697472721e-13,70.81186354627908,14.806506911897516,-56.00535663438157,14.369173308199784,9.908942133560426,-44.77946657751478,9.594428783121032,-59.819220370991694,3.275950527801723,0,0.75,-30.0,90.0,180.0
20260724_230314__rp0p75__vinf25__incm30__toff56210__Om90__om270,1.276332574732308,0.1533894960793919,22.799300764116825,127.48299222869376,526.6760510399628,9,1.4210854715202004e-14,5.0130457578775065,1,9.094947017729282e-13,,,,,-0.3274790512347039,-58.841242560123604,9.274495998660512,-73.88099635360052,3.301226488788216,0,0.75,-30.0,90.0,270.0
20260724_230314__rp0p75__vinf25__incm30__toff56210__Om90__om90,0.8247130962783326,0.1523687121163187,26.020790563275025,245.31080628450377,273.55970520297234,14,0.0,4.562927952238443,1,1.1368683772161603e-13,75.16488841802429,90.0,14.83511158197571,14.83511158197571,26.00308453034199,70.7545412676,11.605689500996604,55.71478747412309,3.4780955525505077,1,0.75,-30.0,90.0,90.0
20260724_230314__rp0p75__vinf25__incm60__toff56210__Om0__om0,1.276147203056306,0.1902079867130551,20.79901390380335,99.7628620453167,526.561315336411,9,2.842170943040401e-14,2.8934258939423394,1,9.094947017729282e-13,,,,,-0.216714175216316,-58.57828697849173,9.604826825749797,-73.61804077196865,3.290613178700767,0,0.75,-60.0,0.0,0.0
20260724_230314__rp0p75__vinf25__incm60__toff56210__Om0__om180,0.860948324351097,0.188437742627085,25.84594508263111,257.62430873475944,291.7853063545524,13,0.0,2.8186950056722715,1,3.055333763768431e-13,81.4509211694784,90.0,8.549078830521594,8.549078830521594,23.853575708682776,57.907998001769315,10.145141322217189,42.8682442082924,3.566428700273023,1,0.75,-60.0,0.0,180.0
20260724_230314__rp0p75__vinf25__incm60__toff56210__Om0__om270,1.054150168208597,0.0295999783140258,22.877503680776307,166.67630769340042,395.3224825159579,16,0.0,6.538601156875554,1,0.04334507777803187,58.82116446134409,46.23825730732021,-12.582907154023879,2.3784742232647886,11.879781945672297,-0.9226097434557179,8.272210039094691,-15.962363536932632,1.554796068097265,0,0.75,-60.0,0.0,270.0
20260724_230314__rp0p75__vinf25__incm60__toff56210__Om0__om90,0.9406673630042436,0.1942993288013505,25.074697206184105,187.9482755122952,333.23599376273194,10,0.0,8.588879690922786,1,7.318590178329032e-13,64.15806723683289,90.0,25.841932763167108,14.83511158197571,18.87889356690571,32.94543305522201,13.568871065580627,17.9056792617451,2.602137604430143,0,0.75,-60.0,0.0,90.0
20260724_230314__rp0p75__vinf25__incm60__toff56210__Om180__om0,0.7885939232809447,0.2007541644819849,21.297407989434028,240.36833631385963,255.7866827255974,16,0.0,4.969284957410377,1,5.400124791776761e-13,75.16488841802429,90.0,14.83511158197571,14.83511158197571,28.803734622518604,88.73548591785674,8.533979390725449,73.69573212437982,4.091602015312592,1,0.75,-60.0,180.0,0.0
20260724_230314__rp0p75__vinf25__incm60__toff56210__Om180__om180,1.3253890474174097,0.1788449858694962,24.900248009685736,104.89337896596768,557.3305589325444,8,2.1316282072803006e-14,3.598314371799992,1,7.105427357601002e-13,,,,,-3.0974060733405926,-61.47818186033883,10.586318156584063,-76.51793565381574,3.669987872919107,0,0.75,-60.0,180.0,180.0
20260724_230314__rp0p75__vinf25__incm60__toff56210__Om180__om270,0.9354100634892948,0.4535323133459731,26.050897805851243,191.2919235100084,330.4462648179393,11,0.0,11.161575339982342,1,1.2363443602225743e-12,64.15806723683289,90.0,25.841932763167108,25.841932763167108,22.022410843203126,47.56322821161893,17.63661188867018,32.523474418142015,4.679131763973884,1,0.75,-60.0,180.0,270.0
20260724_230314__rp0p75__vinf25__incm60__toff56210__Om180__om90,1.088597636672033,0.0706616921046692,24.1528961447529,10.831033353391735,414.8574285232425,19,0.0,3.4519491457881912,1,2.7711166694643907e-13,70.81186354627908,8.305109528050396,-62.50675401822869,14.369173308199784,9.858493613065331,-44.93709973031898,9.105641324277222,-59.97685352379589,3.269796968700854,1,0.75,-60.0,180.0,90.0
20260724_230314__rp0p75__vinf25__incm60__toff56210__Om270__om0,1.0772089092555093,0.0949982009858987,19.617772573826056,13.88600669358344,408.36423150316494,52,0.0,2.5748492696278102,1,9.067690598385525e-09,70.81186354627908,12.187474135425045,-58.624389410854036,14.369173308199784,10.641455125807365,-43.7154164055421,7.828200677662856,-58.75517019901901,3.1527466807864624,0,0.75,-60.0,270.0,0.0
20260724_230314__rp0p75__vinf25__incm60__toff56210__Om270__om180,1.7544597020585568,0.563190699743264,22.07056015323993,146.34164623962752,848.8146888567097,6,8.526512829121202e-14,4.679557911769493,1,1.3073986337985843e-12,,,,,-20.606503431488306,-72.95026752537906,13.6268807881561,-87.99002131885598,5.066973834538976,1,0.75,-60.0,270.0,180.0
20260724_230314__rp0p75__vinf25__incm60__toff56210__Om270__om270,0.8173912690065739,0.1529862618892374,21.683888270006253,233.9853133475364,269.92479615152723,15,0.0,5.351522112886681,1,1.9184653865522705e-12,75.16488841802429,90.0,14.83511158197571,14.83511158197571,26.607739491186056,74.31289940881912,9.754995585881524,59.27314561534221,3.951452174614636,1,0.75,-60.0,270.0,270.0
20260724_230314__rp0p75__vinf25__incm60__toff56210__Om270__om90,1.164108944602132,0.0704111010443465,22.38568070389884,80.22043255368715,458.762836911835,11,0.0,1.3371234376019006,1,1.9184653865522705e-13,58.82116446134409,20.147886287247108,-38.67327817409698,21.151277497014462,5.687327458503997,-51.50730831809702,8.826894571743196,-66.54706211157394,2.430298220070376,0,0.75,-60.0,270.0,90.0
20260724_230314__rp0p75__vinf25__incm60__toff56210__Om90__om0,1.222831362127292,0.3898353235755761,29.126141671058804,136.11631332220566,493.9097998794573,10,1.0658141036401503e-13,7.882431190607707,1,9.876544027065393e-13,48.11140308495899,27.100685348240216,-21.01071773671877,21.01071773671877,3.928169790645729,-52.3461590605876,15.672688201376658,-67.38591285406451,4.424985181533355,2,0.75,-60.0,90.0,0.0
20260724_230314__rp0p75__vinf25__incm60__toff56210__Om90__om180,1.0761511358550244,0.0793526095202459,26.059540791119467,8.81505525144851,407.7628846893178,28,0.0,3.9758533960791738,1,6.323830348264892e-13,75.16488841802429,7.020370749121086,-68.1445176689032,16.3437239566802,10.525257662075951,-43.684676536785524,9.845209984895305,-58.724430330262436,2.9978696263818585,0,0.75,-60.0,90.0,180.0
20260724_230314__rp0p75__vinf25__incm60__toff56210__Om90__om270,1.123948431873705,0.0777598565159083,22.906434593103945,174.7968463237972,435.2285425864044,13,1.4210854715202004e-14,6.492421648113111,1,8.526512829121202e-13,54.2046324563124,12.187474135425045,-42.01715832088736,13.49181448403181,7.912869185149622,-48.15153113122778,8.12666343729606,-63.19128492470469,2.475194622669913,0,0.75,-60.0,90.0,270.0
20260724_230314__rp0p75__vinf25__incm60__toff56210__Om90__om90,0.892295593428557,0.0647228036153701,28.111620287778464,263.21444584075846,307.8654212920716,12,0.0,1.9207171264930913,1,2.8421709430404007e-13,75.16488841802429,90.0,14.83511158197571,14.83511158197571,21.427782335233196,44.66051279587047,14.097920955314741,29.620759002393555,2.472162882559042,0,0.75,-60.0,90.0,90.0
20260724_230314__rp0p75__vinf25__incm90__toff56210__Om0__om0,1.2199189824268577,0.206709279814779,21.69796713935353,96.45847644342828,492.146356325964,10,3.552713678800501e-14,2.721246825492548,1,3.694822225952521e-13,52.08179734355447,25.679288619456855,-26.402508724097615,26.402508724097615,2.933444918456714,-54.78459533518462,10.469019043656083,-69.82434912866154,3.2668187197141005,0,0.75,-90.0,0.0,0.0
20260724_230314__rp0p75__vinf25__incm90__toff56210__Om0__om180,0.9216618214665436,0.1539768727691482,24.125770978485,249.17856985535303,323.18797030545915,11,0.0,3.5028368100673752,1,7.105427357601002e-14,70.81186354627908,90.0,19.188136453720915,19.188136453720915,19.887193993966953,37.483511170331084,9.84988069932918,22.443757376854172,3.06528694446324,0,0.75,-90.0,0.0,180.0
20260724_230314__rp0p75__vinf25__incm90__toff56210__Om0__om270,1.030272613705133,0.1157619898694442,22.64111821155483,195.6283906514776,381.9671585415273,11,0.0,6.685457169914713,1,0.053058555866792645,58.82116446134409,58.82116446134409,0.0,0.0,13.287305299178078,7.654927768036807,9.125925211730141,-7.384826025440106,2.0369555692793315,0,0.75,-90.0,0.0,270.0
20260724_230314__rp0p75__vinf25__incm90__toff56210__Om0__om90,0.9583327317676644,0.0968155311073845,25.25192198264181,204.92950297269547,342.6669924972768,10,2.3447910280083306e-13,7.148860057229594,1,0.02874281026661052,64.15806723683289,90.0,25.841932763167108,14.83511158197571,17.443056679403497,26.318783473466322,12.610664430204611,11.279029679989408,2.3692431862120094,0,0.75,-90.0,0.0,90.0
20260724_230314__rp0p75__vinf25__incm90__toff56210__Om180__om0,0.8297040423845294,0.1921897285978035,20.62295710556804,249.46054074996368,276.0467252006308,14,0.0,3.6378015505673176,1,7.105427357601002e-14,75.16488841802429,90.0,14.83511158197571,14.83511158197571,26.02954838100692,70.53679377295757,7.74091550099898,55.497039979480654,3.835001309632047,1,0.75,-90.0,180.0,0.0
20260724_230314__rp0p75__vinf25__incm90__toff56210__Om180__om180,1.3002020092412676,0.184657532513854,25.733788398773147,101.07708820253556,541.5194245825194,9,2.1316282072803006e-14,3.3327939802641113,1,7.105427357601002e-13,,,,,-1.673465474121882,-60.03742686565382,11.130821065519662,-75.07718065913073,3.3701103928463647,0,0.75,-90.0,180.0,180.0
20260724_230314__rp0p75__vinf25__incm90__toff56210__Om180__om270,0.9327671282732892,0.2741013363862022,23.28089719429043,202.4291432800208,329.0467755708947,11,0.0,8.122534159888968,1,1.0089706847793423e-12,64.15806723683289,90.0,25.841932763167108,17.292853932645514,19.924230670284366,37.98101543969024,11.620721389624174,22.941261646213327,3.320706005264927,0,0.75,-90.0,180.0,270.0
20260724_230314__rp0p75__vinf25__incm90__toff56210__Om180__om90,1.0663676943983804,0.0238936336541439,24.87214315584614,41.10035889303732,402.2149971543348,22,0.0,1.9337825785771514,1,0.1724978378091473,70.81186354627908,37.66988696432963,-33.14197658194946,11.990699084934995,11.09127903124525,-7.235112806592365,8.878884046597154,-22.27486660006928,2.318123664537331,0,0.75,-90.0,180.0,90.0
20260724_230314__rp0p75__vinf25__incm90__toff56210__Om270__om0,1.0502327765822272,0.0969075010247044,20.00252070184475,9.684618451414314,393.1209081178643,12,0.0,2.861607621852528,1,0.05308670142492167,70.81186354627908,50.05549481018513,-20.756368736093954,9.436414499704433,12.183169888901544,1.7416396113601633,8.432542567905585,-13.29811418211675,2.9756583585405405,0,0.75,-90.0,270.0,0.0
20260724_230314__rp0p75__vinf25__incm90__toff56210__Om270__om180,0.9932371015862368,0.3812455547454251,24.29482130203448,204.35197930597465,361.5573471829775,9,1.858069254012662e-12,8.586419932362336,1,0.13179638527869741,61.37544904657465,90.0,28.62455095342535,19.188136453720915,17.26761386339197,26.647438717835698,12.376705594359223,11.607684924358784,4.349542003277798,1,0.75,-90.0,270.0,180.0
20260724_230314__rp0p75__vinf25__incm90__toff56210__Om270__om270,0.9373049806388408,0.1138307384334439,21.88556701618161,170.4018406685403,331.4508808603927,10,0.0,7.446584928292388,1,9.663381206337363e-13,64.15806723683289,90.0,25.841932763167108,14.83511158197571,18.905796106607415,32.50833477790268,12.50709554965527,17.46858098442577,2.872491538082274,0,0.75,-90.0,270.0,270.0
20260724_230314__rp0p75__vinf25__incm90__toff56210__Om270__om90,1.059682712122303,0.0257668618056153,22.90815049026827,312.8765700439364,398.43874564967314,19,0.0,2.127109796714704,1,0.19354453132007388,70.81186354627908,42.670233871257594,-28.14162967502149,11.990699084934995,11.590196652405641,-3.163248781662865,7.928414500330824,-18.203002575139777,1.629399877221291,0,0.75,-90.0,270.0,90.0
20260724_230314__rp0p75__vinf25__incm90__toff56210__Om90__om0,1.0767158252953193,0.2817294107653017,22.560192261546373,149.87891370285453,408.0838752883877,19,0.0,7.216856527307138,1,0.8233906791968482,56.4426902380793,42.670233871257594,-13.772456366821707,2.238057781766898,11.430328602099005,-2.2588613011763585,10.304626456194995,-17.29861509465327,4.085605298472471,1,0.75,-90.0,90.0,0.0
20260724_230314__rp0p75__vinf25__incm90__toff56210__Om90__om180,1.0619663683150369,0.0835289308422451,25.477611067971104,2.706982384167013,399.72741508566514,18,0.0,4.052383545354516,1,0.0009641951160812567,75.16488841802429,42.670233871257594,-32.4946545467667,13.789439371449639,11.373912443400183,-4.160863770231509,9.392915863917978,-19.200617563708423,2.799025937146088,0,0.75,-90.0,90.0,180.0
20260724_230314__rp0p75__vinf25__incm90__toff56210__Om90__om270,0.9595677383249632,0.1227453151348995,21.79204386862613,262.18326172706384,343.32959998669463,9,3.659295089164516e-13,1.8995652019659097,1,0.04918184371328849,70.81186354627908,90.0,19.188136453720915,14.83511158197571,17.544116271362757,26.63664299451021,9.060814617728408,11.596889201033298,3.138252217042416,1,0.75,-90.0,90.0,270.0
20260724_230314__rp0p75__vinf25__incm90__toff56210__Om90__om90,0.9883892948295896,0.0473696498066225,28.128924839171344,41.53813332162624,358.9135378444839,7,4.369837824924616e-12,2.6731962736613664,1,0.07888300584283314,90.0,81.4509211694784,-8.549078830521594,8.549078830521594,15.53274461572499,17.82741948252195,15.475836656332975,2.7876656890450366,1.5608510226989487,0,0.75,-90.0,90.0,90.0
20260724_230314__rp1__vinf25__inc0__toff56210__Om0__om0,1.2157219148782816,0.1377043350766808,22.678051439095483,118.94893211068644,489.6087363426906,10,2.842170943040401e-14,4.4442961160608805,1,9.379164112033322e-13,50.05549481018513,24.274652194584778,-25.780842615600353,25.780842615600353,2.9630795108074,-55.01233363617601,9.441745933379039,-70.05208742965293,3.1693136103711925,0,1.0,0.0,0.0,0.0
20260724_230314__rp1__vinf25__inc0__toff56210__Om0__om180,0.8402307806320937,0.1772423335925868,24.423048348164095,248.0203883973705,281.3168016735262,14,0.0,4.049703614163704,1,5.258016244624741e-13,75.16488841802429,90.0,14.83511158197571,14.83511158197571,25.161231947888368,65.47857369851178,10.025366029912366,50.43881990503487,3.64083943281992,1,1.0,0.0,0.0,180.0
20260724_230314__rp1__vinf25__inc0__toff56210__Om0__om270,1.0571721692992353,0.0796921273511961,23.26016182702425,8.873691288631282,397.0236454148517,17,0.0,3.473113637679454,1,0.03357616764643012,75.16488841802429,44.4270040008057,-30.737884417218588,13.789439371449639,11.686910545536012,-1.6996373103493603,8.968815621086542,-16.739391103826275,3.3963717059987424,1,1.0,0.0,0.0,270.0
20260724_230314__rp1__vinf25__inc0__toff56210__Om0__om90,1.2286520729916692,0.4026580719453567,16.97717696786518,243.74843084660125,497.4405294748048,10,2.1316282072803006e-14,3.1164776473452815,1,7.531752999057062e-13,52.08179734355447,31.48143215916899,-20.60036518438548,20.60036518438548,3.8829864958550497,-52.500580199639536,2.170095570758903,-67.54033399311645,4.177571687993257,1,1.0,0.0,0.0,90.0
20260724_230314__rp1__vinf25__inc0__toff56210__Om180__om0,0.8402307806320937,0.1772423335925868,24.423048348164095,248.0203883973705,281.3168016735262,14,0.0,4.049703614163704,1,5.258016244624741e-13,75.16488841802429,90.0,14.83511158197571,14.83511158197571,25.161231947888368,65.47857369851178,10.025366029912366,50.43881990503487,3.64083943281992,1,1.0,0.0,180.0,0.0
20260724_230314__rp1__vinf25__inc0__toff56210__Om180__om180,1.2157219081036563,0.1377043458074422,22.6780512439203,118.94893148819487,489.6087322501646,10,1.4210854715202004e-14,4.444296097706879,1,7.602807272633072e-13,50.05549481018513,24.274652194584778,-25.780842615600353,25.780842615600353,2.9630798878481617,-55.01233310150121,9.441746056957072,-70.05208689497813,3.169313583958593,0,1.0,0.0,180.0,180.0
20260724_230314__rp1__vinf25__inc0__toff56210__Om180__om270,1.22865207282663,0.4026580718289208,16.977176963843306,243.7484308360593,497.44052937457633,10,4.263256414560601e-14,3.1164776480211764,1,4.973799150320701e-13,52.08179734355447,31.48143215916899,-20.60036518438548,20.60036518438548,3.88298650343978,-52.5005801901189,2.170095570997205,-67.54033398359581,4.177571687651104,1,1.0,0.0,180.0,270.0
20260724_230314__rp1__vinf25__inc0__toff56210__Om180__om90,1.0571721692992353,0.0796921273511961,23.26016182702425,8.873691288631282,397.0236454148517,17,0.0,3.473113637679454,1,0.03357616764643012,75.16488841802429,44.4270040008057,-30.737884417218588,13.789439371449639,11.686910545536012,-1.6996373103493603,8.968815621086542,-16.739391103826275,3.3963717059987424,1,1.0,0.0,180.0,90.0
20260724_230314__rp1__vinf25__inc0__toff56210__Om270__om0,1.0571721692992353,0.0796921273511961,23.26016182702425,8.873691288631282,397.0236454148517,17,0.0,3.473113637679454,1,0.03357616764643012,75.16488841802429,44.4270040008057,-30.737884417218588,13.789439371449639,11.686910545536012,-1.6996373103493603,8.968815621086542,-16.739391103826275,3.3963717059987424,1,1.0,0.0,270.0,0.0
20260724_230314__rp1__vinf25__inc0__toff56210__Om270__om180,1.22865207282663,0.4026580718289208,16.977176963843306,243.7484308360593,497.44052937457633,10,4.263256414560601e-14,3.1164776480211764,1,4.973799150320701e-13,52.08179734355447,31.48143215916899,-20.60036518438548,20.60036518438548,3.88298650343978,-52.5005801901189,2.170095570997205,-67.54033398359581,4.177571687651104,1,1.0,0.0,270.0,180.0
20260724_230314__rp1__vinf25__inc0__toff56210__Om270__om270,0.8389861099759565,0.1780816103940663,24.420525218851925,248.2920843157517,280.6919428748108,14,0.0,4.024421624951156,1,1.2789769243681803e-13,75.16488841802429,90.0,14.83511158197571,14.83511158197571,25.246399403480442,65.98725178859544,10.005722951417713,50.94749799511853,3.647920086848917,1,1.0,0.0,270.0,270.0
20260724_230314__rp1__vinf25__inc0__toff56210__Om270__om90,1.2157219081036563,0.1377043458074422,22.6780512439203,118.94893148819487,489.6087322501646,10,1.4210854715202004e-14,4.444296097706879,1,7.602807272633072e-13,50.05549481018513,24.274652194584778,-25.780842615600353,25.780842615600353,2.9630798878481617,-55.01233310150121,9.441746056957072,-70.05208689497813,3.169313583958593,0,1.0,0.0,270.0,90.0
20260724_230314__rp1__vinf25__inc0__toff56210__Om90__om0,1.2286520729916692,0.4026580719453567,16.97717696786518,243.74843084660125,497.4405294748048,10,2.1316282072803006e-14,3.1164776473452815,1,7.531752999057062e-13,52.08179734355447,31.48143215916899,-20.60036518438548,20.60036518438548,3.8829864958550497,-52.500580199639536,2.170095570758903,-67.54033399311645,4.177571687993257,1,1.0,0.0,90.0,0.0
20260724_230314__rp1__vinf25__inc0__toff56210__Om90__om180,1.0571721692992353,0.0796921273511961,23.26016182702425,8.873691288631282,397.0236454148517,17,0.0,3.473113637679454,1,0.03357616764643012,75.16488841802429,44.4270040008057,-30.737884417218588,13.789439371449639,11.686910545536012,-1.6996373103493603,8.968815621086542,-16.739391103826275,3.3963717059987424,1,1.0,0.0,90.0,180.0
20260724_230314__rp1__vinf25__inc0__toff56210__Om90__om270,1.2157219081036563,0.1377043458074422,22.6780512439203,118.94893148819487,489.6087322501646,10,1.4210854715202004e-14,4.444296097706879,1,7.602807272633072e-13,50.05549481018513,24.274652194584778,-25.780842615600353,25.780842615600353,2.9630798878481617,-55.01233310150121,9.441746056957072,-70.05208689497813,3.169313583958593,0,1.0,0.0,90.0,270.0
20260724_230314__rp1__vinf25__inc0__toff56210__Om90__om90,0.8402307806320937,0.1772423335925868,24.423048348164095,248.0203883973705,281.3168016735262,14,0.0,4.049703614163704,1,5.258016244624741e-13,75.16488841802429,90.0,14.83511158197571,14.83511158197571,25.161231947888368,65.47857369851178,10.025366029912366,50.43881990503487,3.64083943281992,1,1.0,0.0,90.0,90.0
20260724_230314__rp1__vinf25__inc30__toff56210__Om0__om0,1.2207738200863505,0.1390250842805038,23.60512341779197,117.55929664794446,492.6637418294503,10,4.263256414560601e-14,4.443540293259495,1,5.968558980384842e-13,50.05549481018513,21.510188266887486,-28.545306543297645,28.545306543297645,2.671246851001297,-55.353538926867834,9.788264138581589,-70.39329272034475,3.238330120011071,0,1.0,30.0,0.0,0.0
20260724_230314__rp1__vinf25__inc30__toff56210__Om0__om180,0.8197733503275207,0.174373694551653,22.88814917664737,243.1896286389792,271.1055973143645,15,0.0,4.577894083581462,1,1.9895196601282805e-13,75.16488841802429,90.0,14.83511158197571,14.83511158197571,26.524187391881334,73.79527696026922,9.587751883230055,58.75552316679231,3.755973100541559,1,1.0,30.0,0.0,180.0
20260724_230314__rp1__vinf25__inc30__toff56210__Om0__om270,1.0608643581945791,0.0867764002018313,23.46600368231746,4.625761076104958,399.1053765186757,18,0.0,3.6260451520100485,1,0.02425728418926365,75.16488841802429,42.670233871257594,-32.4946545467667,13.789439371449639,11.48237245699986,-3.1224752611200763,8.88228288847537,-18.16222905459699,3.662714204187189,1,1.0,30.0,0.0,270.0
20260724_230314__rp1__vinf25__inc30__toff56210__Om180__om0,0.8569096376078124,0.1594847821946899,25.224662790756863,254.75328188206024,289.7345798405716,13,0.0,3.144091377279672,1,3.481659405224491e-13,75.16488841802429,90.0,14.83511158197571,14.83511158197571,23.98010054810109,58.6338222245519,10.595904236118873,43.59406843107499,3.4163686526414203,1,1.0,30.0,180.0,0.0
20260724_230314__rp1__vinf25__inc30__toff56210__Om180__om180,1.1943446128855637,0.1306129868765654,21.907497266832703,112.1612142488296,476.7517247392783,10,0.0,3.8793281461245437,1,7.958078640513122e-13,52.08179734355447,30.000000000000004,-22.081797343554467,22.081797343554467,4.131332824188424,-53.52819525645423,9.264223419678508,-68.56794904993114,2.9013970328685548,0,1.0,30.0,180.0,180.0
20260724_230314__rp1__vinf25__inc30__toff56210__Om180__om270,1.0071546613949207,0.2310339676552107,18.466606483290494,194.43227000143,369.1832945011108,7,4.156675004196586e-12,6.462041260043497,1,0.07225595717621047,61.37544904657465,70.81186354627908,9.436414499704433,3.558714820643914,15.207191947295549,16.96083402900521,8.9479893447787,1.9210802355282954,3.0552330177289404,0,1.0,30.0,180.0,270.0
20260724_230314__rp1__vinf25__inc30__toff56210__Om180__om90,1.048442972476589,0.0465835425322365,23.11785799702123,16.13185324037331,392.116402868904,14,0.0,3.0847175030907756,1,0.06973615958594515,75.16488841802429,48.11140308495899,-27.053485333065304,11.006821181191398,12.174810479697584,1.1535943165244718,9.085140581090108,-13.886159476952441,2.6196940634313397,1,1.0,30.0,180.0,90.0
20260724_230314__rp1__vinf25__inc30__toff56210__Om270__om0,1.0540096826800196,0.0754008978267992,24.837912603035235,5.873865344042113,395.2434588068049,20,0.0,3.8558375047287914,1,0.006224845975490556,75.16488841802429,46.23825730732021,-28.92663111070408,11.006821181191398,11.830959613601367,-0.8819154212304636,9.521544970363863,-15.921669214707377,2.8210003424687597,0,1.0,30.0,270.0,0.0
20260724_230314__rp1__vinf25__inc30__toff56210__Om270__om270,0.8615603096153006,0.1279327614844384,25.958567374241397,251.52244567899425,292.09647492027443,13,0.0,3.5190717152942987,1,3.552713678800501e-13,75.16488841802429,90.0,14.83511158197571,14.83511158197571,23.534097224400078,56.15959950038232,11.736595920812924,41.11984570690541,3.13452068222412,0,1.0,30.0,270.0,270.0
20260724_230314__rp1__vinf25__inc30__toff56210__Om270__om90,1.1808416910508028,0.1219460306630415,22.877032221591158,135.36472082687922,468.68958984274286,11,2.1316282072803006e-14,5.490617848456249,1,9.521272659185342e-13,52.08179734355447,32.98670708247892,-19.095090261075548,19.095090261075548,4.844644788748505,-52.57198269720653,9.122435909517847,-67.61173649068344,2.8220523758607765,0,1.0,30.0,270.0,90.0
20260724_230314__rp1__vinf25__inc30__toff56210__Om90__om180,1.0551373262426265,0.0815416528939558,21.526536588870496,7.321934394706752,395.8779116049458,15,0.0,3.1434022401717936,1,0.029583767235174252,70.81186354627908,46.23825730732021,-24.573606238958874,9.436414499704433,11.855956136823018,-0.5040837667239869,8.469496985248018,-15.5438375602009,2.8792189140007154,0,1.0,30.0,90.0,180.0
20260724_230314__rp1__vinf25__inc30__toff56210__Om90__om270,1.1828293207850151,0.1099649707187587,22.373653070288803,106.33395773993485,469.8734571792111,11,0.0,3.4634217969149503,1,8.313350008393172e-13,54.2046324563124,32.98670708247892,-21.21792537383348,21.21792537383348,4.7151584022069715,-52.78470309100488,9.240317017358706,-67.82445688448179,2.704719658911673,0,1.0,30.0,90.0,270.0
20260724_230314__rp1__vinf25__inc30__toff56210__Om90__om90,0.8212291227064573,0.168331001703972,23.009150535273807,239.8219976000892,271.82807116066084,15,0.0,4.9507218429472815,1,3.552713678800501e-13,75.16488841802429,90.0,14.83511158197571,14.83511158197571,26.391802776997864,72.99367671318947,9.898354779473927,57.95392291971256,3.807115750538189,1,1.0,30.0,90.0,90.0
20260724_230314__rp1__vinf25__inc60__toff56210__Om0__om0,1.2094448854315571,0.133908895300623,24.485631373186564,113.53303288279082,485.8217049650781,10,7.105427357601002e-15,4.256200966077738,1,5.115907697472721e-13,50.05549481018513,25.679288619456855,-24.376206190728276,24.376206190728276,3.257077285630421,-54.594926701626115,10.135456110506198,-69.63468049510303,2.967863026094027,0,1.0,60.0,0.0,0.0
20260724_230314__rp1__vinf25__inc60__toff56210__Om0__om180,0.8356776993337052,0.1620853360786519,21.708096274348343,242.79302405703515,279.0332835003161,14,0.0,4.368249764398591,1,4.263256414560601e-13,75.16488841802429,90.0,14.83511158197571,14.83511158197571,25.451296190296677,67.12462639973373,9.13180844012458,52.084872606256816,3.5834404388905665,1,1.0,60.0,0.0,180.0
20260724_230314__rp1__vinf25__inc60__toff56210__Om0__om270,1.0552056692196097,0.0681230936928636,23.828453102398264,1.9360929623587528,395.9163747212107,15,0.0,3.670186111523991,1,0.107999873657606,75.16488841802429,46.23825730732021,-28.92663111070408,13.789439371449639,11.787673313856118,-1.1025547671943363,9.037482164036845,-16.14230856067125,3.0857886301690973,1,1.0,60.0,0.0,270.0
20260724_230314__rp1__vinf25__inc60__toff56210__Om0__om90,1.0547690128542284,0.3064626622420451,35.28436687689766,168.41632152403855,395.6706479532742,13,0.0,11.284196436852408,1,0.29907174687677784,54.2046324563124,56.4426902380793,2.238057781766898,4.6165320050316865,12.524544295239437,5.0840846558748245,17.846966953781745,-9.95566913760209,3.59380942938086,1,1.0,60.0,0.0,90.0
20260724_230314__rp1__vinf25__inc60__toff56210__Om180__om0,0.902865132291546,0.1400981266939008,25.02928135053442,256.8054920606443,313.3517412704291,12,0.0,2.7012021112583575,1,2.913225216616411e-13,75.16488841802429,90.0,14.83511158197571,14.83511158197571,20.997385000436875,42.76986499984858,10.636802051106434,27.730111206371667,3.003559745576691,0,1.0,60.0,180.0,0.0
20260724_230314__rp1__vinf25__inc60__toff56210__Om180__om180,1.1495833831111957,0.1228611363710969,21.801635352225336,107.8097070385424,450.20312652562114,12,0.0,3.580236979580034,1,4.760636329592671e-13,56.4426902380793,27.100685348240216,-29.342004889839085,15.480901685729926,6.5912834232663275,-50.10241586837199,9.357896329368856,-65.14216966184891,2.7060814513863027,0,1.0,60.0,180.0,180.0
20260724_230314__rp1__vinf25__inc60__toff56210__Om180__om270,0.9849627104685555,0.1231505893678638,22.42128029069069,191.31998107914285,357.04871446165083,9,2.3803181647963356e-12,7.075760951674418,1,0.0728736736464981,61.37544904657465,81.4509211694784,20.075472122903754,6.286032751454115,15.996009398930738,19.981594428988156,11.168953680401014,4.941840635511243,1.8441335319552212,0,1.0,60.0,180.0,270.0
20260724_230314__rp1__vinf25__inc60__toff56210__Om180__om90,1.033685643618512,0.0113645559312411,22.94679848390054,174.20407891682322,383.8667689982679,11,0.0,6.605256541350787,1,0.023271924680074996,58.82116446134409,54.2046324563124,-4.6165320050316865,2.3784742232647886,13.057257821812994,5.768138980769321,9.515571743063441,-9.271614812707593,1.4332304139599092,0,1.0,60.0,180.0,90.0
20260724_230314__rp1__vinf25__inc60__toff56210__Om270__om0,1.048531503768287,0.0722286795773209,25.49660601614461,0.4152277611306864,392.1660698112756,13,0.0,4.086078266969018,1,0.04711288242706835,75.16488841802429,50.05549481018513,-25.10939360783916,11.006821181191398,12.13670377963956,1.1078355770075705,9.942100797703148,-13.931918216469343,2.58399148260165,0,1.0,60.0,270.0,0.0
20260724_230314__rp1__vinf25__inc60__toff56210__Om270__om270,0.912905161995006,0.0653323818560357,26.693681765289043,266.986776828976,318.5930404375122,11,0.0,1.4290156949760018,1,4.476419235288631e-13,75.16488841802429,90.0,14.83511158197571,14.83511158197571,20.19233900887504,38.47836472264011,13.206161146928011,23.438610929163197,2.1676569486735704,0,1.0,60.0,270.0,270.0
20260724_230314__rp1__vinf25__inc60__toff56210__Om270__om90,1.085115916067469,0.0710230047365988,22.7815079626742,175.8946767471797,412.86872941336753,21,0.0,6.604494236802033,1,9.521272659185342e-13,56.4426902380793,14.806506911897516,-41.636183326181786,6.703681354989969,10.0952634319803,-44.59942083226305,8.211704366944268,-59.63917462573996,2.250532259552287,0,1.0,60.0,270.0,90.0
20260724_230314__rp1__vinf25__inc60__toff56210__Om90__om180,1.0448895194928995,0.0831335225584182,20.57096514108186,2.9896755008566074,390.1246122605296,13,0.0,3.0586344371534544,1,0.06888097131759308,70.81186354627908,52.08179734355447,-18.730066202724615,6.653796309446193,12.470574056225992,3.096112803058527,8.588966773081722,-11.943640990418388,2.701257036039692,0,1.0,60.0,90.0,180.0
20260724_230314__rp1__vinf25__inc60__toff56210__Om90__om270,1.1127834826785097,0.0512205992194697,22.56857575654453,93.75850370074954,428.75954008388817,14,1.4210854715202004e-14,2.4736184507011494,1,5.897504706808832e-13,58.82116446134409,12.187474135425045,-46.63369032591905,13.49181448403181,8.556194274399486,-47.24691502019651,8.787430010255157,-62.28666881367342,2.026264476628484,0,1.0,60.0,90.0,270.0
20260724_230314__rp1__vinf25__inc60__toff56210__Om90__om90,0.8551349635215284,0.1250270693160757,22.21811363572306,226.81541846802315,288.8349783276016,13,0.0,5.781894766522388,1,1.1368683772161603e-13,70.81186354627908,90.0,19.188136453720915,19.188136453720915,24.020894304668186,58.825468223006325,10.560456286296187,43.78571442952941,3.375868338399358,1,1.0,60.0,90.0,90.0
20260724_230314__rp1__vinf25__inc90__toff56210__Om0__om0,1.1772659322221586,0.1252240913966323,25.0309489453478,109.74909730634548,466.5623128615644,11,0.0,4.013289503679872,1,4.973799150320701e-14,54.2046324563124,5.739170477266791,-48.465461979045614,28.77893736379447,5.006106385968457,-52.28156557499862,10.399692922311154,-67.32131936847554,2.760188645530005,0,1.0,90.0,0.0,0.0
20260724_230314__rp1__vinf25__inc90__toff56210__Om0__om180,0.8788611617889438,0.15365579959948,21.23358097873141,251.0089509120795,300.93881013357617,12,0.0,3.2489064335268907,1,2.2737367544323206e-13,75.16488841802429,90.0,14.83511158197571,14.83511158197571,22.654518704982955,51.208561789299154,8.607006101070354,36.16880799582224,3.261878031455553,0,1.0,90.0,0.0,180.0
20260724_230314__rp1__vinf25__inc90__toff56210__Om0__om270,1.0430618641829552,0.0242511247677732,24.29211784213035,6.704870548149323,389.1014876736795,14,0.0,3.4991622754375395,1,0.08169921500018829,75.16488841802429,52.08179734355447,-23.08309107446982,11.006821181191398,12.468256657763092,2.6802188689119038,9.510787495643854,-12.35953492456501,2.079421699817183,1,1.0,90.0,0.0,270.0
20260724_230314__rp1__vinf25__inc90__toff56210__Om0__om90,0.9925526791889474,0.1780156481890582,26.122062629564624,190.55752359359167,361.1836972589813,8,3.5065284009760944e-12,8.250065915756808,1,0.08734446946795416,61.37544904657465,81.4509211694784,20.075472122903754,6.286032751454115,15.621007622186358,18.79306066149476,13.115172079662955,3.7533068680178463,2.403046972749061,0,1.0,90.0,0.0,90.0
20260724_230314__rp1__vinf25__inc90__toff56210__Om180__om0,0.9574639247350012,0.1045961363117977,23.6140236225175,248.07870878843852,342.20111462742886,10,2.5934809855243657e-13,3.367676140290815,1,0.04218210025857161,67.25314872563517,90.0,22.74685127436483,14.83511158197571,17.566230374282245,26.78371458680929,10.477669283187272,11.743960793332375,2.504304639718083,0,1.0,90.0,180.0,0.0
20260724_230314__rp1__vinf25__inc90__toff56210__Om180__om180,1.0848161950851398,0.1232561191583555,23.267050384527,109.1961994526656,412.69768288188914,23,0.0,3.972931624718804,1,9.592326932761353e-13,58.82116446134409,17.457603123722098,-41.36356133762199,6.7393671177896195,10.224996614930697,-44.299449043896644,10.188480875086086,-59.339202837373556,2.647297176935844,0,1.0,90.0,180.0,180.0
20260724_230314__rp1__vinf25__inc90__toff56210__Om180__om270,0.9867033899497228,0.0597684987591693,23.54533781748833,208.969168571488,357.995626269556,8,2.9594104944408173e-12,6.224549332501418,1,0.05709034406696034,61.37544904657465,81.4509211694784,20.075472122903754,6.286032751454115,15.746277091315465,18.690561269076653,11.47572039808859,3.6508074755997395,1.8301237341638283,0,1.0,90.0,180.0,270.0
20260724_230314__rp1__vinf25__inc90__toff56210__Om180__om90,1.0171471922182729,0.0870365275082731,22.695123883817345,194.25607339666823,374.6912033394558,9,0.0,6.676059530960581,1,0.0476561817386667,58.82116446134409,61.37544904657465,2.554284585230562,2.7826181902582405,14.007371996767905,10.913777084941271,10.232373700946738,-4.125976708535642,1.852481106297894,0,1.0,90.0,180.0,90.0
20260724_230314__rp1__vinf25__inc90__toff56210__Om270__om0,1.0392987052256029,0.0688878397653064,24.87022922748258,355.259784557538,386.99768732980647,12,0.0,4.013894080679375,1,0.018315022188970076,75.16488841802429,54.2046324563124,-20.960255961711887,7.911739692389119,12.69075450977485,4.153429362309962,10.224057141576775,-10.886324431166951,2.4102283781227065,0,1.0,90.0,270.0,0.0
20260724_230314__rp1__vinf25__inc90__toff56210__Om270__om180,1.2552873052083546,0.278516643644611,21.91340289879636,125.46287925999,513.7034655372762,9,6.394884621840902e-14,5.163829430898827,1,1.1723955140041653e-12,48.11140308495899,13.493398821551693,-34.61800426340729,34.61800426340729,1.3349707435385616,-56.394318646942246,10.989238082253173,-71.43407244041916,3.82130554866924,1,1.0,90.0,270.0,180.0
20260724_230314__rp1__vinf25__inc90__toff56210__Om270__om270,0.97957402474805,0.0268472102752401,26.52186168859928,21.621149455589222,354.1226300675599,8,2.398081733190338e-12,3.6808983087265617,1,0.046091015821943415,90.0,90.0,0.0,0.0,16.11383230982385,20.140450193255376,14.245462763504783,5.100696399778462,1.229323875800396,0,1.0,90.0,270.0,270.0
20260724_230314__rp1__vinf25__inc90__toff56210__Om270__om90,0.9775396042754644,0.0826321168521266,21.696738916449377,252.1897015872358,353.0200179265997,9,1.9397816686250735e-12,2.769866781780447,1,0.08127902527159847,67.25314872563517,81.4509211694784,14.197772443843235,6.286032751454115,16.37595409328629,21.406777416905943,9.65721829011251,6.367023623429029,2.353839653143789,0,1.0,90.0,270.0,90.0
20260724_230314__rp1__vinf25__inc90__toff56210__Om90__om0,0.6320888270397769,0.6767726095326126,26.534202749564543,289.6538810460891,183.55446822746535,26,0.0,4.307503568301421,1,1.5916157281026244e-12,90.0,90.0,0.0,0.0,54.14145479736659,286.58499264155165,14.723732950752549,271.54523884807475,5.527759750890199,1,1.0,90.0,90.0,0.0
20260724_230314__rp1__vinf25__inc90__toff56210__Om90__om180,1.0247496655894464,0.081172062803933,21.075238783235022,359.2037148593962,378.89988045773794,10,0.0,3.2757671626691707,1,0.035314778456372764,75.16488841802429,58.82116446134409,-16.3437239566802,7.911739692389119,13.63068774216619,8.921604784891082,9.925129194007912,-6.118149008585831,2.536700635317209,0,1.0,90.0,90.0,180.0
20260724_230314__rp1__vinf25__inc90__toff56210__Om90__om270,1.0425902385894783,0.0183234437037671,23.02619013483301,304.65547122622627,388.83761625671934,13,0.0,1.6602191723342692,1,0.00089819504586508,70.81186354627908,52.08179734355447,-18.730066202724615,9.436414499704433,12.578894605789543,3.004972020860814,8.752538459984983,-12.0347817726161,1.3675278183861526,0,1.0,90.0,90.0,270.0
20260724_230314__rp1__vinf25__inc90__toff56210__Om90__om90,0.949158593245518,0.0873433458011896,22.72581917569132,168.89908626496856,337.7582504337624,10,2.1316282072803006e-14,7.42204146735256,1,0.013785803333824731,64.15806723683289,90.0,25.841932763167108,14.83511158197571,18.10922702278127,28.86784107483929,12.759054470722965,13.828087281362377,2.5672508242377123,0,1.0,90.0,90.0,90.0
20260724_230314__rp1__vinf25__incm30__toff56210__Om0__om0,1.1943446138774223,0.1306129875853597,21.907497266363485,112.1612141499992,476.751725333165,10,2.1316282072803006e-14,3.8793281379059885,1,5.826450433232822e-13,52.08179734355447,30.000000000000004,-22.081797343554467,22.081797343554467,4.131332773682623,-53.52819532499023,9.264223427266415,-68.56794911846714,2.9013970359242,0,1.0,-30.0,0.0,0.0
20260724_230314__rp1__vinf25__incm30__toff56210__Om0__om180,0.8569093706646417,0.1594845789215196,25.22466322412208,254.75335211484105,289.734444454077,13,0.0,3.144083408707406,1,3.907985046680551e-13,75.16488841802429,90.0,14.83511158197571,14.83511158197571,23.980116716333377,58.6339141244821,10.59591008948966,43.594160331005185,3.416369006410003,1,1.0,-30.0,0.0,180.0
20260724_230314__rp1__vinf25__incm30__toff56210__Om0__om270,1.0484429740564551,0.0465835412976444,23.117857980436817,16.131854413114983,392.116403755206,14,0.0,3.0847174479541675,1,0.0697361576096458,75.16488841802429,48.11140308495899,-27.053485333065304,11.006821181191398,12.174810386719138,1.1535940031302607,9.085140559449897,-13.886159790346653,2.619694071877574,1,1.0,-30.0,0.0,270.0
20260724_230314__rp1__vinf25__incm30__toff56210__Om0__om90,1.0071546621875218,0.2310339676239344,18.466606481262367,194.4322701616972,369.1832949369154,7,4.170885858911788e-12,6.462041249062086,1,0.07225595742461977,61.37544904657465,70.81186354627908,9.436414499704433,3.558714820643914,15.207191900124455,16.960833847564054,8.947989323788779,1.92108005408714,3.055233017893718,0,1.0,-30.0,0.0,90.0
20260724_230314__rp1__vinf25__incm30__toff56210__Om180__om0,0.8197733631051011,0.1743736995099565,22.888149162171278,243.18962434768588,271.1056036528364,15,0.0,4.577894511683862,1,5.115907697472721e-13,75.16488841802429,90.0,14.83511158197571,14.83511158197571,26.52418658118339,73.79527178176255,9.587751854060095,58.75551798828564,3.755973068099645,1,1.0,-30.0,180.0,0.0
20260724_230314__rp1__vinf25__incm30__toff56210__Om180__om180,1.2207738189767918,0.1390250832301064,23.605123415606897,117.55929667023427,492.6637411577789,10,7.105427357601002e-15,4.443540296406046,1,9.592326932761353e-13,50.05549481018513,21.510188266887486,-28.545306543297645,28.545306543297645,2.671246906145934,-55.35353885691048,9.788264126964094,-70.3932926503874,3.2383301520946803,0,1.0,-30.0,180.0,180.0
20260724_230314__rp1__vinf25__incm30__toff56210__Om180__om90,1.0608643683459476,0.0867763972576129,23.46600390060198,4.625752511644676,399.1053822472106,18,0.0,3.6260452905404517,1,0.024257261628643167,75.16488841802429,42.670233871257594,-32.4946545467667,13.789439371449639,11.4823719116221,-3.1224770159393795,8.882282811189356,-18.162230809416293,3.662675458711135,1,1.0,-30.0,180.0,90.0
20260724_230314__rp1__vinf25__incm30__toff56210__Om270__om0,1.055137326063661,0.0815416527050335,21.52653659328717,7.321934324607122,395.87791150422646,15,0.0,3.143402242563381,1,0.029583766615322138,70.81186354627908,46.23825730732021,-24.573606238958874,9.436414499704433,11.855956146894725,-0.5040837351526685,8.469496985274315,-15.543837528629583,2.87921891297068,0,1.0,-30.0,270.0,0.0
20260724_230314__rp1__vinf25__incm30__toff56210__Om270__om270,0.8212313422162909,0.1683326090763938,23.009174944929104,239.82395219018076,271.82917315303047,15,0.0,4.950500789504478,1,8.810729923425242e-13,75.16488841802429,90.0,14.83511158197571,14.83511158197571,26.391661814169726,72.99280095988858,9.898238901870513,57.95304716641167,3.8071078290882263,1,1.0,-30.0,270.0,270.0
20260724_230314__rp1__vinf25__incm30__toff56210__Om270__om90,1.1828272797648502,0.1099670752003093,22.373662772086217,106.3344835268186,469.872241001056,11,1.4210854715202004e-14,3.4634654210232165,1,5.186961971048731e-13,54.2046324563124,32.98670708247892,-21.21792537383348,21.21792537383348,4.715268052453458,-52.78453913609226,9.240355879820186,-67.82429292956918,2.704711831117788,0,1.0,-30.0,270.0,90.0
20260724_230314__rp1__vinf25__incm30__toff56210__Om90__om180,1.0540096825949326,0.0754008978341476,24.837912603107064,5.873865284399483,395.2434587589447,20,0.0,3.8558375065067327,1,0.0062248459281067925,75.16488841802429,46.23825730732021,-28.92663111070408,11.006821181191398,11.830959618659158,-0.8819154048392387,9.521544970159244,-15.921669198316152,2.8210003425325665,0,1.0,-30.0,90.0,180.0
20260724_230314__rp1__vinf25__incm30__toff56210__Om90__om270,1.180841692093734,0.1219460290240485,22.877032184920157,135.36472094047147,468.6895904636698,11,1.4210854715202004e-14,5.490617838982562,1,9.947598300641403e-13,52.08179734355447,32.98670708247892,-19.095090261075548,19.095090261075548,4.844644731328833,-52.57198278523371,9.122435869710763,-67.61173657871062,2.82205238029099,0,1.0,-30.0,90.0,270.0
20260724_230314__rp1__vinf25__incm30__toff56210__Om90__om90,0.8615603095947448,0.1279327613322763,25.958567371606115,251.52244562237092,292.0964749098208,13,0.0,3.5190717217306933,1,8.242295734817162e-13,75.16488841802429,90.0,14.83511158197571,14.83511158197571,23.534097225385263,56.15959950496694,11.736595924047084,41.11984571149003,3.134520681779392,0,1.0,-30.0,90.0,90.0
20260724_230314__rp1__vinf25__incm60__toff56210__Om0__om0,1.1495833812929388,0.122861135772987,21.801635344951077,107.8097076635122,450.2031254575148,12,2.1316282072803006e-14,3.580237025905527,1,3.623767952376511e-13,56.4426902380793,27.100685348240216,-29.342004889839085,15.480901685729926,6.591283519427216,-50.10241572267196,9.357896318529455,-65.14216951614887,2.706081444714272,0,1.0,-60.0,0.0,0.0
20260724_230314__rp1__vinf25__incm60__toff56210__Om0__om180,0.9028651318570988,0.1400981266536202,25.0292813563672,256.80549227383835,313.35174104425795,12,0.0,2.70120208853465,1,4.192202140984591e-13,75.16488841802429,90.0,14.83511158197571,14.83511158197571,20.997385026872774,42.769865133224876,10.636802056097277,27.730111339747964,3.0035597471819067,0,1.0,-60.0,0.0,180.0
20260724_230314__rp1__vinf25__incm60__toff56210__Om0__om270,1.03368564334836,0.0113645556646063,22.9467984773925,174.20407730258054,383.86676884778353,11,0.0,6.605256544600955,1,0.023271925269663818,58.82116446134409,54.2046324563124,-4.6165320050316865,2.3784742232647886,13.057257843304289,5.768139051428833,9.51557177067479,-9.27161474204808,1.4332304140385417,0,1.0,-60.0,0.0,270.0
20260724_230314__rp1__vinf25__incm60__toff56210__Om0__om90,0.9849627111419348,0.123150589645288,22.42128029183523,191.3199813330404,357.0487148278005,9,2.390976305832737e-12,7.075760940890456,1,0.07287367425491453,61.37544904657465,81.4509211694784,20.075472122903754,6.286032751454115,15.996009359085772,19.981594271079796,11.168953662403645,4.941840477602883,1.8441335302383643,0,1.0,-60.0,0.0,90.0
20260724_230314__rp1__vinf25__incm60__toff56210__Om180__om0,0.8356776989132403,0.1620853359738584,21.708096272818235,242.7930242181536,279.0332832897259,14,0.0,4.368249749379469,1,3.126388037344441e-13,75.16488841802429,90.0,14.83511158197571,14.83511158197571,25.451296217030162,67.12462656246139,9.131808439042711,52.084872768984475,3.5834404401451105,1,1.0,-60.0,180.0,0.0
20260724_230314__rp1__vinf25__incm60__toff56210__Om180__om180,1.209444885742804,0.1339088951516866,24.48563137041081,113.53303277563448,485.8217051526152,10,2.1316282072803006e-14,4.256200957102331,1,7.958078640513122e-13,50.05549481018513,25.679288619456855,-24.376206190728276,24.376206190728276,3.2570772694057135,-54.594926724456634,10.135456107719648,-69.63468051793355,2.96786302718427,0,1.0,-60.0,180.0,180.0
20260724_230314__rp1__vinf25__incm60__toff56210__Om180__om270,1.0547690126006208,0.3064626622023936,35.28436687415806,168.4163215727898,395.6706478105722,13,0.0,11.284196439697354,1,0.2990717470495037,54.2046324563124,56.4426902380793,2.238057781766898,4.6165320050316865,12.52454430928452,5.084084702699941,17.846966946602866,-9.955669090776972,3.593809429168401,1,1.0,-60.0,180.0,270.0
20260724_230314__rp1__vinf25__incm60__toff56210__Om180__om90,1.055205667892377,0.0681230940310231,23.82845310434144,1.936091946307061,395.91637397423807,15,0.0,3.6701861351512832,1,0.107999873361186,75.16488841802429,46.23825730732021,-28.92663111070408,13.789439371449639,11.78767339292124,-1.1025545111377757,9.037482161430262,-16.14230830461469,3.085788623374192,1,1.0,-60.0,180.0,90.0
20260724_230314__rp1__vinf25__incm60__toff56210__Om270__om0,1.044889519290759,0.0831335227848865,20.570965144234663,2.989675481072204,390.1246121473214,13,0.0,3.058634439897805,1,0.06888097087068124,70.81186354627908,52.08179734355447,-18.730066202724615,6.653796309446193,12.470574067916788,3.096112843643551,8.588966776081048,-11.943640949833362,2.7012570372908105,0,1.0,-60.0,270.0,0.0
20260724_230314__rp1__vinf25__incm60__toff56210__Om270__om270,0.8551349758441349,0.125027073251742,22.21811366600732,226.8154230186693,288.8349845708263,13,0.0,5.781894313206891,1,9.237055564881302e-14,70.81186354627908,90.0,19.188136453720915,19.188136453720915,24.020893519807988,58.825463799099474,10.560455975103185,43.78571000562256,3.3758682961584103,1,1.0,-60.0,270.0,270.0
20260724_230314__rp1__vinf25__incm60__toff56210__Om270__om90,1.1127834818815998,0.0512205992144381,22.568575766254963,93.7585028630468,428.7595396233098,14,0.0,2.473618389809606,1,3.979039320256561e-13,58.82116446134409,12.187474135425045,-46.63369032591905,13.49181448403181,8.556194318266476,-47.24691494855582,8.787430017404596,-62.28666874203273,2.0262644732064072,0,1.0,-60.0,270.0,90.0
20260724_230314__rp1__vinf25__incm60__toff56210__Om90__om180,1.048531504128326,0.0722286792309514,25.496606014368545,0.4152276967621435,392.1660700132653,13,0.0,4.086078263787753,1,0.04711288128646984,75.16488841802429,50.05549481018513,-25.10939360783916,11.006821181191398,12.13670375937654,1.1078355081193778,9.942100793844585,-13.931918285357536,2.583991480604851,0,1.0,-60.0,90.0,180.0
20260724_230314__rp1__vinf25__incm60__toff56210__Om90__om270,1.085115915460948,0.0710230049948214,22.78150796138459,175.8946772218354,412.86872906721067,21,0.0,6.604494239448537,1,8.171241461241152e-13,56.4426902380793,14.806506911897516,-41.636183326181786,6.703681354989969,10.095263464052396,-44.59942077240926,8.21170436077211,-59.63917456588617,2.250532256701278,0,1.0,-60.0,90.0,270.0
20260724_230314__rp1__vinf25__incm60__toff56210__Om90__om90,0.912905161931398,0.0653323817972668,26.69368176522393,266.9867768526089,318.5930404042146,11,0.0,1.4290156924553514,1,3.765876499528531e-13,75.16488841802429,90.0,14.83511158197571,14.83511158197571,20.192339012713592,38.47836474103998,13.206161148889468,23.43861094756307,2.1676569487190203,0,1.0,-60.0,90.0,90.0
20260724_230314__rp1__vinf25__incm90__toff56210__Om0__om0,1.0848161951763962,0.1232561193091184,23.267050383218,109.19619951590155,412.6976829339642,23,0.0,3.9729316294879666,1,6.465938895416912e-13,58.82116446134409,17.457603123722098,-41.36356133762199,6.7393671177896195,10.224996610122371,-44.29944905180802,10.18848087581651,-59.33920284528493,2.6472971776903806,0,1.0,-90.0,0.0,0.0
20260724_230314__rp1__vinf25__incm90__toff56210__Om0__om180,0.9574639245559132,0.1045961362613512,23.614023623318488,248.0787089558961,342.20111453141897,10,2.877698079828406e-13,3.3676761250528564,1,0.04218210046700932,67.25314872563517,90.0,22.74685127436483,14.83511158197571,17.56623038465052,26.783714632234023,10.477669283273421,11.74396083875711,2.504304640310875,0,1.0,-90.0,0.0,180.0
20260724_230314__rp1__vinf25__incm90__toff56210__Om0__om270,1.017147191563554,0.0870365275884788,22.69512388254681,194.25607379650577,374.691202977683,9,0.0,6.676059523265932,1,0.0476561824977324,58.82116446134409,61.37544904657465,2.554284585230562,2.7826181902582405,14.007372033296535,10.913777221193433,10.232373685582631,-4.125976572283481,1.8524811066695197,0,1.0,-90.0,0.0,270.0
20260724_230314__rp1__vinf25__incm90__toff56210__Om0__om90,0.9867033895925392,0.0597684989846475,23.54533781571805,208.9691688573373,357.99562607516606,8,2.9594104944408173e-12,6.224549320522694,1,0.05709034465602514,61.37544904657465,81.4509211694784,20.075472122903754,6.286032751454115,15.746277111508949,18.69056135261946,11.475720388473695,3.6508075591425477,1.8301237373223624,0,1.0,-90.0,0.0,90.0
20260724_230314__rp1__vinf25__incm90__toff56210__Om180__om0,0.8788612612474278,0.1536558992461835,21.23358135887124,251.00892574850383,300.93886121829803,12,0.0,3.248908783565305,1,6.465938895416912e-13,75.16488841802429,90.0,14.83511158197571,14.83511158197571,22.654512822943733,51.20853047541449,8.60700399758706,36.16877668193758,3.2618779397511117,0,1.0,-90.0,180.0,0.0
20260724_230314__rp1__vinf25__incm90__toff56210__Om180__om180,1.1772659335877746,0.1252240902782962,25.030948945833423,109.74909752886248,466.5623136733754,11,3.552713678800501e-14,4.013289515241292,1,4.973799150320701e-13,54.2046324563124,5.739170477266791,-48.465461979045614,28.77893736379447,5.006106311542537,-52.28156568577626,10.399692895583954,-67.32131947925318,2.760188650777234,0,1.0,-90.0,180.0,180.0
20260724_230314__rp1__vinf25__incm90__toff56210__Om180__om270,0.9925526775180326,0.178015649263573,26.12206261439045,190.5575231060072,361.1836963469281,8,3.5207392556912964e-12,8.250065949908564,1,0.08734447010773394,61.37544904657465,81.4509211694784,20.075472122903754,6.286032751454115,15.621007727449268,18.793061080465662,13.115172133434406,3.7533072869887487,2.40304698390301,0,1.0,-90.0,180.0,270.0
20260724_230314__rp1__vinf25__incm90__toff56210__Om180__om90,1.0430618659817663,0.0242511233558177,24.292117848557712,6.704868281758895,389.1014886802163,14,0.0,3.499162310340532,1,0.0816992095022373,75.16488841802429,52.08179734355447,-23.08309107446982,11.006821181191398,12.4682565660531,2.680218548184586,9.51078750687323,-12.359535245292328,2.079421709690307,1,1.0,-90.0,180.0,90.0
20260724_230314__rp1__vinf25__incm90__toff56210__Om270__om0,1.0247496655859156,0.0811720628141655,21.075238783024883,359.20371486110275,378.8998804557798,10,0.0,3.275767162668126,1,0.03531477847790221,75.16488841802429,58.82116446134409,-16.3437239566802,7.911739692389119,13.630687742378756,8.921604785718527,9.925129193994994,-6.118149007758387,2.536700635371586,0,1.0,-90.0,270.0,0.0
20260724_230314__rp1__vinf25__incm90__toff56210__Om270__om180,0.6325032191346662,0.6769644251320224,26.5696176598701,289.7140296234347,183.73500294659632,26,0.0,4.336433542182355,1,2.8421709430404007e-12,90.0,90.0,0.0,0.0,54.11663602556161,286.16377965250587,14.760946873274008,271.12402585902896,5.527127622139912,1,1.0,-90.0,270.0,180.0
20260724_230314__rp1__vinf25__incm90__toff56210__Om270__om270,0.9491585933253992,0.0873433459072344,22.725819171658443,168.89908643005438,337.75825047640114,10,2.1316282072803006e-14,7.422041467585558,1,0.01378580344207947,64.15806723683289,90.0,25.841932763167108,14.83511158197571,18.109227017732287,28.867841055055553,12.7590544629744,13.82808726157864,2.5672508243456047,0,1.0,-90.0,270.0,270.0
20260724_230314__rp1__vinf25__incm90__toff56210__Om270__om90,1.0425902382143473,0.0183234434752258,23.026190133948298,304.65547204765244,388.83761604685975,13,0.0,1.660219220457904,1,0.0008981959580331988,70.81186354627908,52.08179734355447,-18.730066202724615,9.436414499704433,12.578894625900693,3.004972083840863,8.752538457289468,-12.03478170963605,1.3675278163844404,0,1.0,-90.0,270.0,90.0
20260724_230314__rp1__vinf25__incm90__toff56210__Om90__om0,1.2552872985440486,0.2785166268838689,21.91340241671738,125.4628662400309,513.7034614464075,9,7.105427357601002e-15,5.163828530758,1,7.531752999057062e-13,48.11140308495899,13.493398821551693,-34.61800426340729,34.61800426340729,1.3349710125346368,-56.39431841961686,10.989238086404427,-71.43407221309377,3.821305482116243,1,1.0,-90.0,90.0,0.0
20260724_230314__rp1__vinf25__incm90__toff56210__Om90__om180,1.0392987052548557,0.0688878396560935,24.87022922681471,355.25978459842486,386.9976873461456,12,0.0,4.013894079668395,1,0.01831502193324397,75.16488841802429,54.2046324563124,-20.960255961711887,7.911739692389119,12.690754507891533,4.153429355398496,10.224057141026218,-10.886324438078418,2.410228377502073,0,1.0,-90.0,90.0,180.0
20260724_230314__rp1__vinf25__incm90__toff56210__Om90__om270,0.9775396039715724,0.0826321168539712,21.696738914501267,252.18970204796204,353.0200177619824,9,1.936228954946273e-12,2.769866743253024,1,0.0812790258893834,67.25314872563517,81.4509211694784,14.197772443843235,6.286032751454115,16.375954110745152,21.40677748850474,9.657218286252261,6.367023695027827,2.353839654696888,0,1.0,-90.0,90.0,270.0
20260724_230314__rp1__vinf25__incm90__toff56210__Om90__om90,0.9795740253223412,0.0268472107482326,26.52186168361976,21.621150292040674,354.1226303789751,8,2.390976305832737e-12,3.6808982667556815,1,0.04609101698162377,90.0,90.0,0.0,0.0,16.113832272611923,20.140450052351593,14.245462760283932,5.100696258874679,1.2293238751752598,0,1.0,-90.0,90.0,90.0
20260724_230314__rp1p25__vinf25__inc0__toff56210__Om0__om0,1.139611428300529,0.1097279958269257,22.6566062063143,121.10707595795,444.3579802162967,12,2.1316282072803006e-14,4.645701155973228,1,3.481659405224491e-13,54.2046324563124,16.127620213160764,-38.07701224315164,13.87237978683924,7.129132764717463,-49.347781225205814,9.336802246391429,-64.38753501868273,2.61094517170886,0,1.25,0.0,0.0,0.0
20260724_230314__rp1p25__vinf25__inc0__toff56210__Om0__om180,0.8700169264085589,0.1375989728610842,23.99133811884373,249.69568348883087,296.4076057751051,13,0.0,3.5955219488337633,1,3.552713678800501e-14,75.16488841802429,90.0,14.83511158197571,14.83511158197571,23.076586129155757,53.60254716787076,10.4704373397213,38.56279337439385,3.26266956315536,1,1.25,0.0,0.0,180.0
20260724_230314__rp1p25__vinf25__inc0__toff56210__Om0__om270,1.034326046719651,0.0720597760599867,23.32297593955382,0.5500178329807434,384.22355184872447,12,0.0,3.664743082739646,1,0.024087398843208874,75.16488841802429,56.4426902380793,-18.72219817994499,7.911739692389119,13.01693089989746,5.821660925245242,10.086877719837023,-9.218092868231672,3.344992806564294,1,1.25,0.0,0.0,270.0
20260724_230314__rp1p25__vinf25__inc0__toff56210__Om180__om0,0.8700169264085589,0.1375989728610842,23.99133811884373,249.69568348883087,296.4076057751051,13,0.0,3.5955219488337633,1,3.552713678800501e-14,75.16488841802429,90.0,14.83511158197571,14.83511158197571,23.076586129155757,53.60254716787076,10.4704373397213,38.56279337439385,3.26266956315536,1,1.25,0.0,180.0,0.0
20260724_230314__rp1p25__vinf25__inc0__toff56210__Om180__om180,1.1396191212263784,0.1097337364712567,22.6562353293491,121.10140862799754,444.3624796693688,12,0.0,4.645291645317876,1,1.1155520951433573e-12,54.2046324563124,16.127620213160764,-38.07701224315164,13.87237978683924,7.128741145311917,-49.348397627508916,9.336810156129069,-64.38815142098584,2.610970008115423,0,1.25,0.0,180.0,180.0
20260724_230314__rp1p25__vinf25__inc0__toff56210__Om180__om90,1.034326046719651,0.0720597760599867,23.32297593955382,0.5500178329807434,384.22355184872447,12,0.0,3.664743082739646,1,0.024087398843208874,75.16488841802429,56.4426902380793,-18.72219817994499,7.911739692389119,13.01693089989746,5.821660925245242,10.086877719837023,-9.218092868231672,3.344992806564294,1,1.25,0.0,180.0,90.0
20260724_230314__rp1p25__vinf25__inc0__toff56210__Om270__om0,1.034326046719651,0.0720597760599867,23.32297593955382,0.5500178329807434,384.22355184872447,12,0.0,3.664743082739646,1,0.024087398843208874,75.16488841802429,56.4426902380793,-18.72219817994499,7.911739692389119,13.01693089989746,5.821660925245242,10.086877719837023,-9.218092868231672,3.344992806564294,1,1.25,0.0,270.0,0.0
20260724_230314__rp1p25__vinf25__inc0__toff56210__Om270__om270,0.8700176917603276,0.1375995869768831,23.991333255622923,249.69557440921167,296.4079968987632,13,0.0,3.595531652214433,1,2.3447910280083306e-13,75.16488841802429,90.0,14.83511158197571,14.83511158197571,23.07653996056196,53.60229522934258,10.470417885940257,38.56254143586567,3.262668783270158,1,1.25,0.0,270.0,270.0
20260724_230314__rp1p25__vinf25__inc0__toff56210__Om270__om90,1.1396191212263784,0.1097337364712567,22.6562353293491,121.10140862799754,444.3624796693688,12,0.0,4.645291645317876,1,1.1155520951433573e-12,54.2046324563124,16.127620213160764,-38.07701224315164,13.87237978683924,7.128741145311917,-49.348397627508916,9.336810156129069,-64.38815142098584,2.610970008115423,0,1.25,0.0,270.0,90.0
20260724_230314__rp1p25__vinf25__inc0__toff56210__Om90__om180,1.034326046719651,0.0720597760599867,23.32297593955382,0.5500178329807434,384.22355184872447,12,0.0,3.664743082739646,1,0.024087398843208874,75.16488841802429,56.4426902380793,-18.72219817994499,7.911739692389119,13.01693089989746,5.821660925245242,10.086877719837023,-9.218092868231672,3.344992806564294,1,1.25,0.0,90.0,180.0
20260724_230314__rp1p25__vinf25__inc0__toff56210__Om90__om270,1.1396191212263784,0.1097337364712567,22.6562353293491,121.10140862799754,444.3624796693688,12,0.0,4.645291645317876,1,1.1155520951433573e-12,54.2046324563124,16.127620213160764,-38.07701224315164,13.87237978683924,7.128741145311917,-49.348397627508916,9.336810156129069,-64.38815142098584,2.610970008115423,0,1.25,0.0,90.0,270.0
20260724_230314__rp1p25__vinf25__inc0__toff56210__Om90__om90,0.8700169264085589,0.1375989728610842,23.99133811884373,249.69568348883087,296.4076057751051,13,0.0,3.5955219488337633,1,3.552713678800501e-14,75.16488841802429,90.0,14.83511158197571,14.83511158197571,23.076586129155757,53.60254716787076,10.4704373397213,38.56279337439385,3.26266956315536,1,1.25,0.0,90.0,90.0
20260724_230314__rp1p25__vinf25__inc30__toff56210__Om0__om0,1.1342690812432146,0.1090245911423501,23.508372220718197,129.2823260407385,441.2370082395548,12,0.0,5.313905103415121,1,1.2221335055073723e-12,54.2046324563124,20.147886287247108,-34.05674616906529,11.53439858505481,7.4088937520683205,-48.89900728061863,9.515841372343061,-63.938761074095545,2.510693863885688,0,1.25,30.0,0.0,0.0
20260724_230314__rp1p25__vinf25__inc30__toff56210__Om0__om180,0.8629276686507381,0.1376532258964597,22.80568024532191,245.43668287428028,292.79211835471625,13,0.0,4.009340885838835,1,2.2737367544323206e-13,75.16488841802429,90.0,14.83511158197571,14.83511158197571,23.55666400438459,56.21749080715977,9.986122249836004,41.17773701368286,3.3874596386520244,1,1.25,30.0,0.0,180.0
20260724_230314__rp1p25__vinf25__inc30__toff56210__Om0__om270,1.0350111872928878,0.0790299940686158,23.429425368618386,355.64085190463527,384.60538125518616,11,0.0,3.75675714552367,1,0.007404833710214831,75.16488841802429,54.2046324563124,-20.960255961711887,7.911739692389119,12.989138278389376,5.7096937566657,10.055547172073641,-9.330060036811215,3.9156569279321136,1,1.25,30.0,0.0,270.0
20260724_230314__rp1p25__vinf25__inc30__toff56210__Om180__om0,0.8969880083875188,0.1259757707159539,24.844330706731817,252.7733423050648,310.2971209216654,12,0.0,3.16530630286859,1,8.668621376273222e-13,75.16488841802429,90.0,14.83511158197571,14.83511158197571,21.31713085807038,44.35883451518865,10.952765931259883,29.319080721711735,2.9529849041652474,0,1.25,30.0,180.0,0.0
20260724_230314__rp1p25__vinf25__inc30__toff56210__Om180__om180,1.1129925521898048,0.0926226695778279,22.538115229427586,124.9193277859137,428.8803786286503,14,0.0,4.899713883349682,1,1.0587086762825493e-12,56.4426902380793,13.493398821551693,-42.94929141652761,12.185889797905162,8.596739284482236,-47.11573085599269,9.123398009841544,-62.1554846494696,2.3994402558784564,0,1.25,30.0,180.0,180.0
20260724_230314__rp1p25__vinf25__inc30__toff56210__Om180__om270,1.109567669202077,0.1260513462061587,19.49260634846359,158.51364534766907,426.9022864967411,15,1.4210854715202004e-14,5.905220821196485,1,9.237055564881302e-13,54.2046324563124,13.493398821551693,-40.71123363476071,10.781253373033085,8.880885892355717,-46.61826067931208,7.660921513072097,-61.65801447278899,2.056120021645805,0,1.25,30.0,180.0,270.0
20260724_230314__rp1p25__vinf25__inc30__toff56210__Om180__om90,1.0297931270169631,0.0453649679019415,23.227832037529197,3.6660972457105263,381.7005395109562,12,0.0,3.48387293355602,1,0.0017619043152379277,75.16488841802429,56.4426902380793,-18.72219817994499,7.911739692389119,13.265639844320903,6.945753260942507,10.254448372852979,-8.094000532534407,2.53501622203057,1,1.25,30.0,180.0,90.0
20260724_230314__rp1p25__vinf25__inc30__toff56210__Om270__om0,1.0333854643885405,0.0682164482203513,24.56597991538923,0.1896396114726772,383.6995704898404,11,0.0,3.930558045184439,1,0.02993878292433738,81.4509211694784,56.4426902380793,-25.008230931399105,14.197772443843235,13.034557558091082,5.953766695117249,10.682821433579903,-9.085987098359665,2.481813774233696,0,1.25,30.0,270.0,0.0
20260724_230314__rp1p25__vinf25__inc30__toff56210__Om270__om270,0.8969181960291718,0.1106525939409017,25.17460406404148,256.3083918179548,310.2608961024478,12,0.0,2.742278402036007,1,8.597567102697212e-13,75.16488841802429,90.0,14.83511158197571,14.83511158197571,21.277993415049814,44.086792136922774,11.45497552476347,29.047038343445863,2.783527797894377,0,1.25,30.0,270.0,270.0
20260724_230314__rp1p25__vinf25__inc30__toff56210__Om270__om90,1.1096381133545017,0.0948846391074167,23.118013329152262,146.79441687916488,426.9429418545229,15,0.0,6.182431204711743,1,1.1510792319313623e-12,54.2046324563124,18.797368824406544,-35.40726363190586,8.303316523833672,8.768909159817358,-46.80125727200104,8.97493808448376,-61.84101106547795,2.3438549656523757,0,1.25,30.0,270.0,90.0
20260724_230314__rp1p25__vinf25__inc30__toff56210__Om90__om180,1.0334743363711858,0.0759319392743221,21.97677433616926,359.37770817975843,383.74906926240993,11,0.0,3.4131115105981102,1,0.06641244879329022,75.16488841802429,56.4426902380793,-18.72219817994499,7.911739692389119,13.098915894655127,6.281707807916937,9.648992369551333,-8.758045985559978,2.508517218925132,0,1.25,30.0,90.0,180.0
20260724_230314__rp1p25__vinf25__inc30__toff56210__Om90__om270,1.1138937987568034,0.0827156663043742,22.714453114022533,117.36756928114649,429.4014133901158,14,1.4210854715202004e-14,4.385472439896617,1,5.258016244624741e-13,56.4426902380793,10.887948130120165,-45.554742107959136,13.386704064464613,8.53081980890604,-47.24071027300316,9.145995610420847,-62.28046406648007,2.2491198251094926,0,1.25,30.0,90.0,270.0
20260724_230314__rp1p25__vinf25__inc30__toff56210__Om90__om90,0.8659161826219678,0.1380571956979456,23.043402845638965,241.1732212991742,294.3144426302206,13,0.0,4.484120554868415,1,2.3447910280083306e-13,70.81186354627908,90.0,19.188136453720915,19.188136453720915,23.356078160495937,55.1440550182206,10.190762223711065,40.104301224743686,3.342116158764914,1,1.25,30.0,90.0,90.0
20260724_230314__rp1p25__vinf25__inc60__toff56210__Om0__om0,1.1261329084099994,0.1003541102927509,24.058422084588013,124.30816516531256,436.498006990873,13,0.0,5.069735307199652,1,4.547473508864641e-13,56.4426902380793,5.739170477266791,-50.70351976081251,18.535481717317985,7.841094418528539,-48.24249715839695,9.720001966467954,-63.28225095187386,2.4881943993500197,0,1.25,60.0,0.0,0.0
20260724_230314__rp1p25__vinf25__inc60__toff56210__Om0__om180,0.8759707252518351,0.1325190522698373,22.030239580742293,248.5187014527,299.45542063710747,13,0.0,3.545784270092213,1,5.684341886080802e-14,75.16488841802429,90.0,14.83511158197571,14.83511158197571,22.73215194204449,51.65239641398816,9.552540390390895,36.612642620511245,3.146026120964268,1,1.25,60.0,0.0,180.0
20260724_230314__rp1p25__vinf25__inc60__toff56210__Om0__om270,1.034164683072055,0.0632707225997747,23.64490971074631,355.382459762423,384.1336421497976,12,0.0,3.7232708457584973,1,0.04268612060697219,75.16488841802429,54.2046324563124,-20.960255961711887,7.911739692389119,13.022461062654669,5.771551786123531,10.054880208548363,-9.268202007353382,3.2034578856380262,1,1.25,60.0,0.0,270.0
20260724_230314__rp1p25__vinf25__inc60__toff56210__Om0__om90,1.4031641089025164,0.2524034648577438,33.794837447127954,102.666329754652,607.1003616489927,8,2.842170943040401e-14,3.2541185928948444,1,7.389644451905042e-13,,,,,-7.659496413730323,-64.80017211001021,14.57824959861599,-79.83992590348713,3.3753541420060102,1,1.25,60.0,0.0,90.0
20260724_230314__rp1p25__vinf25__inc60__toff56210__Om180__om0,0.9363813841882804,0.1049029466359916,24.46661598901243,255.23867448392627,330.9610966834782,10,0.0,2.7149126880533103,1,3.126388037344441e-13,70.81186354627908,90.0,19.188136453720915,19.188136453720915,18.842412592509064,32.407689997385155,10.98142192862204,17.367936203908243,2.557001461421831,0,1.25,60.0,180.0,0.0
20260724_230314__rp1p25__vinf25__inc60__toff56210__Om180__om180,1.074836377300498,0.0800379693594953,22.711355735629866,120.14672751664168,407.0158530523272,44,0.0,4.673086925498884,1,1.3287149158713873e-12,58.82116446134409,5.739170477266791,-53.0819939840773,13.058198347139752,10.743591135266394,-43.55030288846003,9.254188134646107,-58.59005668193694,2.232876782333056,0,1.25,60.0,180.0,180.0
20260724_230314__rp1p25__vinf25__inc60__toff56210__Om180__om270,1.0098265541376292,0.0629366800120909,22.461331951581847,185.14664128923096,370.6533846486202,7,0.0,6.775996872523882,1,0.0354197899927744,61.37544904657465,64.15806723683289,2.7826181902582405,2.7826181902582405,14.43550398446133,12.68259368209076,10.776094607406616,-2.357160111386154,1.059058953357777,0,1.25,60.0,180.0,270.0
20260724_230314__rp1p25__vinf25__inc60__toff56210__Om180__om90,1.0212679647229934,0.0045773361250728,23.045927020066458,234.85481856753023,376.97048993647127,9,0.0,4.056718832067737,1,0.010064626754587636,64.15806723683289,61.37544904657465,-2.7826181902582405,2.7826181902582405,13.738187019325903,9.278005009277667,10.4848538218937,-5.761748784199247,1.4911540369937193,1,1.25,60.0,180.0,90.0
20260724_230314__rp1p25__vinf25__inc60__toff56210__Om270__om0,1.03030171337716,0.0628770803439574,25.005299967030265,356.13342017659664,381.9833414392031,11,0.0,4.040078356800654,1,0.04992474300476246,81.4509211694784,56.4426902380793,-25.008230931399105,14.197772443843235,13.20524494600758,6.725502927309493,10.96931082107567,-8.31425086616742,2.304299577187531,0,1.25,60.0,270.0,0.0
20260724_230314__rp1p25__vinf25__inc60__toff56210__Om270__om180,1.9877412711579152,0.4667687337844575,25.735680124296668,80.5256341433014,1023.6171954431102,5,5.684341886080802e-14,0.09439105554810112,1,9.947598300641403e-13,,,,,-31.052867992352397,-79.56819302164901,13.676052513649964,-94.60794681512593,4.262339018774076,1,1.25,60.0,270.0,180.0
20260724_230314__rp1p25__vinf25__inc60__toff56210__Om270__om270,0.9342107874147264,0.0610362951145989,25.69229095971196,270.41843106844766,329.8109777933102,10,0.0,1.0293797763281667,1,1.9184653865522705e-13,75.16488841802429,90.0,14.83511158197571,14.83511158197571,18.91065100572971,32.418679408325055,12.661083801064713,17.378925614848143,1.9119403774480277,0,1.25,60.0,270.0,270.0
20260724_230314__rp1p25__vinf25__inc60__toff56210__Om270__om90,1.055908222515762,0.0648516926269389,22.984548227774344,179.26605961244982,396.3118407265478,16,0.0,6.730056968005638,1,0.09629611555243267,56.4426902380793,46.23825730732021,-10.20443293075909,2.238057781766898,11.75508784710355,-1.2499760841963359,8.086347680867021,-16.28972987767325,1.7372113352352487,0,1.25,60.0,270.0,90.0
20260724_230314__rp1p25__vinf25__inc60__toff56210__Om90__om0,2.800094320269848,0.7486733149294379,11.84974990575103,350.146929279466,1711.4207030617165,4,1.4210854715202004e-13,0.7155092742238978,1,1.1482370609883219e-10,,,,,-50.085453683987645,-85.37002258942117,12.343278124894852,-100.40977638289809,5.036511327935747,1,1.25,60.0,90.0,0.0
20260724_230314__rp1p25__vinf25__inc60__toff56210__Om90__om180,1.0252208626937196,0.074549376050432,21.329434416593315,354.5265397135755,379.1612472887227,10,0.0,3.321954735157343,1,0.07153090724669653,75.16488841802429,58.82116446134409,-16.3437239566802,7.911739692389119,13.597401492883806,8.703314492469485,9.749771427021715,-6.336439301007429,2.37942785873112,0,1.25,60.0,90.0,180.0
20260724_230314__rp1p25__vinf25__inc60__toff56210__Om90__om270,1.0726044778309278,0.0366870580329051,22.743541922682702,107.21329467692875,405.74875779121743,60,0.0,3.603916819803189,1,0.00034365698531502176,61.37544904657465,10.887948130120165,-50.487500916454486,7.9094206942863785,10.848364479938873,-43.10358132513141,8.903034324848676,-58.14333511860832,1.7176106187280424,0,1.25,60.0,90.0,270.0
20260724_230314__rp1p25__vinf25__inc60__toff56210__Om90__om90,0.8925047398921524,0.1038967772351045,22.536004036402577,225.27510383051523,307.9736691712091,12,0.0,5.645083636778033,1,8.313350008393172e-13,67.25314872563517,90.0,22.74685127436483,22.74685127436483,21.58558520070447,45.64619688289277,10.874735257809624,30.606443089415855,2.9411409997729003,1,1.25,60.0,90.0,90.0
20260724_230314__rp1p25__vinf25__inc90__toff56210__Om0__om0,1.09867879659415,0.0858079973802433,24.279300017110007,120.46912260210702,420.6335458769395,16,7.105427357601002e-15,4.852900684521352,1,6.323830348264892e-13,56.4426902380793,10.887948130120165,-45.554742107959136,11.997432346038401,9.366903321131865,-45.831832504299534,9.78448948664984,-60.871586297776446,2.3103119983616414,0,1.25,90.0,0.0,0.0
20260724_230314__rp1p25__vinf25__inc90__toff56210__Om0__om180,0.9118711433859068,0.1185073432477466,21.98958793499782,252.59514663463432,318.051903453196,11,0.0,2.9783595784044152,1,1.9895196601282805e-13,70.81186354627908,90.0,19.188136453720915,19.188136453720915,20.43999443349094,39.915162797599464,9.580530954601995,24.875409004122552,2.7977280089660272,0,1.25,90.0,0.0,180.0
20260724_230314__rp1p25__vinf25__inc90__toff56210__Om0__om270,1.0263457713260968,0.0258666456606861,23.920275366156527,351.6923387943637,379.78546215739664,10,0.0,3.6170407218878413,1,0.02964551099040591,75.16488841802429,58.82116446134409,-16.3437239566802,7.911739692389119,13.473505429509709,7.810549183642345,10.660989664462058,-7.229204609834569,2.063692865768984,1,1.25,90.0,0.0,270.0
20260724_230314__rp1p25__vinf25__inc90__toff56210__Om0__om90,1.041478728489976,0.0904580822448439,25.6568508550211,166.7700813806214,388.21596974215856,13,0.0,7.49856175623562,1,0.0982548883444414,58.82116446134409,52.08179734355447,-6.7393671177896195,2.3784742232647886,12.573815847611936,3.5780340884446056,10.332157903715723,-11.461719705032309,1.507024699662149,0,1.25,90.0,0.0,90.0
20260724_230314__rp1p25__vinf25__inc90__toff56210__Om180__om0,0.9788070387921488,0.0715409593302242,23.267322995668888,247.0797988620758,353.70680557988044,8,2.106759211528697e-12,3.317881886253234,1,0.08080840342746853,67.25314872563517,90.0,22.74685127436483,8.549078830521594,16.240397940501907,20.861984346103995,10.70828878826563,5.822230552627081,2.0717059921372707,0,1.25,90.0,180.0,0.0
20260724_230314__rp1p25__vinf25__inc90__toff56210__Om180__om180,1.0224015320418476,0.0710090883088055,24.266882458011604,127.26622794045616,377.5982977174378,10,0.0,5.533707431132578,1,0.17212386245378752,61.37544904657465,61.37544904657465,0.0,0.0,13.739106409009832,9.146216675774573,12.123038158006004,-5.893537117702341,2.1831759462731304,0,1.25,90.0,180.0,180.0
20260724_230314__rp1p25__vinf25__inc90__toff56210__Om180__om270,0.9980425001855654,0.0340565807228973,23.30601169610711,217.28113277086277,364.1844041239227,5,5.597300400950189e-12,5.5188375331691955,1,0.012470432108809604,61.37544904657465,70.81186354627908,9.436414499704433,5.87769967906052,15.073394238693352,15.57293793367751,11.341909206764091,0.5331841402005963,1.4185361512608288,0,1.25,90.0,180.0,270.0
20260724_230314__rp1p25__vinf25__inc90__toff56210__Om180__om90,1.0091850656783532,0.0633450096039718,22.86224221702312,194.71343180766596,370.3002565251756,7,0.0,6.625774874611027,1,0.0440068004070131,61.37544904657465,64.15806723683289,2.7826181902582405,3.095081488802279,14.447968501263295,12.813870366699181,10.787307218439247,-2.2258834267777328,1.8108881665066288,0,1.25,90.0,180.0,90.0
20260724_230314__rp1p25__vinf25__inc90__toff56210__Om270__om0,1.0222814442538617,0.0565676618296912,24.372366216572463,350.8125355035259,377.5317725636345,10,0.0,3.8943809398410707,1,0.0401415951048989,81.4509211694784,61.37544904657465,-20.075472122903754,10.63905762319932,13.699548771526988,9.065204970977561,11.208399899669354,-5.974548822499353,2.0182082972924182,0,1.25,90.0,270.0,0.0
20260724_230314__rp1p25__vinf25__inc90__toff56210__Om270__om180,1.2644657237540924,0.2235724490613928,21.717353260176797,107.87378085522428,519.3479028946989,9,0.0,3.665242373073733,1,7.460698725481052e-13,,,,,0.5363524951731343,-57.574818490252284,10.405381537880757,-72.6145722837292,3.3295343621419526,1,1.25,90.0,270.0,180.0
20260724_230314__rp1p25__vinf25__inc90__toff56210__Om270__om270,0.980115224157343,0.0190243141303081,25.444351697554985,353.5512074193533,354.4161414643102,8,2.575717417130363e-12,4.107301429904066,1,0.0011859376243137376,90.0,90.0,0.0,8.549078830521594,16.156617660544207,20.047681796897145,13.376962813133535,5.007928003420231,1.0702701848753826,0,1.25,90.0,270.0,270.0
20260724_230314__rp1p25__vinf25__inc90__toff56210__Om270__om90,0.9891239541889636,0.0587822960846479,22.04144133724035,242.85285565471565,359.3137771771839,8,3.311129148642067e-12,3.5416802370987384,1,0.08732834707859283,64.15806723683289,75.16488841802429,11.006821181191398,4.353024871745205,15.645557839555904,18.173611502528335,10.169713513792205,3.133857709051421,1.7361861622414998,0,1.25,90.0,270.0,90.0
20260724_230314__rp1p25__vinf25__inc90__toff56210__Om90__om0,0.6995832539017209,0.4459891336273008,27.25808449930504,322.4977062884298,213.7257737524971,21,0.0,8.973686131903108,1,5.201172825763933e-12,90.0,90.0,0.0,0.0,38.488522198036264,160.33473380619895,17.695844542084842,145.29498001272205,4.837666103228624,1,1.25,90.0,90.0,0.0
20260724_230314__rp1p25__vinf25__inc90__toff56210__Om90__om180,1.0131849381249898,0.0669541343062658,21.864130628991777,352.724863674075,372.50394616806807,8,0.0,3.44832137166563,1,0.03058483773128806,75.16488841802429,64.15806723683289,-11.006821181191398,4.353024871745205,14.28581678323072,11.840757131334422,10.711937242819904,-3.1989966621424912,2.2932477625034915,0,1.25,90.0,90.0,180.0
20260724_230314__rp1p25__vinf25__inc90__toff56210__Om90__om270,1.0299139630034797,0.0145259085033708,23.143614859815536,285.76057126019447,381.76772462760624,11,0.0,0.2669358633561014,1,0.03731822405065799,67.25314872563517,56.4426902380793,-10.81045848755587,3.095081488802279,13.29295032280754,6.78112717299539,9.66078393651605,-8.258626620481524,1.1904864321118425,0,1.25,90.0,90.0,270.0
20260724_230314__rp1p25__vinf25__inc90__toff56210__Om90__om90,0.9605395562739848,0.0670371175348912,23.189020875940937,171.72411035677396,343.8513010378075,10,3.339550858072471e-13,7.357737208069716,1,0.024259583309998334,61.37544904657465,90.0,28.62455095342535,10.63905762319932,17.383784315145583,25.607010374523128,12.676964209910222,10.567256581046214,2.321061668385706,0,1.25,90.0,90.0,90.0
20260724_230314__rp1p25__vinf25__incm30__toff56210__Om0__om0,1.1129925526364088,0.0926226698419522,22.538115224941865,124.91932795605943,428.8803788867919,14,2.1316282072803006e-14,4.899713891463579,1,1.3358203432289883e-12,56.4426902380793,13.493398821551693,-42.94929141652761,12.185889797905162,8.5967392601608,-47.11573089500749,9.123398006960286,-62.1554846884844,2.3994402576775102,0,1.25,-30.0,0.0,0.0
20260724_230314__rp1p25__vinf25__incm30__toff56210__Om0__om180,0.89698800847795,0.1259757708900018,24.844330710589748,252.77334238503207,310.29712096859004,12,0.0,3.1653062940977463,1,4.263256414560601e-13,75.16488841802429,90.0,14.83511158197571,14.83511158197571,21.317130852740174,44.35883448939058,10.952765927588691,29.31908069591367,2.952984904450308,0,1.25,-30.0,0.0,180.0
20260724_230314__rp1p25__vinf25__incm30__toff56210__Om0__om270,1.0297931255585948,0.045364969085449,23.227832031803512,3.666096120719821,381.7005387001233,12,0.0,3.4838729640128854,1,0.0017619064248100003,75.16488841802429,56.4426902380793,-18.72219817994499,7.911739692389119,13.265639931956521,6.945753574762785,10.254448384732521,-8.094000218714129,2.535016213774406,1,1.25,-30.0,0.0,270.0
20260724_230314__rp1p25__vinf25__incm30__toff56210__Om0__om90,1.1095676682457725,0.1260513471290239,19.4926063545096,158.5136452662008,426.9022859448388,15,0.0,5.9052208295840405,1,3.126388037344441e-13,54.2046324563124,13.493398821551693,-40.71123363476071,10.781253373033085,8.880885946886108,-46.61826058600898,7.660921528640294,-61.65801437948589,2.056120026560219,0,1.25,-30.0,0.0,90.0
20260724_230314__rp1p25__vinf25__incm30__toff56210__Om180__om0,0.8629390698088006,0.1376652646845733,22.80567847933653,245.4374894368332,292.79792100834794,13,0.0,4.009230396124323,1,1.2789769243681803e-13,75.16488841802429,90.0,14.83511158197571,14.83511158197571,23.55597826798748,56.21369444596243,9.985765665110467,41.17394065248552,3.387454558356076,1,1.25,-30.0,180.0,0.0
20260724_230314__rp1p25__vinf25__incm30__toff56210__Om180__om180,1.1342690679297591,0.1090245828007694,23.508372154175724,129.2823238579596,441.237000471042,12,2.1316282072803006e-14,5.313905009351381,1,1.0089706847793423e-12,54.2046324563124,20.147886287247108,-34.05674616906529,11.53439858505481,7.408894465494882,-48.899006189579694,9.515841345588221,-63.938759983056606,2.5106937842873505,0,1.25,-30.0,180.0,180.0
20260724_230314__rp1p25__vinf25__incm30__toff56210__Om180__om90,1.0350111877496022,0.0790299945578778,23.429425370204903,355.64085199980696,384.6053815097556,11,0.0,3.756757145269148,1,0.0074048349306607975,75.16488841802429,54.2046324563124,-20.960255961711887,7.911739692389119,12.989138252345015,5.709693668518217,10.055547173643275,-9.330060124958695,3.915656930656839,1,1.25,-30.0,180.0,90.0
20260724_230314__rp1p25__vinf25__incm30__toff56210__Om270__om0,1.033474336483359,0.0759319391966541,21.97677433728807,359.3777081174182,383.749069324888,11,0.0,3.4131115106052157,1,0.06641244897005905,75.16488841802429,56.4426902380793,-18.72219817994499,7.911739692389119,13.098915888377096,6.28170778529159,9.648992368602205,-8.758046008185325,2.508517218487221,0,1.25,-30.0,270.0,0.0
20260724_230314__rp1p25__vinf25__incm30__toff56210__Om270__om270,0.865916182713057,0.1380571955134143,23.04340285055204,241.17322120117512,294.3144426766608,13,0.0,4.48412056435636,1,2.3447910280083306e-13,70.81186354627908,90.0,19.188136453720915,19.188136453720915,23.35607815408731,55.14405498169236,10.190762232553602,40.10430118821545,3.34211615778275,1,1.25,-30.0,270.0,270.0
20260724_230314__rp1p25__vinf25__incm30__toff56210__Om270__om90,1.1138937987947244,0.082715666335122,22.71445311352052,117.3675693131417,429.4014134120434,14,1.4210854715202004e-14,4.385472441835349,1,3.765876499528531e-13,56.4426902380793,10.887948130120165,-45.554742107959136,13.386704064464613,8.530819806834463,-47.24071027628171,9.14599561008771,-62.28046406975862,2.249119825259604,0,1.25,-30.0,270.0,90.0
20260724_230314__rp1p25__vinf25__incm30__toff56210__Om90__om180,1.0333854636029165,0.0682164480838615,24.565979914668432,0.1896402274780153,383.69957005228287,11,0.0,3.930558040929938,1,0.029938783214107367,81.4509211694784,56.4426902380793,-25.008230931399105,14.197772443843235,13.03455760030217,5.9537668434490465,10.682821436265023,-9.085986950027866,2.481813773484346,0,1.25,-30.0,90.0,180.0
20260724_230314__rp1p25__vinf25__incm30__toff56210__Om90__om270,1.10963811296614,0.0948846397420029,23.11801332737889,146.79441681046248,426.9429416303847,15,0.0,6.182431206447033,1,6.821210263296962e-13,54.2046324563124,18.797368824406544,-35.40726363190586,8.303316523833672,8.768909182072468,-46.80125723360644,8.974938093076418,-61.841011027083354,2.343854963826142,0,1.25,-30.0,90.0,270.0
20260724_230314__rp1p25__vinf25__incm30__toff56210__Om90__om90,0.8969181950335438,0.1106525929191253,25.174604058978364,256.3083918362321,310.26089558583806,12,0.0,2.74227840190564,1,7.105427357601002e-14,75.16488841802429,90.0,14.83511158197571,14.83511158197571,21.27799347467745,44.086792435096704,11.454975553424344,29.047038641619793,2.783527798239561,0,1.25,-30.0,90.0,90.0
20260724_230314__rp1p25__vinf25__incm60__toff56210__Om0__om0,1.0748363778934251,0.0800379698410865,22.711355739762546,120.14672759752528,407.0158533891191,44,0.0,4.6730869300678375,1,5.826450433232822e-13,58.82116446134409,5.739170477266791,-53.0819939840773,13.058198347139752,10.743591102366386,-43.55030294564812,9.25418813903427,-58.59005673912503,2.232876785047871,0,1.25,-60.0,0.0,0.0
20260724_230314__rp1p25__vinf25__incm60__toff56210__Om0__om180,0.9363813836900374,0.1049029471999296,24.46661599309663,255.2386744160011,330.9610964193246,10,0.0,2.71491269783235,1,6.394884621840902e-14,70.81186354627908,90.0,19.188136453720915,19.188136453720915,18.842412623700806,32.40769014276943,10.981421920899066,17.36793634929252,2.5570014661054064,0,1.25,-60.0,0.0,180.0
20260724_230314__rp1p25__vinf25__incm60__toff56210__Om0__om270,1.0212679646489864,0.0045773361912788,23.04592702035196,234.85481940414448,376.970489895495,9,0.0,4.056718772842098,1,0.010064626839129787,64.15806723683289,61.37544904657465,-2.7826181902582405,2.7826181902582405,13.738187021739375,9.278005016531475,10.484853807269504,-5.7617487769454385,1.491154036181539,1,1.25,-60.0,0.0,270.0
20260724_230314__rp1p25__vinf25__incm60__toff56210__Om0__om90,1.009826554105422,0.062936679984447,22.461331951578483,185.1466412677624,370.6533846308878,7,0.0,6.775996873013625,1,0.03541978992696038,61.37544904657465,64.15806723683289,2.7826181902582405,2.7826181902582405,14.435503986382244,12.682593689113093,10.776094608408407,-2.357160104363821,1.0590589531990957,0,1.25,-60.0,0.0,90.0
20260724_230314__rp1p25__vinf25__incm60__toff56210__Om180__om0,0.8759707125117374,0.1325190450766983,22.03023953160521,248.51870673562223,299.4554141041985,13,0.0,3.5457837730428174,1,1.1368683772161603e-13,75.16488841802429,90.0,14.83511158197571,14.83511158197571,22.73215271896589,51.652400606235005,9.552540518365724,36.61264681275809,3.146026147245901,1,1.25,-60.0,180.0,0.0
20260724_230314__rp1p25__vinf25__incm60__toff56210__Om180__om180,1.126132908410452,0.1003541103004359,24.058422084386013,124.30816518048572,436.49800699113626,13,0.0,5.0697353081318415,1,5.044853423896711e-13,56.4426902380793,5.739170477266791,-50.70351976081251,18.535481717317985,7.841094418491165,-48.242497158396056,9.720001966272683,-63.28225095187297,2.488194399343471,0,1.25,-60.0,180.0,180.0
20260724_230314__rp1p25__vinf25__incm60__toff56210__Om180__om270,1.4031641081056083,0.2524034653683607,33.794837447363506,102.66632986249532,607.1003611318013,8,4.263256414560601e-14,3.254118606219632,1,9.663381206337363e-13,,,,,-7.659496374457882,-64.80017206865374,14.578249611554362,-79.83992586213066,3.3753541399398577,1,1.25,-60.0,180.0,270.0
20260724_230314__rp1p25__vinf25__incm60__toff56210__Om180__om90,1.034164683065793,0.0632707225476806,23.6449097108988,355.3824597817164,384.1336421463086,12,0.0,3.7232708454855654,1,0.04268612049575626,75.16488841802429,54.2046324563124,-20.960255961711887,7.911739692389119,13.022461062915282,5.77155178680034,10.054880208574254,-9.268202006676574,3.2034578853410896,1,1.25,-60.0,180.0,90.0
20260724_230314__rp1p25__vinf25__incm60__toff56210__Om270__om0,1.0252208625293684,0.074549375840538,21.329434417920293,354.52653959362584,379.16124719754873,10,0.0,3.3219547357089922,1,0.07153090683202912,75.16488841802429,58.82116446134409,-16.3437239566802,7.911739692389119,13.597401502523953,8.703314525693447,9.749771426092732,-6.336439267783467,2.379427857553279,0,1.25,-60.0,270.0,0.0
20260724_230314__rp1p25__vinf25__incm60__toff56210__Om270__om180,2.8000948538228903,0.7486763226422638,11.84987345695396,350.1481923698412,1711.4211922240415,4,8.526512829121202e-14,0.7155359664495649,1,1.1452527814981295e-10,,,,,-50.08539865497792,-85.36996614324707,12.343455722080208,-100.40971993672399,5.036521938823638,1,1.25,-60.0,270.0,180.0
20260724_230314__rp1p25__vinf25__incm60__toff56210__Om270__om270,0.8925047402018904,0.1038967774041066,22.536004036621577,225.27510404986387,307.97366933152955,12,0.0,5.645083617921177,1,5.329070518200751e-13,67.25314872563517,90.0,22.74685127436483,22.74685127436483,21.585585181343227,45.64619678621353,10.874735246539553,30.606442992736618,2.9411409990490265,1,1.25,-60.0,270.0,270.0
20260724_230314__rp1p25__vinf25__incm60__toff56210__Om270__om90,1.0726044785153457,0.0366870573958,22.74354192540332,107.21329454480606,405.7487581795736,60,0.0,3.603916808219749,1,0.0003436569830341796,61.37544904657465,10.887948130120165,-50.487500916454486,7.9094206942863785,10.848364442069473,-43.103581396928725,8.903034313449673,-58.14333519040564,1.7176106221852498,0,1.25,-60.0,270.0,90.0
20260724_230314__rp1p25__vinf25__incm60__toff56210__Om90__om0,1.9877414188592812,0.4667687395008996,25.735679900614677,80.52562568045703,1023.6173095346649,5,7.105427357601002e-14,0.09439066281843722,1,1.8474111129762605e-13,,,,,-31.05287295253081,-79.56819559240226,13.676051984817605,-94.60794938587918,4.262339160010352,1,1.25,-60.0,90.0,0.0
20260724_230314__rp1p25__vinf25__incm60__toff56210__Om90__om180,1.0303017130440717,0.0628770806405783,25.00529996298221,356.1334204552204,381.98334125396485,11,0.0,4.040078357500569,1,0.04992474219787013,81.4509211694784,56.4426902380793,-25.008230931399105,14.197772443843235,13.205244964087493,6.725502993490879,10.969310822765518,-8.314250799986034,2.3042995789075382,0,1.25,-60.0,90.0,180.0
20260724_230314__rp1p25__vinf25__incm60__toff56210__Om90__om270,1.0559082225312757,0.0648516927290094,22.98454822798428,179.26605959365128,396.31184073528186,16,0.0,6.730056968561145,1,0.0962961152634878,56.4426902380793,46.23825730732021,-10.20443293075909,2.238057781766898,11.75508784634528,-1.2499760861987061,8.086347681425895,-16.28972987967562,1.7372113352970793,0,1.25,-60.0,90.0,270.0
20260724_230314__rp1p25__vinf25__incm60__toff56210__Om90__om90,0.934210788403687,0.0610362950206036,25.69229095227977,270.4184300656747,329.8109783170197,10,0.0,1.0293798791954423,1,3.836930773104541e-13,75.16488841802429,90.0,14.83511158197571,14.83511158197571,18.91065094697496,32.41867913370016,12.661083787365357,17.378925340223248,1.9119403720739665,0,1.25,-60.0,90.0,90.0
20260724_230314__rp1p25__vinf25__incm90__toff56210__Om0__om0,1.0224015316943764,0.0710090882232284,24.266882457666316,127.26622821222897,377.5982975249432,10,0.0,5.5337074500185786,1,0.1721238632326738,61.37544904657465,61.37544904657465,0.0,0.0,13.73910642856806,9.14621674438062,12.12303814755639,-5.8935370490962935,2.1831759457820934,0,1.25,-90.0,0.0,0.0
20260724_230314__rp1p25__vinf25__incm90__toff56210__Om0__om180,0.9788070387149064,0.0715409595893837,23.267322994635244,247.07979880415863,353.7068055380112,8,2.0676793610618915e-12,3.3178818920985993,1,0.08080840338888962,67.25314872563517,90.0,22.74685127436483,8.549078830521594,16.240397945358964,20.86198436736673,10.708288783341334,5.822230573889817,2.0717059938883136,0,1.25,-90.0,0.0,180.0
20260724_230314__rp1p25__vinf25__incm90__toff56210__Om0__om270,1.0091850656160808,0.0633450096791938,22.86224221748051,194.71343177567303,370.3002564909012,7,0.0,6.625774876503096,1,0.04400680049776717,61.37544904657465,64.15806723683289,2.7826181902582405,3.095081488802279,14.447968505005777,12.813870381067133,10.787307219982388,-2.2258834124097806,1.810888166927934,0,1.25,-90.0,0.0,270.0
20260724_230314__rp1p25__vinf25__incm90__toff56210__Om0__om90,0.9980425011865705,0.0340565800806111,23.30601169348946,217.2811309760013,364.1844046718208,5,5.588418616753188e-12,5.51883763238053,1,0.01247043027841066,61.37544904657465,70.81186354627908,9.436414499704433,5.87769967906052,15.073394185692601,15.572937721930394,11.341909256196386,0.5331839284534805,1.418536141370099,0,1.25,-90.0,0.0,90.0
20260724_230314__rp1p25__vinf25__incm90__toff56210__Om180__om0,0.9118711438180288,0.1185073433563601,21.989587936925464,252.5951468420164,318.0519036792758,11,0.0,2.9783595569233583,1,5.826450433232822e-13,70.81186354627908,90.0,19.188136453720915,19.188136453720915,20.439994406894638,39.91516266919424,9.580530948532623,24.875408875717326,2.7977280075517106,0,1.25,-90.0,180.0,0.0
20260724_230314__rp1p25__vinf25__incm90__toff56210__Om180__om180,1.0986787979135153,0.0858079970079632,24.279300032154005,120.46912178503926,420.6335466346259,16,2.842170943040401e-14,4.852900625800482,1,7.176481631177012e-13,56.4426902380793,10.887948130120165,-45.554742107959136,11.997432346038401,9.366903248974038,-45.831832629505385,9.784489491006546,-60.8715864229823,2.310312004267037,0,1.25,-90.0,180.0,180.0
20260724_230314__rp1p25__vinf25__incm90__toff56210__Om180__om270,1.041478728977254,0.0904580818332711,25.65685085232216,166.770081564708,388.2159700146112,13,0.0,7.498561751793428,1,0.09825488947435712,58.82116446134409,52.08179734355447,-6.7393671177896195,2.3784742232647886,12.573815818735415,3.5780339881060126,10.33215788898003,-11.461719805370901,1.5070246974352828,0,1.25,-90.0,180.0,270.0
20260724_230314__rp1p25__vinf25__incm90__toff56210__Om180__om90,1.0263457711345387,0.0258666454413316,23.920275364327207,351.6923393679653,379.78546205107136,10,0.0,3.6170407216592277,1,0.02964551149817307,75.16488841802429,58.82116446134409,-16.3437239566802,7.911739692389119,13.473505438455067,7.810549215993083,10.660989658564219,-7.229204577483831,2.063692864694315,1,1.25,-90.0,180.0,90.0
20260724_230314__rp1p25__vinf25__incm90__toff56210__Om270__om0,1.013184937976095,0.0669541342426035,21.86413062620061,352.7248638272809,372.5039460859551,8,0.0,3.4483213713880527,1,0.030584837793288244,75.16488841802429,64.15806723683289,-11.006821181191398,4.353024871745205,14.285816791349578,11.840757161897322,10.711937243335814,-3.1989966315795915,2.2932477621330496,0,1.25,-90.0,270.0,0.0
20260724_230314__rp1p25__vinf25__incm90__toff56210__Om270__om180,0.6995761001694076,0.4459859833443018,27.25851776418784,322.4976696764172,213.72249551565383,21,0.0,8.97388939024124,1,3.552713678800501e-12,90.0,90.0,0.0,0.0,38.48898634391332,160.3394645998417,17.696053001666854,145.2997108063648,4.837638442473049,1,1.25,-90.0,270.0,180.0
20260724_230314__rp1p25__vinf25__incm90__toff56210__Om270__om270,0.9605395565139674,0.0670371173919726,23.18902087753412,171.7241106055906,343.85130116666994,10,3.446132268436486e-13,7.357737206493583,1,0.024259583431835097,61.37544904657465,90.0,28.62455095342535,10.63905762319932,17.383784299912108,25.607010311329905,12.676964201123063,10.567256517852991,2.3210616664429957,0,1.25,-90.0,270.0,270.0
20260724_230314__rp1p25__vinf25__incm90__toff56210__Om270__om90,1.0299139630015892,0.0145259085045067,23.143614859799623,285.76057127028685,381.7677246265552,11,0.0,0.2669358641036421,1,0.03731822405373286,67.25314872563517,56.4426902380793,-10.81045848755587,3.095081488802279,13.292950322902849,6.781127173268669,9.660783936332917,-8.258626620208243,1.1904864320948672,0,1.25,-90.0,270.0,90.0
20260724_230314__rp1p25__vinf25__incm90__toff56210__Om90__om0,1.264465707950508,0.2235724462612859,21.71735312111373,107.87377820469146,519.347893158304,9,7.105427357601002e-15,3.66524220910675,1,5.329070518200751e-13,,,,,0.5363532903472633,-57.57481752407674,10.4053815582945,-72.61457131755365,3.32953435458318,1,1.25,-90.0,90.0,0.0
20260724_230314__rp1p25__vinf25__incm90__toff56210__Om90__om180,1.0222814440933143,0.0565676616202766,24.37236621545417,350.8125353681636,377.5317724746986,10,0.0,3.894380939187281,1,0.040141594630366484,81.4509211694784,61.37544904657465,-20.075472122903754,10.63905762319932,13.699548781245442,9.065205004796258,11.208399899519907,-5.974548788680655,2.0182082960734986,0,1.25,-90.0,90.0,180.0
20260724_230314__rp1p25__vinf25__incm90__toff56210__Om90__om270,0.9891239544298231,0.0587822963320555,22.041441340153064,242.85285552862524,359.3137773084276,8,3.3431035717512714e-12,3.541680246865816,1,0.0873283470084587,64.15806723683289,75.16488841802429,11.006821181191398,4.353024871745205,15.645557825665982,18.17361144863774,10.169713510767096,3.133857655160826,1.7361861623080546,0,1.25,-90.0,90.0,270.0
20260724_230314__rp1p25__vinf25__incm90__toff56210__Om90__om90,0.980115224167108,0.0190243141171677,25.44435169772675,353.55120741447035,354.4161414696068,8,2.5721647034515627e-12,4.107301429829668,1,0.001185937640439505,90.0,90.0,0.0,8.549078830521594,16.15661765999483,20.047681794544808,13.376962813153341,5.007928001067894,1.0702701847372984,0,1.25,-90.0,90.0,90.0
20260724_230314__rp1p5__vinf25__inc0__toff56210__Om0__om0,1.0750200545392623,0.0814512870503396,23.202493263690112,141.16451785494752,407.1201890378752,40,0.0,6.020508083964365,1,5.826450433232822e-13,56.4426902380793,12.187474135425045,-44.25521610265426,6.609894688981498,10.727899561106238,-43.56247676259974,9.138184830675272,-58.602230556076655,2.185615693870533,0,1.5,0.0,0.0,0.0
20260724_230314__rp1p5__vinf25__inc0__toff56210__Om0__om180,0.9086086037726888,0.113692307311723,23.92686294093749,250.50911775146824,316.3465173768339,11,0.0,3.30909808625141,1,7.815970093361102e-14,70.81186354627908,90.0,19.188136453720915,19.188136453720915,20.580066354256388,40.64297282826117,10.723691708715664,25.60321903478426,2.8765330484361886,0,1.5,0.0,0.0,180.0
20260724_230314__rp1p5__vinf25__inc0__toff56210__Om0__om270,1.0212266638415275,0.0643257982348133,23.360947698113435,356.18714410666945,376.9476226920506,10,0.0,3.724605319230797,1,0.028078759711066326,75.16488841802429,61.37544904657465,-13.789439371449639,6.653796309446193,13.777863905434941,9.521840066751341,10.986573545939876,-5.517913726725572,2.40316860253932,0,1.5,0.0,0.0,270.0
20260724_230314__rp1p5__vinf25__inc0__toff56210__Om180__om0,0.9086086037726888,0.113692307311723,23.92686294093749,250.50911775146824,316.3465173768339,11,0.0,3.30909808625141,1,7.815970093361102e-14,70.81186354627908,90.0,19.188136453720915,19.188136453720915,20.580066354256388,40.64297282826117,10.723691708715664,25.60321903478426,2.8765330484361886,0,1.5,0.0,180.0,0.0
20260724_230314__rp1p5__vinf25__inc0__toff56210__Om180__om180,1.0750200558716427,0.0814512880900699,23.20249327114133,141.16451758515004,407.1201897947525,40,0.0,6.020508069868369,1,6.679101716144942e-13,56.4426902380793,12.187474135425045,-44.25521610265426,6.609894688981498,10.727899488098357,-43.56247689115561,9.138184842319134,-58.602230684632524,2.1856156999701515,0,1.5,0.0,180.0,180.0
20260724_230314__rp1p5__vinf25__inc0__toff56210__Om180__om90,1.0212266638415275,0.0643257982348133,23.360947698113435,356.18714410666945,376.9476226920506,10,0.0,3.724605319230797,1,0.028078759711066326,75.16488841802429,61.37544904657465,-13.789439371449639,6.653796309446193,13.777863905434941,9.521840066751341,10.986573545939876,-5.517913726725572,2.40316860253932,0,1.5,0.0,180.0,90.0
20260724_230314__rp1p5__vinf25__inc0__toff56210__Om270__om0,1.0212266638415275,0.0643257982348133,23.360947698113435,356.18714410666945,376.9476226920506,10,0.0,3.724605319230797,1,0.028078759711066326,75.16488841802429,61.37544904657465,-13.789439371449639,6.653796309446193,13.777863905434941,9.521840066751341,10.986573545939876,-5.517913726725572,2.40316860253932,0,1.5,0.0,270.0,0.0
20260724_230314__rp1p5__vinf25__inc0__toff56210__Om270__om270,0.9086086040484996,0.113692307196398,23.92686294730985,250.5091179456564,316.3465175208757,11,0.0,3.3090980650131456,1,1.9184653865522705e-13,70.81186354627908,90.0,19.188136453720915,19.188136453720915,20.580066336598343,40.64297274208455,10.723691710853616,25.60321894860764,2.8765330467988024,0,1.5,0.0,270.0,270.0
20260724_230314__rp1p5__vinf25__inc0__toff56210__Om270__om90,1.0750200558716427,0.0814512880900699,23.20249327114133,141.16451758515004,407.1201897947525,40,0.0,6.020508069868369,1,6.679101716144942e-13,56.4426902380793,12.187474135425045,-44.25521610265426,6.609894688981498,10.727899488098357,-43.56247689115561,9.138184842319134,-58.602230684632524,2.1856156999701515,0,1.5,0.0,270.0,90.0
20260724_230314__rp1p5__vinf25__inc0__toff56210__Om90__om180,1.0212266638415275,0.0643257982348133,23.360947698113435,356.18714410666945,376.9476226920506,10,0.0,3.724605319230797,1,0.028078759711066326,75.16488841802429,61.37544904657465,-13.789439371449639,6.653796309446193,13.777863905434941,9.521840066751341,10.986573545939876,-5.517913726725572,2.40316860253932,0,1.5,0.0,90.0,180.0
20260724_230314__rp1p5__vinf25__inc0__toff56210__Om90__om270,1.0750200558716427,0.0814512880900699,23.20249327114133,141.16451758515004,407.1201897947525,40,0.0,6.020508069868369,1,6.679101716144942e-13,56.4426902380793,12.187474135425045,-44.25521610265426,6.609894688981498,10.727899488098357,-43.56247689115561,9.138184842319134,-58.602230684632524,2.1856156999701515,0,1.5,0.0,90.0,270.0
20260724_230314__rp1p5__vinf25__inc0__toff56210__Om90__om90,0.9086086037726888,0.113692307311723,23.92686294093749,250.50911775146824,316.3465173768339,11,0.0,3.30909808625141,1,7.815970093361102e-14,70.81186354627908,90.0,19.188136453720915,19.188136453720915,20.580066354256388,40.64297282826117,10.723691708715664,25.60321903478426,2.8765330484361886,0,1.5,0.0,90.0,90.0
20260724_230314__rp1p5__vinf25__inc30__toff56210__Om0__om0,1.0770062825618545,0.0855007096138735,23.43737636363521,140.82899639057436,408.2490148510946,32,0.0,6.052134704979766,1,1.1368683772161603e-12,56.4426902380793,17.457603123722098,-38.9850871143572,4.360892894524831,10.615662426992301,-43.74215795498983,9.262691563869339,-58.78191174846674,2.133273951425599,0,1.5,30.0,0.0,0.0
20260724_230314__rp1p5__vinf25__inc30__toff56210__Om0__om180,0.9040500890084144,0.1167226733894383,23.18563911800247,246.712632370088,313.9688268803921,11,0.0,3.6841601336090903,1,5.684341886080801e-13,70.81186354627908,90.0,19.188136453720915,19.188136453720915,20.88448651401508,42.15774127682092,10.35834717448006,27.11798748334401,3.0016545545326814,1,1.5,30.0,0.0,180.0
20260724_230314__rp1p5__vinf25__inc30__toff56210__Om0__om270,0.9928237883050516,0.1251273334971578,23.23631348680715,287.4954560973929,361.331689725112,8,4.256150987203e-12,0.6792058468793716,1,0.18653807503670095,70.81186354627908,75.16488841802429,4.353024871745205,4.353024871745205,15.563824517659116,17.90109435322989,9.62121590952514,2.8613405597529766,3.497305727979784,0,1.5,30.0,0.0,270.0
20260724_230314__rp1p5__vinf25__inc30__toff56210__Om180__om0,0.9270055377622884,0.1015084240635654,24.329206528642725,254.5936779408907,326.00276471540207,11,0.0,2.8016087426402727,1,6.039613253960852e-13,70.81186354627908,90.0,19.188136453720915,19.188136453720915,19.41180333955726,35.01021826296906,11.055077822450931,19.97046446949215,2.565390124574687,0,1.5,30.0,180.0,0.0
20260724_230314__rp1p5__vinf25__inc30__toff56210__Om180__om180,1.0609028603812232,0.0679252508904427,23.044777209836248,136.91558235591006,399.1271039464125,17,0.0,5.781637814695653,1,0.32612366026749084,58.82116446134409,42.670233871257594,-16.150930590086496,4.6165320050316865,11.53258288519705,-3.2802986413718624,8.66312980842644,-18.320052434848776,2.0365700723017897,0,1.5,30.0,180.0,180.0
20260724_230314__rp1p5__vinf25__inc30__toff56210__Om180__om270,1.098892022402589,0.0853558457740039,21.69160003837096,120.77943712991576,420.75600334082833,17,0.0,4.530287770120776,1,1.1866063687193673e-12,56.4426902380793,18.797368824406544,-37.64532141367276,7.385260938927537,9.399325567337252,-45.85357107518999,8.840292116906326,-60.8933248686669,1.914523103861192,0,1.5,30.0,180.0,270.0
20260724_230314__rp1p5__vinf25__inc30__toff56210__Om180__om90,1.0175893542939871,0.041585369431535,23.286500551743977,357.1852177077208,374.9355518150238,9,0.0,3.598842199014996,1,0.005998424844321448,75.16488841802429,61.37544904657465,-13.789439371449639,4.353024871745205,13.983096739600466,10.345970216512033,11.087733800819832,-4.693783576964881,2.185495890077436,1,1.5,30.0,180.0,90.0
20260724_230314__rp1p5__vinf25__inc30__toff56210__Om270__om0,1.0187112410058103,0.0601744325785075,24.34282204095638,357.2700586297773,375.55576928385096,9,0.0,3.9181894599315257,1,0.03489174250974436,81.4509211694784,61.37544904657465,-20.075472122903754,10.63905762319932,13.898809650588651,10.079426499479386,11.648071203654158,-4.960327293997528,2.289736260879748,0,1.5,30.0,270.0,0.0
20260724_230314__rp1p5__vinf25__inc30__toff56210__Om270__om180,2.311459246265036,0.5512824242902861,32.952435177983766,70.04527331166464,1283.5924426124411,4,1.5631940186722204e-13,0.7051161303462123,1,4.263256414560601e-13,,,,,-40.67835623315247,-83.39445586113143,16.5947600995014,-98.43420965460835,4.20605435749709,1,1.5,30.0,270.0,180.0
20260724_230314__rp1p5__vinf25__inc30__toff56210__Om270__om270,0.9274970598502246,0.0935349502241204,24.684980054111097,257.53075946641127,326.2620816100092,11,0.0,2.478359933830969,1,2.4158453015843406e-13,70.81186354627908,90.0,19.188136453720915,19.188136453720915,19.361244151041006,34.73288278284833,11.405702027133241,19.693128989371417,2.441661274515735,0,1.5,30.0,270.0,270.0
20260724_230314__rp1p5__vinf25__inc30__toff56210__Om270__om90,1.0633265343125884,0.0791873491730988,23.448582024108333,157.2177918418539,400.4956169449426,20,0.0,6.696576119801614,1,0.2881550563278372,56.4426902380793,40.961788552349375,-15.480901685729926,3.9703942585954834,11.36241411038437,-4.33537991428497,8.449451873308337,-19.375133707761883,1.973278007251636,0,1.5,30.0,270.0,90.0
20260724_230314__rp1p5__vinf25__inc30__toff56210__Om90__om180,1.0209249749544975,0.0660902176094068,22.313811684289448,353.8995097937569,376.7805992776128,9,0.0,3.5131139839995367,1,0.05147826175543635,75.16488841802429,61.37544904657465,-13.789439371449639,7.911739692389119,13.821951703908525,9.698719505937852,10.503316417029948,-5.3410342875390615,2.237994708269172,0,1.5,30.0,90.0,180.0
20260724_230314__rp1p5__vinf25__inc30__toff56210__Om90__om270,1.0661377400240546,0.0634160314235695,22.882302737324647,128.819099637807,402.0849020960378,27,0.0,5.243182841491759,1,0.21563860406235236,58.82116446134409,39.2964802391875,-19.524684222156587,4.6165320050316865,11.229126972783536,-5.986200864861671,8.537784715696219,-21.025954658338584,1.9399896704272903,0,1.5,30.0,90.0,270.0
20260724_230314__rp1p5__vinf25__inc30__toff56210__Om90__om90,0.9048641388799288,0.11162403667002,23.102679626607404,241.4584668187088,314.3929911161711,11,0.0,4.200104811487066,1,1.0658141036401503e-13,70.81186354627908,90.0,19.188136453720915,19.188136453720915,20.820640520593468,41.83274572470601,10.517358168626298,26.792991931229096,2.934294696137278,1,1.5,30.0,90.0,90.0
20260724_230314__rp1p5__vinf25__inc60__toff56210__Om0__om0,1.0706488794110347,0.0761578026439939,23.692963565885087,136.58259763004438,404.6396073136154,37,0.0,5.870141164734154,1,0.35508173463934156,58.82116446134409,34.51810784106126,-24.30305662028283,4.6165320050316865,10.968591945253346,-9.423572414998727,8.817283084170096,-24.463326208475642,2.138665804934337,0,1.5,60.0,0.0,0.0
20260724_230314__rp1p5__vinf25__inc60__toff56210__Om0__om180,0.914373360380201,0.1105435793640417,22.60381442423305,247.56731326411688,319.3619250273802,11,0.0,3.501696794665026,1,3.623767952376511e-13,70.81186354627908,90.0,19.188136453720915,19.188136453720915,20.244946942443068,38.98371624856869,10.120105154390055,23.94396245509178,2.7687055234155658,0,1.5,60.0,0.0,180.0
20260724_230314__rp1p5__vinf25__inc60__toff56210__Om0__om270,1.0201501785013458,0.0567193617802323,23.547602413105963,352.3095041967002,376.3517633423298,9,0.0,3.73314503442365,1,0.04594410800265969,75.16488841802429,61.37544904657465,-13.789439371449639,6.653796309446193,13.838147278355368,9.74668500849413,11.066556639757621,-5.293068784982784,2.733402455326336,1,1.5,60.0,0.0,270.0
20260724_230314__rp1p5__vinf25__inc60__toff56210__Om0__om90,1.4378879101100908,0.2886066544243749,29.127300787224254,76.40448276717358,629.7748868812992,7,1.4210854715202004e-14,0.10480192379266207,1,4.263256414560601e-13,,,,,-9.307472472428415,-66.0208318324159,13.59970030266917,-81.06058562589281,3.2492791030634525,1,1.5,60.0,0.0,90.0
20260724_230314__rp1p5__vinf25__inc60__toff56210__Om180__om0,0.9608202436664308,0.0811552634604784,23.988732810865777,254.4375076942956,344.0020315958825,9,4.192202140984591e-13,2.6951133043763136,1,0.045158605496599336,67.25314872563517,90.0,22.74685127436483,14.83511158197571,17.32543145049593,25.593943535322083,11.104016612640143,10.55418974184517,2.194611630446276,0,1.5,60.0,180.0,0.0
20260724_230314__rp1p5__vinf25__inc60__toff56210__Om180__om180,1.0334875168568076,0.0517174764304936,23.331497523445226,135.79606750819397,383.7564105408122,12,0.0,5.8145473675825965,1,0.1446181866393701,58.82116446134409,54.2046324563124,-4.6165320050316865,2.3784742232647886,13.104462918236747,5.892289507097722,10.255335009619294,-9.147464286379192,1.8896942953481708,0,1.5,60.0,180.0,180.0
20260724_230314__rp1p5__vinf25__inc60__toff56210__Om180__om270,1.0125058881252114,0.0312066660031809,22.967830513698825,183.68248938104296,372.1295232844972,8,0.0,6.73171422921787,1,0.010685708688432882,61.37544904657465,64.15806723683289,2.7826181902582405,2.7826181902582405,14.267259133376102,11.71354301983577,10.940043783530463,-3.3262107736411437,0.6392625528957024,0,1.5,60.0,180.0,270.0
20260724_230314__rp1p5__vinf25__inc60__toff56210__Om180__om90,1.0131995381553751,0.006693437887249,23.14349243484623,294.3075147104892,372.5119978894082,9,0.0,0.9337121321150139,1,0.005377066825470678,70.81186354627908,64.15806723683289,-6.653796309446193,3.558714820643914,14.280354313412492,11.443270759379587,10.985108054659886,-3.596483034097327,1.4676731046471096,1,1.5,60.0,180.0,90.0
20260724_230314__rp1p5__vinf25__inc60__toff56210__Om270__om0,1.018395051905461,0.0545987019174289,24.607296413248807,353.007225304494,375.3809345200211,9,0.0,3.954484084607083,1,0.03489005695088743,81.4509211694784,61.37544904657465,-20.075472122903754,10.63905762319932,13.916248145561552,10.086508836971607,11.65911795971922,-4.953244956505307,1.877557992438923,0,1.5,60.0,270.0,0.0
20260724_230314__rp1p5__vinf25__inc60__toff56210__Om270__om180,1.4119759904589813,0.2573047502156421,24.324195356061068,77.40892353123054,612.8282234606945,8,2.842170943040401e-14,0.33829780257124487,1,3.694822225952521e-13,,,,,-8.003521324188288,-65.16090412611588,11.493780224773246,-80.2006579195928,3.411907097624047,1,1.5,60.0,270.0,180.0
20260724_230314__rp1p5__vinf25__inc60__toff56210__Om270__om270,0.9545289365692792,0.0551404056677649,25.01616268235385,269.98888066673913,340.6288577735137,10,1.4210854715202004e-13,1.070960801575854,1,0.013124594878060947,70.81186354627908,90.0,19.188136453720915,10.63905762319932,17.688922718329618,26.94545697216842,12.295756001924095,11.905703178691505,1.7135371519064644,0,1.5,60.0,270.0,270.0
20260724_230314__rp1p5__vinf25__inc60__toff56210__Om270__om90,1.0345885351492123,0.0558805337385765,23.259796678018244,185.7882763584703,384.3698219277811,11,0.0,6.770111288628145,1,0.04672247789840256,58.82116446134409,54.2046324563124,-4.6165320050316865,2.3784742232647886,12.962037973136766,5.630783710640948,9.395832836454117,-9.408970082835966,1.431145445237927,0,1.5,60.0,270.0,90.0
20260724_230314__rp1p5__vinf25__inc60__toff56210__Om90__om0,1.021313184129059,0.3251657078987346,17.86700848485674,12.2330787285168,376.995527298271,7,4.721556479125866e-12,3.530386859648541,1,0.07987517890203222,75.16488841802429,70.81186354627908,-4.353024871745205,4.353024871745205,15.1256523018474,17.020128871065644,13.869357254322765,1.9803750775887305,3.6015224336951888,1,1.5,60.0,90.0,0.0
20260724_230314__rp1p5__vinf25__inc60__toff56210__Om90__om180,1.016372128982896,0.0636144714720576,21.890775777424484,349.2424078511881,374.2630145059072,9,0.0,3.409117891911107,1,0.016811507655267732,75.16488841802429,61.37544904657465,-13.789439371449639,4.353024871745205,14.100299321396092,10.983850528429773,10.481539640446016,-4.0559032650471405,1.7925554013365197,0,1.5,60.0,90.0,180.0
20260724_230314__rp1p5__vinf25__inc60__toff56210__Om90__om270,1.0457419397359071,0.027483907259949,22.864714193585023,120.1579394631686,390.6021047488388,15,0.0,4.622695557215065,1,0.08646011832159761,61.37544904657465,50.05549481018513,-11.31995423638952,2.554284585230562,12.40477680691848,2.01890217152328,9.030090626068908,-13.020851621953634,1.492885959426041,0,1.5,60.0,90.0,270.0
20260724_230314__rp1p5__vinf25__inc60__toff56210__Om90__om90,0.9233971969096548,0.0852183841459302,22.7583848462594,224.7798952957432,324.10118441823374,11,0.0,5.485340535150684,1,9.947598300641403e-14,67.25314872563517,90.0,22.74685127436483,14.197772443843235,19.614351515055276,35.9857449504403,11.111345123176779,20.945991156963387,2.573336899390136,0,1.5,60.0,90.0,90.0
20260724_230314__rp1p5__vinf25__inc90__toff56210__Om0__om0,1.0508950051828994,0.0609434262107687,23.70916321681011,133.9218186339796,393.4927927362197,15,0.0,5.72466949507149,1,0.12013467094846458,58.82116446134409,48.11140308495899,-10.709761376385103,2.3784742232647886,12.091315224221328,0.3933962651470195,9.339830328037568,-14.646357528329894,1.985499677961449,0,1.5,90.0,0.0,0.0
20260724_230314__rp1p5__vinf25__inc90__toff56210__Om0__om180,0.9411664772356484,0.0933608058885213,22.54145926272763,252.10621281196435,333.5012494110833,10,0.0,2.9270308317120595,1,1.7763568394002505e-13,70.81186354627908,90.0,19.188136453720915,10.63905762319932,18.569560950776935,31.114123391148365,10.266718017399727,16.07436959767145,2.407808789644094,0,1.5,90.0,0.0,180.0
20260724_230314__rp1p5__vinf25__inc90__toff56210__Om0__om270,1.0176863657769295,0.0268940619892991,23.721659655710177,345.8140758832982,374.9891695940789,9,0.0,3.57820235733759,1,0.024015634150424958,75.16488841802429,61.37544904657465,-13.789439371449639,4.353024871745205,13.989262107634932,10.207907049616304,11.114222162549972,-4.831846743860609,2.1149993626569774,1,1.5,90.0,0.0,270.0
20260724_230314__rp1p5__vinf25__inc90__toff56210__Om0__om90,1.0383783600544902,0.043538913416739,24.462548245024543,144.73318338737718,386.4837456863845,13,0.0,6.413750994278535,1,0.13948820328612044,58.82116446134409,54.2046324563124,-4.6165320050316865,2.3784742232647886,12.782486152924495,4.253027634970772,10.141340863140627,-10.786726158506141,1.170454157599983,0,1.5,90.0,0.0,90.0
20260724_230314__rp1p5__vinf25__inc90__toff56210__Om180__om0,0.9914725430845952,0.0514260207616315,23.102248878213462,249.0164331193934,360.59427555501486,7,3.8475889141409425e-12,3.0564330208766393,1,0.05205637431892285,67.25314872563517,75.16488841802429,7.911739692389119,4.353024871745205,15.482741422333074,17.42934401048879,10.841914752649993,2.389590217011877,1.757313773351913,0,1.5,90.0,180.0,0.0
20260724_230314__rp1p5__vinf25__inc90__toff56210__Om180__om180,0.996594287891777,0.0403365076647411,24.589986445848645,153.4963290377674,363.3920155869055,6,5.893951993130031e-12,6.9702652721969685,1,0.03185711451886242,61.37544904657465,70.81186354627908,9.436414499704433,3.558714820643914,15.214672235140565,15.891830731700656,12.885119359640752,0.8520769382237425,1.8793280038178464,0,1.5,90.0,180.0,180.0
20260724_230314__rp1p5__vinf25__inc90__toff56210__Om180__om270,1.0013601975932618,0.0215367756822432,23.33900905738251,229.18176707535972,366.0018475968288,3,0.0,4.639629445070694,1,0.05880507260205903,64.15806723683289,70.81186354627908,6.653796309446193,3.558714820643914,14.878666254704806,14.645593978336136,11.371919159734059,-0.39415981514077814,1.168608450052088,0,1.5,90.0,180.0,270.0
20260724_230314__rp1p5__vinf25__inc90__toff56210__Om180__om90,1.0052969128711902,0.0452024804357673,23.033467304036467,197.99152373171623,368.1622993480382,6,0.0,6.478814918374757,1,0.00599757449953664,61.37544904657465,67.25314872563517,5.87769967906052,3.095081488802279,14.662012755723264,13.716840143550717,11.065522448684352,-1.3229136499261962,1.97762907385895,1,1.5,90.0,180.0,90.0
20260724_230314__rp1p5__vinf25__inc90__toff56210__Om270__om0,1.0140635381625986,0.0468635756008049,24.02439427019865,346.289826040609,372.98858561127753,8,0.0,3.7669792579026353,1,0.04287087579573878,81.4509211694784,64.15806723683289,-17.292853932645514,10.63905762319932,14.189931324764087,11.317112293172029,11.51281983073121,-3.722641500304885,1.900048913898988,0,1.5,90.0,270.0,0.0
20260724_230314__rp1p5__vinf25__inc90__toff56210__Om270__om180,1.1691694632645298,0.1376113851682779,22.06236312373045,95.15133048388792,461.7575297110199,11,7.105427357601002e-15,2.611366194319471,1,3.126388037344441e-13,56.4426902380793,17.457603123722098,-38.9850871143572,20.21228384060753,5.538119184128472,-51.580444398126204,9.711717278794787,-66.62019819160312,2.852045417007277,1,1.5,90.0,270.0,180.0
20260724_230314__rp1p5__vinf25__inc90__toff56210__Om270__om270,0.9864108798721064,0.0164593750226594,24.748275082127364,324.5483591991284,357.8364453522756,8,2.5011104298755527e-12,3.202565336397658,1,0.02683651730643888,81.4509211694784,81.4509211694784,0.0,0.0,15.839509011370863,18.48788615204763,12.678433168229265,3.4481323585707155,0.92331559317382,0,1.5,90.0,270.0,270.0
20260724_230314__rp1p5__vinf25__inc90__toff56210__Om270__om90,0.9963157330443012,0.0450362094815923,22.388359350956392,236.9612485526635,363.2396704423437,6,4.430233957464225e-12,4.013481430649973,1,0.08332172911031677,64.15806723683289,70.81186354627908,6.653796309446193,3.558714820643914,15.19815713569319,16.163187317902572,10.541722182193777,1.1234335244256588,1.4964360981285028,0,1.5,90.0,270.0,90.0
20260724_230314__rp1p5__vinf25__inc90__toff56210__Om90__om0,0.8602410439714817,0.217353722528989,23.66985561957632,325.83729352553604,291.4258220059688,13,0.0,4.729858372705753,1,1.8118839761882555e-12,90.0,90.0,0.0,0.0,24.195993736033596,59.362086873241516,12.646472932465372,44.322333079764604,3.656514405769189,1,1.5,90.0,90.0,0.0
20260724_230314__rp1p5__vinf25__inc90__toff56210__Om90__om180,1.0090446209652568,0.0561608632393513,22.41766739227649,347.4757863420504,370.2229591508639,7,0.0,3.5023532213482067,1,0.037149075401710974,75.16488841802429,64.15806723683289,-11.006821181191398,4.353024871745205,14.517730780204728,12.875539658513198,11.03130875067966,-2.164214134963716,1.902603023902916,0,1.5,90.0,90.0,180.0
20260724_230314__rp1p5__vinf25__inc90__toff56210__Om90__om270,1.018421018339993,0.0124061632794655,23.215053722994995,272.29306232291435,375.3952914730157,9,0.0,0.8904505221344401,1,0.020401322673173183,67.25314872563517,61.37544904657465,-5.87769967906052,3.095081488802279,13.937939772684995,10.022599464157322,10.595097439736476,-5.017154329319592,1.0397884152261216,0,1.5,90.0,90.0,270.0
20260724_230314__rp1p5__vinf25__inc90__toff56210__Om90__om90,0.9705364661052516,0.0518842818167181,23.39280766701818,176.24466358886002,349.23324321237965,9,7.496225862269057e-13,7.249695137799952,1,0.03609202976225134,61.37544904657465,90.0,28.62455095342535,9.436414499704433,16.763636278621362,22.860509472116604,12.466533850268728,7.82075567863969,2.1141689646263746,0,1.5,90.0,90.0,90.0
20260724_230314__rp1p5__vinf25__incm30__toff56210__Om0__om0,1.060902859209709,0.0679252513719667,23.04477722030585,136.91558318002535,399.1271032853014,17,0.0,5.781637863693067,1,0.32612366143484506,58.82116446134409,42.670233871257594,-16.150930590086496,4.6165320050316865,11.532582949545356,-3.28029844085713,8.663129803077481,-18.320052234334042,2.036570066386711,0,1.5,-30.0,0.0,0.0
20260724_230314__rp1p5__vinf25__incm30__toff56210__Om0__om180,0.9270055368673908,0.1015084241076837,24.32920653960456,254.5936785413076,326.0027642433351,11,0.0,2.801608684186057,1,1.0658141036401503e-13,70.81186354627908,90.0,19.188136453720915,19.188136453720915,19.411803393176594,35.010218517937865,11.055077828198144,19.970464724460953,2.565390128808834,0,1.5,-30.0,0.0,180.0
20260724_230314__rp1p5__vinf25__incm30__toff56210__Om0__om270,1.017589354275461,0.0415853696772603,23.28650054900012,357.1852185039391,374.9355518047847,9,0.0,3.5988421936375055,1,0.0059984240696415725,75.16488841802429,61.37544904657465,-13.789439371449639,4.353024871745205,13.983096737686877,10.34597021341183,11.087733798408426,-4.693783580065084,2.1854958915678004,1,1.5,-30.0,0.0,270.0
20260724_230314__rp1p5__vinf25__incm30__toff56210__Om0__om90,1.0988920227590886,0.0853558457559029,21.691600036455817,120.7794374006761,420.7560035455791,17,0.0,4.5302877847981895,1,7.247535904753022e-13,56.4426902380793,18.797368824406544,-37.64532141367276,7.385260938927537,9.399325547393346,-45.85357110863221,8.840292110844679,-60.89332490210912,1.914523105429481,0,1.5,-30.0,0.0,90.0
20260724_230314__rp1p5__vinf25__incm30__toff56210__Om180__om0,0.9040500892000016,0.1167226736319878,23.18563912250305,246.71263219665772,313.9688269801971,11,0.0,3.684160150979256,1,6.110667527536862e-13,70.81186354627908,90.0,19.188136453720915,19.188136453720915,20.88448650285314,42.15774122130228,10.358347173438503,27.11798742782537,3.001654555415808,1,1.5,-30.0,180.0,0.0
20260724_230314__rp1p5__vinf25__incm30__toff56210__Om180__om180,1.0770062823212594,0.0855007098335585,23.4373763618584,140.82899632838135,408.24901471429496,32,0.0,6.052134704024539,1,1.0800249583553523e-12,56.4426902380793,17.457603123722098,-38.9850871143572,4.360892894524831,10.615662440811082,-43.742157930061715,9.262691567838104,-58.78191172353863,2.1332739502517013,0,1.5,-30.0,180.0,180.0
20260724_230314__rp1p5__vinf25__incm30__toff56210__Om180__om90,0.9928237881798676,0.1251273333534651,23.236313486687624,287.4954560626107,361.3316896567722,8,4.238387418808998e-12,0.6792058436849189,1,0.186538075094127,70.81186354627908,75.16488841802429,4.353024871745205,4.353024871745205,15.563824524711107,17.90109438045393,9.621215911985972,2.8613405869770165,3.4973057278568302,0,1.5,-30.0,180.0,90.0
20260724_230314__rp1p5__vinf25__incm30__toff56210__Om270__om0,1.0209249749752212,0.06609021743367,22.313811690905517,353.8995100600271,376.780599289085,9,0.0,3.5131139838254555,1,0.05147826206010997,75.16488841802429,61.37544904657465,-13.789439371449639,7.911739692389119,13.821951701550711,9.698719497176755,10.503316421553391,-5.341034296300158,2.2379947072711266,0,1.5,-30.0,270.0,0.0
20260724_230314__rp1p5__vinf25__incm30__toff56210__Om270__om270,0.9048641387271908,0.1116240365577352,23.102679625990486,241.45846693910332,314.3929910365684,11,0.0,4.2001048003688375,1,9.237055564881302e-14,70.81186354627908,90.0,19.188136453720915,19.188136453720915,20.820640529621173,41.83274576996001,10.517358169195104,26.7929919764831,2.9342946960786374,1,1.5,-30.0,270.0,270.0
20260724_230314__rp1p5__vinf25__incm30__toff56210__Om270__om90,1.0661377400214511,0.0634160314265077,22.882302737281343,128.81909963598622,402.0849020945652,27,0.0,5.243182841403671,1,0.2156386040532654,58.82116446134409,39.2964802391875,-19.524684222156587,4.6165320050316865,11.229126972936694,-5.986200864375696,8.537784715749098,-21.02595465785261,1.9399896704123003,0,1.5,-30.0,270.0,90.0
20260724_230314__rp1p5__vinf25__incm30__toff56210__Om90__om0,2.31145927590767,0.5512824018530567,32.952435467290705,70.0452720594917,1283.5924673040265,4,1.7053025658242404e-13,0.7051161343880779,1,9.805489753489383e-13,,,,,-40.678357309926,-83.39445646371495,16.594759417704267,-98.43421025719186,4.206054415029604,1,1.5,-30.0,90.0,0.0
20260724_230314__rp1p5__vinf25__incm30__toff56210__Om90__om180,1.0187112406963994,0.0601744328464587,24.342822040075927,357.27005886547994,375.55576911275085,9,0.0,3.9181894608307104,1,0.034891741890575645,81.4509211694784,61.37544904657465,-20.075472122903754,10.63905762319932,13.898809667566589,10.079426563830765,11.648071205372068,-4.960327229646149,2.289736262422303,0,1.5,-30.0,90.0,180.0
20260724_230314__rp1p5__vinf25__incm30__toff56210__Om90__om270,1.0633265358053183,0.0791873498677964,23.448582011635377,157.2177925881408,400.4956177882844,20,0.0,6.696576127239595,1,0.2881550545032523,56.4426902380793,40.961788552349375,-15.480901685729926,3.9703942585954834,11.362414025064083,-4.335380177072975,8.44945184809793,-19.37513397054989,1.973278011215446,0,1.5,-30.0,90.0,270.0
20260724_230314__rp1p5__vinf25__incm30__toff56210__Om90__om90,0.9274970600572356,0.0935349504039921,24.68498005435107,257.53075956275467,326.2620817192384,11,0.0,2.478359923278589,1,2.3447910280083306e-13,70.81186354627908,90.0,19.188136453720915,19.188136453720915,19.361244138630806,34.73288272614525,11.405702021337287,19.693128932668337,2.441661274372672,0,1.5,-30.0,90.0,90.0
20260724_230314__rp1p5__vinf25__incm60__toff56210__Om0__om0,1.033487517269453,0.0517174759925783,23.33149752491445,135.79606746302665,383.7564107706488,12,0.0,5.814547361940397,1,0.14461818721732644,58.82116446134409,54.2046324563124,-4.6165320050316865,2.3784742232647886,13.10446289467168,5.892289422698086,10.25533500416314,-9.147464370778827,1.889694292709492,0,1.5,-60.0,0.0,0.0
20260724_230314__rp1p5__vinf25__incm60__toff56210__Om0__om180,0.9608202436394616,0.0811552634632543,23.98873281119072,254.43750766762452,344.00203158139897,9,4.085620730620576e-13,2.695113307052324,1,0.04515860547000372,67.25314872563517,90.0,22.74685127436483,14.83511158197571,17.325431452127773,25.59394354227353,11.104016613040017,10.554189748796615,2.1946116305929597,0,1.5,-60.0,0.0,180.0
20260724_230314__rp1p5__vinf25__incm60__toff56210__Om0__om270,1.0131995384121588,0.0066934379303492,23.14349243400955,294.307517338852,372.5119980310214,9,0.0,0.9337123133677245,1,0.005377067003578873,70.81186354627908,64.15806723683289,-6.653796309446193,3.558714820643914,14.28035429485148,11.443270679366485,10.985108013669024,-3.5964831141104288,1.4676731058932744,1,1.5,-60.0,0.0,270.0
20260724_230314__rp1p5__vinf25__incm60__toff56210__Om0__om90,1.0125058879159738,0.0312066657855808,22.96783051459866,183.68248943350787,372.1295231691446,8,0.0,6.731714229100751,1,0.010685709076318162,61.37544904657465,64.15806723683289,2.7826181902582405,2.7826181902582405,14.267259145319496,11.713543063530711,10.940043783757059,-3.3262107299462027,0.6392625515473143,0,1.5,-60.0,0.0,90.0
20260724_230314__rp1p5__vinf25__incm60__toff56210__Om180__om0,0.914373360710874,0.1105435793316128,22.60381442263096,247.56731352253504,319.3619252006208,11,0.0,3.501696768112552,1,3.552713678800501e-14,70.81186354627908,90.0,19.188136453720915,19.188136453720915,20.244946921797833,38.98371614966972,10.120105148654464,23.943962356192806,2.768705521843776,0,1.5,-60.0,180.0,0.0
20260724_230314__rp1p5__vinf25__incm60__toff56210__Om180__om180,1.070648878866432,0.0761578024821342,23.692963566701337,136.5825979687794,404.6396070048759,37,0.0,5.870141184044449,1,0.35508173613542837,58.82116446134409,34.51810784106126,-24.30305662028283,4.6165320050316865,10.968591974898159,-9.42357233028752,8.817283080307469,-24.463326123764432,2.1386658023428,0,1.5,-60.0,180.0,180.0
20260724_230314__rp1p5__vinf25__incm60__toff56210__Om180__om270,1.4378879097199324,0.2886066542732922,29.127300785749423,76.40448273659905,629.7748866249732,7,2.842170943040401e-14,0.10480192695648505,1,3.979039320256561e-13,,,,,-9.307472455399326,-66.02083181694245,13.599700301106687,-81.06058561041937,3.249279102390506,1,1.5,-60.0,180.0,270.0
20260724_230314__rp1p5__vinf25__incm60__toff56210__Om180__om90,1.020150177747054,0.0567193622873085,23.547602413795623,352.30950475185045,376.351762924922,9,0.0,3.73314504056888,1,0.04594410698935292,75.16488841802429,61.37544904657465,-13.789439371449639,6.653796309446193,13.838147319764511,9.746685163801994,11.06655664438219,-5.29306862967492,2.733402458278177,1,1.5,-60.0,180.0,90.0
20260724_230314__rp1p5__vinf25__incm60__toff56210__Om270__om0,1.016372129012447,0.0636144714681932,21.8907757765922,349.24240781016874,374.26301452222975,9,0.0,3.409117891415198,1,0.01681150767363704,75.16488841802429,61.37544904657465,-13.789439371449639,4.353024871745205,14.100299319840843,10.983850522562095,10.481539639806243,-4.055903270914818,1.7925554013161458,0,1.5,-60.0,270.0,0.0
20260724_230314__rp1p5__vinf25__incm60__toff56210__Om270__om180,1.0213128888408782,0.3251659628745861,17.867014075131745,12.233008960983286,376.9953637994778,7,4.853006885241484e-12,3.5303932559295923,1,0.0798752680714081,75.16488841802429,70.81186354627908,-4.353024871745205,4.353024871745205,15.125672263284835,17.020205442169217,13.869362404889317,1.9804516486923038,3.601523291488335,1,1.5,-60.0,270.0,180.0
20260724_230314__rp1p5__vinf25__incm60__toff56210__Om270__om270,0.9233971969233744,0.0852183841652211,22.758384846373776,224.7798953015578,324.10118442545684,11,0.0,5.485340534710261,1,4.050093593832571e-13,67.25314872563517,90.0,22.74685127436483,14.197772443843235,19.614351514229675,35.98574494669153,11.111345122676168,20.94599115321462,2.5733368994064576,0,1.5,-60.0,270.0,270.0
20260724_230314__rp1p5__vinf25__incm60__toff56210__Om270__om90,1.0457419402787804,0.0274839076935768,22.864714194310856,120.15793892787084,390.60210505299705,15,0.0,4.622695522662992,1,0.08646011720869451,61.37544904657465,50.05549481018513,-11.31995423638952,2.554284585230562,12.40477677644695,2.018902075496479,9.030090641330965,-13.020851717980435,1.4928859622660509,0,1.5,-60.0,270.0,90.0
20260724_230314__rp1p5__vinf25__incm60__toff56210__Om90__om0,1.4119759900879585,0.257304749985807,24.324195353161272,77.40892354879517,612.8282232191466,8,1.4210854715202004e-14,0.33829780403540344,1,1.0231815394945443e-12,,,,,-8.003521308107073,-65.16090411127055,11.49378022139922,-80.20065790474747,3.41190709699967,1,1.5,-60.0,90.0,0.0
20260724_230314__rp1p5__vinf25__incm60__toff56210__Om90__om180,1.0183950515833953,0.0545987014997893,24.60729641083905,353.0072252172792,375.3809343419508,9,0.0,3.954484083948385,1,0.034890057877580816,81.4509211694784,61.37544904657465,-20.075472122903754,10.63905762319932,13.916248164415267,10.086508903710394,11.659117960016413,-4.95324488976652,1.8775579899923125,0,1.5,-60.0,90.0,180.0
20260724_230314__rp1p5__vinf25__incm60__toff56210__Om90__om270,1.0345885349640156,0.0558805335423516,23.259796677423903,185.78827631747052,384.36982182457473,11,0.0,6.770111289741282,1,0.04672247742007851,58.82116446134409,54.2046324563124,-4.6165320050316865,2.3784742232647886,12.96203798379555,5.630783746878093,9.395832838454346,-9.40897004659882,1.4311454440981728,0,1.5,-60.0,90.0,270.0
20260724_230314__rp1p5__vinf25__incm60__toff56210__Om90__om90,0.9545289352267168,0.0551404071037357,25.016162689146896,269.988880973918,340.62885705486264,10,1.5276668818842154e-13,1.070960773190258,1,0.013124594805294265,70.81186354627908,90.0,19.188136453720915,10.63905762319932,17.688922798393683,26.945457330511484,12.29575598076612,11.90570353703457,1.7135371662013252,0,1.5,-60.0,90.0,90.0
20260724_230314__rp1p5__vinf25__incm90__toff56210__Om0__om0,0.9965942879404314,0.0403365076166659,24.589986445520797,153.49632902615747,363.39201561351706,6,5.881517495254229e-12,6.970265271232359,1,0.031857114593249136,61.37544904657465,70.81186354627908,9.436414499704433,3.558714820643914,15.214672232345814,15.89183072058274,12.885119358960292,0.852076927105827,1.879328003247604,0,1.5,-90.0,0.0,0.0
20260724_230314__rp1p5__vinf25__incm90__toff56210__Om0__om180,0.9914725428988512,0.0514260208710722,23.10224887832834,249.01643295020483,360.59427545368345,7,3.8262726320681395e-12,3.0564330362100147,1,0.05205637428134935,67.25314872563517,75.16488841802429,7.911739692389119,4.353024871745205,15.482741433430023,17.429344055485082,10.841914754385378,2.389590262008168,1.7573137750122525,0,1.5,-90.0,0.0,180.0
20260724_230314__rp1p5__vinf25__incm90__toff56210__Om0__om270,1.0052969130399338,0.0452024803756807,23.03346730377764,197.99152400052236,368.1622994407347,6,0.0,6.4788149071612775,1,0.005997574576134923,61.37544904657465,67.25314872563517,5.87769967906052,3.095081488802279,14.66201274503054,13.716840103461617,11.06552243978761,-1.3229136900152962,1.977629073509502,1,1.5,-90.0,0.0,270.0
20260724_230314__rp1p5__vinf25__incm90__toff56210__Om0__om90,1.0013601970822916,0.0215367752446309,23.339009057895176,229.18176642172955,366.0018473166857,3,0.0,4.639629492846728,1,0.05880507169267801,64.15806723683289,70.81186354627908,6.653796309446193,3.558714820643914,14.878666286150006,14.645594097589466,11.371919183555558,-0.39415969588744737,1.1686084472628953,0,1.5,-90.0,0.0,90.0
20260724_230314__rp1p5__vinf25__incm90__toff56210__Om180__om0,0.9411664780404618,0.0933608066295172,22.54145926353779,252.10621288176955,333.5012498388604,10,0.0,2.9270308234120037,1,1.8118839761882555e-13,70.81186354627908,90.0,19.188136453720915,10.63905762319932,18.56956090325021,31.114123180463498,10.266717995658736,16.074369386986582,2.407808789218574,0,1.5,-90.0,180.0,0.0
20260724_230314__rp1p5__vinf25__incm90__toff56210__Om180__om180,1.0508950044719518,0.0609434258125373,23.709163216020947,133.92181911561823,393.4927923369133,15,0.0,5.724669522812759,1,0.12013467250107052,58.82116446134409,48.11140308495899,-10.709761376385103,2.3784742232647886,12.09131526341108,0.3933963893561149,9.339830312104684,-14.6463574041208,1.9854996743479312,0,1.5,-90.0,180.0,180.0
20260724_230314__rp1p5__vinf25__incm90__toff56210__Om180__om270,1.038378358745114,0.0435389147590586,24.462548244442623,144.73318282482938,386.4837449553609,13,0.0,6.4137509842986145,1,0.13948819997170414,58.82116446134409,54.2046324563124,-4.6165320050316865,2.3784742232647886,12.782486228627285,4.253027904100805,10.14134090149396,-10.786725889376108,1.1704541503370494,0,1.5,-90.0,180.0,270.0
20260724_230314__rp1p5__vinf25__incm90__toff56210__Om180__om90,1.0176863657508688,0.0268940619703367,23.721659655646487,345.8140758156156,374.989169579675,9,0.0,3.5782023567486547,1,0.0240156341916542,75.16488841802429,61.37544904657465,-13.789439371449639,4.353024871745205,13.98926210939065,10.207907055817225,11.11422216342416,-4.8318467376596885,2.114999362503787,1,1.5,-90.0,180.0,90.0
20260724_230314__rp1p5__vinf25__incm90__toff56210__Om270__om0,1.009044621361432,0.0561608637114916,22.41766739211033,347.4757867326202,370.2229593689015,7,0.0,3.5023532241941275,1,0.03714907461502648,75.16488841802429,64.15806723683289,-11.006821181191398,4.353024871745205,14.517730756090863,12.87553957154918,11.031308750265984,-2.1642142219277343,1.902603026666928,0,1.5,-90.0,270.0,0.0
20260724_230314__rp1p5__vinf25__incm90__toff56210__Om270__om180,0.8602410580013395,0.2173537022891873,23.66985569360225,325.8372953741391,291.4258291353592,13,0.0,4.729858296113225,1,1.8900436771218665e-12,90.0,90.0,0.0,0.0,24.195992699185872,59.36208103280274,12.64647300297369,44.32232723932583,3.6565142969909576,1,1.5,-90.0,270.0,180.0
20260724_230314__rp1p5__vinf25__incm90__toff56210__Om270__om270,0.9705364656254512,0.0518842813913669,23.392807665884213,176.24466389942378,349.233242953406,9,7.602807272633072e-13,7.249695137602245,1,0.03609202978770654,61.37544904657465,90.0,28.62455095342535,9.436414499704433,16.76363630586981,22.860509587177816,12.466533843707143,7.8207557937009025,2.1141689649431874,0,1.5,-90.0,270.0,270.0
20260724_230314__rp1p5__vinf25__incm90__toff56210__Om270__om90,1.0184210190654397,0.0124061640243838,23.21505372499163,272.2930620612453,375.3952918741205,9,0.0,0.8904505421175593,1,0.02040132248316162,67.25314872563517,61.37544904657465,-5.87769967906052,3.095081488802279,13.93793973047374,10.02259931482873,10.595097427382012,-5.017154478648184,1.0397884149252676,0,1.5,-90.0,270.0,90.0
20260724_230314__rp1p5__vinf25__incm90__toff56210__Om90__om0,1.1691694696551325,0.137611384393668,22.06236311298055,95.15132820770717,461.757533496924,11,0.0,2.6113660131286878,1,6.963318810448982e-13,56.4426902380793,17.457603123722098,-38.9850871143572,20.21228384060753,5.538118844667883,-51.58044490256425,9.711717248944517,-66.62019869604117,2.8520454401122115,1,1.5,-90.0,90.0,0.0
20260724_230314__rp1p5__vinf25__incm90__toff56210__Om90__om180,1.0140635390454753,0.0468635764420801,24.02439427286232,346.2898262642568,372.9885860983815,8,0.0,3.7669792598730982,1,0.04287087415595714,81.4509211694784,64.15806723683289,-17.292853932645514,10.63905762319932,14.18993127293926,11.31711210568786,11.512819825581651,-3.7226416877890536,1.9000489189230063,0,1.5,-90.0,90.0,180.0
20260724_230314__rp1p5__vinf25__incm90__toff56210__Om90__om270,0.9963157321950724,0.045036210414232,22.388359347564087,236.96124877490516,363.2396699779223,6,4.447997525858227e-12,4.013481419769056,1,0.08332173023935852,64.15806723683289,70.81186354627908,6.653796309446193,3.558714820643914,15.19815718478938,16.163187514506614,10.541722164241921,1.1234337210297003,1.4964361084922466,0,1.5,-90.0,90.0,270.0
20260724_230314__rp1p5__vinf25__incm90__toff56210__Om90__om90,0.986410879877605,0.0164593750205653,24.748275082272173,324.54835916524866,357.8364453552676,8,2.511768570911954e-12,3.2025653349681953,1,0.026836517298630014,81.4509211694784,81.4509211694784,0.0,0.0,15.839509011145683,18.487886150993482,12.678433168343762,3.4481323575165685,0.923315593140411,0,1.5,-90.0,90.0,90.0
