run,a_au_before,ecc_before,obliquity_deg_before,lon_perihelion_deg_before,a_au_after,ecc_after,obliquity_deg_after,lon_perihelion_deg_after,bound_after,days_per_year_after
20260811_184731__rp0p25__vinf25__inc0__toff59132__Om0__om0,1.5236028232660095,0.09338804470298233,25.178055389062806,250.46100512448692,1.0159172344354486,0.5732185937907044,30.871524929886643,194.9268078581595,True,374.00928525061886
20260811_184731__rp0p25__vinf25__inc0__toff59132__Om0__om105,1.5236019447576337,0.0933904533438542,25.17805465178242,250.46116094529896,1.8438876505698467,0.20170645800949896,34.39134287185169,310.79945250912505,True,914.5270924907986
20260811_184731__rp0p25__vinf25__inc0__toff59132__Om0__om120,1.523600907688554,0.09339291477443899,25.17805433942591,250.46125555566584,2.205555041206619,0.2935663376272489,34.856957837787824,331.09596719706906,True,1196.3871586385458
20260811_184731__rp0p25__vinf25__inc0__toff59132__Om0__om135,1.5235995730723186,0.09338810902156099,25.17805904795905,250.46030051028424,2.9104688157737826,0.44377098047821095,35.544595597834565,344.09925152399353,True,1813.5908580470282
20260811_184731__rp0p25__vinf25__inc0__toff59132__Om0__om15,1.523601813204212,0.09339048496642387,25.178054686979248,250.46110928436298,0.9506161654453185,0.6217000420003331,39.2133381338862,196.79524631554932,True,338.53430599906363
20260811_184731__rp0p25__vinf25__inc0__toff59132__Om0__om150,1.5235996614157317,0.09338813311892871,25.17805886361946,250.46029950631296,4.577192029174782,0.6328852854028534,34.6675344548063,352.90918665433475,True,3576.7912283314968
20260811_184731__rp0p25__vinf25__inc0__toff59132__Om0__om165,1.5235975891953146,0.09339300123776796,25.17805816585901,250.46052457006516,7.992309434978123,0.7965610769070064,33.528297433763036,356.66831415243723,True,8252.838134798916
20260811_184731__rp0p25__vinf25__inc0__toff59132__Om0__om180,1.5235961179822861,0.09338823978484131,25.178063209519554,250.45951667784612,11.940183045231864,0.8793991333121056,36.291041351335835,359.81340303578423,True,15069.93466052982
20260811_184731__rp0p25__vinf25__inc0__toff59132__Om0__om195,1.5235952100748393,0.09339066622757454,25.178062759976182,250.45966176849112,12.366962681359379,0.8735259888408013,30.951073723823125,7.839553313318641,True,15885.082244943378
20260811_184731__rp0p25__vinf25__inc0__toff59132__Om0__om210,1.5235953318269744,0.09339064053721687,25.178062820692652,250.45970984026997,10.052379638557513,0.8501342137247363,28.066164892132477,16.85618648467186,True,11641.21244877689
20260811_184731__rp0p25__vinf25__inc0__toff59132__Om0__om225,1.523595301388938,0.09339064695980022,25.178062805513534,250.4596978223227,6.206084131444978,0.8169065306035993,34.80838824109877,28.436436665460878,True,5647.04671448702
20260811_184731__rp0p25__vinf25__inc0__toff59132__Om0__om240,1.5236085591218278,0.09339031628859512,25.178046886987627,250.46262159953733,5.685863023478275,0.7004109698788804,19.87789422754261,39.37150778230923,True,4952.100864921174
20260811_184731__rp0p25__vinf25__inc0__toff59132__Om0__om255,1.5235953074765451,0.0933906456752832,25.17806280854936,250.45970022591206,3.982386680854292,0.2529302393060724,20.138595628241404,15.210194770360367,True,2902.752665176342
20260811_184731__rp0p25__vinf25__inc0__toff59132__Om0__om270,1.5235951566238595,0.09339066977363258,25.178062531718055,250.45964010241158,2.906102385111226,0.29724646699854473,15.10330987664291,88.60388157893546,True,1809.5111297967514
20260811_184731__rp0p25__vinf25__inc0__toff59132__Om0__om285,1.5235952831261175,0.09339065081335224,25.178062796406063,250.45969061155503,2.1931960404932327,0.36176345942118127,17.68670747169889,97.35084146510331,True,1186.3451853613042
20260811_184731__rp0p25__vinf25__inc0__toff59132__Om0__om30,1.523595270950904,0.09339065338238767,25.17806279033444,250.45968580437705,0.9772313592049202,0.5527141709730748,48.94806836893652,199.8748018184228,True,352.85070117563015
20260811_184731__rp0p25__vinf25__inc0__toff59132__Om0__om300,1.5235942024089646,0.09339310985772659,25.17806215987382,250.4597671806701,1.9454832960958248,0.40800850041635833,21.28241607585344,131.75117986805748,True,991.1426204914762
20260811_184731__rp0p25__vinf25__inc0__toff59132__Om0__om315,1.5236028963180182,0.09338802928972706,25.178055425492996,250.46103396863498,1.592194578430932,0.32946381746874187,19.37969277527028,153.95140340464437,True,733.8192554840541
20260811_184731__rp0p25__vinf25__inc0__toff59132__Om0__om330,1.52359960940141,0.09338812977784472,25.1780591357617,250.4602974241567,1.3285047707330135,0.5417592665519648,26.172309748898883,178.90655527019086,True,559.293239540009
20260811_184731__rp0p25__vinf25__inc0__toff59132__Om0__om345,1.5235975452444634,0.09339301824367022,25.17805834554366,250.46050777898495,1.1364274946039288,0.48639333642743676,26.01058382319857,189.01953614857032,True,442.4941067370717
20260811_184731__rp0p25__vinf25__inc0__toff59132__Om0__om45,1.5235953000514655,0.0933906549744246,25.17806300644924,250.459697856106,1.1566444932155304,0.3283550677157064,48.50679031556064,215.61198945710504,True,454.3543957667903
20260811_184731__rp0p25__vinf25__inc0__toff59132__Om0__om60,1.5235952900581768,0.0933906648154718,25.17806320306843,250.45969447228643,1.3200108017870729,0.22299410877098094,40.41643714932978,240.39720169334362,True,553.9379506748313
20260811_184731__rp0p25__vinf25__inc0__toff59132__Om0__om75,1.5235952831261175,0.09339065081335224,25.178062796406063,250.45969061155503,1.415311365876093,0.19524769934108804,36.23992844785829,251.899130216122,True,614.9968394227976
20260811_184731__rp0p25__vinf25__inc0__toff59132__Om0__om90,1.5236085015927299,0.09339028577284712,25.178046656646224,250.4625904563258,1.5868049296021756,0.1699920072010582,34.76780493474285,278.0481890024253,True,730.0963946595201
20260811_184731__rp0p25__vinf25__inc0__toff59132__Om180__om0,1.5235961179822861,0.09338823978484131,25.178063209519554,250.45951667784612,11.940183045231864,0.8793991333121056,36.291041351335835,359.81340303578423,True,15069.93466052982
20260811_184731__rp0p25__vinf25__inc0__toff59132__Om180__om105,1.5235952831261175,0.09339065081335224,25.178062796406063,250.45969061155503,2.193206250926136,0.36176518843679145,17.686696895115258,97.35108162447081,True,1186.3534699230506
20260811_184731__rp0p25__vinf25__inc0__toff59132__Om180__om120,1.5235942024089646,0.09339310985772659,25.17806215987382,250.4597671806701,1.9454832960958248,0.40800850041635833,21.28241607585344,131.75117986805748,True,991.1426204914762
20260811_184731__rp0p25__vinf25__inc0__toff59132__Om180__om135,1.5236028963180182,0.09338802928972706,25.178055425492996,250.46103396863498,1.592194578430932,0.32946381746874187,19.37969277527028,153.95140340464437,True,733.8192554840541
20260811_184731__rp0p25__vinf25__inc0__toff59132__Om180__om15,1.5235952100748393,0.09339066622757454,25.178062759976182,250.45966176849112,12.36696267786751,0.8735260177112413,30.951071678034012,7.839551280602155,True,15885.08223821554
20260811_184731__rp0p25__vinf25__inc0__toff59132__Om180__om150,1.52359960940141,0.09338812977784472,25.1780591357617,250.4602974241567,1.3285047688600007,0.5417592663398654,26.172309049958045,178.90655592132794,True,559.2932383572168
20260811_184731__rp0p25__vinf25__inc0__toff59132__Om180__om165,1.5235975452444634,0.09339301824367022,25.17805834554366,250.46050777898495,1.136431358402829,0.4863926078921278,26.01045514498276,189.01914515579736,True,442.4963634270555
20260811_184731__rp0p25__vinf25__inc0__toff59132__Om180__om180,1.5236028232660095,0.09338804470298233,25.178055389062806,250.46100512448692,1.0159172486055117,0.5732185848167527,30.87152691579427,194.92680397010542,True,374.00929307566844
20260811_184731__rp0p25__vinf25__inc0__toff59132__Om180__om195,1.523601813204212,0.09339048496642387,25.178054686979248,250.46110928436298,0.9506161654453185,0.6217000420003331,39.2133381338862,196.79524631554932,True,338.53430599906363
20260811_184731__rp0p25__vinf25__inc0__toff59132__Om180__om210,1.523595270950904,0.09339065338238767,25.17806279033444,250.45968580437705,0.9772313592049202,0.5527141709730748,48.94806836893652,199.8748018184228,True,352.85070117563015
20260811_184731__rp0p25__vinf25__inc0__toff59132__Om180__om225,1.5235953000514655,0.0933906549744246,25.17806300644924,250.459697856106,1.156542493134818,0.3282959674496768,48.50634057713142,215.6214125048131,True,454.2942954115373
20260811_184731__rp0p25__vinf25__inc0__toff59132__Om180__om240,1.5235952900581768,0.0933906648154718,25.17806320306843,250.45969447228643,1.3200108017870729,0.22299410877098094,40.41643714932978,240.39720169334362,True,553.9379506748313
20260811_184731__rp0p25__vinf25__inc0__toff59132__Om180__om255,1.5235952831261175,0.09339065081335224,25.178062796406063,250.45969061155503,1.415311365876093,0.19524769934108804,36.23992844785829,251.899130216122,True,614.9968394227976
20260811_184731__rp0p25__vinf25__inc0__toff59132__Om180__om270,1.5236085015927299,0.09339028577284712,25.178046656646224,250.4625904563258,1.5868049284853647,0.16999200347965412,34.7678048296612,278.04818919738784,True,730.0963938887451
20260811_184731__rp0p25__vinf25__inc0__toff59132__Om180__om285,1.5236019447576337,0.0933904533438542,25.17805465178242,250.46116094529896,1.8438876505698467,0.20170645800949896,34.39134287185169,310.79945250912505,True,914.5270924907986
20260811_184731__rp0p25__vinf25__inc0__toff59132__Om180__om30,1.5235953318269744,0.09339064053721687,25.178062820692652,250.45970984026997,10.05237872002916,0.8501343182246602,28.066171288209908,16.85618415568527,True,11641.210853216862
20260811_184731__rp0p25__vinf25__inc0__toff59132__Om180__om300,1.523600907688554,0.09339291477443899,25.17805433942591,250.46125555566584,2.2055550407137074,0.2935663377980987,34.856957697461254,331.0959668261931,True,1196.3871582374813
20260811_184731__rp0p25__vinf25__inc0__toff59132__Om180__om315,1.5235995730723186,0.09338810902156099,25.17805904795905,250.46030051028424,2.910462830715073,0.4437700701522898,35.54460152782992,344.09923708660216,True,1813.5852638749893
20260811_184731__rp0p25__vinf25__inc0__toff59132__Om180__om330,1.5235996614157317,0.09338813311892871,25.17805886361946,250.46029950631296,4.577216305812415,0.6328801025979103,34.667426727553234,352.90867289737184,True,3576.819684395539
20260811_184731__rp0p25__vinf25__inc0__toff59132__Om180__om345,1.5235975891953146,0.09339300123776796,25.17805816585901,250.46052457006516,7.9923026594813065,0.7965616388340733,33.528313703758485,356.66835301984787,True,8252.827640260302
20260811_184731__rp0p25__vinf25__inc0__toff59132__Om180__om45,1.523595301388938,0.09339064695980022,25.178062805513534,250.4596978223227,6.206084131444978,0.8169065306035993,34.80838824109877,28.436436665460878,True,5647.04671448702
20260811_184731__rp0p25__vinf25__inc0__toff59132__Om180__om60,1.5236085591218278,0.09339031628859512,25.178046886987627,250.46262159953733,5.686489265104052,0.7003317687403003,19.874918664203783,39.35084075036431,True,4952.919024910497
20260811_184731__rp0p25__vinf25__inc0__toff59132__Om180__om75,1.5235953074765451,0.0933906456752832,25.17806280854936,250.45970022591206,3.9823867307768106,0.25293025099650623,20.138595462831006,15.210198270016749,True,2902.752719758958
20260811_184731__rp0p25__vinf25__inc0__toff59132__Om180__om90,1.5235951566238595,0.09339066977363258,25.178062531718055,250.45964010241158,2.906102385111226,0.29724646699854473,15.10330987664291,88.60388157893546,True,1809.5111297967514
20260811_184731__rp0p25__vinf25__inc0__toff59132__Om270__om0,1.5235951566238595,0.09339066977363258,25.178062531718055,250.45964010241158,2.906102385111226,0.29724646699854473,15.10330987664291,88.60388157893546,True,1809.5111297967514
20260811_184731__rp0p25__vinf25__inc0__toff59132__Om270__om105,1.523601813204212,0.09339048496642387,25.178054686979248,250.46110928436298,0.9506161654453185,0.6217000420003331,39.2133381338862,196.79524631554932,True,338.53430599906363
20260811_184731__rp0p25__vinf25__inc0__toff59132__Om270__om120,1.523595270950904,0.09339065338238767,25.17806279033444,250.45968580437705,0.9772313592049202,0.5527141709730748,48.94806836893652,199.8748018184228,True,352.85070117563015
20260811_184731__rp0p25__vinf25__inc0__toff59132__Om270__om135,1.5235953000514655,0.0933906549744246,25.17806300644924,250.459697856106,1.156411080627884,0.3282019466820716,48.505507099381056,215.625539939644,True,454.2168686113397
20260811_184731__rp0p25__vinf25__inc0__toff59132__Om270__om15,1.5235952831261175,0.09339065081335224,25.178062796406063,250.45969061155503,2.1932046236132745,0.3617641947568325,17.68669827328109,97.35117148234228,True,1186.3521495493505
20260811_184731__rp0p25__vinf25__inc0__toff59132__Om270__om150,1.5235952900581768,0.0933906648154718,25.17806320306843,250.45969447228643,1.3200108017870729,0.22299410877098094,40.41643714932978,240.39720169334362,True,553.9379506748313
20260811_184731__rp0p25__vinf25__inc0__toff59132__Om270__om165,1.5235952831261175,0.09339065081335224,25.178062796406063,250.45969061155503,1.415311365876093,0.19524769934108804,36.23992844785829,251.899130216122,True,614.9968394227976
20260811_184731__rp0p25__vinf25__inc0__toff59132__Om270__om180,1.5236085015927299,0.09339028577284712,25.178046656646224,250.4625904563258,1.5868049284853647,0.16999200347965412,34.7678048296612,278.04818919738784,True,730.0963938887451
20260811_184731__rp0p25__vinf25__inc0__toff59132__Om270__om195,1.5236019447576337,0.0933904533438542,25.17805465178242,250.46116094529896,1.8438876505698467,0.20170645800949896,34.39134287185169,310.79945250912505,True,914.5270924907986
20260811_184731__rp0p25__vinf25__inc0__toff59132__Om270__om210,1.523600907688554,0.09339291477443899,25.17805433942591,250.46125555566584,2.2055550702566276,0.2935663514081856,34.85695752328997,331.09596281687084,True,1196.387182275492
20260811_184731__rp0p25__vinf25__inc0__toff59132__Om270__om225,1.5235995730723186,0.09338810902156099,25.17805904795905,250.46030051028424,2.910469441478284,0.4437711153326081,35.5445968606587,344.0992330819873,True,1813.5914428868414
20260811_184731__rp0p25__vinf25__inc0__toff59132__Om270__om240,1.5235996614157317,0.09338813311892871,25.17805886361946,250.46029950631296,4.577159150044874,0.6328988905094677,34.667747517451005,352.9098591828387,True,3576.752688904428
20260811_184731__rp0p25__vinf25__inc0__toff59132__Om270__om255,1.5235975891953146,0.09339300123776796,25.17805816585901,250.46052457006516,7.9923026594813065,0.7965616388340733,33.528313703758485,356.66835301984787,True,8252.827640260302
20260811_184731__rp0p25__vinf25__inc0__toff59132__Om270__om270,1.5235961179822861,0.09338823978484131,25.178063209519554,250.45951667784612,11.940183045231864,0.8793991333121056,36.291041351335835,359.81340303578423,True,15069.93466052982
20260811_184731__rp0p25__vinf25__inc0__toff59132__Om270__om285,1.5235952100748393,0.09339066622757454,25.178062759976182,250.45966176849112,12.366952581361305,0.8735261380147743,30.95105927106191,7.839546325549314,True,15885.062785120688
20260811_184731__rp0p25__vinf25__inc0__toff59132__Om270__om30,1.5235942024089646,0.09339310985772659,25.17806215987382,250.4597671806701,1.9454832960958248,0.40800850041635833,21.28241607585344,131.75117986805748,True,991.1426204914762
20260811_184731__rp0p25__vinf25__inc0__toff59132__Om270__om300,1.5235953318269744,0.09339064053721687,25.178062820692652,250.45970984026997,10.05242332775528,0.8501288200092493,28.06618274802285,16.855750261240868,True,11641.288340625957
20260811_184731__rp0p25__vinf25__inc0__toff59132__Om270__om315,1.523595301388938,0.09339064695980022,25.178062805513534,250.4596978223227,6.2060871441163,0.8169069905266706,34.808386463747865,28.436402935034756,True,5647.050826427189
20260811_184731__rp0p25__vinf25__inc0__toff59132__Om270__om330,1.5236085591218278,0.09339031628859512,25.178046886987627,250.46262159953733,5.689810808759981,0.6999310030716396,19.86118436047817,39.24835134802954,True,4957.259243835994
20260811_184731__rp0p25__vinf25__inc0__toff59132__Om270__om345,1.5235953074765451,0.0933906456752832,25.17806280854936,250.45970022591206,3.9823867307768106,0.25293025099650623,20.138595462831006,15.210198270016749,True,2902.752719758958
20260811_184731__rp0p25__vinf25__inc0__toff59132__Om270__om45,1.5236028963180182,0.09338802928972706,25.178055425492996,250.46103396863498,1.5921911769341355,0.3294638458324376,19.379749752413115,153.95100387647383,True,733.8169039349273
20260811_184731__rp0p25__vinf25__inc0__toff59132__Om270__om60,1.52359960940141,0.09338812977784472,25.1780591357617,250.4602974241567,1.3285051611004057,0.5417592711032582,26.172308965244586,178.90653901481187,True,559.2934860538314
20260811_184731__rp0p25__vinf25__inc0__toff59132__Om270__om75,1.5235975452444634,0.09339301824367022,25.17805834554366,250.46050777898495,1.1364312424725285,0.4863936646010717,26.010355559342706,189.01903343614273,True,442.4962957167604
20260811_184731__rp0p25__vinf25__inc0__toff59132__Om270__om90,1.5236028232660095,0.09338804470298233,25.178055389062806,250.46100512448692,1.0159172486055117,0.5732185848167527,30.87152691579427,194.92680397010542,True,374.00929307566844
20260811_184731__rp0p25__vinf25__inc0__toff59132__Om90__om0,1.5236085015927299,0.09339028577284712,25.178046656646224,250.4625904563258,1.5868049296021756,0.1699920072010582,34.76780493474285,278.0481890024253,True,730.0963946595201
20260811_184731__rp0p25__vinf25__inc0__toff59132__Om90__om105,1.5235952100748393,0.09339066622757454,25.178062759976182,250.45966176849112,12.366962681359379,0.8735259888408013,30.951073723823125,7.839553313318641,True,15885.082244943378
20260811_184731__rp0p25__vinf25__inc0__toff59132__Om90__om120,1.5235953318269744,0.09339064053721687,25.178062820692652,250.45970984026997,10.052415983339923,0.8501289272845912,28.066184228164772,16.85580996757079,True,11641.275582740851
20260811_184731__rp0p25__vinf25__inc0__toff59132__Om90__om135,1.523595301388938,0.09339064695980022,25.178062805513534,250.4596978223227,6.2060719657038375,0.8169065963829173,34.80838298482265,28.436405505444334,True,5647.0301096988605
20260811_184731__rp0p25__vinf25__inc0__toff59132__Om90__om15,1.5236019447576337,0.0933904533438542,25.17805465178242,250.46116094529896,1.8438876505698467,0.20170645800949896,34.39134287185169,310.79945250912505,True,914.5270924907986
20260811_184731__rp0p25__vinf25__inc0__toff59132__Om90__om150,1.5236085591218278,0.09339031628859512,25.178046886987627,250.46262159953733,5.693404361958438,0.6995530803314705,19.84902609298998,39.14818132698576,True,4961.956321085887
20260811_184731__rp0p25__vinf25__inc0__toff59132__Om90__om165,1.5235953074765451,0.0933906456752832,25.17806280854936,250.45970022591206,3.9823866336936486,0.25293024195778646,20.138595665346873,15.210192047730786,True,2902.752613613412
20260811_184731__rp0p25__vinf25__inc0__toff59132__Om90__om180,1.5235951566238595,0.09339066977363258,25.178062531718055,250.45964010241158,2.906102385111226,0.29724646699854473,15.10330987664291,88.60388157893546,True,1809.5111297967514
20260811_184731__rp0p25__vinf25__inc0__toff59132__Om90__om195,1.5235952831261175,0.09339065081335224,25.178062796406063,250.45969061155503,2.193206250926136,0.36176518843679145,17.686696895115258,97.35108162447081,True,1186.3534699230506
20260811_184731__rp0p25__vinf25__inc0__toff59132__Om90__om210,1.5235942024089646,0.09339310985772659,25.17806215987382,250.4597671806701,1.9454832960958248,0.40800850041635833,21.28241607585344,131.75117986805748,True,991.1426204914762
20260811_184731__rp0p25__vinf25__inc0__toff59132__Om90__om225,1.5236028963180182,0.09338802928972706,25.178055425492996,250.46103396863498,1.5921911769341355,0.3294638458324376,19.379749752413115,153.95100387647383,True,733.8169039349273
20260811_184731__rp0p25__vinf25__inc0__toff59132__Om90__om240,1.52359960940141,0.09338812977784472,25.1780591357617,250.4602974241567,1.3285049191472214,0.5417593767899763,26.17230968053285,178.90652406140416,True,559.2933332623656
20260811_184731__rp0p25__vinf25__inc0__toff59132__Om90__om255,1.5235975452444634,0.09339301824367022,25.17805834554366,250.46050777898495,1.1364274946039288,0.48639333642743676,26.01058382319857,189.01953614857032,True,442.4941067370717
20260811_184731__rp0p25__vinf25__inc0__toff59132__Om90__om270,1.5236028232660095,0.09338804470298233,25.178055389062806,250.46100512448692,1.0159172486055117,0.5732185848167527,30.87152691579427,194.92680397010542,True,374.00929307566844
20260811_184731__rp0p25__vinf25__inc0__toff59132__Om90__om285,1.523601813204212,0.09339048496642387,25.178054686979248,250.46110928436298,0.9506161651158989,0.62170004286951,39.21333830844,196.79524646196057,True,338.53430582309375
20260811_184731__rp0p25__vinf25__inc0__toff59132__Om90__om30,1.523600907688554,0.09339291477443899,25.17805433942591,250.46125555566584,2.2055550403851,0.2935663379119986,34.856957603910175,331.09596657894247,True,1196.3871579701056
20260811_184731__rp0p25__vinf25__inc0__toff59132__Om90__om300,1.523595270950904,0.09339065338238767,25.17806279033444,250.45968580437705,0.9772313592049202,0.5527141709730748,48.94806836893652,199.8748018184228,True,352.85070117563015
20260811_184731__rp0p25__vinf25__inc0__toff59132__Om90__om315,1.5235953000514655,0.0933906549744246,25.17806300644924,250.459697856106,1.156411080627884,0.3282019466820716,48.505507099381056,215.625539939644,True,454.2168686113397
20260811_184731__rp0p25__vinf25__inc0__toff59132__Om90__om330,1.5235952900581768,0.0933906648154718,25.17806320306843,250.45969447228643,1.3200108017870729,0.22299410877098094,40.41643714932978,240.39720169334362,True,553.9379506748313
20260811_184731__rp0p25__vinf25__inc0__toff59132__Om90__om345,1.5235952831261175,0.09339065081335224,25.178062796406063,250.45969061155503,1.415311365876093,0.19524769934108804,36.23992844785829,251.899130216122,True,614.9968394227976
20260811_184731__rp0p25__vinf25__inc0__toff59132__Om90__om45,1.5235995730723186,0.09338810902156099,25.17805904795905,250.46030051028424,2.9104685818566423,0.4437713915943995,35.544601102371374,344.0990883705952,True,1813.5906394070057
20260811_184731__rp0p25__vinf25__inc0__toff59132__Om90__om60,1.5235996614157317,0.09338813311892871,25.17805886361946,250.46029950631296,4.577224686946655,0.6328789696086731,34.667411454484586,352.9085450814135,True,3576.829508429727
20260811_184731__rp0p25__vinf25__inc0__toff59132__Om90__om75,1.5235975891953146,0.09339300123776796,25.17805816585901,250.46052457006516,7.9923026594813065,0.7965616388340733,33.528313703758485,356.66835301984787,True,8252.827640260302
20260811_184731__rp0p25__vinf25__inc0__toff59132__Om90__om90,1.5235961179822861,0.09338823978484131,25.178063209519554,250.45951667784612,11.940183045231864,0.8793991333121056,36.291041351335835,359.81340303578423,True,15069.93466052982
20260811_184731__rp0p25__vinf25__inc30__toff59132__Om0__om0,1.5235958150331794,0.09338822222231133,25.178060525555015,250.45950149417718,0.9831686697933657,0.6395070877463962,22.487689582054056,199.67408983866395,True,356.07127386477583
20260811_184731__rp0p25__vinf25__inc30__toff59132__Om0__om105,1.5236015720849265,0.09339045644972085,25.178052357772998,250.46111869225538,1.678571692339813,0.22494671211235837,22.55024963248503,286.6249138739322,True,794.336894382816
20260811_184731__rp0p25__vinf25__inc30__toff59132__Om0__om120,1.5235939058742491,0.09339310165406443,25.17805989305535,250.45975532316064,1.5645677084816856,0.2785193425062515,20.003828479035885,278.625825344496,True,714.803114409066
20260811_184731__rp0p25__vinf25__inc30__toff59132__Om0__om135,1.5236008595293884,0.09338806900024116,25.17805497739963,250.46062373776007,1.5130791726336117,0.33245233006703545,21.20554457582677,2.577847616359795,True,679.8097237502607
20260811_184731__rp0p25__vinf25__inc30__toff59132__Om0__om15,1.5236014452817417,0.09339049480260746,25.178052596940635,250.46106946864515,0.8799567797300171,0.781866195610315,17.326700063230337,207.9662841443189,True,301.4997142750097
20260811_184731__rp0p25__vinf25__inc30__toff59132__Om0__om150,1.5235995431579266,0.09338814374552722,25.178058917099456,250.46027725790987,-1.8651631978162009,1.710659537914092,18.204452279474307,63.5199975559491,False,
20260811_184731__rp0p25__vinf25__inc30__toff59132__Om0__om165,1.523597221273284,0.09339301107534513,25.178056075802576,250.46048475634223,-2.3887923523698404,1.4772993422648864,20.961739729954527,17.58757517027612,False,
20260811_184731__rp0p25__vinf25__inc30__toff59132__Om0__om180,1.5235972518338168,0.09338823344611802,25.17806970373982,250.45964629653912,-3.7703190526104415,1.2936177643520095,23.23166192795872,11.06223558243018,False,
20260811_184731__rp0p25__vinf25__inc30__toff59132__Om0__om195,1.5235948381137838,0.09339067007297042,25.17806035474129,250.45961984801357,-6.288135666929516,1.1865206710760383,24.071628325877967,13.263714925474558,False,
20260811_184731__rp0p25__vinf25__inc30__toff59132__Om0__om210,1.5235934512151443,0.09339065162218306,25.178051960897367,250.45949505769386,-14.310052084280937,1.0959734528057925,24.53220588452237,20.256018619587437,False,
20260811_184731__rp0p25__vinf25__inc30__toff59132__Om0__om225,1.5235964366620274,0.09339064209446049,25.178069077356138,250.4598280998894,45.4510241301635,0.9673439563218276,25.10380362473232,28.322675070589327,True,111920.69607380252
20260811_184731__rp0p25__vinf25__inc30__toff59132__Om0__om240,1.5235964346513444,0.09339067743863015,25.178069076403556,250.45983517397826,9.092152986814362,0.8362533191511398,25.34430571507552,37.25253978754514,True,10013.709639828978
20260811_184731__rp0p25__vinf25__inc30__toff59132__Om0__om255,1.523593423536333,0.09339065150339616,25.178051522408012,250.459483670935,4.812702272726281,0.6727098889155109,25.829463002813796,45.23019555952468,True,3856.3672509254093
20260811_184731__rp0p25__vinf25__inc30__toff59132__Om0__om270,1.5236029255504906,0.09339048672043061,25.17806072418873,250.46123061242326,3.292282412222641,0.42591425942529515,29.262238257475826,48.638801975511015,True,2181.928501250644
20260811_184731__rp0p25__vinf25__inc30__toff59132__Om0__om285,1.5236030489680985,0.09339046366065128,25.17806099807845,250.46127957100867,2.4918916390352543,0.4030318269752805,26.0015836089631,96.55318279657597,True,1436.7745338066557
20260811_184731__rp0p25__vinf25__inc30__toff59132__Om0__om30,1.523600016862523,0.09339047616312683,25.178043545516307,250.46092759856333,0.8283194047399114,0.9114042122207043,24.841726187047644,349.38620909285225,True,275.35416224201856
20260811_184731__rp0p25__vinf25__inc30__toff59132__Om0__om300,1.523601964450596,0.09339291786368542,25.178060481936924,250.46135421473406,1.6548424187452875,0.3206767809946198,35.69957074337178,123.7537530487824,True,777.5527458170409
20260811_184731__rp0p25__vinf25__inc30__toff59132__Om0__om315,1.5235999629196864,0.09338811971289798,25.178061120402663,250.4603488456516,1.3063015298538483,0.3767118396118547,32.045271873749556,157.4368967317887,True,545.3308231425102
20260811_184731__rp0p25__vinf25__inc30__toff59132__Om0__om330,1.5235995862811496,0.09338812523909987,25.178058530268466,250.46029358600867,1.3404489774489485,0.5498173118329236,23.24841115488049,174.63058718549962,True,566.8528362271974
20260811_184731__rp0p25__vinf25__inc30__toff59132__Om0__om345,1.5235971677008915,0.09339301404327921,25.178055629770466,250.4604629801645,1.1238197331363362,0.5129717165979164,24.230941169074622,189.62410855237815,True,435.15088661807454
20260811_184731__rp0p25__vinf25__inc30__toff59132__Om0__om45,1.5235964291527255,0.09339064190581363,25.178069296695007,250.45982503133766,-1.5600592292747792,1.9658987047850238,22.56939239246324,202.6832854391263,False,
20260811_184731__rp0p25__vinf25__inc30__toff59132__Om0__om60,1.523596417737736,0.093390650273691,25.17806971568927,250.45982098253427,1.8627603773612236,0.283161662303176,20.50886973243383,326.2058700350001,True,928.603635504386
20260811_184731__rp0p25__vinf25__inc30__toff59132__Om0__om75,1.5235933991859656,0.09339065664156715,25.178051510264563,250.45947405660593,1.4826815769764126,0.22021457014611767,22.531017162595347,270.8120601494224,True,659.4270061514371
20260811_184731__rp0p25__vinf25__inc30__toff59132__Om0__om90,1.52359637854503,0.0933906483980097,25.178068623687302,250.4598046951503,1.5633230796991773,0.21157388220639956,22.85783756157425,275.00817519734477,True,713.9503348512919
20260811_184731__rp0p25__vinf25__inc30__toff59132__Om180__om0,1.5235957467319883,0.09338824436680324,25.17806069309647,250.45947508786094,3.871993334412981,0.5840489037682839,27.925175384689652,19.537800339793357,True,2782.8948292010155
20260811_184731__rp0p25__vinf25__inc30__toff59132__Om180__om105,1.5236015403091574,0.09339047088653595,25.178052543528867,250.46110670784702,2.0764625122070255,0.30847414160331216,17.71571890253248,107.2241562498869,True,1092.9015318641339
20260811_184731__rp0p25__vinf25__inc30__toff59132__Om180__om120,1.523600457924896,0.09339292729990972,25.178051693828113,250.46118235728449,1.7219784477458044,0.2648773592679466,16.97750009993454,144.8770074858765,True,825.3467768775331
20260811_184731__rp0p25__vinf25__inc30__toff59132__Om180__om135,1.5235992068142805,0.09338812148748617,25.178057171074162,250.46026157888622,1.444428965070667,0.3479825777059702,14.991316153990264,187.1657191632403,True,634.0728757725014
20260811_184731__rp0p25__vinf25__inc30__toff59132__Om180__om15,1.5235948374029427,0.09339066933640193,25.178060465928695,250.45961951553167,3.862986344202662,0.5808683964513055,27.559757118140134,12.982609900964727,True,2773.1901673316866
20260811_184731__rp0p25__vinf25__inc30__toff59132__Om180__om150,1.5235995854203594,0.09338812434715311,25.178058664909443,250.46029318338714,1.302533315644876,0.44411284694677994,24.325405289084802,190.31993516009308,True,542.9728981161749
20260811_184731__rp0p25__vinf25__inc30__toff59132__Om180__om165,1.523597166634626,0.09339301293841541,25.1780557965517,250.4604624814642,1.1507694858626523,0.4383239129455076,24.481287705616392,189.73152196256808,True,450.89705481449016
20260811_184731__rp0p25__vinf25__inc30__toff59132__Om180__om180,1.5235973201351427,0.09338821130184839,25.178069536197505,250.45967270294437,1.0674041982734066,0.4779303190849348,29.279998554852117,192.83724522031181,True,402.7988781084021
20260811_184731__rp0p25__vinf25__inc30__toff59132__Om180__om195,1.5236014459925895,0.09339049553918868,25.178052485753135,250.4610698011183,1.0335798166107015,0.4776143597805835,34.68566713067338,192.89150410537852,True,383.8052599296982
20260811_184731__rp0p25__vinf25__inc30__toff59132__Om180__om210,1.5236000154408302,0.09339047468997484,25.178043767891417,250.46092693361192,1.0468931815980054,0.4285044128971311,39.427063040772346,192.99455202349918,True,391.24468360927517
20260811_184731__rp0p25__vinf25__inc30__toff59132__Om180__om225,1.5235964305744114,0.09339064337896234,25.178069074320298,250.4598256962959,1.1090444715706285,0.334951318787114,42.00973359488056,195.34673668639286,True,426.5975277293971
20260811_184731__rp0p25__vinf25__inc30__toff59132__Om180__om240,1.5235964205811074,0.0933906532199883,25.17806927093989,250.45982231245057,1.223313311541846,0.2188607525778627,42.435539392228726,201.2579572262398,True,494.198524784999
20260811_184731__rp0p25__vinf25__inc30__toff59132__Om180__om255,1.5235933991859656,0.09339065664156715,25.178051510264563,250.45947405660593,1.3860795447762684,0.10199294766140812,41.599706773106504,221.49450721775972,True,596.0423577431463
20260811_184731__rp0p25__vinf25__inc30__toff59132__Om180__om270,1.52359637854503,0.0933906483980097,25.178068623687302,250.4598046951503,1.6103227833501883,0.07343906110135556,40.194028341517075,316.8944596421236,True,746.3873987292114
20260811_184731__rp0p25__vinf25__inc30__toff59132__Om180__om285,1.5236030807439305,0.09339044922393765,25.17806081232197,250.46129155547146,1.909962895102431,0.1837505995860961,38.46237132170371,351.85213868601505,True,964.1226543407142
20260811_184731__rp0p25__vinf25__inc30__toff59132__Om180__om30,1.5235934526368244,0.09339065309531012,25.178051738522424,250.4594957226625,3.7264344052586784,0.5672204318871017,24.504427707536617,24.73972735230711,True,2627.4539538487315
20260811_184731__rp0p25__vinf25__inc30__toff59132__Om180__om300,1.5235954123970183,0.09339309220644892,25.1780686813172,250.45992718047972,2.293583663956503,0.3038571100693774,36.527016840466786,0.47922092665399557,True,1268.7228812150984
20260811_184731__rp0p25__vinf25__inc30__toff59132__Om180__om315,1.523601615635181,0.09338806722711214,25.178058926708744,250.46071100454958,2.7473030582722777,0.40722034575870414,34.41868233202333,5.1392738056290765,True,1663.2393326781207
20260811_184731__rp0p25__vinf25__inc30__toff59132__Om180__om330,1.5235995440187164,0.09338814463747375,25.17805878245846,250.46027766053146,3.212515155229251,0.4881849737308309,32.21725372686504,9.070791620257324,True,2103.1133010446565
20260811_184731__rp0p25__vinf25__inc30__toff59132__Om180__om345,1.5235972223395498,0.0933930121802092,25.178055909021328,250.46048525504239,3.615437055331884,0.5400258885510617,29.803113881050066,11.883084951893697,True,2510.9386382729454
20260811_184731__rp0p25__vinf25__inc30__toff59132__Om180__om45,1.5235964352403415,0.09339064062131172,25.1780692997308,250.45982743493119,3.547796089281199,0.5513092887149038,22.464124389786235,32.03837077902996,True,2440.8037862742444
20260811_184731__rp0p25__vinf25__inc30__toff59132__Om180__om60,1.523596431807973,0.09339067449233235,25.178069521152942,250.4598338440627,3.397847211096044,0.5163083587718968,21.297526675465665,36.63784485077238,True,2287.7083736149225
20260811_184731__rp0p25__vinf25__inc30__toff59132__Om180__om75,1.523593423536333,0.09339065150339616,25.178051522408012,250.459483670935,3.0293264701627813,0.4860728750981546,18.48280549524581,62.510856226999906,True,1925.812547160186
20260811_184731__rp0p25__vinf25__inc30__toff59132__Om180__om90,1.5236029255504906,0.09339048672043061,25.17806072418873,250.46123061242326,2.4657691581658807,0.48706197950100366,16.569831081800814,93.34552639544023,True,1414.241302465357
20260811_184731__rp0p25__vinf25__inc30__toff59132__Om270__om0,1.5235947610232614,0.09339067949374656,25.178060003152453,250.45958890007796,2.2695431888422126,0.4080309737753869,22.716804714604443,86.34269082545583,True,1248.827834246513
20260811_184731__rp0p25__vinf25__inc30__toff59132__Om270__om105,1.523601489232818,0.09339047779690882,25.1780524172565,250.4610862602754,0.9159686855398078,0.7036363986113393,28.94296845226951,206.20800349650787,True,320.19594835517194
20260811_184731__rp0p25__vinf25__inc30__toff59132__Om270__om120,1.523594886814611,0.09339065979677974,25.178060379027926,250.4596390767103,0.9749013158396994,0.6038269330173229,38.91919333119642,207.9719012877906,True,351.5894842305524
20260811_184731__rp0p25__vinf25__inc30__toff59132__Om270__om135,1.523594865792646,0.0933906701918369,25.17806079323084,250.4596312347765,1.0958072475928882,0.4468440913780764,37.56945279266615,216.3199448119318,True,418.982752080433
20260811_184731__rp0p25__vinf25__inc30__toff59132__Om270__om15,1.5235948374029427,0.09339066933640193,25.178060465928695,250.45961951553167,2.0295972008708696,0.3271703203566101,20.60813780563784,103.05032562214873,True,1056.1112654240894
20260811_184731__rp0p25__vinf25__inc30__toff59132__Om270__om150,1.5235952317991628,0.09339070908879442,25.178062912048674,250.45968511433463,1.2067405376752292,0.3447415237276048,35.249249892846336,222.58169658821555,True,484.18992173308925
20260811_184731__rp0p25__vinf25__inc30__toff59132__Om270__om165,1.5235948374029427,0.09339066933640193,25.178060465928695,250.45961951553167,1.3458014233567075,0.25748930153545035,35.09766267781854,231.51072387860233,True,570.2514093250905
20260811_184731__rp0p25__vinf25__inc30__toff59132__Om270__om180,1.5236096476241405,0.09339027688311279,25.17805315670488,250.46272487646067,1.5291909502872048,0.18553122374387773,36.17401449618683,254.3970038910768,True,690.696843306068
20260811_184731__rp0p25__vinf25__inc30__toff59132__Om270__om195,1.5236014510426428,0.09339048287500126,25.17805218586835,250.4610709524104,1.7681393133323635,0.17100367425789287,37.96919042660995,293.30080818223803,True,858.7556611631285
20260811_184731__rp0p25__vinf25__inc30__toff59132__Om270__om210,1.5236000567168626,0.09339047371343978,25.17804399007728,250.4609437925855,2.1851938521886427,0.2628480430422643,39.7640435944116,331.7269317316064,True,1179.858287255326
20260811_184731__rp0p25__vinf25__inc30__toff59132__Om270__om225,1.5235986490424465,0.09339300842486621,25.178064299225746,250.46062478029194,2.9920779322953646,0.4404643864600316,39.70719780985759,349.98967349934617,True,1890.4023301073084
20260811_184731__rp0p25__vinf25__inc30__toff59132__Om270__om240,1.5235989078396959,0.09339299655721083,25.17806419988633,250.46069107567607,4.058564359368696,0.5845100121399373,38.14035349402798,358.0487638967621,True,2986.438310970876
20260811_184731__rp0p25__vinf25__inc30__toff59132__Om270__om255,1.5235956369527293,0.09339302920312641,25.178047047357396,250.4602816202614,4.793681182909957,0.6480833909690951,35.79461847923751,4.528605970881881,True,3833.5277590300584
20260811_184731__rp0p25__vinf25__inc30__toff59132__Om270__om270,1.5235963954704017,0.09339065255912507,25.178068833730805,250.45981193969467,4.897845678537003,0.662014960121201,33.84021457901068,10.29465150163042,True,3959.1553061732034
20260811_184731__rp0p25__vinf25__inc30__toff59132__Om270__om285,1.5235962973577155,0.09339067237461687,25.17806889634534,250.45977314973607,4.428761557726048,0.6420212718499582,32.75067255648006,17.68186781695515,True,3404.225655681351
20260811_184731__rp0p25__vinf25__inc30__toff59132__Om270__om30,1.5235934015610266,0.09339066000660753,25.178051612250037,250.45947527530518,1.7337937776104735,0.28665763573486835,19.121376481106452,134.12169960650056,True,833.8559889555578
20260811_184731__rp0p25__vinf25__inc30__toff59132__Om270__om300,1.523596271585572,0.09339067603949239,25.178069106576846,250.45976287041015,3.755896273156386,0.6371494431484167,32.264672335107065,20.570829589297283,True,2658.675154453488
20260811_184731__rp0p25__vinf25__inc30__toff59132__Om270__om315,1.5235955440955284,0.09339067709818406,25.17806450219488,250.4596872168861,3.3456556200785945,0.5463129114259976,29.268586497962723,29.167669391805603,True,2235.2018363782754
20260811_184731__rp0p25__vinf25__inc30__toff59132__Om270__om330,1.5236083698039413,0.09339035436393697,25.178046395493435,250.4625526894573,2.9955478535738234,0.4913310346472306,27.88339033380044,48.24032250115584,True,1893.6917407606418
20260811_184731__rp0p25__vinf25__inc30__toff59132__Om270__om345,1.5235948202063958,0.0933906742948288,25.17806029004008,250.45961280349457,2.5913673751760133,0.5506519509655758,23.889278217576212,66.49993588846944,True,1523.6610741129498
20260811_184731__rp0p25__vinf25__inc30__toff59132__Om270__om45,1.5236020439169362,0.09339291180956519,25.178060935511656,250.4613863807627,1.4872071182895303,0.30836593715194,17.640328063280368,166.95420755109473,True,662.4484305509635
20260811_184731__rp0p25__vinf25__inc30__toff59132__Om270__om60,1.5235988042808832,0.09339300054556189,25.178064892493516,250.46066843532628,1.2568943992479125,0.3839748284882042,16.593674373419258,196.91504496846846,True,514.6868576738265
20260811_184731__rp0p25__vinf25__inc30__toff59132__Om270__om75,1.5235957147541834,0.0933930205193599,25.178047287758726,250.46031289993462,1.0834944655936536,0.5112341838941471,16.243180044455986,211.66519263749228,True,411.94092354060905
20260811_184731__rp0p25__vinf25__inc30__toff59132__Om270__om90,1.523602905950002,0.09339049858832882,25.178060916016864,250.461223435215,0.9636037135298466,0.6417245094850053,18.926037105730575,212.12691573223773,True,345.49565488424315
20260811_184731__rp0p25__vinf25__inc30__toff59132__Om90__om0,1.5236081425164276,0.09339028778039299,25.17804414637123,250.46255367546306,1.6311781668525205,0.20115337213171733,31.61098905942828,294.23366954250787,True,760.9340042430903
20260811_184731__rp0p25__vinf25__inc30__toff59132__Om90__om105,1.5235947887021195,0.09339067961260303,25.178060441642046,250.45960028683947,-6.413981725298155,1.1697390226972557,22.887029907719256,13.582733578592517,False,
20260811_184731__rp0p25__vinf25__inc30__toff59132__Om90__om120,1.5235947650625508,0.09339068548727568,25.178060318311314,250.45959100497717,-17.982318038051204,1.079970365275408,21.638448766833726,28.531372441252586,False,
20260811_184731__rp0p25__vinf25__inc30__toff59132__Om90__om135,1.523594787991278,0.09339067887603476,25.178060552829464,250.45959995435737,20.557953109454484,0.9255069432296755,20.33564145771954,38.608974098904945,True,34045.8905814163
20260811_184731__rp0p25__vinf25__inc30__toff59132__Om90__om15,1.5236014503317952,0.09339048213842012,25.17805229705583,250.46107061993723,1.7688328357087633,0.21613455989775449,30.42132004978551,306.3896160383044,True,859.2609590138717
20260811_184731__rp0p25__vinf25__inc30__toff59132__Om90__om150,1.5236083689431414,0.09339035347196652,25.178046530134612,250.46255228686445,6.856349770885927,0.7641189077010357,19.581196572648572,44.6470578977565,True,6557.440208089363
20260811_184731__rp0p25__vinf25__inc30__toff59132__Om90__om165,1.5235948191401338,0.09339067318997608,25.178060456821196,250.45961230477158,3.8763597445977727,0.5611674047473622,19.16579881688494,79.22675052607032,True,2787.603522249021
20260811_184731__rp0p25__vinf25__inc30__toff59132__Om90__om180,1.5235962661245892,0.09339066857280058,25.17806901379231,250.45976010056972,2.6662319425554246,0.5078481745014183,17.787486537414093,129.1731462335994,True,1590.1635089555618
20260811_184731__rp0p25__vinf25__inc30__toff59132__Om90__om195,1.5235948381137838,0.09339067007297042,25.17806035474129,250.45961984801357,2.484327860071803,0.3680262290614333,20.807976787354104,104.03346463957537,True,1430.237816475914
20260811_184731__rp0p25__vinf25__inc30__toff59132__Om90__om210,1.5235934001393465,0.0933906585334809,25.17805183462501,250.45947461033631,1.9831149073745076,0.41260578933243575,23.098789527532258,125.47756509656803,True,1020.0388457389076
20260811_184731__rp0p25__vinf25__inc30__toff59132__Om90__om225,1.5236020453386327,0.09339291328274105,25.178060713136713,250.46138704568207,1.526730446338934,0.24650110727591507,32.61414827476526,111.09708787636909,True,689.030493030171
20260811_184731__rp0p25__vinf25__inc30__toff59132__Om90__om240,1.5235988071242634,0.0933930034918885,25.1780644477438,250.4606697651825,1.473268765913442,0.29230939277906937,30.257931981036283,181.2736181596252,True,653.1574199408119
20260811_184731__rp0p25__vinf25__inc30__toff59132__Om90__om255,1.5235957147541834,0.0933930205193599,25.178047287758726,250.46031289993462,1.295268946382592,0.3825286162728547,31.89902831837405,163.95113387157258,True,538.4369093585331
20260811_184731__rp0p25__vinf25__inc30__toff59132__Om90__om270,1.523602905950002,0.09339049858832882,25.178060916016864,250.461223435215,1.168680686406375,0.40984719222131877,36.87863761456676,179.30262816919318,True,461.4649207360116
20260811_184731__rp0p25__vinf25__inc30__toff59132__Om90__om285,1.523602997891658,0.09339047057085073,25.178060871806093,250.4612591234021,1.0821325240684083,0.44843999092538916,43.486371760326186,186.3166222274082,True,411.16445934256166
20260811_184731__rp0p25__vinf25__inc30__toff59132__Om90__om30,1.5236000581385554,0.09339047518659212,25.178043767702185,250.46094445753664,1.9641889915007251,0.26829665505265277,29.909642860174525,317.90990423678466,True,1005.4715839621663
20260811_184731__rp0p25__vinf25__inc30__toff59132__Om90__om300,1.5235963933378731,0.09339065034940242,25.17806916729287,250.4598109422571,1.0729272900668576,0.41951067950741777,52.941542401276074,190.99067288352086,True,405.9292347151515
20260811_184731__rp0p25__vinf25__inc30__toff59132__Om90__om315,1.5235956218969733,0.09339066841411969,25.178064742596327,250.45971849732834,1.3942937562107258,0.08257037124828738,59.44630841622371,208.0479893983523,True,601.3486165426353
20260811_184731__rp0p25__vinf25__inc30__toff59132__Om90__om330,1.523595232659948,0.09339070998073473,25.178062777407686,250.4596855169483,2.398167665142329,0.4005735387516854,42.003751279128394,353.7980864652659,True,1356.4825361684054
20260811_184731__rp0p25__vinf25__inc30__toff59132__Om90__om345,1.5235948384692048,0.09339067044125465,25.178060299147578,250.4596200142546,1.7011256293769497,0.22184640784440623,33.29133534433312,310.12258925833555,True,810.4000776813814
20260811_184731__rp0p25__vinf25__inc30__toff59132__Om90__om45,1.5235986476207564,0.0933930069517038,25.178064521600596,250.46062411536326,2.2103549292729143,0.3376628022944258,31.48611684888904,323.3207337861089,True,1200.2947788496535
20260811_184731__rp0p25__vinf25__inc30__toff59132__Om90__om60,1.523598904996315,0.09339299361088355,25.178064644636034,250.46068974582022,3.4119429022608747,0.571826067148979,35.54601440587363,335.15721843453497,True,2301.958683716599
20260811_184731__rp0p25__vinf25__inc30__toff59132__Om90__om75,1.5235956369527293,0.09339302920312641,25.178047047357396,250.4602816202614,-15.89516766077165,1.0893210698375484,32.18134211921313,346.80041407800974,False,
20260811_184731__rp0p25__vinf25__inc30__toff59132__Om90__om90,1.5235963954704017,0.09339065255912507,25.178068833730805,250.45981193969467,-4.7770715269670445,1.2565981603037055,25.120843679278064,358.86124086446716,False,
20260811_184731__rp0p25__vinf25__inc60__toff59132__Om0__om0,1.5236006388577419,0.09338812462196594,25.178065436295107,250.46040377815098,1.0356411453566476,0.527861680871556,18.655330258415155,206.2975491768922,True,384.95400015759543
20260811_184731__rp0p25__vinf25__inc60__toff59132__Om0__om105,1.523596750633644,0.09339055740475327,25.178047549121406,250.4602176521243,1.9325007554242504,0.20729740256316104,14.575791605832544,341.9311078835643,True,981.2380955055121
20260811_184731__rp0p25__vinf25__inc60__toff59132__Om0__om120,1.523595707160678,0.09339301084293467,25.178047528538166,250.46030913278614,2.3517974541354665,0.3270086482125231,15.526522766475363,356.095927046602,True,1317.3305578616498
20260811_184731__rp0p25__vinf25__inc60__toff59132__Om0__om135,1.523599210611051,0.09338812632570938,25.178057050684913,250.46026346257122,2.9382404280545145,0.4382461478973098,16.83535602583728,3.068624202196716,True,1839.610532283761
20260811_184731__rp0p25__vinf25__inc60__toff59132__Om0__om15,1.5236029432609772,0.09339047379812895,25.178061301470795,250.46123701344578,0.9914721794218029,0.5390391123787469,12.834582392311164,227.8811723391521,True,360.59167094426715
20260811_184731__rp0p25__vinf25__inc60__toff59132__Om0__om150,1.5235996178211928,0.09338813304091188,25.17805823692911,250.4602945519124,3.803767611793993,0.566036817853765,18.245261908799403,9.429739827301862,True,2709.6665905155382
20260811_184731__rp0p25__vinf25__inc60__toff59132__Om0__om165,1.5235972154526771,0.09339300255794591,25.178055684154607,250.46048173759,4.770292821481073,0.64744335274731,20.635290218020128,12.94291083059758,True,3805.506345755431
20260811_184731__rp0p25__vinf25__inc60__toff59132__Om0__om180,1.5236005669934933,0.09338814171813437,25.178065450858277,250.46037554348135,5.512818446001537,0.7027198140030788,21.628601691965947,17.931075405959703,True,4727.760060189105
20260811_184731__rp0p25__vinf25__inc60__toff59132__Om0__om195,1.5235996600384023,0.09339057005275737,25.17806532567502,250.46052116426765,5.442850405563007,0.7415444924821776,24.134459046417767,23.480777239396613,True,4638.039996160692
20260811_184731__rp0p25__vinf25__inc60__toff59132__Om0__om210,1.523600082489136,0.09339047004877819,25.17804377984574,250.46095407197993,7.1240552526176035,0.8117250253719792,18.01375180311815,20.82724100817516,True,6945.216862036585
20260811_184731__rp0p25__vinf25__inc60__toff59132__Om0__om225,1.523596439747941,0.09339064619609647,25.17806906815473,250.45982965104696,5.507289749459568,0.6577221868252687,37.776373975379705,33.13871928984514,True,4720.6497780945165
20260811_184731__rp0p25__vinf25__inc60__toff59132__Om0__om240,1.523603063087957,0.09339049294199438,25.178061339795754,250.4612928580651,4.427201862137491,0.6362665275612808,32.55241610708144,32.74171229978966,True,3402.4274933162646
20260811_184731__rp0p25__vinf25__inc60__toff59132__Om0__om255,1.5236030718970761,0.0933904570498232,25.178061232596594,250.4612885205555,3.574463117634149,0.5784631062975927,33.53838724708149,46.165288049181726,True,2468.374906384288
20260811_184731__rp0p25__vinf25__inc60__toff59132__Om0__om270,1.5235962928501174,0.09339066679983603,25.178069127921475,250.45977093361768,2.862983165521874,0.4308681571152795,31.328296730709535,64.84224843568909,True,1769.3880257252592
20260811_184731__rp0p25__vinf25__inc60__toff59132__Om0__om285,1.5235967212331478,0.0933905752069477,25.17804783686227,250.4602068865767,2.309179679158944,0.38943923031678507,33.74229791393081,85.47731767865481,True,1281.6855349021716
20260811_184731__rp0p25__vinf25__inc60__toff59132__Om0__om30,1.5236030337068205,0.09339046212777585,25.178061001208476,250.4612732126602,1.0216129511555023,0.464529772918417,9.359151402884873,257.7509803966251,True,377.15900141421537
20260811_184731__rp0p25__vinf25__inc60__toff59132__Om0__om300,1.5235986549801395,0.09339301683759428,25.178064554190406,250.46062782683123,1.809059056588748,0.31862746692135774,32.1555292368193,120.2390448409376,True,888.7385308968827
20260811_184731__rp0p25__vinf25__inc60__toff59132__Om0__om315,1.5235992100172808,0.09338812548444073,25.178057025188515,250.46026315789396,1.4926248832846636,0.3341034625139317,33.07258066272361,154.1273639272733,True,666.0715874931901
20260811_184731__rp0p25__vinf25__inc60__toff59132__Om0__om330,1.523599585769336,0.09338813324483507,25.178058913206858,250.46029571412944,1.2330204422091549,0.4697337248787788,20.12524126509856,181.7240816245313,True,500.0924610429234
20260811_184731__rp0p25__vinf25__inc60__toff59132__Om0__om345,1.5235971731660762,0.09339302219238882,25.178056077012183,250.46046583268458,1.1359078020330406,0.46778400083426014,23.470555588815596,191.5893664765179,True,442.19061011032994
20260811_184731__rp0p25__vinf25__inc60__toff59132__Om0__om45,1.5235964329494818,0.09339064674402382,25.178069176306256,250.45982691497443,1.1367184000460338,0.3189313874737521,9.01061142163544,268.0127584366669,True,442.66402366768347
20260811_184731__rp0p25__vinf25__inc60__toff59132__Om0__om60,1.523596412987595,0.09339064354356862,25.178069511717382,250.4598185451766,1.2778418883704572,0.21029458651706462,10.57496535797422,265.8088345447211,True,527.6070292915034
20260811_184731__rp0p25__vinf25__inc60__toff59132__Om0__om75,1.523603043507067,0.09339045619383128,25.17806090529439,250.46127680126887,1.4209305207331646,0.15294503255312977,12.36886022316528,275.6397303183751,True,618.6630188555362
20260811_184731__rp0p25__vinf25__inc60__toff59132__Om0__om90,1.5235999972621075,0.09339048803113813,25.178043737343295,250.4609204214338,1.6303111736849787,0.13658615999590237,13.579185963789056,310.1375004811296,True,760.327414854076
20260811_184731__rp0p25__vinf25__inc60__toff59132__Om180__om0,1.5236005669934933,0.09338814171813437,25.178065450858277,250.46037554348135,2.9029926551898004,0.4477938593130374,26.4265414898571,24.27034319355415,True,1806.607454420456
20260811_184731__rp0p25__vinf25__inc60__toff59132__Om180__om105,1.5235967212331478,0.0933905752069477,25.17804783686227,250.4602068865767,1.779242239247951,0.15857996687653383,15.76230852338765,131.3086412739676,True,866.8571039607825
20260811_184731__rp0p25__vinf25__inc60__toff59132__Om180__om120,1.5235956376719626,0.09339303130445116,25.17804764508573,250.46028211833718,1.5110537604618328,0.18518901398205728,14.634700970583749,187.96449135337693,True,678.4451877443327
20260811_184731__rp0p25__vinf25__inc60__toff59132__Om180__om135,1.5235992100172808,0.09338812548444073,25.178057025188515,250.46026315789396,1.374799729752534,0.26167778391503416,12.865252458208973,193.84548833086453,True,588.7813560577746
20260811_184731__rp0p25__vinf25__inc60__toff59132__Om180__om15,1.5235996586167107,0.0933905685795966,25.178065548049805,250.46052049931788,2.8800357713082394,0.4426149511669703,24.093459591553998,27.32204857749201,True,1785.2198831648739
20260811_184731__rp0p25__vinf25__inc60__toff59132__Om180__om150,1.5235995691282707,0.09338813440567771,25.178058651691824,250.46029417404068,1.3819757972294862,0.43203940072804947,12.853358063067391,204.21046553555598,True,593.3972757786298
20260811_184731__rp0p25__vinf25__inc60__toff59132__Om180__om165,1.5235971738769196,0.09339302292896469,25.178055965824687,250.46046616515142,1.1259163521909734,0.42589029697879327,21.33520076483675,193.29824954567772,True,436.36919281566367
20260811_184731__rp0p25__vinf25__inc60__toff59132__Om180__om180,1.5236006388577419,0.09338812462196594,25.178065436295107,250.46040377815098,1.1033026697836497,0.45344013866465466,26.500374182115337,189.83343755809045,True,423.2889155466166
20260811_184731__rp0p25__vinf25__inc60__toff59132__Om180__om195,1.5236029446826749,0.09339047527130219,25.178061079095976,250.46123767838696,1.085127810204446,0.4357943410306749,31.729178089309343,184.1289160246309,True,412.8727626297546
20260811_184731__rp0p25__vinf25__inc60__toff59132__Om180__om210,1.5236000192376045,0.0933904795282223,25.17804364750157,250.46092881721876,1.1099324686589385,0.38552677355864967,36.0519838276684,180.0637626341624,True,427.10998668474167
20260811_184731__rp0p25__vinf25__inc60__toff59132__Om180__om225,1.5235964336603247,0.0933906474805982,25.1780690651189,250.45982724745352,1.1767727999234525,0.30268686928106964,39.01397786991,174.9676305723923,True,466.2660822592401
20260811_184731__rp0p25__vinf25__inc60__toff59132__Om180__om240,1.5235964144092806,0.09339064501671725,25.17806928934269,250.45981921013487,1.2793049300005643,0.19963814204761537,40.54008200085754,166.80554424881424,True,528.513399585931
20260811_184731__rp0p25__vinf25__inc60__toff59132__Om180__om255,1.5236030427962182,0.09339045545724427,25.178061016481813,250.46127646879847,1.4232643745429772,0.09807262891504438,40.71146418691598,141.94051325189432,True,620.1878595244716
20260811_184731__rp0p25__vinf25__inc60__toff59132__Om180__om270,1.5236030103095388,0.09339046915737603,25.178061313425708,250.46126415186848,1.6100432327577432,0.0839504300021,39.86880981094743,61.872608145883675,True,746.193048889004
20260811_184731__rp0p25__vinf25__inc60__toff59132__Om180__om285,1.523596750633644,0.09339055740475327,25.178047549121406,250.4602176521243,1.8348248264426597,0.17142904099264122,38.31586645918861,31.174321459885338,True,907.7929466355552
20260811_184731__rp0p25__vinf25__inc60__toff59132__Om180__om30,1.5236030969586025,0.09339045264875898,25.178061133552486,250.4612984675145,2.8271102697566537,0.4371610451535385,21.85659995567575,29.078369249469294,True,1736.237030653185
20260811_184731__rp0p25__vinf25__inc60__toff59132__Om180__om300,1.5235987244691305,0.09339299637653563,25.178064437641424,250.46065484144657,2.0900444992170235,0.26207846452838285,36.30400562896228,23.577501447460442,True,1103.6419287636656
20260811_184731__rp0p25__vinf25__inc60__toff59132__Om180__om315,1.523599210611051,0.09338812632570938,25.178057050684913,250.46026346257122,2.3564107034005053,0.33635726030279467,33.98390254207211,21.613824316136785,True,1321.2085407207712
20260811_184731__rp0p25__vinf25__inc60__toff59132__Om180__om330,1.5235996344622569,0.09338813188006923,25.178058498444134,250.46029609200082,2.588963690096717,0.3962048916103538,31.548130813563013,21.92220186218314,True,1521.5416031303444
20260811_184731__rp0p25__vinf25__inc60__toff59132__Om180__om345,1.5235972147418335,0.09339300182136985,25.178055795342075,250.46048140512315,2.6473963752386065,0.40703624834032426,29.17220298999757,23.06090937271241,True,1573.34276430544
20260811_184731__rp0p25__vinf25__inc60__toff59132__Om180__om45,1.5235964390370982,0.09339064545952205,25.17806917934207,250.45982931856784,2.778317685536814,0.4230069860684845,19.9202664013204,34.80472260555189,True,1691.4834291563463
20260811_184731__rp0p25__vinf25__inc60__toff59132__Om180__om60,1.5236030616662588,0.09339049146881999,25.17806156217057,250.4612921931249,2.693890619769887,0.4191729290695275,18.45522247278005,47.643804672562595,True,1614.9713766943132
20260811_184731__rp0p25__vinf25__inc60__toff59132__Om180__om75,1.5236030726079253,0.09339045778641031,25.178061121409176,250.46128885302582,2.5140291784632005,0.37700766028639937,17.553418158595093,65.58385953195862,True,1455.963082795941
20260811_184731__rp0p25__vinf25__inc60__toff59132__Om180__om90,1.5235932798092024,0.09339068569749893,25.178051551532807,250.45942720367867,2.149469227376516,0.26791019999837073,16.856181325013374,88.91952117063873,True,1151.043509504927
20260811_184731__rp0p25__vinf25__inc60__toff59132__Om270__om0,1.5235964075614226,0.09339064050234651,25.178068861241012,250.45981604815793,1.985083243958749,0.2830566580622855,23.132759798155426,91.27708592235295,True,1021.5578786693558
20260811_184731__rp0p25__vinf25__inc60__toff59132__Om270__om105,1.523600037500539,0.09339047567485846,25.17804365660925,250.46093602804993,0.9663239810953914,0.6853767239577134,22.536742790655314,216.96154231109742,True,346.95969595485633
20260811_184731__rp0p25__vinf25__inc60__toff59132__Om270__om120,1.5235932549905415,0.09339069125447229,25.178052086124808,250.4594174781186,1.080452644384912,0.5303613259515904,30.22274351273765,221.95100381569517,True,410.2074064714001
20260811_184731__rp0p25__vinf25__inc60__toff59132__Om270__om135,1.5235947819878868,0.0933906896483211,25.17806052835439,250.4595982495299,1.168558516655183,0.4291101709559336,29.0943680589378,226.9479545383475,True,461.3925627577174
20260811_184731__rp0p25__vinf25__inc60__toff59132__Om270__om15,1.5235962755406582,0.09339067254526508,25.178069443174735,250.45976427656353,1.8358610547547232,0.2502431201040252,20.497834024718397,112.08576898423657,True,908.5620774597985
20260811_184731__rp0p25__vinf25__inc60__toff59132__Om270__om150,1.5235952078798307,0.0933906755672582,25.17806262722276,250.45967447927472,1.2425977500147818,0.3700344222809753,30.03467837460173,227.58504955864768,True,505.9303544486241
20260811_184731__rp0p25__vinf25__inc60__toff59132__Om270__om165,1.5235947741939546,0.0933906835604862,25.178060322865047,250.45959461035625,1.3311473177912405,0.31498910858744844,32.70357960096943,230.3628488069572,True,560.962815876037
20260811_184731__rp0p25__vinf25__inc60__toff59132__Om270__om180,1.52360970992307,0.09339026551305835,25.1780529646885,250.4627495778871,1.4163508684555746,0.26736987691598096,36.43665265323448,234.45923829900454,True,615.6745081537058
20260811_184731__rp0p25__vinf25__inc60__toff59132__Om270__om195,1.523603017734694,0.0933904598583147,25.17806111552592,250.46126652184103,1.5664314630660912,0.18604248737930817,41.4044021966987,249.0700864848028,True,716.0807333692804
20260811_184731__rp0p25__vinf25__inc60__toff59132__Om270__om210,1.5235999729115304,0.09339049316896107,25.178043725199736,250.46091080699455,1.9616105615728905,0.17198278928318447,44.03214727393432,322.60228609061465,True,1003.4923800543936
20260811_184731__rp0p25__vinf25__inc60__toff59132__Om270__om225,1.5235996915715495,0.0933905544604774,25.17806470437022,250.4605329273616,2.518750062620581,0.32340078497690816,43.14385955420756,353.2715633918415,True,1460.0660535539846
20260811_184731__rp0p25__vinf25__inc60__toff59132__Om270__om240,1.5235998386588319,0.09339056350330614,25.178064883948114,250.46055496203817,2.944154619468132,0.41209055736908173,41.27015272768512,3.180325856469057,True,1845.1675733389798
20260811_184731__rp0p25__vinf25__inc60__toff59132__Om270__om255,1.5235997534013614,0.09339054350782136,25.178065059089004,250.46055751714488,3.083974856756913,0.4440113325760407,39.408676283956865,11.211463054059061,True,1978.1587222600465
20260811_184731__rp0p25__vinf25__inc60__toff59132__Om270__om270,1.523596307400417,0.09339066759588477,25.178069235979013,250.45977695948193,3.02195082038649,0.43663301803622084,37.56745803813844,19.02140797262817,True,1918.7835245484487
20260811_184731__rp0p25__vinf25__inc60__toff59132__Om270__om285,1.5235934221988636,0.09339065951802009,25.178051723343085,250.4594837047507,2.8441367224307212,0.412048691036087,35.76165339370903,28.15844200935648,True,1751.9455209105863
20260811_184731__rp0p25__vinf25__inc60__toff59132__Om270__om30,1.523596318622262,0.09339066313496283,25.178068917689963,250.45978121294502,1.6739356842662059,0.2207432687873773,18.051231661452018,134.97009102522236,True,791.048376759317
20260811_184731__rp0p25__vinf25__inc60__toff59132__Om270__om300,1.523596400136332,0.0933906498014739,25.178069059141315,250.45981367832934,2.63450618791377,0.37627387870244844,33.791239039052435,39.705801636107594,True,1561.8658413243938
20260811_184731__rp0p25__vinf25__inc60__toff59132__Om270__om315,1.5235948776832058,0.09339066172356471,25.178060374474175,250.4596354713293,2.4500958505150914,0.35455753007470214,31.58420966364588,49.94143233461054,True,1400.7786200070734
20260811_184731__rp0p25__vinf25__inc60__toff59132__Om270__om330,1.5236083830807476,0.09339034046099255,25.178046517543372,250.46255754887196,2.280136343068518,0.34075179215886287,29.05466405427829,61.94288614265715,True,1257.58143539199
20260811_184731__rp0p25__vinf25__inc60__toff59132__Om270__om345,1.523594883059968,0.09339065970247265,25.178060488697422,250.45963754243476,2.119763003194941,0.27695367828674367,26.004054245106246,79.4244100472331,True,1127.2645623714143
20260811_184731__rp0p25__vinf25__inc60__toff59132__Om270__om45,1.5236029167036391,0.09339049454632108,25.178061144463385,250.4612275775138,1.4942515796938352,0.21907715945344042,15.55983193746121,170.71515303464443,True,667.1607339587792
20260811_184731__rp0p25__vinf25__inc60__toff59132__Om270__om60,1.5235997608722542,0.0933905638269748,25.17806536632369,250.46054260052873,1.3085689692255367,0.27234411400100195,12.846206672704229,211.59909562534494,True,546.7512926523044
20260811_184731__rp0p25__vinf25__inc60__toff59132__Om270__om75,1.523599734511799,0.09339055611241108,25.17806513973004,250.4605506725021,1.132844320692702,0.4067173087748503,10.278779479721935,246.41395372525483,True,440.40297084917506
20260811_184731__rp0p25__vinf25__inc60__toff59132__Om270__om90,1.523599975286612,0.09339049653405587,25.178043827185014,250.46091202565032,0.9923452690101751,0.604324039201326,9.648767796380076,251.87067022087788,True,361.0680808820725
20260811_184731__rp0p25__vinf25__inc60__toff59132__Om90__om0,1.52360970992307,0.09339026551305835,25.1780529646885,250.4627495778871,1.551717279418624,0.24768941046223322,25.80583032583714,281.94557370997575,True,706.0147702039004
20260811_184731__rp0p25__vinf25__inc60__toff59132__Om90__om105,1.5235934221988636,0.09339065951802009,25.178051723343085,250.4594837047507,6.52018925048711,0.737488123452503,14.471104641512099,68.32694146775442,True,6081.1426975425475
20260811_184731__rp0p25__vinf25__inc60__toff59132__Om90__om120,1.5235933828299528,0.09339066427902429,25.178052149877846,250.459467953321,4.485792889227403,0.6197613564555635,13.775941519561501,64.46205199601135,True,3470.193720616494
20260811_184731__rp0p25__vinf25__inc60__toff59132__Om90__om135,1.5235948776832058,0.09339066172356471,25.178060374474175,250.4596354713293,3.5158242291459283,0.5247450799021247,13.579193997544428,60.972082914939605,True,2407.8843521786935
20260811_184731__rp0p25__vinf25__inc60__toff59132__Om90__om15,1.5236030163129959,0.09339045838514082,25.17806133790074,250.46126585690018,1.569720429697003,0.24195421533173475,26.134771190329687,281.9078543221217,True,718.3372011939808
20260811_184731__rp0p25__vinf25__inc60__toff59132__Om90__om150,1.5236083664396474,0.0933903416216653,25.178046256030836,250.4625560088444,2.969948882904551,0.42125604500925545,14.253299862914679,62.4333588780429,True,1869.46937100791
20260811_184731__rp0p25__vinf25__inc60__toff59132__Om90__om165,1.5235948837708093,0.09339066043904132,25.178060377510004,250.45963787491664,2.5616680930551055,0.36698041277194665,15.394119414439617,66.31495672481468,True,1497.542583817737
20260811_184731__rp0p25__vinf25__inc60__toff59132__Om90__om180,1.5235964075614226,0.09339064050234651,25.178068861241012,250.45981604815793,2.2911296593625874,0.3479931260342972,16.901605997933032,77.30332905969321,True,1266.687233546128
20260811_184731__rp0p25__vinf25__inc60__toff59132__Om90__om195,1.5235962769623437,0.09339067401841257,25.178069220800015,250.4597649415224,2.0610727963414623,0.2760429432943499,20.28722372828779,89.22548869636724,True,1080.7740017592855
20260811_184731__rp0p25__vinf25__inc60__toff59132__Om90__om210,1.5235933041595653,0.09339068055931546,25.17805156367624,250.45943681800176,1.9647928233135223,0.388057392635683,24.338033597808256,81.09945665666466,True,1005.9352733456556
20260811_184731__rp0p25__vinf25__inc60__toff59132__Om90__om225,1.5236029174144878,0.09339049528290758,25.17806103327597,250.46122790998442,1.7653505114472863,0.2798327613694294,27.325225834319475,96.52544812556575,True,856.724750928806
20260811_184731__rp0p25__vinf25__inc60__toff59132__Om90__om240,1.5235997622939461,0.093390565300136,25.178065143948917,250.46054326547824,1.6133469910620137,0.28241846604791765,30.137712628120862,116.70065426371598,True,748.4909738599789
20260811_184731__rp0p25__vinf25__inc60__toff59132__Om90__om255,1.5235997338009533,0.09339055537583034,25.17806525091741,250.46055034002745,1.5188486700080734,0.24616343191472426,33.66311898171015,134.48996865482974,True,683.7016849205521
20260811_184731__rp0p25__vinf25__inc60__toff59132__Om90__om270,1.5236029883339561,0.09339047766015213,25.17806140326815,250.46125575601917,1.3951727627836228,0.24655669714897324,37.71277444026226,149.97044667859709,True,601.9173697396657
20260811_184731__rp0p25__vinf25__inc60__toff59132__Om90__om285,1.523600037500539,0.09339047567485846,25.17804365660925,250.46093602804993,1.293183991676895,0.25956701029600354,43.03291547563779,165.7978920985405,True,537.13737459081
20260811_184731__rp0p25__vinf25__inc60__toff59132__Om90__om30,1.5236029873805632,0.09339047576821016,25.178061078907593,250.46125520232476,1.6172605609079127,0.2527841885079632,25.1777055060249,283.6690838667363,True,751.2160981709296
20260811_184731__rp0p25__vinf25__inc60__toff59132__Om90__om300,1.5235962722964147,0.09339067677606606,25.17806899538951,250.4597632028897,1.2199726434698757,0.28200038385165516,51.38172971056608,178.23863968816187,True,492.17554475621523
20260811_184731__rp0p25__vinf25__inc60__toff59132__Om90__om315,1.5235947819878868,0.0933906896483211,25.17806052835439,250.4595982495299,1.2786235546925295,0.2382156189905468,72.50254661331414,170.58468407853786,True,528.0912156127425
20260811_184731__rp0p25__vinf25__inc60__toff59132__Om90__om330,1.5235952245208784,0.09339067440635172,25.178062888738697,250.45967601927475,-0.45609182325018605,3.9999070805270254,19.3811499812135,111.03962993959958,False,
20260811_184731__rp0p25__vinf25__inc60__toff59132__Om90__om345,1.5235947734831135,0.093390682823918,25.178060434052483,250.4595942778741,1.8632279583354727,0.3102165670862588,20.229819199261513,314.8377330519799,True,928.9532977402614
20260811_184731__rp0p25__vinf25__inc60__toff59132__Om90__om45,1.5235996908607037,0.09339055372389685,25.178064815557594,250.46053259488684,1.513642427216324,0.31049841465641936,26.127013348833543,265.67550579754766,True,680.1893551487972
20260811_184731__rp0p25__vinf25__inc60__toff59132__Om90__om60,1.52359983723714,0.09339056203014486,25.17806510632289,250.46055429708878,1.0019307719546566,0.7322965549942567,49.88792796614393,210.9779176305154,True,366.3122691704612
20260811_184731__rp0p25__vinf25__inc60__toff59132__Om90__om75,1.5235997541122075,0.09339054424440212,25.178064947901618,250.4605578496196,-1.9219991703280506,1.8294866945143144,33.64040378318744,116.76967565884316,False,
20260811_184731__rp0p25__vinf25__inc60__toff59132__Om90__om90,1.5235932943594446,0.09339068649344572,25.178051659590015,250.45943322954054,28.615189445658707,0.9438561585483429,17.624334727749755,79.7482460183003,True,55910.04355211959
20260811_184731__rp0p25__vinf25__inc90__toff59132__Om0__om0,1.5236006899240195,0.09338812971361157,25.178065840552012,250.46041628546064,1.0750759087219437,0.4610070144628098,21.539334661784366,206.00577761702442,True,407.1492013113476
20260811_184731__rp0p25__vinf25__inc90__toff59132__Om0__om105,1.5235998199629908,0.09339054992285259,25.178065186848492,250.4605764380978,1.9178898211155402,0.18932540194311362,12.198181279317396,17.877693088580045,True,970.1309803628039
20260811_184731__rp0p25__vinf25__inc90__toff59132__Om0__om120,1.5235987795662898,0.09339300609705806,25.178064448141917,250.46066928726793,2.2464918194172627,0.29541749979424314,14.10267454429146,11.744916897642337,True,1229.8500256184866
20260811_184731__rp0p25__vinf25__inc90__toff59132__Om0__om135,1.5236007629758233,0.0933881143000171,25.178065876981787,250.46044512949163,2.6013916518953324,0.3835727439314379,16.40048355968979,8.882320222572366,True,1532.5106654834246
20260811_184731__rp0p25__vinf25__inc90__toff59132__Om0__om15,1.5235996860348555,0.09339057818093002,25.178065120060584,250.46052355873752,1.0550586004397808,0.44593429589626016,17.350273938970343,217.98955538760816,True,395.830965257846
20260811_184731__rp0p25__vinf25__inc90__toff59132__Om0__om150,1.5235994654713843,0.0933881486313592,25.178058759375705,250.4602633511125,2.9605315193362984,0.44502324004152327,18.913389540581246,7.809360093658659,True,1860.5846175184722
20260811_184731__rp0p25__vinf25__inc90__toff59132__Om0__om165,1.5235972709094154,0.09339301332900445,25.178055993519592,250.46049643247977,3.1621011283458005,0.48967724334135115,21.3144123458336,9.251042905023914,True,2053.8017759739514
20260811_184731__rp0p25__vinf25__inc90__toff59132__Om0__om180,1.5235976038272694,0.09338816401270873,25.178048227881185,250.4600436949567,3.363174183189615,0.5569390210787861,25.354887579751065,10.712805191529883,True,2252.7807851047064
20260811_184731__rp0p25__vinf25__inc90__toff59132__Om0__om195,1.5235997103854233,0.09339057304309195,25.178065132203816,250.46053317316415,3.3543765754477497,0.5095955647999031,25.583595203371893,17.568623346440333,True,2243.947114619795
20260811_184731__rp0p25__vinf25__inc90__toff59132__Om0__om210,1.5235998321382773,0.09339054735394027,25.1780651929201,250.46058124531402,3.2743781500296425,0.5060117798260885,27.51319924473499,23.060709813178327,True,2164.1539055124576
20260811_184731__rp0p25__vinf25__inc90__toff59132__Om0__om225,1.5235998002783693,0.09339055230306051,25.178065400115813,250.46056856232462,3.1741655473264987,0.5033893625217518,29.444779196378086,29.95388232626044,True,2065.566838044831
20260811_184731__rp0p25__vinf25__inc90__toff59132__Om0__om240,1.523599798267728,0.09339058764731946,25.17806539916332,250.46057563616563,3.076731196793761,0.4923941695271032,31.303503604945274,36.982377451166116,True,1971.1933484666283
20260811_184731__rp0p25__vinf25__inc90__toff59132__Om0__om255,1.523599806366012,0.0933905510186037,25.178065403151624,250.46057096593256,2.7905792137230767,0.4468345976158896,33.200261176986544,45.81252091175508,True,1702.6932908782921
20260811_184731__rp0p25__vinf25__inc90__toff59132__Om0__om270,1.5235936320627907,0.09339061741642951,25.17803051195213,250.45982482575425,2.3428019202462114,0.34379265020452787,34.214125584823066,61.005194464047634,True,1309.77968253868
20260811_184731__rp0p25__vinf25__inc90__toff59132__Om0__om285,1.5235967689708945,0.0933905750414133,25.178047814774956,250.46021762120125,1.910504334016334,0.24731335469375132,35.05768448382657,90.23998459041485,True,964.5326496220661
20260811_184731__rp0p25__vinf25__inc90__toff59132__Om0__om30,1.5235997684184632,0.09339055725218516,25.178065607311506,250.4605558793369,1.0798028950967087,0.3890418938069581,14.297517065722001,228.48002246846113,True,409.8374338999816
20260811_184731__rp0p25__vinf25__inc90__toff59132__Om0__om300,1.5235956892064382,0.0933930359771103,25.17804750260872,250.46029473627098,1.6125336181818957,0.1573093414207985,35.85974444953163,145.74847946473812,True,747.9250148408252
20260811_184731__rp0p25__vinf25__inc90__toff59132__Om0__om315,1.5235992578721425,0.0933881252143049,25.178056866416348,250.4602739205901,1.3958307227742766,0.3056446258625228,35.94461945110439,184.63406836081055,True,602.3432140291086
20260811_184731__rp0p25__vinf25__inc90__toff59132__Om0__om330,1.523599554275258,0.09338813696655307,25.17805919465349,250.4602867696718,1.576435263946167,0.6056877889040904,23.389533879133285,186.02780474213674,True,722.9514018158766
20260811_184731__rp0p25__vinf25__inc90__toff59132__Om0__om345,1.5235972222084364,0.09339302360477196,25.178055969232776,250.46047720416482,1.1258027977482086,0.42914744322995985,26.146063216620934,197.72833017606885,True,436.3031793711112
20260811_184731__rp0p25__vinf25__inc90__toff59132__Om0__om45,1.5235997927690341,0.09339055211435568,25.178065619454753,250.46056549376758,1.1501614931599404,0.29579116685148205,12.412002773017564,234.95930046314896,True,450.5397644413007
20260811_184731__rp0p25__vinf25__inc90__toff59132__Om0__om60,1.5235937519573075,0.09339059300409924,25.17803046020241,250.45987221591153,1.2634652234733068,0.17772070087283778,11.197292177002371,234.85992982632285,True,518.7281674077739
20260811_184731__rp0p25__vinf25__inc90__toff59132__Om0__om75,1.5235997834371329,0.09339055762959328,25.178065168633605,250.46056201645064,1.426796614333469,0.05364154281361979,10.62636421553207,234.7393137597183,True,622.4980531496439
20260811_184731__rp0p25__vinf25__inc90__toff59132__Om0__om90,1.523599746911277,0.09339056533633976,25.178065150418718,250.46054759480606,1.6451724892825341,0.0725737814641237,10.967121940831218,23.68097307982907,True,770.747367778786
20260811_184731__rp0p25__vinf25__inc90__toff59132__Om180__om0,1.5236006168722243,0.0933881451272291,25.178065804122333,250.46038744143993,2.4437161931418556,0.37229432997795286,24.370252255756153,29.82852713049995,True,1395.3110780984443
20260811_184731__rp0p25__vinf25__inc90__toff59132__Om180__om105,1.5235997834371329,0.09339055762959328,25.178065168633605,250.46056201645064,1.5117347771645178,0.10801717431989682,14.531049931223578,239.24046833022902,True,678.9038920319363
20260811_184731__rp0p25__vinf25__inc90__toff59132__Om180__om120,1.5235987065146779,0.09339302151046874,25.17806441171211,250.46064044472928,1.3296264315855775,0.25117708971510094,12.82560567733997,239.5501169228893,True,560.001708650723
20260811_184731__rp0p25__vinf25__inc90__toff59132__Om180__om135,1.5236007629758233,0.0933881143000171,25.178065876981787,250.46044512949163,1.2233164579375042,0.3534172458536462,11.782438163546626,228.70234346670136,True,494.2004314246283
20260811_184731__rp0p25__vinf25__inc90__toff59132__Om180__om15,1.5235997103854233,0.09339057304309195,25.178065132203816,250.46053317316415,2.5131632674798565,0.38444013451436376,21.669619537234194,23.30603685036395,True,1455.2109281251903
20260811_184731__rp0p25__vinf25__inc90__toff59132__Om180__om150,1.523599514172507,0.0933881383554902,25.178058783662404,250.46028258042492,1.1663971823483426,0.3617698250781847,13.569318554403317,202.81445748057212,True,460.11308598068024
20260811_184731__rp0p25__vinf25__inc90__toff59132__Om180__om165,1.5235972222084364,0.09339302360477196,25.178055969232776,250.46047720416482,1.1031856356960943,0.4762288335802523,18.93482323377695,190.94291388716292,True,423.2215660518621
20260811_184731__rp0p25__vinf25__inc90__toff59132__Om180__om180,1.5235976768787756,0.09338814859860396,25.178048264311684,250.4600725388408,1.0993505559521122,0.45707124769860236,24.90489912270665,184.42643360759303,True,421.0165740211061
20260811_184731__rp0p25__vinf25__inc90__toff59132__Om180__om195,1.5235996860348555,0.09339057818093002,25.178065120060584,250.46052355873752,1.1355935711379812,0.42872741913848067,29.603702525202735,174.4306263108449,True,442.00713526192965
20260811_184731__rp0p25__vinf25__inc90__toff59132__Om180__om210,1.523599771261847,0.09339056019850807,25.178065162561968,250.46055720923562,1.17230235277963,0.370163132167262,33.382922851308166,169.64369286657404,True,463.61165695979236
20260811_184731__rp0p25__vinf25__inc90__toff59132__Om180__om225,1.5235997941907264,0.09339055358751731,25.17806539708,250.46056615871686,1.257336398891294,0.32332720565872874,35.55057025595675,159.02175516752874,True,514.9583738088613
20260811_184731__rp0p25__vinf25__inc90__toff59132__Om180__om240,1.5235997794472163,0.0933905566983121,25.17806538972764,250.4605603374794,1.3378380541847759,0.24211895726727156,36.82997414837003,146.09402954812424,True,565.1974710936329
20260811_184731__rp0p25__vinf25__inc90__toff59132__Om180__om255,1.5235997820154406,0.09339055615643167,25.17806539100836,250.46056135150138,1.4608815090525376,0.1861324749167722,37.053239117115126,123.22445971726454,True,644.9371297225018
20260811_184731__rp0p25__vinf25__inc90__toff59132__Om180__om270,1.5235937172891045,0.09339059943286018,25.178030554455226,250.45985847593028,1.6081613456954984,0.1697887867257452,36.48696308806361,91.15983853668905,True,744.8851579588019
20260811_184731__rp0p25__vinf25__inc90__toff59132__Om180__om285,1.5235968054966078,0.09339056733442866,25.178047832990156,250.46023204278032,1.7778662800976934,0.20087167911245649,35.3338605244494,63.55617646654456,True,865.8517355186302
20260811_184731__rp0p25__vinf25__inc90__toff59132__Om180__om30,1.5235998292948931,0.09339054440761635,25.17806563766964,250.46057991541593,2.346818410725424,0.34456565349508983,19.75173980696846,29.044623966996532,True,1313.1493475158445
20260811_184731__rp0p25__vinf25__inc90__toff59132__Om180__om300,1.523595762257761,0.0933930205632106,25.17804753903922,250.46032357867398,1.9625086805028618,0.25324819894628997,33.70218379116802,47.830406448146476,True,1004.1816289847168
20260811_184731__rp0p25__vinf25__inc90__toff59132__Om180__om315,1.5235992578721425,0.0933881252143049,25.178056866416348,250.4602739205901,2.1479173247350025,0.3072477607532762,31.693770559276093,38.94818869185591,True,1149.797165773333
20260811_184731__rp0p25__vinf25__inc90__toff59132__Om180__om330,1.523599505574133,0.09338814724241794,25.17805917036682,250.46026754035788,2.299500134603709,0.3468308062869517,29.422176840074247,34.92431107946755,True,1273.6351941145856
20260811_184731__rp0p25__vinf25__inc90__toff59132__Om180__om345,1.5235972709094154,0.09339301332900445,25.178055993519592,250.46049643247977,2.4722157121215185,0.3734100454460073,26.886634397006095,30.972115386554563,True,1419.791055049835
20260811_184731__rp0p25__vinf25__inc90__toff59132__Om180__om45,1.5235997988566772,0.09339055082989878,25.178065622490596,250.46056789737543,2.305297814557295,0.32533350788758203,18.140351821308933,32.65668338290554,True,1278.4550122541443
20260811_184731__rp0p25__vinf25__inc90__toff59132__Om180__om60,1.5235937707775804,0.0933906239526656,25.178030469638983,250.4598875149848,2.2625811156072486,0.3121892604243568,17.124219388313563,43.44460446865311,True,1243.0858684035375
20260811_184731__rp0p25__vinf25__inc90__toff59132__Om180__om75,1.5235998077877042,0.09339055249176546,25.178065180776837,250.46057163088173,2.1128306812025417,0.24648960241530543,16.84737160780306,63.27949070870957,True,1121.7392972549937
20260811_184731__rp0p25__vinf25__inc90__toff59132__Om180__om90,1.5235996616842886,0.09339058331877058,25.178065107917316,250.4605139443122,1.7879789440476643,0.08435285357062813,16.20744995740461,89.05759143338025,True,873.2497951563579
20260811_184731__rp0p25__vinf25__inc90__toff59132__Om270__om0,1.5235963214814952,0.09339067489789514,25.178069041423797,250.45978601424446,1.818974635804246,0.2788581833718076,23.41431543639194,98.62613794872664,True,896.0553911877716
20260811_184731__rp0p25__vinf25__inc90__toff59132__Om270__om105,1.5236029551355612,0.09339049671093293,25.178060962052065,250.46124624668613,1.1084088168013253,0.6032563359365612,31.12721946676244,222.64617431326462,True,426.2308203057682
20260811_184731__rp0p25__vinf25__inc90__toff59132__Om270__om120,1.5235963290750065,0.09339068457431111,25.178068800646297,250.45978978152021,1.2836758487367863,0.3821273459607877,27.85094027951289,244.216706268861,True,531.2243183755478
20260811_184731__rp0p25__vinf25__inc90__toff59132__Om270__om135,1.5235963309817762,0.0933906883581353,25.178069449367623,250.459790888962,1.3190471081547956,0.34754389042002853,25.832407328528245,247.66188843654334,True,553.3314453744657
20260811_184731__rp0p25__vinf25__inc90__toff59132__Om270__om15,1.5235963276533209,0.09339068310116314,25.178069023021006,250.45978911656184,1.797112577705047,0.23171495336719355,20.553840989708462,106.08535983664329,True,879.9496400415408
20260811_184731__rp0p25__vinf25__inc90__toff59132__Om270__om150,1.5235951599820121,0.09339070373493386,25.178062596391165,250.4596596278529,1.3255648698939473,0.35008412402102806,26.68861149769058,244.25346470815717,True,557.437743761316
20260811_184731__rp0p25__vinf25__inc90__toff59132__Om270__om165,1.5235948204193357,0.09339069181216347,25.178060345943134,250.45961691865668,1.3006213365933375,0.37944969803462486,29.259365464731633,237.96460728814108,True,541.7777980828582
20260811_184731__rp0p25__vinf25__inc90__toff59132__Om270__om180,1.523606568174302,0.09339032774738809,25.178035547843816,250.46235898656084,1.2439927285463728,0.42708126663816603,35.15330854159275,225.3990453143004,True,506.78255302626565
20260811_184731__rp0p25__vinf25__inc90__toff59132__Om270__om195,1.5236029527604706,0.09339049334581771,25.178060860066324,250.46124502805063,1.3603390892287202,0.29519872811053477,44.9271940175185,219.91844719505835,True,579.5163039842503
20260811_184731__rp0p25__vinf25__inc90__toff59132__Om270__om210,1.5236029575106522,0.09339050007604817,25.178061064037816,250.4612474653214,1.689902943572232,0.0871868670995166,46.41195684554535,267.0806374540353,True,802.3937477235199
20260811_184731__rp0p25__vinf25__inc90__toff59132__Om270__om225,1.523599635218638,0.09339058169657723,25.178065010919386,250.4605145786985,1.9372031219269625,0.11582375921343822,45.043247472910416,351.5929500968038,True,984.8217527739904
20260811_184731__rp0p25__vinf25__inc90__toff59132__Om270__om240,1.523599845314879,0.09339058010455376,25.178064887293285,250.46056164686155,2.0574480350930564,0.1628537332469144,43.47925810819984,14.472014491049809,True,1077.9241571567213
20260811_184731__rp0p25__vinf25__inc90__toff59132__Om270__om255,1.5235996375937186,0.09339058506166485,25.178065112905244,250.46051579735587,2.085651982620095,0.18411152924963428,41.78880316306038,30.128494283385045,True,1100.1645739492615
20260811_184731__rp0p25__vinf25__inc90__toff59132__Om270__om270,1.5235902980378295,0.09339071722203937,25.17803442674763,250.4590999984097,2.059794537020531,0.19470069435652426,39.9147209142522,44.53091238341416,True,1079.7687277909008
20260811_184731__rp0p25__vinf25__inc90__toff59132__Om270__om285,1.5235933131905648,0.0933907005254016,25.178051669007054,250.4594447217446,2.011068299973694,0.20583865334082857,37.87202066611452,58.980505937884935,True,1041.681911652751
20260811_184731__rp0p25__vinf25__inc90__toff59132__Om270__om30,1.5235963224348796,0.09339067678980724,25.178069365784467,250.4597865679654,1.7424287386624133,0.2149082574209744,17.80489283378815,114.89012519578125,True,840.093124886097
20260811_184731__rp0p25__vinf25__inc90__toff59132__Om270__om300,1.523593311768885,0.0933906990522756,25.178051891381998,250.45944405677557,1.9638212171277518,0.2130815231732538,35.50757301628902,82.65787070870833,True,1005.1892007194917
20260811_184731__rp0p25__vinf25__inc90__toff59132__Om270__om315,1.523594821130177,0.09339069254873192,25.178060234755712,250.45961725113858,1.918743524113812,0.23815231470474035,32.91677522724889,79.98203065589293,True,970.7787985073785
20260811_184731__rp0p25__vinf25__inc90__toff59132__Om270__om330,1.5236084503260776,0.0933903228669668,25.17804668186705,250.4625756446121,1.8928806232894397,0.25293512470539614,29.90450487235934,84.47998268329111,True,951.2172788816101
20260811_184731__rp0p25__vinf25__inc90__toff59132__Om270__om345,1.5235948204193357,0.09339069181216347,25.178060345943134,250.45961691865668,1.860253849222324,0.24854084073186503,26.561755601897428,92.60520484745219,True,926.7299742428819
20260811_184731__rp0p25__vinf25__inc90__toff59132__Om270__om45,1.5236029570423475,0.09339050049481663,25.17806161077323,250.46124735407494,1.667157558103946,0.18151836751838266,14.91544841417379,128.09897533003118,True,786.2485559391035
20260811_184731__rp0p25__vinf25__inc90__toff59132__Om270__om60,1.523593717110085,0.09339062334574195,25.178030205630602,250.4598522148108,1.5532370036040652,0.13333115218201666,11.409801198935572,160.7750600192941,True,707.0522114949636
20260811_184731__rp0p25__vinf25__inc90__toff59132__Om270__om75,1.5235996437655714,0.09339059326500082,25.17806509450216,250.46051889962038,1.36480929877496,0.15757850350216274,8.478567543760061,267.4768213596537,True,582.3751717248837
20260811_184731__rp0p25__vinf25__inc90__toff59132__Om270__om90,1.5236029598857435,0.0933905034411636,25.178061166023554,250.46124868395654,1.017319638077854,0.596402108353133,15.056300596459307,346.996541931154,True,374.7839934714314
20260811_184731__rp0p25__vinf25__inc90__toff59132__Om90__om0,1.523609581227693,0.09339030889658348,25.178053123619918,250.4627027171732,1.3159478525269999,0.3556141990833637,24.090306383013274,243.41973702464276,True,551.3824158341932
20260811_184731__rp0p25__vinf25__inc90__toff59132__Om90__om105,1.5235963276533209,0.09339068310116314,25.178069023021006,250.45978911656184,2.1170352559453276,0.1858592257306731,10.193605377152936,62.08890447923282,True,1125.0893875618567
20260811_184731__rp0p25__vinf25__inc90__toff59132__Om90__om120,1.5235963290750065,0.09339068457431111,25.178068800646297,250.45978978152021,2.164826281908532,0.20744135808758238,9.787080630604784,58.25581516924378,True,1163.4010998771187
20260811_184731__rp0p25__vinf25__inc90__toff59132__Om90__om135,1.5235963262316354,0.09339068162801521,25.178069245395704,250.45978845160334,2.1416641469006605,0.21451596947178103,10.489098986902684,55.716291283811586,True,1144.779758497503
20260811_184731__rp0p25__vinf25__inc90__toff59132__Om90__om15,1.5236029527604706,0.09339049334581771,25.178060860066324,250.46124502805063,1.3278735119903025,0.34185756999238925,23.759189057678732,248.8415913206681,True,558.8946521829529
20260811_184731__rp0p25__vinf25__inc90__toff59132__Om90__om150,1.5236084102232275,0.09339032425546658,25.178046270882067,250.46257145554807,2.0852517999173217,0.2198980916236603,12.037176059665628,58.33207766882361,True,1099.847949423644
20260811_184731__rp0p25__vinf25__inc90__toff59132__Om90__om165,1.5235948204193357,0.09339069181216347,25.178060345943134,250.45961691865668,2.025504642231276,0.22887729496600603,14.174354428716235,63.54989450682386,True,1052.9185006079535
20260811_184731__rp0p25__vinf25__inc90__toff59132__Om90__om180,1.5235933084404434,0.09339069379532308,25.178051465036074,250.45944228434496,1.9713289334118007,0.24064491163418605,16.883805951847258,68.88227178785249,True,1010.9589852375766
20260811_184731__rp0p25__vinf25__inc90__toff59132__Om90__om195,1.5235963276533209,0.09339068310116314,25.178069023021006,250.45978911656184,1.941584486778253,0.2557500750235435,20.052842430326333,73.0255179389796,True,988.1646925298777
20260811_184731__rp0p25__vinf25__inc90__toff59132__Om90__om210,1.5235963252782507,0.09339067973610309,25.178068921035045,250.45978789788245,1.888642841157421,0.24711438669449617,23.539610876631166,76.76103816002808,True,948.0246888292767
20260811_184731__rp0p25__vinf25__inc90__toff59132__Om90__om225,1.5236029584640454,0.0933905019679901,25.178061388398373,250.46124801901576,1.8509116193409014,0.2500125369399241,26.928868902997177,81.41310500640151,True,919.7576632876488
20260811_184731__rp0p25__vinf25__inc90__toff59132__Om90__om240,1.5235997445994216,0.0933905870392164,25.1780651351508,250.46054033587632,1.812172211811783,0.2318447615075587,30.070520749519613,84.4365109365141,True,891.0336226178775
20260811_184731__rp0p25__vinf25__inc90__toff59132__Om90__om255,1.5235996423438798,0.09339059179184,25.178065316876896,250.4605182346708,1.7498865514872202,0.21777111030062477,33.2316524825061,88.76691067517605,True,845.4924474420695
20260811_184731__rp0p25__vinf25__inc90__toff59132__Om90__om270,1.5235969302578622,0.09339053751531139,25.178026570361208,250.4605595651755,1.6692702267178157,0.1887805418318146,36.646030258084764,95.69117265236548,True,787.743563507743
20260811_184731__rp0p25__vinf25__inc90__toff59132__Om90__om285,1.523599940666633,0.09339051411185503,25.17804360834453,250.46090185150928,1.557937489420776,0.14516048655336763,40.961807184267215,112.06170335656114,True,710.2642152448327
20260811_184731__rp0p25__vinf25__inc90__toff59132__Om90__om30,1.5236029546672565,0.09339049712970134,25.17806150878747,250.46124613543964,1.3232854765310842,0.3514190659137842,21.742251002530693,250.73788741504893,True,556.0005374002255
20260811_184731__rp0p25__vinf25__inc90__toff59132__Om90__om300,1.523593311768885,0.0933906990522756,25.178051891381998,250.45944405677557,1.3985942445103883,0.14237018739795057,47.802414498478186,159.19838998223474,True,604.1329140663959
20260811_184731__rp0p25__vinf25__inc90__toff59132__Om90__om315,1.5235948258803085,0.09339069927883144,25.17806043872715,250.45961968851748,1.1242662394020275,0.40737944985113994,60.10439617688652,194.00651171719778,True,435.41024791448086
20260811_184731__rp0p25__vinf25__inc90__toff59132__Om90__om330,1.5235952000847135,0.09339070234583678,25.178063007384313,250.4596638168792,0.9914761602762315,0.7572110112959558,27.045783791990097,200.2217713306953,True,360.5938426608633
20260811_184731__rp0p25__vinf25__inc90__toff59132__Om90__om345,1.5235948204193357,0.09339069181216347,25.178060345943134,250.45961691865668,1.2501785170206932,0.42515275259618923,20.555513765282583,230.47591434760253,True,510.567233689925
20260811_184731__rp0p25__vinf25__inc90__toff59132__Om90__om45,1.5235996337969464,0.09339058022341665,25.178065233294163,250.46051391374866,1.263694911677622,0.41333461899636614,18.471490897297578,253.32483978390033,True,518.8696249887172
20260811_184731__rp0p25__vinf25__inc90__toff59132__Om90__om60,1.5235938178253723,0.09339061641040057,25.178029957783778,250.45987352573584,1.3023440219563034,0.3563624069861536,14.944966656791369,287.69606039032067,True,542.8545392145792
20260811_184731__rp0p25__vinf25__inc90__toff59132__Om90__om75,1.5235996390154105,0.09339058653482551,25.178064890530457,250.4605164623056,1.6398488104218598,0.11495377890270198,14.057781272537378,336.56650098432044,True,767.0092580058947
20260811_184731__rp0p25__vinf25__inc90__toff59132__Om90__om90,1.5235963276533209,0.09339068310116314,25.178069023021006,250.45978911656184,1.9544386276108328,0.13040996500612645,11.724051436871532,54.72228217309888,True,997.9940419246051
20260811_184731__rp0p25__vinf25__incm30__toff59132__Om0__om0,1.5235973201351427,0.09338821130184839,25.178069536197505,250.45967270294437,1.0674041982734066,0.4779303190849348,29.279998554852117,192.83724522031181,True,402.7988781084021
20260811_184731__rp0p25__vinf25__incm30__toff59132__Om0__om105,1.5236030807439305,0.09339044922393765,25.17806081232197,250.46129155547146,1.909962895102431,0.1837505995860961,38.46237132170371,351.85213868601505,True,964.1226543407142
20260811_184731__rp0p25__vinf25__incm30__toff59132__Om0__om120,1.5235954123970183,0.09339309220644892,25.1780686813172,250.45992718047972,2.293583663956503,0.3038571100693774,36.527016840466786,0.47922092665399557,True,1268.7228812150984
20260811_184731__rp0p25__vinf25__incm30__toff59132__Om0__om135,1.523601615635181,0.09338806722711214,25.178058926708744,250.46071100454958,2.7473080429038395,0.40722035979389826,34.41867489802641,5.139218621726058,True,1663.243859284136
20260811_184731__rp0p25__vinf25__incm30__toff59132__Om0__om15,1.5236014459925895,0.09339049553918868,25.178052485753135,250.4610698011183,1.0335798363700366,0.47761435866367724,34.68566683950108,192.89149996006856,True,383.80527093572306
20260811_184731__rp0p25__vinf25__incm30__toff59132__Om0__om150,1.5235995440187164,0.09338814463747375,25.17805878245846,250.46027766053146,3.2125368057447012,0.4881808000334527,32.21719315595595,9.070078676753914,True,2103.134561752327
20260811_184731__rp0p25__vinf25__incm30__toff59132__Om0__om165,1.5235972223395498,0.0933930121802092,25.178055909021328,250.46048525504239,3.6154401253161645,0.5400253695657372,29.80310984021652,11.883063412908072,True,2510.94183645217
20260811_184731__rp0p25__vinf25__incm30__toff59132__Om0__om180,1.5235957467319883,0.09338824436680324,25.17806069309647,250.45947508786094,3.8719925019987875,0.5840499896224638,27.925176737624405,19.537861194296227,True,2782.8939317868812
20260811_184731__rp0p25__vinf25__incm30__toff59132__Om0__om195,1.5235948374029427,0.09339066933640193,25.178060465928695,250.45961951553167,3.863057752582086,0.5808557826914252,27.5600210485499,12.981052289408398,True,2773.267062476993
20260811_184731__rp0p25__vinf25__incm30__toff59132__Om0__om210,1.5235934526368244,0.09339065309531012,25.178051738522424,250.4594957226625,3.726430893294501,0.5672206609873627,24.50442378613734,24.73977212697998,True,2627.4502394983697
20260811_184731__rp0p25__vinf25__incm30__toff59132__Om0__om225,1.5235964352403415,0.09339064062131172,25.1780692997308,250.45982743493119,3.547779171992348,0.5513071642619128,22.464115841697904,32.037946923211884,True,2440.7863282246203
20260811_184731__rp0p25__vinf25__incm30__toff59132__Om0__om240,1.523596431807973,0.09339067449233235,25.178069521152942,250.4598338440627,3.3978206128394115,0.516327208169772,21.297368619391573,36.63786110606972,True,2287.681511488011
20260811_184731__rp0p25__vinf25__incm30__toff59132__Om0__om255,1.523593423536333,0.09339065150339616,25.178051522408012,250.459483670935,3.0293264701627813,0.4860728750981546,18.48280549524581,62.510856226999906,True,1925.812547160186
20260811_184731__rp0p25__vinf25__incm30__toff59132__Om0__om270,1.5236029255504906,0.09339048672043061,25.17806072418873,250.46123061242326,2.4657691581658807,0.48706197950100366,16.569831081800814,93.34552639544023,True,1414.241302465357
20260811_184731__rp0p25__vinf25__incm30__toff59132__Om0__om285,1.5236015403091574,0.09339047088653595,25.178052543528867,250.46110670784702,2.0764625122070255,0.30847414160331216,17.71571890253248,107.2241562498869,True,1092.9015318641339
20260811_184731__rp0p25__vinf25__incm30__toff59132__Om0__om30,1.5236000154408302,0.09339047468997484,25.178043767891417,250.46092693361192,1.0468931815980054,0.4285044128971311,39.427063040772346,192.99455202349918,True,391.24468360927517
20260811_184731__rp0p25__vinf25__incm30__toff59132__Om0__om300,1.523600457924896,0.09339292729990972,25.178051693828113,250.46118235728449,1.7219784477458044,0.2648773592679466,16.97750009993454,144.8770074858765,True,825.3467768775331
20260811_184731__rp0p25__vinf25__incm30__toff59132__Om0__om315,1.5235992068142805,0.09338812148748617,25.178057171074162,250.46026157888622,1.4444285770693999,0.347981324104236,14.991345710427456,187.16582338117112,True,634.0726202863523
20260811_184731__rp0p25__vinf25__incm30__toff59132__Om0__om330,1.5235995854203594,0.09338812434715311,25.178058664909443,250.46029318338714,1.30253493504734,0.444112750009663,24.32535479383426,190.32002536265904,True,542.9739107105306
20260811_184731__rp0p25__vinf25__incm30__toff59132__Om0__om345,1.523597166634626,0.09339301293841541,25.1780557965517,250.4604624814642,1.1507694853013204,0.43832391311090707,24.481288004527947,189.7315217631764,True,450.89705448457664
20260811_184731__rp0p25__vinf25__incm30__toff59132__Om0__om45,1.5235964305744114,0.09339064337896234,25.178069074320298,250.4598256962959,1.1092948576200934,0.33512952924863004,42.01551785502314,195.32280872945842,True,426.74200358357683
20260811_184731__rp0p25__vinf25__incm30__toff59132__Om0__om60,1.5235964205811074,0.0933906532199883,25.17806927093989,250.45982231245057,1.2233133261068614,0.21886073022970015,42.435539247348835,201.257962885993,True,494.1985336110402
20260811_184731__rp0p25__vinf25__incm30__toff59132__Om0__om75,1.5235933991859656,0.09339065664156715,25.178051510264563,250.45947405660593,1.3860795447762684,0.10199294766140812,41.599706773106504,221.49450721775972,True,596.0423577431463
20260811_184731__rp0p25__vinf25__incm30__toff59132__Om0__om90,1.52359637854503,0.0933906483980097,25.178068623687302,250.4598046951503,1.6103227833501883,0.07343906110135556,40.194028341517075,316.8944596421236,True,746.3873987292114
20260811_184731__rp0p25__vinf25__incm30__toff59132__Om180__om0,1.5235972518338168,0.09338823344611802,25.17806970373982,250.45964629653912,-3.7703070796684015,1.2929814612397776,23.274289081863905,11.081591896345804,False,
20260811_184731__rp0p25__vinf25__incm30__toff59132__Om180__om105,1.5236030489680985,0.09339046366065128,25.17806099807845,250.46127957100867,2.4918916390352543,0.4030318269752805,26.0015836089631,96.55318279657597,True,1436.7745338066557
20260811_184731__rp0p25__vinf25__incm30__toff59132__Om180__om120,1.523601964450596,0.09339291786368542,25.178060481936924,250.46135421473406,1.6548441180932993,0.32067649793601244,35.69961818311516,123.75365637887941,True,777.5539435139062
20260811_184731__rp0p25__vinf25__incm30__toff59132__Om180__om135,1.5235999629196864,0.09338811971289798,25.178061120402663,250.4603488456516,1.7519242552107683,0.545813397646166,31.057171775015867,168.2974883224139,True,846.9697128412197
20260811_184731__rp0p25__vinf25__incm30__toff59132__Om180__om15,1.5235948381137838,0.09339067007297042,25.17806035474129,250.45961984801357,-6.288135666929516,1.1865206710760383,24.071628325877967,13.263714925474558,False,
20260811_184731__rp0p25__vinf25__incm30__toff59132__Om180__om150,1.5235995862811496,0.09338812523909987,25.178058530268466,250.46029358600867,1.340449008838645,0.5498173643054363,23.248410655762175,174.63059245807358,True,566.8528561384423
20260811_184731__rp0p25__vinf25__incm30__toff59132__Om180__om165,1.5235971677008915,0.09339301404327921,25.178055629770466,250.4604629801645,1.1238197199944409,0.5129716886727324,24.230941167075663,189.62411113215322,True,435.1508789851234
20260811_184731__rp0p25__vinf25__incm30__toff59132__Om180__om180,1.5235958150331794,0.09338822222231133,25.178060525555015,250.45950149417718,0.9831686801394952,0.6395070700868029,22.487689614678086,199.67410307741602,True,356.07127948531627
20260811_184731__rp0p25__vinf25__incm30__toff59132__Om180__om195,1.5236014452817417,0.09339049480260746,25.178052596940635,250.46106946864515,0.8799567797300171,0.781866195610315,17.326700063230337,207.9662841443189,True,301.4997142750097
20260811_184731__rp0p25__vinf25__incm30__toff59132__Om180__om210,1.523600016862523,0.09339047616312683,25.178043545516307,250.46092759856333,0.8283194047399114,0.9114042122207043,24.841726187047644,349.38620909285225,True,275.35416224201856
20260811_184731__rp0p25__vinf25__incm30__toff59132__Om180__om225,1.5235964291527255,0.09339064190581363,25.178069296695007,250.45982503133766,-1.5600586885608054,1.9656701915414505,22.576840038704926,202.69278461513468,False,
20260811_184731__rp0p25__vinf25__incm30__toff59132__Om180__om240,1.523596417737736,0.093390650273691,25.17806971568927,250.45982098253427,1.8627603763877418,0.28316166874807175,20.508869460148766,326.20586887343694,True,928.603634776451
20260811_184731__rp0p25__vinf25__incm30__toff59132__Om180__om255,1.5235933991859656,0.09339065664156715,25.178051510264563,250.45947405660593,1.4826815769764126,0.22021457014611767,22.531017162595347,270.8120601494224,True,659.4270061514371
20260811_184731__rp0p25__vinf25__incm30__toff59132__Om180__om270,1.52359637854503,0.0933906483980097,25.178068623687302,250.4598046951503,1.563323074045776,0.21157389794465056,22.857837154777894,275.00817624134675,True,713.9503309785342
20260811_184731__rp0p25__vinf25__incm30__toff59132__Om180__om285,1.5236015720849265,0.09339045644972085,25.178052357772998,250.46111869225538,1.678571692339813,0.22494671211235837,22.55024963248503,286.6249138739322,True,794.336894382816
20260811_184731__rp0p25__vinf25__incm30__toff59132__Om180__om30,1.5235934512151443,0.09339065162218306,25.178051960897367,250.45949505769386,-14.310052084280937,1.0959734528057925,24.53220588452237,20.256018619587437,False,
20260811_184731__rp0p25__vinf25__incm30__toff59132__Om180__om300,1.5235939058742491,0.09339310165406443,25.17805989305535,250.45975532316064,1.5645677084816856,0.2785193425062515,20.003828479035885,278.625825344496,True,714.803114409066
20260811_184731__rp0p25__vinf25__incm30__toff59132__Om180__om315,1.5236008595293884,0.09338806900024116,25.17805497739963,250.46062373776007,1.5130791726336117,0.33245233006703545,21.20554457582677,2.577847616359795,True,679.8097237502607
20260811_184731__rp0p25__vinf25__incm30__toff59132__Om180__om330,1.5235995431579266,0.09338814374552722,25.178058917099456,250.46027725790987,-1.8651811604315545,1.7094629561994261,18.242753057230036,63.47229376538444,False,
20260811_184731__rp0p25__vinf25__incm30__toff59132__Om180__om345,1.523597221273284,0.09339301107534513,25.178056075802576,250.46048475634223,-2.3887669330176666,1.4784189972072965,20.950795878353546,17.611259140883224,False,
20260811_184731__rp0p25__vinf25__incm30__toff59132__Om180__om45,1.5235964366620274,0.09339064209446049,25.178069077356138,250.4598280998894,45.45068888250478,0.967358408080758,25.103676295702957,28.322810875971633,True,111919.45778216278
20260811_184731__rp0p25__vinf25__incm30__toff59132__Om180__om60,1.5235964346513444,0.09339067743863015,25.178069076403556,250.45983517397826,9.092029663139886,0.8362560516335242,25.34433684074033,37.252615370648144,True,10013.505905364413
20260811_184731__rp0p25__vinf25__incm30__toff59132__Om180__om75,1.523593423536333,0.09339065150339616,25.178051522408012,250.459483670935,4.812702272726281,0.6727098889155109,25.829463002813796,45.23019555952468,True,3856.3672509254093
20260811_184731__rp0p25__vinf25__incm30__toff59132__Om180__om90,1.5236029255504906,0.09339048672043061,25.17806072418873,250.46123061242326,3.292282412222641,0.42591425942529515,29.262238257475826,48.638801975511015,True,2181.928501250644
20260811_184731__rp0p25__vinf25__incm30__toff59132__Om270__om0,1.5235962661245892,0.09339066857280058,25.17806901379231,250.45976010056972,2.666231175376909,0.5078479910556514,17.78748673476951,129.1731350467302,True,1590.1628226278795
20260811_184731__rp0p25__vinf25__incm30__toff59132__Om270__om105,1.523602997891658,0.09339047057085073,25.178060871806093,250.4612591234021,1.0821325240684083,0.44843999092538916,43.486371760326186,186.3166222274082,True,411.16445934256166
20260811_184731__rp0p25__vinf25__incm30__toff59132__Om270__om120,1.5235963933378731,0.09339065034940242,25.17806916729287,250.4598109422571,1.0729272900668576,0.41951067950741777,52.941542401276074,190.99067288352086,True,405.9292347151515
20260811_184731__rp0p25__vinf25__incm30__toff59132__Om270__om135,1.5235956218969733,0.09339066841411969,25.178064742596327,250.45971849732834,1.3942937562107258,0.08257037124828738,59.44630841622371,208.0479893983523,True,601.3486165426353
20260811_184731__rp0p25__vinf25__incm30__toff59132__Om270__om15,1.5235948381137838,0.09339067007297042,25.17806035474129,250.45961984801357,2.4843278511515194,0.36802621833069915,20.807976520629865,104.03346552474588,True,1430.2378087727482
20260811_184731__rp0p25__vinf25__incm30__toff59132__Om270__om150,1.523595232659948,0.09339070998073473,25.178062777407686,250.4596855169483,2.398167665142329,0.4005735387516854,42.003751279128394,353.7980864652659,True,1356.4825361684054
20260811_184731__rp0p25__vinf25__incm30__toff59132__Om270__om165,1.5235948384692048,0.09339067044125465,25.178060299147578,250.4596200142546,1.7011256293769497,0.22184640784440623,33.29133534433312,310.12258925833555,True,810.4000776813814
20260811_184731__rp0p25__vinf25__incm30__toff59132__Om270__om180,1.5236081425164276,0.09339028778039299,25.17804414637123,250.46255367546306,1.6311781668525205,0.20115337213171733,31.61098905942828,294.23366954250787,True,760.9340042430903
20260811_184731__rp0p25__vinf25__incm30__toff59132__Om270__om195,1.5236014503317952,0.09339048213842012,25.17805229705583,250.46107061993723,1.7688328357087633,0.21613455989775449,30.42132004978551,306.3896160383044,True,859.2609590138717
20260811_184731__rp0p25__vinf25__incm30__toff59132__Om270__om210,1.5236000581385554,0.09339047518659212,25.178043767702185,250.46094445753664,1.9641889915007251,0.26829665505265277,29.909642860174525,317.90990423678466,True,1005.4715839621663
20260811_184731__rp0p25__vinf25__incm30__toff59132__Om270__om225,1.5235986476207564,0.0933930069517038,25.178064521600596,250.46062411536326,2.210356896072447,0.33766576374309143,31.486123857813773,323.32080553244367,True,1200.2963809043983
20260811_184731__rp0p25__vinf25__incm30__toff59132__Om270__om240,1.523598904996315,0.09339299361088355,25.178064644636034,250.46068974582022,3.411936372193284,0.5718268435711068,35.54602092187541,335.157020510525,True,2301.952075192203
20260811_184731__rp0p25__vinf25__incm30__toff59132__Om270__om255,1.5235956369527293,0.09339302920312641,25.178047047357396,250.4602816202614,-15.895430848338654,1.0894776880065002,32.18405132852324,346.82408071328837,False,
20260811_184731__rp0p25__vinf25__incm30__toff59132__Om270__om270,1.5235963954704017,0.09339065255912507,25.178068833730805,250.45981193969467,-4.77707151316189,1.256597128742101,25.120813219442944,358.86112571072124,False,
20260811_184731__rp0p25__vinf25__incm30__toff59132__Om270__om285,1.5235947887021195,0.09339067961260303,25.178060441642046,250.45960028683947,-6.413997816734161,1.1695007738969467,22.876731915772112,13.555051421279352,False,
20260811_184731__rp0p25__vinf25__incm30__toff59132__Om270__om30,1.5235934001393465,0.0933906585334809,25.17805183462501,250.45947461033631,1.9831149073745076,0.41260578933243575,23.098789527532258,125.47756509656803,True,1020.0388457389076
20260811_184731__rp0p25__vinf25__incm30__toff59132__Om270__om300,1.5235947650625508,0.09339068548727568,25.178060318311314,250.45959100497717,-17.982318038051204,1.079970365275408,21.638448766833726,28.531372441252586,False,
20260811_184731__rp0p25__vinf25__incm30__toff59132__Om270__om315,1.523594787991278,0.09339067887603476,25.178060552829464,250.45959995435737,20.557953109454484,0.9255069432296755,20.33564145771954,38.608974098904945,True,34045.8905814163
20260811_184731__rp0p25__vinf25__incm30__toff59132__Om270__om330,1.5236083689431414,0.09339035347196652,25.178046530134612,250.46255228686445,6.856349770885927,0.7641189077010357,19.581196572648572,44.6470578977565,True,6557.440208089363
20260811_184731__rp0p25__vinf25__incm30__toff59132__Om270__om345,1.5235948191401338,0.09339067318997608,25.178060456821196,250.45961230477158,3.8763597445977727,0.5611674047473622,19.16579881688494,79.22675052607032,True,2787.603522249021
20260811_184731__rp0p25__vinf25__incm30__toff59132__Om270__om45,1.5236020453386327,0.09339291328274105,25.178060713136713,250.46138704568207,1.5227229064070669,0.24558133052579134,32.614446372316095,110.85469328991364,True,686.3193028805914
20260811_184731__rp0p25__vinf25__incm30__toff59132__Om270__om60,1.5235988071242634,0.0933930034918885,25.1780644477438,250.4606697651825,1.473268765913442,0.29230939277906937,30.257931981036283,181.2736181596252,True,653.1574199408119
20260811_184731__rp0p25__vinf25__incm30__toff59132__Om270__om75,1.5235957147541834,0.0933930205193599,25.178047287758726,250.46031289993462,1.295268946382592,0.3825286162728547,31.89902831837405,163.95113387157258,True,538.4369093585331
20260811_184731__rp0p25__vinf25__incm30__toff59132__Om270__om90,1.523602905950002,0.09339049858832882,25.178060916016864,250.461223435215,1.168680686406375,0.40984719222131877,36.87863761456676,179.30262816919318,True,461.4649207360116
20260811_184731__rp0p25__vinf25__incm30__toff59132__Om90__om0,1.5236096476241405,0.09339027688311279,25.17805315670488,250.46272487646067,1.5291909502872048,0.18553122374387773,36.17401449618683,254.3970038910768,True,690.696843306068
20260811_184731__rp0p25__vinf25__incm30__toff59132__Om90__om105,1.5235962973577155,0.09339067237461687,25.17806889634534,250.45977314973607,4.428761557726048,0.6420212718499582,32.75067255648006,17.68186781695515,True,3404.225655681351
20260811_184731__rp0p25__vinf25__incm30__toff59132__Om90__om120,1.523596271585572,0.09339067603949239,25.178069106576846,250.45976287041015,3.755896283096535,0.6371494648100029,32.26467524780443,20.570830807717275,True,2658.675165007944
20260811_184731__rp0p25__vinf25__incm30__toff59132__Om90__om135,1.5235955440955284,0.09339067709818406,25.17806450219488,250.4596872168861,3.3457116482758393,0.5463162192270007,29.268538761787926,29.168459340838023,True,2235.2579845004525
20260811_184731__rp0p25__vinf25__incm30__toff59132__Om90__om15,1.5236014510426428,0.09339048287500126,25.17805218586835,250.4610709524104,1.7681393133323635,0.17100367425789287,37.96919042660995,293.30080818223803,True,858.7556611631285
20260811_184731__rp0p25__vinf25__incm30__toff59132__Om90__om150,1.5236083698039413,0.09339035436393697,25.178046395493435,250.4625526894573,2.9955478535738234,0.4913310346472306,27.88339033380044,48.24032250115584,True,1893.6917407606418
20260811_184731__rp0p25__vinf25__incm30__toff59132__Om90__om165,1.5235948202063958,0.0933906742948288,25.17806029004008,250.45961280349457,2.5913673751760133,0.5506519509655758,23.889278217576212,66.49993588846944,True,1523.6610741129498
20260811_184731__rp0p25__vinf25__incm30__toff59132__Om90__om180,1.5235947610232614,0.09339067949374656,25.178060003152453,250.45958890007796,2.2695431888422126,0.4080309737753869,22.716804714604443,86.34269082545583,True,1248.827834246513
20260811_184731__rp0p25__vinf25__incm30__toff59132__Om90__om195,1.5235948374029427,0.09339066933640193,25.178060465928695,250.45961951553167,2.0295972008708696,0.3271703203566101,20.60813780563784,103.05032562214873,True,1056.1112654240894
20260811_184731__rp0p25__vinf25__incm30__toff59132__Om90__om210,1.5235934015610266,0.09339066000660753,25.178051612250037,250.45947527530518,1.7337937776104735,0.28665763573486835,19.121376481106452,134.12169960650056,True,833.8559889555578
20260811_184731__rp0p25__vinf25__incm30__toff59132__Om90__om225,1.5236020439169362,0.09339291180956519,25.178060935511656,250.4613863807627,1.4872071181156994,0.3083659385460023,17.640328063203334,166.95420788279998,True,662.4484304348189
20260811_184731__rp0p25__vinf25__incm30__toff59132__Om90__om240,1.5235988042808832,0.09339300054556189,25.178064892493516,250.46066843532628,1.2568943992479125,0.3839748284882042,16.593674373419258,196.91504496846846,True,514.6868576738265
20260811_184731__rp0p25__vinf25__incm30__toff59132__Om90__om255,1.5235957147541834,0.0933930205193599,25.178047287758726,250.46031289993462,1.0834944655936536,0.5112341838941471,16.243180044455986,211.66519263749228,True,411.94092354060905
20260811_184731__rp0p25__vinf25__incm30__toff59132__Om90__om270,1.523602905950002,0.09339049858832882,25.178060916016864,250.461223435215,0.9636037135298466,0.6417245094850053,18.926037105730575,212.12691573223773,True,345.49565488424315
20260811_184731__rp0p25__vinf25__incm30__toff59132__Om90__om285,1.523601489232818,0.09339047779690882,25.1780524172565,250.4610862602754,0.9159686855398078,0.7036363986113393,28.94296845226951,206.20800349650787,True,320.19594835517194
20260811_184731__rp0p25__vinf25__incm30__toff59132__Om90__om30,1.5236000567168626,0.09339047371343978,25.17804399007728,250.4609437925855,2.1851938521886427,0.2628480430422643,39.7640435944116,331.7269317316064,True,1179.858287255326
20260811_184731__rp0p25__vinf25__incm30__toff59132__Om90__om300,1.523594886814611,0.09339065979677974,25.178060379027926,250.4596390767103,0.9749012991651417,0.603826922498646,38.919193020558396,207.9718994449189,True,351.5894752102562
20260811_184731__rp0p25__vinf25__incm30__toff59132__Om90__om315,1.523594865792646,0.0933906701918369,25.17806079323084,250.4596312347765,1.0958072394539973,0.44684408222585126,37.569452761948504,216.3199434715701,True,418.9827474125661
20260811_184731__rp0p25__vinf25__incm30__toff59132__Om90__om330,1.5235952317991628,0.09339070908879442,25.178062912048674,250.45968511433463,1.2067405376752292,0.3447415237276048,35.249249892846336,222.58169658821555,True,484.18992173308925
20260811_184731__rp0p25__vinf25__incm30__toff59132__Om90__om345,1.5235948374029427,0.09339066933640193,25.178060465928695,250.45961951553167,1.345801416214911,0.25748928556824324,35.09766237918224,231.51072093619806,True,570.2514047858406
20260811_184731__rp0p25__vinf25__incm30__toff59132__Om90__om45,1.5235986490424465,0.09339300842486621,25.178064299225746,250.46062478029194,2.9920706993671438,0.4404654852523336,39.707214833039195,349.9898975583178,True,1890.3954754382075
20260811_184731__rp0p25__vinf25__incm30__toff59132__Om90__om60,1.5235989078396959,0.09339299655721083,25.17806419988633,250.46069107567607,4.058551919602838,0.5845099992152154,38.140371127322695,358.04901258289516,True,2986.424580537557
20260811_184731__rp0p25__vinf25__incm30__toff59132__Om90__om75,1.5235956369527293,0.09339302920312641,25.178047047357396,250.4602816202614,4.793742613304366,0.6480578214794674,35.792790700043035,4.529218961425273,True,3833.601448497825
20260811_184731__rp0p25__vinf25__incm30__toff59132__Om90__om90,1.5235963954704017,0.09339065255912507,25.178068833730805,250.45981193969467,4.89784402910237,0.6620150279689776,33.84017734443118,10.294669873623775,True,3959.153306201862
20260811_184731__rp0p25__vinf25__incm60__toff59132__Om0__om0,1.5236006388577419,0.09338812462196594,25.178065436295107,250.46040377815098,1.1033052022219068,0.45343862826356773,26.500416604012557,189.83287944298598,True,423.2903729259306
20260811_184731__rp0p25__vinf25__incm60__toff59132__Om0__om105,1.523596750633644,0.09339055740475327,25.178047549121406,250.4602176521243,1.8348248264426597,0.17142904099264122,38.31586645918861,31.174321459885338,True,907.7929466355552
20260811_184731__rp0p25__vinf25__incm60__toff59132__Om0__om120,1.5235987244691305,0.09339299637653563,25.178064437641424,250.46065484144657,2.0900444992170235,0.26207846452838285,36.30400562896228,23.577501447460442,True,1103.6419287636656
20260811_184731__rp0p25__vinf25__incm60__toff59132__Om0__om135,1.523599210611051,0.09338812632570938,25.178057050684913,250.46026346257122,2.3564107034005053,0.33635726030279467,33.98390254207211,21.613824316136785,True,1321.2085407207712
20260811_184731__rp0p25__vinf25__incm60__toff59132__Om0__om15,1.5236029446826749,0.09339047527130219,25.178061079095976,250.46123767838696,1.085127808917766,0.4357943548415539,31.72917813688395,184.12891648715606,True,412.8727618954147
20260811_184731__rp0p25__vinf25__incm60__toff59132__Om0__om150,1.5235996344622569,0.09338813188006923,25.178058498444134,250.46029609200082,2.5889851582808916,0.3962076538841706,31.54808726914504,21.921874231315442,True,1521.5605285423956
20260811_184731__rp0p25__vinf25__incm60__toff59132__Om0__om165,1.5235972147418335,0.09339300182136985,25.178055795342075,250.46048140512315,2.6474017505449106,0.4070341889937938,29.172184285614943,23.060621972300382,True,1573.3475561097491
20260811_184731__rp0p25__vinf25__incm60__toff59132__Om0__om180,1.5236005669934933,0.09338814171813437,25.178065450858277,250.46037554348135,2.9029973333126797,0.44779018522139274,26.42653692861898,24.270185779718595,True,1806.6118213976113
20260811_184731__rp0p25__vinf25__incm60__toff59132__Om0__om195,1.5235996586167107,0.0933905685795966,25.178065548049805,250.46052049931788,2.8800467418742817,0.4426174645032222,24.093506007368973,27.321789060998803,True,1785.2300835023873
20260811_184731__rp0p25__vinf25__incm60__toff59132__Om0__om210,1.5236030969586025,0.09339045264875898,25.178061133552486,250.4612984675145,2.8271096427668656,0.4371633280598895,21.85656608522774,29.078692009559358,True,1736.2364530654415
20260811_184731__rp0p25__vinf25__incm60__toff59132__Om0__om225,1.5235964390370982,0.09339064545952205,25.17806917934207,250.45982931856784,2.778317679424653,0.42300698842646467,19.92026647153204,34.80472275591967,True,1691.4834235745768
20260811_184731__rp0p25__vinf25__incm60__toff59132__Om0__om240,1.5236030616662588,0.09339049146881999,25.17806156217057,250.4612921931249,2.693890619769887,0.4191729290695275,18.45522247278005,47.643804672562595,True,1614.9713766943132
20260811_184731__rp0p25__vinf25__incm60__toff59132__Om0__om255,1.5236030726079253,0.09339045778641031,25.178061121409176,250.46128885302582,2.5140291784632005,0.37700766028639937,17.553418158595093,65.58385953195862,True,1455.963082795941
20260811_184731__rp0p25__vinf25__incm60__toff59132__Om0__om270,1.5235932798092024,0.09339068569749893,25.178051551532807,250.45942720367867,2.149469227376516,0.26791019999837073,16.856181325013374,88.91952117063873,True,1151.043509504927
20260811_184731__rp0p25__vinf25__incm60__toff59132__Om0__om285,1.5235967212331478,0.0933905752069477,25.17804783686227,250.4602068865767,1.779242239247951,0.15857996687653383,15.76230852338765,131.3086412739676,True,866.8571039607825
20260811_184731__rp0p25__vinf25__incm60__toff59132__Om0__om30,1.5236000192376045,0.0933904795282223,25.17804364750157,250.46092881721876,1.1099324432293403,0.38552681202461564,36.05198412301609,180.06376438084916,True,427.1099720065037
20260811_184731__rp0p25__vinf25__incm60__toff59132__Om0__om300,1.5235956376719626,0.09339303130445116,25.17804764508573,250.46028211833718,1.5110537604618328,0.18518901398205728,14.634700970583749,187.96449135337693,True,678.4451877443327
20260811_184731__rp0p25__vinf25__incm60__toff59132__Om0__om315,1.5235992100172808,0.09338812548444073,25.178057025188515,250.46026315789396,1.3747999029035134,0.26167785592520876,12.865254306189678,193.8454610858605,True,588.7814672900538
20260811_184731__rp0p25__vinf25__incm60__toff59132__Om0__om330,1.5235995691282707,0.09338813440567771,25.178058651691824,250.46029417404068,1.3782341418552144,0.43433969461189587,13.127168835742586,204.69243362395034,True,590.9890014168734
20260811_184731__rp0p25__vinf25__incm60__toff59132__Om0__om345,1.5235971738769196,0.09339302292896469,25.178055965824687,250.46046616515142,1.1259186342923313,0.4258895009096946,21.33520920881907,193.29823997738316,True,436.37051952065843
20260811_184731__rp0p25__vinf25__incm60__toff59132__Om0__om45,1.5235964336603247,0.0933906474805982,25.1780690651189,250.45982724745352,1.1767872160116306,0.3026937743851012,39.01407752869735,174.96909150682083,True,466.2746502940505
20260811_184731__rp0p25__vinf25__incm60__toff59132__Om0__om60,1.5235964144092806,0.09339064501671725,25.17806928934269,250.45981921013487,1.2794591084083438,0.19971512127319296,40.538115298868,166.8336750881484,True,528.608944996072
20260811_184731__rp0p25__vinf25__incm60__toff59132__Om0__om75,1.5236030427962182,0.09339045545724427,25.178061016481813,250.46127646879847,1.4232643745429772,0.09807262891504438,40.71146418691598,141.94051325189432,True,620.1878595244716
20260811_184731__rp0p25__vinf25__incm60__toff59132__Om0__om90,1.5236030103095388,0.09339046915737603,25.178061313425708,250.46126415186848,1.6100432327577432,0.0839504300021,39.86880981094743,61.872608145883675,True,746.193048889004
20260811_184731__rp0p25__vinf25__incm60__toff59132__Om180__om0,1.5236005669934933,0.09338814171813437,25.178065450858277,250.46037554348135,5.512852625899375,0.7027282312599316,21.628576761052564,17.93151092328619,True,4727.804028970569
20260811_184731__rp0p25__vinf25__incm60__toff59132__Om180__om105,1.5235967212331478,0.0933905752069477,25.17804783686227,250.4602068865767,2.309180026542683,0.38943934465339264,33.74229819243071,85.47730967360897,True,1281.6858241196376
20260811_184731__rp0p25__vinf25__incm60__toff59132__Om180__om120,1.5235986549801395,0.09339301683759428,25.178064554190406,250.46062782683123,1.809059056588748,0.31862746692135774,32.1555292368193,120.2390448409376,True,888.7385308968827
20260811_184731__rp0p25__vinf25__incm60__toff59132__Om180__om135,1.5235992100172808,0.09338812548444073,25.178057025188515,250.46026315789396,1.49262483129529,0.3341034086469275,33.072580115696056,154.12734521846173,True,666.0715526934443
20260811_184731__rp0p25__vinf25__incm60__toff59132__Om180__om15,1.5235996600384023,0.09339057005275737,25.17806532567502,250.46052116426765,5.44311247904133,0.7415525076553273,24.134030591739634,23.481053824706407,True,4638.374982927382
20260811_184731__rp0p25__vinf25__incm60__toff59132__Om180__om150,1.523599585769336,0.09338813324483507,25.178058913206858,250.46029571412944,1.2330046560164254,0.46972880381855964,20.12501874220854,181.7242002701719,True,500.08285715019707
20260811_184731__rp0p25__vinf25__incm60__toff59132__Om180__om165,1.5235971731660762,0.09339302219238882,25.178056077012183,250.46046583268458,1.1359082201411366,0.4677843042482697,23.470555268696568,191.58932888030063,True,442.1908542544727
20260811_184731__rp0p25__vinf25__incm60__toff59132__Om180__om180,1.5236006388577419,0.09338812462196594,25.178065436295107,250.46040377815098,1.0356411452772873,0.5278616808055044,18.65533012117445,206.29754949260976,True,384.9540001133475
20260811_184731__rp0p25__vinf25__incm60__toff59132__Om180__om195,1.5236029432609772,0.09339047379812895,25.178061301470795,250.46123701344578,0.9914721794218029,0.5390391123787469,12.834582392311164,227.8811723391521,True,360.59167094426715
20260811_184731__rp0p25__vinf25__incm60__toff59132__Om180__om210,1.5236030337068205,0.09339046212777585,25.178061001208476,250.4612732126602,1.0216129511555023,0.464529772918417,9.359151402884873,257.7509803966251,True,377.15900141421537
20260811_184731__rp0p25__vinf25__incm60__toff59132__Om180__om225,1.5235964329494818,0.09339064674402382,25.178069176306256,250.45982691497443,1.136718014132412,0.3189308988052453,9.010611790816874,268.01264049018675,True,442.66379824237754
20260811_184731__rp0p25__vinf25__incm60__toff59132__Om180__om240,1.523596412987595,0.09339064354356862,25.178069511717382,250.4598185451766,1.2778418897359973,0.21029458149304336,10.574965484868578,265.8088328837985,True,527.6070301372285
20260811_184731__rp0p25__vinf25__incm60__toff59132__Om180__om255,1.523603043507067,0.09339045619383128,25.17806090529439,250.46127680126887,1.4209305207331646,0.15294503255312977,12.36886022316528,275.6397303183751,True,618.6630188555362
20260811_184731__rp0p25__vinf25__incm60__toff59132__Om180__om270,1.5235999972621075,0.09339048803113813,25.178043737343295,250.4609204214338,1.6303111736849787,0.13658615999590237,13.579185963789056,310.1375004811296,True,760.327414854076
20260811_184731__rp0p25__vinf25__incm60__toff59132__Om180__om285,1.523596750633644,0.09339055740475327,25.178047549121406,250.4602176521243,1.9325007554242504,0.20729740256316104,14.575791605832544,341.9311078835643,True,981.2380955055121
20260811_184731__rp0p25__vinf25__incm60__toff59132__Om180__om30,1.523600082489136,0.09339047004877819,25.17804377984574,250.46095407197993,7.124072229030658,0.8117255029973369,18.013872731709764,20.82670135610379,True,6945.24168742106
20260811_184731__rp0p25__vinf25__incm60__toff59132__Om180__om300,1.523595707160678,0.09339301084293467,25.178047528538166,250.46030913278614,2.3517974541354665,0.3270086482125231,15.526522766475363,356.095927046602,True,1317.3305578616498
20260811_184731__rp0p25__vinf25__incm60__toff59132__Om180__om315,1.523599210611051,0.09338812632570938,25.178057050684913,250.46026346257122,2.9382365008024784,0.43824581433904175,16.8353346915802,3.0684957968765176,True,1839.6068440499503
20260811_184731__rp0p25__vinf25__incm60__toff59132__Om180__om330,1.5235996178211928,0.09338813304091188,25.17805823692911,250.4602945519124,3.8037335799094185,0.5660378095275683,18.245234355406506,9.430584123956836,True,2709.6302259697263
20260811_184731__rp0p25__vinf25__incm60__toff59132__Om180__om345,1.5235972154526771,0.09339300255794591,25.178055684154607,250.46048173759,4.7701983041111715,0.647457718532413,20.63243153767599,12.947750559930563,True,3805.3932443119616
20260811_184731__rp0p25__vinf25__incm60__toff59132__Om180__om45,1.523596439747941,0.09339064619609647,25.17806906815473,250.45982965104696,5.507264639934709,0.6577236360113293,37.776512173160846,33.13832771495937,True,4720.617493665177
20260811_184731__rp0p25__vinf25__incm60__toff59132__Om180__om60,1.523603063087957,0.09339049294199438,25.178061339795754,250.4612928580651,4.427176488093614,0.6362712882700581,32.552400491563,32.74231036590385,True,3402.398242372838
20260811_184731__rp0p25__vinf25__incm60__toff59132__Om180__om75,1.5236030718970761,0.0933904570498232,25.178061232596594,250.4612885205555,3.574463117634149,0.5784631062975927,33.53838724708149,46.165288049181726,True,2468.374906384288
20260811_184731__rp0p25__vinf25__incm60__toff59132__Om180__om90,1.5235962928501174,0.09339066679983603,25.178069127921475,250.45977093361768,2.862983165521874,0.4308681571152795,31.328296730709535,64.84224843568909,True,1769.3880257252592
20260811_184731__rp0p25__vinf25__incm60__toff59132__Om270__om0,1.5235964075614226,0.09339064050234651,25.178068861241012,250.45981604815793,2.2911296593625874,0.3479931260342972,16.901605997933032,77.30332905969321,True,1266.687233546128
20260811_184731__rp0p25__vinf25__incm60__toff59132__Om270__om105,1.523600037500539,0.09339047567485846,25.17804365660925,250.46093602804993,1.293183991676895,0.25956701029600354,43.03291547563779,165.7978920985405,True,537.13737459081
20260811_184731__rp0p25__vinf25__incm60__toff59132__Om270__om120,1.5235962722964147,0.09339067677606606,25.17806899538951,250.4597632028897,1.2199726434698757,0.28200038385165516,51.38172971056608,178.23863968816187,True,492.17554475621523
20260811_184731__rp0p25__vinf25__incm60__toff59132__Om270__om135,1.5235947819878868,0.0933906896483211,25.17806052835439,250.4595982495299,1.2786235546925295,0.2382156189905468,72.50254661331414,170.58468407853786,True,528.0912156127425
20260811_184731__rp0p25__vinf25__incm60__toff59132__Om270__om15,1.5235962769623437,0.09339067401841257,25.178069220800015,250.4597649415224,2.0610727963414623,0.2760429432943499,20.28722372828779,89.22548869636724,True,1080.7740017592855
20260811_184731__rp0p25__vinf25__incm60__toff59132__Om270__om150,1.5235952245208784,0.09339067440635172,25.178062888738697,250.45967601927475,-0.45609182325018605,3.9999070805270254,19.3811499812135,111.03962993959958,False,
20260811_184731__rp0p25__vinf25__incm60__toff59132__Om270__om165,1.5235947734831135,0.093390682823918,25.178060434052483,250.4595942778741,1.8632279583354727,0.3102165670862588,20.229819199261513,314.8377330519799,True,928.9532977402614
20260811_184731__rp0p25__vinf25__incm60__toff59132__Om270__om180,1.52360970992307,0.09339026551305835,25.1780529646885,250.4627495778871,1.5517172619659125,0.2476893952648704,25.805830701703176,281.94557431420606,True,706.0147582927048
20260811_184731__rp0p25__vinf25__incm60__toff59132__Om270__om195,1.5236030163129959,0.09339045838514082,25.17806133790074,250.46126585690018,1.5697204239371914,0.2419542185488221,26.13477118691171,281.9078582127727,True,718.3371972402638
20260811_184731__rp0p25__vinf25__incm60__toff59132__Om270__om210,1.5236029873805632,0.09339047576821016,25.178061078907593,250.46125520232476,1.6172605609079127,0.2527841885079632,25.1777055060249,283.6690838667363,True,751.2160981709296
20260811_184731__rp0p25__vinf25__incm60__toff59132__Om270__om225,1.5235996908607037,0.09339055372389685,25.178064815557594,250.46053259488684,1.5136442814250795,0.3104987563405427,26.127010655622673,265.6752599634241,True,680.190604994951
20260811_184731__rp0p25__vinf25__incm60__toff59132__Om270__om240,1.52359983723714,0.09339056203014486,25.17806510632289,250.46055429708878,1.0019307693452988,0.7322965473831161,49.887927542171546,210.9779183338971,True,366.31226773946446
20260811_184731__rp0p25__vinf25__incm60__toff59132__Om270__om255,1.5235997541122075,0.09339054424440212,25.178064947901618,250.4605578496196,-1.9219994928581228,1.8293134643500677,33.64033113632421,116.76628916692836,False,
20260811_184731__rp0p25__vinf25__incm60__toff59132__Om270__om270,1.5235932943594446,0.09339068649344572,25.178051659590015,250.45943322954054,28.619351990257467,0.9438655380072073,17.62320331354766,79.75095018744017,True,55922.243533194014
20260811_184731__rp0p25__vinf25__incm60__toff59132__Om270__om285,1.5235934221988636,0.09339065951802009,25.178051723343085,250.4594837047507,6.52018925048711,0.737488123452503,14.471104641512099,68.32694146775442,True,6081.1426975425475
20260811_184731__rp0p25__vinf25__incm60__toff59132__Om270__om30,1.5235933041595653,0.09339068055931546,25.17805156367624,250.45943681800176,1.9647933259391515,0.3880571419118523,24.338033913627,81.09945604580466,True,1005.9356593473315
20260811_184731__rp0p25__vinf25__incm60__toff59132__Om270__om300,1.5235933828299528,0.09339066427902429,25.178052149877846,250.459467953321,4.485792889227403,0.6197613564555635,13.775941519561501,64.46205199601135,True,3470.193720616494
20260811_184731__rp0p25__vinf25__incm60__toff59132__Om270__om315,1.5235948776832058,0.09339066172356471,25.178060374474175,250.4596354713293,3.5158242291459283,0.5247450799021247,13.579193997544428,60.972082914939605,True,2407.8843521786935
20260811_184731__rp0p25__vinf25__incm60__toff59132__Om270__om330,1.5236083664396474,0.0933903416216653,25.178046256030836,250.4625560088444,2.969948882904551,0.42125604500925545,14.253299862914679,62.4333588780429,True,1869.46937100791
20260811_184731__rp0p25__vinf25__incm60__toff59132__Om270__om345,1.5235948837708093,0.09339066043904132,25.178060377510004,250.45963787491664,2.5616680930551055,0.36698041277194665,15.394119414439617,66.31495672481468,True,1497.542583817737
20260811_184731__rp0p25__vinf25__incm60__toff59132__Om270__om45,1.5236029174144878,0.09339049528290758,25.17806103327597,250.46122790998442,1.7653505114472863,0.2798327613694294,27.325225834319475,96.52544812556575,True,856.724750928806
20260811_184731__rp0p25__vinf25__incm60__toff59132__Om270__om60,1.5235997622939461,0.093390565300136,25.178065143948917,250.46054326547824,1.6133469910620137,0.28241846604791765,30.137712628120862,116.70065426371598,True,748.4909738599789
20260811_184731__rp0p25__vinf25__incm60__toff59132__Om270__om75,1.5235997338009533,0.09339055537583034,25.17806525091741,250.46055034002745,1.518848670121572,0.24616343209119784,33.66311895170068,134.48996856484388,True,683.7016849971884
20260811_184731__rp0p25__vinf25__incm60__toff59132__Om270__om90,1.5236029883339561,0.09339047766015213,25.17806140326815,250.46125575601917,1.3951727627836228,0.24655669714897324,37.71277444026226,149.97044667859709,True,601.9173697396657
20260811_184731__rp0p25__vinf25__incm60__toff59132__Om90__om0,1.52360970992307,0.09339026551305835,25.1780529646885,250.4627495778871,1.4163508684555746,0.26736987691598096,36.43665265323448,234.45923829900454,True,615.6745081537058
20260811_184731__rp0p25__vinf25__incm60__toff59132__Om90__om105,1.5235934221988636,0.09339065951802009,25.178051723343085,250.4594837047507,2.8441367224307212,0.412048691036087,35.76165339370903,28.15844200935648,True,1751.9455209105863
20260811_184731__rp0p25__vinf25__incm60__toff59132__Om90__om120,1.523596400136332,0.0933906498014739,25.178069059141315,250.45981367832934,2.63450618791377,0.37627387870244844,33.791239039052435,39.705801636107594,True,1561.8658413243938
20260811_184731__rp0p25__vinf25__incm60__toff59132__Om90__om135,1.5235948776832058,0.09339066172356471,25.178060374474175,250.4596354713293,2.4500958505150914,0.35455753007470214,31.58420966364588,49.94143233461054,True,1400.7786200070734
20260811_184731__rp0p25__vinf25__incm60__toff59132__Om90__om15,1.523603017734694,0.0933904598583147,25.17806111552592,250.46126652184103,1.5664314630711038,0.18604248722498454,41.404402186852636,249.07008647286858,True,716.0807333727178
20260811_184731__rp0p25__vinf25__incm60__toff59132__Om90__om150,1.5236083830807476,0.09339034046099255,25.178046517543372,250.46255754887196,2.280136343068518,0.34075179215886287,29.05466405427829,61.94288614265715,True,1257.58143539199
20260811_184731__rp0p25__vinf25__incm60__toff59132__Om90__om165,1.523594883059968,0.09339065970247265,25.178060488697422,250.45963754243476,2.119763003194941,0.27695367828674367,26.004054245106246,79.4244100472331,True,1127.2645623714143
20260811_184731__rp0p25__vinf25__incm60__toff59132__Om90__om180,1.5235964075614226,0.09339064050234651,25.178068861241012,250.45981604815793,1.985083243958749,0.2830566580622855,23.132759798155426,91.27708592235295,True,1021.5578786693558
20260811_184731__rp0p25__vinf25__incm60__toff59132__Om90__om195,1.5235962755406582,0.09339067254526508,25.178069443174735,250.45976427656353,1.8358610547547232,0.2502431201040252,20.497834024718397,112.08576898423657,True,908.5620774597985
20260811_184731__rp0p25__vinf25__incm60__toff59132__Om90__om210,1.523596318622262,0.09339066313496283,25.178068917689963,250.45978121294502,1.6739356842662059,0.2207432687873773,18.051231661452018,134.97009102522236,True,791.048376759317
20260811_184731__rp0p25__vinf25__incm60__toff59132__Om90__om225,1.5236029167036391,0.09339049454632108,25.178061144463385,250.4612275775138,1.4942515796938352,0.21907715945344042,15.55983193746121,170.71515303464443,True,667.1607339587792
20260811_184731__rp0p25__vinf25__incm60__toff59132__Om90__om240,1.5235997608722542,0.0933905638269748,25.17806536632369,250.46054260052873,1.3085689692255367,0.27234411400100195,12.846206672704229,211.59909562534494,True,546.7512926523044
20260811_184731__rp0p25__vinf25__incm60__toff59132__Om90__om255,1.523599734511799,0.09339055611241108,25.17806513973004,250.4605506725021,1.1328462453737467,0.4067183892951627,10.278762905629822,246.41392597662443,True,440.4040932041111
20260811_184731__rp0p25__vinf25__incm60__toff59132__Om90__om270,1.523599975286612,0.09339049653405587,25.178043827185014,250.46091202565032,0.9923455233671443,0.6043241925982068,9.648767589947544,251.87067036441923,True,361.0682197050078
20260811_184731__rp0p25__vinf25__incm60__toff59132__Om90__om285,1.523600037500539,0.09339047567485846,25.17804365660925,250.46093602804993,0.9663239793331324,0.6853767176249721,22.536742629679587,216.96154185505856,True,346.95969500574466
20260811_184731__rp0p25__vinf25__incm60__toff59132__Om90__om30,1.5235999729115304,0.09339049316896107,25.178043725199736,250.46091080699455,1.9616105615728905,0.17198278928318447,44.03214727393432,322.60228609061465,True,1003.4923800543936
20260811_184731__rp0p25__vinf25__incm60__toff59132__Om90__om300,1.5235932549905415,0.09339069125447229,25.178052086124808,250.4594174781186,1.080452644384912,0.5303613259515904,30.22274351273765,221.95100381569517,True,410.2074064714001
20260811_184731__rp0p25__vinf25__incm60__toff59132__Om90__om315,1.5235947819878868,0.0933906896483211,25.17806052835439,250.4595982495299,1.168558516655183,0.4291101709559336,29.0943680589378,226.9479545383475,True,461.3925627577174
20260811_184731__rp0p25__vinf25__incm60__toff59132__Om90__om330,1.5235952078798307,0.0933906755672582,25.17806262722276,250.45967447927472,1.2425976516848805,0.3700345015049511,30.034678638824676,227.58503924574092,True,505.93029439530335
20260811_184731__rp0p25__vinf25__incm60__toff59132__Om90__om345,1.5235947741939546,0.0933906835604862,25.178060322865047,250.45959461035625,1.3311473204484525,0.3149890914519517,32.70357954518233,230.36285186816818,True,560.9628175557127
20260811_184731__rp0p25__vinf25__incm60__toff59132__Om90__om45,1.5235996915715495,0.0933905544604774,25.17806470437022,250.4605329273616,2.518750062620581,0.32340078497690816,43.14385955420756,353.2715633918415,True,1460.0660535539846
20260811_184731__rp0p25__vinf25__incm60__toff59132__Om90__om60,1.5235998386588319,0.09339056350330614,25.178064883948114,250.46055496203817,2.944154619468132,0.41209055736908173,41.27015272768512,3.180325856469057,True,1845.1675733389798
20260811_184731__rp0p25__vinf25__incm60__toff59132__Om90__om75,1.5235997534013614,0.09339054350782136,25.178065059089004,250.46055751714488,3.083974856756913,0.4440113325760407,39.408676283956865,11.211463054059061,True,1978.1587222600465
20260811_184731__rp0p25__vinf25__incm60__toff59132__Om90__om90,1.523596307400417,0.09339066759588477,25.178069235979013,250.45977695948193,3.02195082038649,0.43663301803622084,37.56745803813844,19.02140797262817,True,1918.7835245484487
20260811_184731__rp0p25__vinf25__incm90__toff59132__Om0__om0,1.5235976768787756,0.09338814859860396,25.178048264311684,250.4600725388408,1.0994848455033046,0.45702700225961607,24.906158726089757,184.44455618576316,True,421.0937193679814
20260811_184731__rp0p25__vinf25__incm90__toff59132__Om0__om105,1.5235968054966078,0.09339056733442866,25.178047832990156,250.46023204278032,1.7778662800976934,0.20087167911245649,35.3338605244494,63.55617646654456,True,865.8517355186302
20260811_184731__rp0p25__vinf25__incm90__toff59132__Om0__om120,1.523595762257761,0.0933930205632106,25.17804753903922,250.46032357867398,1.9625086805028618,0.25324819894628997,33.70218379116802,47.830406448146476,True,1004.1816289847168
20260811_184731__rp0p25__vinf25__incm90__toff59132__Om0__om135,1.5235992578721425,0.0933881252143049,25.178056866416348,250.4602739205901,2.1479173247350025,0.3072477607532762,31.693770559276093,38.94818869185591,True,1149.797165773333
20260811_184731__rp0p25__vinf25__incm90__toff59132__Om0__om15,1.5235996860348555,0.09339057818093002,25.178065120060584,250.46052355873752,1.135594631520783,0.42872575821785597,29.603710848030314,174.43017929207537,True,442.00775436134046
20260811_184731__rp0p25__vinf25__incm90__toff59132__Om0__om150,1.523599505574133,0.09338814724241794,25.17805917036682,250.46026754035788,2.299500134603709,0.3468308062869517,29.422176840074247,34.92431107946755,True,1273.6351941145856
20260811_184731__rp0p25__vinf25__incm90__toff59132__Om0__om165,1.5235972709094154,0.09339301332900445,25.178055993519592,250.46049643247977,2.4722157121215185,0.3734100454460073,26.886634397006095,30.972115386554563,True,1419.791055049835
20260811_184731__rp0p25__vinf25__incm90__toff59132__Om0__om180,1.5236006168722243,0.0933881451272291,25.178065804122333,250.46038744143993,2.4437161931418556,0.37229432997795286,24.370252255756153,29.82852713049995,True,1395.3110780984443
20260811_184731__rp0p25__vinf25__incm90__toff59132__Om0__om195,1.5235997103854233,0.09339057304309195,25.178065132203816,250.46053317316415,2.5131632674798565,0.38444013451436376,21.669619537234194,23.30603685036395,True,1455.2109281251903
20260811_184731__rp0p25__vinf25__incm90__toff59132__Om0__om210,1.5235998292948931,0.09339054440761635,25.17806563766964,250.46057991541593,2.346818410725424,0.34456565349508983,19.75173980696846,29.044623966996532,True,1313.1493475158445
20260811_184731__rp0p25__vinf25__incm90__toff59132__Om0__om225,1.5235997988566772,0.09339055082989878,25.178065622490596,250.46056789737543,2.305297814557295,0.32533350788758203,18.140351821308933,32.65668338290554,True,1278.4550122541443
20260811_184731__rp0p25__vinf25__incm90__toff59132__Om0__om240,1.5235937707775804,0.0933906239526656,25.178030469638983,250.4598875149848,2.2625811156072486,0.3121892604243568,17.124219388313563,43.44460446865311,True,1243.0858684035375
20260811_184731__rp0p25__vinf25__incm90__toff59132__Om0__om255,1.5235998077877042,0.09339055249176546,25.178065180776837,250.46057163088173,2.1128306812025417,0.24648960241530543,16.84737160780306,63.27949070870957,True,1121.7392972549937
20260811_184731__rp0p25__vinf25__incm90__toff59132__Om0__om270,1.5235996616842886,0.09339058331877058,25.178065107917316,250.4605139443122,1.7879789440476643,0.08435285357062813,16.20744995740461,89.05759143338025,True,873.2497951563579
20260811_184731__rp0p25__vinf25__incm90__toff59132__Om0__om285,1.5235997834371329,0.09339055762959328,25.178065168633605,250.46056201645064,1.5117347771645178,0.10801717431989682,14.531049931223578,239.24046833022902,True,678.9038920319363
20260811_184731__rp0p25__vinf25__incm90__toff59132__Om0__om30,1.523599771261847,0.09339056019850807,25.178065162561968,250.46055720923562,1.172301357771301,0.3701631361612259,33.38287425651105,169.64381970905862,True,463.6110667144163
20260811_184731__rp0p25__vinf25__incm90__toff59132__Om0__om300,1.5235987065146779,0.09339302151046874,25.17806441171211,250.46064044472928,1.3296264315855775,0.25117708971510094,12.82560567733997,239.5501169228893,True,560.001708650723
20260811_184731__rp0p25__vinf25__incm90__toff59132__Om0__om315,1.5236007629758233,0.0933881143000171,25.178065876981787,250.46044512949163,1.223316457935636,0.3534172440482273,11.782438422399055,228.70234086176427,True,494.2004314234961
20260811_184731__rp0p25__vinf25__incm90__toff59132__Om0__om330,1.523599514172507,0.0933881383554902,25.178058783662404,250.46028258042492,1.1663973514347241,0.3617700762730118,13.569318367004366,202.8144376821847,True,460.11318603089575
20260811_184731__rp0p25__vinf25__incm90__toff59132__Om0__om345,1.5235972222084364,0.09339302360477196,25.178055969232776,250.46047720416482,1.1031843732011204,0.4762290616890308,18.93475001768405,190.94320300086204,True,423.22083954455934
20260811_184731__rp0p25__vinf25__incm90__toff59132__Om0__om45,1.5235997941907264,0.09339055358751731,25.17806539708,250.46056615871686,1.2573361163832837,0.32332798399355733,35.55055670664966,159.0218956955802,True,514.9582002516604
20260811_184731__rp0p25__vinf25__incm90__toff59132__Om0__om60,1.5235997794472163,0.0933905566983121,25.17806538972764,250.4605603374794,1.3378380541847759,0.24211895726727156,36.82997414837003,146.09402954812424,True,565.1974710936329
20260811_184731__rp0p25__vinf25__incm90__toff59132__Om0__om75,1.5235997820154406,0.09339055615643167,25.17806539100836,250.46056135150138,1.4608815090525376,0.1861324749167722,37.053239117115126,123.22445971726454,True,644.9371297225018
20260811_184731__rp0p25__vinf25__incm90__toff59132__Om0__om90,1.5235937172891045,0.09339059943286018,25.178030554455226,250.45985847593028,1.6081613456954984,0.1697887867257452,36.48696308806361,91.15983853668905,True,744.8851579588019
20260811_184731__rp0p25__vinf25__incm90__toff59132__Om180__om0,1.5235976038272694,0.09338816401270873,25.178048227881185,250.4600436949567,3.3632098106203334,0.556929438724495,25.35473856675602,10.712406023375767,True,2252.8165820927
20260811_184731__rp0p25__vinf25__incm90__toff59132__Om180__om105,1.5235967689708945,0.0933905750414133,25.178047814774956,250.46021762120125,1.910504334016334,0.24731335469375132,35.05768448382657,90.23998459041485,True,964.5326496220661
20260811_184731__rp0p25__vinf25__incm90__toff59132__Om180__om120,1.5235956892064382,0.0933930359771103,25.17804750260872,250.46029473627098,1.6125336181818957,0.1573093414207985,35.85974444953163,145.74847946473812,True,747.9250148408252
20260811_184731__rp0p25__vinf25__incm90__toff59132__Om180__om135,1.5235992578721425,0.0933881252143049,25.178056866416348,250.4602739205901,1.3958307227742766,0.3056446258625228,35.94461945110439,184.63406836081055,True,602.3432140291086
20260811_184731__rp0p25__vinf25__incm90__toff59132__Om180__om15,1.5235997103854233,0.09339057304309195,25.178065132203816,250.46053317316415,3.3543835458762694,0.5095953178342872,25.583620363902135,17.568760858303566,True,2243.954109040698
20260811_184731__rp0p25__vinf25__incm90__toff59132__Om180__om150,1.523599554275258,0.09338813696655307,25.17805919465349,250.4602867696718,1.5761015789253932,0.6045142203452202,23.461788016821693,186.02939882477568,True,722.7218726120631
20260811_184731__rp0p25__vinf25__incm90__toff59132__Om180__om165,1.5235972222084364,0.09339302360477196,25.178055969232776,250.46047720416482,1.1258027977482086,0.42914744322995985,26.146063216620934,197.72833017606885,True,436.3031793711112
20260811_184731__rp0p25__vinf25__incm90__toff59132__Om180__om180,1.5236006899240195,0.09338812971361157,25.178065840552012,250.46041628546064,1.0750758748517586,0.4610069667176833,21.5393346483884,206.0057766622035,True,407.1491820705405
20260811_184731__rp0p25__vinf25__incm90__toff59132__Om180__om195,1.5235996860348555,0.09339057818093002,25.178065120060584,250.46052355873752,1.0550586004397808,0.44593429589626016,17.350273938970343,217.98955538760816,True,395.830965257846
20260811_184731__rp0p25__vinf25__incm90__toff59132__Om180__om210,1.5235997684184632,0.09339055725218516,25.178065607311506,250.4605558793369,1.0798028950967087,0.3890418938069581,14.297517065722001,228.48002246846113,True,409.8374338999816
20260811_184731__rp0p25__vinf25__incm90__toff59132__Om180__om225,1.5235997927690341,0.09339055211435568,25.178065619454753,250.46056549376758,1.1504290493236304,0.2959018030000023,12.410518867215751,234.9834922159073,True,450.69698371246227
20260811_184731__rp0p25__vinf25__incm90__toff59132__Om180__om240,1.5235937519573075,0.09339059300409924,25.17803046020241,250.45987221591153,1.2634652234733068,0.17772070087283778,11.197292177002371,234.85992982632285,True,518.7281674077739
20260811_184731__rp0p25__vinf25__incm90__toff59132__Om180__om255,1.5235997834371329,0.09339055762959328,25.178065168633605,250.46056201645064,1.426796614333469,0.05364154281361979,10.62636421553207,234.7393137597183,True,622.4980531496439
20260811_184731__rp0p25__vinf25__incm90__toff59132__Om180__om270,1.523599746911277,0.09339056533633976,25.178065150418718,250.46054759480606,1.6451724892825341,0.0725737814641237,10.967121940831218,23.68097307982907,True,770.747367778786
20260811_184731__rp0p25__vinf25__incm90__toff59132__Om180__om285,1.5235998199629908,0.09339054992285259,25.178065186848492,250.4605764380978,1.9178898211155402,0.18932540194311362,12.198181279317396,17.877693088580045,True,970.1309803628039
20260811_184731__rp0p25__vinf25__incm90__toff59132__Om180__om30,1.5235998321382773,0.09339054735394027,25.1780651929201,250.46058124531402,3.2743083696112385,0.5060039562079912,27.513207705116653,23.05962122867015,True,2164.084725310819
20260811_184731__rp0p25__vinf25__incm90__toff59132__Om180__om300,1.5235987795662898,0.09339300609705806,25.178064448141917,250.46066928726793,2.2464918194172627,0.29541749979424314,14.10267454429146,11.744916897642337,True,1229.8500256184866
20260811_184731__rp0p25__vinf25__incm90__toff59132__Om180__om315,1.5236007629758233,0.0933881143000171,25.178065876981787,250.46044512949163,2.6014044200863475,0.3835730163703346,16.400539056060666,8.881966274033458,True,1532.5219483363385
20260811_184731__rp0p25__vinf25__incm90__toff59132__Om180__om330,1.5235994654713843,0.0933881486313592,25.178058759375705,250.4602633511125,2.960536637706448,0.44502156547726995,18.913403576867616,7.809418788778424,True,1860.5894425801987
20260811_184731__rp0p25__vinf25__incm90__toff59132__Om180__om345,1.5235972709094154,0.09339301332900445,25.178055993519592,250.46049643247977,3.1621285054252657,0.4896548211539379,21.314523211090975,9.254280880572562,True,2053.828448373337
20260811_184731__rp0p25__vinf25__incm90__toff59132__Om180__om45,1.5235998002783693,0.09339055230306051,25.178065400115813,250.46056856232462,3.174171915552969,0.5033895356986252,29.444790741867227,29.95415702672363,True,2065.5730541686353
20260811_184731__rp0p25__vinf25__incm90__toff59132__Om180__om60,1.523599798267728,0.09339058764731946,25.17806539916332,250.46057563616563,3.076731196793761,0.4923941695271032,31.303503604945274,36.982377451166116,True,1971.1933484666283
20260811_184731__rp0p25__vinf25__incm90__toff59132__Om180__om75,1.523599806366012,0.0933905510186037,25.178065403151624,250.46057096593256,2.7905792137230767,0.4468345976158896,33.200261176986544,45.81252091175508,True,1702.6932908782921
20260811_184731__rp0p25__vinf25__incm90__toff59132__Om180__om90,1.5235936320627907,0.09339061741642951,25.17803051195213,250.45982482575425,2.3428019202462114,0.34379265020452787,34.214125584823066,61.005194464047634,True,1309.77968253868
20260811_184731__rp0p25__vinf25__incm90__toff59132__Om270__om0,1.5235933084404434,0.09339069379532308,25.178051465036074,250.45944228434496,1.9713289334118007,0.24064491163418605,16.883805951847258,68.88227178785249,True,1010.9589852375766
20260811_184731__rp0p25__vinf25__incm90__toff59132__Om270__om105,1.523599940666633,0.09339051411185503,25.17804360834453,250.46090185150928,1.557937489420776,0.14516048655336763,40.961807184267215,112.06170335656114,True,710.2642152448327
20260811_184731__rp0p25__vinf25__incm90__toff59132__Om270__om120,1.523593311768885,0.0933906990522756,25.178051891381998,250.45944405677557,1.3985942445103883,0.14237018739795057,47.802414498478186,159.19838998223474,True,604.1329140663959
20260811_184731__rp0p25__vinf25__incm90__toff59132__Om270__om135,1.5235948258803085,0.09339069927883144,25.17806043872715,250.45961968851748,1.1242662394020275,0.40737944985113994,60.10439617688652,194.00651171719778,True,435.41024791448086
20260811_184731__rp0p25__vinf25__incm90__toff59132__Om270__om15,1.5235963276533209,0.09339068310116314,25.178069023021006,250.45978911656184,1.941584486778253,0.2557500750235435,20.052842430326333,73.0255179389796,True,988.1646925298777
20260811_184731__rp0p25__vinf25__incm90__toff59132__Om270__om150,1.5235952000847135,0.09339070234583678,25.178063007384313,250.4596638168792,0.9914761602762315,0.7572110112959558,27.045783791990097,200.2217713306953,True,360.5938426608633
20260811_184731__rp0p25__vinf25__incm90__toff59132__Om270__om165,1.5235948204193357,0.09339069181216347,25.178060345943134,250.45961691865668,1.2501785170206932,0.42515275259618923,20.555513765282583,230.47591434760253,True,510.567233689925
20260811_184731__rp0p25__vinf25__incm90__toff59132__Om270__om180,1.523609581227693,0.09339030889658348,25.178053123619918,250.4627027171732,1.3159478440865495,0.3556141872323945,24.090305936991,243.41973637326277,True,551.3824105293677
20260811_184731__rp0p25__vinf25__incm90__toff59132__Om270__om195,1.5236029527604706,0.09339049334581771,25.178060860066324,250.46124502805063,1.327873677559973,0.3418577122294196,23.759189335564493,248.84164891601756,True,558.8947567140007
20260811_184731__rp0p25__vinf25__incm90__toff59132__Om270__om210,1.5236029546672565,0.09339049712970134,25.17806150878747,250.46124613543964,1.323285476296526,0.3514190650975967,21.742250978240797,250.73788740488104,True,556.0005372523952
20260811_184731__rp0p25__vinf25__incm90__toff59132__Om270__om225,1.5235996337969464,0.09339058022341665,25.178065233294163,250.46051391374866,1.263694911677622,0.41333461899636614,18.471490897297578,253.32483978390033,True,518.8696249887172
20260811_184731__rp0p25__vinf25__incm90__toff59132__Om270__om240,1.5235938178253723,0.09339061641040057,25.178029957783778,250.45987352573584,1.3023440219563034,0.3563624069861536,14.944966656791369,287.69606039032067,True,542.8545392145792
20260811_184731__rp0p25__vinf25__incm90__toff59132__Om270__om255,1.5235996390154105,0.09339058653482551,25.178064890530457,250.4605164623056,1.6398488104218598,0.11495377890270198,14.057781272537378,336.56650098432044,True,767.0092580058947
20260811_184731__rp0p25__vinf25__incm90__toff59132__Om270__om270,1.5235963276533209,0.09339068310116314,25.178069023021006,250.45978911656184,1.9544386276108328,0.13040996500612645,11.724051436871532,54.72228217309888,True,997.9940419246051
20260811_184731__rp0p25__vinf25__incm90__toff59132__Om270__om285,1.5235963276533209,0.09339068310116314,25.178069023021006,250.45978911656184,2.1170352553167247,0.18585922687118836,10.193605321156127,62.088906106072294,True,1125.0893870607545
20260811_184731__rp0p25__vinf25__incm90__toff59132__Om270__om30,1.5235963252782507,0.09339067973610309,25.178068921035045,250.45978789788245,1.888642841157421,0.24711438669449617,23.539610876631166,76.76103816002808,True,948.0246888292767
20260811_184731__rp0p25__vinf25__incm90__toff59132__Om270__om300,1.5235963290750065,0.09339068457431111,25.178068800646297,250.45978978152021,2.164826281908532,0.20744135808758238,9.787080630604784,58.25581516924378,True,1163.4010998771187
20260811_184731__rp0p25__vinf25__incm90__toff59132__Om270__om315,1.5235963262316354,0.09339068162801521,25.178069245395704,250.45978845160334,2.1416641469006605,0.21451596947178103,10.489098986902684,55.716291283811586,True,1144.779758497503
20260811_184731__rp0p25__vinf25__incm90__toff59132__Om270__om330,1.5236084102232275,0.09339032425546658,25.178046270882067,250.46257145554807,2.0852517999173217,0.2198980916236603,12.037176059665628,58.33207766882361,True,1099.847949423644
20260811_184731__rp0p25__vinf25__incm90__toff59132__Om270__om345,1.5235948204193357,0.09339069181216347,25.178060345943134,250.45961691865668,2.025504642041183,0.22887729446243055,14.174354412546952,63.54989447300467,True,1052.9185004597293
20260811_184731__rp0p25__vinf25__incm90__toff59132__Om270__om45,1.5236029584640454,0.0933905019679901,25.178061388398373,250.46124801901576,1.8509116193409014,0.2500125369399241,26.928868902997177,81.41310500640151,True,919.7576632876488
20260811_184731__rp0p25__vinf25__incm90__toff59132__Om270__om60,1.5235997445994216,0.0933905870392164,25.1780651351508,250.46054033587632,1.812172211811783,0.2318447615075587,30.070520749519613,84.4365109365141,True,891.0336226178775
20260811_184731__rp0p25__vinf25__incm90__toff59132__Om270__om75,1.5235996423438798,0.09339059179184,25.178065316876896,250.4605182346708,1.7498865514872202,0.21777111030062477,33.2316524825061,88.76691067517605,True,845.4924474420695
20260811_184731__rp0p25__vinf25__incm90__toff59132__Om270__om90,1.5235969302578622,0.09339053751531139,25.178026570361208,250.4605595651755,1.6692702267178157,0.1887805418318146,36.646030258084764,95.69117265236548,True,787.743563507743
20260811_184731__rp0p25__vinf25__incm90__toff59132__Om90__om0,1.523606568174302,0.09339032774738809,25.178035547843816,250.46235898656084,1.2439927377810456,0.42708127316479166,35.15330780070287,225.399045338174,True,506.78255866935064
20260811_184731__rp0p25__vinf25__incm90__toff59132__Om90__om105,1.5235933131905648,0.0933907005254016,25.178051669007054,250.4594447217446,2.011068295332109,0.20583865853386962,37.87202046859573,58.98050803055623,True,1041.6819080464174
20260811_184731__rp0p25__vinf25__incm90__toff59132__Om90__om120,1.523593311768885,0.0933906990522756,25.178051891381998,250.45944405677557,1.9638212171277518,0.2130815231732538,35.50757301628902,82.65787070870833,True,1005.1892007194917
20260811_184731__rp0p25__vinf25__incm90__toff59132__Om90__om135,1.523594821130177,0.09339069254873192,25.178060234755712,250.45961725113858,1.918743524113812,0.23815231470474035,32.91677522724889,79.98203065589293,True,970.7787985073785
20260811_184731__rp0p25__vinf25__incm90__toff59132__Om90__om15,1.5236029527604706,0.09339049334581771,25.178060860066324,250.46124502805063,1.3603390892287202,0.29519872811053477,44.9271940175185,219.91844719505835,True,579.5163039842503
20260811_184731__rp0p25__vinf25__incm90__toff59132__Om90__om150,1.5236084503260776,0.0933903228669668,25.17804668186705,250.4625756446121,1.8928806232894397,0.25293512470539614,29.90450487235934,84.47998268329111,True,951.2172788816101
20260811_184731__rp0p25__vinf25__incm90__toff59132__Om90__om165,1.5235948204193357,0.09339069181216347,25.178060345943134,250.45961691865668,1.860253849222324,0.24854084073186503,26.561755601897428,92.60520484745219,True,926.7299742428819
20260811_184731__rp0p25__vinf25__incm90__toff59132__Om90__om180,1.5235963214814952,0.09339067489789514,25.178069041423797,250.45978601424446,1.818974635804246,0.2788581833718076,23.41431543639194,98.62613794872664,True,896.0553911877716
20260811_184731__rp0p25__vinf25__incm90__toff59132__Om90__om195,1.5235963276533209,0.09339068310116314,25.178069023021006,250.45978911656184,1.797112577705047,0.23171495336719355,20.553840989708462,106.08535983664329,True,879.9496400415408
20260811_184731__rp0p25__vinf25__incm90__toff59132__Om90__om210,1.5235963224348796,0.09339067678980724,25.178069365784467,250.4597865679654,1.7424287386624133,0.2149082574209744,17.80489283378815,114.89012519578125,True,840.093124886097
20260811_184731__rp0p25__vinf25__incm90__toff59132__Om90__om225,1.5236029570423475,0.09339050049481663,25.17806161077323,250.46124735407494,1.667157558103946,0.18151836751838266,14.91544841417379,128.09897533003118,True,786.2485559391035
20260811_184731__rp0p25__vinf25__incm90__toff59132__Om90__om240,1.523593717110085,0.09339062334574195,25.178030205630602,250.4598522148108,1.5532370036040652,0.13333115218201666,11.409801198935572,160.7750600192941,True,707.0522114949636
20260811_184731__rp0p25__vinf25__incm90__toff59132__Om90__om255,1.5235996437655714,0.09339059326500082,25.17806509450216,250.46051889962038,1.36480929877496,0.15757850350216274,8.478567543760061,267.4768213596537,True,582.3751717248837
20260811_184731__rp0p25__vinf25__incm90__toff59132__Om90__om270,1.5236029598857435,0.0933905034411636,25.178061166023554,250.46124868395654,1.017319638077854,0.596402108353133,15.056300596459307,346.996541931154,True,374.7839934714314
20260811_184731__rp0p25__vinf25__incm90__toff59132__Om90__om285,1.5236029551355612,0.09339049671093293,25.178060962052065,250.46124624668613,1.108408860664735,0.6032563644789319,31.127218677428562,222.64619858638383,True,426.2308456068173
20260811_184731__rp0p25__vinf25__incm90__toff59132__Om90__om30,1.5236029575106522,0.09339050007604817,25.178061064037816,250.4612474653214,1.689902943572232,0.0871868670995166,46.41195684554535,267.0806374540353,True,802.3937477235199
20260811_184731__rp0p25__vinf25__incm90__toff59132__Om90__om300,1.5235963290750065,0.09339068457431111,25.178068800646297,250.45978978152021,1.2836758485496613,0.3821273457061939,27.850940238951903,244.2167062339168,True,531.2243182593908
20260811_184731__rp0p25__vinf25__incm90__toff59132__Om90__om315,1.5235963309817762,0.0933906883581353,25.178069449367623,250.459790888962,1.3190471081547956,0.34754389042002853,25.832407328528245,247.66188843654334,True,553.3314453744657
20260811_184731__rp0p25__vinf25__incm90__toff59132__Om90__om330,1.5235951599820121,0.09339070373493386,25.178062596391165,250.4596596278529,1.325564820348363,0.3500840950121184,26.688611534489453,244.2534610480285,True,557.4377125083245
20260811_184731__rp0p25__vinf25__incm90__toff59132__Om90__om345,1.5235948204193357,0.09339069181216347,25.178060345943134,250.45961691865668,1.3006212948128388,0.3794496772633075,29.25936465047265,237.96460795644492,True,541.7777719771665
20260811_184731__rp0p25__vinf25__incm90__toff59132__Om90__om45,1.523599635218638,0.09339058169657723,25.178065010919386,250.4605145786985,1.9372031219269625,0.11582375921343822,45.043247472910416,351.5929500968038,True,984.8217527739904
20260811_184731__rp0p25__vinf25__incm90__toff59132__Om90__om60,1.523599845314879,0.09339058010455376,25.178064887293285,250.46056164686155,2.0574480350930564,0.1628537332469144,43.47925810819984,14.472014491049809,True,1077.9241571567213
20260811_184731__rp0p25__vinf25__incm90__toff59132__Om90__om75,1.5235996375937186,0.09339058506166485,25.178065112905244,250.46051579735587,2.085651982620095,0.18411152924963428,41.78880316306038,30.128494283385045,True,1100.1645739492615
20260811_184731__rp0p25__vinf25__incm90__toff59132__Om90__om90,1.5235902980378295,0.09339071722203937,25.17803442674763,250.4590999984097,2.059794537020531,0.19470069435652426,39.9147209142522,44.53091238341416,True,1079.7687277909008
20260811_184731__rp0p5__vinf25__inc0__toff59132__Om0__om0,1.5235951809742823,0.09339066463554997,25.178062543861337,250.4596497167634,1.1275173728485852,0.4711005323233264,43.98304395955653,186.7066365260317,True,437.3002802698424
20260811_184731__rp0p5__vinf25__inc0__toff59132__Om0__om105,1.5235943217858723,0.09339308080245524,25.178062118604544,250.45981403256036,1.8562322660520914,0.16675507603311257,32.136319480644154,316.779058064722,True,923.7264271585218
20260811_184731__rp0p5__vinf25__inc0__toff59132__Om0__om120,1.523597661059284,0.09339298414164225,25.17805815129624,250.46055280325257,2.186895528678304,0.2540833952572829,31.75577934001877,335.4369769860694,True,1181.2367424852027
20260811_184731__rp0p5__vinf25__inc0__toff59132__Om0__om135,1.5235995801975597,0.09338811911679237,25.178059353915984,250.46030416640457,2.44994531267473,0.3198408518603663,31.641426104749037,340.23393463489464,True,1400.6495228439042
20260811_184731__rp0p5__vinf25__inc0__toff59132__Om0__om15,1.5235951370235705,0.0933906816418201,25.178062723546343,250.45963292543738,1.2312308455025267,0.27276437259991543,46.22953687147375,202.16540257188768,True,499.00411046562084
20260811_184731__rp0p5__vinf25__inc0__toff59132__Om0__om150,1.5235993191175277,0.09339293922613992,25.17805618708198,250.4609176866833,2.5522612385640375,0.3431995146779228,31.91341129715166,342.25074192663226,True,1489.301337784327
20260811_184731__rp0p5__vinf25__inc0__toff59132__Om0__om165,1.5235943461362693,0.09339307566441982,25.17806213074784,250.45982364667094,2.5924625411270683,0.3589648805728856,32.54890507968815,344.0778664099593,True,1524.6270726253808
20260811_184731__rp0p5__vinf25__inc0__toff59132__Om0__om180,1.5235952076997725,0.09339066286252226,25.178062657990438,250.45966054980374,2.543733478473194,0.3483670195440644,33.26202250614114,347.96389203280967,True,1481.8433689977282
20260811_184731__rp0p5__vinf25__inc0__toff59132__Om0__om195,1.5235952587756902,0.09339065595142375,25.178062784262785,250.45968099719926,2.551869421976919,0.3529670606664192,34.76659358038742,350.6748518924851,True,1488.9584003751277
20260811_184731__rp0p5__vinf25__inc0__toff59132__Om0__om210,1.5235953027264113,0.09339063894517578,25.178062604577807,250.45969778853936,2.465310259035613,0.36530117520293215,34.66092355313446,1.0827888714951082,True,1413.8465186076278
20260811_184731__rp0p5__vinf25__inc0__toff59132__Om0__om225,1.5235952389909695,0.09339066012610883,25.17806277439635,250.45967318553602,2.6409972163845703,0.41221448996754345,34.8770081264287,11.691932933255393,True,1567.6417004745565
20260811_184731__rp0p5__vinf25__inc0__toff59132__Om0__om240,1.5235953074765451,0.0933906456752832,25.17806280854936,250.45970022591206,3.2177781196463013,0.5438196231433748,34.726681836175636,29.695035695151322,True,2108.2836155974474
20260811_184731__rp0p5__vinf25__inc0__toff59132__Om0__om255,1.5235951613739924,0.09339067650373568,25.178062735689625,250.45964253978747,4.495563102697769,0.6438897640703588,32.2702942112259,43.31697923873068,True,3481.5371961925493
20260811_184731__rp0p5__vinf25__inc0__toff59132__Om0__om270,1.5236018277546173,0.09339048576266804,25.178054795036516,250.4611153102393,4.067921648644939,0.6447648309819674,28.303126026261744,60.67488997409884,True,2996.77240910212
20260811_184731__rp0p5__vinf25__inc0__toff59132__Om0__om285,1.5236010050909892,0.09339289422370999,25.17805438799955,250.46129401255791,3.431370097543438,0.5414057725665351,30.310874528499017,108.30392042610188,True,2321.647260132566
20260811_184731__rp0p5__vinf25__inc0__toff59132__Om0__om30,1.5235952844635905,0.09339064279872783,25.17806259547037,250.45969057777114,1.2872157637677113,0.20721795783101454,38.735209318401736,233.6115862817354,True,533.4232202053336
20260811_184731__rp0p5__vinf25__inc0__toff59132__Om0__om300,1.5235976426464668,0.09339299769221386,25.178058394117098,250.46054623564032,2.294310907282897,0.5116887376465293,16.95960594192204,143.93585027794913,True,1269.3263538931342
20260811_184731__rp0p5__vinf25__inc0__toff59132__Om0__om315,1.5235995748536288,0.09338811154536882,25.178059124448293,250.46030142431437,1.6938480833586709,0.5834918112366188,29.552159213310553,154.29985704623812,True,805.2052130077445
20260811_184731__rp0p5__vinf25__inc0__toff59132__Om0__om330,1.5235976426464668,0.09339299769221386,25.178058394117098,250.46054623564032,1.3716535356468469,0.4677196615456811,29.274889992336316,167.05938042783472,True,586.7613961504068
20260811_184731__rp0p5__vinf25__inc0__toff59132__Om0__om345,1.5236009587648542,0.09339290786418226,25.178054465698295,250.4612760027095,1.1943011676599071,0.5094523271277109,35.22406295484559,180.13861434500907,True,476.7225304923438
20260811_184731__rp0p5__vinf25__inc0__toff59132__Om0__om45,1.5235951566238595,0.09339066977363258,25.178062531718055,250.45964010241158,1.2103763496424673,0.2628514948356566,34.06053512709101,227.75529606364282,True,486.3798069593812
20260811_184731__rp0p5__vinf25__inc0__toff59132__Om0__om60,1.5235952814197868,0.09339064344098662,25.178062593952433,250.45968937597652,1.212692648544451,0.26465139134522436,32.888110666177894,223.73601306580701,True,487.7766532822191
20260811_184731__rp0p5__vinf25__inc0__toff59132__Om0__om75,1.523595229675131,0.09339065435939262,25.178062568147954,250.45966894547036,1.328007679845009,0.20250411414563357,32.803548522427725,231.1489257699217,True,558.9793600898956
20260811_184731__rp0p5__vinf25__inc0__toff59132__Om0__om90,1.5236018351797604,0.09339047646359057,25.178054597137095,250.4611176801857,1.549236064027952,0.1333814970579919,32.573790327545936,266.76766092840285,True,704.3220576141858
20260811_184731__rp0p5__vinf25__inc0__toff59132__Om180__om0,1.5235952076997725,0.09339066286252226,25.178062657990438,250.45966054980374,2.543733478473194,0.3483670195440644,33.26202250614114,347.96389203280967,True,1481.8433689977282
20260811_184731__rp0p5__vinf25__inc0__toff59132__Om180__om105,1.5236010050909892,0.09339289422370999,25.17805438799955,250.46129401255791,3.4313708178145097,0.5414059121848287,30.310870515544757,108.30388826052503,True,2321.6479911301267
20260811_184731__rp0p5__vinf25__inc0__toff59132__Om180__om120,1.5235976426464668,0.09339299769221386,25.178058394117098,250.46054623564032,2.294310806655431,0.511688692542145,16.95960674090758,143.93585214374366,True,1269.3262703849928
20260811_184731__rp0p5__vinf25__inc0__toff59132__Om180__om135,1.5235995748536288,0.09338811154536882,25.178059124448293,250.46030142431437,1.6938480833586709,0.5834918112366188,29.552159213310553,154.29985704623812,True,805.2052130077445
20260811_184731__rp0p5__vinf25__inc0__toff59132__Om180__om15,1.5235952587756902,0.09339065595142375,25.178062784262785,250.45968099719926,2.5518694211002626,0.352967059435302,34.76659357878619,350.6748519124196,True,1488.9583996078638
20260811_184731__rp0p5__vinf25__inc0__toff59132__Om180__om150,1.5235976426464668,0.09339299769221386,25.178058394117098,250.46054623564032,1.3716535356468469,0.4677196615456811,29.274889992336316,167.05938042783472,True,586.7613961504068
20260811_184731__rp0p5__vinf25__inc0__toff59132__Om180__om165,1.5236009587648542,0.09339290786418226,25.178054465698295,250.4612760027095,1.1943011676599071,0.5094523271277109,35.22406295484559,180.13861434500907,True,476.7225304923438
20260811_184731__rp0p5__vinf25__inc0__toff59132__Om180__om180,1.5235951809742823,0.09339066463554997,25.178062543861337,250.4596497167634,1.1275173728485852,0.4711005323233264,43.98304395955653,186.7066365260317,True,437.3002802698424
20260811_184731__rp0p5__vinf25__inc0__toff59132__Om180__om195,1.5235951370235705,0.0933906816418201,25.178062723546343,250.45963292543738,1.2312308455025267,0.27276437259991543,46.22953687147375,202.16540257188768,True,499.00411046562084
20260811_184731__rp0p5__vinf25__inc0__toff59132__Om180__om210,1.5235952844635905,0.09339064279872783,25.17806259547037,250.45969057777114,1.2872157637677113,0.20721795783101454,38.735209318401736,233.6115862817354,True,533.4232202053336
20260811_184731__rp0p5__vinf25__inc0__toff59132__Om180__om225,1.5235951566238595,0.09339066977363258,25.178062531718055,250.45964010241158,1.2103762934635776,0.26285139468550217,34.06053577478216,227.75524091985332,True,486.3797730968426
20260811_184731__rp0p5__vinf25__inc0__toff59132__Om180__om240,1.5235952814197868,0.09339064344098662,25.178062593952433,250.45968937597652,1.2126926758166443,0.2646462888469776,32.888095027473504,223.73473352391832,True,487.7766697366019
20260811_184731__rp0p5__vinf25__inc0__toff59132__Om180__om255,1.523595229675131,0.09339065435939262,25.178062568147954,250.45966894547036,1.328007679845009,0.20250411414563357,32.803548522427725,231.1489257699217,True,558.9793600898956
20260811_184731__rp0p5__vinf25__inc0__toff59132__Om180__om270,1.5236018351797604,0.09339047646359057,25.178054597137095,250.4611176801857,1.549236064027952,0.1333814970579919,32.573790327545936,266.76766092840285,True,704.3220576141858
20260811_184731__rp0p5__vinf25__inc0__toff59132__Om180__om285,1.5235943217858723,0.09339308080245524,25.178062118604544,250.45981403256036,1.8562322660520914,0.16675507603311257,32.136319480644154,316.779058064722,True,923.7264271585218
20260811_184731__rp0p5__vinf25__inc0__toff59132__Om180__om30,1.5235953027264113,0.09339063894517578,25.178062604577807,250.45969778853936,2.4652951482565473,0.36529593154835616,34.660948770370226,1.0842316922169597,True,1413.8335196618195
20260811_184731__rp0p5__vinf25__inc0__toff59132__Om180__om300,1.523597661059284,0.09339298414164225,25.17805815129624,250.46055280325257,2.186895822588409,0.2540830698793019,31.755778226998185,335.43701398819064,True,1181.2369806155264
20260811_184731__rp0p5__vinf25__inc0__toff59132__Om180__om315,1.5235995801975597,0.09338811911679237,25.178059353915984,250.46030416640457,2.4499449907659043,0.31984155659901764,31.641396944488143,340.2337841783637,True,1400.649246787888
20260811_184731__rp0p5__vinf25__inc0__toff59132__Om180__om330,1.5235993191175277,0.09339293922613992,25.17805618708198,250.4609176866833,2.5522594704837074,0.34319985964550104,31.913409821205796,342.2506326313861,True,1489.2997902131542
20260811_184731__rp0p5__vinf25__inc0__toff59132__Om180__om345,1.5235943461362693,0.09339307566441982,25.17806213074784,250.45982364667094,2.5924625411270683,0.3589648805728856,32.54890507968815,344.0778664099593,True,1524.6270726253808
20260811_184731__rp0p5__vinf25__inc0__toff59132__Om180__om45,1.5235952389909695,0.09339066012610883,25.17806277439635,250.45967318553602,2.6409972163845703,0.41221448996754345,34.8770081264287,11.691932933255393,True,1567.6417004745565
20260811_184731__rp0p5__vinf25__inc0__toff59132__Om180__om60,1.5235953074765451,0.0933906456752832,25.17806280854936,250.45970022591206,3.2177781196463013,0.5438196231433748,34.726681836175636,29.695035695151322,True,2108.2836155974474
20260811_184731__rp0p5__vinf25__inc0__toff59132__Om180__om75,1.5235951613739924,0.09339067650373568,25.178062735689625,250.45964253978747,4.495563102697769,0.6438897640703588,32.2702942112259,43.31697923873068,True,3481.5371961925493
20260811_184731__rp0p5__vinf25__inc0__toff59132__Om180__om90,1.5236018277546173,0.09339048576266804,25.178054795036516,250.4611153102393,4.067921648644939,0.6447648309819674,28.303126026261744,60.67488997409884,True,2996.77240910212
20260811_184731__rp0p5__vinf25__inc0__toff59132__Om270__om0,1.5236018277546173,0.09339048576266804,25.178054795036516,250.4611153102393,4.067921648644939,0.6447648309819674,28.303126026261744,60.67488997409884,True,2996.77240910212
20260811_184731__rp0p5__vinf25__inc0__toff59132__Om270__om105,1.5235951370235705,0.0933906816418201,25.178062723546343,250.45963292543738,1.2312308455025267,0.27276437259991543,46.22953687147375,202.16540257188768,True,499.00411046562084
20260811_184731__rp0p5__vinf25__inc0__toff59132__Om270__om120,1.5235952844635905,0.09339064279872783,25.17806259547037,250.45969057777114,1.2872157637677113,0.20721795783101454,38.735209318401736,233.6115862817354,True,533.4232202053336
20260811_184731__rp0p5__vinf25__inc0__toff59132__Om270__om135,1.5235951566238595,0.09339066977363258,25.178062531718055,250.45964010241158,1.210381465872355,0.262851605588201,34.060504661352454,227.75388882401398,True,486.3828908351553
20260811_184731__rp0p5__vinf25__inc0__toff59132__Om270__om15,1.5236010050909892,0.09339289422370999,25.17805438799955,250.46129401255791,3.431370911648425,0.5414059173770356,30.310871087841115,108.30389409363772,True,2321.6480863614497
20260811_184731__rp0p5__vinf25__inc0__toff59132__Om270__om150,1.5235952814197868,0.09339064344098662,25.178062593952433,250.45968937597652,1.212692648544451,0.26465139134522436,32.888110666177894,223.73601306580701,True,487.7766532822191
20260811_184731__rp0p5__vinf25__inc0__toff59132__Om270__om165,1.523595229675131,0.09339065435939262,25.178062568147954,250.45966894547036,1.328007679845009,0.20250411414563357,32.803548522427725,231.1489257699217,True,558.9793600898956
20260811_184731__rp0p5__vinf25__inc0__toff59132__Om270__om180,1.5236018351797604,0.09339047646359057,25.178054597137095,250.4611176801857,1.549236064027952,0.1333814970579919,32.573790327545936,266.76766092840285,True,704.3220576141858
20260811_184731__rp0p5__vinf25__inc0__toff59132__Om270__om195,1.5235943217858723,0.09339308080245524,25.178062118604544,250.45981403256036,1.8562322660520914,0.16675507603311257,32.136319480644154,316.779058064722,True,923.7264271585218
20260811_184731__rp0p5__vinf25__inc0__toff59132__Om270__om210,1.523597661059284,0.09339298414164225,25.17805815129624,250.46055280325257,2.186897771407996,0.25408312227062396,31.75575765856055,335.43661878063426,True,1181.2385595784474
20260811_184731__rp0p5__vinf25__inc0__toff59132__Om270__om225,1.5235995801975597,0.09338811911679237,25.178059353915984,250.46030416640457,2.4499454099463467,0.31984110161479123,31.641432938295548,340.2339094522083,True,1400.64960626012
20260811_184731__rp0p5__vinf25__inc0__toff59132__Om270__om240,1.5235993191175277,0.09339293922613992,25.17805618708198,250.4609176866833,2.552259359701166,0.34319992091106183,31.91340930156613,342.2506451682786,True,1489.2996932470646
20260811_184731__rp0p5__vinf25__inc0__toff59132__Om270__om255,1.5235943461362693,0.09339307566441982,25.17806213074784,250.45982364667094,2.5924625411270683,0.3589648805728856,32.54890507968815,344.0778664099593,True,1524.6270726253808
20260811_184731__rp0p5__vinf25__inc0__toff59132__Om270__om270,1.5235952076997725,0.09339066286252226,25.178062657990438,250.45966054980374,2.543733478473194,0.3483670195440644,33.26202250614114,347.96389203280967,True,1481.8433689977282
20260811_184731__rp0p5__vinf25__inc0__toff59132__Om270__om285,1.5235952587756902,0.09339065595142375,25.178062784262785,250.45968099719926,2.5518689886682187,0.35296665254282844,34.76660677141365,350.67483978819473,True,1488.9580211363254
20260811_184731__rp0p5__vinf25__inc0__toff59132__Om270__om30,1.5235976426464668,0.09339299769221386,25.178058394117098,250.46054623564032,2.2943108330511683,0.5116888581154203,16.959612764207424,143.93587833247437,True,1269.326292290135
20260811_184731__rp0p5__vinf25__inc0__toff59132__Om270__om300,1.5235953027264113,0.09339063894517578,25.178062604577807,250.45969778853936,2.465295170230203,0.3652959056033151,34.66094909704947,1.0842188151883856,True,1413.83353856448
20260811_184731__rp0p5__vinf25__inc0__toff59132__Om270__om315,1.5235952389909695,0.09339066012610883,25.17806277439635,250.45967318553602,2.6409972163845703,0.41221448996754345,34.8770081264287,11.691932933255393,True,1567.6417004745565
20260811_184731__rp0p5__vinf25__inc0__toff59132__Om270__om330,1.5235953074765451,0.0933906456752832,25.17806280854936,250.45970022591206,3.2177781196463013,0.5438196231433748,34.726681836175636,29.695035695151322,True,2108.2836155974474
20260811_184731__rp0p5__vinf25__inc0__toff59132__Om270__om345,1.5235951613739924,0.09339067650373568,25.178062735689625,250.45964253978747,4.495563102697769,0.6438897640703588,32.2702942112259,43.31697923873068,True,3481.5371961925493
20260811_184731__rp0p5__vinf25__inc0__toff59132__Om270__om45,1.5235995748536288,0.09338811154536882,25.178059124448293,250.46030142431437,1.6938482283085108,0.5834918591707492,29.55215924208769,154.29986054606735,True,805.2053163650384
20260811_184731__rp0p5__vinf25__inc0__toff59132__Om270__om60,1.5235976426464668,0.09339299769221386,25.178058394117098,250.46054623564032,1.3716535356468469,0.4677196615456811,29.274889992336316,167.05938042783472,True,586.7613961504068
20260811_184731__rp0p5__vinf25__inc0__toff59132__Om270__om75,1.5236009587648542,0.09339290786418226,25.178054465698295,250.4612760027095,1.1943011676599071,0.5094523271277109,35.22406295484559,180.13861434500907,True,476.7225304923438
20260811_184731__rp0p5__vinf25__inc0__toff59132__Om270__om90,1.5235951809742823,0.09339066463554997,25.178062543861337,250.4596497167634,1.1275173728485852,0.4711005323233264,43.98304395955653,186.7066365260317,True,437.3002802698424
20260811_184731__rp0p5__vinf25__inc0__toff59132__Om90__om0,1.5236018351797604,0.09339047646359057,25.178054597137095,250.4611176801857,1.549236064027952,0.1333814970579919,32.573790327545936,266.76766092840285,True,704.3220576141858
20260811_184731__rp0p5__vinf25__inc0__toff59132__Om90__om105,1.5235952587756902,0.09339065595142375,25.178062784262785,250.45968099719926,2.551869421976919,0.3529670606664192,34.76659358038742,350.6748518924851,True,1488.9584003751277
20260811_184731__rp0p5__vinf25__inc0__toff59132__Om90__om120,1.5235953027264113,0.09339063894517578,25.178062604577807,250.45969778853936,2.4652424502009085,0.3652826370307324,34.66100334590921,1.0846678888954362,True,1413.7881868264956
20260811_184731__rp0p5__vinf25__inc0__toff59132__Om90__om135,1.5235952389909695,0.09339066012610883,25.17806277439635,250.45967318553602,2.6409972163845703,0.41221448996754345,34.8770081264287,11.691932933255393,True,1567.6417004745565
20260811_184731__rp0p5__vinf25__inc0__toff59132__Om90__om15,1.5235943217858723,0.09339308080245524,25.178062118604544,250.45981403256036,1.8562322660520914,0.16675507603311257,32.136319480644154,316.779058064722,True,923.7264271585218
20260811_184731__rp0p5__vinf25__inc0__toff59132__Om90__om150,1.5235953074765451,0.0933906456752832,25.17806280854936,250.45970022591206,3.2177781196463013,0.5438196231433748,34.726681836175636,29.695035695151322,True,2108.2836155974474
20260811_184731__rp0p5__vinf25__inc0__toff59132__Om90__om165,1.5235951613739924,0.09339067650373568,25.178062735689625,250.45964253978747,4.495563102697769,0.6438897640703588,32.2702942112259,43.31697923873068,True,3481.5371961925493
20260811_184731__rp0p5__vinf25__inc0__toff59132__Om90__om180,1.5236018277546173,0.09339048576266804,25.178054795036516,250.4611153102393,4.067921648644939,0.6447648309819674,28.303126026261744,60.67488997409884,True,2996.77240910212
20260811_184731__rp0p5__vinf25__inc0__toff59132__Om90__om195,1.5236010050909892,0.09339289422370999,25.17805438799955,250.46129401255791,3.4313708178145097,0.5414059121848287,30.310870515544757,108.30388826052503,True,2321.6479911301267
20260811_184731__rp0p5__vinf25__inc0__toff59132__Om90__om210,1.5235976426464668,0.09339299769221386,25.178058394117098,250.46054623564032,2.294310907282897,0.5116887376465293,16.95960594192204,143.93585027794913,True,1269.3263538931342
20260811_184731__rp0p5__vinf25__inc0__toff59132__Om90__om225,1.5235995748536288,0.09338811154536882,25.178059124448293,250.46030142431437,1.6938482283085108,0.5834918591707492,29.55215924208769,154.29986054606735,True,805.2053163650384
20260811_184731__rp0p5__vinf25__inc0__toff59132__Om90__om240,1.5235976426464668,0.09339299769221386,25.178058394117098,250.46054623564032,1.3716535356468469,0.4677196615456811,29.274889992336316,167.05938042783472,True,586.7613961504068
20260811_184731__rp0p5__vinf25__inc0__toff59132__Om90__om255,1.5236009587648542,0.09339290786418226,25.178054465698295,250.4612760027095,1.1943011676599071,0.5094523271277109,35.22406295484559,180.13861434500907,True,476.7225304923438
20260811_184731__rp0p5__vinf25__inc0__toff59132__Om90__om270,1.5235951809742823,0.09339066463554997,25.178062543861337,250.4596497167634,1.1275173728485852,0.4711005323233264,43.98304395955653,186.7066365260317,True,437.3002802698424
20260811_184731__rp0p5__vinf25__inc0__toff59132__Om90__om285,1.5235951370235705,0.0933906816418201,25.178062723546343,250.45963292543738,1.2312308455025267,0.27276437259991543,46.22953687147375,202.16540257188768,True,499.00411046562084
20260811_184731__rp0p5__vinf25__inc0__toff59132__Om90__om30,1.523597661059284,0.09339298414164225,25.17805815129624,250.46055280325257,2.186897771407996,0.25408312227062396,31.75575765856055,335.43661878063426,True,1181.2385595784474
20260811_184731__rp0p5__vinf25__inc0__toff59132__Om90__om300,1.5235952844635905,0.09339064279872783,25.17806259547037,250.45969057777114,1.2872157637677113,0.20721795783101454,38.735209318401736,233.6115862817354,True,533.4232202053336
20260811_184731__rp0p5__vinf25__inc0__toff59132__Om90__om315,1.5235951566238595,0.09339066977363258,25.178062531718055,250.45964010241158,1.210381465872355,0.262851605588201,34.060504661352454,227.75388882401398,True,486.3828908351553
20260811_184731__rp0p5__vinf25__inc0__toff59132__Om90__om330,1.5235952814197868,0.09339064344098662,25.178062593952433,250.45968937597652,1.2125676990851257,0.26455222040353765,32.88935046224141,223.74574995510537,True,487.7012683206383
20260811_184731__rp0p5__vinf25__inc0__toff59132__Om90__om345,1.523595229675131,0.09339065435939262,25.178062568147954,250.45966894547036,1.328007679845009,0.20250411414563357,32.803548522427725,231.1489257699217,True,558.9793600898956
20260811_184731__rp0p5__vinf25__inc0__toff59132__Om90__om45,1.5235995801975597,0.09338811911679237,25.178059353915984,250.46030416640457,2.4499549937000493,0.319840923469184,31.641396361002723,340.2344965616775,True,1400.6578249089455
20260811_184731__rp0p5__vinf25__inc0__toff59132__Om90__om60,1.5235993191175277,0.09339293922613992,25.17805618708198,250.4609176866833,2.5522593083835416,0.3431999294955773,31.913406449237982,342.250562965173,True,1489.2996483296142
20260811_184731__rp0p5__vinf25__inc0__toff59132__Om90__om75,1.5235943461362693,0.09339307566441982,25.17806213074784,250.45982364667094,2.5924625411270683,0.3589648805728856,32.54890507968815,344.0778664099593,True,1524.6270726253808
20260811_184731__rp0p5__vinf25__inc0__toff59132__Om90__om90,1.5235952076997725,0.09339066286252226,25.178062657990438,250.45966054980374,2.543733478473194,0.3483670195440644,33.26202250614114,347.96389203280967,True,1481.8433689977282
20260811_184731__rp0p5__vinf25__inc30__toff59132__Om0__om0,1.523601444570894,0.09339049406602626,25.1780527081281,250.461069136172,0.964053722432758,0.8716247804381251,8.896663411993867,324.3964782523801,True,345.73770605491165
20260811_184731__rp0p5__vinf25__inc30__toff59132__Om0__om105,1.5236020885788963,0.09339289554066536,25.178060644639334,250.46140350451515,1.8381522267917314,0.18117034149772976,23.50018255702641,304.9353835451777,True,910.2634491719608
20260811_184731__rp0p5__vinf25__inc30__toff59132__Om0__om120,1.523597289219187,0.09339298856325023,25.178055963855208,250.46051099533983,2.067456490658754,0.23934693099881502,23.455383216485753,317.5810307985473,True,1085.7990574340085
20260811_184731__rp0p5__vinf25__inc30__toff59132__Om0__om135,1.523599580025706,0.09338811343670893,25.178058778432238,250.460302691859,2.0568398655226714,0.2714515887675908,23.059474346520176,310.551112816867,True,1077.4462503908937
20260811_184731__rp0p5__vinf25__inc30__toff59132__Om0__om15,1.5235947598441202,0.09339067917595416,25.178060661075257,250.45958845635803,-1.5711947597184808,1.7902540293967288,46.50534139632377,210.44310171001916,False,
20260811_184731__rp0p5__vinf25__inc30__toff59132__Om0__om150,1.5235980499614075,0.09339299430574208,25.1780606082933,250.46060074605307,1.7354224501651117,0.257962210284962,21.146474067194603,286.20007605553093,True,835.0312128480598
20260811_184731__rp0p5__vinf25__inc30__toff59132__Om0__om165,1.5235987996616722,0.09339298453761331,25.178064849424867,250.46068484698884,1.3963794244860004,0.36578127125311233,16.92488853274439,272.0620275151443,True,602.6984210312745
20260811_184731__rp0p5__vinf25__inc30__toff59132__Om0__om180,1.52359483644956,0.09339066744448919,25.178060141568125,250.45961896180572,1.1777077036278745,0.5094567258671111,18.82337258482175,325.68703241646557,True,466.8218400770596
20260811_184731__rp0p5__vinf25__inc30__toff59132__Om0__om195,1.5235933795857206,0.09339066850982074,25.178051702092077,250.45946687967717,1.4357941435072368,0.4391474114455507,39.05603457552619,32.14972324318136,True,628.3956335559204
20260811_184731__rp0p5__vinf25__inc30__toff59132__Om0__om210,1.523593422114653,0.09339065003026933,25.178051744782955,250.45948300596612,-2.188301401931953,1.2739512841821135,31.804512189340777,95.97307745984536,False,
20260811_184731__rp0p5__vinf25__inc30__toff59132__Om0__om225,1.5235963742639655,0.09339065526061177,25.17806904623914,250.4598034630593,-0.7080743432774372,2.2854399631721245,4.840114807764664,158.2359127819638,False,
20260811_184731__rp0p5__vinf25__inc30__toff59132__Om0__om240,1.5236066866005922,0.09339029071571865,25.17803603156202,250.46240214700572,-0.8823719824899566,1.6737217919939273,12.331124644352727,33.221147655956365,False,
20260811_184731__rp0p5__vinf25__inc30__toff59132__Om0__om255,1.5235999058632363,0.09339049781019071,25.178043713245412,250.46088366863654,-1.8402891099421943,1.4600965870902451,20.623449617781517,45.33921356278952,False,
20260811_184731__rp0p5__vinf25__inc30__toff59132__Om0__om270,1.523594825938578,0.09339067264201965,25.178060348669604,250.45961504084022,-9.770280341509995,1.1309331481770661,23.948438585610578,65.4760548542353,False,
20260811_184731__rp0p5__vinf25__inc30__toff59132__Om0__om285,1.5236006314649935,0.09339289543765612,25.17805176963024,250.4612512078615,3.368208656845516,0.6426818061412989,26.768347357295507,80.85125195611663,True,2257.841097886325
20260811_184731__rp0p5__vinf25__inc30__toff59132__Om0__om30,1.5236030481730378,0.09339045343624337,25.178061130705057,250.46127853994994,2.731382808976482,0.5157958488036429,19.473169366490644,351.53845525174955,True,1648.8029274284338
20260811_184731__rp0p5__vinf25__inc30__toff59132__Om0__om300,1.5235980238253892,0.09339299623739454,25.178060165202716,250.46059013511524,2.5165794249509355,0.706607644963465,37.18292978785047,155.25916995279394,True,1458.1790512399698
20260811_184731__rp0p5__vinf25__inc30__toff59132__Om0__om315,1.5235995843640036,0.09338812019210686,25.17805928356798,250.4603049905291,1.764671753475404,0.6269347451135078,22.609033154356922,146.16030130459015,True,856.2306964752208
20260811_184731__rp0p5__vinf25__inc30__toff59132__Om0__om330,1.523597649985582,0.09339300262008057,25.178058123439804,250.4605486109449,1.351592274888173,0.5474203145944587,23.39097423119403,167.98367623919074,True,573.935969637543
20260811_184731__rp0p5__vinf25__inc30__toff59132__Om0__om345,1.5235972678333414,0.09339299722511056,25.178055724735902,250.4605028216574,1.1185171147749722,0.6874962635704831,19.452888927363013,185.8295163819167,True,432.0747058652836
20260811_184731__rp0p5__vinf25__inc30__toff59132__Om0__om45,1.5235962952251874,0.09339067016489543,25.17806922990742,250.4597721522979,1.3118939351396142,0.2471338817677707,22.94603490699222,257.42558893298457,True,548.8364907977084
20260811_184731__rp0p5__vinf25__inc30__toff59132__Om0__om60,1.5235964152711605,0.09339063710244429,25.178069088169426,250.4598189885897,1.2234804916095716,0.2810173696219479,23.255375327854797,236.50271740720132,True,494.29983525642746
20260811_184731__rp0p5__vinf25__inc30__toff59132__Om0__om75,1.5235999836651266,0.09339048912689753,25.178043953646597,250.46091494926253,1.3253908837319055,0.22971404799392142,23.282491475437013,238.60764645352577,True,557.3279981653737
20260811_184731__rp0p5__vinf25__inc30__toff59132__Om0__om90,1.5235963405976518,0.09339065463188449,25.178068827847188,250.45978960863488,1.5504397749680432,0.16272164638769393,23.33399724944476,266.33094063848125,True,705.1430733813382
20260811_184731__rp0p5__vinf25__inc30__toff59132__Om180__om0,1.5235948343170356,0.09339066523478368,25.178060475130387,250.45961796435978,2.6487256125104994,0.3624053121593436,28.24343299732338,12.359148441130182,True,1574.5278579054348
20260811_184731__rp0p5__vinf25__inc30__toff59132__Om180__om105,1.5236021372801882,0.0933928852654278,25.17806066892597,250.46142273299802,2.2061297751612403,0.36514458368117697,20.663186166865724,104.70655766320453,True,1196.8548294308944
20260811_184731__rp0p5__vinf25__inc30__toff59132__Om180__om120,1.5235972684313053,0.09339299874875258,25.17805610469027,250.4605032091152,1.8663288169061618,0.3562742336978672,19.312222845760452,139.97257445811445,True,931.273264225935
20260811_184731__rp0p5__vinf25__inc30__toff59132__Om180__om135,1.5235995859634068,0.09338812184940196,25.178059033396355,250.4603057386256,1.7410723421842305,0.5518384409179641,33.36402497044956,175.44515170409736,True,839.1123580341151
20260811_184731__rp0p5__vinf25__inc30__toff59132__Om180__om15,1.5235948839712454,0.09339065685050486,25.178060823777585,250.4596377467829,2.5902361105108254,0.356732240011325,26.792915174748927,14.159394894816854,True,1522.6634487931426
20260811_184731__rp0p5__vinf25__inc30__toff59132__Om180__om150,1.5235980250171228,0.09339299860230683,25.17806057065352,250.4605908272262,1.367195220371652,0.3338433487808414,25.44473868550853,175.82265422937067,True,583.9029770336292
20260811_184731__rp0p5__vinf25__inc30__toff59132__Om180__om165,1.523598772936055,0.09339298631031691,25.178064735295717,250.46067401419072,1.2374305293338537,0.36625779155715765,27.912798592829947,185.0276745636046,True,502.7778449684135
20260811_184731__rp0p5__vinf25__inc30__toff59132__Om180__om180,1.523601446703437,0.09339049627576984,25.178052374565635,250.46107013359153,1.1683865530458935,0.3681691639394655,31.21185788170754,189.12945008166986,True,461.29071957631754
20260811_184731__rp0p5__vinf25__inc30__toff59132__Om180__om195,1.5235932554588407,0.0933906908356849,25.17805153938936,250.45941758935675,1.13409833890502,0.3453685534697193,33.840111171117236,191.5008207590103,True,441.1344387278315
20260811_184731__rp0p5__vinf25__inc30__toff59132__Om180__om210,1.5236000337037645,0.09339047083661058,25.17804377699907,250.46093414444343,1.136777826870547,0.30907673980126565,35.56877552331136,194.04615358743646,True,442.69873735895266
20260811_184731__rp0p5__vinf25__inc30__toff59132__Om180__om225,1.5235962966468726,0.09339067163804302,25.17806900753271,250.45977281725672,1.1642112915617548,0.2679456080319842,36.822700104308,196.45604719820363,True,458.82027730525857
20260811_184731__rp0p5__vinf25__inc30__toff59132__Om180__om240,1.5235934008080814,0.09339065452616895,25.17805173415746,250.4594745934281,1.2344308198365694,0.20298106829428444,37.54443310952728,200.00702532630092,True,500.9507447125897
20260811_184731__rp0p5__vinf25__inc30__toff59132__Om180__om255,1.5235999836651266,0.09339048912689753,25.178043953646597,250.46091494926253,1.361127101911897,0.11490005747931568,37.814888948569276,210.03059943968822,True,580.0199273038668
20260811_184731__rp0p5__vinf25__inc30__toff59132__Om180__om270,1.5235948333636529,0.09339066334287095,25.178060150769852,250.45961741063377,1.5534614765908359,0.04494914459447472,37.384785582875026,286.8257326088764,True,707.2054912476966
20260811_184731__rp0p5__vinf25__inc30__toff59132__Om180__om285,1.5236005827637977,0.0933929057130559,25.17805174534336,250.46123197942427,1.8090606657958501,0.1293977723530037,36.32612547659226,349.6374315018794,True,888.7397167326923
20260811_184731__rp0p5__vinf25__inc30__toff59132__Om180__om30,1.5235964365778165,0.09339063260668695,25.17806909879471,250.45982740116753,2.4034980062951004,0.3158127700503197,25.575399624818335,19.118149756366886,True,1361.007572764051
20260811_184731__rp0p5__vinf25__inc30__toff59132__Om180__om300,1.5235980446132915,0.09339298605192518,25.178060024367422,250.46059792135895,2.105649745069861,0.22955218125642013,34.89776660703053,359.71192366817115,True,1116.025429502534
20260811_184731__rp0p5__vinf25__inc30__toff59132__Om180__om315,1.5235995784263028,0.09338811177941386,25.178059028603865,250.46030194376237,2.3921139568824348,0.30819280242904706,33.28164393077542,4.141487245744486,True,1351.3495140517307
20260811_184731__rp0p5__vinf25__inc30__toff59132__Om180__om330,1.523597674929854,0.09339299832349507,25.178058161079605,250.46055852976667,2.611244008184168,0.35823030905446196,31.554307002190516,7.458361655062323,True,1541.22511348903
20260811_184731__rp0p5__vinf25__inc30__toff59132__Om180__om345,1.523597294558906,0.09339299545231564,25.178055838864942,250.4605136544428,2.7198160873674975,0.3822429315672114,29.86436501523218,10.232969332428151,True,1638.3406226048407
20260811_184731__rp0p5__vinf25__inc30__toff59132__Om180__om45,1.52359637284228,0.09339065378746358,25.178069268613868,250.45980279810075,2.2761758068900315,0.2949292315067984,24.597496542566336,25.507555103673745,True,1254.306280382243
20260811_184731__rp0p5__vinf25__inc30__toff59132__Om180__om60,1.523609701076139,0.09339027333885215,25.1780533849628,250.46274654284383,2.2309945322905747,0.29646383305307267,23.90022669114547,36.430989007817175,True,1217.1459300641593
20260811_184731__rp0p5__vinf25__inc30__toff59132__Om180__om75,1.5235999058632363,0.09339049781019071,25.178043713245412,250.46088366863654,2.298798499646774,0.34821109517966264,22.999216519574457,51.64368101314086,True,1273.0523116933066
20260811_184731__rp0p5__vinf25__inc30__toff59132__Om180__om90,1.5235963331725624,0.09339066393101329,25.17806902574752,250.4597872388095,2.3786841777023633,0.40910131643178754,21.243286970051532,75.29087072552639,True,1339.985404745146
20260811_184731__rp0p5__vinf25__inc30__toff59132__Om270__om0,1.52360145437112,0.09339048813204848,25.17805261221433,250.46107272475604,1.8959269834661245,0.30197093155057103,25.681158757015805,96.01658131003643,True,953.5145045888787
20260811_184731__rp0p5__vinf25__inc30__toff59132__Om270__om105,1.5235963568121802,0.09339065805642265,25.178069149078063,250.45979652070005,1.1228114293956393,0.4080767249380554,35.670982453343605,218.29572025801443,True,434.5653845713142
20260811_184731__rp0p5__vinf25__inc30__toff59132__Om270__om120,1.5235947592461583,0.09339067765232603,25.17806028112101,250.4595880688726,1.1284200948463983,0.3713416990484132,30.86739858081593,222.733175286633,True,437.8255576567538
20260811_184731__rp0p5__vinf25__inc30__toff59132__Om270__om135,1.5235952884106334,0.09339064543180194,25.178062261443664,250.45969139671922,1.1339771590002012,0.3588999811920551,29.25419809227839,218.68953328501084,True,441.06373692077426
20260811_184731__rp0p5__vinf25__inc30__toff59132__Om270__om15,1.523601477300049,0.09339048152114145,25.178052846732715,250.4610816742707,1.7798601433831442,0.3279879529141644,23.359451223318473,117.15392578233944,True,867.308712864097
20260811_184731__rp0p5__vinf25__inc30__toff59132__Om270__om150,1.5235956224393934,0.0933906501751568,25.178064674286787,250.4597174323293,1.2064840291350079,0.30795260035479594,30.053025116451618,217.37462001474645,True,484.03554855275945
20260811_184731__rp0p5__vinf25__inc30__toff59132__Om270__om165,1.523596351351197,0.09339065058972801,25.178069056293523,250.45979375086168,1.3591338371428967,0.2177075797974148,31.81343820365409,226.02048642365534,True,578.7463027673249
20260811_184731__rp0p5__vinf25__inc30__toff59132__Om270__om180,1.5236014517534902,0.09339048361158245,25.178052074680863,250.4610712848837,1.5802104627146167,0.14152460072170037,33.20092552890513,256.44329820128297,True,725.5499087017365
20260811_184731__rp0p5__vinf25__inc30__toff59132__Om270__om195,1.5235932896093234,0.09339067976336807,25.178051455619052,250.45943079213953,1.8342013650566102,0.14971045207917538,34.25267710988754,301.4537881917879,True,907.3302928503024
20260811_184731__rp0p5__vinf25__inc30__toff59132__Om270__om210,1.5235976449446087,0.09338813205777927,25.17804821496142,250.4600670974435,2.0557736414086216,0.20049421376870394,35.203248958969304,322.80231999029786,True,1076.6085695133536
20260811_184731__rp0p5__vinf25__inc30__toff59132__Om270__om225,1.5235986805182133,0.09339301338233084,25.178064617326598,250.46063805031696,2.2208818422556944,0.24109390169812817,36.14911179858544,333.33967524298544,True,1208.8796654423372
20260811_184731__rp0p5__vinf25__inc30__toff59132__Om270__om240,1.5235993030027635,0.0933880871388518,25.178046250792637,250.46043199831945,2.3521318160779163,0.2727490758515658,36.763070722797515,342.9575153454313,True,1317.611500970879
20260811_184731__rp0p5__vinf25__inc30__toff59132__Om270__om255,1.5235933977642857,0.09339065516844053,25.178051732639524,250.45947339163698,2.4409460002162957,0.2980541388533642,36.667323631035266,353.4457336601106,True,1392.9391668702613
20260811_184731__rp0p5__vinf25__inc30__toff59132__Om270__om270,1.5235948357387186,0.09339066670792068,25.17806025275558,250.45961862932376,2.44307311120022,0.30024345796454455,35.89488620606737,5.256598338778542,True,1394.760334731959
20260811_184731__rp0p5__vinf25__inc30__toff59132__Om270__om285,1.5235948022990078,0.09339067851668853,25.178060225338886,250.45960575897618,2.417011687101183,0.28275416943584464,35.14597920298829,12.847841332924437,True,1372.502100915482
20260811_184731__rp0p5__vinf25__inc30__toff59132__Om270__om30,1.523599586986707,0.09339058546628824,25.178065289245264,250.46049232099273,1.6091689030146459,0.3511391492782971,21.378057969243972,142.22903354368736,True,745.585304157182
20260811_184731__rp0p5__vinf25__inc30__toff59132__Om270__om300,1.5235956424793278,0.09339064816304543,25.178064405425772,250.45972547430173,2.2662006382106696,0.2717948310985385,33.31070603878198,27.5129628448858,True,1246.069966744086
20260811_184731__rp0p5__vinf25__inc30__toff59132__Om270__om315,1.523595311346096,0.09339064632994527,25.17806272545329,250.45970089767476,2.1472478697341373,0.25579448278521044,31.675723987578557,43.089122758044205,True,1149.2596608097642
20260811_184731__rp0p5__vinf25__inc30__toff59132__Om270__om330,1.523595157800383,0.09339068083453035,25.178062383969706,250.4596403958122,2.049739554373131,0.2564558361333791,29.90009536328162,60.22084868808282,True,1071.8719727837513
20260811_184731__rp0p5__vinf25__inc30__toff59132__Om270__om345,1.5235948144742135,0.09339067594763799,25.17806023141054,250.45961056614902,1.951737581423203,0.29164532249682174,27.95972650667438,76.66086997440571,True,995.9259060369619
20260811_184731__rp0p5__vinf25__inc30__toff59132__Om270__om45,1.5235986981031342,0.09339299919990446,25.178064622376546,250.4606442576836,1.3894972001864896,0.4177728044011944,20.662803545492988,167.787920203375,True,598.2482079554052
20260811_184731__rp0p5__vinf25__inc30__toff59132__Om270__om60,1.5236005435962887,0.0933881487479394,25.178065763075534,250.46036648253983,1.1906948515524214,0.5169810894626768,22.138134777827887,187.11088208187329,True,474.5648917429941
20260811_184731__rp0p5__vinf25__inc30__toff59132__Om270__om75,1.5236000590919447,0.09339047707853584,25.178044092062546,250.46094501124037,1.0589729608452987,0.5985095922211284,28.759851157870084,196.794122518713,True,398.03585884694803
20260811_184731__rp0p5__vinf25__inc30__toff59132__Om270__om90,1.523596316247192,0.09339065976990304,25.178068815704002,250.4597799942651,1.0527324059073928,0.5378133622703068,37.59226845264366,204.57309093264314,True,394.5225941787962
20260811_184731__rp0p5__vinf25__inc30__toff59132__Om90__om0,1.5236014496209476,0.09339048140183887,25.178052408243314,250.46107028746405,1.48760134570997,0.16292114025884785,31.174250371333116,268.6441060550338,True,662.7118497869342
20260811_184731__rp0p5__vinf25__inc30__toff59132__Om90__om105,1.5235963081112598,0.09339066833245865,25.17806912479164,250.45977729196125,2.2192443514196545,0.4135414701502136,42.52449272875454,310.056805818155,True,1207.5429231579967
20260811_184731__rp0p5__vinf25__inc30__toff59132__Om90__om120,1.5235948870858211,0.09339065067730251,25.178060344873433,250.4596385441963,104.5059603476388,0.9885876626260632,48.973611246763284,329.4486403657892,True,390217.26720142463
20260811_184731__rp0p5__vinf25__inc30__toff59132__Om90__om135,1.5235953129454902,0.09339064798722846,25.178062475281635,250.45970164575718,-0.7815795490808853,1.97882179808475,39.17162937120893,5.961316495233534,False,
20260811_184731__rp0p5__vinf25__inc30__toff59132__Om90__om15,1.5235947939946701,0.09339066810374837,25.178060577304542,250.45960165918527,1.7228032166579321,0.1668739582441291,29.722476340363066,305.20088743597813,True,825.9398172853281
20260811_184731__rp0p5__vinf25__inc30__toff59132__Om90__om150,1.5235955328315893,0.0933906768152445,25.17806483120331,250.45968261406028,-1.0150304402653418,2.010705467715487,27.27395669143924,50.58797421001942,False,
20260811_184731__rp0p5__vinf25__inc30__toff59132__Om90__om165,1.5235963195756468,0.09339066502687476,25.178069242050604,250.45978176666617,-3.7092702427799367,1.430087746167885,21.789404454563897,76.72620550796347,False,
20260811_184731__rp0p5__vinf25__inc30__toff59132__Om90__om180,1.5236014565036626,0.0933904903417921,25.178052278651865,250.4610737221755,9.809387117884228,0.8539166521419683,19.587342224147523,86.18581743008454,True,11221.675427904653
20260811_184731__rp0p5__vinf25__inc30__toff59132__Om90__om195,1.5235999729115304,0.09339049316896107,25.178043725199736,250.46091080699455,2.6709615550902783,0.3435769456467546,20.762426473349006,70.29100303212961,True,1594.3965567971143
20260811_184731__rp0p5__vinf25__inc30__toff59132__Om90__om210,1.5235965725211036,0.09339060287928844,25.178047935383624,250.46014792599067,2.34878747310405,0.5227924813374468,24.677144537956522,115.49525159549626,True,1314.8023611815952
20260811_184731__rp0p5__vinf25__inc30__toff59132__Om90__om225,1.523598699524824,0.0933930006730673,25.17806440000168,250.46064492261206,1.813360838527781,0.4264533684162624,27.6816362051436,142.14715103499918,True,891.9104267205446
20260811_184731__rp0p5__vinf25__inc30__toff59132__Om90__om240,1.5235975291297927,0.09338816616062764,25.17804840920737,250.46002207110558,1.5471212719334124,0.4088001650048656,31.44439898031018,151.63764504502498,True,702.8803925950359
20260811_184731__rp0p5__vinf25__inc30__toff59132__Om90__om255,1.5236000590919447,0.09339047707853584,25.178044092062546,250.46094501124037,1.3713953420223943,0.427717636525957,36.73611723219779,161.502276445911,True,586.5957301297102
20260811_184731__rp0p5__vinf25__inc30__toff59132__Om90__om270,1.5235948090132412,0.09339066848097087,25.178060138626527,250.45960779628666,1.2880165820592824,0.41774233043529335,45.54312296391767,164.41019146753317,True,533.9210872104571
20260811_184731__rp0p5__vinf25__inc30__toff59132__Om90__om285,1.5235948509998318,0.09339066824049036,25.17806024962554,250.45962498766932,1.5610658644267204,0.23392997566105578,54.53938836106867,125.74944107217719,True,712.4046296427512
20260811_184731__rp0p5__vinf25__inc30__toff59132__Om90__om30,1.523600659411563,0.09338811464585223,25.178065568827197,250.46041150915582,2.006345839742946,0.23098192307348028,28.29189822512838,328.62841793491515,True,1038.014896202898
20260811_184731__rp0p5__vinf25__inc30__toff59132__Om90__om300,1.5235955146395377,0.09339067513785433,25.17806434167363,250.45967499891907,2.861551853298692,0.49983856647712627,44.421605012691735,14.075657718886395,True,1768.0613168307325
20260811_184731__rp0p5__vinf25__inc30__toff59132__Om90__om315,1.5235952868112392,0.093390643774519,25.17806251161533,250.45969064863664,1.6683675914787142,0.20518375150370513,32.53384265599972,315.6490237894251,True,787.1047074156422
20260811_184731__rp0p5__vinf25__inc30__toff59132__Om90__om330,1.5235952474081433,0.09339065419437,25.178062227053438,250.45967521405368,1.3526812583535932,0.19300362441115104,32.04549652471157,255.79242765406704,True,574.6297431983583
20260811_184731__rp0p5__vinf25__inc30__toff59132__Om90__om345,1.5235948462497009,0.0933906615103905,25.178060045654085,250.45962255028985,1.3502003693000162,0.19607928972561178,32.05383191802813,249.78598229914525,True,573.0496161973513
20260811_184731__rp0p5__vinf25__inc30__toff59132__Om90__om45,1.5235986790965235,0.09339301190916809,25.17806483970145,250.46063738538862,2.247915736929204,0.2852733833266825,27.338798488993408,335.6053049675122,True,1231.0195040293963
20260811_184731__rp0p5__vinf25__inc30__toff59132__Om90__om60,1.523602317471265,0.09338806973276435,25.178063604582032,250.46077641011144,2.26119026272389,0.32074733512851117,27.556011036568915,324.2771474123659,True,1241.9398207632585
20260811_184731__rp0p5__vinf25__inc30__toff59132__Om90__om75,1.5235933977642857,0.09339065516844053,25.178051732639524,250.45947339163698,2.233736090572128,0.32702932470463686,29.451260461380308,318.80557264503915,True,1219.3901543618927
20260811_184731__rp0p5__vinf25__inc30__toff59132__Om90__om90,1.5235963429727222,0.09339065799694456,25.178068929833152,250.45979082731458,2.0807001525871494,0.3228795172486622,33.73406816327123,309.3314774124162,True,1096.248824963476
20260811_184731__rp0p5__vinf25__inc60__toff59132__Om0__om0,1.5235996285625948,0.09339056509533639,25.17806500757425,250.46050789386766,1.1645931307445696,0.3927667531027933,12.428417142754176,208.4185880549607,True,459.04602231232934
20260811_184731__rp0p5__vinf25__inc60__toff59132__Om0__om105,1.5235957636892175,0.09339301003403984,25.178047038677956,250.46033218382888,1.8714438756378695,0.1623129394303736,16.455443866057145,330.24336113453074,True,935.1044056836141
20260811_184731__rp0p5__vinf25__inc60__toff59132__Om0__om120,1.5235972885041476,0.0933929871443025,25.17805572058475,250.46051058007154,2.218148262749795,0.2603097010187402,17.467726801797625,342.7439682410141,True,1206.6484222843683
20260811_184731__rp0p5__vinf25__inc60__toff59132__Om0__om135,1.5235997879834087,0.09338810925418616,25.17805879326039,250.46034871628532,2.535014198260531,0.3360039931412423,18.464881672612268,347.4304986841128,True,1474.230820833238
20260811_184731__rp0p5__vinf25__inc60__toff59132__Om0__om15,1.5236029035749112,0.0933904952232144,25.17806081403114,250.46122221657882,1.1842199406674119,0.293269905969421,11.59121190800352,230.75314887743622,True,470.6991856586877
20260811_184731__rp0p5__vinf25__inc60__toff59132__Om0__om150,1.523596458351061,0.09339300855105413,25.178056937814098,250.46032762587518,2.720180782849763,0.3741058564485177,19.310299078272323,352.392598783035,True,1638.6701570842608
20260811_184731__rp0p5__vinf25__inc60__toff59132__Om0__om165,1.5235972926605257,0.09339299303319772,25.178055899059615,250.46051271266415,2.802950316415807,0.3947872996608726,20.0163400487325,355.71617034895354,True,1714.0283148950357
20260811_184731__rp0p5__vinf25__inc60__toff59132__Om0__om180,1.5235996626476345,0.09339057320846209,25.178065154293176,250.46052243854615,2.714280143528825,0.3749500951769119,20.693479194087914,6.2597071500647266,True,1633.34112375421
20260811_184731__rp0p5__vinf25__inc60__toff59132__Om0__om195,1.5236030191563918,0.09339046133148847,25.17806089315107,250.46126718678198,2.5669476813029846,0.3561560852604839,21.31080955215813,16.65803412011255,True,1502.1746128179648
20260811_184731__rp0p5__vinf25__inc60__toff59132__Om0__om210,1.5235964444138712,0.09339064343844602,25.178069293565205,250.4598313896824,2.4299794011239535,0.33726928790166505,21.900011171641268,29.83540965656319,True,1383.562493925919
20260811_184731__rp0p5__vinf25__inc60__toff59132__Om0__om225,1.5235963725997377,0.09339065263212534,25.178068833065854,250.45980257685932,2.409733184514353,0.3468419152570523,22.524898808584247,46.43781118143147,True,1366.3071149759753
20260811_184731__rp0p5__vinf25__inc60__toff59132__Om0__om240,1.5235964451247141,0.09339064417502048,25.178069182377865,250.4598317221614,2.602521018885043,0.41933069718249877,23.207858196326654,61.94122306318443,True,1533.5087590177377
20260811_184731__rp0p5__vinf25__inc60__toff59132__Om0__om255,1.5235999129884807,0.09339050790547238,25.178044019201206,250.46088732460623,3.0522822726465972,0.561287289092746,30.198955495551633,55.639842546111986,True,1947.7442631563952
20260811_184731__rp0p5__vinf25__inc60__toff59132__Om0__om270,1.5235996504723512,0.0933905757773821,25.178065148221567,250.46051763133303,3.339281926667341,0.5200295126628594,28.12230535610039,58.20736368690466,True,2228.8175702343246
20260811_184731__rp0p5__vinf25__inc60__toff59132__Om0__om285,1.5235958085933516,0.09339299491990978,25.178047183354693,250.46034952853392,2.850868114858929,0.4653123995453071,28.674879658310168,90.01557382975186,True,1758.1688545819795
20260811_184731__rp0p5__vinf25__inc60__toff59132__Om0__om30,1.523600035125457,0.0933904723097627,25.17804355462397,250.46093480939481,1.2007904154839666,0.24306015677188825,13.950214584766078,241.41206529378434,True,480.6132188298623
20260811_184731__rp0p5__vinf25__inc60__toff59132__Om0__om300,1.5235972711618004,0.09339300248212336,25.178056151082146,250.46050459397304,2.032970964733882,0.43801194644133257,28.37707299806452,118.7257660839513,True,1058.7456923327816
20260811_184731__rp0p5__vinf25__inc60__toff59132__Om0__om315,1.5235999978071146,0.0933881070052258,25.178058516221828,250.46039561349346,1.6169880237919547,0.4708386329452401,19.286541015410734,152.5267401840282,True,751.026216297634
20260811_184731__rp0p5__vinf25__inc60__toff59132__Om0__om330,1.5235980265558873,0.09339299997077193,25.178060211594744,250.4605915199673,1.3643535855099471,0.4157636004614378,21.239326771929353,166.62139962026475,True,582.0835112681425
20260811_184731__rp0p5__vinf25__inc60__toff59132__Om0__om345,1.523597116894712,0.09339303354120519,25.178066502670497,250.46031010067813,1.2234577031873064,0.4327167318012082,16.88499227553163,186.84444909061077,True,494.2860251536143
20260811_184731__rp0p5__vinf25__inc60__toff59132__Om0__om45,1.523596296178572,0.09339067205680723,25.178069554268074,250.45977270601924,1.1909970211191916,0.25170273083175443,15.61446205905293,241.41524646011862,True,474.7455528481144
20260811_184731__rp0p5__vinf25__inc60__toff59132__Om0__om60,1.5236030465509014,0.09339045555162427,25.178060906812316,250.4612780030798,1.22957865023463,0.22870993988205807,15.789377924052861,239.170924145222,True,498.0000230677815
20260811_184731__rp0p5__vinf25__inc60__toff59132__Om0__om75,1.5235999831800409,0.09339048681616272,25.178043082550793,250.46091450680564,1.3538744206360187,0.16095206816398183,15.492049234361737,244.72800293197065,True,575.390208055638
20260811_184731__rp0p5__vinf25__inc60__toff59132__Om0__om90,1.5235996555223927,0.09339056311319884,25.17806484833565,250.4605187825733,1.5705382755488186,0.10404414080100419,15.688315734755012,284.5025991582686,True,718.8986695977579
20260811_184731__rp0p5__vinf25__inc60__toff59132__Om180__om0,1.5235996612259426,0.09339057173530128,25.178065376667963,250.46052177359633,2.2955154290070863,0.29623389024211483,26.56619847787935,21.675569453951173,True,1270.326086636137
20260811_184731__rp0p5__vinf25__inc60__toff59132__Om180__om105,1.5235958100150364,0.09339299639305168,25.178046960979575,250.46035019347238,1.8513460300287488,0.21600038543127575,17.665660969359475,118.81923492333695,True,920.0814842615212
20260811_184731__rp0p5__vinf25__inc60__toff59132__Om180__om120,1.5235972718726443,0.09339300321869964,25.17805603989466,250.46050492643968,1.5908521563394757,0.14290287771897245,16.59586055398235,184.83365415709167,True,732.8913969888146
20260811_184731__rp0p5__vinf25__inc60__toff59132__Om180__om135,1.5235999970962686,0.09338810626864939,25.17805862740922,250.46039528100664,1.4193961827118406,0.3064105903964062,25.43767445618753,159.8129909161095,True,617.6612296591209
20260811_184731__rp0p5__vinf25__inc60__toff59132__Om180__om15,1.5236030205780902,0.09339046280466239,25.178060670776247,250.46126785172277,2.2480722413009446,0.28282684131607627,24.520915384376945,24.45105465578981,True,1231.1480653123328
20260811_184731__rp0p5__vinf25__inc60__toff59132__Om180__om150,1.5235972704509568,0.09339300174554707,25.178056262269642,250.4605042615064,1.2887099978365677,0.3144445376609573,19.684660073609333,191.71704284753483,True,534.3523073540723
20260811_184731__rp0p5__vinf25__inc60__toff59132__Om180__om165,1.5235956096602368,0.09339304224917629,25.178057825634816,250.46013791079235,1.211786618473255,0.3562379071175376,22.397473771535633,189.84982919463576,True,487.2301119632979
20260811_184731__rp0p5__vinf25__inc60__toff59132__Om180__om180,1.5235996299842867,0.09339056656849683,25.17806478519949,250.4605085588177,1.1641598610952133,0.37493463414895684,26.167615510947318,185.7258356151639,True,458.7898742154424
20260811_184731__rp0p5__vinf25__inc60__toff59132__Om180__om195,1.5236029021532134,0.09339049375004148,25.178061036405982,250.4612215516375,1.1528616035823112,0.363079266907382,29.980381362552464,181.2832786871483,True,452.12722082136514
20260811_184731__rp0p5__vinf25__inc60__toff59132__Om180__om210,1.523603048883887,0.0933904541728304,25.178061019517624,250.46127887242034,1.1697194213829751,0.3251742125736418,33.4358386306883,177.15225266694404,True,462.0802893143506
20260811_184731__rp0p5__vinf25__inc60__toff59132__Om180__om225,1.5235962997327859,0.09339067573967637,25.1780689983313,250.45977436841605,1.217501033350026,0.26743694036390186,35.85594381190875,172.13023977516318,True,490.68061403503725
20260811_184731__rp0p5__vinf25__inc60__toff59132__Om180__om240,1.5236030465509014,0.09339045555162427,25.178060906812316,250.4612780030798,1.2987383320882604,0.18889049582232037,37.22146657069079,165.1907831014046,True,540.6016670987254
20260811_184731__rp0p5__vinf25__inc60__toff59132__Om180__om255,1.5235999789149635,0.09339048239670768,25.178043749676096,250.46091251195094,1.4119065346523805,0.10632381655207936,37.638828878038886,148.60151546059038,True,612.7789169711576
20260811_184731__rp0p5__vinf25__inc60__toff59132__Om180__om270,1.5235996555223927,0.09339056311319884,25.17806484833565,250.4605187825733,1.5563763082619984,0.062469915081648765,37.19293755051194,86.49016427887216,True,709.196868241085
20260811_184731__rp0p5__vinf25__inc60__toff59132__Om180__om285,1.5235957622675327,0.09339300856089834,25.178047261053056,250.46033151889017,1.727403533327335,0.11717489225755648,36.115008042479865,36.69723236565928,True,829.2502244223225
20260811_184731__rp0p5__vinf25__inc60__toff59132__Om180__om30,1.523593430661517,0.09339066159851858,25.17805182836445,250.45948732703187,2.181158789261491,0.26321354686089315,22.618922971627732,25.830575872844197,True,1176.5918008577858
20260811_184731__rp0p5__vinf25__inc60__toff59132__Om180__om300,1.5235972877933042,0.09339298640772614,25.17805583177225,250.46051024760493,1.903401889108308,0.1857455305330098,34.57825646162769,25.656877226230208,True,959.1590665191285
20260811_184731__rp0p5__vinf25__inc60__toff59132__Om180__om315,1.5235997886942547,0.09338810999076215,25.178058682073022,250.46034904877246,2.072265805476371,0.2419089481678327,32.75921293341497,22.331828707692683,True,1089.589936588878
20260811_184731__rp0p5__vinf25__inc60__toff59132__Om180__om330,1.5235972144558123,0.09339300677556805,25.17806088714836,250.46041488435742,2.20753206834431,0.28020662103333366,30.741619839050983,22.665324368138094,True,1197.9961548838621
20260811_184731__rp0p5__vinf25__inc60__toff59132__Om180__om345,1.5235987998958236,0.09339298432823023,25.178064576057086,250.46068490260987,2.2772208363791493,0.2942702636500323,28.71999909817692,20.724576868392994,True,1255.170188271196
20260811_184731__rp0p5__vinf25__inc60__toff59132__Om180__om45,1.5235963690455236,0.09339064894925479,25.178069389002616,250.45980091446296,2.106749540324418,0.23997298704770093,20.98628889842198,29.192933241396293,True,1116.8999052291172
20260811_184731__rp0p5__vinf25__inc60__toff59132__Om180__om60,1.5235964451247141,0.09339064417502048,25.178069182377865,250.4598317221614,2.060496343564158,0.23281007780440918,19.733248991915012,38.604264540021454,True,1080.3206177653499
20260811_184731__rp0p5__vinf25__inc60__toff59132__Om180__om75,1.5235999172535577,0.09339051232492589,25.178043352075907,250.46088931946144,2.080896707086319,0.2543535848245806,18.870256902027723,55.06980320321505,True,1096.4041652659412
20260811_184731__rp0p5__vinf25__inc60__toff59132__Om180__om90,1.5235996504723512,0.0933905757773821,25.178065148221567,250.46051763133303,2.065654596206888,0.2635381103703825,18.21146150546356,81.04478838806011,True,1084.3798723523828
20260811_184731__rp0p5__vinf25__inc60__toff59132__Om270__om0,1.523603059010889,0.09339045888206282,25.178061337712357,250.46128338084128,1.6921952143532473,0.2340875561213975,23.295399926616135,120.30559688870412,True,804.0269131135082
20260811_184731__rp0p5__vinf25__inc60__toff59132__Om270__om105,1.5235933931825847,0.09339066741386065,25.17805148578884,250.45947235180952,1.19685257991134,0.37394305585962834,27.214489702439785,235.9894953946989,True,478.25099556958895
20260811_184731__rp0p5__vinf25__inc60__toff59132__Om270__om120,1.523594769443824,0.09339067683038868,25.178060118893626,250.45959217297496,1.1952347785377806,0.3585131759163762,24.692479763414763,233.27190695507318,True,477.28163608702295
20260811_184731__rp0p5__vinf25__inc60__toff59132__Om270__om135,1.5235952183366865,0.09339079845659767,25.1780624079551,250.45969511727372,1.2088497283967417,0.34212588808425554,24.69826491148709,227.24940055268277,True,485.45990683812323
20260811_184731__rp0p5__vinf25__inc60__toff59132__Om270__om15,1.5236030253282722,0.09339046953489459,25.178060874747707,250.4612702889928,1.582714094847472,0.24782433938969298,20.17694579283959,139.36611557207607,True,727.274896691684
20260811_184731__rp0p5__vinf25__inc60__toff59132__Om270__om150,1.523594865423788,0.09339065480485044,25.178060389841754,250.4596299653993,1.2905418361312442,0.30769297728716144,27.05490415794515,225.2048885078219,True,535.492045679075
20260811_184731__rp0p5__vinf25__inc60__toff59132__Om270__om165,1.5235948455388593,0.09339066077382197,25.17806015684151,250.45962221780786,1.3990224796844826,0.24642613487967008,30.03824758890699,230.72176149830395,True,604.410404232642
20260811_184731__rp0p5__vinf25__inc60__toff59132__Om270__om180,1.523603061770074,0.09339045234059011,25.178060914401875,250.46128401213474,1.5349118140702036,0.19568486920509112,32.74458388579792,242.45434699884692,True,694.5764201714717
20260811_184731__rp0p5__vinf25__inc60__toff59132__Om270__om195,1.5235962675462746,0.09339067004594792,25.178068791417598,250.45976076552876,1.6371556469398334,0.17066840320445315,35.26219178691087,254.7698341527686,True,765.1205171515699
20260811_184731__rp0p5__vinf25__inc60__toff59132__Om270__om210,1.5235996061104158,0.09339057265230469,25.178064935236513,250.46049922124615,1.7004545304684513,0.14779239580469028,38.073037045407624,263.1171832959751,True,809.9205672711407
20260811_184731__rp0p5__vinf25__inc60__toff59132__Om270__om225,1.5235996012945263,0.0933905851071053,25.17806496175473,250.46049812562944,1.8092619003039083,0.10961943887733834,40.711120183000276,290.83622470988917,True,888.8880119860189
20260811_184731__rp0p5__vinf25__inc60__toff59132__Om270__om240,1.5236012648802637,0.09339052847525194,25.178062859804882,250.46086444578276,1.9924908111042485,0.13128028025163668,41.516347092142375,343.42150210082417,True,1027.2813014092912
20260811_184731__rp0p5__vinf25__inc60__toff59132__Om270__om255,1.5235933734139189,0.09339066030661418,25.17805172049609,250.45946377730905,2.142238760699564,0.18686462382618754,40.533006349890414,9.985398718215281,True,1145.240510269212
20260811_184731__rp0p5__vinf25__inc60__toff59132__Om270__om270,1.5235964403745728,0.09339063744489726,25.178068978405957,250.45982928480439,2.182718509689623,0.215026522364611,38.731892703265224,26.239837497607187,True,1177.854076427661
20260811_184731__rp0p5__vinf25__inc60__toff59132__Om270__om285,1.5235934465492322,0.09339065437985183,25.178051735486537,250.45949331907997,2.1325287180846737,0.21844790813820417,36.60746613572315,42.04324136951356,True,1137.4628593951588
20260811_184731__rp0p5__vinf25__inc60__toff59132__Om270__om30,1.5235966835199029,0.09339058123140813,25.178047767654334,250.46019185566274,1.4498701400049658,0.2879860418661893,16.978473822455985,162.60012235962014,True,637.659083842521
20260811_184731__rp0p5__vinf25__inc60__toff59132__Om270__om300,1.5235948752660349,0.09339065361463361,25.178060283208094,250.45963390326224,2.060102052885137,0.22285255669716444,34.31893878166488,57.063465947702646,True,1080.0105420112857
20260811_184731__rp0p5__vinf25__inc60__toff59132__Om270__om315,1.523595321632625,0.09339064560009694,25.178062549327507,250.45970504334065,1.9642388052060746,0.21979812132340204,31.819571602915172,72.5017012587388,True,1005.5098337815535
20260811_184731__rp0p5__vinf25__inc60__toff59132__Om270__om330,1.52359553800792,0.09339067838269974,25.17806449915904,250.45968481329703,1.8707646268997558,0.22115021475204474,29.151191044543225,88.2969711752338,True,934.5953515318565
20260811_184731__rp0p5__vinf25__inc60__toff59132__Om270__om345,1.5235963149097174,0.09339066778452744,25.178069016640116,250.45978002803278,1.7812354556123555,0.2251991184474271,26.286354676978963,103.40073454759937,True,868.3141716465117
20260811_184731__rp0p5__vinf25__inc60__toff59132__Om270__om45,1.5235996897986301,0.0933905533013911,25.178065336796532,250.46053217898032,1.2839657800517288,0.3714826734569144,13.773312413740047,188.56807346873768,True,531.4043022028284
20260811_184731__rp0p5__vinf25__inc60__toff59132__Om270__om60,1.5235996979859454,0.09339056381916172,25.178065121515136,250.46053625085847,1.1016541323665567,0.5275633051993988,12.22998785927209,210.15505091545015,True,422.3405626063104
20260811_184731__rp0p5__vinf25__inc60__toff59132__Om270__om75,1.5235999050782705,0.09339051489384115,25.17804334600413,250.46088451224392,1.007681105719072,0.6530872438346591,22.30117663048962,208.79362598242582,True,369.47032754131163
20260811_184731__rp0p5__vinf25__inc60__toff59132__Om270__om90,1.5235964136490383,0.09339063921784407,25.17806886427681,250.45981845175135,1.1229140473460841,0.4904607039959335,31.811101304768297,220.91519004689616,True,434.62496077461594
20260811_184731__rp0p5__vinf25__inc60__toff59132__Om90__om0,1.523603060348376,0.09339045086741596,25.178061136776698,250.461283347194,1.4218588274739998,0.2190345194143849,28.874491206273646,263.76336403781715,True,619.2693850702516
20260811_184731__rp0p5__vinf25__inc60__toff59132__Om90__om105,1.5235934479709128,0.09339065585297886,25.178051513111594,250.4594939840486,1.2116392403911853,0.33813620302022157,50.73009429038331,340.7662638192245,True,487.14122891864235
20260811_184731__rp0p5__vinf25__inc60__toff59132__Om90__om120,1.5235948759768763,0.09339065435120227,25.17806017202066,250.45963423574415,3.2911267130163315,0.4961201003043354,22.329710966961855,137.70053590825225,True,2180.779709282315
20260811_184731__rp0p5__vinf25__inc60__toff59132__Om90__om135,1.523595320921783,0.09339064486352658,25.17806266051489,250.45970471085963,3.1009111590326297,0.47122518517533285,14.763289693132936,115.4016248977909,True,1994.4762915021706
20260811_184731__rp0p5__vinf25__inc60__toff59132__Om90__om15,1.52359626896796,0.09339067151909536,25.178068569042903,250.4597614304877,1.5413315092474775,0.19967918716665903,27.527571309357064,278.7521428316884,True,698.9385222462886
20260811_184731__rp0p5__vinf25__inc60__toff59132__Om90__om150,1.5235947819036757,0.09339068016056065,25.178060549793635,250.45959755077115,2.624686206113794,0.39361238966474377,13.58893476448203,102.83637522148979,True,1553.1413261432936
20260811_184731__rp0p5__vinf25__inc60__toff59132__Om90__om165,1.5235948076757693,0.09339067649559481,25.17806033956212,250.45960783008053,2.292372497322863,0.3403215370571281,14.760794540194976,101.32230000315366,True,1267.7180572147686
20260811_184731__rp0p5__vinf25__inc60__toff59132__Om90__om180,1.5236030604325874,0.09339046035523699,25.178061115337524,250.46128404578195,2.061319753484347,0.3145592202292957,16.964865342726434,106.01342126343664,True,1080.9682546175604
20260811_184731__rp0p5__vinf25__inc60__toff59132__Om90__om195,1.5236030239065739,0.09339046806172066,25.178061097122544,250.46126962405208,1.9055228259655148,0.2982250343330389,19.814838918949988,112.77927555994366,True,960.7626814144105
20260811_184731__rp0p5__vinf25__inc60__toff59132__Om90__om210,1.5235996972750996,0.09339056308258112,25.17806523270254,250.4605359183837,1.7784889287322712,0.3011604307090319,23.191189035645326,120.80080671544816,True,866.3066363797769
20260811_184731__rp0p5__vinf25__inc60__toff59132__Om90__om225,1.5235996933528597,0.09339055698429363,25.178064780859618,250.46053384135462,1.6700243092379836,0.18216434936292356,27.271803625491376,120.1348611024711,True,788.2774112248649
20260811_184731__rp0p5__vinf25__inc60__toff59132__Om90__om240,1.5235996979859454,0.09339056381916172,25.178065121515136,250.46053625085847,1.5605624324195566,0.3144798577394029,31.068573364846092,139.51843653565905,True,712.0600397212423
20260811_184731__rp0p5__vinf25__inc60__toff59132__Om90__om255,1.5235999008131935,0.09339051047438797,25.17804401312944,250.46088251738854,1.4486926499293105,0.3399137582902277,36.14130147067797,147.85127032377878,True,636.8824438287895
20260811_184731__rp0p5__vinf25__inc60__toff59132__Om90__om270,1.5235964136490383,0.09339063921784407,25.17806886427681,250.45981845175135,1.3504191538403487,0.37548680333874185,43.893341904029455,154.620150606341,True,573.1889060521609
20260811_184731__rp0p5__vinf25__inc60__toff59132__Om90__om285,1.5235933917609044,0.09339066594073399,25.178051708163792,250.45947168684071,1.3481682855556523,0.42952389072652813,62.27788034298449,148.68388330833247,True,571.7564230736407
20260811_184731__rp0p5__vinf25__inc60__toff59132__Om90__om30,1.5235965923555796,0.09339059080175229,25.178047470188655,250.46015515863337,1.698550791438532,0.1981909085344861,25.340250820022582,296.9706444443677,True,808.5608316218547
20260811_184731__rp0p5__vinf25__inc60__toff59132__Om90__om300,1.5235947687329827,0.09339067609382046,25.178060230081034,250.45959184049283,-0.21463843459409965,4.221882706164511,34.76470203609037,74.39083789966243,False,
20260811_184731__rp0p5__vinf25__inc60__toff59132__Om90__om315,1.5235952190475284,0.0933907991931679,25.178062296767674,250.45969544975424,2.5746913409492493,0.4648479710897404,17.232179446782318,335.7509139756064,True,1508.9771067078932
20260811_184731__rp0p5__vinf25__inc60__toff59132__Om90__om330,1.5235956215281155,0.09339065302712776,25.178064339206728,250.459717227976,1.4993076397346723,0.2229235504521898,25.956891962245066,277.69942658466766,True,670.5497783031425
20260811_184731__rp0p5__vinf25__inc60__toff59132__Om90__om345,1.5235963527728824,0.09339065206287607,25.178068833918815,250.4597944158203,1.3839034060182547,0.22330752404569687,28.90714567906124,260.1010251205547,True,594.6392330283946
20260811_184731__rp0p5__vinf25__inc60__toff59132__Om90__om45,1.5235995977402972,0.09339058142420456,25.178065517691657,250.46049646325446,1.8184667209201573,0.2181582765114262,23.660096907788308,305.9024060448187,True,895.680107149633
20260811_184731__rp0p5__vinf25__inc60__toff59132__Om90__om60,1.5236012648802637,0.09339052847525194,25.178062859804882,250.46086444578276,1.7808033070325742,0.24404604992030082,23.140014559368062,293.83499563419684,True,867.9981960343072
20260811_184731__rp0p5__vinf25__inc60__toff59132__Om90__om75,1.5235933776789592,0.09339066472599344,25.178051053371192,250.45946577221622,1.4939947745276052,0.33217910961066816,25.124123240949356,255.38712766514342,True,666.9887519137129
20260811_184731__rp0p5__vinf25__inc60__toff59132__Om90__om90,1.5235964403745728,0.09339063744489726,25.178068978405957,250.45982928480439,1.0100559019467334,0.7362170593215013,28.834403072232178,219.94079439133034,True,370.77718962738703
20260811_184731__rp0p5__vinf25__inc90__toff59132__Om0__om0,1.5235996846131636,0.09339057670776924,25.17806534243534,250.4605228937878,1.1616120219558572,0.36267945926076184,21.04734017522963,202.20396714559115,True,457.2845616230165
20260811_184731__rp0p5__vinf25__inc90__toff59132__Om0__om105,1.5235958123803324,0.09339301176043212,25.178047340951128,250.4603434718868,1.7980537999777113,0.12903740333736616,14.09265776646306,7.106121206557495,True,880.6410296449465
20260811_184731__rp0p5__vinf25__inc90__toff59132__Om0__om120,1.5235973432500476,0.0933929971787959,25.178056141137237,250.46052494249446,2.040511650278131,0.2174449838834046,15.70757152171564,2.646867426977867,True,1064.6417925361186
20260811_184731__rp0p5__vinf25__inc90__toff59132__Om0__om135,1.5235996339698634,0.09338812230138226,25.178059146841274,250.4603166395992,2.273068707596095,0.28211144102289737,17.628569288177314,0.20493389710680887,True,1251.7388663091065
20260811_184731__rp0p5__vinf25__inc90__toff59132__Om0__om15,1.5235996373337226,0.09339058845661384,25.178065095774055,250.46050432988778,1.1431048454858939,0.3450323769594879,18.77272647802198,212.16132644127273,True,446.3997994861892
20260811_184731__rp0p5__vinf25__inc90__toff59132__Om0__om150,1.5235973436054695,0.09339299754708416,25.178056085543474,250.4605251087276,2.444207732023498,0.3337785208249467,19.561833306462788,0.6612758357800244,True,1395.7320869719035
20260811_184731__rp0p5__vinf25__inc90__toff59132__Om0__om165,1.523595836730777,0.09339300662247597,25.178047353094655,250.46035308602563,2.526706699439219,0.34482991954684,21.603291945162624,2.8513188047802767,True,1466.9899551672852
20260811_184731__rp0p5__vinf25__inc90__toff59132__Om0__om180,1.5235997089637312,0.09339057156993097,25.178065354578585,250.46053250821456,2.6454579904240196,0.362071971242917,24.134803870406806,1.3109297499785872,True,1571.6151128824592
20260811_184731__rp0p5__vinf25__inc90__toff59132__Om0__om195,1.5235997597974076,0.09339056350400436,25.178065045302954,250.4605527344952,2.418872065901912,0.3188604436984622,25.16357644579336,8.977023501277314,True,1374.0870322776475
20260811_184731__rp0p5__vinf25__inc90__toff59132__Om0__om210,1.5235998070768582,0.0933905517551846,25.178065291964252,250.4605712984071,2.3126500073031075,0.292065585800373,26.43541847590818,20.658467051077693,True,1284.5758730479022
20260811_184731__rp0p5__vinf25__inc90__toff59132__Om0__om225,1.523599737880032,0.09339056546875144,25.17806536899871,250.46054392534765,2.2203781704637673,0.272624778868749,27.641398199309595,31.653976462585465,True,1208.4684476643322
20260811_184731__rp0p5__vinf25__inc90__toff59132__Om0__om240,1.5235998077877042,0.09339055249176546,25.178065180776837,250.46057163088173,2.1907761934548486,0.28034652779655267,28.648649530155733,46.16102574680105,True,1184.3823089316215
20260811_184731__rp0p5__vinf25__inc90__toff59132__Om0__om255,1.5235996616842886,0.09339058331877058,25.178065107917316,250.4605139443122,2.2365256925580796,0.3373717595415878,29.389006024249497,59.791086056600875,True,1221.6751210256484
20260811_184731__rp0p5__vinf25__inc90__toff59132__Om0__om270,1.5235966837442378,0.09339059302439984,25.178047772272663,250.46018397086027,2.283387634979825,0.35675698499635805,30.788819612865222,71.73801065809734,True,1260.27220972502
20260811_184731__rp0p5__vinf25__inc90__toff59132__Om0__om285,1.5235988755467627,0.09339298407271565,25.178064719089836,250.46070707907455,2.0152346784560535,0.3150126979102996,31.963660693362392,92.8903406053914,True,1044.9207038174823
20260811_184731__rp0p5__vinf25__inc90__toff59132__Om0__om30,1.5235997895247755,0.09339055634513606,25.17806517166943,250.46056442005835,1.151123702870376,0.30407862412103276,16.853485455798292,218.21013457297104,True,451.10525597553846
20260811_184731__rp0p5__vinf25__inc90__toff59132__Om0__om300,1.5235973196103987,0.09339300305324716,25.178056017806355,250.46051566079942,-2.0309102071949487,1.5961023646811794,35.91014365651842,111.48809555979189,False,
20260811_184731__rp0p5__vinf25__inc90__toff59132__Om0__om315,1.5235996336144404,0.09338812193309444,25.178059202434987,250.4603164733555,1.4528493156752853,0.2858545181363144,31.880359278067445,160.05506575848858,True,639.6254743952064
20260811_184731__rp0p5__vinf25__inc90__toff59132__Om0__om330,1.5235973196103987,0.09339300305324716,25.178056017806355,250.46051566079942,1.316251270676976,0.3215501924312892,27.086867088578597,176.2671132323597,True,551.5731252252332
20260811_184731__rp0p5__vinf25__inc90__toff59132__Om0__om345,1.5235988240022986,0.09339299140197267,25.178065139553006,250.46068652084915,1.2167231001131493,0.3571949647217919,24.256676610594763,190.61843037531375,True,490.2104019784635
20260811_184731__rp0p5__vinf25__inc90__toff59132__Om0__om45,1.5235996616842886,0.09339058331877058,25.178065107917316,250.4605139443122,1.1923394276430912,0.2471036304230568,15.266002840608339,219.23617541120421,True,475.54842774511394
20260811_184731__rp0p5__vinf25__inc90__toff59132__Om0__om60,1.523599786480954,0.09339055698736459,25.178065170151513,250.46056321825455,1.2737816614317679,0.16924136953813135,13.935794206942232,217.15197909615657,True,525.0943924869231
20260811_184731__rp0p5__vinf25__inc90__toff59132__Om0__om75,1.5235997347359922,0.09339056790525656,25.17806514434708,250.46054278759178,1.4010900028328865,0.07613304528548293,13.091471113658695,213.15908346509806,True,605.750726593904
20260811_184731__rp0p5__vinf25__inc90__toff59132__Om0__om90,1.523596695919474,0.09339059045539976,25.17804777834444,250.4601887780511,1.5779975271946212,0.028865200612608395,13.133351172377116,4.136939893595485,True,724.0263462238273
20260811_184731__rp0p5__vinf25__inc90__toff59132__Om180__om0,1.5235997089637312,0.09339057156993097,25.178065354578585,250.46053250821456,2.0093857440811385,0.23303089969853552,23.963800345316994,26.488472808835006,True,1040.3749037864432
20260811_184731__rp0p5__vinf25__inc90__toff59132__Om180__om105,1.523595861081223,0.09339300148452248,25.17804736523815,250.4603627001656,1.612840463750062,0.08413658661532968,16.190618011830402,180.96801267292741,True,748.1385065697757
20260811_184731__rp0p5__vinf25__inc90__toff59132__Om180__om120,1.5235973188995549,0.09339300231667078,25.178056128993834,250.46051532833286,1.4229611798276192,0.19724117704073862,14.482095854250549,219.7702391784368,True,619.9896943027777
20260811_184731__rp0p5__vinf25__inc90__toff59132__Om180__om135,1.5235996339698634,0.09338812230138226,25.178059146841274,250.4603166395992,1.2986189038293097,0.28297029909936405,14.075658959763794,215.71231847430096,True,540.52710054054
20260811_184731__rp0p5__vinf25__inc90__toff59132__Om180__om15,1.5235997590865618,0.09339056276742362,25.17806515649034,250.46055240202054,1.981759369973484,0.21744988026577208,22.106748334796595,22.414423590330085,True,1018.9931691940154
20260811_184731__rp0p5__vinf25__inc90__toff59132__Om180__om150,1.5235973192549765,0.09339300268495905,25.178056073400104,250.46051549456607,1.2264044836850871,0.3581927710330331,16.041922750146263,202.91193070267155,True,496.0728819222362
20260811_184731__rp0p5__vinf25__inc90__toff59132__Om180__om165,1.5235958123803324,0.09339301176043212,25.178047340951128,250.4603434718868,1.180199875723114,0.39572055219591146,19.424241168289377,189.62492671878334,True,468.30440100896084
20260811_184731__rp0p5__vinf25__inc90__toff59132__Om180__om180,1.5235996846131636,0.09339057670776924,25.17806534243534,250.4605228937878,1.1777904694057955,0.3952220367021641,23.660243772335807,181.6860346268517,True,466.8710512074255
20260811_184731__rp0p5__vinf25__inc90__toff59132__Om180__om195,1.5235996380445687,0.09339058919319404,25.178064984586687,250.46050466236272,1.1756642908083648,0.3871699071674857,27.792733066904923,174.91712359874606,True,465.6074099176808
20260811_184731__rp0p5__vinf25__inc90__toff59132__Om180__om210,1.5235997888139297,0.09339055560855525,25.178065282856803,250.4605640875837,1.2240465459510335,0.33478924305226865,31.141214263848596,166.8778169603801,True,494.6429133809526
20260811_184731__rp0p5__vinf25__inc90__toff59132__Om180__om225,1.5235996602625965,0.09339058184561001,25.17806533029209,250.4605132793624,1.285801621773335,0.292224210859872,33.116652644698156,156.63182408613983,True,532.5444293526376
20260811_184731__rp0p5__vinf25__inc90__toff59132__Om180__om240,1.523599786480954,0.09339055698736459,25.178065170151513,250.46056321825455,1.357586213599274,0.2341929700842075,34.36388500088305,146.3273412790431,True,577.7580707515217
20260811_184731__rp0p5__vinf25__inc90__toff59132__Om180__om255,1.5235997347359922,0.09339056790525656,25.17806514434708,250.46054278759178,1.4525466817970503,0.18663555151807287,34.59109331295474,127.95768344625355,True,639.4256302802274
20260811_184731__rp0p5__vinf25__inc90__toff59132__Om180__om270,1.523596695919474,0.09339059045539976,25.17804777834444,250.4601887780511,1.5681621812474138,0.15346342480692426,34.09193456213407,100.83892470892576,True,717.2678356199579
20260811_184731__rp0p5__vinf25__inc90__toff59132__Om180__om285,1.5235988268456793,0.0933929943483001,25.178064694803307,250.46068785070486,1.6911164532909808,0.16001539414961688,33.07484129753576,72.32818636824042,True,803.2581944643438
20260811_184731__rp0p5__vinf25__inc90__toff59132__Om180__om30,1.5235998077877042,0.09339055249176546,25.178065180776837,250.46057163088173,1.9333845654561708,0.19352972872528618,20.439354262737794,19.03366365121128,True,981.9113117128454
20260811_184731__rp0p5__vinf25__inc90__toff59132__Om180__om300,1.5235973439608914,0.09339299791537238,25.178056029949726,250.46052527496096,1.8118763788376009,0.1896692094474877,31.61464521532321,53.41171765815302,True,890.8154427174597
20260811_184731__rp0p5__vinf25__inc90__toff59132__Om180__om315,1.5235996336144404,0.09338812193309444,25.178059202434987,250.4603164733555,1.9159197441354958,0.21946995308609224,29.86019340787425,42.37367287933809,True,968.6365708842751
20260811_184731__rp0p5__vinf25__inc90__toff59132__Om180__om330,1.5235973439608914,0.09339299791537238,25.178056029949726,250.46052527496096,1.9900965533086914,0.23976913349984524,27.924608198190114,35.084555615692054,True,1025.4302234363909
20260811_184731__rp0p5__vinf25__inc90__toff59132__Om180__om345,1.5235988483528395,0.0933929862641788,25.178065151696238,250.46069613503363,2.028123845043612,0.24685451899057798,25.917446473437835,30.40138747828582,True,1054.9614718158846
20260811_184731__rp0p5__vinf25__inc90__toff59132__Om180__om45,1.5235997393017238,0.09339056694191264,25.178065146623954,250.4605445902971,1.8889805964048982,0.1707775750131292,19.024478302173947,19.228118261163633,True,948.2790100448071
20260811_184731__rp0p5__vinf25__inc90__toff59132__Om180__om60,1.5235998077877042,0.09339055249176546,25.178065180776837,250.46057163088173,1.8739690826948243,0.16226800032861677,18.028845967428428,27.47399610882976,True,936.9976994022146
20260811_184731__rp0p5__vinf25__inc90__toff59132__Om180__om75,1.5235996616842886,0.09339058331877058,25.178065107917316,250.4605139443122,1.9004875383345294,0.165475125849713,17.47586871491661,48.13000254083806,True,956.9570178789329
20260811_184731__rp0p5__vinf25__inc90__toff59132__Om180__om90,1.5235966837442378,0.09339059302439984,25.178047772272663,250.46018397086027,1.832717226269182,0.12399483553281612,17.111860141060138,83.58327309600904,True,906.2292700814937
20260811_184731__rp0p5__vinf25__inc90__toff59132__Om270__om0,1.5236029560889544,0.09339049860287478,25.17806128641265,250.46124680038048,1.6724291637325834,0.2296858337733184,22.39072892808208,119.93434250035024,True,789.9807170594015
20260811_184731__rp0p5__vinf25__inc90__toff59132__Om270__om105,1.5235933131905648,0.0933907005254016,25.178051669007054,250.4594447217446,1.3662878353529058,0.2722661392594343,25.74803635710549,256.77472004170477,True,583.3217832650275
20260811_184731__rp0p5__vinf25__inc90__toff59132__Om270__om120,1.5235948149583636,0.0933906843454957,25.178060253159135,250.45961414879554,1.348618159743808,0.27419355149947194,23.349458392151732,254.93167420319259,True,572.0426335373594
20260811_184731__rp0p5__vinf25__inc90__toff59132__Om270__om135,1.5235951924772098,0.09339068290409905,25.178062311227762,250.45965753066582,1.3528972705058127,0.2828812569920496,23.34628811736943,249.23891273813294,True,574.7673942105718
20260811_184731__rp0p5__vinf25__inc90__toff59132__Om270__om15,1.5236029575106522,0.09339050007604817,25.178061064037816,250.4612474653214,1.6151296956410588,0.23747502212301136,18.69246884099198,127.77264817076805,True,749.7319097788169
20260811_184731__rp0p5__vinf25__inc90__toff59132__Om270__om150,1.523594815313784,0.09339068471377993,25.178060197565422,250.4596143150365,1.3832777028925995,0.2816864799044751,25.174338110367756,244.38115086775292,True,594.2359979836325
20260811_184731__rp0p5__vinf25__inc90__toff59132__Om270__om165,1.5235933084404434,0.09339069379532308,25.178051465036074,250.45944228434496,1.4196284198258622,0.27742758031864334,27.82541585959729,241.92579298380923,True,617.8128255248109
20260811_184731__rp0p5__vinf25__inc90__toff59132__Om270__om180,1.5236029513387728,0.09339049187264435,25.17806108244116,250.4612443631097,1.4247866050980316,0.2885809523064816,30.50698163647597,237.92532062602857,True,621.1830941170266
20260811_184731__rp0p5__vinf25__inc90__toff59132__Om270__om195,1.5235963236140235,0.093390677107617,25.178068707861758,250.45978701168232,1.3678141820773584,0.32716098769901875,34.04601964534474,227.80906603953093,True,584.2995420003056
20260811_184731__rp0p5__vinf25__inc90__toff59132__Om270__om210,1.5235996371170244,0.09339058411570138,25.178064950724917,250.46051552050204,1.3543990289037455,0.3159360298412671,40.71496122583083,215.08157107144453,True,575.7246744894916
20260811_184731__rp0p5__vinf25__inc90__toff59132__Om270__om225,1.5235996423438798,0.09339059179184,25.178065316876896,250.4605182346708,1.5313786127282625,0.1505273404799781,45.144905668353296,208.36936006351797,True,692.1795408988013
20260811_184731__rp0p5__vinf25__inc90__toff59132__Om270__om240,1.5236012958869527,0.09339053993878789,25.178062875293346,250.46088074501287,1.74412812205025,0.01756123819653172,44.55431103174086,112.99284398361979,True,841.3224334127318
20260811_184731__rp0p5__vinf25__inc90__toff59132__Om270__om255,1.5235963229031806,0.09339067637104304,25.1780688190491,250.4597866792031,1.851286147148701,0.0901159562865372,42.54627707696233,62.821889894269944,True,920.0368437545148
20260811_184731__rp0p5__vinf25__inc90__toff59132__Om270__om270,1.523593310815504,0.09339069716036236,25.178051567021548,250.4594435030448,1.8701492199830207,0.13570675208171917,40.26537727096335,72.69141381176425,True,934.1342225913653
20260811_184731__rp0p5__vinf25__inc90__toff59132__Om270__om285,1.5235963276533209,0.09339068310116314,25.178069023021006,250.45978911656184,1.8469021374900485,0.169549753417007,37.83936320460647,83.77786807895454,True,916.7706861319513
20260811_184731__rp0p5__vinf25__inc90__toff59132__Om270__om30,1.5235996437655714,0.09339059326500082,25.17806509450216,250.46051889962038,1.5374370936697233,0.2322021493303049,14.077534087900899,148.47563736161422,True,696.2912296634297
20260811_184731__rp0p5__vinf25__inc90__toff59132__Om270__om300,1.5235948156692047,0.0933906850820642,25.178060141971713,250.45961448127747,1.8129417695860217,0.1941215770352701,35.185358611262316,92.450485348614,True,891.6012629111492
20260811_184731__rp0p5__vinf25__inc90__toff59132__Om270__om315,1.5235951968719221,0.09339068926591866,25.178062570793024,250.45965980179932,1.7799919820438923,0.21063931912628503,32.28360151102886,100.1399870735153,True,867.4050802138092
20260811_184731__rp0p5__vinf25__inc90__toff59132__Om270__om330,1.5235948204193357,0.09339069181216347,25.178060345943134,250.45961691865668,1.7471233628574678,0.22144410210668874,29.153412938282,106.03865182909014,True,843.4906040113215
20260811_184731__rp0p5__vinf25__inc90__toff59132__Om270__om345,1.52359632480995,0.09339068015486719,25.178069467770424,250.45978778664488,1.7136918983243334,0.2283765615337731,25.848262182982413,112.56718261770759,True,819.3963172032418
20260811_184731__rp0p5__vinf25__inc90__toff59132__Om270__om45,1.5235996384216401,0.09339058569355362,25.17806486503401,250.46051615764125,1.3846432970618783,0.2639594676090289,7.602240793186513,196.16048765923745,True,595.1161742387941
20260811_184731__rp0p5__vinf25__inc90__toff59132__Om270__om60,1.5235996437655714,0.09339059326500082,25.17806509450216,250.46051889962038,1.0626863102480169,0.5204654802144936,13.520715334882025,338.0114405287625,True,400.1312964510293
20260811_184731__rp0p5__vinf25__inc90__toff59132__Om270__om75,1.5236029598857435,0.0933905034411636,25.178061166023554,250.46124868395654,1.0503979006156172,0.7349990153569316,34.542455676199054,211.27583045792326,True,393.21100119492297
20260811_184731__rp0p5__vinf25__inc90__toff59132__Om270__om90,1.5235933084404434,0.09339069379532308,25.178051465036074,250.45944228434496,1.3515298105088405,0.3388666627133003,31.27390924672133,247.09092951417205,True,573.8961830755329
20260811_184731__rp0p5__vinf25__inc90__toff59132__Om90__om0,1.5236029513387728,0.09339049187264435,25.17806108244116,250.4612443631097,1.3462994018511039,0.28125662574121013,27.243626616994316,250.11158413515574,True,570.5679484528671
20260811_184731__rp0p5__vinf25__inc90__toff59132__Om90__om105,1.5235933131905648,0.0933907005254016,25.178051669007054,250.4594447217446,1.6899192277106607,0.035732880137617294,10.276671451218817,264.6390423432807,True,802.405345717111
20260811_184731__rp0p5__vinf25__inc90__toff59132__Om90__om120,1.5235948149583636,0.0933906843454957,25.178060253159135,250.45961414879554,1.842792458792569,0.07323741846111424,9.498998751163098,101.1994514257923,True,913.7124274983801
20260811_184731__rp0p5__vinf25__inc90__toff59132__Om90__om135,1.523595197227343,0.09339068963420359,25.17806251519932,250.45965996803986,1.8873052865744282,0.12749294252181895,10.221206471802027,91.45919133362223,True,947.0177671885076
20260811_184731__rp0p5__vinf25__inc90__toff59132__Om90__om15,1.5235963229031806,0.09339067637104304,25.1780688190491,250.4597866792031,1.3776975810984278,0.2787349338311068,25.905119230428628,254.37855017457252,True,590.6439178441698
20260811_184731__rp0p5__vinf25__inc90__toff59132__Om90__om150,1.523594820063915,0.0933906914438792,25.178060401536843,250.4596167524158,1.87279359802048,0.16340183322787524,12.01468370996899,90.69739861578324,True,936.116211784811
20260811_184731__rp0p5__vinf25__inc90__toff59132__Om90__om165,1.5235933131905648,0.0933907005254016,25.178051669007054,250.4594447217446,1.8383755234617334,0.18767540903191007,14.478016583383852,92.8580828432798,True,910.4293208828424
20260811_184731__rp0p5__vinf25__inc90__toff59132__Om90__om180,1.5236029560889544,0.09339049860287478,25.17806128641265,250.46124680038048,1.8012653286628235,0.20672747063898947,17.316435527765755,96.20024439194428,True,883.0014704942529
20260811_184731__rp0p5__vinf25__inc90__toff59132__Om90__om195,1.5236029582215014,0.09339050081263495,25.178060952850384,250.46124779779177,1.761523543780379,0.2192663291326373,20.475033244140157,100.31309203847421,True,853.9404196842238
20260811_184731__rp0p5__vinf25__inc90__toff59132__Om90__om210,1.5235996430547258,0.09339059252842043,25.178065205689528,250.46051856714556,1.724103903834645,0.22609450312177826,23.840318438845202,104.29370834677542,True,826.8753496149064
20260811_184731__rp0p5__vinf25__inc90__toff59132__Om90__om225,1.5235996369999485,0.09339058422039291,25.178065087408783,250.4605154926915,1.6787210668210724,0.23001867758120123,27.369082450492098,108.72734384855036,True,794.4429276566091
20260811_184731__rp0p5__vinf25__inc90__toff59132__Om90__om240,1.5235996437655714,0.09339059326500082,25.17806509450216,250.46051889962038,1.625787202591711,0.23081246786872409,31.159859854656915,115.45189348117196,True,757.1648481176829
20260811_184731__rp0p5__vinf25__inc90__toff59132__Om90__om255,1.5236029598857435,0.0933905034411636,25.178061166023554,250.46124868395654,1.546993126355788,0.23436991474055985,35.622358562548605,125.26368000675794,True,702.7930667172182
20260811_184731__rp0p5__vinf25__inc90__toff59132__Om90__om270,1.5235933084404434,0.09339069379532308,25.178051465036074,250.45944228434496,1.4189213264928062,0.2550570485848165,41.98653422980784,143.51810648400303,True,617.3512995484101
20260811_184731__rp0p5__vinf25__inc90__toff59132__Om90__om285,1.5235963276533209,0.09339068310116314,25.178069023021006,250.45978911656184,1.1715674208459037,0.3995429729984874,54.345792300016264,173.91617192275666,True,463.17575882624516
20260811_184731__rp0p5__vinf25__inc90__toff59132__Om90__om30,1.5235996378278702,0.09339058485228167,25.178064839537544,250.46051585297693,1.425455966579311,0.26944636291093793,23.602706082461633,257.51653568177557,True,621.6208911166465
20260811_184731__rp0p5__vinf25__inc90__toff59132__Om90__om300,1.5235948156692047,0.0933906850820642,25.178060141971713,250.45961448127747,0.9271818195470907,0.8580663524059919,42.30580342726056,190.92040411972926,True,326.09358342466993
20260811_184731__rp0p5__vinf25__inc90__toff59132__Om90__om315,1.523595192121789,0.09339068253581415,25.178062366821454,250.45965736442517,1.2911439165595415,0.4171790031948662,16.193716620801318,222.8603727356188,True,535.8668264942817
20260811_184731__rp0p5__vinf25__inc90__toff59132__Om90__om330,1.5235948156692047,0.0933906850820642,25.178060141971713,250.45961448127747,1.3616936557322816,0.28465088179492304,23.662801638703982,240.2190998514742,True,580.3821051249458
20260811_184731__rp0p5__vinf25__inc90__toff59132__Om90__om345,1.5235963200598097,0.0933906734247472,25.178069263798502,250.459785349286,1.3467954825432111,0.27666883856047914,26.786235708063902,246.24759918985967,True,570.8833394590603
20260811_184731__rp0p5__vinf25__inc90__toff59132__Om90__om45,1.5235996437655714,0.09339059326500082,25.17806509450216,250.46051889962038,1.4504081067016819,0.27346322950489227,21.125702229963352,258.2617464889691,True,638.0140168399006
20260811_184731__rp0p5__vinf25__inc90__toff59132__Om90__om60,1.5236012958869527,0.09339053993878789,25.178062875293346,250.46088074501287,1.4081642364940832,0.3057231388139411,18.48613967097968,253.3426858395021,True,610.3442502965638
20260811_184731__rp0p5__vinf25__inc90__toff59132__Om90__om75,1.5235963229031806,0.09339067637104304,25.1780688190491,250.4597866792031,1.3465188166914301,0.3362596370042425,14.498681093094431,256.9988965484597,True,570.707437680658
20260811_184731__rp0p5__vinf25__inc90__toff59132__Om90__om90,1.523593310815504,0.09339069716036236,25.178051567021548,250.4594435030448,1.4547227539866543,0.21612202142116063,11.800796519360274,276.9295991000457,True,640.8630615339059
20260811_184731__rp0p5__vinf25__incm30__toff59132__Om0__om0,1.523601446703437,0.09339049627576984,25.178052374565635,250.46107013359153,1.1683865530458935,0.3681691639394655,31.21185788170754,189.12945008166986,True,461.29071957631754
20260811_184731__rp0p5__vinf25__incm30__toff59132__Om0__om105,1.5236005827637977,0.0933929057130559,25.17805174534336,250.46123197942427,1.8090606657958501,0.1293977723530037,36.32612547659226,349.6374315018794,True,888.7397167326923
20260811_184731__rp0p5__vinf25__incm30__toff59132__Om0__om120,1.5235980446132915,0.09339298605192518,25.178060024367422,250.46059792135895,2.105649745069861,0.22955218125642013,34.89776660703053,359.71192366817115,True,1116.025429502534
20260811_184731__rp0p5__vinf25__incm30__toff59132__Om0__om135,1.5235995784263028,0.09338811177941386,25.178059028603865,250.46030194376237,2.3921118738979525,0.3082119105585601,33.28173645993412,4.130575511591168,True,1351.347748977299
20260811_184731__rp0p5__vinf25__incm30__toff59132__Om0__om15,1.5235932554588407,0.0933906908356849,25.17805153938936,250.45941758935675,1.1341017820497499,0.3453671780966327,33.840132725233225,191.50084047453458,True,441.1364476685271
20260811_184731__rp0p5__vinf25__incm30__toff59132__Om0__om150,1.523597674929854,0.09339299832349507,25.178058161079605,250.46055852976667,2.611243962215151,0.3582309200564721,31.55430934670929,7.458270509164244,True,1541.22507279084
20260811_184731__rp0p5__vinf25__incm30__toff59132__Om0__om165,1.523597294558906,0.09339299545231564,25.178055838864942,250.4605136544428,2.719814580288421,0.3822433955743903,29.86436506385026,10.23303660981138,True,1638.3392608720333
20260811_184731__rp0p5__vinf25__incm30__toff59132__Om0__om180,1.5235948343170356,0.09339066523478368,25.178060475130387,250.45961796435978,2.6487280435457845,0.36240725244878014,28.243445467947467,12.359021359410692,True,1574.5300255895697
20260811_184731__rp0p5__vinf25__incm30__toff59132__Om0__om195,1.5235948839712454,0.09339065685050486,25.178060823777585,250.4596377467829,2.5902361105108254,0.356732240011325,26.792915174748927,14.159394894816854,True,1522.6634487931426
20260811_184731__rp0p5__vinf25__incm30__toff59132__Om0__om210,1.5235964365778165,0.09339063260668695,25.17806909879471,250.45982740116753,2.4034980062951004,0.3158127700503197,25.575399624818335,19.118149756366886,True,1361.007572764051
20260811_184731__rp0p5__vinf25__incm30__toff59132__Om0__om225,1.52359637284228,0.09339065378746358,25.178069268613868,250.45980279810075,2.2761758068900315,0.2949292315067984,24.597496542566336,25.507555103673745,True,1254.306280382243
20260811_184731__rp0p5__vinf25__incm30__toff59132__Om0__om240,1.523609701076139,0.09339027333885215,25.1780533849628,250.46274654284383,2.2309945322905747,0.29646383305307267,23.90022669114547,36.430989007817175,True,1217.1459300641593
20260811_184731__rp0p5__vinf25__incm30__toff59132__Om0__om255,1.5235999058632363,0.09339049781019071,25.178043713245412,250.46088366863654,2.298798499646774,0.34821109517966264,22.999216519574457,51.64368101314086,True,1273.0523116933066
20260811_184731__rp0p5__vinf25__incm30__toff59132__Om0__om270,1.5235963331725624,0.09339066393101329,25.17806902574752,250.4597872388095,2.3786841777023633,0.40910131643178754,21.243286970051532,75.29087072552639,True,1339.985404745146
20260811_184731__rp0p5__vinf25__incm30__toff59132__Om0__om285,1.5236021372801882,0.0933928852654278,25.17806066892597,250.46142273299802,2.2061297751612403,0.36514458368117697,20.663186166865724,104.70655766320453,True,1196.8548294308944
20260811_184731__rp0p5__vinf25__incm30__toff59132__Om0__om30,1.5236000337037645,0.09339047083661058,25.17804377699907,250.46093414444343,1.136777826870547,0.30907673980126565,35.56877552331136,194.04615358743646,True,442.69873735895266
20260811_184731__rp0p5__vinf25__incm30__toff59132__Om0__om300,1.5235972684313053,0.09339299874875258,25.17805610469027,250.4605032091152,1.8663285420141926,0.35627399728827897,19.31222284405119,139.9725476525268,True,931.2730584747862
20260811_184731__rp0p5__vinf25__incm30__toff59132__Om0__om315,1.5235995859634068,0.09338812184940196,25.178059033396355,250.4603057386256,1.741387985213894,0.5518000776623028,33.366970003989024,175.44683525997334,True,839.3405553046189
20260811_184731__rp0p5__vinf25__incm30__toff59132__Om0__om330,1.5235980250171228,0.09339299860230683,25.17806057065352,250.4605908272262,1.367195220371652,0.3338433487808414,25.44473868550853,175.82265422937067,True,583.9029770336292
20260811_184731__rp0p5__vinf25__incm30__toff59132__Om0__om345,1.523598772936055,0.09339298631031691,25.178064735295717,250.46067401419072,1.2374305309927331,0.36625779833957894,27.912798596472744,185.02767423117064,True,502.77784597943736
20260811_184731__rp0p5__vinf25__incm30__toff59132__Om0__om45,1.5235962966468726,0.09339067163804302,25.17806900753271,250.45977281725672,1.1642112915617548,0.2679456080319842,36.822700104308,196.45604719820363,True,458.82027730525857
20260811_184731__rp0p5__vinf25__incm30__toff59132__Om0__om60,1.5235934008080814,0.09339065452616895,25.17805173415746,250.4594745934281,1.2343965261753953,0.20303000599451484,37.5446388983663,199.99069252900358,True,500.92986952601115
20260811_184731__rp0p5__vinf25__incm30__toff59132__Om0__om75,1.5235999836651266,0.09339048912689753,25.178043953646597,250.46091494926253,1.361127101911897,0.11490005747931568,37.814888948569276,210.03059943968822,True,580.0199273038668
20260811_184731__rp0p5__vinf25__incm30__toff59132__Om0__om90,1.5235948333636529,0.09339066334287095,25.178060150769852,250.45961741063377,1.553461443110005,0.0449491875663273,37.384785610546,286.82573338931275,True,707.205468384728
20260811_184731__rp0p5__vinf25__incm30__toff59132__Om180__om0,1.52359483644956,0.09339066744448919,25.178060141568125,250.45961896180572,1.1777077036278745,0.5094567258671111,18.82337258482175,325.68703241646557,True,466.8218400770596
20260811_184731__rp0p5__vinf25__incm30__toff59132__Om180__om105,1.5236006314649935,0.09339289543765612,25.17805176963024,250.4612512078615,3.368208732125346,0.6426818988946934,26.768347393642276,80.85121800062562,True,2257.841173580817
20260811_184731__rp0p5__vinf25__incm30__toff59132__Om180__om120,1.5235980238253892,0.09339299623739454,25.178060165202716,250.46059013511524,2.5165796770897,0.7066074921852353,37.18292675445688,155.2591639661245,True,1458.1792703847366
20260811_184731__rp0p5__vinf25__incm30__toff59132__Om180__om135,1.5235995843640036,0.09338812019210686,25.17805928356798,250.4603049905291,1.764671753475404,0.6269347451135078,22.609033154356922,146.16030130459015,True,856.2306964752208
20260811_184731__rp0p5__vinf25__incm30__toff59132__Om180__om15,1.5235933795857206,0.09339066850982074,25.178051702092077,250.45946687967717,1.4357941435072368,0.4391474114455507,39.05603457552619,32.14972324318136,True,628.3956335559204
20260811_184731__rp0p5__vinf25__incm30__toff59132__Om180__om150,1.523597649985582,0.09339300262008057,25.178058123439804,250.4605486109449,1.351592274888173,0.5474203145944587,23.39097423119403,167.98367623919074,True,573.935969637543
20260811_184731__rp0p5__vinf25__incm30__toff59132__Om180__om165,1.5235972678333414,0.09339299722511056,25.178055724735902,250.4605028216574,1.1185171287754194,0.6874962308806791,19.45288803721153,185.8295164687467,True,432.0747139776839
20260811_184731__rp0p5__vinf25__incm30__toff59132__Om180__om180,1.523601444570894,0.09339049406602626,25.1780527081281,250.461069136172,0.964053722432758,0.8716247804381251,8.896663411993867,324.3964782523801,True,345.73770605491165
20260811_184731__rp0p5__vinf25__incm30__toff59132__Om180__om195,1.5235947598441202,0.09339067917595416,25.178060661075257,250.45958845635803,-1.5711947597184808,1.7902540293967288,46.50534139632377,210.44310171001916,False,
20260811_184731__rp0p5__vinf25__incm30__toff59132__Om180__om210,1.5236030481730378,0.09339045343624337,25.178061130705057,250.46127853994994,2.731382808976482,0.5157958488036429,19.473169366490644,351.53845525174955,True,1648.8029274284338
20260811_184731__rp0p5__vinf25__incm30__toff59132__Om180__om225,1.5235962952251874,0.09339067016489543,25.17806922990742,250.4597721522979,1.311893042839185,0.24713498113819138,22.94604107545108,257.42544648781427,True,548.8359308511991
20260811_184731__rp0p5__vinf25__incm30__toff59132__Om180__om240,1.5235964152711605,0.09339063710244429,25.178069088169426,250.4598189885897,1.2234804916095716,0.2810173696219479,23.255375327854797,236.50271740720132,True,494.29983525642746
20260811_184731__rp0p5__vinf25__incm30__toff59132__Om180__om255,1.5235999836651266,0.09339048912689753,25.178043953646597,250.46091494926253,1.3253909641048343,0.22971402843421782,23.28249160772505,238.60766725060316,True,557.3280488607023
20260811_184731__rp0p5__vinf25__incm30__toff59132__Om180__om270,1.5235963405976518,0.09339065463188449,25.178068827847188,250.45978960863488,1.550434289070269,0.16271960165743896,23.334050665746386,266.33074173200833,True,705.1393308889266
20260811_184731__rp0p5__vinf25__incm30__toff59132__Om180__om285,1.5236020885788963,0.09339289554066536,25.178060644639334,250.46140350451515,1.8381521704043686,0.18117031978253997,23.500181834877594,304.9353921315865,True,910.2634072869466
20260811_184731__rp0p5__vinf25__incm30__toff59132__Om180__om30,1.523593422114653,0.09339065003026933,25.178051744782955,250.45948300596612,-2.188301401931953,1.2739512841821135,31.804512189340777,95.97307745984536,False,
20260811_184731__rp0p5__vinf25__incm30__toff59132__Om180__om300,1.523597289219187,0.09339298856325023,25.178055963855208,250.46051099533983,2.067448672503814,0.2393451941007323,23.45542682738213,317.5828978293165,True,1085.792898462385
20260811_184731__rp0p5__vinf25__incm30__toff59132__Om180__om315,1.523599580025706,0.09338811343670893,25.178058778432238,250.460302691859,2.056836997932342,0.271451451842428,23.05950549998412,310.5509415241797,True,1077.4439971721893
20260811_184731__rp0p5__vinf25__incm30__toff59132__Om180__om330,1.5235980499614075,0.09339299430574208,25.1780606082933,250.46060074605307,1.735419090069115,0.25796256323738465,21.14648153991993,286.19918894125857,True,835.0287876889781
20260811_184731__rp0p5__vinf25__incm30__toff59132__Om180__om345,1.5235987996616722,0.09339298453761331,25.178064849424867,250.46068484698884,1.3964090485239442,0.3658152516305257,16.92973214833084,272.06778952733805,True,602.7176004053842
20260811_184731__rp0p5__vinf25__incm30__toff59132__Om180__om45,1.5235963742639655,0.09339065526061177,25.17806904623914,250.4598034630593,-0.7080743432774372,2.2854399631721245,4.840114807764664,158.2359127819638,False,
20260811_184731__rp0p5__vinf25__incm30__toff59132__Om180__om60,1.5236066866005922,0.09339029071571865,25.17803603156202,250.46240214700572,-0.8823719824899566,1.6737217919939273,12.331124644352727,33.221147655956365,False,
20260811_184731__rp0p5__vinf25__incm30__toff59132__Om180__om75,1.5235999058632363,0.09339049781019071,25.178043713245412,250.46088366863654,-1.8402891099421943,1.4600965870902451,20.623449617781517,45.33921356278952,False,
20260811_184731__rp0p5__vinf25__incm30__toff59132__Om180__om90,1.523594825938578,0.09339067264201965,25.178060348669604,250.45961504084022,-9.770280341509995,1.1309331481770661,23.948438585610578,65.4760548542353,False,
20260811_184731__rp0p5__vinf25__incm30__toff59132__Om270__om0,1.5236014565036626,0.0933904903417921,25.178052278651865,250.4610737221755,9.809391335779479,0.8539167354905408,19.587340487706708,86.1858168763101,True,11221.682665643773
20260811_184731__rp0p5__vinf25__incm30__toff59132__Om270__om105,1.5235948509998318,0.09339066824049036,25.17806024962554,250.45962498766932,1.5610658644267204,0.23392997566105578,54.53938836106867,125.74944107217719,True,712.4046296427512
20260811_184731__rp0p5__vinf25__incm30__toff59132__Om270__om120,1.5235955146395377,0.09339067513785433,25.17806434167363,250.45967499891907,2.861551853646626,0.49983856576792374,44.42160500223331,14.075657713507828,True,1768.0613171531984
20260811_184731__rp0p5__vinf25__incm30__toff59132__Om270__om135,1.5235952868112392,0.093390643774519,25.17806251161533,250.45969064863664,1.6683675914787142,0.20518375150370513,32.53384265599972,315.6490237894251,True,787.1047074156422
20260811_184731__rp0p5__vinf25__incm30__toff59132__Om270__om15,1.5235999729115304,0.09339049316896107,25.178043725199736,250.46091080699455,2.6709610975729117,0.3435771413186907,20.762429999774778,70.2909924684881,True,1594.3961471333653
20260811_184731__rp0p5__vinf25__incm30__toff59132__Om270__om150,1.5235952474081433,0.09339065419437,25.178062227053438,250.45967521405368,1.3526812583535932,0.19300362441115104,32.04549652471157,255.79242765406704,True,574.6297431983583
20260811_184731__rp0p5__vinf25__incm30__toff59132__Om270__om165,1.5235948462497009,0.0933906615103905,25.178060045654085,250.45962255028985,1.3502003693000162,0.19607928972561178,32.05383191802813,249.78598229914525,True,573.0496161973513
20260811_184731__rp0p5__vinf25__incm30__toff59132__Om270__om180,1.5236014496209476,0.09339048140183887,25.178052408243314,250.46107028746405,1.4876013038178413,0.162921131949358,31.174250440477817,268.64409242264315,True,662.7118217931339
20260811_184731__rp0p5__vinf25__incm30__toff59132__Om270__om195,1.5235947939946701,0.09339066810374837,25.178060577304542,250.45960165918527,1.7228032166579321,0.1668739582441291,29.722476340363066,305.20088743597813,True,825.9398172853281
20260811_184731__rp0p5__vinf25__incm30__toff59132__Om270__om210,1.523600659411563,0.09338811464585223,25.178065568827197,250.46041150915582,2.006345839742946,0.23098192307348028,28.29189822512838,328.62841793491515,True,1038.014896202898
20260811_184731__rp0p5__vinf25__incm30__toff59132__Om270__om225,1.5235986790965235,0.09339301190916809,25.17806483970145,250.46063738538862,2.24791025183042,0.2852723271903842,27.338761731861457,335.6055299764469,True,1231.0149983492984
20260811_184731__rp0p5__vinf25__incm30__toff59132__Om270__om240,1.523602317471265,0.09338806973276435,25.178063604582032,250.46077641011144,2.261190205328903,0.32074738386216656,27.556011069434614,324.2771502764806,True,1241.9397734776846
20260811_184731__rp0p5__vinf25__incm30__toff59132__Om270__om255,1.5235933977642857,0.09339065516844053,25.178051732639524,250.45947339163698,2.2337252183537744,0.3270198171163893,29.45130316664202,318.80511816407125,True,1219.3812517032882
20260811_184731__rp0p5__vinf25__incm30__toff59132__Om270__om270,1.5235963429727222,0.09339065799694456,25.178068929833152,250.45979082731458,2.0807001525871494,0.3228795172486622,33.73406816327123,309.3314774124162,True,1096.248824963476
20260811_184731__rp0p5__vinf25__incm30__toff59132__Om270__om285,1.5235963081112598,0.09339066833245865,25.17806912479164,250.45977729196125,2.2192443514196545,0.4135414701502136,42.52449272875454,310.056805818155,True,1207.5429231579967
20260811_184731__rp0p5__vinf25__incm30__toff59132__Om270__om30,1.5235965725211036,0.09339060287928844,25.178047935383624,250.46014792599067,2.3487878841498326,0.5227925626478631,24.677143321604557,115.49524800271892,True,1314.8027063239267
20260811_184731__rp0p5__vinf25__incm30__toff59132__Om270__om300,1.5235948870858211,0.09339065067730251,25.178060344873433,250.4596385441963,104.5059603476388,0.9885876626260632,48.973611246763284,329.4486403657892,True,390217.26720142463
20260811_184731__rp0p5__vinf25__incm30__toff59132__Om270__om315,1.5235953129454902,0.09339064798722846,25.178062475281635,250.45970164575718,-0.7815795490808853,1.97882179808475,39.17162937120893,5.961316495233534,False,
20260811_184731__rp0p5__vinf25__incm30__toff59132__Om270__om330,1.5235955328315893,0.0933906768152445,25.17806483120331,250.45968261406028,-1.0150304402653418,2.010705467715487,27.27395669143924,50.58797421001942,False,
20260811_184731__rp0p5__vinf25__incm30__toff59132__Om270__om345,1.5235963195756468,0.09339066502687476,25.178069242050604,250.45978176666617,-3.7092702427799367,1.430087746167885,21.789404454563897,76.72620550796347,False,
20260811_184731__rp0p5__vinf25__incm30__toff59132__Om270__om45,1.523598699524824,0.0933930006730673,25.17806440000168,250.46064492261206,1.813360838527781,0.4264533684162624,27.6816362051436,142.14715103499918,True,891.9104267205446
20260811_184731__rp0p5__vinf25__incm30__toff59132__Om270__om60,1.5235975291297927,0.09338816616062764,25.17804840920737,250.46002207110558,1.5471212719334124,0.4088001650048656,31.44439898031018,151.63764504502498,True,702.8803925950359
20260811_184731__rp0p5__vinf25__incm30__toff59132__Om270__om75,1.5236000590919447,0.09339047707853584,25.178044092062546,250.46094501124037,1.3713953439758362,0.42771763597680784,36.736116682025646,161.50227651810695,True,586.5957313830476
20260811_184731__rp0p5__vinf25__incm30__toff59132__Om270__om90,1.5235948090132412,0.09339066848097087,25.178060138626527,250.45960779628666,1.2880165820592824,0.41774233043529335,45.54312296391767,164.41019146753317,True,533.9210872104571
20260811_184731__rp0p5__vinf25__incm30__toff59132__Om90__om0,1.5236014517534902,0.09339048361158245,25.178052074680863,250.4610712848837,1.5802104496524325,0.14152461163031058,33.20092607872606,256.44330110999084,True,725.5498997055299
20260811_184731__rp0p5__vinf25__incm30__toff59132__Om90__om105,1.5235948022990078,0.09339067851668853,25.178060225338886,250.45960575897618,2.417011687101183,0.28275416943584464,35.14597920298829,12.847841332924437,True,1372.502100915482
20260811_184731__rp0p5__vinf25__incm30__toff59132__Om90__om120,1.5235956424793278,0.09339064816304543,25.178064405425772,250.45972547430173,2.2662006382106696,0.2717948310985385,33.31070603878198,27.5129628448858,True,1246.069966744086
20260811_184731__rp0p5__vinf25__incm30__toff59132__Om90__om135,1.523595311346096,0.09339064632994527,25.17806272545329,250.45970089767476,2.1472478697341373,0.25579448278521044,31.675723987578557,43.089122758044205,True,1149.2596608097642
20260811_184731__rp0p5__vinf25__incm30__toff59132__Om90__om15,1.5235932896093234,0.09339067976336807,25.178051455619052,250.45943079213953,1.8342013650566102,0.14971045207917538,34.25267710988754,301.4537881917879,True,907.3302928503024
20260811_184731__rp0p5__vinf25__incm30__toff59132__Om90__om150,1.523595157800383,0.09339068083453035,25.178062383969706,250.4596403958122,2.049739554373131,0.2564558361333791,29.90009536328162,60.22084868808282,True,1071.8719727837513
20260811_184731__rp0p5__vinf25__incm30__toff59132__Om90__om165,1.5235948144742135,0.09339067594763799,25.17806023141054,250.45961056614902,1.951737581423203,0.29164532249682174,27.95972650667438,76.66086997440571,True,995.9259060369619
20260811_184731__rp0p5__vinf25__incm30__toff59132__Om90__om180,1.52360145437112,0.09339048813204848,25.17805261221433,250.46107272475604,1.8959269834661245,0.30197093155057103,25.681158757015805,96.01658131003643,True,953.5145045888787
20260811_184731__rp0p5__vinf25__incm30__toff59132__Om90__om195,1.523601477300049,0.09339048152114145,25.178052846732715,250.4610816742707,1.7798601433831442,0.3279879529141644,23.359451223318473,117.15392578233944,True,867.308712864097
20260811_184731__rp0p5__vinf25__incm30__toff59132__Om90__om210,1.523599586986707,0.09339058546628824,25.178065289245264,250.46049232099273,1.6091689030146459,0.3511391492782971,21.378057969243972,142.22903354368736,True,745.585304157182
20260811_184731__rp0p5__vinf25__incm30__toff59132__Om90__om225,1.5235986981031342,0.09339299919990446,25.178064622376546,250.4606442576836,1.3894972001864896,0.4177728044011944,20.662803545492988,167.787920203375,True,598.2482079554052
20260811_184731__rp0p5__vinf25__incm30__toff59132__Om90__om240,1.5236005435962887,0.0933881487479394,25.178065763075534,250.46036648253983,1.1906941138314213,0.5169808651080076,22.13815010488378,187.11088422305875,True,474.56445070249765
20260811_184731__rp0p5__vinf25__incm30__toff59132__Om90__om255,1.5236000590919447,0.09339047707853584,25.178044092062546,250.46094501124037,1.058967573752281,0.598509066661738,28.759715661749386,196.79434519492665,True,398.03282158318166
20260811_184731__rp0p5__vinf25__incm30__toff59132__Om90__om270,1.523596316247192,0.09339065976990304,25.178068815704002,250.4597799942651,1.0527324059073928,0.5378133622703068,37.59226845264366,204.57309093264314,True,394.5225941787962
20260811_184731__rp0p5__vinf25__incm30__toff59132__Om90__om285,1.5235963568121802,0.09339065805642265,25.178069149078063,250.45979652070005,1.122811427409177,0.4080767122623238,35.67098241245876,218.2957211076415,True,434.5653834180736
20260811_184731__rp0p5__vinf25__incm30__toff59132__Om90__om30,1.5235976449446087,0.09338813205777927,25.17804821496142,250.4600670974435,2.055773395565244,0.20049423785767354,35.20324663653021,322.8022034884057,True,1076.6083763911095
20260811_184731__rp0p5__vinf25__incm30__toff59132__Om90__om300,1.5235947592461583,0.09339067765232603,25.17806028112101,250.4595880688726,1.1284200948463983,0.3713416990484132,30.86739858081593,222.733175286633,True,437.8255576567538
20260811_184731__rp0p5__vinf25__incm30__toff59132__Om90__om315,1.5235952884106334,0.09339064543180194,25.178062261443664,250.45969139671922,1.1339771590002012,0.3588999811920551,29.25419809227839,218.68953328501084,True,441.06373692077426
20260811_184731__rp0p5__vinf25__incm30__toff59132__Om90__om330,1.5235956224393934,0.0933906501751568,25.178064674286787,250.4597174323293,1.2064840269895691,0.30795259553950705,30.05302497897876,217.37461908138903,True,484.03554726165004
20260811_184731__rp0p5__vinf25__incm30__toff59132__Om90__om345,1.523596351351197,0.09339065058972801,25.178069056293523,250.45979375086168,1.3591338371428967,0.2177075797974148,31.81343820365409,226.02048642365534,True,578.7463027673249
20260811_184731__rp0p5__vinf25__incm30__toff59132__Om90__om45,1.5235986805182133,0.09339301338233084,25.178064617326598,250.46063805031696,2.2208495787109883,0.2410962063051865,36.14945404701038,333.34029044411835,True,1208.8533227972202
20260811_184731__rp0p5__vinf25__incm30__toff59132__Om90__om60,1.5235993030027635,0.0933880871388518,25.178046250792637,250.46043199831945,2.3521443155388644,0.27275161513905716,36.76333929208511,342.95645763376723,True,1317.6220038614497
20260811_184731__rp0p5__vinf25__incm30__toff59132__Om90__om75,1.5235933977642857,0.09339065516844053,25.178051732639524,250.45947339163698,2.4409460002162957,0.2980541388533642,36.667323631035266,353.4457336601106,True,1392.9391668702613
20260811_184731__rp0p5__vinf25__incm30__toff59132__Om90__om90,1.5235948357387186,0.09339066670792068,25.17806025275558,250.45961862932376,2.44307311120022,0.30024345796454455,35.89488620606737,5.256598338778542,True,1394.760334731959
20260811_184731__rp0p5__vinf25__incm60__toff59132__Om0__om0,1.5235996299842867,0.09339056656849683,25.17806478519949,250.4605085588177,1.1641598914375555,0.3749346314417148,26.167616133776836,185.72582864169496,True,458.7898921521021
20260811_184731__rp0p5__vinf25__incm60__toff59132__Om0__om105,1.5235957622675327,0.09339300856089834,25.178047261053056,250.46033151889017,1.727403533327335,0.11717489225755648,36.115008042479865,36.69723236565928,True,829.2502244223225
20260811_184731__rp0p5__vinf25__incm60__toff59132__Om0__om120,1.5235972877933042,0.09339298640772614,25.17805583177225,250.46051024760493,1.903401889108308,0.1857455305330098,34.57825646162769,25.656877226230208,True,959.1590665191285
20260811_184731__rp0p5__vinf25__incm60__toff59132__Om0__om135,1.5235997886942547,0.09338810999076215,25.178058682073022,250.46034904877246,2.072265805476371,0.2419089481678327,32.75921293341497,22.331828707692683,True,1089.589936588878
20260811_184731__rp0p5__vinf25__incm60__toff59132__Om0__om15,1.5236029021532134,0.09339049375004148,25.178061036405982,250.4612215516375,1.152861888683058,0.36307942105191826,29.98038119148613,181.28322440323512,True,452.12738853683396
20260811_184731__rp0p5__vinf25__incm60__toff59132__Om0__om150,1.5235972144558123,0.09339300677556805,25.17806088714836,250.46041488435742,2.20753206834431,0.28020662103333366,30.741619839050983,22.665324368138094,True,1197.9961548838621
20260811_184731__rp0p5__vinf25__incm60__toff59132__Om0__om165,1.5235987998958236,0.09339298432823023,25.178064576057086,250.46068490260987,2.2772208363791493,0.2942702636500323,28.71999909817692,20.724576868392994,True,1255.170188271196
20260811_184731__rp0p5__vinf25__incm60__toff59132__Om0__om180,1.5235996612259426,0.09339057173530128,25.178065376667963,250.46052177359633,2.2955154290070863,0.29623389024211483,26.56619847787935,21.675569453951173,True,1270.326086636137
20260811_184731__rp0p5__vinf25__incm60__toff59132__Om0__om195,1.5236030205780902,0.09339046280466239,25.178060670776247,250.46126785172277,2.2480722413009446,0.28282684131607627,24.520915384376945,24.45105465578981,True,1231.1480653123328
20260811_184731__rp0p5__vinf25__incm60__toff59132__Om0__om210,1.523593430661517,0.09339066159851858,25.17805182836445,250.45948732703187,2.181158789261491,0.26321354686089315,22.618922971627732,25.830575872844197,True,1176.5918008577858
20260811_184731__rp0p5__vinf25__incm60__toff59132__Om0__om225,1.5235963690455236,0.09339064894925479,25.178069389002616,250.45980091446296,2.106749540324418,0.23997298704770093,20.98628889842198,29.192933241396293,True,1116.8999052291172
20260811_184731__rp0p5__vinf25__incm60__toff59132__Om0__om240,1.5235964451247141,0.09339064417502048,25.178069182377865,250.4598317221614,2.060496343564158,0.23281007780440918,19.733248991915012,38.604264540021454,True,1080.3206177653499
20260811_184731__rp0p5__vinf25__incm60__toff59132__Om0__om255,1.5235999172535577,0.09339051232492589,25.178043352075907,250.46088931946144,2.080896707086319,0.2543535848245806,18.870256902027723,55.06980320321505,True,1096.4041652659412
20260811_184731__rp0p5__vinf25__incm60__toff59132__Om0__om270,1.5235996504723512,0.0933905757773821,25.178065148221567,250.46051763133303,2.065654596206888,0.2635381103703825,18.21146150546356,81.04478838806011,True,1084.3798723523828
20260811_184731__rp0p5__vinf25__incm60__toff59132__Om0__om285,1.5235958100150364,0.09339299639305168,25.178046960979575,250.46035019347238,1.8513460300287488,0.21600038543127575,17.665660969359475,118.81923492333695,True,920.0814842615212
20260811_184731__rp0p5__vinf25__incm60__toff59132__Om0__om30,1.523603048883887,0.0933904541728304,25.178061019517624,250.46127887242034,1.1697194213829751,0.3251742125736418,33.4358386306883,177.15225266694404,True,462.0802893143506
20260811_184731__rp0p5__vinf25__incm60__toff59132__Om0__om300,1.5235972718726443,0.09339300321869964,25.17805603989466,250.46050492643968,1.5908521563394757,0.14290287771897245,16.59586055398235,184.83365415709167,True,732.8913969888146
20260811_184731__rp0p5__vinf25__incm60__toff59132__Om0__om315,1.5235999970962686,0.09338810626864939,25.17805862740922,250.46039528100664,1.419395099559141,0.30641057482106426,25.437681597888062,159.81298018476218,True,617.6605226458406
20260811_184731__rp0p5__vinf25__incm60__toff59132__Om0__om330,1.5235972704509568,0.09339300174554707,25.178056262269642,250.4605042615064,1.2887099978365677,0.3144445376609573,19.684660073609333,191.71704284753483,True,534.3523073540723
20260811_184731__rp0p5__vinf25__incm60__toff59132__Om0__om345,1.5235956096602368,0.09339304224917629,25.178057825634816,250.46013791079235,1.2117866658946908,0.3562379143641481,22.397473874766778,189.84963696633133,True,487.2301405638178
20260811_184731__rp0p5__vinf25__incm60__toff59132__Om0__om45,1.5235962997327859,0.09339067573967637,25.1780689983313,250.45977436841605,1.217501033350026,0.26743694036390186,35.85594381190875,172.13023977516318,True,490.68061403503725
20260811_184731__rp0p5__vinf25__incm60__toff59132__Om0__om60,1.5236030465509014,0.09339045555162427,25.178060906812316,250.4612780030798,1.2987383320882604,0.18889049582232037,37.22146657069079,165.1907831014046,True,540.6016670987254
20260811_184731__rp0p5__vinf25__incm60__toff59132__Om0__om75,1.5235999789149635,0.09339048239670768,25.178043749676096,250.46091251195094,1.4119065346523805,0.10632381655207936,37.638828878038886,148.60151546059038,True,612.7789169711576
20260811_184731__rp0p5__vinf25__incm60__toff59132__Om0__om90,1.5235996555223927,0.09339056311319884,25.17806484833565,250.4605187825733,1.5563763082619984,0.062469915081648765,37.19293755051194,86.49016427887216,True,709.196868241085
20260811_184731__rp0p5__vinf25__incm60__toff59132__Om180__om0,1.5235996626476345,0.09339057320846209,25.178065154293176,250.46052243854615,2.714283688837308,0.3749436955701188,20.693479730227924,6.258532771266235,True,1633.344323884481
20260811_184731__rp0p5__vinf25__incm60__toff59132__Om180__om105,1.5235958085933516,0.09339299491990978,25.178047183354693,250.46034952853392,2.850868114858929,0.4653123995453071,28.674879658310168,90.01557382975186,True,1758.1688545819795
20260811_184731__rp0p5__vinf25__incm60__toff59132__Om180__om120,1.5235972711618004,0.09339300248212336,25.178056151082146,250.46050459397304,2.032970964733882,0.43801194644133257,28.37707299806452,118.7257660839513,True,1058.7456923327816
20260811_184731__rp0p5__vinf25__incm60__toff59132__Om180__om135,1.5235999978071146,0.0933881070052258,25.178058516221828,250.46039561349346,1.6184410385320305,0.4698361229443232,19.37516616066475,152.43655707385236,True,752.0387444589702
20260811_184731__rp0p5__vinf25__incm60__toff59132__Om180__om15,1.5236030191563918,0.09339046133148847,25.17806089315107,250.46126718678198,2.566936772919378,0.35615566783597863,21.31080232365804,16.65704462105218,True,1502.165037469216
20260811_184731__rp0p5__vinf25__incm60__toff59132__Om180__om150,1.5235980265558873,0.09339299997077193,25.178060211594744,250.4605915199673,1.3643535855099471,0.4157636004614378,21.239326771929353,166.62139962026475,True,582.0835112681425
20260811_184731__rp0p5__vinf25__incm60__toff59132__Om180__om165,1.523597116894712,0.09339303354120519,25.178066502670497,250.46031010067813,1.2234577031873064,0.4327167318012082,16.88499227553163,186.84444909061077,True,494.2860251536143
20260811_184731__rp0p5__vinf25__incm60__toff59132__Om180__om180,1.5235996285625948,0.09339056509533639,25.17806500757425,250.46050789386766,1.1645930916388023,0.3927667464505828,12.42841698996796,208.41860055436675,True,459.0459991909323
20260811_184731__rp0p5__vinf25__incm60__toff59132__Om180__om195,1.5236029035749112,0.0933904952232144,25.17806081403114,250.46122221657882,1.1842199406674119,0.293269905969421,11.59121190800352,230.75314887743622,True,470.6991856586877
20260811_184731__rp0p5__vinf25__incm60__toff59132__Om180__om210,1.523600035125457,0.0933904723097627,25.17804355462397,250.46093480939481,1.200790488885463,0.24306018723526077,13.950215832268643,241.41207982376397,True,480.61326289799814
20260811_184731__rp0p5__vinf25__incm60__toff59132__Om180__om225,1.523596296178572,0.09339067205680723,25.178069554268074,250.45977270601924,1.1909970211191916,0.25170273083175443,15.61446205905293,241.41524646011862,True,474.7455528481144
20260811_184731__rp0p5__vinf25__incm60__toff59132__Om180__om240,1.5236030465509014,0.09339045555162427,25.178060906812316,250.4612780030798,1.2295785567144826,0.2287099023611161,15.789376699684237,239.1709062360198,True,497.99996625193495
20260811_184731__rp0p5__vinf25__incm60__toff59132__Om180__om255,1.5235999831800409,0.09339048681616272,25.178043082550793,250.46091450680564,1.3538744206360187,0.16095206816398183,15.492049234361737,244.72800293197065,True,575.390208055638
20260811_184731__rp0p5__vinf25__incm60__toff59132__Om180__om270,1.5235996555223927,0.09339056311319884,25.17806484833565,250.4605187825733,1.57053824498272,0.10404423978983617,15.688316075727435,284.50264045025386,True,718.8986486107551
20260811_184731__rp0p5__vinf25__incm60__toff59132__Om180__om285,1.5235957636892175,0.09339301003403984,25.178047038677956,250.46033218382888,1.8714438756378695,0.1623129394303736,16.455443866057145,330.24336113453074,True,935.1044056836141
20260811_184731__rp0p5__vinf25__incm60__toff59132__Om180__om30,1.5235964444138712,0.09339064343844602,25.178069293565205,250.4598313896824,2.4299794011035276,0.3372692879298203,21.900011173721403,29.835409666065487,True,1383.562493908474
20260811_184731__rp0p5__vinf25__incm60__toff59132__Om180__om300,1.5235972885041476,0.0933929871443025,25.17805572058475,250.46051058007154,2.218148262749795,0.2603097010187402,17.467726801797625,342.7439682410141,True,1206.6484222843683
20260811_184731__rp0p5__vinf25__incm60__toff59132__Om180__om315,1.5235997879834087,0.09338810925418616,25.17805879326039,250.46034871628532,2.535014198260531,0.3360039931412423,18.464881672612268,347.4304986841128,True,1474.230820833238
20260811_184731__rp0p5__vinf25__incm60__toff59132__Om180__om330,1.523596458351061,0.09339300855105413,25.178056937814098,250.46032762587518,2.7201477900243565,0.3740943319926454,19.310314659200188,352.393003738589,True,1638.6403442526307
20260811_184731__rp0p5__vinf25__incm60__toff59132__Om180__om345,1.5235972926605257,0.09339299303319772,25.178055899059615,250.46051271266415,2.8029438272712706,0.39478712246272823,20.016352759363873,355.7163504731506,True,1714.0223626466284
20260811_184731__rp0p5__vinf25__incm60__toff59132__Om180__om45,1.5235963725997377,0.09339065263212534,25.178068833065854,250.45980257685932,2.409733184514353,0.3468419152570523,22.524898808584247,46.43781118143147,True,1366.3071149759753
20260811_184731__rp0p5__vinf25__incm60__toff59132__Om180__om60,1.5235964451247141,0.09339064417502048,25.178069182377865,250.4598317221614,2.602521018885043,0.41933069718249877,23.207858196326654,61.94122306318443,True,1533.5087590177377
20260811_184731__rp0p5__vinf25__incm60__toff59132__Om180__om75,1.5235999129884807,0.09339050790547238,25.178044019201206,250.46088732460623,3.0522822726465972,0.561287289092746,30.198955495551633,55.639842546111986,True,1947.7442631563952
20260811_184731__rp0p5__vinf25__incm60__toff59132__Om180__om90,1.5235996504723512,0.0933905757773821,25.178065148221567,250.46051763133303,3.339281926667341,0.5200295126628594,28.12230535610039,58.20736368690466,True,2228.8175702343246
20260811_184731__rp0p5__vinf25__incm60__toff59132__Om270__om0,1.5236030604325874,0.09339046035523699,25.178061115337524,250.46128404578195,2.061319753484347,0.3145592202292957,16.964865342726434,106.01342126343664,True,1080.9682546175604
20260811_184731__rp0p5__vinf25__incm60__toff59132__Om270__om105,1.5235933917609044,0.09339066594073399,25.178051708163792,250.45947168684071,1.3481682855556523,0.42952389072652813,62.27788034298449,148.68388330833247,True,571.7564230736407
20260811_184731__rp0p5__vinf25__incm60__toff59132__Om270__om120,1.5235947687329827,0.09339067609382046,25.178060230081034,250.45959184049283,-0.21463843459409965,4.221882706164511,34.76470203609037,74.39083789966243,False,
20260811_184731__rp0p5__vinf25__incm60__toff59132__Om270__om135,1.5235952190475284,0.0933907991931679,25.178062296767674,250.45969544975424,2.5746913409492493,0.4648479710897404,17.232179446782318,335.7509139756064,True,1508.9771067078932
20260811_184731__rp0p5__vinf25__incm60__toff59132__Om270__om15,1.5236030239065739,0.09339046806172066,25.178061097122544,250.46126962405208,1.9055228259655148,0.2982250343330389,19.814838918949988,112.77927555994366,True,960.7626814144105
20260811_184731__rp0p5__vinf25__incm60__toff59132__Om270__om150,1.5235956215281155,0.09339065302712776,25.178064339206728,250.459717227976,1.4993076259243017,0.22292354789582142,25.956891960150568,277.6994311453102,True,670.5497690383252
20260811_184731__rp0p5__vinf25__incm60__toff59132__Om270__om165,1.5235963527728824,0.09339065206287607,25.178068833918815,250.4597944158203,1.3839034060182547,0.22330752404569687,28.90714567906124,260.1010251205547,True,594.6392330283946
20260811_184731__rp0p5__vinf25__incm60__toff59132__Om270__om180,1.523603060348376,0.09339045086741596,25.178061136776698,250.461283347194,1.4218588274739998,0.2190345194143849,28.874491206273646,263.76336403781715,True,619.2693850702516
20260811_184731__rp0p5__vinf25__incm60__toff59132__Om270__om195,1.52359626896796,0.09339067151909536,25.178068569042903,250.4597614304877,1.5413315092474775,0.19967918716665903,27.527571309357064,278.7521428316884,True,698.9385222462886
20260811_184731__rp0p5__vinf25__incm60__toff59132__Om270__om210,1.5235965923555796,0.09339059080175229,25.178047470188655,250.46015515863337,1.698550791438532,0.1981909085344861,25.340250820022582,296.9706444443677,True,808.5608316218547
20260811_184731__rp0p5__vinf25__incm60__toff59132__Om270__om225,1.5235995977402972,0.09339058142420456,25.178065517691657,250.46049646325446,1.8184667209201573,0.2181582765114262,23.660096907788308,305.9024060448187,True,895.680107149633
20260811_184731__rp0p5__vinf25__incm60__toff59132__Om270__om240,1.5236012648802637,0.09339052847525194,25.178062859804882,250.46086444578276,1.7808033070325742,0.24404604992030082,23.140014559368062,293.83499563419684,True,867.9981960343072
20260811_184731__rp0p5__vinf25__incm60__toff59132__Om270__om255,1.5235933776789592,0.09339066472599344,25.178051053371192,250.45946577221622,1.4939947711760162,0.33217911467419314,25.124123237043957,255.387125815793,True,666.9887496692552
20260811_184731__rp0p5__vinf25__incm60__toff59132__Om270__om270,1.5235964403745728,0.09339063744489726,25.178068978405957,250.45982928480439,1.010055901461391,0.7362170542532466,28.83440305208872,219.94079453403796,True,370.77718936014355
20260811_184731__rp0p5__vinf25__incm60__toff59132__Om270__om285,1.5235934479709128,0.09339065585297886,25.178051513111594,250.4594939840486,1.2116392403911853,0.33813620302022157,50.73009429038331,340.7662638192245,True,487.14122891864235
20260811_184731__rp0p5__vinf25__incm60__toff59132__Om270__om30,1.5235996972750996,0.09339056308258112,25.17806523270254,250.4605359183837,1.7784889287322712,0.3011604307090319,23.191189035645326,120.80080671544816,True,866.3066363797769
20260811_184731__rp0p5__vinf25__incm60__toff59132__Om270__om300,1.5235948759768763,0.09339065435120227,25.17806017202066,250.45963423574415,3.291126721698309,0.4961201055510794,22.32971095596574,137.70053554534078,True,2180.779717911645
20260811_184731__rp0p5__vinf25__incm60__toff59132__Om270__om315,1.523595320921783,0.09339064486352658,25.17806266051489,250.45970471085963,3.1009111590326297,0.47122518517533285,14.763289693132936,115.4016248977909,True,1994.4762915021706
20260811_184731__rp0p5__vinf25__incm60__toff59132__Om270__om330,1.5235947819036757,0.09339068016056065,25.178060549793635,250.45959755077115,2.624686206113794,0.39361238966474377,13.58893476448203,102.83637522148979,True,1553.1413261432936
20260811_184731__rp0p5__vinf25__incm60__toff59132__Om270__om345,1.5235948076757693,0.09339067649559481,25.17806033956212,250.45960783008053,2.292372497322863,0.3403215370571281,14.760794540194976,101.32230000315366,True,1267.7180572147686
20260811_184731__rp0p5__vinf25__incm60__toff59132__Om270__om45,1.5235996933528597,0.09339055698429363,25.178064780859618,250.46053384135462,1.6700243092379836,0.18216434936292356,27.271803625491376,120.1348611024711,True,788.2774112248649
20260811_184731__rp0p5__vinf25__incm60__toff59132__Om270__om60,1.5235996979859454,0.09339056381916172,25.178065121515136,250.46053625085847,1.5605624324195566,0.3144798577394029,31.068573364846092,139.51843653565905,True,712.0600397212423
20260811_184731__rp0p5__vinf25__incm60__toff59132__Om270__om75,1.5235999008131935,0.09339051047438797,25.17804401312944,250.46088251738854,1.4486926499293105,0.3399137582902277,36.14130147067797,147.85127032377878,True,636.8824438287895
20260811_184731__rp0p5__vinf25__incm60__toff59132__Om270__om90,1.5235964136490383,0.09339063921784407,25.17806886427681,250.45981845175135,1.3504191538403487,0.37548680333874185,43.893341904029455,154.620150606341,True,573.1889060521609
20260811_184731__rp0p5__vinf25__incm60__toff59132__Om90__om0,1.523603061770074,0.09339045234059011,25.178060914401875,250.46128401213474,1.5349118140702036,0.19568486920509112,32.74458388579792,242.45434699884692,True,694.5764201714717
20260811_184731__rp0p5__vinf25__incm60__toff59132__Om90__om105,1.5235934465492322,0.09339065437985183,25.178051735486537,250.45949331907997,2.1325287180846737,0.21844790813820417,36.60746613572315,42.04324136951356,True,1137.4628593951588
20260811_184731__rp0p5__vinf25__incm60__toff59132__Om90__om120,1.5235948752660349,0.09339065361463361,25.178060283208094,250.45963390326224,2.060102052885137,0.22285255669716444,34.31893878166488,57.063465947702646,True,1080.0105420112857
20260811_184731__rp0p5__vinf25__incm60__toff59132__Om90__om135,1.523595321632625,0.09339064560009694,25.178062549327507,250.45970504334065,1.9642388052060746,0.21979812132340204,31.819571602915172,72.5017012587388,True,1005.5098337815535
20260811_184731__rp0p5__vinf25__incm60__toff59132__Om90__om15,1.5235962675462746,0.09339067004594792,25.178068791417598,250.45976076552876,1.6371556469398334,0.17066840320445315,35.26219178691087,254.7698341527686,True,765.1205171515699
20260811_184731__rp0p5__vinf25__incm60__toff59132__Om90__om150,1.52359553800792,0.09339067838269974,25.17806449915904,250.45968481329703,1.8707646268997558,0.22115021475204474,29.151191044543225,88.2969711752338,True,934.5953515318565
20260811_184731__rp0p5__vinf25__incm60__toff59132__Om90__om165,1.5235963149097174,0.09339066778452744,25.178069016640116,250.45978002803278,1.7812354556123555,0.2251991184474271,26.286354676978963,103.40073454759937,True,868.3141716465117
20260811_184731__rp0p5__vinf25__incm60__toff59132__Om90__om180,1.523603059010889,0.09339045888206282,25.178061337712357,250.46128338084128,1.6921952143532473,0.2340875561213975,23.295399926616135,120.30559688870412,True,804.0269131135082
20260811_184731__rp0p5__vinf25__incm60__toff59132__Om90__om195,1.5236030253282722,0.09339046953489459,25.178060874747707,250.4612702889928,1.582714094847472,0.24782433938969298,20.17694579283959,139.36611557207607,True,727.274896691684
20260811_184731__rp0p5__vinf25__incm60__toff59132__Om90__om210,1.5235966835199029,0.09339058123140813,25.178047767654334,250.46019185566274,1.4498701400049658,0.2879860418661893,16.978473822455985,162.60012235962014,True,637.659083842521
20260811_184731__rp0p5__vinf25__incm60__toff59132__Om90__om225,1.5235996897986301,0.0933905533013911,25.178065336796532,250.46053217898032,1.2839657643711009,0.37148268160303827,13.773311470698358,188.5680691807014,True,531.4042924680443
20260811_184731__rp0p5__vinf25__incm60__toff59132__Om90__om240,1.5235996979859454,0.09339056381916172,25.178065121515136,250.46053625085847,1.1016541323609823,0.5275633052641929,12.229987874797832,210.15505084149913,True,422.3405626031048
20260811_184731__rp0p5__vinf25__incm60__toff59132__Om90__om255,1.5235999050782705,0.09339051489384115,25.17804334600413,250.46088451224392,1.007681105719072,0.6530872438346591,22.30117663048962,208.79362598242582,True,369.47032754131163
20260811_184731__rp0p5__vinf25__incm60__toff59132__Om90__om270,1.5235964136490383,0.09339063921784407,25.17806886427681,250.45981845175135,1.1229140509585656,0.490460682094465,31.81110125176584,220.9151905202395,True,434.6249628719376
20260811_184731__rp0p5__vinf25__incm60__toff59132__Om90__om285,1.5235933931825847,0.09339066741386065,25.17805148578884,250.45947235180952,1.1968521694352956,0.373943177356084,27.21448855107449,235.98948226544496,True,478.25074953607975
20260811_184731__rp0p5__vinf25__incm60__toff59132__Om90__om30,1.5235996061104158,0.09339057265230469,25.178064935236513,250.46049922124615,1.7004545304684513,0.14779239580469028,38.073037045407624,263.1171832959751,True,809.9205672711407
20260811_184731__rp0p5__vinf25__incm60__toff59132__Om90__om300,1.523594769443824,0.09339067683038868,25.178060118893626,250.45959217297496,1.1952347785377806,0.3585131759163762,24.692479763414763,233.27190695507318,True,477.28163608702295
20260811_184731__rp0p5__vinf25__incm60__toff59132__Om90__om315,1.5235952183366865,0.09339079845659767,25.1780624079551,250.45969511727372,1.2088497590350507,0.3421259046792921,24.698264844737132,227.2494146902055,True,485.4599252941029
20260811_184731__rp0p5__vinf25__incm60__toff59132__Om90__om330,1.523594865423788,0.09339065480485044,25.178060389841754,250.4596299653993,1.2905418061974363,0.3076930129096704,27.054904171034142,225.2048849561137,True,535.4920270481612
20260811_184731__rp0p5__vinf25__incm60__toff59132__Om90__om345,1.5235948455388593,0.09339066077382197,25.17806015684151,250.45962221780786,1.3990224798743711,0.24642613531495836,30.038247533319,230.7217615332964,True,604.4104043556964
20260811_184731__rp0p5__vinf25__incm60__toff59132__Om90__om45,1.5235996012945263,0.0933905851071053,25.17806496175473,250.46049812562944,1.8092618997779337,0.10961943800709202,40.71112018593292,290.8362236147202,True,888.888011598403
20260811_184731__rp0p5__vinf25__incm60__toff59132__Om90__om60,1.5236012648802637,0.09339052847525194,25.178062859804882,250.46086444578276,1.9924908111042485,0.13128028025163668,41.516347092142375,343.42150210082417,True,1027.2813014092912
20260811_184731__rp0p5__vinf25__incm60__toff59132__Om90__om75,1.5235933734139189,0.09339066030661418,25.17805172049609,250.45946377730905,2.142238760699564,0.18686462382618754,40.533006349890414,9.985398718215281,True,1145.240510269212
20260811_184731__rp0p5__vinf25__incm60__toff59132__Om90__om90,1.5235964403745728,0.09339063744489726,25.178068978405957,250.45982928480439,2.182718509689623,0.215026522364611,38.731892703265224,26.239837497607187,True,1177.854076427661
20260811_184731__rp0p5__vinf25__incm90__toff59132__Om0__om0,1.5235996846131636,0.09339057670776924,25.17806534243534,250.4605228937878,1.1777904694057955,0.3952220367021641,23.660243772335807,181.6860346268517,True,466.8710512074255
20260811_184731__rp0p5__vinf25__incm90__toff59132__Om0__om105,1.5235988268456793,0.0933929943483001,25.178064694803307,250.46068785070486,1.6911164532313525,0.16001539330301917,33.07484132254005,72.32818618416199,True,803.2581944218597
20260811_184731__rp0p5__vinf25__incm90__toff59132__Om0__om120,1.5235973439608914,0.09339299791537238,25.178056029949726,250.46052527496096,1.8118763788376009,0.1896692094474877,31.61464521532321,53.41171765815302,True,890.8154427174597
20260811_184731__rp0p5__vinf25__incm90__toff59132__Om0__om135,1.5235996336144404,0.09338812193309444,25.178059202434987,250.4603164733555,1.9159197441354958,0.21946995308609224,29.86019340787425,42.37367287933809,True,968.6365708842751
20260811_184731__rp0p5__vinf25__incm90__toff59132__Om0__om15,1.5235996380445687,0.09339058919319404,25.178064984586687,250.46050466236272,1.1756644118115753,0.38716991565501885,27.792732261388732,174.91711307355914,True,465.60748180043686
20260811_184731__rp0p5__vinf25__incm90__toff59132__Om0__om150,1.5235973439608914,0.09339299791537238,25.178056029949726,250.46052527496096,1.9900965533086914,0.23976913349984524,27.924608198190114,35.084555615692054,True,1025.4302234363909
20260811_184731__rp0p5__vinf25__incm90__toff59132__Om0__om165,1.5235988483528395,0.0933929862641788,25.178065151696238,250.46069613503363,2.028123845043612,0.24685451899057798,25.917446473437835,30.40138747828582,True,1054.9614718158846
20260811_184731__rp0p5__vinf25__incm90__toff59132__Om0__om180,1.5235997089637312,0.09339057156993097,25.178065354578585,250.46053250821456,2.0093857440811385,0.23303089969853552,23.963800345316994,26.488472808835006,True,1040.3749037864432
20260811_184731__rp0p5__vinf25__incm90__toff59132__Om0__om195,1.5235997590865618,0.09339056276742362,25.17806515649034,250.46055240202054,1.981759369973484,0.21744988026577208,22.106748334796595,22.414423590330085,True,1018.9931691940154
20260811_184731__rp0p5__vinf25__incm90__toff59132__Om0__om210,1.5235998077877042,0.09339055249176546,25.178065180776837,250.46057163088173,1.9333845654561708,0.19352972872528618,20.439354262737794,19.03366365121128,True,981.9113117128454
20260811_184731__rp0p5__vinf25__incm90__toff59132__Om0__om225,1.5235997393017238,0.09339056694191264,25.178065146623954,250.4605445902971,1.8889805964048982,0.1707775750131292,19.024478302173947,19.228118261163633,True,948.2790100448071
20260811_184731__rp0p5__vinf25__incm90__toff59132__Om0__om240,1.5235998077877042,0.09339055249176546,25.178065180776837,250.46057163088173,1.8739690826948243,0.16226800032861677,18.028845967428428,27.47399610882976,True,936.9976994022146
20260811_184731__rp0p5__vinf25__incm90__toff59132__Om0__om255,1.5235996616842886,0.09339058331877058,25.178065107917316,250.4605139443122,1.9004875383345294,0.165475125849713,17.47586871491661,48.13000254083806,True,956.9570178789329
20260811_184731__rp0p5__vinf25__incm90__toff59132__Om0__om270,1.5235966837442378,0.09339059302439984,25.178047772272663,250.46018397086027,1.832717226269182,0.12399483553281612,17.111860141060138,83.58327309600904,True,906.2292700814937
20260811_184731__rp0p5__vinf25__incm90__toff59132__Om0__om285,1.523595861081223,0.09339300148452248,25.17804736523815,250.4603627001656,1.612840463750062,0.08413658661532968,16.190618011830402,180.96801267292741,True,748.1385065697757
20260811_184731__rp0p5__vinf25__incm90__toff59132__Om0__om30,1.5235997888139297,0.09339055560855525,25.178065282856803,250.4605640875837,1.2240465459510335,0.33478924305226865,31.141214263848596,166.8778169603801,True,494.6429133809526
20260811_184731__rp0p5__vinf25__incm90__toff59132__Om0__om300,1.5235973188995549,0.09339300231667078,25.178056128993834,250.46051532833286,1.4229611795795722,0.19724117892320492,14.48209583199318,219.77023891457918,True,619.9896941406654
20260811_184731__rp0p5__vinf25__incm90__toff59132__Om0__om315,1.5235996339698634,0.09338812230138226,25.178059146841274,250.4603166395992,1.2986189038293097,0.28297029909936405,14.075658959763794,215.71231847430096,True,540.52710054054
20260811_184731__rp0p5__vinf25__incm90__toff59132__Om0__om330,1.5235973192549765,0.09339300268495905,25.178056073400104,250.46051549456607,1.2264044827814682,0.35819276327386346,16.04192279918288,202.91193171564376,True,496.07288137397387
20260811_184731__rp0p5__vinf25__incm90__toff59132__Om0__om345,1.5235958123803324,0.09339301176043212,25.178047340951128,250.4603434718868,1.1802000828869934,0.39572070495781553,19.424241518996535,189.6249511518849,True,468.30452431319435
20260811_184731__rp0p5__vinf25__incm90__toff59132__Om0__om45,1.5235996602625965,0.09339058184561001,25.17806533029209,250.4605132793624,1.285801707001432,0.2922241580369746,33.11665422909134,156.63183924924292,True,532.5444823014149
20260811_184731__rp0p5__vinf25__incm90__toff59132__Om0__om60,1.523599786480954,0.09339055698736459,25.178065170151513,250.46056321825455,1.3575862137835073,0.23419297093771443,34.36388504420011,146.32734091137849,True,577.7580708691299
20260811_184731__rp0p5__vinf25__incm90__toff59132__Om0__om75,1.5235997347359922,0.09339056790525656,25.17806514434708,250.46054278759178,1.4525466817970503,0.18663555151807287,34.59109331295474,127.95768344625355,True,639.4256302802274
20260811_184731__rp0p5__vinf25__incm90__toff59132__Om0__om90,1.523596695919474,0.09339059045539976,25.17804777834444,250.4601887780511,1.5681621812474138,0.15346342480692426,34.09193456213407,100.83892470892576,True,717.2678356199579
20260811_184731__rp0p5__vinf25__incm90__toff59132__Om180__om0,1.5235997089637312,0.09339057156993097,25.178065354578585,250.46053250821456,2.6454580014661206,0.3620719811797313,24.134803865474687,1.3109300832398858,True,1571.6151227223054
20260811_184731__rp0p5__vinf25__incm90__toff59132__Om180__om105,1.5235988755467627,0.09339298407271565,25.178064719089836,250.46070707907455,2.0152346784560535,0.3150126979102996,31.963660693362392,92.8903406053914,True,1044.9207038174823
20260811_184731__rp0p5__vinf25__incm90__toff59132__Om180__om120,1.5235973196103987,0.09339300305324716,25.178056017806355,250.46051566079942,-2.030910426689514,1.596103100306086,35.91012372628801,111.48816534002611,False,
20260811_184731__rp0p5__vinf25__incm90__toff59132__Om180__om135,1.5235996336144404,0.09338812193309444,25.178059202434987,250.4603164733555,1.4528492992369157,0.28585483267273537,31.880363167676254,160.0551503811789,True,639.6254635395728
20260811_184731__rp0p5__vinf25__incm90__toff59132__Om180__om15,1.5235997597974076,0.09339056350400436,25.178065045302954,250.4605527344952,2.418872065901912,0.3188604436984622,25.16357644579336,8.977023501277314,True,1374.0870322776475
20260811_184731__rp0p5__vinf25__incm90__toff59132__Om180__om150,1.5235973196103987,0.09339300305324716,25.178056017806355,250.46051566079942,1.316251270676976,0.3215501924312892,27.086867088578597,176.2671132323597,True,551.5731252252332
20260811_184731__rp0p5__vinf25__incm90__toff59132__Om180__om165,1.5235988240022986,0.09339299140197267,25.178065139553006,250.46068652084915,1.2167231346390657,0.3571949779936871,24.25667620560677,190.61843558132682,True,490.210422843889
20260811_184731__rp0p5__vinf25__incm90__toff59132__Om180__om180,1.5235996846131636,0.09339057670776924,25.17806534243534,250.4605228937878,1.16161199554811,0.3626794618581016,21.047340399944584,202.20396162606488,True,457.28454602935676
20260811_184731__rp0p5__vinf25__incm90__toff59132__Om180__om195,1.5235996373337226,0.09339058845661384,25.178065095774055,250.46050432988778,1.1431048513876838,0.3450323766929026,18.77272688175258,212.16132264614575,True,446.39980294329706
20260811_184731__rp0p5__vinf25__incm90__toff59132__Om180__om210,1.5235997895247755,0.09339055634513606,25.17806517166943,250.46056442005835,1.151123702870376,0.30407862412103276,16.853485455798292,218.21013457297104,True,451.10525597553846
20260811_184731__rp0p5__vinf25__incm90__toff59132__Om180__om225,1.5235996616842886,0.09339058331877058,25.178065107917316,250.4605139443122,1.1923394276430912,0.2471036304230568,15.266002840608339,219.23617541120421,True,475.54842774511394
20260811_184731__rp0p5__vinf25__incm90__toff59132__Om180__om240,1.523599786480954,0.09339055698736459,25.178065170151513,250.46056321825455,1.273781662164103,0.1692413685580279,13.935794042611777,217.151980239829,True,525.0943929397616
20260811_184731__rp0p5__vinf25__incm90__toff59132__Om180__om255,1.5235997347359922,0.09339056790525656,25.17806514434708,250.46054278759178,1.4010900028328865,0.07613304528548293,13.091471113658695,213.15908346509806,True,605.750726593904
20260811_184731__rp0p5__vinf25__incm90__toff59132__Om180__om270,1.523596695919474,0.09339059045539976,25.17804777834444,250.4601887780511,1.5779975253454834,0.028865199734951448,13.133351057210145,4.136944640433223,True,724.0263449511785
20260811_184731__rp0p5__vinf25__incm90__toff59132__Om180__om285,1.5235958123803324,0.09339301176043212,25.178047340951128,250.4603434718868,1.7980537999777113,0.12903740333736616,14.09265776646306,7.106121206557495,True,880.6410296449465
20260811_184731__rp0p5__vinf25__incm90__toff59132__Om180__om30,1.5235998070768582,0.0933905517551846,25.178065291964252,250.4605712984071,2.3126500073031075,0.292065585800373,26.43541847590818,20.658467051077693,True,1284.5758730479022
20260811_184731__rp0p5__vinf25__incm90__toff59132__Om180__om300,1.5235973432500476,0.0933929971787959,25.178056141137237,250.46052494249446,2.040511650278131,0.2174449838834046,15.70757152171564,2.646867426977867,True,1064.6417925361186
20260811_184731__rp0p5__vinf25__incm90__toff59132__Om180__om315,1.5235996339698634,0.09338812230138226,25.178059146841274,250.4603166395992,2.273068707596095,0.28211144102289737,17.628569288177314,0.20493389710680887,True,1251.7388663091065
20260811_184731__rp0p5__vinf25__incm90__toff59132__Om180__om330,1.5235973436054695,0.09339299754708416,25.178056085543474,250.4605251087276,2.444207732023498,0.3337785208249467,19.561833306462788,0.6612758357800244,True,1395.7320869719035
20260811_184731__rp0p5__vinf25__incm90__toff59132__Om180__om345,1.523595836730777,0.09339300662247597,25.178047353094655,250.46035308602563,2.526706699439219,0.34482991954684,21.603291945162624,2.8513188047802767,True,1466.9899551672852
20260811_184731__rp0p5__vinf25__incm90__toff59132__Om180__om45,1.523599737880032,0.09339056546875144,25.17806536899871,250.46054392534765,2.2203781704637673,0.272624778868749,27.641398199309595,31.653976462585465,True,1208.4684476643322
20260811_184731__rp0p5__vinf25__incm90__toff59132__Om180__om60,1.5235998077877042,0.09339055249176546,25.178065180776837,250.46057163088173,2.1907761934548486,0.28034652779655267,28.648649530155733,46.16102574680105,True,1184.3823089316215
20260811_184731__rp0p5__vinf25__incm90__toff59132__Om180__om75,1.5235996616842886,0.09339058331877058,25.178065107917316,250.4605139443122,2.2365256925580796,0.3373717595415878,29.389006024249497,59.791086056600875,True,1221.6751210256484
20260811_184731__rp0p5__vinf25__incm90__toff59132__Om180__om90,1.5235966837442378,0.09339059302439984,25.178047772272663,250.46018397086027,2.283387634979825,0.35675698499635805,30.788819612865222,71.73801065809734,True,1260.27220972502
20260811_184731__rp0p5__vinf25__incm90__toff59132__Om270__om0,1.5236029560889544,0.09339049860287478,25.17806128641265,250.46124680038048,1.8012653286628235,0.20672747063898947,17.316435527765755,96.20024439194428,True,883.0014704942529
20260811_184731__rp0p5__vinf25__incm90__toff59132__Om270__om105,1.5235963276533209,0.09339068310116314,25.178069023021006,250.45978911656184,1.1715674208459037,0.3995429729984874,54.345792300016264,173.91617192275666,True,463.17575882624516
20260811_184731__rp0p5__vinf25__incm90__toff59132__Om270__om120,1.5235948156692047,0.0933906850820642,25.178060141971713,250.45961448127747,0.9271818195470907,0.8580663524059919,42.30580342726056,190.92040411972926,True,326.09358342466993
20260811_184731__rp0p5__vinf25__incm90__toff59132__Om270__om135,1.523595192121789,0.09339068253581415,25.178062366821454,250.45965736442517,1.2911438426756823,0.41717891474665464,16.193718435713947,222.8603766549264,True,535.8667804979661
20260811_184731__rp0p5__vinf25__incm90__toff59132__Om270__om15,1.5236029582215014,0.09339050081263495,25.178060952850384,250.46124779779177,1.761523543780379,0.2192663291326373,20.475033244140157,100.31309203847421,True,853.9404196842238
20260811_184731__rp0p5__vinf25__incm90__toff59132__Om270__om150,1.5235948156692047,0.0933906850820642,25.178060141971713,250.45961448127747,1.3616936557322816,0.28465088179492304,23.662801638703982,240.2190998514742,True,580.3821051249458
20260811_184731__rp0p5__vinf25__incm90__toff59132__Om270__om165,1.5235963200598097,0.0933906734247472,25.178069263798502,250.459785349286,1.3467954825432111,0.27666883856047914,26.786235708063902,246.24759918985967,True,570.8833394590603
20260811_184731__rp0p5__vinf25__incm90__toff59132__Om270__om180,1.5236029513387728,0.09339049187264435,25.17806108244116,250.4612443631097,1.3462994018511039,0.28125662574121013,27.243626616994316,250.11158413515574,True,570.5679484528671
20260811_184731__rp0p5__vinf25__incm90__toff59132__Om270__om195,1.5235963229031806,0.09339067637104304,25.1780688190491,250.4597866792031,1.3776975810984278,0.2787349338311068,25.905119230428628,254.37855017457252,True,590.6439178441698
20260811_184731__rp0p5__vinf25__incm90__toff59132__Om270__om210,1.5235996378278702,0.09339058485228167,25.178064839537544,250.46051585297693,1.425455966579311,0.26944636291093793,23.602706082461633,257.51653568177557,True,621.6208911166465
20260811_184731__rp0p5__vinf25__incm90__toff59132__Om270__om225,1.5235996437655714,0.09339059326500082,25.17806509450216,250.46051889962038,1.4504081067016819,0.27346322950489227,21.125702229963352,258.2617464889691,True,638.0140168399006
20260811_184731__rp0p5__vinf25__incm90__toff59132__Om270__om240,1.5236012958869527,0.09339053993878789,25.178062875293346,250.46088074501287,1.4081642364940832,0.3057231388139411,18.48613967097968,253.3426858395021,True,610.3442502965638
20260811_184731__rp0p5__vinf25__incm90__toff59132__Om270__om255,1.5235963229031806,0.09339067637104304,25.1780688190491,250.4597866792031,1.3465188166914301,0.3362596370042425,14.498681093094431,256.9988965484597,True,570.707437680658
20260811_184731__rp0p5__vinf25__incm90__toff59132__Om270__om270,1.523593310815504,0.09339069716036236,25.178051567021548,250.4594435030448,1.4547227539866543,0.21612202142116063,11.800796519360274,276.9295991000457,True,640.8630615339059
20260811_184731__rp0p5__vinf25__incm90__toff59132__Om270__om285,1.5235933131905648,0.0933907005254016,25.178051669007054,250.4594447217446,1.6899192277106607,0.035732880137617294,10.276671451218817,264.6390423432807,True,802.405345717111
20260811_184731__rp0p5__vinf25__incm90__toff59132__Om270__om30,1.5235996430547258,0.09339059252842043,25.178065205689528,250.46051856714556,1.724103903834645,0.22609450312177826,23.840318438845202,104.29370834677542,True,826.8753496149064
20260811_184731__rp0p5__vinf25__incm90__toff59132__Om270__om300,1.5235948149583636,0.0933906843454957,25.178060253159135,250.45961414879554,1.842792458792569,0.07323741846111424,9.498998751163098,101.1994514257923,True,913.7124274983801
20260811_184731__rp0p5__vinf25__incm90__toff59132__Om270__om315,1.523595197227343,0.09339068963420359,25.17806251519932,250.45965996803986,1.8873052865744282,0.12749294252181895,10.221206471802027,91.45919133362223,True,947.0177671885076
20260811_184731__rp0p5__vinf25__incm90__toff59132__Om270__om330,1.523594820063915,0.0933906914438792,25.178060401536843,250.4596167524158,1.87279359802048,0.16340183322787524,12.01468370996899,90.69739861578324,True,936.116211784811
20260811_184731__rp0p5__vinf25__incm90__toff59132__Om270__om345,1.5235933131905648,0.0933907005254016,25.178051669007054,250.4594447217446,1.8383755234617334,0.18767540903191007,14.478016583383852,92.8580828432798,True,910.4293208828424
20260811_184731__rp0p5__vinf25__incm90__toff59132__Om270__om45,1.5235996369999485,0.09339058422039291,25.178065087408783,250.4605154926915,1.6787210668210724,0.23001867758120123,27.369082450492098,108.72734384855036,True,794.4429276566091
20260811_184731__rp0p5__vinf25__incm90__toff59132__Om270__om60,1.5235996437655714,0.09339059326500082,25.17806509450216,250.46051889962038,1.625787202591711,0.23081246786872409,31.159859854656915,115.45189348117196,True,757.1648481176829
20260811_184731__rp0p5__vinf25__incm90__toff59132__Om270__om75,1.5236029598857435,0.0933905034411636,25.178061166023554,250.46124868395654,1.546993126355788,0.23436991474055985,35.622358562548605,125.26368000675794,True,702.7930667172182
20260811_184731__rp0p5__vinf25__incm90__toff59132__Om270__om90,1.5235933084404434,0.09339069379532308,25.178051465036074,250.45944228434496,1.418921311042261,0.25505704026738607,41.98653469164179,143.51810918521693,True,617.3512894649607
20260811_184731__rp0p5__vinf25__incm90__toff59132__Om90__om0,1.5236029513387728,0.09339049187264435,25.17806108244116,250.4612443631097,1.4247865174643368,0.28858099901540324,30.50698044924068,237.92533264242712,True,621.183036806793
20260811_184731__rp0p5__vinf25__incm90__toff59132__Om90__om105,1.5235963276533209,0.09339068310116314,25.178069023021006,250.45978911656184,1.8469021374900485,0.169549753417007,37.83936320460647,83.77786807895454,True,916.7706861319513
20260811_184731__rp0p5__vinf25__incm90__toff59132__Om90__om120,1.5235948156692047,0.0933906850820642,25.178060141971713,250.45961448127747,1.8129417695860217,0.1941215770352701,35.185358611262316,92.450485348614,True,891.6012629111492
20260811_184731__rp0p5__vinf25__incm90__toff59132__Om90__om135,1.5235951968719221,0.09339068926591866,25.178062570793024,250.45965980179932,1.7799919820438923,0.21063931912628503,32.28360151102886,100.1399870735153,True,867.4050802138092
20260811_184731__rp0p5__vinf25__incm90__toff59132__Om90__om15,1.5235963236140235,0.093390677107617,25.178068707861758,250.45978701168232,1.3678141820773584,0.32716098769901875,34.04601964534474,227.80906603953093,True,584.2995420003056
20260811_184731__rp0p5__vinf25__incm90__toff59132__Om90__om150,1.5235948204193357,0.09339069181216347,25.178060345943134,250.45961691865668,1.7471233628574678,0.22144410210668874,29.153412938282,106.03865182909014,True,843.4906040113215
20260811_184731__rp0p5__vinf25__incm90__toff59132__Om90__om165,1.52359632480995,0.09339068015486719,25.178069467770424,250.45978778664488,1.7136918983285268,0.22837656150804997,25.848262183011816,112.5671825958369,True,819.3963172062496
20260811_184731__rp0p5__vinf25__incm90__toff59132__Om90__om180,1.5236029560889544,0.09339049860287478,25.17806128641265,250.46124680038048,1.6724291637325834,0.2296858337733184,22.39072892808208,119.93434250035024,True,789.9807170594015
20260811_184731__rp0p5__vinf25__incm90__toff59132__Om90__om195,1.5236029575106522,0.09339050007604817,25.178061064037816,250.4612474653214,1.6151296956410588,0.23747502212301136,18.69246884099198,127.77264817076805,True,749.7319097788169
20260811_184731__rp0p5__vinf25__incm90__toff59132__Om90__om210,1.5235996437655714,0.09339059326500082,25.17806509450216,250.46051889962038,1.5374370936697233,0.2322021493303049,14.077534087900899,148.47563736161422,True,696.2912296634297
20260811_184731__rp0p5__vinf25__incm90__toff59132__Om90__om225,1.5235996384216401,0.09339058569355362,25.17806486503401,250.46051615764125,1.3846432970618783,0.2639594676090289,7.602240793186513,196.16048765923745,True,595.1161742387941
20260811_184731__rp0p5__vinf25__incm90__toff59132__Om90__om240,1.5235996437655714,0.09339059326500082,25.17806509450216,250.46051889962038,1.0626863102480169,0.5204654802144936,13.520715334882025,338.0114405287625,True,400.1312964510293
20260811_184731__rp0p5__vinf25__incm90__toff59132__Om90__om255,1.5236029598857435,0.0933905034411636,25.178061166023554,250.46124868395654,1.0503979006156172,0.7349990153569316,34.542455676199054,211.27583045792326,True,393.21100119492297
20260811_184731__rp0p5__vinf25__incm90__toff59132__Om90__om270,1.5235933084404434,0.09339069379532308,25.178051465036074,250.45944228434496,1.3515298105088405,0.3388666627133003,31.27390924672133,247.09092951417205,True,573.8961830755329
20260811_184731__rp0p5__vinf25__incm90__toff59132__Om90__om285,1.5235933131905648,0.0933907005254016,25.178051669007054,250.4594447217446,1.3662878353529058,0.2722661392594343,25.74803635710549,256.77472004170477,True,583.3217832650275
20260811_184731__rp0p5__vinf25__incm90__toff59132__Om90__om30,1.5235996371170244,0.09339058411570138,25.178064950724917,250.46051552050204,1.3543990289037455,0.3159360298412671,40.71496122583083,215.08157107144453,True,575.7246744894916
20260811_184731__rp0p5__vinf25__incm90__toff59132__Om90__om300,1.5235948149583636,0.0933906843454957,25.178060253159135,250.45961414879554,1.348618159743808,0.27419355149947194,23.349458392151732,254.93167420319259,True,572.0426335373594
20260811_184731__rp0p5__vinf25__incm90__toff59132__Om90__om315,1.5235951924772098,0.09339068290409905,25.178062311227762,250.45965753066582,1.3528972705058127,0.2828812569920496,23.34628811736943,249.23891273813294,True,574.7673942105718
20260811_184731__rp0p5__vinf25__incm90__toff59132__Om90__om330,1.523594815313784,0.09339068471377993,25.178060197565422,250.4596143150365,1.3832777024755736,0.2816864785092358,25.17433815595634,244.38115068689154,True,594.23599771491
20260811_184731__rp0p5__vinf25__incm90__toff59132__Om90__om345,1.5235933084404434,0.09339069379532308,25.178051465036074,250.45944228434496,1.4196284198258622,0.27742758031864334,27.82541585959729,241.92579298380923,True,617.8128255248109
20260811_184731__rp0p5__vinf25__incm90__toff59132__Om90__om45,1.5235996423438798,0.09339059179184,25.178065316876896,250.4605182346708,1.5313786127282625,0.1505273404799781,45.144905668353296,208.36936006351797,True,692.1795408988013
20260811_184731__rp0p5__vinf25__incm90__toff59132__Om90__om60,1.5236012958869527,0.09339053993878789,25.178062875293346,250.46088074501287,1.74412812205025,0.01756123819653172,44.55431103174086,112.99284398361979,True,841.3224334127318
20260811_184731__rp0p5__vinf25__incm90__toff59132__Om90__om75,1.5235963229031806,0.09339067637104304,25.1780688190491,250.4597866792031,1.851286147148701,0.0901159562865372,42.54627707696233,62.821889894269944,True,920.0368437545148
20260811_184731__rp0p5__vinf25__incm90__toff59132__Om90__om90,1.523593310815504,0.09339069716036236,25.178051567021548,250.4594435030448,1.8701492199830207,0.13570675208171917,40.26537727096335,72.69141381176425,True,934.1342225913653
20260811_184731__rp0p75__vinf25__inc0__toff59132__Om0__om0,1.5236019373324885,0.09339046264292916,25.17805484968184,250.4611585753475,1.635603780781908,0.04419760860957439,42.41457994684058,144.22821789752044,True,764.0328839584421
20260811_184731__rp0p75__vinf25__inc0__toff59132__Om0__om105,1.523602869592257,0.09338803106237176,25.178055311364048,250.46102313523295,1.8395560232951467,0.15085284125884663,30.753076148374333,316.1661726749302,True,911.3064002666019
20260811_184731__rp0p75__vinf25__inc0__toff59132__Om0__om120,1.5235995095209496,0.09338813789565494,25.17805941947163,250.4602765411339,2.149965288373225,0.23084915521209412,30.141311831831292,336.5382640573122,True,1151.4419944371225
20260811_184731__rp0p75__vinf25__inc0__toff59132__Om0__om135,1.5235979561961628,0.09339300196677291,25.178057701510593,250.46059717183982,2.3680589952492213,0.28467559502941253,29.555305173915652,342.5697544101514,True,1331.017203886177
20260811_184731__rp0p75__vinf25__inc0__toff59132__Om0__om15,1.523595173549204,0.09339067393469445,25.178062741761263,250.45964734696298,1.4709523590491016,0.11311193733116875,34.35061550167195,254.12849948702294,True,651.6175955384617
20260811_184731__rp0p75__vinf25__inc0__toff59132__Om0__om150,1.523599452507047,0.09338813639376081,25.17805903823518,250.46025304634333,2.3960508227102166,0.28848529220380176,29.071593806776395,344.1903217691624,True,1354.6868989704074
20260811_184731__rp0p75__vinf25__inc0__toff59132__Om0__om165,1.523594204784028,0.09339311322278236,25.178062261859612,250.45976839931552,2.2863580600923146,0.2527307306635665,28.997382482985277,353.17104553943796,True,1262.7322134795897
20260811_184731__rp0p75__vinf25__inc0__toff59132__Om0__om180,1.5236019129818488,0.09339046778064437,25.178054837538422,250.46114896087715,2.122272133035067,0.21634731749247052,29.22225000427357,342.4644007016075,True,1129.266642307211
20260811_184731__rp0p75__vinf25__inc0__toff59132__Om0__om195,1.5236084941675212,0.09339029507185749,25.178046854545162,250.46258808623264,1.8823855337045576,0.15642807970425096,28.862494255713944,330.58456343336115,True,943.3172086682576
20260811_184731__rp0p75__vinf25__inc0__toff59132__Om0__om210,1.5236085015927299,0.09339028577284712,25.178046656646224,250.4625904563258,1.6638419106339746,0.0878873880912136,29.425244480965247,307.4698540157676,True,783.9041826414989
20260811_184731__rp0p75__vinf25__inc0__toff59132__Om0__om225,1.5235952694290023,0.09339065370351711,25.17806278957546,250.4596852034798,1.490099774859983,0.0657376002141617,30.974983653247286,251.3333438292287,True,664.3820892141784
20260811_184731__rp0p75__vinf25__inc0__toff59132__Om0__om240,1.5236085124306584,0.09339029121883226,25.178046863652796,250.46259529716892,1.3800178495668958,0.07073932428512159,34.212474049385754,208.0274146145627,True,592.1366576140264
20260811_184731__rp0p75__vinf25__inc0__toff59132__Om0__om255,1.5235952344252646,0.09339066108949791,25.17806277211948,250.45967138284462,1.457973062543103,0.06751303306791615,39.09769185932115,73.78262621991736,True,643.0120955419833
20260811_184731__rp0p75__vinf25__inc0__toff59132__Om0__om270,1.5236018886312097,0.09339047291836221,25.17805482539502,250.46113934640778,2.3443529574418513,0.47850477132511754,38.10489243484627,56.160923412705074,True,1311.0805948283453
20260811_184731__rp0p75__vinf25__inc0__toff59132__Om0__om285,1.5236028915678368,0.09338802255951742,25.17805522152193,250.46103153126572,4.183023983146201,0.697423602011913,36.426403103985585,77.84888994377641,True,3124.8589881566504
20260811_184731__rp0p75__vinf25__inc0__toff59132__Om0__om30,1.5235951491987814,0.09339067907277757,25.17806272961797,250.45963773261235,1.255017665309434,0.22578957675015862,30.626993301892377,229.4567316112273,True,513.5345298002433
20260811_184731__rp0p75__vinf25__inc0__toff59132__Om0__om300,1.523597523269039,0.09339302674662421,25.17805843538602,250.46049938344714,2.928624717719616,0.5434203871470477,51.7870860493469,137.77210988065806,True,1830.5874372826731
20260811_184731__rp0p75__vinf25__inc0__toff59132__Om0__om315,1.523597567516773,0.09339301016135364,25.17805826844954,250.4605163268521,1.9250450887435981,0.5173327562234964,35.0234086778967,131.1061966001231,True,975.5650911391572
20260811_184731__rp0p75__vinf25__inc0__toff59132__Om0__om330,1.5235994839828475,0.09338814135105065,25.178059356335467,250.46026631712317,1.5790572913751693,0.4565135953146748,40.83411985564292,149.5768859512609,True,724.7558397623969
20260811_184731__rp0p75__vinf25__inc0__toff59132__Om0__om345,1.5236009053134694,0.0933929114093269,25.178054237440342,250.4612543370652,1.5226497579570462,0.30137770183090545,46.31711456444191,153.05331385589312,True,686.2698494408736
20260811_184731__rp0p75__vinf25__inc0__toff59132__Om0__om45,1.5235952612018109,0.09339078738657501,25.17806258407091,250.45971286550065,1.1588624673770782,0.2856218932864976,30.39212633501886,222.59270507852332,True,455.6619227644193
20260811_184731__rp0p75__vinf25__inc0__toff59132__Om0__om60,1.523595143111176,0.09339068035729872,25.178062726582144,250.45963532902488,1.19579719751178,0.26692785896291604,30.666240090420988,218.21971401346065,True,477.61855377238913
20260811_184731__rp0p75__vinf25__inc0__toff59132__Om0__om75,1.5235951566238595,0.09339066977363258,25.178062531718055,250.45964010241158,1.3226796035545167,0.19596056915834664,31.18023746431287,226.63275633533445,True,555.6187296066535
20260811_184731__rp0p75__vinf25__inc0__toff59132__Om0__om90,1.5235951370235705,0.0933906816418201,25.178062723546343,250.45963292543738,1.5360073834839287,0.12609956979416628,31.189429672677278,260.26171313782334,True,695.3202014539718
20260811_184731__rp0p75__vinf25__inc0__toff59132__Om180__om0,1.5236019129818488,0.09339046778064437,25.178054837538422,250.46114896087715,2.122272133035067,0.21634731749247052,29.22225000427357,342.4644007016075,True,1129.266642307211
20260811_184731__rp0p75__vinf25__inc0__toff59132__Om180__om105,1.5236028915678368,0.09338802255951742,25.17805522152193,250.46103153126572,4.183023983146201,0.697423602011913,36.426403103985585,77.84888994377641,True,3124.8589881566504
20260811_184731__rp0p75__vinf25__inc0__toff59132__Om180__om120,1.523597523269039,0.09339302674662421,25.17805843538602,250.46049938344714,2.9294925322673655,0.5429313658486613,51.74157413348498,137.73811645176988,True,1831.401161252721
20260811_184731__rp0p75__vinf25__inc0__toff59132__Om180__om135,1.523597567516773,0.09339301016135364,25.17805826844954,250.4605163268521,1.9250450887435981,0.5173327562234964,35.0234086778967,131.1061966001231,True,975.5650911391572
20260811_184731__rp0p75__vinf25__inc0__toff59132__Om180__om15,1.5236084941675212,0.09339029507185749,25.178046854545162,250.46258808623264,1.8823855337045576,0.15642807970425096,28.862494255713944,330.58456343336115,True,943.3172086682576
20260811_184731__rp0p75__vinf25__inc0__toff59132__Om180__om150,1.5235994839828475,0.09338814135105065,25.178059356335467,250.46026631712317,1.5790572913751693,0.4565135953146748,40.83411985564292,149.5768859512609,True,724.7558397623969
20260811_184731__rp0p75__vinf25__inc0__toff59132__Om180__om165,1.5236009053134694,0.0933929114093269,25.178054237440342,250.4612543370652,1.5226497579570462,0.30137770183090545,46.31711456444191,153.05331385589312,True,686.2698494408736
20260811_184731__rp0p75__vinf25__inc0__toff59132__Om180__om180,1.5236019373324885,0.09339046264292916,25.17805484968184,250.4611585753475,1.635603780781908,0.04419760860957439,42.41457994684058,144.22821789752044,True,764.0328839584421
20260811_184731__rp0p75__vinf25__inc0__toff59132__Om180__om195,1.523595173549204,0.09339067393469445,25.178062741761263,250.45964734696298,1.4709523590491016,0.11311193733116875,34.35061550167195,254.12849948702294,True,651.6175955384617
20260811_184731__rp0p75__vinf25__inc0__toff59132__Om180__om210,1.5235951491987814,0.09339067907277757,25.17806272961797,250.45963773261235,1.255017665309434,0.22578957675015862,30.626993301892377,229.4567316112273,True,513.5345298002433
20260811_184731__rp0p75__vinf25__inc0__toff59132__Om180__om225,1.5235952612018109,0.09339078738657501,25.17806258407091,250.45971286550065,1.1588616859751086,0.28562105884468364,30.392126506011316,222.59268234125742,True,455.66146189644667
20260811_184731__rp0p75__vinf25__inc0__toff59132__Om180__om240,1.523595143111176,0.09339068035729872,25.178062726582144,250.45963532902488,1.1957944549892936,0.2669276719989658,30.66624809645011,218.22033683671532,True,477.6169106690995
20260811_184731__rp0p75__vinf25__inc0__toff59132__Om180__om255,1.5235951566238595,0.09339066977363258,25.178062531718055,250.45964010241158,1.3226796035545167,0.19596056915834664,31.18023746431287,226.63275633533445,True,555.6187296066535
20260811_184731__rp0p75__vinf25__inc0__toff59132__Om180__om270,1.5235951370235705,0.0933906816418201,25.178062723546343,250.45963292543738,1.5360075126901824,0.12609955445745036,31.1894289345033,260.2616609023131,True,695.3202891876518
20260811_184731__rp0p75__vinf25__inc0__toff59132__Om180__om285,1.523602869592257,0.09338803106237176,25.178055311364048,250.46102313523295,1.8395560232951467,0.15085284125884663,30.753076148374333,316.1661726749302,True,911.3064002666019
20260811_184731__rp0p75__vinf25__inc0__toff59132__Om180__om30,1.5236085015927299,0.09339028577284712,25.178046656646224,250.4625904563258,1.6638419106339746,0.0878873880912136,29.425244480965247,307.4698540157676,True,783.9041826414989
20260811_184731__rp0p75__vinf25__inc0__toff59132__Om180__om300,1.5235995095209496,0.09338813789565494,25.17805941947163,250.4602765411339,2.1499203605321715,0.23083138709108147,30.141327000655927,336.5414810561499,True,1151.40590208745
20260811_184731__rp0p75__vinf25__inc0__toff59132__Om180__om315,1.5235979561961628,0.09339300196677291,25.178057701510593,250.46059717183982,2.368042923536369,0.2846863456179563,29.55523468586942,342.568546891851,True,1331.0036537444475
20260811_184731__rp0p75__vinf25__inc0__toff59132__Om180__om330,1.523599452507047,0.09338813639376081,25.17805903823518,250.46025304634333,2.3960508227102166,0.28848529220380176,29.071593806776395,344.1903217691624,True,1354.6868989704074
20260811_184731__rp0p75__vinf25__inc0__toff59132__Om180__om345,1.523594204784028,0.09339311322278236,25.178062261859612,250.45976839931552,2.2863580600923146,0.2527307306635665,28.997382482985277,353.17104553943796,True,1262.7322134795897
20260811_184731__rp0p75__vinf25__inc0__toff59132__Om180__om45,1.5235952694290023,0.09339065370351711,25.17806278957546,250.4596852034798,1.490099774859983,0.0657376002141617,30.974983653247286,251.3333438292287,True,664.3820892141784
20260811_184731__rp0p75__vinf25__inc0__toff59132__Om180__om60,1.5236085124306584,0.09339029121883226,25.178046863652796,250.46259529716892,1.3800178495668958,0.07073932428512159,34.212474049385754,208.0274146145627,True,592.1366576140264
20260811_184731__rp0p75__vinf25__inc0__toff59132__Om180__om75,1.5235952344252646,0.09339066108949791,25.17806277211948,250.45967138284462,1.457973062543103,0.06751303306791615,39.09769185932115,73.78262621991736,True,643.0120955419833
20260811_184731__rp0p75__vinf25__inc0__toff59132__Om180__om90,1.5236018886312097,0.09339047291836221,25.17805482539502,250.46113934640778,2.3443529574418513,0.47850477132511754,38.10489243484627,56.160923412705074,True,1311.0805948283453
20260811_184731__rp0p75__vinf25__inc0__toff59132__Om270__om0,1.5236018886312097,0.09339047291836221,25.17805482539502,250.46113934640778,2.3443529574418513,0.47850477132511754,38.10489243484627,56.160923412705074,True,1311.0805948283453
20260811_184731__rp0p75__vinf25__inc0__toff59132__Om270__om105,1.523595173549204,0.09339067393469445,25.178062741761263,250.45964734696298,1.4709523590491016,0.11311193733116875,34.35061550167195,254.12849948702294,True,651.6175955384617
20260811_184731__rp0p75__vinf25__inc0__toff59132__Om270__om120,1.5235951491987814,0.09339067907277757,25.17806272961797,250.45963773261235,1.255017665309434,0.22578957675015862,30.626993301892377,229.4567316112273,True,513.5345298002433
20260811_184731__rp0p75__vinf25__inc0__toff59132__Om270__om135,1.5235952612018109,0.09339078738657501,25.17806258407091,250.45971286550065,1.1588618218852698,0.28562130555372606,30.392126740356524,222.59270844070315,True,455.66154205574253
20260811_184731__rp0p75__vinf25__inc0__toff59132__Om270__om15,1.5236028915678368,0.09338802255951742,25.17805522152193,250.46103153126572,4.183023983146201,0.697423602011913,36.426403103985585,77.84888994377641,True,3124.8589881566504
20260811_184731__rp0p75__vinf25__inc0__toff59132__Om270__om150,1.523595143111176,0.09339068035729872,25.178062726582144,250.45963532902488,1.19579719751178,0.26692785896291604,30.666240090420988,218.21971401346065,True,477.61855377238913
20260811_184731__rp0p75__vinf25__inc0__toff59132__Om270__om165,1.5235951566238595,0.09339066977363258,25.178062531718055,250.45964010241158,1.3226796035545167,0.19596056915834664,31.18023746431287,226.63275633533445,True,555.6187296066535
20260811_184731__rp0p75__vinf25__inc0__toff59132__Om270__om180,1.5235951370235705,0.0933906816418201,25.178062723546343,250.45963292543738,1.5360075126901824,0.12609955445745036,31.1894289345033,260.2616609023131,True,695.3202891876518
20260811_184731__rp0p75__vinf25__inc0__toff59132__Om270__om195,1.523602869592257,0.09338803106237176,25.178055311364048,250.46102313523295,1.8395560232951467,0.15085284125884663,30.753076148374333,316.1661726749302,True,911.3064002666019
20260811_184731__rp0p75__vinf25__inc0__toff59132__Om270__om210,1.5235995095209496,0.09338813789565494,25.17805941947163,250.4602765411339,2.149914470015685,0.23083037149949945,30.14133286404415,336.5418209528682,True,1151.40117002556
20260811_184731__rp0p75__vinf25__inc0__toff59132__Om270__om225,1.5235979561961628,0.09339300196677291,25.178057701510593,250.46059717183982,2.3680542525213752,0.2846795430712642,29.55527114410795,342.56945371199225,True,1331.0132052637557
20260811_184731__rp0p75__vinf25__inc0__toff59132__Om270__om240,1.523599452507047,0.09338813639376081,25.17805903823518,250.46025304634333,2.3960508227102166,0.28848529220380176,29.071593806776395,344.1903217691624,True,1354.6868989704074
20260811_184731__rp0p75__vinf25__inc0__toff59132__Om270__om255,1.523594204784028,0.09339311322278236,25.178062261859612,250.45976839931552,2.2863580600923146,0.2527307306635665,28.997382482985277,353.17104553943796,True,1262.7322134795897
20260811_184731__rp0p75__vinf25__inc0__toff59132__Om270__om270,1.5236019129818488,0.09339046778064437,25.178054837538422,250.46114896087715,2.122272133035067,0.21634731749247052,29.22225000427357,342.4644007016075,True,1129.266642307211
20260811_184731__rp0p75__vinf25__inc0__toff59132__Om270__om285,1.5236084941675212,0.09339029507185749,25.178046854545162,250.46258808623264,1.8823855337045576,0.15642807970425096,28.862494255713944,330.58456343336115,True,943.3172086682576
20260811_184731__rp0p75__vinf25__inc0__toff59132__Om270__om30,1.523597523269039,0.09339302674662421,25.17805843538602,250.46049938344714,2.924453749425456,0.5454911860082247,51.99593670639723,137.9037230197989,True,1826.6781264215158
20260811_184731__rp0p75__vinf25__inc0__toff59132__Om270__om300,1.5236085015927299,0.09339028577284712,25.178046656646224,250.4625904563258,1.6638419106339746,0.0878873880912136,29.425244480965247,307.4698540157676,True,783.9041826414989
20260811_184731__rp0p75__vinf25__inc0__toff59132__Om270__om315,1.5235952694290023,0.09339065370351711,25.17806278957546,250.4596852034798,1.490099774859983,0.0657376002141617,30.974983653247286,251.3333438292287,True,664.3820892141784
20260811_184731__rp0p75__vinf25__inc0__toff59132__Om270__om330,1.5236085124306584,0.09339029121883226,25.178046863652796,250.46259529716892,1.3800178495668958,0.07073932428512159,34.212474049385754,208.0274146145627,True,592.1366576140264
20260811_184731__rp0p75__vinf25__inc0__toff59132__Om270__om345,1.5235952344252646,0.09339066108949791,25.17806277211948,250.45967138284462,1.457973062543103,0.06751303306791615,39.09769185932115,73.78262621991736,True,643.0120955419833
20260811_184731__rp0p75__vinf25__inc0__toff59132__Om270__om45,1.523597567516773,0.09339301016135364,25.17805826844954,250.4605163268521,1.9250451062033893,0.517332738588417,35.02340851613617,131.10619504790643,True,975.5651044114406
20260811_184731__rp0p75__vinf25__inc0__toff59132__Om270__om60,1.5235994839828475,0.09338814135105065,25.178059356335467,250.46026631712317,1.5790572913751693,0.4565135953146748,40.83411985564292,149.5768859512609,True,724.7558397623969
20260811_184731__rp0p75__vinf25__inc0__toff59132__Om270__om75,1.5236009053134694,0.0933929114093269,25.178054237440342,250.4612543370652,1.5226497579570462,0.30137770183090545,46.31711456444191,153.05331385589312,True,686.2698494408736
20260811_184731__rp0p75__vinf25__inc0__toff59132__Om270__om90,1.5236019373324885,0.09339046264292916,25.17805484968184,250.4611585753475,1.635603780781908,0.04419760860957439,42.41457994684058,144.22821789752044,True,764.0328839584421
20260811_184731__rp0p75__vinf25__inc0__toff59132__Om90__om0,1.5235951370235705,0.0933906816418201,25.178062723546343,250.45963292543738,1.5360073834839287,0.12609956979416628,31.189429672677278,260.26171313782334,True,695.3202014539718
20260811_184731__rp0p75__vinf25__inc0__toff59132__Om90__om105,1.5236084941675212,0.09339029507185749,25.178046854545162,250.46258808623264,1.8823855337045576,0.15642807970425096,28.862494255713944,330.58456343336115,True,943.3172086682576
20260811_184731__rp0p75__vinf25__inc0__toff59132__Om90__om120,1.5236085015927299,0.09339028577284712,25.178046656646224,250.4625904563258,1.6638419106339746,0.0878873880912136,29.425244480965247,307.4698540157676,True,783.9041826414989
20260811_184731__rp0p75__vinf25__inc0__toff59132__Om90__om135,1.5235952694290023,0.09339065370351711,25.17806278957546,250.4596852034798,1.490099774859983,0.0657376002141617,30.974983653247286,251.3333438292287,True,664.3820892141784
20260811_184731__rp0p75__vinf25__inc0__toff59132__Om90__om15,1.523602869592257,0.09338803106237176,25.178055311364048,250.46102313523295,1.8395560232951467,0.15085284125884663,30.753076148374333,316.1661726749302,True,911.3064002666019
20260811_184731__rp0p75__vinf25__inc0__toff59132__Om90__om150,1.5236085124306584,0.09339029121883226,25.178046863652796,250.46259529716892,1.3800178495668958,0.07073932428512159,34.212474049385754,208.0274146145627,True,592.1366576140264
20260811_184731__rp0p75__vinf25__inc0__toff59132__Om90__om165,1.5235952344252646,0.09339066108949791,25.17806277211948,250.45967138284462,1.4579730626936565,0.06751303183982273,39.09769194167557,73.78262662790584,True,643.0120956415814
20260811_184731__rp0p75__vinf25__inc0__toff59132__Om90__om180,1.5236018886312097,0.09339047291836221,25.17805482539502,250.46113934640778,2.3443529574418513,0.47850477132511754,38.10489243484627,56.160923412705074,True,1311.0805948283453
20260811_184731__rp0p75__vinf25__inc0__toff59132__Om90__om195,1.5236028915678368,0.09338802255951742,25.17805522152193,250.46103153126572,4.183023983146201,0.697423602011913,36.426403103985585,77.84888994377641,True,3124.8589881566504
20260811_184731__rp0p75__vinf25__inc0__toff59132__Om90__om210,1.523597523269039,0.09339302674662421,25.17805843538602,250.46049938344714,2.928624717719616,0.5434203871470477,51.7870860493469,137.77210988065806,True,1830.5874372826731
20260811_184731__rp0p75__vinf25__inc0__toff59132__Om90__om225,1.523597567516773,0.09339301016135364,25.17805826844954,250.4605163268521,1.9250451062033893,0.517332738588417,35.02340851613617,131.10619504790643,True,975.5651044114406
20260811_184731__rp0p75__vinf25__inc0__toff59132__Om90__om240,1.5235994839828475,0.09338814135105065,25.178059356335467,250.46026631712317,1.5790572913751693,0.4565135953146748,40.83411985564292,149.5768859512609,True,724.7558397623969
20260811_184731__rp0p75__vinf25__inc0__toff59132__Om90__om255,1.5236009053134694,0.0933929114093269,25.178054237440342,250.4612543370652,1.5226497579570462,0.30137770183090545,46.31711456444191,153.05331385589312,True,686.2698494408736
20260811_184731__rp0p75__vinf25__inc0__toff59132__Om90__om270,1.5236019373324885,0.09339046264292916,25.17805484968184,250.4611585753475,1.635603780781908,0.04419760860957439,42.41457994684058,144.22821789752044,True,764.0328839584421
20260811_184731__rp0p75__vinf25__inc0__toff59132__Om90__om285,1.523595173549204,0.09339067393469445,25.178062741761263,250.45964734696298,1.4709523590491016,0.11311193733116875,34.35061550167195,254.12849948702294,True,651.6175955384617
20260811_184731__rp0p75__vinf25__inc0__toff59132__Om90__om30,1.5235995095209496,0.09338813789565494,25.17805941947163,250.4602765411339,2.1499266223726985,0.23083298517446693,30.14130127719039,336.5413007020698,True,1151.410932454288
20260811_184731__rp0p75__vinf25__inc0__toff59132__Om90__om300,1.5235951491987814,0.09339067907277757,25.17806272961797,250.45963773261235,1.255017665309434,0.22578957675015862,30.626993301892377,229.4567316112273,True,513.5345298002433
20260811_184731__rp0p75__vinf25__inc0__toff59132__Om90__om315,1.5235952612018109,0.09339078738657501,25.17806258407091,250.45971286550065,1.1588618218852698,0.28562130555372606,30.392126740356524,222.59270844070315,True,455.66154205574253
20260811_184731__rp0p75__vinf25__inc0__toff59132__Om90__om330,1.523595143111176,0.09339068035729872,25.178062726582144,250.45963532902488,1.1957980158490205,0.26692946663213024,30.666260259005025,218.22059423894376,True,477.61904405592173
20260811_184731__rp0p75__vinf25__inc0__toff59132__Om90__om345,1.5235951566238595,0.09339066977363258,25.178062531718055,250.45964010241158,1.3226796035545167,0.19596056915834664,31.18023746431287,226.63275633533445,True,555.6187296066535
20260811_184731__rp0p75__vinf25__inc0__toff59132__Om90__om45,1.5235979561961628,0.09339300196677291,25.178057701510593,250.46059717183982,2.3680477536795186,0.28468429482605756,29.555240641797386,342.5690850773834,True,1331.0077260575342
20260811_184731__rp0p75__vinf25__inc0__toff59132__Om90__om60,1.523599452507047,0.09338813639376081,25.17805903823518,250.46025304634333,2.3960508227102166,0.28848529220380176,29.071593806776395,344.1903217691624,True,1354.6868989704074
20260811_184731__rp0p75__vinf25__inc0__toff59132__Om90__om75,1.523594204784028,0.09339311322278236,25.178062261859612,250.45976839931552,2.2863580600923146,0.2527307306635665,28.997382482985277,353.17104553943796,True,1262.7322134795897
20260811_184731__rp0p75__vinf25__inc0__toff59132__Om90__om90,1.5236019129818488,0.09339046778064437,25.178054837538422,250.46114896087715,2.122272133035067,0.21634731749247052,29.22225000427357,342.4644007016075,True,1129.266642307211
20260811_184731__rp0p75__vinf25__inc30__toff59132__Om0__om0,1.5236015660814806,0.09339046722196402,25.178052333297348,250.4611169872576,-0.988684116504441,2.36596263039691,2.7897002398167228,13.326931611186067,False,
20260811_184731__rp0p75__vinf25__inc30__toff59132__Om0__om105,1.5235991803228,0.09338812305096948,25.178056783577585,250.46025080114322,1.8682410807452952,0.16830135093776377,23.915431428210915,310.0269654351788,True,932.7049221374234
20260811_184731__rp0p75__vinf25__inc30__toff59132__Om0__om120,1.5235991298445846,0.09338813148543569,25.178057037259386,250.46023074061594,2.1747806930631324,0.24325555590019826,24.09709140378075,327.93551602254075,True,1171.4347299988235
20260811_184731__rp0p75__vinf25__inc30__toff59132__Om0__om135,1.5235975485040412,0.0933930178142771,25.178058121114695,250.46050811153373,2.34841367685831,0.29116543711165693,24.28012616708265,329.5191672253406,True,1314.4885086270244
20260811_184731__rp0p75__vinf25__inc30__toff59132__Om0__om15,1.523602937257521,0.09339048457036533,25.17806127699578,250.46123530841768,2.3187692225298995,0.3821895848057319,22.037596766300123,344.498101498653,True,1289.6776785499897
20260811_184731__rp0p75__vinf25__inc30__toff59132__Om0__om150,1.5235990791238303,0.09338813876456167,25.17805685539335,250.46021045884686,2.1333266369630395,0.2707253604370238,24.974708968603412,316.53178916511393,True,1138.1013183109214
20260811_184731__rp0p75__vinf25__inc30__toff59132__Om0__om165,1.5235953407674128,0.09339310909354977,25.178068422512776,250.45989900304966,1.9819421500751602,0.2532262143992112,24.102161892549105,314.18979359800136,True,1019.1341469325722
20260811_184731__rp0p75__vinf25__inc30__toff59132__Om0__om180,1.5235949104541848,0.09339065392211945,25.17806050235867,250.45964835857848,1.762301346752016,0.18036262050505547,23.988684094826827,298.8381651706844,True,854.5060698388453
20260811_184731__rp0p75__vinf25__inc30__toff59132__Om0__om195,1.5235963635264276,0.09339064802072033,25.178069062365118,250.45979855804728,1.487025379522399,0.21650991624726684,23.345012287016075,264.455724956571,True,662.3270060888292
20260811_184731__rp0p75__vinf25__inc30__toff59132__Om0__om210,1.5235963818734846,0.09339065365498267,25.178069050033923,250.45980646755038,1.2328835931726825,0.323519562131815,22.41037574874104,246.68353579346967,True,500.00920783378336
20260811_184731__rp0p75__vinf25__inc30__toff59132__Om0__om225,1.5235933854888843,0.09339065953178939,25.178051503433863,250.45946864854636,1.0108484277805996,0.491656484770651,20.559495881074103,247.15341275902676,True,371.21366269983486
20260811_184731__rp0p75__vinf25__inc30__toff59132__Om0__om240,1.523596381789274,0.09339064416720975,25.17806907147252,250.45980576882647,0.8129196236116781,0.7133381542798294,17.78772648701771,284.0361571740174,True,267.7110537081887
20260811_184731__rp0p75__vinf25__inc30__toff59132__Om0__om255,1.5236029995559,0.09339047319937963,25.178061084979248,250.46126000956696,1.1502320038350147,0.7267189481210432,34.19743203994196,20.039041814206918,True,450.58119560119195
20260811_184731__rp0p75__vinf25__inc30__toff59132__Om0__om270,1.5236015159585303,0.09339047602427378,25.178052531385433,250.4610970933834,-0.404491057411973,3.540764746026123,5.750905826223562,300.3722058844222,False,
20260811_184731__rp0p75__vinf25__inc30__toff59132__Om0__om285,1.523599206337586,0.09338812054152314,25.178057008893933,250.46026130201955,-1.7106475685479814,1.365370235549503,17.71076426164429,63.44705856414198,False,
20260811_184731__rp0p75__vinf25__inc30__toff59132__Om0__om30,1.523593265258961,0.09339068490155311,25.178051443475617,250.4594211778168,1.3358297069141951,0.2169492415491833,23.810871584691544,256.83825941373334,True,563.9252468319486
20260811_184731__rp0p75__vinf25__inc30__toff59132__Om0__om300,1.523597899346525,0.09339301887561109,25.178060412552004,250.46054076221853,9.108007196502603,0.8800588248125364,22.09751830060248,102.03021770236884,True,10039.91278016925
20260811_184731__rp0p75__vinf25__inc30__toff59132__Om0__om315,1.5235977773200313,0.09339300295425441,25.178057688144456,250.46056188557947,2.1255654148506182,0.6836912865288152,21.495243745598348,139.93396802390953,True,1131.896207779269
20260811_184731__rp0p75__vinf25__inc30__toff59132__Om0__om330,1.5235991130875746,0.09338814629983208,25.17805678433754,250.46022489333754,1.5553298245071523,0.7740797654718116,12.366841740405341,167.21624105457792,True,708.4817087109952
20260811_184731__rp0p75__vinf25__inc30__toff59132__Om0__om345,1.5236005302658295,0.0933929111501916,25.178051841445978,250.46121086746356,1.8749701986769078,0.7919935022560051,44.78286730287036,330.2950082090323,True,937.7486472037035
20260811_184731__rp0p75__vinf25__inc30__toff59132__Om0__om45,1.5236066450760541,0.09339043915748654,25.17803601105618,250.46241722036814,1.173365230991493,0.2989910338945265,23.72784561542744,233.87092527107555,True,464.2423062152772
20260811_184731__rp0p75__vinf25__inc30__toff59132__Om0__om60,1.5235962707905182,0.09339066581514693,25.178069239202816,250.4597618392025,1.1869051880378225,0.2871102818260667,23.731443104211174,226.7727036984022,True,472.3010755724468
20260811_184731__rp0p75__vinf25__inc30__toff59132__Om0__om75,1.523599908706621,0.09339050075649284,25.17804326849518,250.46088499854037,1.317944888976733,0.21756040122328016,23.66413743578191,232.8767495816241,True,552.6380299155245
20260811_184731__rp0p75__vinf25__inc30__toff59132__Om0__om90,1.5235962677888166,0.09339067120128593,25.17806922696564,250.45976098677065,1.5534088889533837,0.14344607273520218,23.738958697513542,263.592227649435,True,707.1695811670837
20260811_184731__rp0p75__vinf25__inc30__toff59132__Om180__om0,1.5235949118758678,0.09339065539525714,25.178060279983843,250.45964902354203,2.247408377082796,0.2520989866617619,27.49519638795401,6.439034875113886,True,1230.602761568914
20260811_184731__rp0p75__vinf25__inc30__toff59132__Om180__om105,1.5235992070484317,0.09338812127809738,25.178056897706547,250.46026163450753,2.126608377902057,0.3921221465229439,24.346033338423968,104.38035192732671,True,1132.7294007145458
20260811_184731__rp0p75__vinf25__inc30__toff59132__Om180__om120,1.5235971453742514,0.09339302286033471,25.17805612966441,250.46045450120312,1.887060143950843,0.41354921709747183,23.98475329624651,128.9664966682639,True,946.8332605671881
20260811_184731__rp0p75__vinf25__inc30__toff59132__Om180__om135,1.5235977769201812,0.09339300253992942,25.178057750687426,250.46056169856746,1.7034719411785626,0.3213513049205822,28.05576522939898,137.71590780619752,True,812.0772966385338
20260811_184731__rp0p75__vinf25__inc30__toff59132__Om180__om15,1.5235963635264276,0.09339064802072033,25.178069062365118,250.45979855804728,2.121268919896648,0.21389795888410823,26.3014427554328,11.89685938261871,True,1128.4660183752505
20260811_184731__rp0p75__vinf25__inc30__toff59132__Om180__om150,1.5235991105996154,0.09338814372182362,25.17805717349347,250.46022372962875,1.5113420733623426,0.2850901647538633,28.63786735487208,158.8774958846048,True,678.639370607176
20260811_184731__rp0p75__vinf25__inc30__toff59132__Om180__om165,1.5236020389242166,0.09339290392396912,25.178060295991997,250.46138372236337,1.390213027702593,0.2581444423188718,29.91402735192397,173.75950771916698,True,598.7105669422024
20260811_184731__rp0p75__vinf25__inc30__toff59132__Om180__om180,1.5236015646597851,0.09339046574880072,25.1780525556723,250.46111632231174,1.3036141774606589,0.2391326448897744,30.53563405220816,185.3153181460575,True,543.6488889705638
20260811_184731__rp0p75__vinf25__inc30__toff59132__Om180__om195,1.523602937257521,0.09339048457036533,25.17806127699578,250.46123530841768,1.2420581193191933,0.24465586053354238,31.04562533480799,193.49141379069525,True,505.60081992399734
20260811_184731__rp0p75__vinf25__inc30__toff59132__Om180__om210,1.5235962797215037,0.09339066747693572,25.178068797489207,250.4597655727124,1.2028315322055596,0.2554379843692679,31.928711312440026,196.4647799089788,True,481.83916686412664
20260811_184731__rp0p75__vinf25__inc30__toff59132__Om180__om225,1.523606646497759,0.09339044063066461,25.17803578868096,250.46241788530028,1.1972831655766316,0.24306159850326875,33.25166679995334,197.5696396417923,True,478.50910573312154
20260811_184731__rp0p75__vinf25__inc30__toff59132__Om180__om240,1.5235962722122036,0.09339066728829439,25.178069016828125,250.45976250416146,1.2472868232779288,0.19812044347952912,34.50725772597932,200.1200862525016,True,508.796826521268
20260811_184731__rp0p75__vinf25__inc30__toff59132__Om180__om255,1.5236029217537017,0.09339048188214284,25.178060844577846,250.46122872884595,1.3578074582606747,0.12427701573062136,35.124000367169266,209.17819727895224,True,577.8993116118426
20260811_184731__rp0p75__vinf25__inc30__toff59132__Om180__om270,1.5235947619766443,0.09339068138565881,25.178060327512995,250.45958945380437,1.5284009196879484,0.04986551485735613,35.118873979167944,259.9532108814333,True,690.1616572096093
20260811_184731__rp0p75__vinf25__inc30__toff59132__Om180__om285,1.5235991796119546,0.09338812231439533,25.17805689476499,250.46025046865515,1.741701545681285,0.09905836136788852,34.36638212711156,339.1616023310867,True,839.567267444155
20260811_184731__rp0p75__vinf25__inc30__toff59132__Om180__om30,1.5235933674105377,0.09339067107890811,25.178051696020358,250.4594620725139,1.9763334366346064,0.16931062106006237,25.317916267220458,15.132763634453184,True,1014.8111255585592
20260811_184731__rp0p75__vinf25__inc30__toff59132__Om180__om300,1.5235998838173754,0.09338812750098523,25.178061320150007,250.46031700989568,1.973933859533439,0.17940008932620777,33.201846902182346,354.73782621828644,True,1012.9634781492284
20260811_184731__rp0p75__vinf25__inc30__toff59132__Om180__om315,1.5235975489038909,0.09339301822860177,25.178058058571743,250.46050829854596,2.1729889417576858,0.2377116242472522,31.829097848723425,0.44875093961712453,True,1169.9873514140074
20260811_184731__rp0p75__vinf25__inc30__toff59132__Om180__om330,1.5235990816117895,0.09338814134256966,25.1780564662374,250.46021162255607,2.297760235236994,0.2711722637670127,30.34212118854487,4.5217344248109015,True,1272.1899379464528
20260811_184731__rp0p75__vinf25__inc30__toff59132__Om180__om345,1.5235938321122642,0.0933931163316897,25.178059967812814,250.45972614839008,2.300278685605365,0.2679607407320853,28.928531413839366,7.003662509855254,True,1274.2820785405393
20260811_184731__rp0p75__vinf25__inc30__toff59132__Om180__om45,1.5235933840672042,0.09339065805866288,25.178051725808835,250.45946798357738,1.8379864319739712,0.12005636310959981,24.726692184335985,24.824872985501887,True,910.1402981423224
20260811_184731__rp0p75__vinf25__inc30__toff59132__Om180__om60,1.5235963803675883,0.09339064269406142,25.178069293847216,250.45980510386798,1.730718647717626,0.09669185068508321,24.69927721729433,44.4204534520767,True,831.6385296119115
20260811_184731__rp0p75__vinf25__inc30__toff59132__Om180__om75,1.5235999865085115,0.09339049207320102,25.17804350889643,250.46091627916553,1.7044330340461327,0.13242254494890165,25.33230886694495,66.69759097080104,True,812.7646502908763
20260811_184731__rp0p75__vinf25__inc30__toff59132__Om180__om90,1.523603021774027,0.09339046585195979,25.17806143068481,250.4612686266409,1.8445932273787937,0.24628763838081247,25.746236411142274,77.13309117143888,True,915.0520682120879
20260811_184731__rp0p75__vinf25__inc30__toff59132__Om270__om0,1.5236014686789745,0.09339048777291974,25.17805228472358,250.4610785294057,1.4822514510577998,0.25490407486378486,28.374834703170126,135.81140670934028,True,659.140077306322
20260811_184731__rp0p75__vinf25__inc30__toff59132__Om270__om105,1.523594813763372,0.09339067521106957,25.17806034259795,250.45961023366704,1.2327912526726668,0.2878190249923698,28.912227169116743,229.65421031222235,True,499.95303436049915
20260811_184731__rp0p75__vinf25__inc30__toff59132__Om270__om120,1.5235948545994902,0.09339066437797623,25.178060641817307,250.45962622756957,1.1532785635820817,0.31949301672075847,26.64495067210877,222.18556074978937,True,452.37252694901656
20260811_184731__rp0p75__vinf25__inc30__toff59132__Om270__om135,1.523595167158574,0.0933906697422351,25.17806236131804,250.45964344790343,1.1476237563932474,0.32945102455966824,26.84084173366082,216.62600115569455,True,449.0494688322651
20260811_184731__rp0p75__vinf25__inc30__toff59132__Om270__om15,1.523603068811136,0.09339045294811923,25.178061241798293,250.46128696945075,1.4796123273078476,0.3419884322271657,27.3431834241976,141.37097329537932,True,657.3804794082758
20260811_184731__rp0p75__vinf25__inc30__toff59132__Om270__om150,1.5235947697284706,0.09339068272961287,25.178060543721966,250.459592743599,1.2320761101966007,0.2847976851705964,28.09344317092128,215.95276778079594,True,499.5180631601408
20260811_184731__rp0p75__vinf25__inc30__toff59132__Om270__om165,1.5235964387103451,0.09339063481641009,25.178068765232656,250.45982839860494,1.3790540854458158,0.19684386926275402,30.137031988716096,224.66231680349642,True,591.5164695301603
20260811_184731__rp0p75__vinf25__inc30__toff59132__Om270__om180,1.523593856462645,0.09339311119362216,25.178059979956156,250.45973576248872,1.6046684997956961,0.09511533912128431,32.139325416715764,271.36777456031217,True,742.4596962628231
20260811_184731__rp0p75__vinf25__inc30__toff59132__Om270__om195,1.5236030468355513,0.09339046145089011,25.178061331640702,250.46127857359772,1.864636683912961,0.14300618385188044,32.24078381726308,307.2560154944081,True,930.0070235515378
20260811_184731__rp0p75__vinf25__inc30__toff59132__Om270__om210,1.5235987559449016,0.09339300133401159,25.17806475574229,250.46066811147213,2.0774592653230624,0.19387083399068958,32.5128316400691,326.5406479468456,True,1093.6885557470187
20260811_184731__rp0p75__vinf25__inc30__toff59132__Om270__om225,1.5235962231075006,0.09339298368986187,25.178046692312062,250.4604407493523,2.173425945710418,0.21675912749209475,32.52157220889123,333.36889423008404,True,1170.3403086650917
20260811_184731__rp0p75__vinf25__inc30__toff59132__Om270__om240,1.5235986488082949,0.0933930086342494,25.178064572593524,250.4606247246711,2.146596951137968,0.20125233312185667,32.354581832832174,336.65357699341706,True,1148.7371190484669
20260811_184731__rp0p75__vinf25__inc30__toff59132__Om270__om255,1.5235964427496433,0.09339064080995882,25.178069080391918,250.45983050348298,2.03745903481199,0.17561001035324908,32.099402535611624,337.0528114706676,True,1062.2536222339668
20260811_184731__rp0p75__vinf25__inc30__toff59132__Om270__om270,1.5236015768350997,0.09339046317993405,25.178052561744,250.46112112954455,1.905189392497649,0.1194457237853143,31.74770421025907,347.249625481428,True,960.510517220461
20260811_184731__rp0p75__vinf25__inc30__toff59132__Om270__om285,1.5236081093186777,0.09339030074360752,25.17804455450157,250.4625410258732,1.7685832796106205,0.06315654627814968,31.369674945270077,349.1326506283745,True,859.0791219479095
20260811_184731__rp0p75__vinf25__inc30__toff59132__Om270__om30,1.5235956197274965,0.09339304443631186,25.17804734117007,250.46027566203844,1.4236426061635392,0.42610806786360017,27.081043811088314,152.4598896788198,True,620.4350977542593
20260811_184731__rp0p75__vinf25__inc30__toff59132__Om270__om300,1.5236088057314825,0.09339029984947644,25.17804877428153,250.46260392426507,1.6612769135521472,0.022224316464194226,30.757828626030932,52.984254943772825,True,782.0921684156582
20260811_184731__rp0p75__vinf25__inc30__toff59132__Om270__om315,1.5235952377503208,0.0933906630780726,25.17806253538178,250.45967191087195,1.5718005303890472,0.060083789514683995,30.174939312213056,129.80769657414066,True,719.7655210871486
20260811_184731__rp0p75__vinf25__inc30__toff59132__Om270__om330,1.5236081415343594,0.09339029616335838,25.17804429171217,250.46255387525338,1.509268615086316,0.1186192793559366,29.647152407749214,137.52912081126965,True,677.2432792999301
20260811_184731__rp0p75__vinf25__inc30__toff59132__Om270__om345,1.5235949104541848,0.09339065392211945,25.17806050235867,250.45964835857848,1.4803416500743452,0.18238513612656818,29.121324342045014,136.47109073420293,True,657.8665881178945
20260811_184731__rp0p75__vinf25__inc30__toff59132__Om270__om45,1.5235976488041048,0.09338813752600743,25.178048380687635,250.46006907786352,1.3018357834495646,0.49755262624011876,29.77095505178107,168.98577577028283,True,542.5367975235226
20260811_184731__rp0p75__vinf25__inc30__toff59132__Om270__om60,1.5235987275634444,0.09339300184294021,25.17806513735578,250.46065655812725,1.218937544606647,0.5002984409265111,36.70220966276634,183.71753948053487,True,491.5492902182448
20260811_184731__rp0p75__vinf25__inc30__toff59132__Om270__om75,1.5236000328345864,0.093390478432465,25.178043431198276,250.46093428939076,1.2719696791033668,0.35593106391113977,39.546215279412316,201.1157513693367,True,523.9743536219505
20260811_184731__rp0p75__vinf25__inc30__toff59132__Om270__om90,1.5236030461247023,0.09339046071430304,25.17806144282812,250.46127824112745,1.3126554929145888,0.25723268111202247,34.16265825139709,222.91263292472902,True,549.3144616206034
20260811_184731__rp0p75__vinf25__inc30__toff59132__Om90__om0,1.5235938578843258,0.09339311266676113,25.178059757581234,250.4597364274313,1.4621460001300526,0.15210672803784592,30.39078923867051,261.4477563640092,True,645.7746655050008
20260811_184731__rp0p75__vinf25__inc30__toff59132__Om90__om105,1.5236081100295313,0.09339030148020161,25.17804444331403,250.46254135833743,1.7438474002254818,0.19037843800223056,26.555902256671313,294.69029964278485,True,841.119322131392
20260811_184731__rp0p75__vinf25__inc30__toff59132__Om90__om120,1.5236080517566575,0.09339030382535551,25.178044491507286,250.46251765900286,1.450024996501918,0.2222164713455453,28.96537245628362,255.5989003040794,True,637.7612463940704
20260811_184731__rp0p75__vinf25__inc30__toff59132__Om90__om135,1.5235952373504724,0.09339066266375196,25.17806259792471,250.45967172385127,1.1636477284252744,0.3716246701789523,34.0827475502693,230.079564318899,True,458.4871639326461
20260811_184731__rp0p75__vinf25__inc30__toff59132__Om90__om15,1.5236030468355513,0.09339046145089011,25.178061331640702,250.46127857359772,1.6972981029496865,0.14847555635262297,29.05275046214788,303.07529161951993,True,807.6665209436912
20260811_184731__rp0p75__vinf25__inc30__toff59132__Om90__om150,1.5236081390463707,0.09339029358527884,25.17804468086855,250.4625527116285,0.8966781009539513,0.6565273606513717,47.359066170199604,218.6391506155044,True,310.13425481134357
20260811_184731__rp0p75__vinf25__inc30__toff59132__Om90__om165,1.5235964191100222,0.09339064668454079,25.17806895706135,250.45982122158813,1.437136310275902,0.9843844828592127,55.15119865274894,344.17911513052735,True,629.2769668724442
20260811_184731__rp0p75__vinf25__inc30__toff59132__Om90__om180,1.5236014672572793,0.09339048629975724,25.178052507098553,250.46107786445938,-0.6722661382683539,2.0421664308403065,29.41543005754066,160.40329939642226,False,
20260811_184731__rp0p75__vinf25__inc30__toff59132__Om90__om195,1.523603068811136,0.09339045294811923,25.178061241798293,250.46128696945075,-13.136949575649336,1.1011575774819948,20.780993738129535,133.23582201619112,False,
20260811_184731__rp0p75__vinf25__inc30__toff59132__Om90__om210,1.5235986341922227,0.09339302702304257,25.17806469502594,250.46062004057805,3.2886876107694745,0.730211469138964,21.340861732256933,130.2448467296562,True,2178.355846799906
20260811_184731__rp0p75__vinf25__inc30__toff59132__Om90__om225,1.5235976502257929,0.09338813899914448,25.178048158312695,250.46006974284512,2.1297447390985185,0.5994532085592046,29.57699566062585,133.08228329122034,True,1135.2361796764126
20260811_184731__rp0p75__vinf25__inc30__toff59132__Om90__om240,1.5235987289851345,0.09339300331610327,25.17806491498095,250.46065722305548,1.839783563821506,0.5385666883440823,37.64078917162859,143.84224889243833,True,911.4754890691125
20260811_184731__rp0p75__vinf25__inc30__toff59132__Om90__om255,1.5236030458821581,0.09339045955894772,25.17806100728013,250.46127801990366,1.9384987134643101,0.513802632883167,48.713181312981625,128.69545085368915,True,985.8098835671342
20260811_184731__rp0p75__vinf25__inc30__toff59132__Om90__om270,1.5236015403091574,0.09339047088653595,25.178052543528867,250.46110670784702,6.816545754464149,0.7553538902302175,47.90895523822969,65.30887836219541,True,6500.420085769144
20260811_184731__rp0p75__vinf25__inc30__toff59132__Om90__om285,1.5235948130525307,0.09339067447450118,25.178060453785367,250.45960990118502,3.8964097878171478,0.5637959679452276,34.27906931269147,12.140617367854885,True,2809.25932273576
20260811_184731__rp0p75__vinf25__inc30__toff59132__Om90__om30,1.5235957414796935,0.09339301874646787,25.178047401887625,250.46032373270543,1.9780137408656382,0.20367055730490236,27.57709252226355,330.0560440180878,True,1016.1056089101261
20260811_184731__rp0p75__vinf25__inc30__toff59132__Om90__om300,1.52359560857128,0.0933906603905229,25.178064924744707,250.4597124926879,1.671069762486302,0.1573444305608255,29.231889258511945,315.71668402335655,True,789.0177323122225
20260811_184731__rp0p75__vinf25__inc30__toff59132__Om90__om315,1.5235951675584223,0.09339067015655546,25.178062298775124,250.4596436349243,1.306981399573463,0.18441975650596767,30.10740794803439,244.02115901347312,True,545.7566078575039
20260811_184731__rp0p75__vinf25__inc30__toff59132__Om90__om330,1.5235947722164156,0.0933906853076017,25.17806015456601,250.4595939072863,1.2560584339588003,0.21843254272027074,31.098513956488677,233.50345368625966,True,514.1734627559833
20260811_184731__rp0p75__vinf25__inc30__toff59132__Om90__om345,1.523594930054469,0.09339064205392818,25.178060310530558,250.4596555355521,1.3108050412067358,0.1988722529918194,31.23928353173218,239.87574667584923,True,548.1533173922503
20260811_184731__rp0p75__vinf25__inc30__toff59132__Om90__om45,1.5235962216858152,0.09339298221671834,25.17804691468718,250.46044008441496,2.2200557819333766,0.26152316361097466,26.316954010532978,339.32412999103184,True,1208.2052612645018
20260811_184731__rp0p75__vinf25__inc30__toff59132__Om90__om60,1.5235986473866052,0.09339300716108702,25.178064794968392,250.46062405974234,2.307893155740778,0.28348419238738953,25.413306504141605,338.40966808841785,True,1280.6145774654483
20260811_184731__rp0p75__vinf25__inc30__toff59132__Om90__om75,1.523593429708136,0.09339065970660462,25.178051504004017,250.45948677330168,2.2651916536685857,0.27736214028283224,25.135876282278026,335.90567904842914,True,1245.2378744573773
20260811_184731__rp0p75__vinf25__inc30__toff59132__Om90__om90,1.5236030826507168,0.09339045300782277,25.178061461043054,250.46129266285925,2.026008931572872,0.22724616993695043,25.406500907838247,323.4432456665842,True,1053.3117423321598
20260811_184731__rp0p75__vinf25__inc60__toff59132__Om0__om0,1.5235997524563638,0.09339054298062366,25.17806544364406,250.4605571290491,1.4498857483544711,0.13770488209723447,13.907175322902482,193.92800259611306,True,637.6693807984597
20260811_184731__rp0p75__vinf25__inc60__toff59132__Om0__om105,1.5235991791352608,0.09338812136843232,25.17805673258479,250.46025019178853,1.8245479627235646,0.139093550899857,18.09325808449763,322.2767356064216,True,900.1768063412723
20260811_184731__rp0p75__vinf25__inc60__toff59132__Om0__om120,1.5235998865436844,0.09338813055198496,25.17806101208431,250.46031831203254,2.1111015821748476,0.21970755435468375,19.112907104990366,336.8217242351528,True,1120.362564993117
20260811_184731__rp0p75__vinf25__inc60__toff59132__Om0__om135,1.5235977558212932,0.09339301240316232,25.178057940167104,250.46055376687988,2.334720195561643,0.2763275525282037,20.180512643717886,341.9474237753136,True,1303.0082107129224
20260811_184731__rp0p75__vinf25__inc60__toff59132__Om0__om15,1.5235963140405442,0.09339067538038764,25.178068670840844,250.45978017303807,1.345044293066562,0.15261383398515513,17.5720701911198,230.7703527679597,True,569.7702530301107
20260811_184731__rp0p75__vinf25__inc60__toff59132__Om0__om150,1.5235990833972939,0.09338814454874456,25.178056897184312,250.46021261940112,2.4097222366869984,0.2944532852178947,21.164434244289524,344.21243607555556,True,1366.2978039384416
20260811_184731__rp0p75__vinf25__inc60__toff59132__Om0__om165,1.5235986514175237,0.09339301178995743,25.178064401211618,250.4606259989077,2.5580897889404066,0.3253901164714535,22.187115131050994,346.855883470402,True,1494.405882949082
20260811_184731__rp0p75__vinf25__inc60__toff59132__Om0__om180,1.5235967188580761,0.09339057184187957,25.178047734876888,250.4602056678996,2.199506887691577,0.24265966394480984,22.734330999790167,347.7238164883786,True,1191.4693691473242
20260811_184731__rp0p75__vinf25__inc60__toff59132__Om0__om195,1.5235999789149635,0.09339048239670768,25.178043749676096,250.46091251195094,2.025659818641734,0.18841571196178816,22.923923617022982,359.38446391921036,True,1053.0395010040947
20260811_184731__rp0p75__vinf25__inc60__toff59132__Om0__om210,1.5236030117312367,0.09339047063054981,25.178061091050903,250.4612648168094,1.8301017375181388,0.11753406688023067,23.135611259621463,3.394053608442655,True,904.2900293347071
20260811_184731__rp0p75__vinf25__inc60__toff59132__Om0__om225,1.5235970025564964,0.09339049652217891,25.178026404790344,250.46058349236847,1.6620576696669922,0.05690904671877556,23.048702354862485,15.169927699365562,True,782.6435770728606
20260811_184731__rp0p75__vinf25__inc60__toff59132__Om0__om240,1.5236030123578745,0.09339046187931627,25.17806100130266,250.46126445068995,1.556180480401811,0.03216740296383054,22.5221954463597,82.91303216936399,True,709.0630225871693
20260811_184731__rp0p75__vinf25__inc60__toff59132__Om0__om255,1.5235999827117375,0.09339048723495427,25.178043629286236,250.46091439555835,1.6197586312592112,0.13019777506170727,21.451502101926515,103.04390235643366,True,752.957297314489
20260811_184731__rp0p75__vinf25__inc60__toff59132__Om0__om270,1.523599702801836,0.09339055136436188,25.17806509499694,250.4605373464804,2.1945345483511227,0.4124783797217515,20.082336708928757,91.67155810099096,True,1187.431391002057
20260811_184731__rp0p75__vinf25__inc60__toff59132__Om0__om285,1.5235992056267404,0.09338811980494889,25.17805712008134,250.46026096953153,2.943304582248953,0.4620388949665,20.47968398528256,77.9040113223306,True,1844.368525004953
20260811_184731__rp0p75__vinf25__inc60__toff59132__Om0__om30,1.5235962820965734,0.09339067084199497,25.178068899475168,250.45976679139272,1.2290966077088858,0.2244846021937607,19.37254468907723,234.23537929422707,True,497.70719878270086
20260811_184731__rp0p75__vinf25__inc60__toff59132__Om0__om300,1.5235978985144092,0.09339301756135733,25.178060305965403,250.46054031914088,2.1740117117132582,0.5756660099861296,17.328772470449273,92.68206949944371,True,1170.8134729944304
20260811_184731__rp0p75__vinf25__inc60__toff59132__Om0__om315,1.5235977253455368,0.09339300402946465,25.17805768950544,250.46055038868377,1.8342227751538673,0.44465508433533746,16.979878217681524,128.15498842289747,True,907.3461793992436
20260811_184731__rp0p75__vinf25__inc60__toff59132__Om0__om330,1.523599107981994,0.09338813920139871,25.17805663596008,250.460222289673,1.5762507672389783,0.36591043303589865,14.187432342807805,149.1167589721948,True,722.8244905622072
20260811_184731__rp0p75__vinf25__inc60__toff59132__Om0__om345,1.5235987280317467,0.09339300142417409,25.17806459062021,250.4606566693689,1.4886485543991907,0.25205484152474256,12.115122061106007,169.43362714028,True,663.4117547697037
20260811_184731__rp0p75__vinf25__inc60__toff59132__Om0__om45,1.5236030363018545,0.09339061253953196,25.178060758138464,250.46130647600972,1.1800231123299059,0.2560482978252487,19.069553865800426,230.15091771297867,True,468.1991951318955
20260811_184731__rp0p75__vinf25__inc60__toff59132__Om0__om60,1.5235962807590993,0.09339067885661924,25.178069100411264,250.45976682516164,1.2219434267631355,0.23204708269875068,18.152988285715836,230.32985685733613,True,493.3686407303584
20260811_184731__rp0p75__vinf25__inc60__toff59132__Om0__om75,1.523593282184263,0.09339068906253754,25.1780516535183,250.4594284223793,1.3465128321322997,0.1619786861185265,17.400623444277425,236.03796577619525,True,570.7036329488902
20260811_184731__rp0p75__vinf25__inc60__toff59132__Om0__om90,1.5235965751303253,0.09339060603495962,25.178047764001285,250.46014920029074,1.5530304970167434,0.09922778037571169,17.396846107714833,273.32679433149355,True,706.9112097492399
20260811_184731__rp0p75__vinf25__inc60__toff59132__Om180__om0,1.5235997304808748,0.09339055148354385,25.17806553348662,250.4605487332749,2.0247449788188363,0.20673239747527913,26.200814249382148,18.977471778650735,True,1052.3262121657403
20260811_184731__rp0p75__vinf25__inc60__toff59132__Om180__om105,1.5235992070484317,0.09338812127809738,25.178056897706547,250.46026163450753,1.8513238508668732,0.2291157739938743,19.803143256788378,105.1148346731655,True,920.0649504196066
20260811_184731__rp0p75__vinf25__inc60__toff59132__Om180__om120,1.52359790029152,0.09339301940280363,25.178060027996757,250.46054115030495,1.838799898845457,0.27550604197091955,16.701301450481022,163.82974476847392,True,910.7445878812761
20260811_184731__rp0p75__vinf25__inc60__toff59132__Om180__om135,1.5235977243681265,0.0933930030166704,25.178057842388213,250.46054993154303,1.5237147108789388,0.2165078884865263,20.79502043220572,164.74904926319726,True,686.9899489112091
20260811_184731__rp0p75__vinf25__inc60__toff59132__Om180__om15,1.5236029976491143,0.09339046941549554,25.178060436258082,250.46125890217817,1.9851401361270822,0.18775106785468612,24.520833300705245,19.66654731372712,True,1021.6017955121794
20260811_184731__rp0p75__vinf25__inc60__toff59132__Om180__om150,1.523599106560303,0.09338813772825111,25.178056858334905,250.4602216246964,1.3976865357558208,0.25078721620753053,21.526543626558034,181.3180455870893,True,603.5448724474419
20260811_184731__rp0p75__vinf25__inc60__toff59132__Om180__om165,1.5235987280317467,0.09339300142417409,25.17806459062021,250.4606566693689,1.3077388712501445,0.2780492854265435,23.092513811677602,184.31101959035462,True,546.2311230997977
20260811_184731__rp0p75__vinf25__inc60__toff59132__Om180__om180,1.5235967408334783,0.09339056333881786,25.17804764503504,250.46021406360785,1.255069013642541,0.29065817325178056,25.478203697373456,182.46600772603347,True,513.5660465818928
20260811_184731__rp0p75__vinf25__inc60__toff59132__Om180__om195,1.5235932953128255,0.09339068838535874,25.178051983950493,250.45943378327166,1.225475272268092,0.29270133557210776,28.299573412889355,179.5862951493837,True,495.50919848754
20260811_184731__rp0p75__vinf25__inc60__toff59132__Om180__om210,1.5235962820965734,0.09339067084199497,25.178068899475168,250.45976679139272,1.2299618356305295,0.27076031323020444,30.984727172790112,176.03794909592847,True,498.2328359941234
20260811_184731__rp0p75__vinf25__inc60__toff59132__Om180__om225,1.5235970038296798,0.0933906436656858,25.178026607229025,250.46061602867175,1.2589814631082459,0.23061486817902657,32.98122474466148,171.9476925201441,True,515.969340278739
20260811_184731__rp0p75__vinf25__inc60__toff59132__Om180__om240,1.5235962800482568,0.09339067812004549,25.178069211598608,250.45976649268218,1.3237425177582889,0.1709150605904642,34.34557664792211,168.6059393574223,True,556.2886125506672
20260811_184731__rp0p75__vinf25__inc60__toff59132__Om180__om255,1.523593282184263,0.09339068906253754,25.1780516535183,250.4594284223793,1.414575005439545,0.10138500339084473,34.87682355568527,158.27843243803437,True,614.5169445635802
20260811_184731__rp0p75__vinf25__inc60__toff59132__Om180__om270,1.523599588174247,0.09339058714883161,25.178065340238188,250.4604929303219,1.5285896331738424,0.04344670596854378,34.6449266884573,111.66266465560133,True,690.2894837805478
20260811_184731__rp0p75__vinf25__inc60__toff59132__Om180__om285,1.5235991777135698,0.09338811989528416,25.178056954959615,250.46024952681228,1.65790288133457,0.07217659152448724,33.89217045670428,37.6520787807573,True,779.7107497729708
20260811_184731__rp0p75__vinf25__inc60__toff59132__Om180__om30,1.5236030117312367,0.09339047063054981,25.178061091050903,250.4612648168094,1.914341330445606,0.1610979092449062,22.955510237278755,20.138975129174565,True,967.4398133289363
20260811_184731__rp0p75__vinf25__inc60__toff59132__Om180__om300,1.5235998847665688,0.09338812871054324,25.178061290052753,250.46031748081538,1.7881970208799525,0.1285831144824377,32.71133078134291,22.763400649896226,True,873.4095632759019
20260811_184731__rp0p75__vinf25__inc60__toff59132__Om180__om315,1.5235977567987038,0.0933930134159565,25.178057787284313,250.46055422402054,1.9035127964136767,0.17239371495606776,31.258962678076532,19.224712292408004,True,959.2429000734222
20260811_184731__rp0p75__vinf25__inc60__toff59132__Om180__om330,1.5235990848189847,0.09338814602189197,25.1780566748095,250.4602132843778,1.9875445888560601,0.1999850359204996,29.636131919769266,17.9695207462498,True,1023.4584429412371
20260811_184731__rp0p75__vinf25__inc60__toff59132__Om180__om345,1.5235986514175237,0.09339301178995743,25.178064401211618,250.4606259989077,2.0250647535267583,0.21029742161187376,27.933199164282073,18.412332236930435,True,1052.575518075917
20260811_184731__rp0p75__vinf25__inc60__toff59132__Om180__om45,1.5236030350282996,0.09339046539522732,25.178060555699847,250.46127394163636,1.8360139362263055,0.12512666135917358,21.661090491205375,23.829656342902098,True,908.6755706886032
20260811_184731__rp0p75__vinf25__inc60__toff59132__Om180__om60,1.5236030130687235,0.09339046261590318,25.178060890115255,250.46126478316046,1.7683232693394553,0.10260953813356255,20.779080882861617,36.06487270075311,True,858.8896811779176
20260811_184731__rp0p75__vinf25__inc60__toff59132__Om180__om75,1.5235999827117375,0.09339048723495427,25.178043629286236,250.46091439555835,1.7532018546740427,0.11789868561002564,20.492968113410303,58.83687298734422,True,847.8963670354862
20260811_184731__rp0p75__vinf25__inc60__toff59132__Om180__om90,1.5235966897574604,0.09339057024974,25.178047518762654,250.4601936161606,1.8230109600720037,0.18284053174746304,20.41589886193011,78.23515019197036,True,899.0395799617597
20260811_184731__rp0p75__vinf25__inc60__toff59132__Om270__om0,1.523603088027537,0.09339045098682273,25.178061575266312,250.46129473401123,1.41414505655253,0.27384387061494186,22.800137853601047,156.56070123248563,True,614.2367995043231
20260811_184731__rp0p75__vinf25__inc60__toff59132__Om270__om105,1.5235949111650262,0.09339065465868832,25.178060391171247,250.4596486910603,1.2588827237932592,0.2831444685807616,24.336876153495744,239.88673357046707,True,515.9086418549098
20260811_184731__rp0p75__vinf25__inc60__toff59132__Om270__om120,1.5235956563608786,0.09339065296638796,25.178064613951165,250.45973151705533,1.218421793282037,0.30197756235613676,22.759206809709156,233.80526370204825,True,491.2373500618236
20260811_184731__rp0p75__vinf25__inc60__toff59132__Om270__om135,1.5235951645647288,0.0933906699016811,25.178062408824086,250.45964240109737,1.237476979372717,0.30037992108168393,23.520461606557845,227.08282545987385,True,502.80615476324226
20260811_184731__rp0p75__vinf25__inc60__toff59132__Om270__om15,1.5236030121995423,0.09339047021178153,25.17806054431549,250.4612649280559,1.3310983957269837,0.34475327595347827,19.933639629108725,166.2401708390942,True,560.9318915676531
20260811_184731__rp0p75__vinf25__inc60__toff59132__Om270__om150,1.5235948982789775,0.09339065649116492,25.178060496287,250.4596435514033,1.318468187614799,0.2681910129554664,25.87829438549554,225.22708725166817,True,552.9672054018243
20260811_184731__rp0p75__vinf25__inc60__toff59132__Om270__om165,1.5235964136490383,0.09339063921784407,25.17806886427681,250.45981845175135,1.4433125196092507,0.20864651377254448,28.740969985729453,232.0358527858318,True,633.3378749596933
20260811_184731__rp0p75__vinf25__inc60__toff59132__Om270__om180,1.5235933856733128,0.09339066722527738,25.178051705127935,250.45946928325884,1.599872560148778,0.1615806726030485,31.059632858313083,250.04817349904482,True,739.1336541593414
20260811_184731__rp0p75__vinf25__inc60__toff59132__Om270__om195,1.5235998984381123,0.09339050710929413,25.17804391114416,250.46088129873198,1.736052099885614,0.1432075863283066,32.67566601663664,271.8447299954487,True,835.4857058083321
20260811_184731__rp0p75__vinf25__inc60__toff59132__Om270__om210,1.5235997612374503,0.09339055433966975,25.178065253859128,250.46056150558906,1.8000434761361788,0.13752478825838405,33.71403780560247,283.25716842824875,True,882.1031731326275
20260811_184731__rp0p75__vinf25__inc60__toff59132__Om270__om225,1.5235940306143472,0.09339059191322444,25.178029857259446,250.45991729818698,1.7829841680331184,0.12204210677032892,34.45204921508726,281.9743912633911,True,869.5931752629115
20260811_184731__rp0p75__vinf25__inc60__toff59132__Om270__om240,1.523599642636264,0.09339056494553902,25.1780649534514,250.46051364288496,1.7262434616292321,0.09260107621635835,35.032147422296234,272.10861060460917,True,828.4150158257813
20260811_184731__rp0p75__vinf25__inc60__toff59132__Om270__om255,1.523593306534626,0.09339068392435446,25.178051665661716,250.4594380367021,1.6714139357348052,0.055486295802480476,35.23898408076347,251.16104852977824,True,789.261503802998
20260811_184731__rp0p75__vinf25__inc60__toff59132__Om270__om270,1.5236030042218704,0.09339047044179094,25.178061310389896,250.4612617482472,1.6312153524002584,0.03721550055920623,34.819771631172976,188.1608951583039,True,760.9600246155828
20260811_184731__rp0p75__vinf25__inc60__toff59132__Om270__om285,1.5236081999234692,0.09339028074182149,25.17804471122744,250.4625767480731,1.6076764904628456,0.06812171315810242,33.9068145151574,140.29773869270343,True,744.548312799653
20260811_184731__rp0p75__vinf25__inc60__toff59132__Om270__om30,1.52359973688688,0.09339055947749995,25.178065241715863,250.46055189115884,1.2197576884226948,0.44748394298667604,17.51517595101018,178.56089527381172,True,492.0454709906274
20260811_184731__rp0p75__vinf25__inc60__toff59132__Om270__om300,1.5236089582797963,0.09339026810935717,25.178048794584534,250.4626641816718,1.5800300310858495,0.11073420243308711,32.29299062410091,135.31036288932103,True,725.4256451135851
20260811_184731__rp0p75__vinf25__inc60__toff59132__Om270__om315,1.5235952395387877,0.09339066303315668,25.17806249444546,250.4596726364495,1.550362940519034,0.14967362248477456,30.312979226803428,137.26132007990074,True,705.0906573418856
20260811_184731__rp0p75__vinf25__inc60__toff59132__Om270__om330,1.5236082142314515,0.09339028038291532,25.178044383736566,250.46258255275518,1.516355269043958,0.18516036972479608,28.02855717502579,141.11769737102216,True,682.0187892118456
20260811_184731__rp0p75__vinf25__inc60__toff59132__Om270__om345,1.5235964488372598,0.09339063952545737,25.1780690834277,250.4598329070766,1.471224742400635,0.22505207503778268,25.531840866817863,148.2336388166179,True,651.798598682349
20260811_184731__rp0p75__vinf25__inc60__toff59132__Om270__om45,1.5235996500499995,0.09339057409670799,25.178064563241474,250.46051728557845,1.1010799521838508,0.5824105950871619,19.512525592813756,190.61674128922726,True,422.01042090310574
20260811_184731__rp0p75__vinf25__inc60__toff59132__Om270__om60,1.5235996626476345,0.09339057320846209,25.178065154293176,250.46052243854615,1.1211331428665468,0.5618875480231846,32.0477905069277,202.70458400599645,True,433.59141965162564
20260811_184731__rp0p75__vinf25__inc60__toff59132__Om270__om75,1.523599970536449,0.0933904898038662,25.17804362321447,250.46090958833872,1.2983021869882994,0.34569197086823905,33.24668227318846,224.9600514681513,True,540.3293709408679
20260811_184731__rp0p75__vinf25__inc60__toff59132__Om270__om90,1.5235999120350912,0.09339050601352959,25.178043694840827,250.4608867709015,1.319135029142894,0.271795868372426,28.096468384686936,239.3491578103061,True,553.3867696966164
20260811_184731__rp0p75__vinf25__inc60__toff59132__Om90__om0,1.5235963972929607,0.09339064685517695,25.178069503890715,250.45981234841264,1.4164154595512655,0.2084672790916311,29.14819107411136,258.49072618809805,True,615.7166243538679
20260811_184731__rp0p75__vinf25__inc60__toff59132__Om90__om105,1.5236082013451768,0.09339028221501035,25.178044488852336,250.46257741300133,1.4111624683021293,0.2955615030576163,22.810842851374876,244.81833967851423,True,612.2945845256648
20260811_184731__rp0p75__vinf25__inc60__toff59132__Om90__om120,1.5236089600569325,0.09339026995085009,25.178048516615785,250.46266501282884,1.1497597691597496,0.4598528617943935,21.49866754030148,229.3471420550485,True,450.3037408492197
20260811_184731__rp0p75__vinf25__inc60__toff59132__Om90__om135,1.5235952385613805,0.09339066202037292,25.178062647328147,250.45967217928785,1.0232353242538368,0.5538900479692237,15.657481783464611,246.2571717634977,True,378.05777939346837
20260811_184731__rp0p75__vinf25__inc60__toff59132__Om90__om15,1.5236029171719443,0.09339049412755249,25.178060597727946,250.46122768876023,1.5344823188124646,0.18068672026687288,27.512139063225067,276.8119041876302,True,694.2849085618558
20260811_184731__rp0p75__vinf25__inc60__toff59132__Om90__om150,1.523608212809744,0.09339027890972634,25.17804460611166,250.46258188782707,1.1072737993447863,0.4328588411235963,14.974850574260877,259.617835656962,True,425.576293458622
20260811_184731__rp0p75__vinf25__inc60__toff59132__Om90__om165,1.5235964488372598,0.09339063952545737,25.1780690834277,250.4598329070766,1.2977233168631823,0.3206365008524354,15.218540971993326,223.16757876428917,True,539.968038656512
20260811_184731__rp0p75__vinf25__inc60__toff59132__Om90__om180,1.523600076401491,0.09339047133323146,25.17804377680987,250.46095166836898,1.4352292751351174,0.3126801025343053,16.78452139365277,187.0400417950579,True,628.0248360716572
20260811_184731__rp0p75__vinf25__inc60__toff59132__Om90__om195,1.5235999934653335,0.09339048319289116,25.178043857733122,250.46091853782673,1.4907209394430962,0.3377420433669519,19.655209263087198,169.69208894096946,True,664.7975650461804
20260811_184731__rp0p75__vinf25__inc60__toff59132__Om90__om210,1.52359973688688,0.09339055947749995,25.178065241715863,250.46055189115884,1.4957111488938637,0.36380702621109334,23.40388220441459,161.62985644554544,True,668.1384859899897
20260811_184731__rp0p75__vinf25__inc60__toff59132__Om90__om225,1.523593617584949,0.09339060524795913,25.178030412023833,250.45982683691963,1.4609130806681374,0.3979147213524747,28.037829710728474,160.87159237007518,True,644.958036774542
20260811_184731__rp0p75__vinf25__inc60__toff59132__Om90__om240,1.5235996619367886,0.09339057247188169,25.178065265480594,250.4605221060712,1.3935186023366182,0.46178559963679794,34.07655630035012,161.47899362047085,True,600.8472090221044
20260811_184731__rp0p75__vinf25__inc60__toff59132__Om90__om255,1.523599970536449,0.0933904898038662,25.17804362321447,250.46090958833872,1.3165694015358786,0.5614715792713257,45.736300797681935,162.82552041287266,True,551.7731056980849
20260811_184731__rp0p75__vinf25__inc60__toff59132__Om90__om270,1.5236029250821854,0.09339048713919912,25.17806127092414,250.46123050117683,2.2433348415157783,0.804329764626049,94.6389388015176,143.69800154026848,True,1227.2584882604665
20260811_184731__rp0p75__vinf25__inc60__toff59132__Om90__om285,1.5235949097433434,0.09339065318555069,25.17806061354609,250.45964802609666,-1.4593615899605354,1.9898978757624504,12.16236007395333,61.346111938105196,False,
20260811_184731__rp0p75__vinf25__inc60__toff59132__Om90__om30,1.5235997612374503,0.09339055433966975,25.178065253859128,250.46056150558906,1.7079707812434604,0.17601396676964323,25.485234546534848,300.38980055961184,True,815.2964429664125
20260811_184731__rp0p75__vinf25__inc60__toff59132__Om90__om300,1.5235956545837732,0.09339065112495913,25.17806489191961,250.45973068585414,2.121600279517982,0.31449641459078664,19.12449706961629,326.9861723005092,True,1128.7304421863773
20260811_184731__rp0p75__vinf25__inc60__toff59132__Om90__om315,1.523595165542136,0.0933906709144644,25.178062255941413,250.45964285825937,1.5010222190062168,0.17559031920529924,25.539954165688705,272.84819776827874,True,671.7003487605374
20260811_184731__rp0p75__vinf25__inc60__toff59132__Om90__om330,1.5235948997006603,0.09339065796430249,25.178060273912173,250.459644216367,1.3567701728303512,0.20090526764480904,28.752317902491843,251.12527410345362,True,577.2372162252128
20260811_184731__rp0p75__vinf25__inc60__toff59132__Om90__om345,1.5235964136490383,0.09339063921784407,25.17806886427681,250.45981845175135,1.3373258191572905,0.21338267194630164,29.760521077828376,250.68038839748272,True,564.8728956784728
20260811_184731__rp0p75__vinf25__inc60__toff59132__Om90__om45,1.5236000630801623,0.09339056076487094,25.178064008438298,250.46060774690855,1.8736420341653837,0.19354889184255497,23.54930345591721,315.79000039314457,True,936.7524202630023
20260811_184731__rp0p75__vinf25__inc60__toff59132__Om90__om60,1.52359964334711,0.0933905656821193,25.178064842264025,250.4605139753599,1.9543894032083104,0.21000983172716692,22.197734223367664,318.46958807986977,True,997.9563390130735
20260811_184731__rp0p75__vinf25__inc60__toff59132__Om90__om75,1.523593306534626,0.09339068392435446,25.178051665661716,250.4594380367021,1.8915810080719337,0.20906118235623317,21.672771906153454,306.6784964145671,True,950.2378159767237
20260811_184731__rp0p75__vinf25__inc60__toff59132__Om90__om90,1.523599991174463,0.0933904893155936,25.1780437343074,250.46091801782387,1.6895304128532183,0.21381575313806586,22.045918611083163,278.21565043572514,True,802.1284367658862
20260811_184731__rp0p75__vinf25__inc90__toff59132__Om0__om0,1.5235967904779966,0.0933905669571433,25.17804827166846,250.46022590566741,1.2684177755319987,0.26104769947205647,22.02160646726472,195.16282479245615,True,521.7811332828236
20260811_184731__rp0p75__vinf25__inc90__toff59132__Om0__om105,1.523597727001473,0.0933881397956844,25.178048066223717,250.4600924330839,1.7235986197028597,0.09037910433089662,16.119316178400993,354.9490002572806,True,826.5118769909834
20260811_184731__rp0p75__vinf25__inc90__toff59132__Om0__om120,1.5236006899240195,0.09338812971361157,25.178065840552012,250.46041628546064,1.9078054876875628,0.16201656182383023,17.43990538657983,355.7557162353383,True,962.4895719221187
20260811_184731__rp0p75__vinf25__inc90__toff59132__Om0__om135,1.5235975998164186,0.0933930222568937,25.178058013382962,250.46052062554963,2.0674585129306267,0.21198645305307864,19.06008906018314,355.530601991341,True,1085.800650537496
20260811_184731__rp0p75__vinf25__inc90__toff59132__Om0__om15,1.523599671016188,0.09339057780352865,25.1780655587385,250.46051742162516,1.225750860958699,0.26205148241491505,20.83233502927483,206.7401607580456,True,495.67635535882476
20260811_184731__rp0p75__vinf25__inc90__toff59132__Om0__om150,1.5235991346976907,0.09338814943089911,25.178057028074342,250.4602251823489,2.171673661646163,0.23972884796169458,20.76481829705683,356.340137467405,True,1168.9252464638923
20260811_184731__rp0p75__vinf25__inc90__toff59132__Om0__om165,1.5235956906281227,0.09339303745025102,25.178047280233578,250.46029540120995,2.1912430132963965,0.24504643112563204,22.364402988548385,359.45183888851886,True,1184.7608888720981
20260811_184731__rp0p75__vinf25__inc90__toff59132__Om0__om180,1.5235967689708945,0.0933905750414133,25.178047814774956,250.46021762120125,2.1563895788626013,0.23072985738719515,23.868888949536103,3.268348577277095,True,1156.6067668771148
20260811_184731__rp0p75__vinf25__inc90__toff59132__Om0__om195,1.523599735446838,0.09339056864183712,25.178065033159722,250.4605431200665,2.073437038226658,0.20411442161793233,25.17544010937537,8.881012704239373,True,1090.5138120766328
20260811_184731__rp0p75__vinf25__inc90__toff59132__Om0__om210,1.523599746200431,0.09339056459975913,25.17806526160609,250.46054726233132,1.9638488421215008,0.16545841745742815,26.290004351414954,16.75683371787669,True,1005.2104107279167
20260811_184731__rp0p75__vinf25__inc90__toff59132__Om0__om225,1.5235997704507824,0.09339056125620321,25.178065050615626,250.46055694080832,1.849633318707616,0.12551941585263968,27.158375871533064,30.298061084337288,True,918.8050053361318
20260811_184731__rp0p75__vinf25__inc90__toff59132__Om0__om240,1.5235997529989194,0.09339056405188159,25.17806515345453,250.46054999841326,1.763234762882348,0.10914640184192062,27.662349028159664,54.07697053648155,True,855.185053052641
20260811_184731__rp0p75__vinf25__inc90__toff59132__Om0__om255,1.5235997347359922,0.09339056790525656,25.17806514434708,250.46054278759178,1.7615994668601964,0.15077024732558508,27.645227725889416,78.01701860302231,True,853.9956285562236
20260811_184731__rp0p75__vinf25__inc90__toff59132__Om0__om270,1.5235997590865618,0.09339056276742362,25.17806515649034,250.46055240202054,1.931027410076589,0.23463161594215154,27.398232521249234,85.00916073485766,True,980.1161603716952
20260811_184731__rp0p75__vinf25__inc90__toff59132__Om0__om285,1.523597748508602,0.09338813171138449,25.178048523117095,250.46010071775407,2.0422968447463608,0.3252084785723524,29.2096577121784,88.21424749313475,True,1066.0392422445066
20260811_184731__rp0p75__vinf25__inc90__toff59132__Om0__om30,1.5235936234418057,0.0933906236683049,25.17802994994204,250.4598216810148,1.2080596083108361,0.25079273692827814,19.448036030104717,212.2070002305522,True,484.98403014651524
20260811_184731__rp0p75__vinf25__inc90__toff59132__Om0__om300,1.5235971964362607,0.09339302726950789,25.178056179464384,250.4604669250753,1.8075655103416408,0.2912765666161543,28.22729379693936,116.11633868061222,True,887.6381538077225
20260811_184731__rp0p75__vinf25__inc90__toff59132__Om0__om315,1.523597622123243,0.09339301500136893,25.178058345190298,250.46052928387235,1.595361872277269,0.27317933440241493,25.950836425643896,136.27406626200582,True,736.0099833630097
20260811_184731__rp0p75__vinf25__inc90__toff59132__Om0__om330,1.52359915762655,0.09338814281979745,25.178057262592507,250.4602341320235,1.4400233533644924,0.27163107293724126,24.78518156545398,161.65493729069146,True,631.1741374580265
20260811_184731__rp0p75__vinf25__inc90__toff59132__Om0__om345,1.5235987781445997,0.09339300462389476,25.17806467051677,250.46066862233988,1.3369176620724421,0.26220409033211534,23.29669375578079,181.24846629445037,True,564.6143132763792
20260811_184731__rp0p75__vinf25__inc90__toff59132__Om0__om45,1.523599763419744,0.09339069798699075,25.17806560501944,250.46058537649483,1.2283182376844646,0.22097347816265253,17.89464497722282,212.9506299091026,True,497.2344869286462
20260811_184731__rp0p75__vinf25__inc90__toff59132__Om0__om60,1.52359361166749,0.09339061906038099,25.178030836407267,250.4598166175473,1.2905333081346466,0.16558000503488757,16.399819061887857,212.29212422829005,True,535.4867378308463
20260811_184731__rp0p75__vinf25__inc90__toff59132__Om0__om75,1.5235996616842886,0.09339058331877058,25.178065107917316,250.4605139443122,1.3972352906691612,0.08839322043748621,15.462698710097806,211.5436926955021,True,603.2526130585401
20260811_184731__rp0p75__vinf25__inc90__toff59132__Om0__om90,1.523596625711435,0.09339060881568628,25.178047297163822,250.46016126483204,1.5458847725412803,0.018435268420634025,15.32293651022756,290.2459403991377,True,702.0379206601242
20260811_184731__rp0p75__vinf25__inc90__toff59132__Om180__om0,1.5235967661275216,0.09339057209513409,25.178048259524978,250.46021629128154,1.81544005747341,0.15044025614694095,23.678690489628377,15.232719360859916,True,893.4448774268477
20260811_184731__rp0p75__vinf25__inc90__toff59132__Om180__om105,1.523597751351979,0.09338813465765994,25.17804807836721,250.46010204771636,1.6971077841115585,0.0913053685631247,17.898507414394157,127.37598655739744,True,807.5306787090509
20260811_184731__rp0p75__vinf25__inc90__toff59132__Om180__om120,1.5235987036712977,0.09339301856414335,25.178064856461827,250.46063911487244,1.5353390745803124,0.12928086012432652,16.25911703339715,183.93629250449294,True,694.8664554594087
20260811_184731__rp0p75__vinf25__inc90__toff59132__Om180__om135,1.5235976241669198,0.09339301711902902,25.178058025526305,250.46053023971228,1.394859691660478,0.22517969526081463,16.537034490985587,204.57598834506084,True,601.7147793721962
20260811_184731__rp0p75__vinf25__inc90__toff59132__Om180__om15,1.5235997318926082,0.09339056495893414,25.178065589096637,250.46054145769278,1.792192285663375,0.12723947756575327,22.331586926818982,11.257279666182203,True,876.338310054277
20260811_184731__rp0p75__vinf25__inc90__toff59132__Om180__om150,1.5235991590482407,0.09338814429294533,25.178057040217702,250.4602347969997,1.3116703205846305,0.2884181937464647,17.375530516362588,198.83619338532876,True,548.6961716060181
20260811_184731__rp0p75__vinf25__inc90__toff59132__Om180__om165,1.5235957636794457,0.09339302203635194,25.178047316664138,250.46032424361266,1.267229437306372,0.32046167860416025,19.585851454115154,188.27835424089432,True,521.0480460909424
20260811_184731__rp0p75__vinf25__inc90__toff59132__Om180__om180,1.5235967933213697,0.09339056990342291,25.178047826918455,250.46022723558693,1.2457854775224646,0.33084867247859767,22.706367434922825,180.2423380177474,True,507.8784531042897
20260811_184731__rp0p75__vinf25__inc90__toff59132__Om180__om195,1.523599674570418,0.09339058148643037,25.178065002801556,250.46051908399954,1.247217145687996,0.32050377140049946,26.086292039414886,172.62906216394487,True,508.7541924925206
20260811_184731__rp0p75__vinf25__inc90__toff59132__Om180__om210,1.5235996487981596,0.0933905851511117,25.178065213033083,250.46050880462474,1.2793428104412778,0.2954938416710872,28.724833616790722,165.7816209289188,True,528.5368738197478
20260811_184731__rp0p75__vinf25__inc90__toff59132__Om180__om225,1.5235997669739738,0.09339070166989592,25.17806504908253,250.46058703886416,1.321467826017104,0.25157890204853073,30.684497471484796,157.60555560743086,True,554.8553564562602
20260811_184731__rp0p75__vinf25__inc90__toff59132__Om180__om240,1.5235996434213641,0.0933905871721528,25.17806509880988,250.46050673349367,1.3850732924574336,0.2106469955390032,31.69120560199566,145.88924803405388,True,595.3934121540249
20260811_184731__rp0p75__vinf25__inc90__toff59132__Om180__om255,1.5235996616842886,0.09339058331877058,25.178065107917316,250.4605139443122,1.4649311331661556,0.15732237528026136,31.926709074537424,130.8254117412566,True,647.620675998445
20260811_184731__rp0p75__vinf25__inc90__toff59132__Om180__om270,1.5235996373337226,0.09339058845661384,25.178065095774055,250.46050432988778,1.5493058837993599,0.12574864415045897,31.52868309561897,106.96467738013085,True,704.369670912362
20260811_184731__rp0p75__vinf25__inc90__toff59132__Om180__om285,1.5235977241580965,0.09338813684940936,25.178048510973582,250.46009110312139,1.634502646407636,0.11931065017216805,30.648521716088858,78.39718088870204,True,763.2614612565485
20260811_184731__rp0p75__vinf25__inc90__toff59132__Om180__om30,1.5235937208433064,0.09339060311565353,25.178029998516994,250.45986013835682,1.75922978859087,0.11218404592772166,21.072359226820176,4.585463812960077,True,852.2730342260342
20260811_184731__rp0p75__vinf25__inc90__toff59132__Om180__om300,1.5235991826879465,0.09338813841842021,25.17805716354846,250.46024407916346,1.7113424263157027,0.1325240735386208,29.44405997337166,56.122207486917965,True,817.711806074868
20260811_184731__rp0p75__vinf25__inc90__toff59132__Om180__om315,1.5235975977727423,0.0933930201392338,25.178058333046955,250.46051966970958,1.7716975961466725,0.14744945789843864,28.057705454651877,41.97631625791476,True,861.3492625217651
20260811_184731__rp0p75__vinf25__inc90__toff59132__Om180__om330,1.5235991332759997,0.09338814795775144,25.178057250449136,250.46022451737247,1.808620839587851,0.15801577896811286,26.58913487617164,32.07663633779111,True,888.4156253958056
20260811_184731__rp0p75__vinf25__inc90__toff59132__Om180__om345,1.5235987050929878,0.09339302003730601,25.17806463408696,250.46063977980089,1.8235134566284363,0.15600759495274724,25.128594811699934,25.176566252639752,True,899.411323823439
20260811_184731__rp0p75__vinf25__inc90__toff59132__Om180__om45,1.5235997668965526,0.09339055757329953,25.17806560655257,250.46055527843504,1.7223002123535638,0.08970616942220654,19.978560083846023,0.7725975727663381,True,825.5781210511815
20260811_184731__rp0p75__vinf25__inc90__toff59132__Om180__om60,1.5235937212441777,0.09339059593864463,25.178030891054107,250.4598598820589,1.6986601155683252,0.07051555971934409,19.211542827551146,6.129025561472981,True,808.6388951970636
20260811_184731__rp0p75__vinf25__inc90__toff59132__Om180__om75,1.5235997347359922,0.09339056790525656,25.17806514434708,250.46054278759178,1.7139763925277487,0.07373951714007805,18.876601074416296,36.00085494987475,True,819.6003706659216
20260811_184731__rp0p75__vinf25__inc90__toff59132__Om180__om90,1.5235967474637926,0.09339058312568504,25.178047357881358,250.4602093367366,1.7599477477780312,0.10102166478513518,18.64347891869396,72.09517253644607,True,852.7948191158949
20260811_184731__rp0p75__vinf25__inc90__toff59132__Om270__om0,1.52359994019833,0.0933905145306467,25.178044155079974,250.46090174026202,1.4461942512892156,0.27774634807725596,19.28701976958023,152.10387384175945,True,635.2356141865941
20260811_184731__rp0p75__vinf25__inc90__toff59132__Om270__om105,1.523593314612245,0.09339070199852766,25.178051446632082,250.45944538671358,1.3879621872784662,0.21536740064648274,23.58648717253454,260.90970444847926,True,597.2571317746904
20260811_184731__rp0p75__vinf25__inc90__toff59132__Om270__om120,1.5235963262316354,0.09339068162801521,25.178069245395704,250.45978845160334,1.3637338284163512,0.23417755301879215,22.376188943486657,254.69568765934207,True,581.6869394942768
20260811_184731__rp0p75__vinf25__inc90__toff59132__Om270__om135,1.5235951932769067,0.0933906837327401,25.17806218614197,250.45965790470723,1.3732389834271272,0.2467190329139345,22.747031381624183,248.79642071355906,True,587.7790164496762
20260811_184731__rp0p75__vinf25__inc90__toff59132__Om270__om15,1.5236029522921657,0.09339049376458607,25.17806140680175,250.46124491680428,1.3541777687132628,0.32530537988286345,13.445860517540888,167.4782728979398,True,575.5836011288156
20260811_184731__rp0p75__vinf25__inc90__toff59132__Om270__om150,1.5235948197084943,0.09339069107559497,25.178060457130556,250.4596165861748,1.4176504181474003,0.24487693733344437,24.68598500355602,244.82194049619213,True,616.5220556823934
20260811_184731__rp0p75__vinf25__inc90__toff59132__Om270__om165,1.5235933084404434,0.09339069379532308,25.178051465036074,250.45944228434496,1.4771640773171857,0.23181547635410185,27.225587772726186,244.75888430894554,True,655.7495463168515
20260811_184731__rp0p75__vinf25__inc90__toff59132__Om270__om180,1.5235933131905648,0.0933907005254016,25.178051669007054,250.4594447217446,1.5283901784957694,0.2193790018717912,29.489375693576996,245.88456491339673,True,690.1543818155604
20260811_184731__rp0p75__vinf25__inc90__toff59132__Om270__om195,1.5236029582215014,0.09339050081263495,25.178060952850384,250.46124779779177,1.5311490757885593,0.22129377619130353,31.171330995618757,243.16665165373226,True,692.023921493074
20260811_184731__rp0p75__vinf25__inc90__toff59132__Om270__om210,1.5235996454298064,0.09339059589350814,25.178065307675368,250.46051978580286,1.4684766149652746,0.2465860795579599,32.659794165143175,233.0607700435096,True,649.9731921008865
20260811_184731__rp0p75__vinf25__inc90__toff59132__Om270__om225,1.5236000554283833,0.09339057772529158,25.178064339274,250.46060862708498,1.3850764783020915,0.28122474464616704,34.873537842005454,218.8902244307104,True,595.3954663760172
20260811_184731__rp0p75__vinf25__inc90__toff59132__Om270__om240,1.5235996378278702,0.09339058485228167,25.178064839537544,250.46051585297693,1.3613124031373898,0.27130876580260865,37.83942144237776,203.55214917193916,True,580.1383755307975
20260811_184731__rp0p75__vinf25__inc90__toff59132__Om270__om255,1.5235963276533209,0.09339068310116314,25.178069023021006,250.45978911656184,1.4118436659398481,0.21769673817522464,39.17068034386618,184.65705917878515,True,612.7379891280851
20260811_184731__rp0p75__vinf25__inc90__toff59132__Om270__om270,1.5236029575106522,0.09339050007604817,25.178061064037816,250.4612474653214,1.477768277176441,0.1872150393861689,38.286399660899185,161.89367947907465,True,656.1519162716355
20260811_184731__rp0p75__vinf25__inc90__toff59132__Om270__om285,1.5236065715028018,0.0933903330045106,25.178035974189168,250.46236075885042,1.5226064504344472,0.19274289088810634,36.196966309791726,145.21041462807958,True,686.2405711033632
20260811_184731__rp0p75__vinf25__inc90__toff59132__Om270__om30,1.5235936200731486,0.09339063441035095,25.178030044580954,250.45983266227876,1.1669082911512216,0.45405526972522436,4.156872879457955,232.6955110685724,True,460.4155476282508
20260811_184731__rp0p75__vinf25__inc90__toff59132__Om270__om300,1.5236080739875384,0.09339031758427838,25.17804444684863,250.46253051890363,1.5410964383707209,0.2098233931349485,33.524960361586054,138.30484327344126,True,698.7786340337309
20260811_184731__rp0p75__vinf25__inc90__toff59132__Om270__om315,1.5235951959833698,0.09339068834520636,25.178062709777283,250.4596593861977,1.5404602651118173,0.22615425808397918,30.505151031723912,137.08059037109632,True,698.3459890781193
20260811_184731__rp0p75__vinf25__inc90__toff59132__Om270__om330,1.5236080780268983,0.09339032357800459,25.178044762006756,250.46253262364246,1.5264683781990176,0.24154880415027954,27.223248456016133,139.03837295009038,True,688.8530892282569
20260811_184731__rp0p75__vinf25__inc90__toff59132__Om270__om345,1.5235963276533209,0.09339068310116314,25.178069023021006,250.45978911656184,1.4976785561542312,0.2555938997461207,23.587746565109725,143.896870359926,True,669.4571891467815
20260811_184731__rp0p75__vinf25__inc90__toff59132__Om270__om45,1.5235996388439925,0.09339058737422763,25.178065450014067,250.46051650339598,0.9297273362158814,0.8275629430092771,7.4731879348822545,339.8364899269292,True,327.4374074262769
20260811_184731__rp0p75__vinf25__inc90__toff59132__Om270__om60,1.5235936131988952,0.09339062683536062,25.17803088308969,250.4598293930466,1.3137307492420895,0.4865819235808171,38.07252362527612,229.18214680705285,True,549.9895528329299
20260811_184731__rp0p75__vinf25__inc90__toff59132__Om270__om75,1.5236029551355612,0.09339049671093293,25.178060962052065,250.46124624668613,1.4766440677572985,0.24380294246903306,31.002947499194125,256.8205566434947,True,655.4033092000261
20260811_184731__rp0p75__vinf25__inc90__toff59132__Om270__om90,1.5235999458850993,0.09339052042325253,25.178043265579582,250.46090440006788,1.439103556401957,0.20328890059795912,26.41599555503031,261.9598731883637,True,630.5695021184602
20260811_184731__rp0p75__vinf25__inc90__toff59132__Om90__om0,1.523593310347205,0.09339069757914964,25.178052113756966,250.4594433918065,1.3626098854071496,0.24759938559741218,27.91310200523886,251.90946811928396,True,580.9679778127804
20260811_184731__rp0p75__vinf25__inc90__toff59132__Om90__om105,1.523606574346211,0.09339033595086453,25.17803552943869,250.46236208871807,1.3658671674921847,0.27832084566227244,14.71226289310543,228.78862587621728,True,583.0524046267019
20260811_184731__rp0p75__vinf25__inc90__toff59132__Om90__om120,1.523609581227693,0.09339030889658348,25.178053123619918,250.4627027171732,1.3762722569181922,0.24340480614859553,12.942406402577827,218.02632472863493,True,589.7275614991372
20260811_184731__rp0p75__vinf25__inc90__toff59132__Om90__om135,1.5235951980270401,0.09339069046284473,25.178062390113492,250.45966034208118,1.4332345148758554,0.20120629624773478,12.831570715705922,195.09175619347167,True,626.7159961350278
20260811_184731__rp0p75__vinf25__inc90__toff59132__Om90__om15,1.5236029546672565,0.09339049712970134,25.17806150878747,250.46124613543964,1.405818232559331,0.24450868303855156,26.288382723794236,255.8667474834051,True,608.8196339533384
20260811_184731__rp0p75__vinf25__inc90__toff59132__Om90__om150,1.5236080794486058,0.09339032505119253,25.17804453963164,250.462533288571,1.486813013973902,0.19169507586735726,14.139841158384497,169.09768480969686,True,662.1851284673197
20260811_184731__rp0p75__vinf25__inc90__toff59132__Om90__om165,1.5235933131905648,0.0933907005254016,25.178051669007054,250.4594447217446,1.5153618540016258,0.20618743769796546,16.396173393612653,152.34982102961484,True,681.3486790223349
20260811_184731__rp0p75__vinf25__inc90__toff59132__Om90__om180,1.5235999430417144,0.09339051747694958,25.17804371032978,250.460903070165,1.524568180726183,0.2213027177357791,19.191444831967416,144.49492087899785,True,687.5672295189321
20260811_184731__rp0p75__vinf25__inc90__toff59132__Om90__om195,1.5236029558464104,0.09339049744751961,25.17806085086466,250.46124657915658,1.5170687764384243,0.23632962275327862,22.33237431763187,141.5756561153356,True,682.500222586029
20260811_184731__rp0p75__vinf25__inc90__toff59132__Om90__om210,1.5235996454298064,0.09339059589350814,25.178065307675368,250.46051978580286,1.4937373705538082,0.252097600271073,25.81478983967355,142.43949040334712,True,666.8163836803309
20260811_184731__rp0p75__vinf25__inc90__toff59132__Om90__om225,1.523599642398222,0.09339059105712945,25.178064894077167,250.4605181657701,1.448960481988484,0.2741635641537044,29.828637186894667,146.2073697569036,True,637.0590707553243
20260811_184731__rp0p75__vinf25__inc90__toff59132__Om90__om240,1.523599644953112,0.09339059494754462,25.17806514549507,250.4605195089491,1.3712308689559534,0.3124528981374793,35.04843265014918,154.03201209828225,True,586.490206613516
20260811_184731__rp0p75__vinf25__inc90__toff59132__Om90__om255,1.5236029551355612,0.09339049671093293,25.178060962052065,250.46124624668613,1.2258403578692414,0.4053226882168891,43.124759194058306,167.83705814703433,True,495.73064328174877
20260811_184731__rp0p75__vinf25__inc90__toff59132__Om90__om270,1.5236029575106522,0.09339050007604817,25.178061064037816,250.4612474653214,0.9839443560706348,0.6856661649109884,56.96944223557615,186.4777855659947,True,356.49274895881103
20260811_184731__rp0p75__vinf25__inc90__toff59132__Om90__om285,1.523593311768885,0.0933906990522756,25.178051891381998,250.45944405677557,1.1314113240080872,0.6827947612249187,12.481814485854498,205.07580920433972,True,439.56760048996296
20260811_184731__rp0p75__vinf25__inc90__toff59132__Om90__om30,1.5235936200731486,0.09339063441035095,25.178030044580954,250.45983266227876,1.4732934707714227,0.23024286718051518,24.254367809888283,261.5634884210795,True,653.1738489481842
20260811_184731__rp0p75__vinf25__inc90__toff59132__Om90__om300,1.523594818997653,0.09339069033902649,25.17806056831796,250.45961625369296,1.4602481051282779,0.29082255762247444,17.341125472129814,235.6612981850298,True,644.5177307943397
20260811_184731__rp0p75__vinf25__inc90__toff59132__Om90__om315,1.5235951912332366,0.09339068161510193,25.178062505805727,250.45965694882352,1.4493913296983845,0.2124216016356203,23.315669298793896,244.20513140873172,True,637.3432356941472
20260811_184731__rp0p75__vinf25__inc90__toff59132__Om90__om330,1.5235948182868118,0.09339068960245799,25.17806067950541,250.45961592121105,1.3920887792469925,0.2145222476211407,26.634628156263446,246.29605054252838,True,599.9226952030015
20260811_184731__rp0p75__vinf25__inc90__toff59132__Om90__om345,1.5235963229031806,0.09339067637104304,25.1780688190491,250.4597866792031,1.3598873224242884,0.23380435502474592,28.096379864521197,248.32668932660926,True,579.2276430614758
20260811_184731__rp0p75__vinf25__inc90__toff59132__Om90__om45,1.523600051874152,0.09339057404238588,25.17806489521094,250.46060696471352,1.5395195023818262,0.21417284584752536,21.994995087395058,265.5675864206411,True,697.7063644353983
20260811_184731__rp0p75__vinf25__inc90__toff59132__Om90__om60,1.5235936060737103,0.09339061674022242,25.178030577134972,250.45982573695167,1.5658397850117773,0.2109214880233513,19.9999624796418,264.07773135040867,True,715.6750508483701
20260811_184731__rp0p75__vinf25__inc90__toff59132__Om90__om75,1.5235963276533209,0.09339068310116314,25.178069023021006,250.45978911656184,1.513745869827963,0.22861886961846087,18.661619306081164,251.38748828114984,True,680.2590827450977
20260811_184731__rp0p75__vinf25__inc90__toff59132__Om90__om90,1.5235999458850993,0.09339052042325253,25.178043265579582,250.46090440006788,1.4309370188564594,0.26068385252375625,17.011325333447562,238.68693465778648,True,625.2096477660002
20260811_184731__rp0p75__vinf25__incm30__toff59132__Om0__om0,1.5236015646597851,0.09339046574880072,25.1780525556723,250.46111632231174,1.3036141405499837,0.23913261282384374,30.53563407815497,185.3153203358897,True,543.6488658811624
20260811_184731__rp0p75__vinf25__incm30__toff59132__Om0__om105,1.5235991796119546,0.09338812231439533,25.17805689476499,250.46025046865515,1.741701545681285,0.09905836136788852,34.36638212711156,339.1616023310867,True,839.567267444155
20260811_184731__rp0p75__vinf25__incm30__toff59132__Om0__om120,1.5235998838173754,0.09338812750098523,25.178061320150007,250.46031700989568,1.973933868861236,0.17940008165916005,33.20184739765011,354.737831447583,True,1012.9634853293456
20260811_184731__rp0p75__vinf25__incm30__toff59132__Om0__om135,1.5235975489038909,0.09339301822860177,25.178058058571743,250.46050829854596,2.1729889417576858,0.2377116242472522,31.829097848723425,0.44875093961712453,True,1169.9873514140074
20260811_184731__rp0p75__vinf25__incm30__toff59132__Om0__om15,1.523602937257521,0.09339048457036533,25.17806127699578,250.46123530841768,1.2420581193191933,0.24465586053354238,31.04562533480799,193.49141379069525,True,505.60081992399734
20260811_184731__rp0p75__vinf25__incm30__toff59132__Om0__om150,1.5235990816117895,0.09338814134256966,25.1780564662374,250.46021162255607,2.297760235236994,0.2711722637670127,30.34212118854487,4.5217344248109015,True,1272.1899379464528
20260811_184731__rp0p75__vinf25__incm30__toff59132__Om0__om165,1.5235938321122642,0.0933931163316897,25.178059967812814,250.45972614839008,2.300278685605365,0.2679607407320853,28.928531413839366,7.003662509855254,True,1274.2820785405393
20260811_184731__rp0p75__vinf25__incm30__toff59132__Om0__om180,1.5235949118758678,0.09339065539525714,25.178060279983843,250.45964902354203,2.247408377082796,0.2520989866617619,27.49519638795401,6.439034875113886,True,1230.602761568914
20260811_184731__rp0p75__vinf25__incm30__toff59132__Om0__om195,1.5235963635264276,0.09339064802072033,25.178069062365118,250.45979855804728,2.121268919896648,0.21389795888410823,26.3014427554328,11.89685938261871,True,1128.4660183752505
20260811_184731__rp0p75__vinf25__incm30__toff59132__Om0__om210,1.5235933674105377,0.09339067107890811,25.178051696020358,250.4594620725139,1.9763334366346064,0.16931062106006237,25.317916267220458,15.132763634453184,True,1014.8111255585592
20260811_184731__rp0p75__vinf25__incm30__toff59132__Om0__om225,1.5235933840672042,0.09339065805866288,25.178051725808835,250.45946798357738,1.8379864319739712,0.12005636310959981,24.726692184335985,24.824872985501887,True,910.1402981423224
20260811_184731__rp0p75__vinf25__incm30__toff59132__Om0__om240,1.5235963803675883,0.09339064269406142,25.178069293847216,250.45980510386798,1.730718647717626,0.09669185068508321,24.69927721729433,44.4204534520767,True,831.6385296119115
20260811_184731__rp0p75__vinf25__incm30__toff59132__Om0__om255,1.5235999865085115,0.09339049207320102,25.17804350889643,250.46091627916553,1.7044330340461327,0.13242254494890165,25.33230886694495,66.69759097080104,True,812.7646502908763
20260811_184731__rp0p75__vinf25__incm30__toff59132__Om0__om270,1.523603021774027,0.09339046585195979,25.17806143068481,250.4612686266409,1.8445932273787937,0.24628763838081247,25.746236411142274,77.13309117143888,True,915.0520682120879
20260811_184731__rp0p75__vinf25__incm30__toff59132__Om0__om285,1.5235992070484317,0.09338812127809738,25.178056897706547,250.46026163450753,2.126608377902057,0.3921221465229439,24.346033338423968,104.38035192732671,True,1132.7294007145458
20260811_184731__rp0p75__vinf25__incm30__toff59132__Om0__om30,1.5235962797215037,0.09339066747693572,25.178068797489207,250.4597655727124,1.2028315322055596,0.2554379843692679,31.928711312440026,196.4647799089788,True,481.83916686412664
20260811_184731__rp0p75__vinf25__incm30__toff59132__Om0__om300,1.5235971453742514,0.09339302286033471,25.17805612966441,250.46045450120312,1.8930029447711223,0.3954279626624024,24.04950996339791,126.72185643961606,True,951.3094845272764
20260811_184731__rp0p75__vinf25__incm30__toff59132__Om0__om315,1.5235977769201812,0.09339300253992942,25.178057750687426,250.46056169856746,1.7034719411785626,0.3213513049205822,28.05576522939898,137.71590780619752,True,812.0772966385338
20260811_184731__rp0p75__vinf25__incm30__toff59132__Om0__om330,1.5235991105996154,0.09338814372182362,25.17805717349347,250.46022372962875,1.5113420733623426,0.2850901647538633,28.63786735487208,158.8774958846048,True,678.639370607176
20260811_184731__rp0p75__vinf25__incm30__toff59132__Om0__om345,1.5236020389242166,0.09339290392396912,25.178060295991997,250.46138372236337,1.3902129609424396,0.2581445604626274,29.91402789488348,173.7594919370396,True,598.7105238157088
20260811_184731__rp0p75__vinf25__incm30__toff59132__Om0__om45,1.523606646497759,0.09339044063066461,25.17803578868096,250.46241788530028,1.1972831655766316,0.24306159850326875,33.25166679995334,197.5696396417923,True,478.50910573312154
20260811_184731__rp0p75__vinf25__incm30__toff59132__Om0__om60,1.5235962722122036,0.09339066728829439,25.178069016828125,250.45976250416146,1.2472868232779288,0.19812044347952912,34.50725772597932,200.1200862525016,True,508.796826521268
20260811_184731__rp0p75__vinf25__incm30__toff59132__Om0__om75,1.5236029217537017,0.09339048188214284,25.178060844577846,250.46122872884595,1.3578074582606747,0.12427701573062136,35.124000367169266,209.17819727895224,True,577.8993116118426
20260811_184731__rp0p75__vinf25__incm30__toff59132__Om0__om90,1.5235947619766443,0.09339068138565881,25.178060327512995,250.45958945380437,1.5284009196879484,0.04986551485735613,35.118873979167944,259.9532108814333,True,690.1616572096093
20260811_184731__rp0p75__vinf25__incm30__toff59132__Om180__om0,1.5235949104541848,0.09339065392211945,25.17806050235867,250.45964835857848,1.762301346752016,0.18036262050505547,23.988684094826827,298.8381651706844,True,854.5060698388453
20260811_184731__rp0p75__vinf25__incm30__toff59132__Om180__om105,1.523599206337586,0.09338812054152314,25.178057008893933,250.46026130201955,-1.7106475685479814,1.365370235549503,17.71076426164429,63.44705856414198,False,
20260811_184731__rp0p75__vinf25__incm30__toff59132__Om180__om120,1.523597899346525,0.09339301887561109,25.178060412552004,250.46054076221853,9.110117753911927,0.8800675462662036,22.097818473171923,102.03164270117217,True,10043.402737855515
20260811_184731__rp0p75__vinf25__incm30__toff59132__Om180__om135,1.5235977773200313,0.09339300295425441,25.178057688144456,250.46056188557947,2.1255654148506182,0.6836912865288152,21.495243745598348,139.93396802390953,True,1131.896207779269
20260811_184731__rp0p75__vinf25__incm30__toff59132__Om180__om15,1.5235963635264276,0.09339064802072033,25.178069062365118,250.45979855804728,1.487025379522399,0.21650991624726684,23.345012287016075,264.455724956571,True,662.3270060888292
20260811_184731__rp0p75__vinf25__incm30__toff59132__Om180__om150,1.5235991130875746,0.09338814629983208,25.17805678433754,250.46022489333754,1.5553298245071523,0.7740797654718116,12.366841740405341,167.21624105457792,True,708.4817087109952
20260811_184731__rp0p75__vinf25__incm30__toff59132__Om180__om165,1.5236005302658295,0.0933929111501916,25.178051841445978,250.46121086746356,1.8749701986769078,0.7919935022560051,44.78286730287036,330.2950082090323,True,937.7486472037035
20260811_184731__rp0p75__vinf25__incm30__toff59132__Om180__om180,1.5236015660814806,0.09339046722196402,25.178052333297348,250.4611169872576,-0.988684116504441,2.36596263039691,2.7897002398167228,13.326931611186067,False,
20260811_184731__rp0p75__vinf25__incm30__toff59132__Om180__om195,1.523602937257521,0.09339048457036533,25.17806127699578,250.46123530841768,2.3187692225298995,0.3821895848057319,22.037596766300123,344.498101498653,True,1289.6776785499897
20260811_184731__rp0p75__vinf25__incm30__toff59132__Om180__om210,1.523593265258961,0.09339068490155311,25.178051443475617,250.4594211778168,1.3358297069141951,0.2169492415491833,23.810871584691544,256.83825941373334,True,563.9252468319486
20260811_184731__rp0p75__vinf25__incm30__toff59132__Om180__om225,1.5236066450760541,0.09339043915748654,25.17803601105618,250.46241722036814,1.1733662021649776,0.29899158780144486,23.72785990788448,233.87075086316884,True,464.242882583018
20260811_184731__rp0p75__vinf25__incm30__toff59132__Om180__om240,1.5235962707905182,0.09339066581514693,25.178069239202816,250.4597618392025,1.1868772561528598,0.2870997015425679,23.737020128181907,226.77122020165635,True,472.28440341299955
20260811_184731__rp0p75__vinf25__incm30__toff59132__Om180__om255,1.523599908706621,0.09339050075649284,25.17804326849518,250.46088499854037,1.317944888976733,0.21756040122328016,23.66413743578191,232.8767495816241,True,552.6380299155245
20260811_184731__rp0p75__vinf25__incm30__toff59132__Om180__om270,1.5235962677888166,0.09339067120128593,25.17806922696564,250.45976098677065,1.5534090258361244,0.14344611404039376,23.738958937096772,263.59219061279424,True,707.1696746382681
20260811_184731__rp0p75__vinf25__incm30__toff59132__Om180__om285,1.5235991803228,0.09338812305096948,25.178056783577585,250.46025080114322,1.8682410807184504,0.16830135113269776,23.915431428034967,310.0269655052866,True,932.7049221173205
20260811_184731__rp0p75__vinf25__incm30__toff59132__Om180__om30,1.5235963818734846,0.09339065365498267,25.178069050033923,250.45980646755038,1.2328835931726825,0.323519562131815,22.41037574874104,246.68353579346967,True,500.00920783378336
20260811_184731__rp0p75__vinf25__incm30__toff59132__Om180__om300,1.5235991298445846,0.09338813148543569,25.178057037259386,250.46023074061594,2.1747784863244406,0.24325486175325525,24.097091180307768,327.9355612607189,True,1171.4329470261569
20260811_184731__rp0p75__vinf25__incm30__toff59132__Om180__om315,1.5235975485040412,0.0933930178142771,25.178058121114695,250.46050811153373,2.3481473201215977,0.2910959271560974,24.280062339434203,329.51169589709065,True,1314.2648813258731
20260811_184731__rp0p75__vinf25__incm30__toff59132__Om180__om330,1.5235990791238303,0.09338813876456167,25.17805685539335,250.46021045884686,2.1333266369630395,0.2707253604370238,24.974708968603412,316.53178916511393,True,1138.1013183109214
20260811_184731__rp0p75__vinf25__incm30__toff59132__Om180__om345,1.5235953407674128,0.09339310909354977,25.178068422512776,250.45989900304966,1.981942151219753,0.25322621668849615,24.102161890361813,314.18979415324424,True,1019.1341478154136
20260811_184731__rp0p75__vinf25__incm30__toff59132__Om180__om45,1.5235933854888843,0.09339065953178939,25.178051503433863,250.45946864854636,1.0108484277805996,0.491656484770651,20.559495881074103,247.15341275902676,True,371.21366269983486
20260811_184731__rp0p75__vinf25__incm30__toff59132__Om180__om60,1.523596381789274,0.09339064416720975,25.17806907147252,250.45980576882647,0.8129196236116781,0.7133381542798294,17.78772648701771,284.0361571740174,True,267.7110537081887
20260811_184731__rp0p75__vinf25__incm30__toff59132__Om180__om75,1.5236029995559,0.09339047319937963,25.178061084979248,250.46126000956696,1.1502320038350147,0.7267189481210432,34.19743203994196,20.039041814206918,True,450.58119560119195
20260811_184731__rp0p75__vinf25__incm30__toff59132__Om180__om90,1.5236015159585303,0.09339047602427378,25.178052531385433,250.4610970933834,-0.404491057411973,3.540764746026123,5.750905826223562,300.3722058844222,False,
20260811_184731__rp0p75__vinf25__incm30__toff59132__Om270__om0,1.5236014672572793,0.09339048629975724,25.178052507098553,250.46107786445938,-0.6722661382683539,2.0421664308403065,29.41543005754066,160.40329939642226,False,
20260811_184731__rp0p75__vinf25__incm30__toff59132__Om270__om105,1.5235948130525307,0.09339067447450118,25.178060453785367,250.45960990118502,3.896409788754704,0.563795968400182,34.27906947294859,12.140617585862232,True,2809.259323749708
20260811_184731__rp0p75__vinf25__incm30__toff59132__Om270__om120,1.52359560857128,0.0933906603905229,25.178064924744707,250.4597124926879,1.671069762486302,0.1573444305608255,29.231889258511945,315.71668402335655,True,789.0177323122225
20260811_184731__rp0p75__vinf25__incm30__toff59132__Om270__om135,1.5235951675584223,0.09339067015655546,25.178062298775124,250.4596436349243,1.306981399573463,0.18441975650596767,30.10740794803439,244.02115901347312,True,545.7566078575039
20260811_184731__rp0p75__vinf25__incm30__toff59132__Om270__om15,1.523603068811136,0.09339045294811923,25.178061241798293,250.46128696945075,-13.136949575649336,1.1011575774819948,20.780993738129535,133.23582201619112,False,
20260811_184731__rp0p75__vinf25__incm30__toff59132__Om270__om150,1.5235947722164156,0.0933906853076017,25.17806015456601,250.4595939072863,1.2560584339588003,0.21843254272027074,31.098513956488677,233.50345368625966,True,514.1734627559833
20260811_184731__rp0p75__vinf25__incm30__toff59132__Om270__om165,1.523594930054469,0.09339064205392818,25.178060310530558,250.4596555355521,1.310807047349728,0.19887308518644511,31.239279984375226,239.87568287364604,True,548.1545757880328
20260811_184731__rp0p75__vinf25__incm30__toff59132__Om270__om180,1.5235938578843258,0.09339311266676113,25.178059757581234,250.4597364274313,1.4621460067179999,0.15210671183657773,30.39078888490836,261.4477564602443,True,645.7746698694721
20260811_184731__rp0p75__vinf25__incm30__toff59132__Om270__om195,1.5236030468355513,0.09339046145089011,25.178061331640702,250.46127857359772,1.6972980925722125,0.14847554155758852,29.052750842145183,303.0752941550156,True,807.6665135364435
20260811_184731__rp0p75__vinf25__incm30__toff59132__Om270__om210,1.5235957414796935,0.09339301874646787,25.178047401887625,250.46032373270543,1.9780137405293359,0.2036705576365839,27.57709252238283,330.0560440542807,True,1016.1056086509885
20260811_184731__rp0p75__vinf25__incm30__toff59132__Om270__om225,1.5235962216858152,0.09339298221671834,25.17804691468718,250.46044008441496,2.220055781631695,0.2615231641239246,26.31695413942192,339.3241298881905,True,1208.2052610182284
20260811_184731__rp0p75__vinf25__incm30__toff59132__Om270__om240,1.5235986473866052,0.09339300716108702,25.178064794968392,250.46062405974234,2.307893155740778,0.28348419238738953,25.413306504141605,338.40966808841785,True,1280.6145774654483
20260811_184731__rp0p75__vinf25__incm30__toff59132__Om270__om255,1.523593429708136,0.09339065970660462,25.178051504004017,250.45948677330168,2.2651916536685857,0.27736214028283224,25.135876282278026,335.90567904842914,True,1245.2378744573773
20260811_184731__rp0p75__vinf25__incm30__toff59132__Om270__om270,1.5236030826507168,0.09339045300782277,25.178061461043054,250.46129266285925,2.026008931572872,0.22724616993695043,25.406500907838247,323.4432456665842,True,1053.3117423321598
20260811_184731__rp0p75__vinf25__incm30__toff59132__Om270__om285,1.5236081100295313,0.09339030148020161,25.17804444331403,250.46254135833743,1.7438474002254818,0.19037843800223056,26.555902256671313,294.69029964278485,True,841.119322131392
20260811_184731__rp0p75__vinf25__incm30__toff59132__Om270__om30,1.5235986341922227,0.09339302702304257,25.17806469502594,250.46062004057805,3.2886876107694745,0.730211469138964,21.340861732256933,130.2448467296562,True,2178.355846799906
20260811_184731__rp0p75__vinf25__incm30__toff59132__Om270__om300,1.5236080517566575,0.09339030382535551,25.178044491507286,250.46251765900286,1.450024996501918,0.2222164713455453,28.96537245628362,255.5989003040794,True,637.7612463940704
20260811_184731__rp0p75__vinf25__incm30__toff59132__Om270__om315,1.5235952373504724,0.09339066266375196,25.17806259792471,250.45967172385127,1.1636477284252744,0.3716246701789523,34.0827475502693,230.079564318899,True,458.4871639326461
20260811_184731__rp0p75__vinf25__incm30__toff59132__Om270__om330,1.5236081390463707,0.09339029358527884,25.17804468086855,250.4625527116285,0.8966781009539513,0.6565273606513717,47.359066170199604,218.6391506155044,True,310.13425481134357
20260811_184731__rp0p75__vinf25__incm30__toff59132__Om270__om345,1.5235964191100222,0.09339064668454079,25.17806895706135,250.45982122158813,1.4371363143788851,0.9843844822142267,55.15120016710606,344.17911526597345,True,629.2769695672957
20260811_184731__rp0p75__vinf25__incm30__toff59132__Om270__om45,1.5235976502257929,0.09338813899914448,25.178048158312695,250.46006974284512,2.1297447390985185,0.5994532085592046,29.57699566062585,133.08228329122034,True,1135.2361796764126
20260811_184731__rp0p75__vinf25__incm30__toff59132__Om270__om60,1.5235987289851345,0.09339300331610327,25.17806491498095,250.46065722305548,1.8397835762193642,0.5385666827935041,37.6407894303171,143.84225410322549,True,911.4754982824329
20260811_184731__rp0p75__vinf25__incm30__toff59132__Om270__om75,1.5236030458821581,0.09339045955894772,25.17806100728013,250.46127801990366,1.9384987134643101,0.513802632883167,48.713181312981625,128.69545085368915,True,985.8098835671342
20260811_184731__rp0p75__vinf25__incm30__toff59132__Om270__om90,1.5236015403091574,0.09339047088653595,25.178052543528867,250.46110670784702,6.816545754464149,0.7553538902302175,47.90895523822969,65.30887836219541,True,6500.420085769144
20260811_184731__rp0p75__vinf25__incm30__toff59132__Om90__om0,1.523593856462645,0.09339311119362216,25.178059979956156,250.45973576248872,1.6046655337652789,0.09511411396592316,32.13930680998208,271.36791335091584,True,742.4576377469749
20260811_184731__rp0p75__vinf25__incm30__toff59132__Om90__om105,1.5236081093186777,0.09339030074360752,25.17804455450157,250.4625410258732,1.7685832796106205,0.06315654627814968,31.369674945270077,349.1326506283745,True,859.0791219479095
20260811_184731__rp0p75__vinf25__incm30__toff59132__Om90__om120,1.5236088057314825,0.09339029984947644,25.17804877428153,250.46260392426507,1.6612769135521472,0.022224316464194226,30.757828626030932,52.984254943772825,True,782.0921684156582
20260811_184731__rp0p75__vinf25__incm30__toff59132__Om90__om135,1.5235952377503208,0.0933906630780726,25.17806253538178,250.45967191087195,1.5718005303890472,0.060083789514683995,30.174939312213056,129.80769657414066,True,719.7655210871486
20260811_184731__rp0p75__vinf25__incm30__toff59132__Om90__om15,1.5236030468355513,0.09339046145089011,25.178061331640702,250.46127857359772,1.8646325524057672,0.1430044973565343,32.24078258208205,307.25678484286703,True,930.0039326046959
20260811_184731__rp0p75__vinf25__incm30__toff59132__Om90__om150,1.5236081415343594,0.09339029616335838,25.17804429171217,250.46255387525338,1.509268615086316,0.1186192793559366,29.647152407749214,137.52912081126965,True,677.2432792999301
20260811_184731__rp0p75__vinf25__incm30__toff59132__Om90__om165,1.5235949104541848,0.09339065392211945,25.17806050235867,250.45964835857848,1.4803416500743452,0.18238513612656818,29.121324342045014,136.47109073420293,True,657.8665881178945
20260811_184731__rp0p75__vinf25__incm30__toff59132__Om90__om180,1.5236014686789745,0.09339048777291974,25.17805228472358,250.4610785294057,1.4822514510577998,0.25490407486378486,28.374834703170126,135.81140670934028,True,659.140077306322
20260811_184731__rp0p75__vinf25__incm30__toff59132__Om90__om195,1.523603068811136,0.09339045294811923,25.178061241798293,250.46128696945075,1.4796123273078476,0.3419884322271657,27.3431834241976,141.37097329537932,True,657.3804794082758
20260811_184731__rp0p75__vinf25__incm30__toff59132__Om90__om210,1.5235956197274965,0.09339304443631186,25.17804734117007,250.46027566203844,1.4236426061635392,0.42610806786360017,27.081043811088314,152.4598896788198,True,620.4350977542593
20260811_184731__rp0p75__vinf25__incm30__toff59132__Om90__om225,1.5235976488041048,0.09338813752600743,25.178048380687635,250.46006907786352,1.3018357834495646,0.49755262624011876,29.77095505178107,168.98577577028283,True,542.5367975235226
20260811_184731__rp0p75__vinf25__incm30__toff59132__Om90__om240,1.5235987275634444,0.09339300184294021,25.17806513735578,250.46065655812725,1.218937544606647,0.5002984409265111,36.70220966276634,183.71753948053487,True,491.5492902182448
20260811_184731__rp0p75__vinf25__incm30__toff59132__Om90__om255,1.5236000328345864,0.093390478432465,25.178043431198276,250.46093428939076,1.2719696791033668,0.35593106391113977,39.546215279412316,201.1157513693367,True,523.9743536219505
20260811_184731__rp0p75__vinf25__incm30__toff59132__Om90__om270,1.5236030461247023,0.09339046071430304,25.17806144282812,250.46127824112745,1.3126554929145888,0.25723268111202247,34.16265825139709,222.91263292472902,True,549.3144616206034
20260811_184731__rp0p75__vinf25__incm30__toff59132__Om90__om285,1.523594813763372,0.09339067521106957,25.17806034259795,250.45961023366704,1.2327912526726668,0.2878190249923698,28.912227169116743,229.65421031222235,True,499.95303436049915
20260811_184731__rp0p75__vinf25__incm30__toff59132__Om90__om30,1.5235987559449016,0.09339300133401159,25.17806475574229,250.46066811147213,2.0774575403009123,0.19387213990949664,32.51292734360177,326.54044187156666,True,1093.6871935278236
20260811_184731__rp0p75__vinf25__incm30__toff59132__Om90__om300,1.5235948545994902,0.09339066437797623,25.178060641817307,250.45962622756957,1.1532785655830107,0.3194930109159824,26.644950441629494,222.18556027064525,True,452.3725281263106
20260811_184731__rp0p75__vinf25__incm30__toff59132__Om90__om315,1.523595167158574,0.0933906697422351,25.17806236131804,250.45964344790343,1.1476236525822194,0.3294509854028886,26.84084323455108,216.62598763462088,True,449.0494079025148
20260811_184731__rp0p75__vinf25__incm30__toff59132__Om90__om330,1.5235947697284706,0.09339068272961287,25.178060543721966,250.459592743599,1.2320761101966007,0.2847976851705964,28.09344317092128,215.95276778079594,True,499.5180631601408
20260811_184731__rp0p75__vinf25__incm30__toff59132__Om90__om345,1.5235964387103451,0.09339063481641009,25.178068765232656,250.45982839860494,1.3790540854458158,0.19684386926275402,30.137031988716096,224.66231680349642,True,591.5164695301603
20260811_184731__rp0p75__vinf25__incm30__toff59132__Om90__om45,1.5235962231075006,0.09339298368986187,25.178046692312062,250.4604407493523,2.1734259448475908,0.2167591263530988,32.521572159844276,333.368894740947,True,1170.3403079681725
20260811_184731__rp0p75__vinf25__incm30__toff59132__Om90__om60,1.5235986488082949,0.0933930086342494,25.178064572593524,250.4606247246711,2.146596951137968,0.20125233312185667,32.354581832832174,336.65357699341706,True,1148.7371190484669
20260811_184731__rp0p75__vinf25__incm30__toff59132__Om90__om75,1.5235964427496433,0.09339064080995882,25.178069080391918,250.45983050348298,2.03745903481199,0.17561001035324908,32.099402535611624,337.0528114706676,True,1062.2536222339668
20260811_184731__rp0p75__vinf25__incm30__toff59132__Om90__om90,1.5236015768350997,0.09339046317993405,25.178052561744,250.46112112954455,1.905189392497649,0.1194457237853143,31.74770421025907,347.249625481428,True,960.510517220461
20260811_184731__rp0p75__vinf25__incm60__toff59132__Om0__om0,1.5235967408334783,0.09339056333881786,25.17804764503504,250.46021406360785,1.25506901866336,0.2906581713991653,25.478204675079624,182.46600562274625,True,513.5660496636223
20260811_184731__rp0p75__vinf25__incm60__toff59132__Om0__om105,1.5235991777135698,0.09338811989528416,25.178056954959615,250.46024952681228,1.65790288133457,0.07217659152448724,33.89217045670428,37.6520787807573,True,779.7107497729708
20260811_184731__rp0p75__vinf25__incm60__toff59132__Om0__om120,1.5235998847665688,0.09338812871054324,25.178061290052753,250.46031748081538,1.7881970208799525,0.1285831144824377,32.71133078134291,22.763400649896226,True,873.4095632759019
20260811_184731__rp0p75__vinf25__incm60__toff59132__Om0__om135,1.5235977567987038,0.0933930134159565,25.178057787284313,250.46055422402054,1.9035127964136767,0.17239371495606776,31.258962678076532,19.224712292408004,True,959.2429000734222
20260811_184731__rp0p75__vinf25__incm60__toff59132__Om0__om15,1.5235932953128255,0.09339068838535874,25.178051983950493,250.45943378327166,1.225475272268092,0.29270133557210776,28.299573412889355,179.5862951493837,True,495.50919848754
20260811_184731__rp0p75__vinf25__incm60__toff59132__Om0__om150,1.5235990848189847,0.09338814602189197,25.1780566748095,250.4602132843778,1.9875445888560601,0.1999850359204996,29.636131919769266,17.9695207462498,True,1023.4584429412371
20260811_184731__rp0p75__vinf25__incm60__toff59132__Om0__om165,1.5235986514175237,0.09339301178995743,25.178064401211618,250.4606259989077,2.025064744630918,0.21029742215621258,27.933199691482216,18.412331364217497,True,1052.5755111401807
20260811_184731__rp0p75__vinf25__incm60__toff59132__Om0__om180,1.5235997304808748,0.09339055148354385,25.17806553348662,250.4605487332749,2.0247449788188363,0.20673239747527913,26.200814249382148,18.977471778650735,True,1052.3262121657403
20260811_184731__rp0p75__vinf25__incm60__toff59132__Om0__om195,1.5236029976491143,0.09339046941549554,25.178060436258082,250.46125890217817,1.9851401361270822,0.18775106785468612,24.520833300705245,19.66654731372712,True,1021.6017955121794
20260811_184731__rp0p75__vinf25__incm60__toff59132__Om0__om210,1.5236030117312367,0.09339047063054981,25.178061091050903,250.4612648168094,1.914341330445606,0.1610979092449062,22.955510237278755,20.138975129174565,True,967.4398133289363
20260811_184731__rp0p75__vinf25__incm60__toff59132__Om0__om225,1.5236030350282996,0.09339046539522732,25.178060555699847,250.46127394163636,1.8360139362263055,0.12512666135917358,21.661090491205375,23.829656342902098,True,908.6755706886032
20260811_184731__rp0p75__vinf25__incm60__toff59132__Om0__om240,1.5236030130687235,0.09339046261590318,25.178060890115255,250.46126478316046,1.7683232693394553,0.10260953813356255,20.779080882861617,36.06487270075311,True,858.8896811779176
20260811_184731__rp0p75__vinf25__incm60__toff59132__Om0__om255,1.5235999827117375,0.09339048723495427,25.178043629286236,250.46091439555835,1.7532018546740427,0.11789868561002564,20.492968113410303,58.83687298734422,True,847.8963670354862
20260811_184731__rp0p75__vinf25__incm60__toff59132__Om0__om270,1.5235966897574604,0.09339057024974,25.178047518762654,250.4601936161606,1.8230109600720037,0.18284053174746304,20.41589886193011,78.23515019197036,True,899.0395799617597
20260811_184731__rp0p75__vinf25__incm60__toff59132__Om0__om285,1.5235992070484317,0.09338812127809738,25.178056897706547,250.46026163450753,1.851323850114579,0.22911578250961115,19.803143055612885,105.1148350538326,True,920.0649498587974
20260811_184731__rp0p75__vinf25__incm60__toff59132__Om0__om30,1.5235962820965734,0.09339067084199497,25.178068899475168,250.45976679139272,1.2299618356305295,0.27076031323020444,30.984727172790112,176.03794909592847,True,498.2328359941234
20260811_184731__rp0p75__vinf25__incm60__toff59132__Om0__om300,1.52359790029152,0.09339301940280363,25.178060027996757,250.46054115030495,1.838799898845457,0.27550604197091955,16.701301450481022,163.82974476847392,True,910.7445878812761
20260811_184731__rp0p75__vinf25__incm60__toff59132__Om0__om315,1.5235977243681265,0.0933930030166704,25.178057842388213,250.46054993154303,1.5237147108789388,0.2165078884865263,20.79502043220572,164.74904926319726,True,686.9899489112091
20260811_184731__rp0p75__vinf25__incm60__toff59132__Om0__om330,1.523599106560303,0.09338813772825111,25.178056858334905,250.4602216246964,1.3976865357558208,0.25078721620753053,21.526543626558034,181.3180455870893,True,603.5448724474419
20260811_184731__rp0p75__vinf25__incm60__toff59132__Om0__om345,1.5235987280317467,0.09339300142417409,25.17806459062021,250.4606566693689,1.3077388712501445,0.2780492854265435,23.092513811677602,184.31101959035462,True,546.2311230997977
20260811_184731__rp0p75__vinf25__incm60__toff59132__Om0__om45,1.5235970038296798,0.0933906436656858,25.178026607229025,250.46061602867175,1.2589814631082459,0.23061486817902657,32.98122474466148,171.9476925201441,True,515.969340278739
20260811_184731__rp0p75__vinf25__incm60__toff59132__Om0__om60,1.5235962800482568,0.09339067812004549,25.178069211598608,250.45976649268218,1.3237425177582889,0.1709150605904642,34.34557664792211,168.6059393574223,True,556.2886125506672
20260811_184731__rp0p75__vinf25__incm60__toff59132__Om0__om75,1.523593282184263,0.09339068906253754,25.1780516535183,250.4594284223793,1.414575005439545,0.10138500339084473,34.87682355568527,158.27843243803437,True,614.5169445635802
20260811_184731__rp0p75__vinf25__incm60__toff59132__Om0__om90,1.523599588174247,0.09339058714883161,25.178065340238188,250.4604929303219,1.5285896331738424,0.04344670596854378,34.6449266884573,111.66266465560133,True,690.2894837805478
20260811_184731__rp0p75__vinf25__incm60__toff59132__Om180__om0,1.5235967188580761,0.09339057184187957,25.178047734876888,250.4602056678996,2.199506887691577,0.24265966394480984,22.734330999790167,347.7238164883786,True,1191.4693691473242
20260811_184731__rp0p75__vinf25__incm60__toff59132__Om180__om105,1.5235992056267404,0.09338811980494889,25.17805712008134,250.46026096953153,2.943304786055444,0.4620389538901471,20.47968406850334,77.90402274287295,True,1844.3687165724275
20260811_184731__rp0p75__vinf25__incm60__toff59132__Om180__om120,1.5235978985144092,0.09339301756135733,25.178060305965403,250.46054031914088,2.176400592647345,0.5739736122690039,17.358806937841948,92.80284379524923,True,1172.7437998894738
20260811_184731__rp0p75__vinf25__incm60__toff59132__Om180__om135,1.5235977253455368,0.09339300402946465,25.17805768950544,250.46055038868377,1.8342227751538673,0.44465508433533746,16.979878217681524,128.15498842289747,True,907.3461793992436
20260811_184731__rp0p75__vinf25__incm60__toff59132__Om180__om15,1.5235999789149635,0.09339048239670768,25.178043749676096,250.46091251195094,2.025659818641734,0.18841571196178816,22.923923617022982,359.38446391921036,True,1053.0395010040947
20260811_184731__rp0p75__vinf25__incm60__toff59132__Om180__om150,1.523599107981994,0.09338813920139871,25.17805663596008,250.460222289673,1.5762507672389783,0.36591043303589865,14.187432342807805,149.1167589721948,True,722.8244905622072
20260811_184731__rp0p75__vinf25__incm60__toff59132__Om180__om165,1.5235987280317467,0.09339300142417409,25.17806459062021,250.4606566693689,1.4886485543991907,0.25205484152474256,12.115122061106007,169.43362714028,True,663.4117547697037
20260811_184731__rp0p75__vinf25__incm60__toff59132__Om180__om180,1.5235997524563638,0.09339054298062366,25.17806544364406,250.4605571290491,1.4498857483544711,0.13770488209723447,13.907175322902482,193.92800259611306,True,637.6693807984597
20260811_184731__rp0p75__vinf25__incm60__toff59132__Om180__om195,1.5235963140405442,0.09339067538038764,25.178068670840844,250.45978017303807,1.345044293066562,0.15261383398515513,17.5720701911198,230.7703527679597,True,569.7702530301107
20260811_184731__rp0p75__vinf25__incm60__toff59132__Om180__om210,1.5235962820965734,0.09339067084199497,25.178068899475168,250.45976679139272,1.2290966077088858,0.2244846021937607,19.37254468907723,234.23537929422707,True,497.70719878270086
20260811_184731__rp0p75__vinf25__incm60__toff59132__Om180__om225,1.5236030363018545,0.09339061253953196,25.178060758138464,250.46130647600972,1.1800231123299059,0.2560482978252487,19.069553865800426,230.15091771297867,True,468.1991951318955
20260811_184731__rp0p75__vinf25__incm60__toff59132__Om180__om240,1.5235962807590993,0.09339067885661924,25.178069100411264,250.45976682516164,1.2219434267631355,0.23204708269875068,18.152988285715836,230.32985685733613,True,493.3686407303584
20260811_184731__rp0p75__vinf25__incm60__toff59132__Om180__om255,1.523593282184263,0.09339068906253754,25.1780516535183,250.4594284223793,1.3465128321322997,0.1619786861185265,17.400623444277425,236.03796577619525,True,570.7036329488902
20260811_184731__rp0p75__vinf25__incm60__toff59132__Om180__om270,1.5235965751303253,0.09339060603495962,25.178047764001285,250.46014920029074,1.5530305248768375,0.0992277199510804,17.3968455635396,273.3267824558843,True,706.9112287713515
20260811_184731__rp0p75__vinf25__incm60__toff59132__Om180__om285,1.5235991791352608,0.09338812136843232,25.17805673258479,250.46025019178853,1.8245479627235646,0.139093550899857,18.09325808449763,322.2767356064216,True,900.1768063412723
20260811_184731__rp0p75__vinf25__incm60__toff59132__Om180__om30,1.5236030117312367,0.09339047063054981,25.178061091050903,250.4612648168094,1.8301017375181388,0.11753406688023067,23.135611259621463,3.394053608442655,True,904.2900293347071
20260811_184731__rp0p75__vinf25__incm60__toff59132__Om180__om300,1.5235998865436844,0.09338813055198496,25.17806101208431,250.46031831203254,2.1111015821748476,0.21970755435468375,19.112907104990366,336.8217242351528,True,1120.362564993117
20260811_184731__rp0p75__vinf25__incm60__toff59132__Om180__om315,1.5235977558212932,0.09339301240316232,25.178057940167104,250.46055376687988,2.334720195561643,0.2763275525282037,20.180512643717886,341.9474237753136,True,1303.0082107129224
20260811_184731__rp0p75__vinf25__incm60__toff59132__Om180__om330,1.5235990833972939,0.09338814454874456,25.178056897184312,250.46021261940112,2.4097222366869984,0.2944532852178947,21.164434244289524,344.21243607555556,True,1366.2978039384416
20260811_184731__rp0p75__vinf25__incm60__toff59132__Om180__om345,1.5235986514175237,0.09339301178995743,25.178064401211618,250.4606259989077,2.5580898926019375,0.325390115289616,22.187114159260354,346.8558756501435,True,1494.4059737858488
20260811_184731__rp0p75__vinf25__incm60__toff59132__Om180__om45,1.5235970025564964,0.09339049652217891,25.178026404790344,250.46058349236847,1.6620576696669922,0.05690904671877556,23.048702354862485,15.169927699365562,True,782.6435770728606
20260811_184731__rp0p75__vinf25__incm60__toff59132__Om180__om60,1.5236030123578745,0.09339046187931627,25.17806100130266,250.46126445068995,1.556180480401811,0.03216740296383054,22.5221954463597,82.91303216936399,True,709.0630225871693
20260811_184731__rp0p75__vinf25__incm60__toff59132__Om180__om75,1.5235999827117375,0.09339048723495427,25.178043629286236,250.46091439555835,1.6197586312592112,0.13019777506170727,21.451502101926515,103.04390235643366,True,752.957297314489
20260811_184731__rp0p75__vinf25__incm60__toff59132__Om180__om90,1.523599702801836,0.09339055136436188,25.17806509499694,250.4605373464804,2.1945345483511227,0.4124783797217515,20.082336708928757,91.67155810099096,True,1187.431391002057
20260811_184731__rp0p75__vinf25__incm60__toff59132__Om270__om0,1.523600076401491,0.09339047133323146,25.17804377680987,250.46095166836898,1.4352292751351174,0.3126801025343053,16.78452139365277,187.0400417950579,True,628.0248360716572
20260811_184731__rp0p75__vinf25__incm60__toff59132__Om270__om105,1.5235949097433434,0.09339065318555069,25.17806061354609,250.45964802609666,-1.4593615899605354,1.9898978757624504,12.16236007395333,61.346111938105196,False,
20260811_184731__rp0p75__vinf25__incm60__toff59132__Om270__om120,1.5235956545837732,0.09339065112495913,25.17806489191961,250.45973068585414,2.121600279517982,0.31449641459078664,19.12449706961629,326.9861723005092,True,1128.7304421863773
20260811_184731__rp0p75__vinf25__incm60__toff59132__Om270__om135,1.523595165542136,0.0933906709144644,25.178062255941413,250.45964285825937,1.5010222190062168,0.17559031920529924,25.539954165688705,272.84819776827874,True,671.7003487605374
20260811_184731__rp0p75__vinf25__incm60__toff59132__Om270__om15,1.5235999934653335,0.09339048319289116,25.178043857733122,250.46091853782673,1.4907209394430962,0.3377420433669519,19.655209263087198,169.69208894096946,True,664.7975650461804
20260811_184731__rp0p75__vinf25__incm60__toff59132__Om270__om150,1.5235948997006603,0.09339065796430249,25.178060273912173,250.459644216367,1.3567701667759393,0.20090526335236605,28.752317906222363,251.12527847403265,True,577.2372123614429
20260811_184731__rp0p75__vinf25__incm60__toff59132__Om270__om165,1.5235964136490383,0.09339063921784407,25.17806886427681,250.45981845175135,1.3373258191572905,0.21338267194630164,29.760521077828376,250.68038839748272,True,564.8728956784728
20260811_184731__rp0p75__vinf25__incm60__toff59132__Om270__om180,1.5235963972929607,0.09339064685517695,25.178069503890715,250.45981234841264,1.4164156568612347,0.20846666133526764,29.148190680519004,258.49074008738376,True,615.7167530100102
20260811_184731__rp0p75__vinf25__incm60__toff59132__Om270__om195,1.5236029171719443,0.09339049412755249,25.178060597727946,250.46122768876023,1.5344823188124646,0.18068672026687288,27.512139063225067,276.8119041876302,True,694.2849085618558
20260811_184731__rp0p75__vinf25__incm60__toff59132__Om270__om210,1.5235997612374503,0.09339055433966975,25.178065253859128,250.46056150558906,1.7079709525524926,0.1760139856215213,25.485234877141824,300.3898380713348,True,815.2965656274525
20260811_184731__rp0p75__vinf25__incm60__toff59132__Om270__om225,1.5236000630801623,0.09339056076487094,25.178064008438298,250.46060774690855,1.8736420341653837,0.19354889184255497,23.54930345591721,315.79000039314457,True,936.7524202630023
20260811_184731__rp0p75__vinf25__incm60__toff59132__Om270__om240,1.52359964334711,0.0933905656821193,25.178064842264025,250.4605139753599,1.9543894032083104,0.21000983172716692,22.197734223367664,318.46958807986977,True,997.9563390130735
20260811_184731__rp0p75__vinf25__incm60__toff59132__Om270__om255,1.523593306534626,0.09339068392435446,25.178051665661716,250.4594380367021,1.8915810080719337,0.20906118235623317,21.672771906153454,306.6784964145671,True,950.2378159767237
20260811_184731__rp0p75__vinf25__incm60__toff59132__Om270__om270,1.523599991174463,0.0933904893155936,25.1780437343074,250.46091801782387,1.6895304128532183,0.21381575313806586,22.045918611083163,278.21565043572514,True,802.1284367658862
20260811_184731__rp0p75__vinf25__incm60__toff59132__Om270__om285,1.5236082013451768,0.09339028221501035,25.178044488852336,250.46257741300133,1.4111624683021293,0.2955615030576163,22.810842851374876,244.81833967851423,True,612.2945845256648
20260811_184731__rp0p75__vinf25__incm60__toff59132__Om270__om30,1.52359973688688,0.09339055947749995,25.178065241715863,250.46055189115884,1.4957111488938637,0.36380702621109334,23.40388220441459,161.62985644554544,True,668.1384859899897
20260811_184731__rp0p75__vinf25__incm60__toff59132__Om270__om300,1.5236089600569325,0.09339026995085009,25.178048516615785,250.46266501282884,1.1497597691597496,0.4598528617943935,21.49866754030148,229.3471420550485,True,450.3037408492197
20260811_184731__rp0p75__vinf25__incm60__toff59132__Om270__om315,1.5235952385613805,0.09339066202037292,25.178062647328147,250.45967217928785,1.0232353242538368,0.5538900479692237,15.657481783464611,246.2571717634977,True,378.05777939346837
20260811_184731__rp0p75__vinf25__incm60__toff59132__Om270__om330,1.523608212809744,0.09339027890972634,25.17804460611166,250.46258188782707,1.1072737993447863,0.4328588411235963,14.974850574260877,259.617835656962,True,425.576293458622
20260811_184731__rp0p75__vinf25__incm60__toff59132__Om270__om345,1.5235964488372598,0.09339063952545737,25.1780690834277,250.4598329070766,1.2977232307442144,0.3206364761437121,15.218540938155655,223.16758770859425,True,539.9679849068158
20260811_184731__rp0p75__vinf25__incm60__toff59132__Om270__om45,1.523593617584949,0.09339060524795913,25.178030412023833,250.45982683691963,1.4609130806681374,0.3979147213524747,28.037829710728474,160.87159237007518,True,644.958036774542
20260811_184731__rp0p75__vinf25__incm60__toff59132__Om270__om60,1.5235996619367886,0.09339057247188169,25.178065265480594,250.4605221060712,1.3935186023366182,0.46178559963679794,34.07655630035012,161.47899362047085,True,600.8472090221044
20260811_184731__rp0p75__vinf25__incm60__toff59132__Om270__om75,1.523599970536449,0.0933904898038662,25.17804362321447,250.46090958833872,1.3165694015358786,0.5614715792713257,45.736300797681935,162.82552041287266,True,551.7731056980849
20260811_184731__rp0p75__vinf25__incm60__toff59132__Om270__om90,1.5236029250821854,0.09339048713919912,25.17806127092414,250.46123050117683,2.2433348415157783,0.804329764626049,94.6389388015176,143.69800154026848,True,1227.2584882604665
20260811_184731__rp0p75__vinf25__incm60__toff59132__Om90__om0,1.5235933856733128,0.09339066722527738,25.178051705127935,250.45946928325884,1.599872560148778,0.1615806726030485,31.059632858313083,250.04817349904482,True,739.1336541593414
20260811_184731__rp0p75__vinf25__incm60__toff59132__Om90__om105,1.5236081999234692,0.09339028074182149,25.17804471122744,250.4625767480731,1.6076764904628456,0.06812171315810242,33.9068145151574,140.29773869270343,True,744.548312799653
20260811_184731__rp0p75__vinf25__incm60__toff59132__Om90__om120,1.5236089582797963,0.09339026810935717,25.178048794584534,250.4626641816718,1.5800300310858495,0.11073420243308711,32.29299062410091,135.31036288932103,True,725.4256451135851
20260811_184731__rp0p75__vinf25__incm60__toff59132__Om90__om135,1.5235952395387877,0.09339066303315668,25.17806249444546,250.4596726364495,1.550362940519034,0.14967362248477456,30.312979226803428,137.26132007990074,True,705.0906573418856
20260811_184731__rp0p75__vinf25__incm60__toff59132__Om90__om15,1.5235998984381123,0.09339050710929413,25.17804391114416,250.46088129873198,1.736052099885614,0.1432075863283066,32.67566601663664,271.8447299954487,True,835.4857058083321
20260811_184731__rp0p75__vinf25__incm60__toff59132__Om90__om150,1.5236082142314515,0.09339028038291532,25.178044383736566,250.46258255275518,1.516355269043958,0.18516036972479608,28.02855717502579,141.11769737102216,True,682.0187892118456
20260811_184731__rp0p75__vinf25__incm60__toff59132__Om90__om165,1.5235964488372598,0.09339063952545737,25.1780690834277,250.4598329070766,1.471224742400635,0.22505207503778268,25.531840866817863,148.2336388166179,True,651.798598682349
20260811_184731__rp0p75__vinf25__incm60__toff59132__Om90__om180,1.523603088027537,0.09339045098682273,25.178061575266312,250.46129473401123,1.41414505655253,0.27384387061494186,22.800137853601047,156.56070123248563,True,614.2367995043231
20260811_184731__rp0p75__vinf25__incm60__toff59132__Om90__om195,1.5236030121995423,0.09339047021178153,25.17806054431549,250.4612649280559,1.3310983957269837,0.34475327595347827,19.933639629108725,166.2401708390942,True,560.9318915676531
20260811_184731__rp0p75__vinf25__incm60__toff59132__Om90__om210,1.52359973688688,0.09339055947749995,25.178065241715863,250.46055189115884,1.2197576884226948,0.44748394298667604,17.51517595101018,178.56089527381172,True,492.0454709906274
20260811_184731__rp0p75__vinf25__incm60__toff59132__Om90__om225,1.5235996500499995,0.09339057409670799,25.178064563241474,250.46051728557845,1.1010799504395492,0.5824106017373212,19.51252555146378,190.61674186367398,True,422.0104199002992
20260811_184731__rp0p75__vinf25__incm60__toff59132__Om90__om240,1.5235996626476345,0.09339057320846209,25.178065154293176,250.46052243854615,1.1211331428665468,0.5618875480231846,32.0477905069277,202.70458400599645,True,433.59141965162564
20260811_184731__rp0p75__vinf25__incm60__toff59132__Om90__om255,1.523599970536449,0.0933904898038662,25.17804362321447,250.46090958833872,1.2983021869882994,0.34569197086823905,33.24668227318846,224.9600514681513,True,540.3293709408679
20260811_184731__rp0p75__vinf25__incm60__toff59132__Om90__om270,1.5235999120350912,0.09339050601352959,25.178043694840827,250.4608867709015,1.319135030452796,0.27179586644943177,28.09646845530686,239.34915713748825,True,553.3867705208864
20260811_184731__rp0p75__vinf25__incm60__toff59132__Om90__om285,1.5235949111650262,0.09339065465868832,25.178060391171247,250.4596486910603,1.2588827237932592,0.2831444685807616,24.336876153495744,239.88673357046707,True,515.9086418549098
20260811_184731__rp0p75__vinf25__incm60__toff59132__Om90__om30,1.5235997612374503,0.09339055433966975,25.178065253859128,250.46056150558906,1.8000434761361788,0.13752478825838405,33.71403780560247,283.25716842824875,True,882.1031731326275
20260811_184731__rp0p75__vinf25__incm60__toff59132__Om90__om300,1.5235956563608786,0.09339065296638796,25.178064613951165,250.45973151705533,1.218421798459497,0.3019775489134113,22.759206829054364,233.80526511153488,True,491.2373531929582
20260811_184731__rp0p75__vinf25__incm60__toff59132__Om90__om315,1.5235951645647288,0.0933906699016811,25.178062408824086,250.45964240109737,1.237476979372717,0.30037992108168393,23.520461606557845,227.08282545987385,True,502.80615476324226
20260811_184731__rp0p75__vinf25__incm60__toff59132__Om90__om330,1.5235948982789775,0.09339065649116492,25.178060496287,250.4596435514033,1.318468187614799,0.2681910129554664,25.87829438549554,225.22708725166817,True,552.9672054018243
20260811_184731__rp0p75__vinf25__incm60__toff59132__Om90__om345,1.5235964136490383,0.09339063921784407,25.17806886427681,250.45981845175135,1.4433125196092507,0.20864651377254448,28.740969985729453,232.0358527858318,True,633.3378749596933
20260811_184731__rp0p75__vinf25__incm60__toff59132__Om90__om45,1.5235940306143472,0.09339059191322444,25.178029857259446,250.45991729818698,1.7829841680331184,0.12204210677032892,34.45204921508726,281.9743912633911,True,869.5931752629115
20260811_184731__rp0p75__vinf25__incm60__toff59132__Om90__om60,1.523599642636264,0.09339056494553902,25.1780649534514,250.46051364288496,1.7262434616292321,0.09260107621635835,35.032147422296234,272.10861060460917,True,828.4150158257813
20260811_184731__rp0p75__vinf25__incm60__toff59132__Om90__om75,1.523593306534626,0.09339068392435446,25.178051665661716,250.4594380367021,1.6714139392950427,0.05548629158313338,35.238984071615434,251.16105670937503,True,789.2615063247778
20260811_184731__rp0p75__vinf25__incm60__toff59132__Om90__om90,1.5236030042218704,0.09339047044179094,25.178061310389896,250.4612617482472,1.6312153524002584,0.03721550055920623,34.819771631172976,188.1608951583039,True,760.9600246155828
20260811_184731__rp0p75__vinf25__incm90__toff59132__Om0__om0,1.5235967933213697,0.09339056990342291,25.178047826918455,250.46022723558693,1.2457854775224646,0.33084867247859767,22.706367434922825,180.2423380177474,True,507.8784531042897
20260811_184731__rp0p75__vinf25__incm90__toff59132__Om0__om105,1.5235977241580965,0.09338813684940936,25.178048510973582,250.46009110312139,1.634502646407636,0.11931065017216805,30.648521716088858,78.39718088870204,True,763.2614612565485
20260811_184731__rp0p75__vinf25__incm90__toff59132__Om0__om120,1.5235991826879465,0.09338813841842021,25.17805716354846,250.46024407916346,1.7113424263157027,0.1325240735386208,29.44405997337166,56.122207486917965,True,817.711806074868
20260811_184731__rp0p75__vinf25__incm90__toff59132__Om0__om135,1.5235975977727423,0.0933930201392338,25.178058333046955,250.46051966970958,1.7716975961466725,0.14744945789843864,28.057705454651877,41.97631625791476,True,861.3492625217651
20260811_184731__rp0p75__vinf25__incm90__toff59132__Om0__om15,1.523599674570418,0.09339058148643037,25.178065002801556,250.46051908399954,1.2472170846347392,0.320503706809246,26.086291406390195,172.62908046874307,True,508.7541551360345
20260811_184731__rp0p75__vinf25__incm90__toff59132__Om0__om150,1.5235991332759997,0.09338814795775144,25.178057250449136,250.46022451737247,1.808620839587851,0.15801577896811286,26.58913487617164,32.07663633779111,True,888.4156253958056
20260811_184731__rp0p75__vinf25__incm90__toff59132__Om0__om165,1.5235987050929878,0.09339302003730601,25.17806463408696,250.46063977980089,1.8235134566284363,0.15600759495274724,25.128594811699934,25.176566252639752,True,899.411323823439
20260811_184731__rp0p75__vinf25__incm90__toff59132__Om0__om180,1.5235967661275216,0.09339057209513409,25.178048259524978,250.46021629128154,1.8154400574884049,0.1504402561780196,23.67869048426195,15.232719460852632,True,893.444877437917
20260811_184731__rp0p75__vinf25__incm90__toff59132__Om0__om195,1.5235997318926082,0.09339056495893414,25.178065589096637,250.46054145769278,1.792192285663375,0.12723947756575327,22.331586926818982,11.257279666182203,True,876.338310054277
20260811_184731__rp0p75__vinf25__incm90__toff59132__Om0__om210,1.5235937208433064,0.09339060311565353,25.178029998516994,250.45986013835682,1.7592297885665902,0.11218404593590169,21.07235923516497,4.585463613198327,True,852.2730342083903
20260811_184731__rp0p75__vinf25__incm90__toff59132__Om0__om225,1.5235997668965526,0.09339055757329953,25.17806560655257,250.46055527843504,1.7223002123535638,0.08970616942220654,19.978560083846023,0.7725975727663381,True,825.5781210511815
20260811_184731__rp0p75__vinf25__incm90__toff59132__Om0__om240,1.5235937212441777,0.09339059593864463,25.178030891054107,250.4598598820589,1.6986601155683252,0.07051555971934409,19.211542827551146,6.129025561472981,True,808.6388951970636
20260811_184731__rp0p75__vinf25__incm90__toff59132__Om0__om255,1.5235997347359922,0.09339056790525656,25.17806514434708,250.46054278759178,1.7139763925277487,0.07373951714007805,18.876601074416296,36.00085494987475,True,819.6003706659216
20260811_184731__rp0p75__vinf25__incm90__toff59132__Om0__om270,1.5235967474637926,0.09339058312568504,25.178047357881358,250.4602093367366,1.7599477477780312,0.10102166478513518,18.64347891869396,72.09517253644607,True,852.7948191158949
20260811_184731__rp0p75__vinf25__incm90__toff59132__Om0__om285,1.523597751351979,0.09338813465765994,25.17804807836721,250.46010204771636,1.6971077841115585,0.0913053685631247,17.898507414394157,127.37598655739744,True,807.5306787090509
20260811_184731__rp0p75__vinf25__incm90__toff59132__Om0__om30,1.5235996487981596,0.0933905851511117,25.178065213033083,250.46050880462474,1.2793428104412778,0.2954938416710872,28.724833616790722,165.7816209289188,True,528.5368738197478
20260811_184731__rp0p75__vinf25__incm90__toff59132__Om0__om300,1.5235987036712977,0.09339301856414335,25.178064856461827,250.46063911487244,1.5353390745803124,0.12928086012432652,16.25911703339715,183.93629250449294,True,694.8664554594087
20260811_184731__rp0p75__vinf25__incm90__toff59132__Om0__om315,1.5235976241669198,0.09339301711902902,25.178058025526305,250.46053023971228,1.3948591677521274,0.22517948530811657,16.537033659008898,204.57600659033753,True,601.7144403667356
20260811_184731__rp0p75__vinf25__incm90__toff59132__Om0__om330,1.5235991590482407,0.09338814429294533,25.178057040217702,250.4602347969997,1.3116703205846305,0.2884181937464647,17.375530516362588,198.83619338532876,True,548.6961716060181
20260811_184731__rp0p75__vinf25__incm90__toff59132__Om0__om345,1.5235957636794457,0.09339302203635194,25.178047316664138,250.46032424361266,1.2672294487617473,0.3204616743295501,19.585850537726333,188.27835474655865,True,521.0480531561203
20260811_184731__rp0p75__vinf25__incm90__toff59132__Om0__om45,1.5235997669739738,0.09339070166989592,25.17806504908253,250.46058703886416,1.321467826017104,0.25157890204853073,30.684497471484796,157.60555560743086,True,554.8553564562602
20260811_184731__rp0p75__vinf25__incm90__toff59132__Om0__om60,1.5235996434213641,0.0933905871721528,25.17806509880988,250.46050673349367,1.3850732924574336,0.2106469955390032,31.69120560199566,145.88924803405388,True,595.3934121540249
20260811_184731__rp0p75__vinf25__incm90__toff59132__Om0__om75,1.5235996616842886,0.09339058331877058,25.178065107917316,250.4605139443122,1.4649311331661556,0.15732237528026136,31.926709074537424,130.8254117412566,True,647.620675998445
20260811_184731__rp0p75__vinf25__incm90__toff59132__Om0__om90,1.5235996373337226,0.09339058845661384,25.178065095774055,250.46050432988778,1.5493058837993599,0.12574864415045897,31.52868309561897,106.96467738013085,True,704.369670912362
20260811_184731__rp0p75__vinf25__incm90__toff59132__Om180__om0,1.5235967689708945,0.0933905750414133,25.178047814774956,250.46021762120125,2.1563895788626013,0.23072985738719515,23.868888949536103,3.268348577277095,True,1156.6067668771148
20260811_184731__rp0p75__vinf25__incm90__toff59132__Om180__om105,1.523597748508602,0.09338813171138449,25.178048523117095,250.46010071775407,2.0422949611122214,0.3252081386971748,29.209669776554332,88.21418452956277,True,1066.037767414254
20260811_184731__rp0p75__vinf25__incm90__toff59132__Om180__om120,1.5235971964362607,0.09339302726950789,25.178056179464384,250.4604669250753,1.8075655103416408,0.2912765666161543,28.22729379693936,116.11633868061222,True,887.6381538077225
20260811_184731__rp0p75__vinf25__incm90__toff59132__Om180__om135,1.523597622123243,0.09339301500136893,25.178058345190298,250.46052928387235,1.595361872277269,0.27317933440241493,25.950836425643896,136.27406626200582,True,736.0099833630097
20260811_184731__rp0p75__vinf25__incm90__toff59132__Om180__om15,1.523599735446838,0.09339056864183712,25.178065033159722,250.4605431200665,2.073437038226658,0.20411442161793233,25.17544010937537,8.881012704239373,True,1090.5138120766328
20260811_184731__rp0p75__vinf25__incm90__toff59132__Om180__om150,1.52359915762655,0.09338814281979745,25.178057262592507,250.4602341320235,1.4400233533644924,0.27163107293724126,24.78518156545398,161.65493729069146,True,631.1741374580265
20260811_184731__rp0p75__vinf25__incm90__toff59132__Om180__om165,1.5235987781445997,0.09339300462389476,25.17806467051677,250.46066862233988,1.3369176202967432,0.2622026127356719,23.296726960051366,181.24851251776926,True,564.6142868119701
20260811_184731__rp0p75__vinf25__incm90__toff59132__Om180__om180,1.5235967904779966,0.0933905669571433,25.17804827166846,250.46022590566741,1.2684177755319987,0.26104769947205647,22.02160646726472,195.16282479245615,True,521.7811332828236
20260811_184731__rp0p75__vinf25__incm90__toff59132__Om180__om195,1.523599671016188,0.09339057780352865,25.1780655587385,250.46051742162516,1.225750860958699,0.26205148241491505,20.83233502927483,206.7401607580456,True,495.67635535882476
20260811_184731__rp0p75__vinf25__incm90__toff59132__Om180__om210,1.5235936234418057,0.0933906236683049,25.17802994994204,250.4598216810148,1.2080596083108361,0.25079273692827814,19.448036030104717,212.2070002305522,True,484.98403014651524
20260811_184731__rp0p75__vinf25__incm90__toff59132__Om180__om225,1.523599763419744,0.09339069798699075,25.17806560501944,250.46058537649483,1.228318237147689,0.22097347875981377,17.89464518205236,212.95062912481325,True,497.2344866027088
20260811_184731__rp0p75__vinf25__incm90__toff59132__Om180__om240,1.52359361166749,0.09339061906038099,25.178030836407267,250.4598166175473,1.2905333081346466,0.16558000503488757,16.399819061887857,212.29212422829005,True,535.4867378308463
20260811_184731__rp0p75__vinf25__incm90__toff59132__Om180__om255,1.5235996616842886,0.09339058331877058,25.178065107917316,250.4605139443122,1.3972352906691612,0.08839322043748621,15.462698710097806,211.5436926955021,True,603.2526130585401
20260811_184731__rp0p75__vinf25__incm90__toff59132__Om180__om270,1.523596625711435,0.09339060881568628,25.178047297163822,250.46016126483204,1.5458847725412803,0.018435268420634025,15.32293651022756,290.2459403991377,True,702.0379206601242
20260811_184731__rp0p75__vinf25__incm90__toff59132__Om180__om285,1.523597727001473,0.0933881397956844,25.178048066223717,250.4600924330839,1.7235986197028597,0.09037910433089662,16.119316178400993,354.9490002572806,True,826.5118769909834
20260811_184731__rp0p75__vinf25__incm90__toff59132__Om180__om30,1.523599746200431,0.09339056459975913,25.17806526160609,250.46054726233132,1.9638488421215008,0.16545841745742815,26.290004351414954,16.75683371787669,True,1005.2104107279167
20260811_184731__rp0p75__vinf25__incm90__toff59132__Om180__om300,1.5236006899240195,0.09338812971361157,25.178065840552012,250.46041628546064,1.9078054876875628,0.16201656182383023,17.43990538657983,355.7557162353383,True,962.4895719221187
20260811_184731__rp0p75__vinf25__incm90__toff59132__Om180__om315,1.5235975998164186,0.0933930222568937,25.178058013382962,250.46052062554963,2.0674585129306267,0.21198645305307864,19.06008906018314,355.530601991341,True,1085.800650537496
20260811_184731__rp0p75__vinf25__incm90__toff59132__Om180__om330,1.5235991346976907,0.09338814943089911,25.178057028074342,250.4602251823489,2.171673661646163,0.23972884796169458,20.76481829705683,356.340137467405,True,1168.9252464638923
20260811_184731__rp0p75__vinf25__incm90__toff59132__Om180__om345,1.5235956906281227,0.09339303745025102,25.178047280233578,250.46029540120995,2.1912430132963965,0.24504643112563204,22.364402988548385,359.45183888851886,True,1184.7608888720981
20260811_184731__rp0p75__vinf25__incm90__toff59132__Om180__om45,1.5235997704507824,0.09339056125620321,25.178065050615626,250.46055694080832,1.849633318707616,0.12551941585263968,27.158375871533064,30.298061084337288,True,918.8050053361318
20260811_184731__rp0p75__vinf25__incm90__toff59132__Om180__om60,1.5235997529989194,0.09339056405188159,25.17806515345453,250.46054999841326,1.763234762882348,0.10914640184192062,27.662349028159664,54.07697053648155,True,855.185053052641
20260811_184731__rp0p75__vinf25__incm90__toff59132__Om180__om75,1.5235997347359922,0.09339056790525656,25.17806514434708,250.46054278759178,1.7615994668601964,0.15077024732558508,27.645227725889416,78.01701860302231,True,853.9956285562236
20260811_184731__rp0p75__vinf25__incm90__toff59132__Om180__om90,1.5235997590865618,0.09339056276742362,25.17806515649034,250.46055240202054,1.931027410076589,0.23463161594215154,27.398232521249234,85.00916073485766,True,980.1161603716952
20260811_184731__rp0p75__vinf25__incm90__toff59132__Om270__om0,1.5235999430417144,0.09339051747694958,25.17804371032978,250.460903070165,1.524568180726183,0.2213027177357791,19.191444831967416,144.49492087899785,True,687.5672295189321
20260811_184731__rp0p75__vinf25__incm90__toff59132__Om270__om105,1.523593311768885,0.0933906990522756,25.178051891381998,250.45944405677557,1.1314113240080872,0.6827947612249187,12.481814485854498,205.07580920433972,True,439.56760048996296
20260811_184731__rp0p75__vinf25__incm90__toff59132__Om270__om120,1.523594818997653,0.09339069033902649,25.17806056831796,250.45961625369296,1.4602481051282779,0.29082255762247444,17.341125472129814,235.6612981850298,True,644.5177307943397
20260811_184731__rp0p75__vinf25__incm90__toff59132__Om270__om135,1.5235951912332366,0.09339068161510193,25.178062505805727,250.45965694882352,1.4493913296983845,0.2124216016356203,23.315669298793896,244.20513140873172,True,637.3432356941472
20260811_184731__rp0p75__vinf25__incm90__toff59132__Om270__om15,1.5236029558464104,0.09339049744751961,25.17806085086466,250.46124657915658,1.5170687764384243,0.23632962275327862,22.33237431763187,141.5756561153356,True,682.500222586029
20260811_184731__rp0p75__vinf25__incm90__toff59132__Om270__om150,1.5235948182868118,0.09339068960245799,25.17806067950541,250.45961592121105,1.3920887792469925,0.2145222476211407,26.634628156263446,246.29605054252838,True,599.9226952030015
20260811_184731__rp0p75__vinf25__incm90__toff59132__Om270__om165,1.5235963229031806,0.09339067637104304,25.1780688190491,250.4597866792031,1.3598873224242884,0.23380435502474592,28.096379864521197,248.32668932660926,True,579.2276430614758
20260811_184731__rp0p75__vinf25__incm90__toff59132__Om270__om180,1.523593310347205,0.09339069757914964,25.178052113756966,250.4594433918065,1.3626098854071496,0.24759938559741218,27.91310200523886,251.90946811928396,True,580.9679778127804
20260811_184731__rp0p75__vinf25__incm90__toff59132__Om270__om195,1.5236029546672565,0.09339049712970134,25.17806150878747,250.46124613543964,1.405818232559331,0.24450868303855156,26.288382723794236,255.8667474834051,True,608.8196339533384
20260811_184731__rp0p75__vinf25__incm90__toff59132__Om270__om210,1.5235936200731486,0.09339063441035095,25.178030044580954,250.45983266227876,1.4732934707654382,0.23024286735695723,24.25436778350119,261.56348847295993,True,653.1738489442043
20260811_184731__rp0p75__vinf25__incm90__toff59132__Om270__om225,1.523600051874152,0.09339057404238588,25.17806489521094,250.46060696471352,1.5395195023818262,0.21417284584752536,21.994995087395058,265.5675864206411,True,697.7063644353983
20260811_184731__rp0p75__vinf25__incm90__toff59132__Om270__om240,1.5235936060737103,0.09339061674022242,25.178030577134972,250.45982573695167,1.5658397850117773,0.2109214880233513,19.9999624796418,264.07773135040867,True,715.6750508483701
20260811_184731__rp0p75__vinf25__incm90__toff59132__Om270__om255,1.5235963276533209,0.09339068310116314,25.178069023021006,250.45978911656184,1.513745869827963,0.22861886961846087,18.661619306081164,251.38748828114984,True,680.2590827450977
20260811_184731__rp0p75__vinf25__incm90__toff59132__Om270__om270,1.5235999458850993,0.09339052042325253,25.178043265579582,250.46090440006788,1.4309370188564594,0.26068385252375625,17.011325333447562,238.68693465778648,True,625.2096477660002
20260811_184731__rp0p75__vinf25__incm90__toff59132__Om270__om285,1.523606574346211,0.09339033595086453,25.17803552943869,250.46236208871807,1.3658671674921847,0.27832084566227244,14.71226289310543,228.78862587621728,True,583.0524046267019
20260811_184731__rp0p75__vinf25__incm90__toff59132__Om270__om30,1.5235996454298064,0.09339059589350814,25.178065307675368,250.46051978580286,1.4937373705538082,0.252097600271073,25.81478983967355,142.43949040334712,True,666.8163836803309
20260811_184731__rp0p75__vinf25__incm90__toff59132__Om270__om300,1.523609581227693,0.09339030889658348,25.178053123619918,250.4627027171732,1.3762722569181922,0.24340480614859553,12.942406402577827,218.02632472863493,True,589.7275614991372
20260811_184731__rp0p75__vinf25__incm90__toff59132__Om270__om315,1.5235951980270401,0.09339069046284473,25.178062390113492,250.45966034208118,1.4332345148758554,0.20120629624773478,12.831570715705922,195.09175619347167,True,626.7159961350278
20260811_184731__rp0p75__vinf25__incm90__toff59132__Om270__om330,1.5236080794486058,0.09339032505119253,25.17804453963164,250.462533288571,1.486813013973902,0.19169507586735726,14.139841158384497,169.09768480969686,True,662.1851284673197
20260811_184731__rp0p75__vinf25__incm90__toff59132__Om270__om345,1.5235933131905648,0.0933907005254016,25.178051669007054,250.4594447217446,1.5153618540016258,0.20618743769796546,16.396173393612653,152.34982102961484,True,681.3486790223349
20260811_184731__rp0p75__vinf25__incm90__toff59132__Om270__om45,1.523599642398222,0.09339059105712945,25.178064894077167,250.4605181657701,1.448960481988484,0.2741635641537044,29.828637186894667,146.2073697569036,True,637.0590707553243
20260811_184731__rp0p75__vinf25__incm90__toff59132__Om270__om60,1.523599644953112,0.09339059494754462,25.17806514549507,250.4605195089491,1.3712308689559534,0.3124528981374793,35.04843265014918,154.03201209828225,True,586.490206613516
20260811_184731__rp0p75__vinf25__incm90__toff59132__Om270__om75,1.5236029551355612,0.09339049671093293,25.178060962052065,250.46124624668613,1.2258403824036332,0.40532269142961774,43.124758895116315,167.8370540190982,True,495.730658164335
20260811_184731__rp0p75__vinf25__incm90__toff59132__Om270__om90,1.5236029575106522,0.09339050007604817,25.178061064037816,250.4612474653214,0.9839443560706348,0.6856661649109884,56.96944223557615,186.4777855659947,True,356.49274895881103
20260811_184731__rp0p75__vinf25__incm90__toff59132__Om90__om0,1.5235933131905648,0.0933907005254016,25.178051669007054,250.4594447217446,1.5283901784957694,0.2193790018717912,29.489375693576996,245.88456491339673,True,690.1543818155604
20260811_184731__rp0p75__vinf25__incm90__toff59132__Om90__om105,1.5236065715028018,0.0933903330045106,25.178035974189168,250.46236075885042,1.5226064504344472,0.19274289088810634,36.196966309791726,145.21041462807958,True,686.2405711033632
20260811_184731__rp0p75__vinf25__incm90__toff59132__Om90__om120,1.5236080739875384,0.09339031758427838,25.17804444684863,250.46253051890363,1.5410964383707209,0.2098233931349485,33.524960361586054,138.30484327344126,True,698.7786340337309
20260811_184731__rp0p75__vinf25__incm90__toff59132__Om90__om135,1.5235951959833698,0.09339068834520636,25.178062709777283,250.4596593861977,1.5404602651118173,0.22615425808397918,30.505151031723912,137.08059037109632,True,698.3459890781193
20260811_184731__rp0p75__vinf25__incm90__toff59132__Om90__om15,1.5236029582215014,0.09339050081263495,25.178060952850384,250.46124779779177,1.5311491118642107,0.2212937473991881,31.17133090731185,243.16665950076253,True,692.0239459504057
20260811_184731__rp0p75__vinf25__incm90__toff59132__Om90__om150,1.5236080780268983,0.09339032357800459,25.178044762006756,250.46253262364246,1.5264683781990176,0.24154880415027954,27.223248456016133,139.03837295009038,True,688.8530892282569
20260811_184731__rp0p75__vinf25__incm90__toff59132__Om90__om165,1.5235963276533209,0.09339068310116314,25.178069023021006,250.45978911656184,1.4976785561542312,0.2555938997461207,23.587746565109725,143.896870359926,True,669.4571891467815
20260811_184731__rp0p75__vinf25__incm90__toff59132__Om90__om180,1.52359994019833,0.0933905145306467,25.178044155079974,250.46090174026202,1.4461942512892156,0.27774634807725596,19.28701976958023,152.10387384175945,True,635.2356141865941
20260811_184731__rp0p75__vinf25__incm90__toff59132__Om90__om195,1.5236029522921657,0.09339049376458607,25.17806140680175,250.46124491680428,1.3541777687132628,0.32530537988286345,13.445860517540888,167.4782728979398,True,575.5836011288156
20260811_184731__rp0p75__vinf25__incm90__toff59132__Om90__om210,1.5235936200731486,0.09339063441035095,25.178030044580954,250.45983266227876,1.1669082911512216,0.45405526972522436,4.156872879457955,232.6955110685724,True,460.4155476282508
20260811_184731__rp0p75__vinf25__incm90__toff59132__Om90__om225,1.5235996388439925,0.09339058737422763,25.178065450014067,250.46051650339598,0.9297273362158814,0.8275629430092771,7.4731879348822545,339.8364899269292,True,327.4374074262769
20260811_184731__rp0p75__vinf25__incm90__toff59132__Om90__om240,1.5235936131988952,0.09339062683536062,25.17803088308969,250.4598293930466,1.3137307492420895,0.4865819235808171,38.07252362527612,229.18214680705285,True,549.9895528329299
20260811_184731__rp0p75__vinf25__incm90__toff59132__Om90__om255,1.5236029551355612,0.09339049671093293,25.178060962052065,250.46124624668613,1.4766440677572985,0.24380294246903306,31.002947499194125,256.8205566434947,True,655.4033092000261
20260811_184731__rp0p75__vinf25__incm90__toff59132__Om90__om270,1.5235999458850993,0.09339052042325253,25.178043265579582,250.46090440006788,1.439103556401957,0.20328890059795912,26.41599555503031,261.9598731883637,True,630.5695021184602
20260811_184731__rp0p75__vinf25__incm90__toff59132__Om90__om285,1.523593314612245,0.09339070199852766,25.178051446632082,250.45944538671358,1.3879621872784662,0.21536740064648274,23.58648717253454,260.90970444847926,True,597.2571317746904
20260811_184731__rp0p75__vinf25__incm90__toff59132__Om90__om30,1.5235996454298064,0.09339059589350814,25.178065307675368,250.46051978580286,1.4684766149652746,0.2465860795579599,32.659794165143175,233.0607700435096,True,649.9731921008865
20260811_184731__rp0p75__vinf25__incm90__toff59132__Om90__om300,1.5235963262316354,0.09339068162801521,25.178069245395704,250.45978845160334,1.3637338284163512,0.23417755301879215,22.376188943486657,254.69568765934207,True,581.6869394942768
20260811_184731__rp0p75__vinf25__incm90__toff59132__Om90__om315,1.5235951932769067,0.0933906837327401,25.17806218614197,250.45965790470723,1.3732389834271272,0.2467190329139345,22.747031381624183,248.79642071355906,True,587.7790164496762
20260811_184731__rp0p75__vinf25__incm90__toff59132__Om90__om330,1.5235948197084943,0.09339069107559497,25.178060457130556,250.4596165861748,1.4176504181474003,0.24487693733344437,24.68598500355602,244.82194049619213,True,616.5220556823934
20260811_184731__rp0p75__vinf25__incm90__toff59132__Om90__om345,1.5235933084404434,0.09339069379532308,25.178051465036074,250.45944228434496,1.4771640773171857,0.23181547635410185,27.225587772726186,244.75888430894554,True,655.7495463168515
20260811_184731__rp0p75__vinf25__incm90__toff59132__Om90__om45,1.5236000554283833,0.09339057772529158,25.178064339274,250.46060862708498,1.3850764785925629,0.2812247480495825,34.87353784973648,218.8902240148871,True,595.3954665633123
20260811_184731__rp0p75__vinf25__incm90__toff59132__Om90__om60,1.5235996378278702,0.09339058485228167,25.178064839537544,250.46051585297693,1.361312359849706,0.27130876089407313,37.839420960285466,203.55214082741426,True,580.1383478595081
20260811_184731__rp0p75__vinf25__incm90__toff59132__Om90__om75,1.5235963276533209,0.09339068310116314,25.178069023021006,250.45978911656184,1.4118436659398481,0.21769673817522464,39.17068034386618,184.65705917878515,True,612.7379891280851
20260811_184731__rp0p75__vinf25__incm90__toff59132__Om90__om90,1.5236029575106522,0.09339050007604817,25.178061064037816,250.4612474653214,1.4777682771830913,0.18721503888774105,38.2863996596827,161.89367944972517,True,656.1519162760646
20260811_184731__rp1__vinf25__inc0__toff59132__Om0__om0,1.5235951566238595,0.09339066977363258,25.178062531718055,250.45964010241158,1.8303208881610946,0.08026017795246439,33.28531739004132,18.4165389973924,True,904.4524642993402
20260811_184731__rp1__vinf25__inc0__toff59132__Om0__om105,1.5235994792326872,0.0933881346208991,25.178059152364174,250.46026387970775,1.8008287003492012,0.1425939246545108,29.707420071922268,310.64432576083755,True,882.6804294417014
20260811_184731__rp1__vinf25__inc0__toff59132__Om0__om120,1.5235994519132772,0.09338813555249201,25.178059012738768,250.4602527416662,2.0612309352714564,0.20390937920874486,29.135287996671043,333.1097678760837,True,1080.8983901769416
20260811_184731__rp1__vinf25__inc0__toff59132__Om0__om135,1.5235996003917345,0.09338810808998312,25.178059187584438,250.46031164832982,2.2324681218520106,0.2534675490646234,28.51245870096323,342.4476590558884,True,1218.3520309618377
20260811_184731__rp1__vinf25__inc0__toff59132__Om0__om15,1.5235951687990708,0.09339066720459098,25.178062537789714,250.45964490958738,1.4323306476435689,0.1212679632535874,29.064397691324245,237.33955573879,True,626.1232333383315
20260811_184731__rp1__vinf25__inc0__toff59132__Om0__om150,1.5235975660323513,0.09339300805817606,25.17805820470849,250.46051556521286,2.2726688733945712,0.25235580197826885,27.891961977115105,346.0417466844317,True,1251.4086083639081
20260811_184731__rp1__vinf25__inc0__toff59132__Om0__om165,1.523601813204212,0.09339048496642387,25.178054686979248,250.46110928436298,2.174656788589102,0.22188802125136528,27.368505076063308,347.7361549118541,True,1171.3346206380297
20260811_184731__rp1__vinf25__inc0__toff59132__Om0__om180,1.5236018764558907,0.09339047548722205,25.178054819323318,250.4611345391735,1.978726944607225,0.15580445096583395,26.978798103832847,342.65904616582856,True,1016.6552175613402
20260811_184731__rp1__vinf25__inc0__toff59132__Om0__om195,1.5235952222500517,0.09339066365853588,25.178062766047837,250.45966657566777,1.806556927945677,0.10265443596363497,26.7466133446099,337.3543304646277,True,886.895333161014
20260811_184731__rp1__vinf25__inc0__toff59132__Om0__om210,1.5235952557318873,0.09339065659368286,25.178062782744863,250.45967979540492,1.6135401664600741,0.04405948812395731,26.8022579247131,289.6931788022519,True,748.6254096360574
20260811_184731__rp1__vinf25__inc0__toff59132__Om0__om225,1.5235951674615982,0.09339067521921497,25.17806273872542,250.45964494337522,1.434602941391577,0.08815804932786765,27.42799336523067,215.5128073278332,True,627.6137760736154
20260811_184731__rp1__vinf25__inc0__toff59132__Om0__om240,1.5235952587756902,0.09339065595142375,25.178062784262785,250.45968099719926,1.2722927677801517,0.17662572932650267,29.51133742143432,202.16885636681198,True,524.1740057045973
20260811_184731__rp1__vinf25__inc0__toff59132__Om0__om255,1.5235952905511971,0.09339064151421032,25.178062598506166,250.45969298136046,1.1549149358081434,0.240171113934981,34.678252061054195,194.90613944458235,True,453.33566679616325
20260811_184731__rp1__vinf25__inc0__toff59132__Om0__om270,1.523601864280572,0.09339047805608258,25.17805481325165,250.46112973193954,1.2482405712020648,0.1070574791588237,44.29072627376885,167.12066203049127,True,509.3805214599132
20260811_184731__rp1__vinf25__inc0__toff59132__Om0__om285,1.523599454882127,0.0933881397588361,25.17805914022085,250.4602542650515,2.8467882300153993,0.501201926681409,46.14554071913048,51.2882231637541,True,1754.3960251187423
20260811_184731__rp1__vinf25__inc0__toff59132__Om0__om30,1.5235951366547134,0.0933906662548329,25.178062320156958,250.45963165606588,1.2440930457504982,0.2279009847551238,28.217581795143804,222.42357829720922,True,506.8438556760759
20260811_184731__rp1__vinf25__inc0__toff59132__Om0__om300,1.523597570188731,0.09339301394707335,25.178058383183444,250.46051769780271,5.33876028839579,0.773316712113732,45.84987727421748,74.94665853049233,True,4505.629995621096
20260811_184731__rp1__vinf25__inc0__toff59132__Om0__om315,1.523599554659455,0.09338812257218024,25.17805929077984,250.4602939423906,2.880647950375788,0.5848260284167955,46.643633580610675,99.06364303734027,True,1785.7891116762796
20260811_184731__rp1__vinf25__inc0__toff59132__Om0__om330,1.5235975440569263,0.09339301656112836,25.178058294550823,250.46050716967335,2.4758281520778938,0.4201086041333409,47.930575671763386,91.49150351973925,True,1422.9041226513768
20260811_184731__rp1__vinf25__inc0__toff59132__Om0__om345,1.5236018423050224,0.0933904865589132,25.17805490309378,250.4611213361156,2.2560105263680503,0.33386016911508165,40.23082907015053,59.08925078189087,True,1237.674875296091
20260811_184731__rp1__vinf25__inc0__toff59132__Om0__om45,1.5236084911236651,0.09339029571402842,25.178046853027226,250.4625868844101,1.1869991250139909,0.2660313946553442,28.520365590071634,216.07990532489882,True,472.3571467057908
20260811_184731__rp1__vinf25__inc0__toff59132__Om0__om60,1.5235951322734376,0.09339067491171764,25.178062519574777,250.45963048806107,1.214609670136551,0.25104568608409816,29.446008108394015,218.42474755419013,True,488.9337244774917
20260811_184731__rp1__vinf25__inc0__toff59132__Om0__om75,1.5236019251571686,0.09339046521178647,25.178054843610138,250.46115376811213,1.3375222563602045,0.1878700491710329,29.97722745995084,227.629778362274,True,564.9973598793689
20260811_184731__rp1__vinf25__inc0__toff59132__Om0__om90,1.5235951637490592,0.09339067986878725,25.178062837675384,250.45964375847535,1.5400248876831413,0.12462994105045865,30.074915413816022,260.98159056804286,True,698.0499516494972
20260811_184731__rp1__vinf25__inc0__toff59132__Om180__om0,1.5236018764558907,0.09339047548722205,25.178054819323318,250.4611345391735,1.978726944607225,0.15580445096583395,26.978798103832847,342.65904616582856,True,1016.6552175613402
20260811_184731__rp1__vinf25__inc0__toff59132__Om180__om105,1.523599454882127,0.0933881397588361,25.17805914022085,250.4602542650515,2.846788179178996,0.5012019657727633,46.14554003276327,51.28822412494603,True,1754.3959781251606
20260811_184731__rp1__vinf25__inc0__toff59132__Om180__om120,1.523597570188731,0.09339301394707335,25.178058383183444,250.46051769780271,5.33876028839579,0.773316712113732,45.84987727421748,74.94665853049233,True,4505.629995621096
20260811_184731__rp1__vinf25__inc0__toff59132__Om180__om135,1.523599554659455,0.09338812257218024,25.17805929077984,250.4602939423906,2.880647950375788,0.5848260284167955,46.643633580610675,99.06364303734027,True,1785.7891116762796
20260811_184731__rp1__vinf25__inc0__toff59132__Om180__om15,1.5235952222500517,0.09339066365853588,25.178062766047837,250.45966657566777,1.806556927945677,0.10265443596363497,26.7466133446099,337.3543304646277,True,886.895333161014
20260811_184731__rp1__vinf25__inc0__toff59132__Om180__om150,1.5235975440569263,0.09339301656112836,25.178058294550823,250.46050716967335,2.4758281520778938,0.4201086041333409,47.930575671763386,91.49150351973925,True,1422.9041226513768
20260811_184731__rp1__vinf25__inc0__toff59132__Om180__om165,1.5236018423050224,0.0933904865589132,25.17805490309378,250.4611213361156,2.2560105263680503,0.33386016911508165,40.23082907015053,59.08925078189087,True,1237.674875296091
20260811_184731__rp1__vinf25__inc0__toff59132__Om180__om180,1.5235951566238595,0.09339066977363258,25.178062531718055,250.45964010241158,1.8303208881610946,0.08026017795246439,33.28531739004132,18.4165389973924,True,904.4524642993402
20260811_184731__rp1__vinf25__inc0__toff59132__Om180__om195,1.5235951687990708,0.09339066720459098,25.178062537789714,250.45964490958738,1.4323306476435689,0.1212679632535874,29.064397691324245,237.33955573879,True,626.1232333383315
20260811_184731__rp1__vinf25__inc0__toff59132__Om180__om210,1.5235951366547134,0.0933906662548329,25.178062320156958,250.45963165606588,1.2440930457504982,0.2279009847551238,28.217581795143804,222.42357829720922,True,506.8438556760759
20260811_184731__rp1__vinf25__inc0__toff59132__Om180__om225,1.5236084911236651,0.09339029571402842,25.178046853027226,250.4625868844101,1.1869981644740277,0.26603150697451317,28.52036786222221,216.07998224407237,True,472.3565733467021
20260811_184731__rp1__vinf25__inc0__toff59132__Om180__om240,1.5235951322734376,0.09339067491171764,25.178062519574777,250.45963048806107,1.214609670136551,0.25104568608409816,29.446008108394015,218.42474755419013,True,488.9337244774917
20260811_184731__rp1__vinf25__inc0__toff59132__Om180__om255,1.5236019251571686,0.09339046521178647,25.178054843610138,250.46115376811213,1.3375222563602045,0.1878700491710329,29.97722745995084,227.629778362274,True,564.9973598793689
20260811_184731__rp1__vinf25__inc0__toff59132__Om180__om270,1.5235951637490592,0.09339067986878725,25.178062837675384,250.45964375847535,1.5400248876831413,0.12462994105045865,30.074915413816022,260.98159056804286,True,698.0499516494972
20260811_184731__rp1__vinf25__inc0__toff59132__Om180__om285,1.5235994792326872,0.0933881346208991,25.178059152364174,250.46026387970775,1.8008287003492012,0.1425939246545108,29.707420071922268,310.64432576083755,True,882.6804294417014
20260811_184731__rp1__vinf25__inc0__toff59132__Om180__om30,1.5235952557318873,0.09339065659368286,25.178062782744863,250.45967979540492,1.6135401664600741,0.04405948812395731,26.8022579247131,289.6931788022519,True,748.6254096360574
20260811_184731__rp1__vinf25__inc0__toff59132__Om180__om300,1.5235994519132772,0.09338813555249201,25.178059012738768,250.4602527416662,2.0612309352714564,0.20390937920874486,29.135287996671043,333.1097678760837,True,1080.8983901769416
20260811_184731__rp1__vinf25__inc0__toff59132__Om180__om315,1.5235996003917345,0.09338810808998312,25.178059187584438,250.46031164832982,2.2324681218520106,0.2534675490646234,28.51245870096323,342.4476590558884,True,1218.3520309618377
20260811_184731__rp1__vinf25__inc0__toff59132__Om180__om330,1.5235975660323513,0.09339300805817606,25.17805820470849,250.46051556521286,2.2726688733945712,0.25235580197826885,27.891961977115105,346.0417466844317,True,1251.4086083639081
20260811_184731__rp1__vinf25__inc0__toff59132__Om180__om345,1.523601813204212,0.09339048496642387,25.178054686979248,250.46110928436298,2.174656788589102,0.22188802125136528,27.368505076063308,347.7361549118541,True,1171.3346206380297
20260811_184731__rp1__vinf25__inc0__toff59132__Om180__om45,1.5235951674615982,0.09339067521921497,25.17806273872542,250.45964494337522,1.434602941391577,0.08815804932786765,27.42799336523067,215.5128073278332,True,627.6137760736154
20260811_184731__rp1__vinf25__inc0__toff59132__Om180__om60,1.5235952587756902,0.09339065595142375,25.178062784262785,250.45968099719926,1.2722927677801517,0.17662572932650267,29.51133742143432,202.16885636681198,True,524.1740057045973
20260811_184731__rp1__vinf25__inc0__toff59132__Om180__om75,1.5235952905511971,0.09339064151421032,25.178062598506166,250.45969298136046,1.1549149358081434,0.240171113934981,34.678252061054195,194.90613944458235,True,453.33566679616325
20260811_184731__rp1__vinf25__inc0__toff59132__Om180__om90,1.523601864280572,0.09339047805608258,25.17805481325165,250.46112973193954,1.2482405712020648,0.1070574791588237,44.29072627376885,167.12066203049127,True,509.3805214599132
20260811_184731__rp1__vinf25__inc0__toff59132__Om270__om0,1.523601864280572,0.09339047805608258,25.17805481325165,250.46112973193954,1.2482405712020648,0.1070574791588237,44.29072627376885,167.12066203049127,True,509.3805214599132
20260811_184731__rp1__vinf25__inc0__toff59132__Om270__om105,1.5235951687990708,0.09339066720459098,25.178062537789714,250.45964490958738,1.4323306476435689,0.1212679632535874,29.064397691324245,237.33955573879,True,626.1232333383315
20260811_184731__rp1__vinf25__inc0__toff59132__Om270__om120,1.5235951366547134,0.0933906662548329,25.178062320156958,250.45963165606588,1.2440930457504982,0.2279009847551238,28.217581795143804,222.42357829720922,True,506.8438556760759
20260811_184731__rp1__vinf25__inc0__toff59132__Om270__om135,1.5236084911236651,0.09339029571402842,25.178046853027226,250.4625868844101,1.186998794128063,0.2660314743243066,28.520360478458723,216.0799292893763,True,472.3569491955502
20260811_184731__rp1__vinf25__inc0__toff59132__Om270__om15,1.523599454882127,0.0933881397588361,25.17805914022085,250.4602542650515,2.8467910873907742,0.5012015167069215,46.14554765151541,51.28822814035027,True,1754.3986665002851
20260811_184731__rp1__vinf25__inc0__toff59132__Om270__om150,1.5235951322734376,0.09339067491171764,25.178062519574777,250.45963048806107,1.214609670136551,0.25104568608409816,29.446008108394015,218.42474755419013,True,488.9337244774917
20260811_184731__rp1__vinf25__inc0__toff59132__Om270__om165,1.5236019251571686,0.09339046521178647,25.178054843610138,250.46115376811213,1.33750269355278,0.18785650498872664,29.977239707065,227.62953858053132,True,564.9849643165155
20260811_184731__rp1__vinf25__inc0__toff59132__Om270__om180,1.5235951637490592,0.09339067986878725,25.178062837675384,250.45964375847535,1.5400248876831413,0.12462994105045865,30.074915413816022,260.98159056804286,True,698.0499516494972
20260811_184731__rp1__vinf25__inc0__toff59132__Om270__om195,1.5235994792326872,0.0933881346208991,25.178059152364174,250.46026387970775,1.8008287003492012,0.1425939246545108,29.707420071922268,310.64432576083755,True,882.6804294417014
20260811_184731__rp1__vinf25__inc0__toff59132__Om270__om210,1.5235994519132772,0.09338813555249201,25.178059012738768,250.4602527416662,2.0612309352714564,0.20390937920874486,29.135287996671043,333.1097678760837,True,1080.8983901769416
20260811_184731__rp1__vinf25__inc0__toff59132__Om270__om225,1.5235996003917345,0.09338810808998312,25.178059187584438,250.46031164832982,2.2324681218520106,0.2534675490646234,28.51245870096323,342.4476590558884,True,1218.3520309618377
20260811_184731__rp1__vinf25__inc0__toff59132__Om270__om240,1.5235975660323513,0.09339300805817606,25.17805820470849,250.46051556521286,2.2726688733945712,0.25235580197826885,27.891961977115105,346.0417466844317,True,1251.4086083639081
20260811_184731__rp1__vinf25__inc0__toff59132__Om270__om255,1.523601813204212,0.09339048496642387,25.178054686979248,250.46110928436298,2.174656788589102,0.22188802125136528,27.368505076063308,347.7361549118541,True,1171.3346206380297
20260811_184731__rp1__vinf25__inc0__toff59132__Om270__om270,1.5236018764558907,0.09339047548722205,25.178054819323318,250.4611345391735,1.978726944607225,0.15580445096583395,26.978798103832847,342.65904616582856,True,1016.6552175613402
20260811_184731__rp1__vinf25__inc0__toff59132__Om270__om285,1.5235952222500517,0.09339066365853588,25.178062766047837,250.45966657566777,1.806556927945677,0.10265443596363497,26.7466133446099,337.3543304646277,True,886.895333161014
20260811_184731__rp1__vinf25__inc0__toff59132__Om270__om30,1.523597570188731,0.09339301394707335,25.178058383183444,250.46051769780271,5.33876028839579,0.773316712113732,45.84987727421748,74.94665853049233,True,4505.629995621096
20260811_184731__rp1__vinf25__inc0__toff59132__Om270__om300,1.5235952557318873,0.09339065659368286,25.178062782744863,250.45967979540492,1.6135401664600741,0.04405948812395731,26.8022579247131,289.6931788022519,True,748.6254096360574
20260811_184731__rp1__vinf25__inc0__toff59132__Om270__om315,1.5235951674615982,0.09339067521921497,25.17806273872542,250.45964494337522,1.434602941391577,0.08815804932786765,27.42799336523067,215.5128073278332,True,627.6137760736154
20260811_184731__rp1__vinf25__inc0__toff59132__Om270__om330,1.5235952587756902,0.09339065595142375,25.178062784262785,250.45968099719926,1.2722927677801517,0.17662572932650267,29.51133742143432,202.16885636681198,True,524.1740057045973
20260811_184731__rp1__vinf25__inc0__toff59132__Om270__om345,1.5235952905511971,0.09339064151421032,25.178062598506166,250.45969298136046,1.1549149358081434,0.240171113934981,34.678252061054195,194.90613944458235,True,453.33566679616325
20260811_184731__rp1__vinf25__inc0__toff59132__Om270__om45,1.523599554659455,0.09338812257218024,25.17805929077984,250.4602939423906,2.880647950375788,0.5848260284167955,46.643633580610675,99.06364303734027,True,1785.7891116762796
20260811_184731__rp1__vinf25__inc0__toff59132__Om270__om60,1.5235975440569263,0.09339301656112836,25.178058294550823,250.46050716967335,2.4758281520778938,0.4201086041333409,47.930575671763386,91.49150351973925,True,1422.9041226513768
20260811_184731__rp1__vinf25__inc0__toff59132__Om270__om75,1.5236018423050224,0.0933904865589132,25.17805490309378,250.4611213361156,2.2560105263680503,0.33386016911508165,40.23082907015053,59.08925078189087,True,1237.674875296091
20260811_184731__rp1__vinf25__inc0__toff59132__Om270__om90,1.5235951566238595,0.09339066977363258,25.178062531718055,250.45964010241158,1.8303208881610946,0.08026017795246439,33.28531739004132,18.4165389973924,True,904.4524642993402
20260811_184731__rp1__vinf25__inc0__toff59132__Om90__om0,1.5235951637490592,0.09339067986878725,25.178062837675384,250.45964375847535,1.5400248876831413,0.12462994105045865,30.074915413816022,260.98159056804286,True,698.0499516494972
20260811_184731__rp1__vinf25__inc0__toff59132__Om90__om105,1.5235952222500517,0.09339066365853588,25.178062766047837,250.45966657566777,1.806556927945677,0.10265443596363497,26.7466133446099,337.3543304646277,True,886.895333161014
20260811_184731__rp1__vinf25__inc0__toff59132__Om90__om120,1.5235952557318873,0.09339065659368286,25.178062782744863,250.45967979540492,1.6135401664600741,0.04405948812395731,26.8022579247131,289.6931788022519,True,748.6254096360574
20260811_184731__rp1__vinf25__inc0__toff59132__Om90__om135,1.5235951674615982,0.09339067521921497,25.17806273872542,250.45964494337522,1.434602941391577,0.08815804932786765,27.42799336523067,215.5128073278332,True,627.6137760736154
20260811_184731__rp1__vinf25__inc0__toff59132__Om90__om15,1.5235994792326872,0.0933881346208991,25.178059152364174,250.46026387970775,1.8008287003492012,0.1425939246545108,29.707420071922268,310.64432576083755,True,882.6804294417014
20260811_184731__rp1__vinf25__inc0__toff59132__Om90__om150,1.5235952587756902,0.09339065595142375,25.178062784262785,250.45968099719926,1.2722927677801517,0.17662572932650267,29.51133742143432,202.16885636681198,True,524.1740057045973
20260811_184731__rp1__vinf25__inc0__toff59132__Om90__om165,1.5235952905511971,0.09339064151421032,25.178062598506166,250.45969298136046,1.1549149358081434,0.240171113934981,34.678252061054195,194.90613944458235,True,453.33566679616325
20260811_184731__rp1__vinf25__inc0__toff59132__Om90__om180,1.523601864280572,0.09339047805608258,25.17805481325165,250.46112973193954,1.2482405712020648,0.1070574791588237,44.29072627376885,167.12066203049127,True,509.3805214599132
20260811_184731__rp1__vinf25__inc0__toff59132__Om90__om195,1.523599454882127,0.0933881397588361,25.17805914022085,250.4602542650515,2.846788179178996,0.5012019657727633,46.14554003276327,51.28822412494603,True,1754.3959781251606
20260811_184731__rp1__vinf25__inc0__toff59132__Om90__om210,1.523597570188731,0.09339301394707335,25.178058383183444,250.46051769780271,5.33876028839579,0.773316712113732,45.84987727421748,74.94665853049233,True,4505.629995621096
20260811_184731__rp1__vinf25__inc0__toff59132__Om90__om225,1.523599554659455,0.09338812257218024,25.17805929077984,250.4602939423906,2.880647950375788,0.5848260284167955,46.643633580610675,99.06364303734027,True,1785.7891116762796
20260811_184731__rp1__vinf25__inc0__toff59132__Om90__om240,1.5235975440569263,0.09339301656112836,25.178058294550823,250.46050716967335,2.4758281520778938,0.4201086041333409,47.930575671763386,91.49150351973925,True,1422.9041226513768
20260811_184731__rp1__vinf25__inc0__toff59132__Om90__om255,1.5236018423050224,0.0933904865589132,25.17805490309378,250.4611213361156,2.2560105263680503,0.33386016911508165,40.23082907015053,59.08925078189087,True,1237.674875296091
20260811_184731__rp1__vinf25__inc0__toff59132__Om90__om270,1.5235951566238595,0.09339066977363258,25.178062531718055,250.45964010241158,1.8303208881610946,0.08026017795246439,33.28531739004132,18.4165389973924,True,904.4524642993402
20260811_184731__rp1__vinf25__inc0__toff59132__Om90__om285,1.5235951687990708,0.09339066720459098,25.178062537789714,250.45964490958738,1.4323306476435689,0.1212679632535874,29.064397691324245,237.33955573879,True,626.1232333383315
20260811_184731__rp1__vinf25__inc0__toff59132__Om90__om30,1.5235994519132772,0.09338813555249201,25.178059012738768,250.4602527416662,2.0612309352714564,0.20390937920874486,29.135287996671043,333.1097678760837,True,1080.8983901769416
20260811_184731__rp1__vinf25__inc0__toff59132__Om90__om300,1.5235951366547134,0.0933906662548329,25.178062320156958,250.45963165606588,1.2440930457504982,0.2279009847551238,28.217581795143804,222.42357829720922,True,506.8438556760759
20260811_184731__rp1__vinf25__inc0__toff59132__Om90__om315,1.5236084911236651,0.09339029571402842,25.178046853027226,250.4625868844101,1.186998794128063,0.2660314743243066,28.520360478458723,216.0799292893763,True,472.3569491955502
20260811_184731__rp1__vinf25__inc0__toff59132__Om90__om330,1.5235951322734376,0.09339067491171764,25.178062519574777,250.45963048806107,1.214609670136551,0.25104568608409816,29.446008108394015,218.42474755419013,True,488.9337244774917
20260811_184731__rp1__vinf25__inc0__toff59132__Om90__om345,1.5236019251571686,0.09339046521178647,25.178054843610138,250.46115376811213,1.3375222563602045,0.1878700491710329,29.97722745995084,227.629778362274,True,564.9973598793689
20260811_184731__rp1__vinf25__inc0__toff59132__Om90__om45,1.5235996003917345,0.09338810808998312,25.178059187584438,250.46031164832982,2.2324681218520106,0.2534675490646234,28.51245870096323,342.4476590558884,True,1218.3520309618377
20260811_184731__rp1__vinf25__inc0__toff59132__Om90__om60,1.5235975660323513,0.09339300805817606,25.17805820470849,250.46051556521286,2.2726688733945712,0.25235580197826885,27.891961977115105,346.0417466844317,True,1251.4086083639081
20260811_184731__rp1__vinf25__inc0__toff59132__Om90__om75,1.523601813204212,0.09339048496642387,25.178054686979248,250.46110928436298,2.174656788589102,0.22188802125136528,27.368505076063308,347.7361549118541,True,1171.3346206380297
20260811_184731__rp1__vinf25__inc0__toff59132__Om90__om90,1.5236018764558907,0.09339047548722205,25.178054819323318,250.4611345391735,1.978726944607225,0.15580445096583395,26.978798103832847,342.65904616582856,True,1016.6552175613402
20260811_184731__rp1__vinf25__inc30__toff59132__Om0__om0,1.5235962933184184,0.09339066638107182,25.178068581186118,250.45977104485513,2.764666923866366,0.4980356541068924,22.47829877394184,336.77214635096124,True,1679.0325572680147
20260811_184731__rp1__vinf25__inc30__toff59132__Om0__om105,1.5236024222032458,0.09338804695302665,25.178052767750533,250.46095114984763,1.8384806534734002,0.15888653806742448,24.159373391135624,308.0817562792131,True,910.5074182130129
20260811_184731__rp1__vinf25__inc30__toff59132__Om0__om120,1.5236002842486163,0.09338811305216127,25.178057976480066,250.46043558681347,2.1178115800748545,0.22255778511360605,24.36839290057788,327.12488318711615,True,1125.708305530921
20260811_184731__rp1__vinf25__inc30__toff59132__Om0__om135,1.5235996033403205,0.09338810733834017,25.178059011800123,250.46031183544576,2.286420738164098,0.26019206664654054,24.551854200495402,333.50363751564805,True,1262.784138524132
20260811_184731__rp1__vinf25__inc30__toff59132__Om0__om15,1.5236029325073395,0.09339047784013563,25.178061073024306,250.46123287114568,1.551501283273605,0.12861744787064971,24.289784465773895,283.99651721726934,True,705.867361429328
20260811_184731__rp1__vinf25__inc30__toff59132__Om0__om150,1.5235979517272351,0.09339301354285037,25.178060453133398,250.46056184629424,2.2121928654835794,0.24427878723345228,24.799797068913744,331.7338186223702,True,1201.792178930349
20260811_184731__rp1__vinf25__inc30__toff59132__Om0__om165,1.5236014398207218,0.09339048733581697,25.178052504157098,250.46106669887996,2.057236431328846,0.21412707086525526,24.42594789020309,331.53690474491754,True,1077.7578684287732
20260811_184731__rp1__vinf25__inc30__toff59132__Om0__om180,1.5236015021189786,0.09339047596461952,25.17805231214073,250.46109139997967,1.9104733890967187,0.15019828148908446,24.813470873154003,333.2954033269407,True,964.5092155497777
20260811_184731__rp1__vinf25__inc30__toff59132__Om0__om195,1.5236029859588651,0.09339047429503662,25.17806130128243,250.46125453738375,1.6819414080530637,0.09723017649424495,24.748939031479583,300.04725603468614,True,796.7300293628433
20260811_184731__rp1__vinf25__inc30__toff59132__Om0__om210,1.523596391004908,0.09339065172822801,25.178069054587613,250.45981007293986,1.46059659502292,0.11698524988345022,24.619172238569437,246.52370095121742,True,644.7484669091605
20260811_184731__rp1__vinf25__inc30__toff59132__Om0__om225,1.5235963027344877,0.09339067035353767,25.178069010568507,250.45977522084866,1.2504177422851517,0.2270291572606112,24.6440329743525,226.02458262447033,True,510.71378846907294
20260811_184731__rp1__vinf25__inc30__toff59132__Om0__om240,1.5235933795857206,0.09339066850982074,25.178051702092077,250.45946687967717,1.035863551690082,0.39682560693219593,23.129784616599878,225.90642603236782,True,385.0780114589594
20260811_184731__rp1__vinf25__inc30__toff59132__Om0__om255,1.5236030580574962,0.09339045699012026,25.1780610133518,250.4612828271474,0.8177953066291876,0.6492680098868803,18.969349587493827,241.93639147924426,True,270.12315465214624
20260811_184731__rp1__vinf25__inc30__toff59132__Om0__om270,1.5235948610425143,0.09339066346173658,25.178060589259424,250.45962879739756,1.0726164980036437,0.7196423595286133,5.806711140301499,339.8689039954391,True,405.75287078673404
20260811_184731__rp1__vinf25__inc30__toff59132__Om0__om285,1.5235990841081395,0.09338814528531832,25.178056785996905,250.46021295188942,-0.3875979089566402,3.9601694372414653,11.248948758124781,323.4837467798286,False,
20260811_184731__rp1__vinf25__inc30__toff59132__Om0__om30,1.5235932641219276,0.09339068932765218,25.178052090678587,250.45942108348925,1.2544921946100278,0.2314349893941654,24.501820220449407,235.4021176611875,True,513.2120413906714
20260811_184731__rp1__vinf25__inc30__toff59132__Om0__om300,1.5235975765180194,0.09339301737653996,25.178058033716464,250.4605195469135,-1.3485461453831349,1.5717486031396655,16.086474324421232,71.1215536415914,False,
20260811_184731__rp1__vinf25__inc30__toff59132__Om0__om315,1.5236003897818529,0.09338810341188318,25.178058055342273,250.46047814502714,61.465423035971625,0.990130040913338,4.598944162323634,101.33552441774695,True,176011.56515099658
20260811_184731__rp1__vinf25__inc30__toff59132__Om0__om330,1.5235979292751058,0.09339302109981934,25.178060380795472,250.46055317390227,-2.105582666735056,1.0473280683391033,156.6254605562226,294.35298614108075,False,
20260811_184731__rp1__vinf25__inc30__toff59132__Om0__om345,1.5236029714084378,0.09339047349875243,25.178061193225037,250.46124851150626,-1.0625943944386549,2.248320579027575,13.454240702346656,23.724812068746246,False,
20260811_184731__rp1__vinf25__inc30__toff59132__Om0__om45,1.5235963714045868,0.09339066359636217,25.178069246416317,250.4598028959269,1.1704303104029328,0.28698454734581114,24.313740554948108,227.40810695037362,True,462.5015925371698
20260811_184731__rp1__vinf25__inc30__toff59132__Om0__om60,1.5235962675462746,0.09339067004594792,25.178068791417598,250.45976076552876,1.2036444225510619,0.26967193345949786,24.06979763667654,224.00923929489576,True,482.3276998361153
20260811_184731__rp1__vinf25__inc30__toff59132__Om0__om75,1.5235949181218025,0.09339064577831703,25.17806074000683,250.4596509496198,1.3336227038279267,0.20515754803591335,23.961136320338582,233.34163675588718,True,562.5282829647108
20260811_184731__rp1__vinf25__inc30__toff59132__Om0__om90,1.5236014199777272,0.0933904980484131,25.17805226043672,250.4610593004865,1.5535607780614549,0.14120422431759633,24.014984144899298,263.195704431814,True,707.2733020707763
20260811_184731__rp1__vinf25__inc30__toff59132__Om180__om0,1.5236030107778442,0.09339046873860776,25.17806076669033,250.46126426311497,2.020933033571546,0.17803147836782357,26.880045297509167,6.2590526030810985,True,1049.3558223368982
20260811_184731__rp1__vinf25__inc30__toff59132__Om180__om105,1.5235990841081395,0.09338814528531832,25.178056785996905,250.46021295188942,1.8193742489743288,0.23211644180743246,26.223391127546858,122.5955380404362,True,896.3506909634309
20260811_184731__rp1__vinf25__inc30__toff59132__Om180__om120,1.5235975743854875,0.09339301516680792,25.178058367278872,250.46051854951511,1.7669105644428063,0.14965974577852534,35.33859153172298,88.52623756489702,True,857.8606425592588
20260811_184731__rp1__vinf25__inc30__toff59132__Om180__om135,1.5236003887155831,0.09338810230701756,25.178058222123386,250.46047764629765,1.9535794847524688,0.31359417901749653,30.737079892057764,112.78007126747971,True,997.3360587005434
20260811_184731__rp1__vinf25__inc30__toff59132__Om180__om15,1.5236029859588651,0.09339047429503662,25.17806130128243,250.46125453738375,1.9131877007601201,0.13407706755618642,25.83840043324578,6.365365354396105,True,966.5654401616772
20260811_184731__rp1__vinf25__inc30__toff59132__Om180__om150,1.5235979285642616,0.09339302036324078,25.178060491982936,250.4605528414367,1.7287709060811205,0.23101228837668106,30.28157706998927,130.22802177616592,True,830.2350422450659
20260811_184731__rp1__vinf25__inc30__toff59132__Om180__om165,1.5236014641713453,0.09339048219807103,25.178052516300532,250.46107631334044,1.5623252493842275,0.1646461621820025,29.531977596780898,151.1885924944276,True,713.2668987711664
20260811_184731__rp1__vinf25__inc30__toff59132__Om180__om180,1.52359478466283,0.09339067361907341,25.17806012648319,250.45959818194058,1.4253210486015144,0.15223113046044615,28.75775413697724,179.89059692648502,True,621.5326395139815
20260811_184731__rp1__vinf25__inc30__toff59132__Om180__om195,1.5236029325073395,0.09339047784013563,25.178061073024306,250.46123287114568,1.313187395194397,0.18857766080872865,28.662701050217166,195.2932524490653,True,549.6483777313098
20260811_184731__rp1__vinf25__inc30__toff59132__Om180__om210,1.5235962814278365,0.09339067484930708,25.178068999943196,250.45976680827724,1.2573554166824568,0.1899773862407189,30.14244736057593,188.8918199446723,True,514.970057326317
20260811_184731__rp1__vinf25__inc30__toff59132__Om180__om225,1.5235963714045868,0.09339066359636217,25.178069246416317,250.4598028959269,1.2316025911165525,0.22308890959730004,31.005285504040998,199.37493913829792,True,499.23012404173693
20260811_184731__rp1__vinf25__inc30__toff59132__Om180__om240,1.52359325308378,0.09339068747064659,25.178051437403887,250.45941637065593,1.2748315508568653,0.18904659348743655,32.36469514979659,202.1719223559602,True,525.7437242939045
20260811_184731__rp1__vinf25__inc30__toff59132__Om180__om255,1.5235964281993408,0.09339064001390097,25.178068972334366,250.45982447761713,1.3713300615596844,0.12611676353407061,33.16241505528225,212.87569053375404,True,586.5538463813054
20260811_184731__rp1__vinf25__inc30__toff59132__Om180__om270,1.5236014178451847,0.09339049583866989,25.17805259399918,250.46105830306675,1.5173684854658698,0.06402381944088162,33.187448594589355,251.9506042035452,True,682.7024826122197
20260811_184731__rp1__vinf25__inc30__toff59132__Om180__om285,1.5236024222032458,0.09338804695302665,25.178052767750533,250.46095114984763,1.695393231256719,0.0846653637778463,32.670377453400306,323.80694892718077,True,806.307240556178
20260811_184731__rp1__vinf25__inc30__toff59132__Om180__om30,1.5235933736985647,0.0933906662058396,25.178052145324052,250.45946434794843,1.7906994665689842,0.09104640036512271,25.040026927441836,13.44562515777907,True,875.2436099095906
20260811_184731__rp1__vinf25__inc30__toff59132__Om180__om300,1.523600286381156,0.09338811526189131,25.17805764291786,250.46043658427322,1.8747627781929936,0.14393903928558127,31.716752115285566,346.16060501310085,True,937.5930424115753
20260811_184731__rp1__vinf25__inc30__toff59132__Om180__om315,1.5235996044065891,0.09338810844320364,25.178058845019056,250.46031233417685,2.016674472004169,0.18880868752629307,30.550718161232734,354.7967215180846,True,1046.040726307131
20260811_184731__rp1__vinf25__inc30__toff59132__Om180__om330,1.5235979524380796,0.09339301427942909,25.178060341945947,250.4605621787597,2.0916495703959495,0.20785910156125154,29.299023824595864,359.9015633972141,True,1104.9135025779933
20260811_184731__rp1__vinf25__inc30__toff59132__Om180__om345,1.5236029470577659,0.0933904786364171,25.1780611810817,250.46123889702295,2.0970125373193915,0.20006774198609065,28.038628116623478,4.746633097405327,True,1109.165704762971
20260811_184731__rp1__vinf25__inc30__toff59132__Om180__om45,1.5235963027344877,0.09339067035353767,25.178069010568507,250.45977522084866,1.665814260457868,0.035814872037449846,24.602243095834204,35.32211998728423,True,785.298478019101
20260811_184731__rp1__vinf25__inc30__toff59132__Om180__om60,1.5235963940487158,0.09339065108597659,25.178069056105503,250.45981127473635,1.5553761776921962,0.03575856087397606,24.811445493772833,133.88087839744284,True,708.5133810558984
20260811_184731__rp1__vinf25__inc30__toff59132__Om180__om75,1.5236015479768417,0.0933904627428169,25.1780527811775,250.4611092990156,1.4868013981547614,0.07767276142920877,26.035524813276705,140.28857483105287,True,662.1773684387274
20260811_184731__rp1__vinf25__inc30__toff59132__Om180__om90,1.5235948631750384,0.09339066567144241,25.17806025569718,250.45962979484324,1.5320351061307087,0.11964477060791062,28.047965959911433,103.88428149130735,True,692.6246888154019
20260811_184731__rp1__vinf25__inc30__toff59132__Om270__om0,1.523603013152935,0.09339047210372366,25.178060868676067,250.46126548175016,1.2668589228807712,0.32091036327806155,30.32245429412301,165.00220129417892,True,520.8195455925517
20260811_184731__rp1__vinf25__inc30__toff59132__Om270__om105,1.5235949490281235,0.09339063893693159,25.17806020845065,250.4596630787983,1.266659637562289,0.23769766863879832,26.081558588662894,226.4265332180241,True,520.6966578677387
20260811_184731__rp1__vinf25__inc30__toff59132__Om270__om120,1.5235951402576973,0.09339066663327951,25.178062278756162,250.45963220314826,1.1892321677406048,0.2899823008389112,25.043782307132805,222.2253857414106,True,473.69070659973687
20260811_184731__rp1__vinf25__inc30__toff59132__Om270__om135,1.5236085013475233,0.09339029536064426,25.178046731270918,250.46259008447663,1.181076263129344,0.2971829666830245,25.784833179672102,216.54622034670902,True,468.8261248324826
20260811_184731__rp1__vinf25__inc30__toff59132__Om270__om15,1.5235996321252154,0.09339057014296732,25.178065160553004,250.46050972185472,1.2960792228289495,0.38601871177096847,32.55423933191546,157.81092011847585,True,538.9422302463786
20260811_184731__rp1__vinf25__inc30__toff59132__Om270__om150,1.5235956288824242,0.093390649258929,25.17806462172891,250.45972000215988,1.2497349700984794,0.2530880835156511,27.54070935807224,214.55696404358557,True,510.2955439658051
20260811_184731__rp1__vinf25__inc30__toff59132__Om270__om165,1.5236015761242518,0.09339046244335229,25.178052672931468,250.4611207970717,1.4001584998957066,0.18574841838341133,28.974536971722234,227.1720615245647,True,605.1467345764324
20260811_184731__rp1__vinf25__inc30__toff59132__Om270__om180,1.5235947917880266,0.09339068371422048,25.178060432440347,250.45960183801174,1.6098639809984006,0.12497539130485939,30.261438861338704,260.1565788000387,True,746.0684379240876
20260811_184731__rp1__vinf25__inc30__toff59132__Om270__om195,1.5235996564757812,0.09339056500512581,25.178065172696268,250.46051933628115,1.8885156506995149,0.16612153399058513,33.67610607131483,279.0982375889419,True,947.9289235038897
20260811_184731__rp1__vinf25__inc30__toff59132__Om270__om210,1.5236006845900856,0.09338811013987178,25.178065333099315,250.46042148412897,2.0299954492998933,0.1781043100828169,30.934386728551278,325.6429015802845,True,1056.422126577073
20260811_184731__rp1__vinf25__inc30__toff59132__Om270__om225,1.5235986763618277,0.09339300749342046,25.178064438851347,250.46063591774006,2.1137222592805793,0.19654558376634773,30.753876255623716,334.8670149612655,True,1122.4494040867926
20260811_184731__rp1__vinf25__inc30__toff59132__Om270__om240,1.5235966434315893,0.09339058389080807,25.17804759646103,250.46017560607265,2.079818109018511,0.18318612456571587,30.26614904046925,339.59952638653914,True,1095.5518215472327
20260811_184731__rp1__vinf25__inc30__toff59132__Om270__om255,1.5236029363041284,0.09339048267842366,25.17806095263522,250.46123475472285,2.003289565154783,0.1590209023277247,29.68419156537742,343.97024308497157,True,1035.6439813598558
20260811_184731__rp1__vinf25__inc30__toff59132__Om270__om270,1.5236014908970568,0.09339048042543281,25.178052630429466,250.46108714644777,1.8113945901529256,0.08645414924108497,29.150381542043792,357.244220269739,True,890.4601566669156
20260811_184731__rp1__vinf25__inc30__toff59132__Om270__om285,1.5235948989898187,0.09339065722773371,25.178060385099577,250.4596438838851,1.6740271600971302,0.028687438214174563,28.61841907346627,325.7329556572585,True,791.1132204658242
20260811_184731__rp1__vinf25__inc30__toff59132__Om270__om30,1.523597698755383,0.09338812956250873,25.178048742083075,250.46008901320505,1.341052796603885,0.43327719707507495,35.982987963385945,159.98605697188492,True,567.2358964729674
20260811_184731__rp1__vinf25__inc30__toff59132__Om270__om300,1.5235952584235937,0.09339065982410003,25.17806240626396,250.45968013813632,1.5433767539010075,0.044216596054927344,28.087331669564378,194.40449343738177,True,700.330151213232
20260811_184731__rp1__vinf25__inc30__toff59132__Om270__om315,1.5235951665763707,0.09339067853946431,25.17806244411716,250.45964383495289,1.4301359182759605,0.11383142695375355,27.725484234452292,182.96381579862575,True,624.6846920568202
20260811_184731__rp1__vinf25__inc30__toff59132__Om270__om330,1.523595530854048,0.09339067856235893,25.178064662904315,250.45968191098706,1.3376575669717174,0.18464874252530214,27.81811453196859,178.93441734170383,True,565.0830990938691
20260811_184731__rp1__vinf25__inc30__toff59132__Om270__om345,1.523596400052121,0.09339064031370073,25.178069080579913,250.4598129796061,1.2705588050605394,0.25374037366380653,28.60484826745978,172.47531245640187,True,523.1028036265458
20260811_184731__rp1__vinf25__inc30__toff59132__Om270__om45,1.52359870368121,0.09339300656197827,25.178064578476945,250.46064705518847,1.3861713532847306,0.3898742882877877,40.648783216994204,169.44151148857105,True,596.1015780088735
20260811_184731__rp1__vinf25__inc30__toff59132__Om270__om60,1.5235996359219877,0.09339057498121534,25.17806504016409,250.4605116054625,1.5085175283467214,0.22063809508890647,40.58766070865247,185.29004725201557,True,676.7377975537574
20260811_184731__rp1__vinf25__inc30__toff59132__Om270__om75,1.5236014796751354,0.09339048488624666,25.17805294871823,250.46108289291627,1.5501180116628481,0.12554224478327852,34.78857007928162,217.27984073237897,True,704.9235768898405
20260811_184731__rp1__vinf25__inc30__toff59132__Om270__om90,1.5235947853736713,0.09339067435564166,25.178060015295763,250.45959851442274,1.4152457826681912,0.16979715447482732,29.29312550738116,230.96900586165447,True,614.9540930003838
20260811_184731__rp1__vinf25__inc30__toff59132__Om90__om0,1.5235963004436288,0.0933906764762502,25.17806888714396,250.4597747008955,1.458475878541369,0.1505486847196762,29.589239577571647,259.1495642885519,True,643.3447607858616
20260811_184731__rp1__vinf25__inc30__toff59132__Om90__om105,1.5235948989898187,0.09339065722773371,25.178060385099577,250.4596438838851,1.8088604974089315,0.13241912374686174,24.481061850820172,319.09394237329997,True,888.5922153157094
20260811_184731__rp1__vinf25__inc30__toff59132__Om90__om120,1.5235952562910684,0.09339065761438979,25.178062739826167,250.45967914069277,1.5850669724510515,0.10076648274780732,25.169768834238113,275.7632646103112,True,728.8972597876073
20260811_184731__rp1__vinf25__inc30__toff59132__Om90__om135,1.523595165510108,0.09339067743460976,25.178062610898294,250.45964333623078,1.361443895893624,0.1669823412745446,26.583848352213508,234.25688657861255,True,580.2224332047468
20260811_184731__rp1__vinf25__inc30__toff59132__Om90__om15,1.5235996564757812,0.09339056500512581,25.178065172696268,250.46051933628115,1.669613752457713,0.14155257580104885,28.417856437938603,297.05121025776737,True,787.9867453259234
20260811_184731__rp1__vinf25__inc30__toff59132__Om90__om150,1.523595530143206,0.09339067782578785,25.17806477409172,250.45968157850632,1.1340228186175147,0.31440155336843056,29.353221965303455,221.9094866872849,True,441.0903763517361
20260811_184731__rp1__vinf25__inc30__toff59132__Om90__om165,1.5235948928180043,0.09339064902449491,25.178060403502982,250.45964078154304,0.9010871467650945,0.5673536812052957,34.54589864954795,220.7840564404882,True,312.42450088069387
20260811_184731__rp1__vinf25__inc30__toff59132__Om90__om180,1.5236015044940647,0.09339047932972502,25.178052414126217,250.4610926186251,0.7499060822902588,0.9273293160099818,22.693882820834904,259.57729370169193,True,237.19482328387815
20260811_184731__rp1__vinf25__inc30__toff59132__Om90__om195,1.5235996321252154,0.09339057014296732,25.178065160553004,250.46050972185472,-1.3649360511623985,1.7617410426732114,57.46129427230832,180.21312996223543,False,
20260811_184731__rp1__vinf25__inc30__toff59132__Om90__om210,1.5236007160659375,0.09338811509726092,25.178065651200026,250.4604347549042,-3.2824856925648596,1.3924586870998712,19.762835663751893,169.36330227026994,False,
20260811_184731__rp1__vinf25__inc30__toff59132__Om90__om225,1.52359870368121,0.09339300656197827,25.178064578476945,250.46064705518847,13.430584844398096,0.9328982145566472,31.815294530561772,132.8694706933571,True,17977.83041682411
20260811_184731__rp1__vinf25__inc30__toff59132__Om90__om240,1.5235966214561907,0.09339059239387866,25.17804768630289,250.46016721037,-1314.3030813506975,1.000623698669932,49.84925961704131,92.2329467784757,False,
20260811_184731__rp1__vinf25__inc30__toff59132__Om90__om255,1.5236029897556544,0.09339047913332582,25.178061180893334,250.46125642096,-2.5354433958642306,2.5523434448944866,49.20181067522316,67.85192902016672,False,
20260811_184731__rp1__vinf25__inc30__toff59132__Om90__om270,1.5235947832411474,0.09339067214593674,25.178060348858047,250.4595975169765,7.392152296814931,0.7610071779350166,28.07230101880931,21.132107658264978,True,7340.932844423647
20260811_184731__rp1__vinf25__inc30__toff59132__Om90__om285,1.5235949490281235,0.09339063893693159,25.17806020845065,250.4596630787983,1.9585810261111802,0.17636847127739094,27.14572726190687,354.3814153255207,True,1001.1685689141121
20260811_184731__rp1__vinf25__inc30__toff59132__Om90__om30,1.5235976672796556,0.09338812460534507,25.178048423983526,250.4600757424135,1.9136177484843584,0.18288422845437738,27.14157342106224,325.6820859659488,True,966.8913563998792
20260811_184731__rp1__vinf25__inc30__toff59132__Om90__om300,1.5235951423902223,0.09339066884298826,25.178061945193967,250.45963320059278,1.440452960215244,0.12093467399123592,27.689140493088328,251.51706441075208,True,631.4566088730885
20260811_184731__rp1__vinf25__inc30__toff59132__Om90__om315,1.5236085024138044,0.09339029646553755,25.178046564489627,250.46259058317202,1.2810918168290575,0.1947699188002922,29.220911554403802,229.49082182088904,True,529.6210987441584
20260811_184731__rp1__vinf25__inc30__toff59132__Om90__om330,1.5235956295932662,0.09339064999550037,25.178064510541525,250.4597203346405,1.253036790181925,0.21614442247961624,30.130559191120362,229.0972082428524,True,512.3191927941429
20260811_184731__rp1__vinf25__inc30__toff59132__Om90__om345,1.5236030833615657,0.09339045374441,25.178061349855668,250.46129299532942,1.314291605682582,0.19123636194748028,30.255245799478285,237.3237665169774,True,550.3417917941636
20260811_184731__rp1__vinf25__inc30__toff59132__Om90__om45,1.5235986763618277,0.09339300749342046,25.178064438851347,250.46063591774006,2.117810401046688,0.22983535810085956,25.966977631097205,337.3355000495364,True,1125.707365474477
20260811_184731__rp1__vinf25__inc30__toff59132__Om90__om60,1.5235996578974733,0.09339056647828652,25.178064950321495,250.46052000123103,2.2153179849481948,0.24876319363708785,25.031837852522,341.247403726539,True,1204.339698832173
20260811_184731__rp1__vinf25__inc30__toff59132__Om90__om75,1.5236014262237152,0.09339048843152878,25.178052720460347,250.46106122670352,2.169946951652812,0.23469108735285318,24.46218942499008,339.0828199146564,True,1167.531395022691
20260811_184731__rp1__vinf25__inc30__toff59132__Om90__om90,1.5236014930295996,0.09339048263517691,25.178052296867016,250.46108814386702,2.0191488714819523,0.18982592366118478,24.282598013539626,334.78800102677053,True,1047.9665079213098
20260811_184731__rp1__vinf25__inc60__toff59132__Om0__om0,1.5235965956840356,0.09339059605874639,25.17804789653443,250.46015693102993,1.6116727916807794,0.0312759568882904,18.818982732980444,159.46288757389712,True,747.32619221767
20260811_184731__rp1__vinf25__inc60__toff59132__Om0__om105,1.5235991067944543,0.09338813751886214,25.178056584967283,250.46022168031783,1.7734003540221315,0.12941243198068542,19.433244013481616,313.0830287268437,True,862.5913099118335
20260811_184731__rp1__vinf25__inc60__toff59132__Om0__om120,1.5235998369560781,0.09338814024827768,25.178061304010782,250.46029870850487,2.0063069251914367,0.18675515797065956,20.314839047358205,331.1553138815778,True,1037.9846967571116
20260811_184731__rp1__vinf25__inc60__toff59132__Om0__om135,1.5235992310435624,0.09338811577186643,25.178056965443606,250.4602710829197,2.1704831091528702,0.2288492682030893,21.29821783307586,337.7028051486251,True,1167.964137891769
20260811_184731__rp1__vinf25__inc60__toff59132__Om0__om15,1.5235963040719624,0.09339066233891329,25.17806880963241,250.45977518708054,1.3739585847579232,0.13586462642327435,21.370853756798585,228.18374900901446,True,588.2410867519254
20260811_184731__rp1__vinf25__inc60__toff59132__Om0__om150,1.523597197156946,0.0933930160038417,25.17805579029138,250.46047519780555,2.2263357602910605,0.24192865691937054,22.25615708504494,341.1358672149468,True,1213.335447323691
20260811_184731__rp1__vinf25__inc60__toff59132__Om0__om165,1.5235966250187978,0.09339059744147868,25.17804783928095,250.46016903838728,2.1643640490959375,0.2219161369475051,23.07434904381588,344.1270690013008,True,1163.0285063851911
20260811_184731__rp1__vinf25__inc60__toff59132__Om0__om180,1.5235996930016324,0.09339055729836818,25.17806519091117,250.4605337579231,2.033793625574983,0.17774533928462094,23.61234553801864,350.1937922100021,True,1059.388404460283
20260811_184731__rp1__vinf25__inc60__toff59132__Om0__om195,1.5235933454352335,0.09339067958212435,25.178051785862372,250.45945367688813,1.8667363583260093,0.11931581640573817,24.047580427051688,353.36631481561346,True,931.5783175022008
20260811_184731__rp1__vinf25__inc60__toff59132__Om0__om210,1.5236030161125578,0.09339046197369584,25.178060891633177,250.46126598497116,1.6942713156998268,0.051146863981837404,24.282354491870727,349.658176967686,True,805.5070200389895
20260811_184731__rp1__vinf25__inc60__toff59132__Om0__om225,1.5235963034453304,0.09339067109011154,25.178068899381152,250.45977555332803,1.5304771965434398,0.03192325334348124,24.122249307993886,223.92763364351507,True,691.5684738423215
20260811_184731__rp1__vinf25__inc60__toff59132__Om0__om240,1.5236030262816653,0.0933904714268368,25.178061199108296,250.461270842687,1.3866396267333474,0.10109667427942105,23.231245407939824,212.03527915797432,True,596.4036641624014
20260811_184731__rp1__vinf25__inc60__toff59132__Om0__om255,1.5235997407493818,0.09339054513077294,25.178064890837067,250.46055243307558,1.2973566313923275,0.13635841518907657,21.01636108808594,215.75088922597075,True,539.7391942896531
20260811_184731__rp1__vinf25__inc60__toff59132__Om0__om270,1.523599683435581,0.09339056302299178,25.178065013457683,250.46053022498714,1.423037355940184,0.11444379080764985,17.01413890550836,142.76877089433808,True,620.0394803097488
20260811_184731__rp1__vinf25__inc60__toff59132__Om0__om285,1.5236007425265394,0.09338810141973322,25.178055120653735,250.46057810175176,2.466088926946644,0.3616731867834864,12.290539826217119,85.5391686644264,True,1414.5164163442307
20260811_184731__rp1__vinf25__inc60__toff59132__Om0__om30,1.523596278584466,0.09339067190301206,25.17806944469263,250.4597654783595,1.2455161491779043,0.21511278798748668,21.797648593278875,225.00329425580776,True,507.71376342992596
20260811_184731__rp1__vinf25__inc60__toff59132__Om0__om300,1.5235971950787572,0.09339301305939525,25.178055701053957,250.46047413150853,3.139864701945102,0.5657127693105913,9.93933166672608,59.03188249064056,True,2032.1758882617512
20260811_184731__rp1__vinf25__inc60__toff59132__Om0__om315,1.5235991794321453,0.09338812178906664,25.178056745332988,250.4602503441272,2.4540530771724005,0.4695356066347455,11.286733095553975,83.30767946132427,True,1404.1736521695136
20260811_184731__rp1__vinf25__inc60__toff59132__Om0__om330,1.5235971671113189,0.09339301388438033,25.17805595873201,250.46046275830994,2.0875082094503163,0.3240976063649679,11.142824007009946,96.73976794096629,True,1101.633617678595
20260811_184731__rp1__vinf25__inc60__toff59132__Om0__om345,1.523596650790954,0.09339059377661446,25.178047629049427,250.4601793177279,1.8782655431054442,0.16493777277683122,14.326629249462023,92.56374400647735,True,940.2219362549947
20260811_184731__rp1__vinf25__inc60__toff59132__Om0__om45,1.5236029889184879,0.09339046416500867,25.178061324239508,250.46125504060353,1.2011363553773502,0.24575994331041157,20.82842455263194,226.63541428123983,True,480.8209260922672
20260811_184731__rp1__vinf25__inc60__toff59132__Om0__om60,1.5236028974030318,0.09339048701981292,25.178060832434504,250.46121911436467,1.2470458232912611,0.22270737319473127,19.636577931626036,225.98943450270872,True,508.6493695336838
20260811_184731__rp1__vinf25__inc60__toff59132__Om0__om75,1.5235997492963165,0.09339055669920149,25.17806497441982,250.4605567539949,1.3583905753158878,0.15983717530498948,18.92005116621828,235.12500098895413,True,578.271624107146
20260811_184731__rp1__vinf25__inc60__toff59132__Om0__om90,1.5235996063529584,0.09339057380765112,25.178065370784527,250.46049944247926,1.5425670519798131,0.10487426394783833,18.87158786507395,267.84479893244736,True,699.7791020734577
20260811_184731__rp1__vinf25__inc60__toff59132__Om180__om0,1.5235966785356096,0.09339057471066778,25.17804783705131,250.46018936268604,1.864098552915891,0.14195636805676512,25.783409964238004,11.174934517212705,True,929.6044549162666
20260811_184731__rp1__vinf25__inc60__toff59132__Om180__om105,1.52360074465908,0.09338810362946404,25.17805478709145,250.46057909921004,1.7767223550556617,0.16180380334172204,22.65436432659145,116.2822448889068,True,865.0162029308846
20260811_184731__rp1__vinf25__inc60__toff59132__Om180__om120,1.5235979469185468,0.09339300686502325,25.178060317503853,250.46055939514855,1.684010768456934,0.20412014590836852,22.89460988992875,98.76074136917228,True,798.2008552064277
20260811_184731__rp1__vinf25__inc60__toff59132__Om180__om135,1.5235991790767227,0.09338812142077951,25.17805680092669,250.4602501778832,1.659292588880483,0.1903602113920519,22.88327270052532,140.67742599174696,True,780.6913231502207
20260811_184731__rp1__vinf25__inc60__toff59132__Om180__om15,1.5235963598980935,0.09339066215805711,25.178069139876655,250.45979807185867,1.8243719524906126,0.12054342823660623,24.417896780934218,11.628732691648768,True,900.0465522908517
20260811_184731__rp1__vinf25__inc60__toff59132__Om180__om150,1.5235971692438495,0.09339301609410773,25.178055625169556,250.4604637557108,1.5122000765443186,0.19087527379074673,22.820929151441952,166.83876625797757,True,679.2173575988969
20260811_184731__rp1__vinf25__inc60__toff59132__Om180__om165,1.5235966493692676,0.09339059230347557,25.178047851424445,250.4601786527676,1.4100127502495265,0.206305070349479,23.44942950037533,177.33628843830104,True,611.5464537314958
20260811_184731__rp1__vinf25__inc60__toff59132__Om180__om180,1.5235996101497304,0.09339057864589856,25.178065250395612,250.46050132608744,1.3343096435453168,0.22376406510583124,24.904798695736307,181.19691059616653,True,562.9629704988514
20260811_184731__rp1__vinf25__inc60__toff59132__Om180__om195,1.5235932896093234,0.09339067976336807,25.178051455619052,250.45943079213953,1.2845849628330543,0.23421532704593676,26.931240013187438,182.30517709785195,True,531.7887470976212
20260811_184731__rp1__vinf25__inc60__toff59132__Om180__om210,1.5235962814278365,0.09339067484930708,25.178068999943196,250.45976680827724,1.2858881541397515,0.22530277188313996,28.98530564433713,178.18200582377878,True,532.5981893233298
20260811_184731__rp1__vinf25__inc60__toff59132__Om180__om225,1.523602992472733,0.09339046784794275,25.178060768302434,250.46125670295598,1.3042701623667663,0.19655984066725268,30.81041203979152,176.50250284702938,True,544.0592906810962
20260811_184731__rp1__vinf25__inc60__toff59132__Om180__om240,1.5236028974030318,0.09339048701981292,25.178060832434504,250.46121911436467,1.3523321042525362,0.15118639446394397,32.04790862130466,174.30083417629154,True,574.4072724026364
20260811_184731__rp1__vinf25__inc60__toff59132__Om180__om255,1.5235997478746244,0.09339055522603995,25.17806519679459,250.46055608904555,1.425212211709695,0.09277724203196762,32.62567796668158,169.25783722594386,True,621.4614509322753
20260811_184731__rp1__vinf25__inc60__toff59132__Om180__om270,1.523599609196342,0.09339057675397182,25.178064926035,250.4605007723794,1.5152647705255102,0.030956447249542246,32.58276217610526,148.8380122292963,True,681.2832029396135
20260811_184731__rp1__vinf25__inc60__toff59132__Om180__om285,1.5235991046619182,0.09338813530914074,25.178056918529517,250.46022068285293,1.6150959577817796,0.038641945721244096,32.01498701628445,27.181553600206126,True,749.7084185839807
20260811_184731__rp1__vinf25__inc60__toff59132__Om180__om30,1.5236030132691616,0.0933904590273482,25.178061336382818,250.46126465508934,1.7659720628765285,0.09063349517634184,23.19127146161856,12.077951892055752,True,857.1772491932319
20260811_184731__rp1__vinf25__inc60__toff59132__Om180__om300,1.5235990851158696,0.09338814644252612,25.178056687557685,250.46021343671657,1.7122307932837018,0.08770005536104436,31.083471191976003,13.932870024852864,True,818.3486065290449
20260811_184731__rp1__vinf25__inc60__toff59132__Om180__om315,1.5235992313989852,0.09338811614015366,25.178056909849932,250.46027124916358,1.7942046067766533,0.12436892276822897,29.91370122166731,11.679361874091695,True,877.8146881952541
20260811_184731__rp1__vinf25__inc60__toff59132__Om180__om330,1.5235971950244152,0.09339301379411379,25.178056123853846,250.46047420040512,1.849614251935157,0.1441672449023256,28.60108591047992,11.87068397904185,True,918.7907982492626
20260811_184731__rp1__vinf25__inc60__toff59132__Om180__om345,1.5235966264404839,0.09339059891461737,25.178047616905932,250.46016970334762,1.871646990412047,0.14921677875059244,27.205396764619532,12.095729200787693,True,935.2566453602514
20260811_184731__rp1__vinf25__inc60__toff59132__Om180__om45,1.5235962998911168,0.09339066740724232,25.17806945531792,250.4597738909311,1.6969826233166616,0.05401436676631435,22.20711741322748,15.805449466482067,True,807.4413479201456
20260811_184731__rp1__vinf25__inc60__toff59132__Om180__om60,1.5236030262816653,0.0933904714268368,25.178061199108296,250.461270842687,1.6320790798117462,0.024230278566091785,21.66766645713789,51.391658740833066,True,761.5644963322804
20260811_184731__rp1__vinf25__inc60__toff59132__Om180__om75,1.523599742171074,0.09339054660393438,25.178064668462305,250.46055309802506,1.5973491954288568,0.04371925776555585,21.773643763720703,100.27413944861716,True,737.3856697740833
20260811_184731__rp1__vinf25__inc60__toff59132__Om180__om90,1.5235996805921972,0.09339056007666989,25.17806545820723,250.46052889508775,1.6402968547248018,0.10070890780393972,22.28232335727282,91.58123268695914,True,767.3236262561696
20260811_184731__rp1__vinf25__inc60__toff59132__Om270__om0,1.523599971489838,0.0933904916958094,25.17804394757483,250.46091014204305,1.2266707835177233,0.3738769173598415,22.541729841096924,175.73883943765105,True,496.2344655981248
20260811_184731__rp1__vinf25__inc60__toff59132__Om270__om105,1.5235949071257364,0.0933906486651555,25.17806007601242,250.45964658616393,1.2913990750696727,0.2381856876993659,23.286317802825888,238.47930998806356,True,536.0256829947443
20260811_184731__rp1__vinf25__inc60__toff59132__Om270__om120,1.5235956405177935,0.09339063862812068,25.178064481699423,250.45972400842453,1.2515203959259869,0.26606271858717034,22.380555327873008,233.1590275479807,True,511.38948011507546
20260811_184731__rp1__vinf25__inc60__toff59132__Om270__om135,1.5236079840111616,0.09339060698594075,25.178044436644328,250.46255451245185,1.2662964781637298,0.26640527146916065,23.24838266819088,227.21456747188589,True,520.472743338809
20260811_184731__rp1__vinf25__inc60__toff59132__Om270__om15,1.5235997431244628,0.09339054849586188,25.178064992822907,250.46055365173237,1.1638153684261079,0.4679723518025474,21.887283895897465,179.09412531588762,True,458.5862448935186
20260811_184731__rp1__vinf25__inc60__toff59132__Om270__om150,1.5235947914612742,0.09339067307111584,25.17806001833162,250.45960091800913,1.3420303014901422,0.2397580474806677,25.476907408018977,226.94408980705808,True,567.8562041411088
20260811_184731__rp1__vinf25__inc60__toff59132__Om270__om165,1.5235998998598044,0.09339050858244517,25.178043688769062,250.46088196368385,1.4669131083677434,0.19257374552437287,27.8692483958005,235.11335423809604,True,648.9354157937975
20260811_184731__rp1__vinf25__inc60__toff59132__Om270__om180,1.523596321950717,0.09339066839193454,25.17806934403655,250.4597829853461,1.6195245436299013,0.15000596435494873,29.88540579067374,253.85180504120723,True,752.7940770510428
20260811_184731__rp1__vinf25__inc60__toff59132__Om270__om195,1.5235967408334783,0.09339056333881786,25.17804764503504,250.46021406360785,1.7576702763389793,0.13320483270769123,31.276380698870938,277.89281140493927,True,851.1400080199776
20260811_184731__rp1__vinf25__inc60__toff59132__Om270__om210,1.5235996305780566,0.09339056740976867,25.178064810695922,250.46050886348218,1.834176346136972,0.12876158222559014,31.77933315914241,293.8122076029692,True,907.3117286293522
20260811_184731__rp1__vinf25__inc60__toff59132__Om270__om225,1.5235997067156843,0.09339055609791992,25.17806483792417,250.46053925789778,1.834437696949289,0.11643860877701057,31.88914904933823,299.6455228899888,True,907.5056590858867
20260811_184731__rp1__vinf25__inc60__toff59132__Om270__om240,1.5235997552997476,0.09339054592694669,25.17806499889453,250.46055845894796,1.7560721010056644,0.08569330246875925,31.587818474520795,290.44857561733727,True,849.9794134577756
20260811_184731__rp1__vinf25__inc60__toff59132__Om270__om255,1.5236030458821581,0.09339045955894772,25.17806100728013,250.46127801990366,1.655488301191712,0.0603427633151892,31.131443950547123,259.2846416741168,True,778.0080066898004
20260811_184731__rp1__vinf25__inc60__toff59132__Om270__om270,1.5236029873805632,0.09339047576821016,25.178061078907593,250.46125520232476,1.5572132538726529,0.07086532668571613,30.568303784486627,211.98318778801928,True,709.7690039701021
20260811_184731__rp1__vinf25__inc60__toff59132__Om270__om285,1.5235949340937591,0.09339064804746151,25.178060625689383,250.45965764044806,1.4768045985110287,0.10918033629345662,29.82223313978337,189.84342592250005,True,655.5101886257761
20260811_184731__rp1__vinf25__inc60__toff59132__Om270__om30,1.5235996592104806,0.09339056942086846,25.178065573546267,250.46052080398232,1.1289156638518436,0.5527382630380074,25.653318500744014,186.22266826103032,True,438.1140095339853
20260811_184731__rp1__vinf25__inc60__toff59132__Om270__om300,1.5235948333924356,0.09339095131464016,25.178060241247042,250.45968098037696,1.4155908439917606,0.15137455523046756,28.78008451777349,180.51590799698738,True,615.1790113251573
20260811_184731__rp1__vinf25__inc60__toff59132__Om270__om315,1.5235948122414713,0.09339067553220087,25.178060341838993,250.45960963277037,1.3673698054338623,0.1953435674643055,27.47638657970383,176.63394820697783,True,584.0148235245317
20260811_184731__rp1__vinf25__inc60__toff59132__Om270__om330,1.5235948610425143,0.09339066346173658,25.178060589259424,250.45962879739756,1.322209497185347,0.24269368314074022,26.053387871800552,175.53656613142226,True,555.3225391770391
20260811_184731__rp1__vinf25__inc60__toff59132__Om270__om345,1.523593364082096,0.09339066582195464,25.178051269674437,250.45946030008366,1.2830098857047822,0.3066507424498278,24.469815916114083,173.78283770081538,True,530.8109781970812
20260811_184731__rp1__vinf25__inc60__toff59132__Om270__om45,1.5235995843774748,0.09339058231058468,25.178065460627117,250.4604910467135,1.2291969943347876,0.46893007588124147,34.30977034570201,200.5831037669099,True,497.76817547838795
20260811_184731__rp1__vinf25__inc60__toff59132__Om270__om60,1.5235997333242584,0.09339055442986663,25.17806508873711,250.4605500631738,1.4324820352730412,0.26085124647167984,33.98929568808624,224.01411995618156,True,626.222501426421
20260811_184731__rp1__vinf25__inc60__toff59132__Om270__om75,1.523603076404715,0.09339046262470163,25.178061001020094,250.4612907366006,1.4601977657353062,0.18653868261254813,29.553313617066916,239.11833642803404,True,644.4844032198049
20260811_184731__rp1__vinf25__inc60__toff59132__Om270__om90,1.5235963073162062,0.09339065810811266,25.178069257417626,250.45977626075512,1.376124901902182,0.20245418208675933,25.74245565357078,242.32500781167707,True,589.6328524169594
20260811_184731__rp1__vinf25__inc60__toff59132__Om90__om0,1.5235933074880073,0.09339068581626762,25.178051990022194,250.4594385904331,1.4050495025917682,0.19024918837630614,28.789538820348188,258.20824264256885,True,608.3203298110601
20260811_184731__rp1__vinf25__inc60__toff59132__Om90__om105,1.5235949362262837,0.09339065025716825,25.178060292127153,250.45965863789326,1.6588334995152918,0.13931714045749613,22.119901688700526,277.10818261430916,True,780.3673456663255
20260811_184731__rp1__vinf25__inc60__toff59132__Om90__om120,1.5235955852317677,0.09339094511763149,25.17806485773624,250.45976624758393,1.459614821436518,0.17485419895295512,22.991782600748795,242.2404639807411,True,644.0985024007738
20260811_184731__rp1__vinf25__inc60__toff59132__Om90__om135,1.5235948118860507,0.09339067516391665,25.178060397432706,250.45960946652943,1.2687854963129495,0.27200237072617456,23.890260020619316,223.06477106149563,True,522.0080502436842
20260811_184731__rp1__vinf25__inc60__toff59132__Om90__om15,1.5235997552997476,0.09339054592694669,25.17806499889453,250.46055845894796,1.530206334025121,0.17122847150524323,27.33290755336273,275.2561149817125,True,691.3848921881859
20260811_184731__rp1__vinf25__inc60__toff59132__Om90__om150,1.5235948631750384,0.09339066567144241,25.17806025569718,250.45962979484324,1.1148037032107774,0.39170314394109396,23.583148359174967,217.5469878446787,True,429.92479850664125
20260811_184731__rp1__vinf25__inc60__toff59132__Om90__om165,1.523593362660416,0.09339066434882831,25.178051492049384,250.45945963511457,1.0308858341715532,0.48522474964870677,21.81210844701171,219.12139772978415,True,382.3056796732405
20260811_184731__rp1__vinf25__inc60__toff59132__Om90__om180,1.5236029859588651,0.09339047429503662,25.17806130128243,250.46125453738375,1.0270584365508941,0.5213039682820748,20.564165648783845,219.8507987246098,True,380.1785621837234
20260811_184731__rp1__vinf25__inc60__toff59132__Om90__om195,1.5235967286582417,0.09339056590781435,25.178047638963278,250.46020925641497,1.073109740744059,0.5349968970454925,21.20161685632056,211.97615710369624,True,406.0327811710751
20260811_184731__rp1__vinf25__inc60__toff59132__Om90__om210,1.523599662053864,0.09339057236719012,25.178065128796728,250.46052213388174,1.114853256591778,0.5784096820818362,23.764935126031858,200.60742741898972,True,429.95346426729094
20260811_184731__rp1__vinf25__inc60__toff59132__Om90__om225,1.5235995879317041,0.09339058599348507,25.178064904690174,250.46049270908878,1.112626780443507,0.6734474821851659,28.863341037718374,192.151590038222,True,428.66611588164903
20260811_184731__rp1__vinf25__inc60__toff59132__Om90__om240,1.5235997333242584,0.09339055442986663,25.17806508873711,250.4605500631738,1.0441820574595895,0.8767371291114782,42.70343955186459,188.95675366964738,True,389.72586693415974
20260811_184731__rp1__vinf25__inc60__toff59132__Om90__om255,1.523603074983017,0.09339046115152724,25.178061223394927,250.46129007166016,-2.551817465181224,1.1976366978221373,131.82795610634338,205.26461182236335,False,
20260811_184731__rp1__vinf25__inc60__toff59132__Om90__om270,1.5235963101595773,0.09339066105440813,25.17806881266822,250.45977759067273,-8.99953150871591,1.1711497273369456,3.1639026153154743,43.95726356156642,False,
20260811_184731__rp1__vinf25__inc60__toff59132__Om90__om285,1.523594904993212,0.09339064645544908,25.178060409574655,250.4596455887185,2.218166415490019,0.28976664701653343,18.280916240884192,338.2779141593842,True,1206.6632346532253
20260811_184731__rp1__vinf25__inc60__toff59132__Om90__om30,1.5235996277346733,0.09339056446344772,25.17806525544547,250.46050753358213,1.6930448868396684,0.16438268030176292,25.49589390476775,296.73282059206196,True,804.6325571513763
20260811_184731__rp1__vinf25__inc60__toff59132__Om90__om300,1.5235948886784965,0.09339064482523088,25.178059865210344,250.459638740713,1.6091333548725923,0.1265901025901466,23.70266778366915,284.34006677337374,True,745.5605982118841
20260811_184731__rp1__vinf25__inc60__toff59132__Om90__om315,1.5236079843665882,0.09339060735423785,25.178044381050555,250.46255467868326,1.4117610364489614,0.1544534370201044,27.067118797354286,249.28116989911274,True,612.6841983063669
20260811_184731__rp1__vinf25__inc60__toff59132__Om90__om330,1.52359478932875,0.09339067086141083,25.178060351893887,250.45959992056294,1.3355008989626684,0.18827458970621636,28.93205293092203,243.6594477331936,True,563.7170484812725
20260811_184731__rp1__vinf25__inc60__toff59132__Om90__om345,1.5235999012814967,0.09339051005559625,25.178043466393966,250.46088262863566,1.3361886021839697,0.1994680298020187,29.448356150801853,247.73834032420822,True,564.1525254617351
20260811_184731__rp1__vinf25__inc60__toff59132__Om90__om45,1.5235997031614548,0.0933905524150171,25.178065393861086,250.46053759552365,1.843754805431936,0.17663429919708684,23.648968783209966,314.58592974679203,True,914.4282619388704
20260811_184731__rp1__vinf25__inc60__toff59132__Om90__om60,1.5235997552997476,0.09339054592694669,25.17806499889453,250.46055845894796,1.9454156632205892,0.18699342485302178,22.41500135989077,321.7945212892716,True,991.0909367457984
20260811_184731__rp1__vinf25__inc60__toff59132__Om90__om75,1.5236030473038564,0.09339046103212187,25.17806078490531,250.4612786848443,1.93932739463224,0.18062830984296047,21.672435848121047,319.3519860909631,True,986.4420810863875
20260811_184731__rp1__vinf25__inc60__toff59132__Om90__om90,1.5236029845371672,0.09339047282186298,25.17806152365726,250.46125387244282,1.8327499152464712,0.1567102624225242,21.602247456126605,305.9661947743149,True,906.2535159168838
20260811_184731__rp1__vinf25__inc90__toff59132__Om0__om0,1.5235966472185318,0.09339060073140361,25.178047754057435,250.46016954929004,1.3686511292254004,0.1855965217452256,23.180292038497345,189.15185339620098,True,584.8359116053156
20260811_184731__rp1__vinf25__inc90__toff59132__Om0__om105,1.523599161180777,0.09338814650266723,25.17805670665547,250.46023579446415,1.6731910836081145,0.06887633596285234,17.86801753406841,336.25205546554974,True,790.5206238344746
20260811_184731__rp1__vinf25__inc90__toff59132__Om0__om120,1.5235991343422677,0.09338814906261221,25.17805708366803,250.46022501610474,1.814103270086424,0.12470662382873277,18.95078770814172,346.6376462318267,True,892.4582356902978
20260811_184731__rp1__vinf25__inc90__toff59132__Om0__om135,1.523599281867275,0.09338811970807695,25.178056934153418,250.46028336900264,1.9272077463094939,0.1649029570361769,20.287616661343765,349.4316559195614,True,977.2095245746292
20260811_184731__rp1__vinf25__inc90__toff59132__Om0__om15,1.5235996738595718,0.09339058074985002,25.178065113988957,250.46051875152466,1.2947947732045322,0.20629482064256952,22.567271600534745,203.29121501456044,True,538.1412692443217
20260811_184731__rp1__vinf25__inc90__toff59132__Om0__om150,1.5235972465589254,0.09339301846688687,25.17805598137616,250.46048681832178,1.9919149318239833,0.18387194917381436,21.683891709452894,352.31896997931057,True,1026.8359689150977
20260811_184731__rp1__vinf25__inc90__toff59132__Om0__om165,1.5235966715690026,0.09339059559340045,25.178047766200933,250.46017916366986,2.0003739076352907,0.18179864485268568,23.036632166478515,355.4394042135506,True,1033.3838356630401
20260811_184731__rp1__vinf25__inc90__toff59132__Om0__om180,1.523599746911277,0.09339056533633976,25.178065150418718,250.46054759480606,1.9625635514971713,0.16439755205683773,24.267727135480637,359.2273537075498,True,1004.2237440822007
20260811_184731__rp1__vinf25__inc90__toff59132__Om0__om195,1.5235997225607076,0.09339057047417389,25.17806513827547,250.4605379803779,1.8880563110931694,0.12712224650623644,25.364213039489023,3.9666018822548454,True,947.5831004597298
20260811_184731__rp1__vinf25__inc90__toff59132__Om0__om210,1.5235997546210485,0.09339056193649126,25.178065377347206,250.4605505352675,1.7888024240136102,0.09032895858250946,26.262987843270903,13.114203698710831,True,873.8531466438528
20260811_184731__rp1__vinf25__inc90__toff59132__Om0__om225,1.5235936374395438,0.09339061539532949,25.178030626175712,250.45982689685232,1.6852136732113487,0.04490876510895429,26.889229533073543,34.036993608788514,True,799.0562514996539
20260811_184731__rp1__vinf25__inc90__toff59132__Om0__om240,1.5235997597974076,0.09339056350400436,25.178065045302954,250.4605527344952,1.5934069488110258,0.03186991339005637,27.05362623966112,111.94943369952729,True,734.6575607490977
20260811_184731__rp1__vinf25__inc90__toff59132__Om0__om255,1.5235967797244454,0.09339057099927804,25.178048043221708,250.4602217634342,1.5476163289464078,0.06894551716273144,26.479306217129622,128.810140785714,True,703.2177873182459
20260811_184731__rp1__vinf25__inc90__toff59132__Om0__om270,1.5235997333143,0.09339056643209535,25.178065366721864,250.4605421226423,1.6223723597650452,0.13815794092481243,25.308251916946205,105.25520924821548,True,754.7805501387658
20260811_184731__rp1__vinf25__inc90__toff59132__Om0__om285,1.5235991339868453,0.09338814869432523,25.178057139261718,250.4602248498607,1.871310887097615,0.2228268361043718,26.552803196355327,110.91833159372938,True,935.0047318738312
20260811_184731__rp1__vinf25__inc90__toff59132__Om0__om30,1.5235996493085686,0.0933905894762433,25.17806465557824,250.46050926519646,1.2591001103799364,0.21581596017776827,21.344849947774467,208.5655136143912,True,516.0422799509099
20260811_184731__rp1__vinf25__inc90__toff59132__Om0__om300,1.523597246914347,0.0933930188351749,25.17805592578246,250.4604869845552,2.1781661419032,0.49818164545001725,22.54999014680249,90.6773408601187,True,1174.1711268330725
20260811_184731__rp1__vinf25__inc90__toff59132__Om0__om315,1.5235992320998974,0.09338812887909961,25.1780570766478,250.46026364095894,1.7923253875143599,0.26753639815444996,23.739839885473142,105.5616407703557,True,876.4359372043455
20260811_184731__rp1__vinf25__inc90__toff59132__Om0__om330,1.523597225051811,0.09339302655107588,25.178055524482822,250.46047853403195,1.6079436216553336,0.20043750601087118,23.599711712704906,137.3786035349457,True,744.7338914980861
20260811_184731__rp1__vinf25__inc90__toff59132__Om0__om345,1.5235966944977875,0.09339058898226074,25.178048000719446,250.46018811309096,1.4772386787870722,0.1630793920127757,23.438130059019986,169.80620430240776,True,655.7992230911831
20260811_184731__rp1__vinf25__inc90__toff59132__Om0__om45,1.5235997316921712,0.09339056854748577,25.178065142829187,250.46054158578838,1.2645211328008132,0.1991382007531055,19.778976665543205,211.00782768472538,True,519.378574307195
20260811_184731__rp1__vinf25__inc90__toff59132__Om0__om60,1.5235996373337226,0.09339058845661384,25.178065095774055,250.46050432988778,1.314614022919929,0.15676447543299488,18.33243436247146,212.4498365074609,True,550.5443159841253
20260811_184731__rp1__vinf25__inc90__toff59132__Om0__om75,1.5235997984558027,0.09339055800700251,25.178064729955697,250.4605681535644,1.4053791268051128,0.09404297224874131,17.420762359771157,216.4723268150776,True,608.534410029935
20260811_184731__rp1__vinf25__inc90__toff59132__Om0__om90,1.5235996588409049,0.09339058037244942,25.17806555266689,250.4605126144126,1.5297215192708016,0.03547357733403945,17.276591883848855,259.56047150139113,True,691.056341353596
20260811_184731__rp1__vinf25__inc90__toff59132__Om180__om0,1.5235967324451831,0.09339058274840367,25.178047796559685,250.46020319962483,1.7061352449071974,0.09290898232769192,23.610715133883648,4.471617328281955,True,813.9825117322163
20260811_184731__rp1__vinf25__inc90__toff59132__Om180__om105,1.523599136830227,0.09338815164062068,25.178056694512083,250.4602261798134,1.7166362250441547,0.0798766955028065,19.21364740184204,100.58535880961769,True,821.5089546448139
20260811_184731__rp1__vinf25__inc90__toff59132__Om180__om120,1.5235972454926596,0.09339301736202284,25.178056148157424,250.46048631962162,1.6410821276542769,0.10454005195038546,19.012761853394924,153.355989469377,True,767.8747130134035
20260811_184731__rp1__vinf25__inc90__toff59132__Om180__om135,1.5235992331661656,0.09338812998396095,25.178056909866676,250.46026413969093,1.5056217165435146,0.14950826740287365,18.443657034711357,188.382283639583,True,674.790092789301
20260811_184731__rp1__vinf25__inc90__toff59132__Om180__om15,1.5235997225607076,0.09339057047417389,25.17806513827547,250.4605379803779,1.6892527804738704,0.08438701161351086,22.609849889185057,354.33593990467926,True,801.9307300458798
20260811_184731__rp1__vinf25__inc90__toff59132__Om180__om150,1.5235972222084364,0.09339302360477196,25.178055969232776,250.46047720416482,1.4074130394994835,0.21415654210210766,18.532208477465602,193.60822816648786,True,609.8559255653196
20260811_184731__rp1__vinf25__inc90__toff59132__Om180__om165,1.523596695919474,0.09339059045539976,25.17804777834444,250.4601887780511,1.3362338420886506,0.24846670106769492,19.823862547682126,188.25191069789415,True,564.1811768315305
20260811_184731__rp1__vinf25__inc90__toff59132__Om180__om180,1.5235996616842886,0.09339058331877058,25.178065107917316,250.4605139443122,1.3143344288754775,0.26672982245689547,22.11612127142476,179.80492673076017,True,550.3686894604554
20260811_184731__rp1__vinf25__inc90__toff59132__Om180__om195,1.5235996738595718,0.09339058074985002,25.178065113988957,250.46051875152466,1.3101451793386028,0.2627828848199564,24.581447613529907,172.95101709719296,True,547.7394572802943
20260811_184731__rp1__vinf25__inc90__toff59132__Om180__om210,1.523599645043493,0.09339058505676183,25.17806532270256,250.4605072703469,1.3329225609842692,0.2430171855847267,26.815917767464487,166.12348148080272,True,562.085355830384
20260811_184731__rp1__vinf25__inc90__toff59132__Om180__om225,1.5235937013592786,0.09339060190765083,25.17803065805304,250.459852134484,1.3679905196315825,0.21083348241751085,28.433319765729074,158.95071502802512,True,584.4125368144555
20260811_184731__rp1__vinf25__inc90__toff59132__Om180__om240,1.5235996380445687,0.09339058919319404,25.178064984586687,250.46050466236272,1.4167358304000979,0.17235760767076574,29.310902293417353,148.38550760361085,True,615.9255342573609
20260811_184731__rp1__vinf25__inc90__toff59132__Om180__om255,1.5235967797244454,0.09339057099927804,25.178048043221708,250.4602217634342,1.4756994946109432,0.12705697923758869,29.56546507364205,136.24255190344144,True,654.7745415435004
20260811_184731__rp1__vinf25__inc90__toff59132__Om180__om270,1.5235996602625965,0.09339058184561001,25.17806533029209,250.4605132793624,1.5368103598059426,0.09373659670971546,29.278545060360624,114.48915501648494,True,695.8655099854321
20260811_184731__rp1__vinf25__inc90__toff59132__Om180__om285,1.5235991583373951,0.09338814355637137,25.17805715140509,250.46023446451161,1.594836067465762,0.07891764734782382,28.625167548726836,83.99116553321618,True,735.6461483216829
20260811_184731__rp1__vinf25__inc90__toff59132__Om180__om30,1.5235997588861248,0.0933905663559754,25.178064710222916,250.46055253011565,1.6645668573642811,0.0705471192292832,21.668467049154224,339.34224705195334,True,784.4165666616367
20260811_184731__rp1__vinf25__inc90__toff59132__Om180__om300,1.5235991357639587,0.09338815053575986,25.178056861293204,250.4602256810812,1.64432919412105,0.0823251954741682,27.73993720667206,55.88324523071692,True,770.1548303107517
20260811_184731__rp1__vinf25__inc90__toff59132__Om180__om315,1.5235992808010068,0.0933881186032153,25.178057100934527,250.4602828702708,1.681015391844302,0.09204060092813568,26.739012968195148,36.983450529615205,True,796.0721437561475
20260811_184731__rp1__vinf25__inc90__toff59132__Om180__om330,1.5235972494023,0.09339302141319115,25.178055536626225,250.46048814818874,1.7030315588252476,0.0986134272924037,25.69041072083496,24.637051344602668,True,811.7624090950292
20260811_184731__rp1__vinf25__inc90__toff59132__Om180__om345,1.5235966701473163,0.09339059412026157,25.17804798857595,250.46017849870964,1.711132981446405,0.10122903784703949,24.64210278899777,13.905299901066986,True,817.5616955831274
20260811_184731__rp1__vinf25__inc90__toff59132__Om180__om45,1.5235996677719303,0.09339058203431021,25.17806511095313,250.4605163479184,1.6358793033215884,0.05159828432194869,20.85768949938036,325.7832643470064,True,764.2259476588374
20260811_184731__rp1__vinf25__inc90__toff59132__Om180__om60,1.5235997590865618,0.09339056276742362,25.17806515649034,250.46055240202054,1.612094203902058,0.033258757270056255,20.330584347803597,312.4593613995537,True,747.6193221055895
20260811_184731__rp1__vinf25__inc90__toff59132__Om180__om75,1.5235997984558027,0.09339055800700251,25.178064729955697,250.4605681535644,1.6122385491770752,0.013890881146417473,20.1985175338849,356.48165603099886,True,747.719735963555
20260811_184731__rp1__vinf25__inc90__toff59132__Om180__om90,1.5235997318926082,0.09339056495893414,25.178065589096637,250.46054145769278,1.6607355708466476,0.051211056912655664,20.189944414699834,69.21674620893056,True,781.7099214273682
20260811_184731__rp1__vinf25__inc90__toff59132__Om270__om0,1.5235999430417144,0.09339051747694958,25.17804371032978,250.460903070165,1.1589746995677745,0.4455198960828236,12.907851296575885,185.18822712569923,True,455.72811850646895
20260811_184731__rp1__vinf25__inc90__toff59132__Om270__om105,1.5235948170908877,0.09339068655520111,25.178059919596883,250.45961514624133,1.4028350416043243,0.1851324860692033,23.188429400272838,258.6985928336049,True,606.8827604796764
20260811_184731__rp1__vinf25__inc90__toff59132__Om270__om120,1.5235948098528118,0.0933906772471124,25.178060104781412,250.45961154517494,1.38117908479533,0.21092188486667532,22.42575668880022,254.61346257547825,True,592.8842072669655
20260811_184731__rp1__vinf25__inc90__toff59132__Om270__om135,1.5236080805148862,0.0933903261560835,25.17804437285033,250.46253378726738,1.394236393392584,0.22442216387648906,22.96005187969477,249.53800806202838,True,601.3115066835582
20260811_184731__rp1__vinf25__inc90__toff59132__Om270__om15,1.5235996402029504,0.09339058821736924,25.17806494152337,250.46051707163446,1.0234125877510067,0.6109237145274228,4.4645157235498205,218.9012882610319,True,378.15602475041925
20260811_184731__rp1__vinf25__inc90__toff59132__Om270__om150,1.5235948156692047,0.0933906850820642,25.178060141971713,250.45961448127747,1.4391175549209883,0.2216611064632154,24.56205235130676,246.47944522964696,True,630.5787027009362
20260811_184731__rp1__vinf25__inc90__toff59132__Om270__om165,1.5235999430417144,0.09339051747694958,25.17804371032978,250.460903070165,1.504337621055922,0.20720074008692377,26.723281182479163,247.11714268652372,True,673.9270172974835
20260811_184731__rp1__vinf25__inc90__toff59132__Om270__om180,1.5235963300283915,0.0933906864662232,25.17806912500694,250.45979033524122,1.5683750379003378,0.18917120424208433,28.742410214832283,250.0870609488568,True,717.4138795814926
20260811_184731__rp1__vinf25__inc90__toff59132__Om270__om195,1.5235996402029504,0.09339058821736924,25.17806494152337,250.46051707163446,1.6020852202403957,0.17583096713960045,30.116802470155754,251.45551007536068,True,740.6675421539827
20260811_184731__rp1__vinf25__inc90__toff59132__Om270__om210,1.5235996358124082,0.09339058253784911,25.178065036415852,250.46051488336286,1.5829233861830503,0.17302171997061389,30.801861051931006,246.65097423651935,True,727.4191590383922
20260811_184731__rp1__vinf25__inc90__toff59132__Om270__om225,1.5235936092766869,0.0933906207371237,25.178030431248356,250.45982731594634,1.5087554103677043,0.18631066372427596,30.94041294023314,233.7693784169058,True,676.897878658138
20260811_184731__rp1__vinf25__inc90__toff59132__Om270__om240,1.5235996409137964,0.09339058895394961,25.178064830335998,250.46051740410923,1.4130876613218075,0.2209277188371796,30.87223204125728,219.69644265186923,True,613.5480056281981
20260811_184731__rp1__vinf25__inc90__toff59132__Om270__om255,1.5235999392449406,0.09339051263870357,25.17804383071963,250.4609011865578,1.3281817483838005,0.2591308495827397,30.978087494983853,206.92141327103266,True,559.0892659777767
20260811_184731__rp1__vinf25__inc90__toff59132__Om270__om270,1.5236029560889544,0.09339049860287478,25.17806128641265,250.46124680038048,1.2880029117681808,0.28514844657895955,31.05097281068964,194.31282338016686,True,533.9125871211462
20260811_184731__rp1__vinf25__inc90__toff59132__Om270__om285,1.523594818997653,0.09339069033902649,25.17806056831796,250.45961625369296,1.2839337093911811,0.29489452498339114,30.52196336983405,182.36553886807727,True,531.3843923491164
20260811_184731__rp1__vinf25__inc90__toff59132__Om270__om30,1.5235996472027253,0.09339059705259423,25.17806467524907,250.46052053418384,1.026095667909566,0.7595766341923563,19.756400138550298,202.4481757478651,True,379.64411614843374
20260811_184731__rp1__vinf25__inc90__toff59132__Om270__om300,1.5235948207747563,0.09339069218044771,25.178060290349425,250.45961708489764,1.2936520877051259,0.29836628480791955,28.91597162910598,176.0797425630189,True,537.4290437864304
20260811_184731__rp1__vinf25__inc90__toff59132__Om270__om315,1.5235948197084943,0.09339069107559497,25.178060457130556,250.4596165861748,1.300719376616409,0.30806453560284947,26.458895941334486,172.30194106938728,True,541.839057544714
20260811_184731__rp1__vinf25__inc90__toff59132__Om270__om330,1.5235948232627015,0.09339069475843746,25.17805990119348,250.45961824858423,1.2844357894391998,0.32843110045984397,23.26466385542133,171.23255443086848,True,531.6961182352552
20260811_184731__rp1__vinf25__inc90__toff59132__Om270__om345,1.5235933070187635,0.09339069232219714,25.17805168741102,250.4594416193758,1.2440309388255355,0.36714998763006695,19.00947217990214,175.14794025987948,True,506.8059025817878
20260811_184731__rp1__vinf25__inc90__toff59132__Om270__om45,1.523599642578031,0.09339059158245698,25.178065043509243,250.4605182902917,1.4320293738647847,0.39505256453426085,35.32523133332583,235.6266922086118,True,625.9256973226115
20260811_184731__rp1__vinf25__inc90__toff59132__Om270__om60,1.523599642578031,0.09339059158245698,25.178065043509243,250.4605182902917,1.5522081016492693,0.2029070408129611,31.234721585439537,258.1366381747423,True,706.34977499182
20260811_184731__rp1__vinf25__inc90__toff59132__Om270__om75,1.5236029627291394,0.09339050638751056,25.178060721273866,250.46125001383814,1.5122489733718143,0.15399690586681639,27.576411351399397,261.6246687363629,True,679.2503014959581
20260811_184731__rp1__vinf25__inc90__toff59132__Om270__om90,1.5235963200598097,0.0933906734247472,25.178069263798502,250.459785349286,1.4508865827893078,0.15932384186629514,24.977386902673505,260.7693305018399,True,638.3297551737849
20260811_184731__rp1__vinf25__inc90__toff59132__Om90__om0,1.5235933155656258,0.09339070389044091,25.178051770992496,250.45944594044437,1.3831761120205233,0.22587460120592043,27.737984717041815,253.7573392227432,True,594.1705362422466
20260811_184731__rp1__vinf25__inc90__toff59132__Om90__om105,1.5235948218410185,0.09339069328530043,25.178060123568294,250.45961758362046,1.4690310070607657,0.1911595294139556,19.692357432455356,228.10610752522868,True,650.3413021584569
20260811_184731__rp1__vinf25__inc90__toff59132__Om90__om120,1.5235948193530735,0.09339069070731072,25.17806051272428,250.45961641993392,1.37358674321489,0.2298261280702392,19.840260220376372,212.01761274685833,True,588.002304801775
20260811_184731__rp1__vinf25__inc90__toff59132__Om90__om135,1.5235948207747563,0.09339069218044771,25.178060290349425,250.45961708489764,1.3085446457373415,0.26460616771797657,19.947889827767863,200.78679724967907,True,546.7360483238139
20260811_184731__rp1__vinf25__inc90__toff59132__Om90__om15,1.5235996402029504,0.09339058821736924,25.17806494152337,250.46051707163446,1.4258919868802136,0.22228239002216033,26.562328278346122,257.9123742455767,True,621.9061262201028
20260811_184731__rp1__vinf25__inc90__toff59132__Om90__om150,1.5235948204193357,0.09339069181216347,25.178060345943134,250.45961691865668,1.2838240550839146,0.2827335354085171,20.217465604353297,191.54762692996064,True,531.3163195083404
20260811_184731__rp1__vinf25__inc90__toff59132__Om90__om165,1.5235933084404434,0.09339069379532308,25.178051465036074,250.45944228434496,1.284415514380267,0.2915295620233661,21.348316737652404,183.31921836104303,True,531.6835289010763
20260811_184731__rp1__vinf25__inc90__toff59132__Om90__om180,1.5236029575106522,0.09339050007604817,25.178061064037816,250.4612474653214,1.2920564321862413,0.30308902937266613,23.344880876533615,176.76910999292596,True,536.4350124661072
20260811_184731__rp1__vinf25__inc90__toff59132__Om90__om195,1.5235996402029504,0.09339058821736924,25.17806494152337,250.46051707163446,1.2745304649280476,0.3258589479052281,26.275254871410997,174.60310122868887,True,525.5574824048632
20260811_184731__rp1__vinf25__inc90__toff59132__Om90__om210,1.5235996429376497,0.093390592633112,25.17806534237338,250.46051853933506,1.2464867004128775,0.35218930264468434,29.797461362733053,172.96252959590146,True,508.3073224165052
20260811_184731__rp1__vinf25__inc90__toff59132__Om90__om225,1.523593612245514,0.09339062494343135,25.178030558729496,250.45982883931907,1.186820797639406,0.4160473740739726,34.703747030816224,177.49542139891955,True,472.25070469887004
20260811_184731__rp1__vinf25__inc90__toff59132__Om90__om240,1.523599643288877,0.09339059231903729,25.178064932321828,250.46051862276659,1.0752066684891208,0.5427641312448739,41.80545460019397,185.33203673734786,True,407.2234849314259
20260811_184731__rp1__vinf25__inc90__toff59132__Om90__om255,1.5235999439951038,0.09339051936889269,25.178044034690156,250.4609036238692,0.981824254523063,0.7437583822429819,40.99044193401913,195.87477952563586,True,355.3411692773794
20260811_184731__rp1__vinf25__inc90__toff59132__Om90__om270,1.5235963214814952,0.09339067489789514,25.178069041423797,250.45978601424446,1.281308784205427,0.52680578218245,14.66106357015118,219.47030234799004,True,529.7556504179324
20260811_184731__rp1__vinf25__inc90__toff59132__Om90__om285,1.5235948142475222,0.09339068360892723,25.178060364346553,250.4596138163137,1.543171355551274,0.24366112645521099,17.591457303533204,242.7603871822045,True,700.1903520317179
20260811_184731__rp1__vinf25__inc90__toff59132__Om90__om30,1.523599640077484,0.0933905869573311,25.178064369291526,250.46051687821208,1.4957287554672827,0.20712373135408638,24.699909426240396,263.3809478610346,True,668.1502833854306
20260811_184731__rp1__vinf25__inc90__toff59132__Om90__om300,1.5235948112744946,0.0933906787202493,25.178059882406565,250.45961221013886,1.5288550934732748,0.16393479262037008,22.14791900987157,246.88098485165625,True,690.4693087687976
20260811_184731__rp1__vinf25__inc90__toff59132__Om90__om315,1.5236080794486058,0.09339032505119253,25.17804453963164,250.462533288571,1.4614080199871893,0.15872914208368982,25.2733905846797,245.68391120138466,True,645.2858202656711
20260811_184731__rp1__vinf25__inc90__toff59132__Om90__om330,1.5235948185125705,0.09339068802833797,25.17805969722204,250.45961581120523,1.4042588640747922,0.18219675589881643,27.263569656666288,246.6799093896139,True,607.8069381311418
20260811_184731__rp1__vinf25__inc90__toff59132__Om90__om345,1.523599941620022,0.09339051600379811,25.178043932704878,250.46090240521355,1.3753929423809592,0.2085449353233706,28.15282959102845,249.44935231447482,True,589.1624772521344
20260811_184731__rp1__vinf25__inc90__toff59132__Om90__om45,1.5235996396091804,0.0933905873760974,25.178064916026923,250.46051676697002,1.5726088887964258,0.18817825465730936,22.635342921660403,268.3621576780046,True,720.3208428021464
20260811_184731__rp1__vinf25__inc90__toff59132__Om90__om60,1.5235996402029504,0.09339058821736924,25.17806494152337,250.46051707163446,1.6231130606573614,0.1723585502662791,20.936602885979564,269.9578892539277,True,755.2975064618529
20260811_184731__rp1__vinf25__inc90__toff59132__Om90__om75,1.5236029579789576,0.09339049965727977,25.1780605173024,250.4612475765679,1.6226619483996692,0.16490250893625652,19.890840223144956,263.33161823157485,True,754.9826482771509
20260811_184731__rp1__vinf25__inc90__toff59132__Om90__om90,1.5236029546672565,0.09339049712970134,25.17806150878747,250.46124613543964,1.5648610978694342,0.16793411909894496,19.551630966770524,247.36323763115502,True,715.004184786057
20260811_184731__rp1__vinf25__incm30__toff59132__Om0__om0,1.52359478466283,0.09339067361907341,25.17806012648319,250.45959818194058,1.4253210486015144,0.15223113046044615,28.75775413697724,179.89059692648502,True,621.5326395139815
20260811_184731__rp1__vinf25__incm30__toff59132__Om0__om105,1.5236024222032458,0.09338804695302665,25.178052767750533,250.46095114984763,1.695393231256719,0.0846653637778463,32.670377453400306,323.80694892718077,True,806.307240556178
20260811_184731__rp1__vinf25__incm30__toff59132__Om0__om120,1.523600286381156,0.09338811526189131,25.17805764291786,250.46043658427322,1.8747627781929936,0.14393903928558127,31.716752115285566,346.16060501310085,True,937.5930424115753
20260811_184731__rp1__vinf25__incm30__toff59132__Om0__om135,1.5235996044065891,0.09338810844320364,25.178058845019056,250.46031233417685,2.016674472004169,0.18880868752629307,30.550718161232734,354.7967215180846,True,1046.040726307131
20260811_184731__rp1__vinf25__incm30__toff59132__Om0__om15,1.5236029325073395,0.09339047784013563,25.178061073024306,250.46123287114568,1.313187395194397,0.18857766080872865,28.662701050217166,195.2932524490653,True,549.6483777313098
20260811_184731__rp1__vinf25__incm30__toff59132__Om0__om150,1.5235979524380796,0.09339301427942909,25.178060341945947,250.4605621787597,2.0916495703959495,0.20785910156125154,29.299023824595864,359.9015633972141,True,1104.9135025779933
20260811_184731__rp1__vinf25__incm30__toff59132__Om0__om165,1.5236029470577659,0.0933904786364171,25.1780611810817,250.46123889702295,2.0970125373193915,0.20006774198609065,28.038628116623478,4.746633097405327,True,1109.165704762971
20260811_184731__rp1__vinf25__incm30__toff59132__Om0__om180,1.5236030107778442,0.09339046873860776,25.17806076669033,250.46126426311497,2.020933033571546,0.17803147836782357,26.880045297509167,6.2590526030810985,True,1049.3558223368982
20260811_184731__rp1__vinf25__incm30__toff59132__Om0__om195,1.5236029859588651,0.09339047429503662,25.17806130128243,250.46125453738375,1.913187679334824,0.1340770481944817,25.83840043273295,6.365363973415684,True,966.5654239252011
20260811_184731__rp1__vinf25__incm30__toff59132__Om0__om210,1.5235933736985647,0.0933906662058396,25.178052145324052,250.45946434794843,1.7906994665689842,0.09104640036512271,25.040026927441836,13.44562515777907,True,875.2436099095906
20260811_184731__rp1__vinf25__incm30__toff59132__Om0__om225,1.5235963027344877,0.09339067035353767,25.178069010568507,250.45977522084866,1.665814260457868,0.035814872037449846,24.602243095834204,35.32211998728423,True,785.298478019101
20260811_184731__rp1__vinf25__incm30__toff59132__Om0__om240,1.5235963940487158,0.09339065108597659,25.178069056105503,250.45981127473635,1.5553761776921962,0.03575856087397606,24.811445493772833,133.88087839744284,True,708.5133810558984
20260811_184731__rp1__vinf25__incm30__toff59132__Om0__om255,1.5236015479768417,0.0933904627428169,25.1780527811775,250.4611092990156,1.4868013981547614,0.07767276142920877,26.035524813276705,140.28857483105287,True,662.1773684387274
20260811_184731__rp1__vinf25__incm30__toff59132__Om0__om270,1.5235948631750384,0.09339066567144241,25.17806025569718,250.45962979484324,1.5320351061307087,0.11964477060791062,28.047965959911433,103.88428149130735,True,692.6246888154019
20260811_184731__rp1__vinf25__incm30__toff59132__Om0__om285,1.5235990841081395,0.09338814528531832,25.178056785996905,250.46021295188942,1.8193742489743288,0.23211644180743246,26.223391127546858,122.5955380404362,True,896.3506909634309
20260811_184731__rp1__vinf25__incm30__toff59132__Om0__om30,1.5235962814278365,0.09339067484930708,25.178068999943196,250.45976680827724,1.2573554166824568,0.1899773862407189,30.14244736057593,188.8918199446723,True,514.970057326317
20260811_184731__rp1__vinf25__incm30__toff59132__Om0__om300,1.5235975743854875,0.09339301516680792,25.178058367278872,250.46051854951511,1.7669116965017289,0.14965874824397435,35.33851303300821,88.52703601533206,True,857.8614670058691
20260811_184731__rp1__vinf25__incm30__toff59132__Om0__om315,1.5236003887155831,0.09338810230701756,25.178058222123386,250.46047764629765,1.9535794847524688,0.31359417901749653,30.737079892057764,112.78007126747971,True,997.3360587005434
20260811_184731__rp1__vinf25__incm30__toff59132__Om0__om330,1.5235979285642616,0.09339302036324078,25.178060491982936,250.4605528414367,1.7287709060811205,0.23101228837668106,30.28157706998927,130.22802177616592,True,830.2350422450659
20260811_184731__rp1__vinf25__incm30__toff59132__Om0__om345,1.5236014641713453,0.09339048219807103,25.178052516300532,250.46107631334044,1.5623252493842275,0.1646461621820025,29.531977596780898,151.1885924944276,True,713.2668987711664
20260811_184731__rp1__vinf25__incm30__toff59132__Om0__om45,1.5235963714045868,0.09339066359636217,25.178069246416317,250.4598028959269,1.2316025911165525,0.22308890959730004,31.005285504040998,199.37493913829792,True,499.23012404173693
20260811_184731__rp1__vinf25__incm30__toff59132__Om0__om60,1.52359325308378,0.09339068747064659,25.178051437403887,250.45941637065593,1.2748315508568653,0.18904659348743655,32.36469514979659,202.1719223559602,True,525.7437242939045
20260811_184731__rp1__vinf25__incm30__toff59132__Om0__om75,1.5235964281993408,0.09339064001390097,25.178068972334366,250.45982447761713,1.3713300615596844,0.12611676353407061,33.16241505528225,212.87569053375404,True,586.5538463813054
20260811_184731__rp1__vinf25__incm30__toff59132__Om0__om90,1.5236014178451847,0.09339049583866989,25.17805259399918,250.46105830306675,1.5173684854658698,0.06402381944088162,33.187448594589355,251.9506042035452,True,682.7024826122197
20260811_184731__rp1__vinf25__incm30__toff59132__Om180__om0,1.5236015021189786,0.09339047596461952,25.17805231214073,250.46109139997967,1.9104733890967187,0.15019828148908446,24.813470873154003,333.2954033269407,True,964.5092155497777
20260811_184731__rp1__vinf25__incm30__toff59132__Om180__om105,1.5235990841081395,0.09338814528531832,25.178056785996905,250.46021295188942,-0.3875836953689121,3.97044273091657,11.30589965341803,322.82600936436654,False,
20260811_184731__rp1__vinf25__incm30__toff59132__Om180__om120,1.5235975765180194,0.09339301737653996,25.178058033716464,250.4605195469135,-1.3485461453831349,1.5717486031396655,16.086474324421232,71.1215536415914,False,
20260811_184731__rp1__vinf25__incm30__toff59132__Om180__om135,1.5236003897818529,0.09338810341188318,25.178058055342273,250.46047814502714,61.465423035971625,0.990130040913338,4.598944162323634,101.33552441774695,True,176011.56515099658
20260811_184731__rp1__vinf25__incm30__toff59132__Om180__om15,1.5236029859588651,0.09339047429503662,25.17806130128243,250.46125453738375,1.6819414080530637,0.09723017649424495,24.748939031479583,300.04725603468614,True,796.7300293628433
20260811_184731__rp1__vinf25__incm30__toff59132__Om180__om150,1.5235979292751058,0.09339302109981934,25.178060380795472,250.46055317390227,-2.105582666735056,1.0473280683391033,156.6254605562226,294.35298614108075,False,
20260811_184731__rp1__vinf25__incm30__toff59132__Om180__om165,1.5236029714084378,0.09339047349875243,25.178061193225037,250.46124851150626,-1.0625943944386549,2.248320579027575,13.454240702346656,23.724812068746246,False,
20260811_184731__rp1__vinf25__incm30__toff59132__Om180__om180,1.5235962933184184,0.09339066638107182,25.178068581186118,250.45977104485513,2.7646663714559305,0.4980357162719861,22.478300500247002,336.7720312291008,True,1679.0320540346672
20260811_184731__rp1__vinf25__incm30__toff59132__Om180__om195,1.5236029325073395,0.09339047784013563,25.178061073024306,250.46123287114568,1.551501283273605,0.12861744787064971,24.289784465773895,283.99651721726934,True,705.867361429328
20260811_184731__rp1__vinf25__incm30__toff59132__Om180__om210,1.5235932641219276,0.09339068932765218,25.178052090678587,250.45942108348925,1.2544921946100278,0.2314349893941654,24.501820220449407,235.4021176611875,True,513.2120413906714
20260811_184731__rp1__vinf25__incm30__toff59132__Om180__om225,1.5235963714045868,0.09339066359636217,25.178069246416317,250.4598028959269,1.1704303104029328,0.28698454734581114,24.313740554948108,227.40810695037362,True,462.5015925371698
20260811_184731__rp1__vinf25__incm30__toff59132__Om180__om240,1.5235962675462746,0.09339067004594792,25.178068791417598,250.45976076552876,1.2036444225510619,0.26967193345949786,24.06979763667654,224.00923929489576,True,482.3276998361153
20260811_184731__rp1__vinf25__incm30__toff59132__Om180__om255,1.5235949181218025,0.09339064577831703,25.17806074000683,250.4596509496198,1.3337755832163614,0.20522121000001617,23.961539798830138,233.39839400903682,True,562.6250135964692
20260811_184731__rp1__vinf25__incm30__toff59132__Om180__om270,1.5236014199777272,0.0933904980484131,25.17805226043672,250.4610593004865,1.5535607780614549,0.14120422431759633,24.014984144899298,263.195704431814,True,707.2733020707763
20260811_184731__rp1__vinf25__incm30__toff59132__Om180__om285,1.5236024222032458,0.09338804695302665,25.178052767750533,250.46095114984763,1.8374954275141013,0.15912383483302514,24.152422123031503,308.04515278254297,True,909.7756166427539
20260811_184731__rp1__vinf25__incm30__toff59132__Om180__om30,1.523596391004908,0.09339065172822801,25.178069054587613,250.45981007293986,1.46059659502292,0.11698524988345022,24.619172238569437,246.52370095121742,True,644.7484669091605
20260811_184731__rp1__vinf25__incm30__toff59132__Om180__om300,1.5236002842486163,0.09338811305216127,25.178057976480066,250.46043558681347,2.117754108103071,0.2225490047113927,24.3688809392906,327.1247228178569,True,1125.6624825896924
20260811_184731__rp1__vinf25__incm30__toff59132__Om180__om315,1.5235996033403205,0.09338810733834017,25.178059011800123,250.46031183544576,2.286420738164098,0.26019206664654054,24.551854200495402,333.50363751564805,True,1262.784138524132
20260811_184731__rp1__vinf25__incm30__toff59132__Om180__om330,1.5235979517272351,0.09339301354285037,25.178060453133398,250.46056184629424,2.2121928752169273,0.24427879157107782,24.799796855874057,331.7338166766361,True,1201.7921868619326
20260811_184731__rp1__vinf25__incm30__toff59132__Om180__om345,1.5236014398207218,0.09339048733581697,25.178052504157098,250.46106669887996,2.057236431328846,0.21412707086525526,24.42594789020309,331.53690474491754,True,1077.7578684287732
20260811_184731__rp1__vinf25__incm30__toff59132__Om180__om45,1.5235963027344877,0.09339067035353767,25.178069010568507,250.45977522084866,1.2504177422851517,0.2270291572606112,24.6440329743525,226.02458262447033,True,510.71378846907294
20260811_184731__rp1__vinf25__incm30__toff59132__Om180__om60,1.5235933795857206,0.09339066850982074,25.178051702092077,250.45946687967717,1.035863551690082,0.39682560693219593,23.129784616599878,225.90642603236782,True,385.0780114589594
20260811_184731__rp1__vinf25__incm30__toff59132__Om180__om75,1.5236030580574962,0.09339045699012026,25.1780610133518,250.4612828271474,0.8177953066291876,0.6492680098868803,18.969349587493827,241.93639147924426,True,270.12315465214624
20260811_184731__rp1__vinf25__incm30__toff59132__Om180__om90,1.5235948610425143,0.09339066346173658,25.178060589259424,250.45962879739756,1.0726164980036437,0.7196423595286133,5.806711140301499,339.8689039954391,True,405.75287078673404
20260811_184731__rp1__vinf25__incm30__toff59132__Om270__om0,1.5236015044940647,0.09339047932972502,25.178052414126217,250.4610926186251,0.749905588188069,0.9273292615511103,22.69388296661463,259.57730021649843,True,237.19458885759784
20260811_184731__rp1__vinf25__incm30__toff59132__Om270__om105,1.5235949490281235,0.09339063893693159,25.17806020845065,250.4596630787983,1.9585810261111802,0.17636847127739094,27.14572726190687,354.3814153255207,True,1001.1685689141121
20260811_184731__rp1__vinf25__incm30__toff59132__Om270__om120,1.5235951423902223,0.09339066884298826,25.178061945193967,250.45963320059278,1.440452960215244,0.12093467399123592,27.689140493088328,251.51706441075208,True,631.4566088730885
20260811_184731__rp1__vinf25__incm30__toff59132__Om270__om135,1.5236085024138044,0.09339029646553755,25.178046564489627,250.46259058317202,1.2810918168290575,0.1947699188002922,29.220911554403802,229.49082182088904,True,529.6210987441584
20260811_184731__rp1__vinf25__incm30__toff59132__Om270__om15,1.5235996321252154,0.09339057014296732,25.178065160553004,250.46050972185472,-1.3649360511623985,1.7617410426732114,57.46129427230832,180.21312996223543,False,
20260811_184731__rp1__vinf25__incm30__toff59132__Om270__om150,1.5235956295932662,0.09339064999550037,25.178064510541525,250.4597203346405,1.253036790181925,0.21614442247961624,30.130559191120362,229.0972082428524,True,512.3191927941429
20260811_184731__rp1__vinf25__incm30__toff59132__Om270__om165,1.5236030833615657,0.09339045374441,25.178061349855668,250.46129299532942,1.314291605682582,0.19123636194748028,30.255245799478285,237.3237665169774,True,550.3417917941636
20260811_184731__rp1__vinf25__incm30__toff59132__Om270__om180,1.5235963004436288,0.0933906764762502,25.17806888714396,250.4597747008955,1.4584698191430896,0.15057745064389425,29.58927326120643,259.1539106211168,True,643.340751520287
20260811_184731__rp1__vinf25__incm30__toff59132__Om270__om195,1.5235996564757812,0.09339056500512581,25.178065172696268,250.46051933628115,1.669613752457713,0.14155257580104885,28.417856437938603,297.05121025776737,True,787.9867453259234
20260811_184731__rp1__vinf25__incm30__toff59132__Om270__om210,1.5235976672796556,0.09338812460534507,25.178048423983526,250.4600757424135,1.9136176078475322,0.18288431376310021,27.14157375565375,325.68206058116954,True,966.891249810779
20260811_184731__rp1__vinf25__incm30__toff59132__Om270__om225,1.5235986763618277,0.09339300749342046,25.178064438851347,250.46063591774006,2.117810401046688,0.22983535810085956,25.966977631097205,337.3355000495364,True,1125.707365474477
20260811_184731__rp1__vinf25__incm30__toff59132__Om270__om240,1.5235996578974733,0.09339056647828652,25.178064950321495,250.46052000123103,2.2153179849481948,0.24876319363708785,25.031837852522,341.247403726539,True,1204.339698832173
20260811_184731__rp1__vinf25__incm30__toff59132__Om270__om255,1.5236014262237152,0.09339048843152878,25.178052720460347,250.46106122670352,2.169946951652812,0.23469108735285318,24.46218942499008,339.0828199146564,True,1167.531395022691
20260811_184731__rp1__vinf25__incm30__toff59132__Om270__om270,1.5236014930295996,0.09339048263517691,25.178052296867016,250.46108814386702,2.0191488714819523,0.18982592366118478,24.282598013539626,334.78800102677053,True,1047.9665079213098
20260811_184731__rp1__vinf25__incm30__toff59132__Om270__om285,1.5235948989898187,0.09339065722773371,25.178060385099577,250.4596438838851,1.8088604974089315,0.13241912374686174,24.481061850820172,319.09394237329997,True,888.5922153157094
20260811_184731__rp1__vinf25__incm30__toff59132__Om270__om30,1.5236007160659375,0.09338811509726092,25.178065651200026,250.4604347549042,-3.2824856925648596,1.3924586870998712,19.762835663751893,169.36330227026994,False,
20260811_184731__rp1__vinf25__incm30__toff59132__Om270__om300,1.5235952562910684,0.09339065761438979,25.178062739826167,250.45967914069277,1.5850669724510515,0.10076648274780732,25.169768834238113,275.7632646103112,True,728.8972597876073
20260811_184731__rp1__vinf25__incm30__toff59132__Om270__om315,1.523595165510108,0.09339067743460976,25.178062610898294,250.45964333623078,1.361443895893624,0.1669823412745446,26.583848352213508,234.25688657861255,True,580.2224332047468
20260811_184731__rp1__vinf25__incm30__toff59132__Om270__om330,1.523595530143206,0.09339067782578785,25.17806477409172,250.45968157850632,1.1340228186175147,0.31440155336843056,29.353221965303455,221.9094866872849,True,441.0903763517361
20260811_184731__rp1__vinf25__incm30__toff59132__Om270__om345,1.5235948928180043,0.09339064902449491,25.178060403502982,250.45964078154304,0.9010871467650945,0.5673536812052957,34.54589864954795,220.7840564404882,True,312.42450088069387
20260811_184731__rp1__vinf25__incm30__toff59132__Om270__om45,1.52359870368121,0.09339300656197827,25.178064578476945,250.46064705518847,13.430584844398096,0.9328982145566472,31.815294530561772,132.8694706933571,True,17977.83041682411
20260811_184731__rp1__vinf25__incm30__toff59132__Om270__om60,1.5235966214561907,0.09339059239387866,25.17804768630289,250.46016721037,-1314.3030813506975,1.000623698669932,49.84925961704131,92.2329467784757,False,
20260811_184731__rp1__vinf25__incm30__toff59132__Om270__om75,1.5236029897556544,0.09339047913332582,25.178061180893334,250.46125642096,-2.5354433958642306,2.5523434448944866,49.20181067522316,67.85192902016672,False,
20260811_184731__rp1__vinf25__incm30__toff59132__Om270__om90,1.5235947832411474,0.09339067214593674,25.178060348858047,250.4595975169765,7.392152296814931,0.7610071779350166,28.07230101880931,21.132107658264978,True,7340.932844423647
20260811_184731__rp1__vinf25__incm30__toff59132__Om90__om0,1.5235947917880266,0.09339068371422048,25.178060432440347,250.45960183801174,1.6098701113258982,0.12495429921138068,30.261965084493106,260.17968244162313,True,746.0726994470498
20260811_184731__rp1__vinf25__incm30__toff59132__Om90__om105,1.5235948989898187,0.09339065722773371,25.178060385099577,250.4596438838851,1.6740271104378386,0.0286874523340383,28.618419761473326,325.73287743668374,True,791.1131852637772
20260811_184731__rp1__vinf25__incm30__toff59132__Om90__om120,1.5235952584235937,0.09339065982410003,25.17806240626396,250.45968013813632,1.5433767539010075,0.044216596054927344,28.087331669564378,194.40449343738177,True,700.330151213232
20260811_184731__rp1__vinf25__incm30__toff59132__Om90__om135,1.5235951665763707,0.09339067853946431,25.17806244411716,250.45964383495289,1.4301359182759605,0.11383142695375355,27.725484234452292,182.96381579862575,True,624.6846920568202
20260811_184731__rp1__vinf25__incm30__toff59132__Om90__om15,1.5235996564757812,0.09339056500512581,25.178065172696268,250.46051933628115,1.8885100733465194,0.16613029502194782,33.676137569493946,279.0943544296668,True,947.9247242294631
20260811_184731__rp1__vinf25__incm30__toff59132__Om90__om150,1.523595530854048,0.09339067856235893,25.178064662904315,250.45968191098706,1.3376575668244177,0.18464874249134877,27.818114487932082,178.93441786212952,True,565.0830990005308
20260811_184731__rp1__vinf25__incm30__toff59132__Om90__om165,1.523596400052121,0.09339064031370073,25.178069080579913,250.4598129796061,1.2705588050605394,0.25374037366380653,28.60484826745978,172.47531245640187,True,523.1028036265458
20260811_184731__rp1__vinf25__incm30__toff59132__Om90__om180,1.523603013152935,0.09339047210372366,25.178060868676067,250.46126548175016,1.2668589245933377,0.32091035328327144,30.322454274257094,165.00220038591007,True,520.8195466486338
20260811_184731__rp1__vinf25__incm30__toff59132__Om90__om195,1.5235996321252154,0.09339057014296732,25.178065160553004,250.46050972185472,1.2960792228289495,0.38601871177096847,32.55423933191546,157.81092011847585,True,538.9422302463786
20260811_184731__rp1__vinf25__incm30__toff59132__Om90__om210,1.523597698755383,0.09338812956250873,25.178048742083075,250.46008901320505,1.341052796603885,0.43327719707507495,35.982987963385945,159.98605697188492,True,567.2358964729674
20260811_184731__rp1__vinf25__incm30__toff59132__Om90__om225,1.52359870368121,0.09339300656197827,25.178064578476945,250.46064705518847,1.3861713532847306,0.3898742882877877,40.648783216994204,169.44151148857105,True,596.1015780088735
20260811_184731__rp1__vinf25__incm30__toff59132__Om90__om240,1.5235996359219877,0.09339057498121534,25.17806504016409,250.4605116054625,1.5085175283467214,0.22063809508890647,40.58766070865247,185.29004725201557,True,676.7377975537574
20260811_184731__rp1__vinf25__incm30__toff59132__Om90__om255,1.5236014796751354,0.09339048488624666,25.17805294871823,250.46108289291627,1.5501180116628481,0.12554224478327852,34.78857007928162,217.27984073237897,True,704.9235768898405
20260811_184731__rp1__vinf25__incm30__toff59132__Om90__om270,1.5235947853736713,0.09339067435564166,25.178060015295763,250.45959851442274,1.4152457826681912,0.16979715447482732,29.29312550738116,230.96900586165447,True,614.9540930003838
20260811_184731__rp1__vinf25__incm30__toff59132__Om90__om285,1.5235949490281235,0.09339063893693159,25.17806020845065,250.4596630787983,1.266659637562289,0.23769766863879832,26.081558588662894,226.4265332180241,True,520.6966578677387
20260811_184731__rp1__vinf25__incm30__toff59132__Om90__om30,1.5236006845900856,0.09338811013987178,25.178065333099315,250.46042148412897,2.029983536777171,0.17810664152435124,30.934263233248938,325.64313131664153,True,1056.4128275654944
20260811_184731__rp1__vinf25__incm30__toff59132__Om90__om300,1.5235951402576973,0.09339066663327951,25.178062278756162,250.45963220314826,1.1892321677406048,0.2899823008389112,25.043782307132805,222.2253857414106,True,473.69070659973687
20260811_184731__rp1__vinf25__incm30__toff59132__Om90__om315,1.5236085013475233,0.09339029536064426,25.178046731270918,250.46259008447663,1.181076263129344,0.2971829666830245,25.784833179672102,216.54622034670902,True,468.8261248324826
20260811_184731__rp1__vinf25__incm30__toff59132__Om90__om330,1.5235956288824242,0.093390649258929,25.17806462172891,250.45972000215988,1.2497347265588734,0.25308696775535905,27.540708063284807,214.55662349560166,True,510.2953948015751
20260811_184731__rp1__vinf25__incm30__toff59132__Om90__om345,1.5236015761242518,0.09339046244335229,25.178052672931468,250.4611207970717,1.4001584998957066,0.18574841838341133,28.974536971722234,227.1720615245647,True,605.1467345764324
20260811_184731__rp1__vinf25__incm30__toff59132__Om90__om45,1.5235986763618277,0.09339300749342046,25.178064438851347,250.46063591774006,2.1137222592805793,0.19654558376634773,30.753876255623716,334.8670149612655,True,1122.4494040867926
20260811_184731__rp1__vinf25__incm30__toff59132__Om90__om60,1.5235966434315893,0.09339058389080807,25.17804759646103,250.46017560607265,2.079818109018511,0.18318612456571587,30.26614904046925,339.59952638653914,True,1095.5518215472327
20260811_184731__rp1__vinf25__incm30__toff59132__Om90__om75,1.5236029363041284,0.09339048267842366,25.17806095263522,250.46123475472285,2.003289565154783,0.1590209023277247,29.68419156537742,343.97024308497157,True,1035.6439813598558
20260811_184731__rp1__vinf25__incm30__toff59132__Om90__om90,1.5236014908970568,0.09339048042543281,25.178052630429466,250.46108714644777,1.8113945901529256,0.08645414924108497,29.150381542043792,357.244220269739,True,890.4601566669156
20260811_184731__rp1__vinf25__incm60__toff59132__Om0__om0,1.5235996101497304,0.09339057864589856,25.178065250395612,250.46050132608744,1.3343096435453168,0.22376406510583124,24.904798695736307,181.19691059616653,True,562.9629704988514
20260811_184731__rp1__vinf25__incm60__toff59132__Om0__om105,1.5235991046619182,0.09338813530914074,25.178056918529517,250.46022068285293,1.6150959577817796,0.038641945721244096,32.01498701628445,27.181553600206126,True,749.7084185839807
20260811_184731__rp1__vinf25__incm60__toff59132__Om0__om120,1.5235990851158696,0.09338814644252612,25.178056687557685,250.46021343671657,1.7122307932837018,0.08770005536104436,31.083471191976003,13.932870024852864,True,818.3486065290449
20260811_184731__rp1__vinf25__incm60__toff59132__Om0__om135,1.5235992313989852,0.09338811614015366,25.178056909849932,250.46027124916358,1.7942046067766533,0.12436892276822897,29.91370122166731,11.679361874091695,True,877.8146881952541
20260811_184731__rp1__vinf25__incm60__toff59132__Om0__om15,1.5235932896093234,0.09339067976336807,25.178051455619052,250.45943079213953,1.2845849357429682,0.23421533342796808,26.931239077919987,182.3051686326241,True,531.7887302756087
20260811_184731__rp1__vinf25__incm60__toff59132__Om0__om150,1.5235971950244152,0.09339301379411379,25.178056123853846,250.46047420040512,1.849614251935157,0.1441672449023256,28.60108591047992,11.87068397904185,True,918.7907982492626
20260811_184731__rp1__vinf25__incm60__toff59132__Om0__om165,1.5235966264404839,0.09339059891461737,25.178047616905932,250.46016970334762,1.871646990412047,0.14921677875059244,27.205396764619532,12.095729200787693,True,935.2566453602514
20260811_184731__rp1__vinf25__incm60__toff59132__Om0__om180,1.5235966785356096,0.09339057471066778,25.17804783705131,250.46018936268604,1.864098552915891,0.14195636805676512,25.783409964238004,11.174934517212705,True,929.6044549162666
20260811_184731__rp1__vinf25__incm60__toff59132__Om0__om195,1.5235963598980935,0.09339066215805711,25.178069139876655,250.45979807185867,1.8243719524906126,0.12054342823660623,24.417896780934218,11.628732691648768,True,900.0465522908517
20260811_184731__rp1__vinf25__incm60__toff59132__Om0__om210,1.5236030132691616,0.0933904590273482,25.178061336382818,250.46126465508934,1.7659720628765285,0.09063349517634184,23.19127146161856,12.077951892055752,True,857.1772491932319
20260811_184731__rp1__vinf25__incm60__toff59132__Om0__om225,1.5235962998911168,0.09339066740724232,25.17806945531792,250.4597738909311,1.6969826233166616,0.05401436676631435,22.20711741322748,15.805449466482067,True,807.4413479201456
20260811_184731__rp1__vinf25__incm60__toff59132__Om0__om240,1.5236030262816653,0.0933904714268368,25.178061199108296,250.461270842687,1.6320790798117462,0.024230278566091785,21.66766645713789,51.391658740833066,True,761.5644963322804
20260811_184731__rp1__vinf25__incm60__toff59132__Om0__om255,1.523599742171074,0.09339054660393438,25.178064668462305,250.46055309802506,1.5973491954288568,0.04371925776555585,21.773643763720703,100.27413944861716,True,737.3856697740833
20260811_184731__rp1__vinf25__incm60__toff59132__Om0__om270,1.5235996805921972,0.09339056007666989,25.17806545820723,250.46052889508775,1.6402968547248018,0.10070890780393972,22.28232335727282,91.58123268695914,True,767.3236262561696
20260811_184731__rp1__vinf25__incm60__toff59132__Om0__om285,1.52360074465908,0.09338810362946404,25.17805478709145,250.46057909921004,1.7767223550556617,0.16180380334172204,22.65436432659145,116.2822448889068,True,865.0162029308846
20260811_184731__rp1__vinf25__incm60__toff59132__Om0__om30,1.5235962814278365,0.09339067484930708,25.178068999943196,250.45976680827724,1.2858881541397515,0.22530277188313996,28.98530564433713,178.18200582377878,True,532.5981893233298
20260811_184731__rp1__vinf25__incm60__toff59132__Om0__om300,1.5235979469185468,0.09339300686502325,25.178060317503853,250.46055939514855,1.684010768456934,0.20412014590836852,22.89460988992875,98.76074136917228,True,798.2008552064277
20260811_184731__rp1__vinf25__incm60__toff59132__Om0__om315,1.5235991790767227,0.09338812142077951,25.17805680092669,250.4602501778832,1.659292588880483,0.1903602113920519,22.88327270052532,140.67742599174696,True,780.6913231502207
20260811_184731__rp1__vinf25__incm60__toff59132__Om0__om330,1.5235971692438495,0.09339301609410773,25.178055625169556,250.4604637557108,1.5122000765443186,0.19087527379074673,22.820929151441952,166.83876625797757,True,679.2173575988969
20260811_184731__rp1__vinf25__incm60__toff59132__Om0__om345,1.5235966493692676,0.09339059230347557,25.178047851424445,250.4601786527676,1.4100127502495265,0.206305070349479,23.44942950037533,177.33628843830104,True,611.5464537314958
20260811_184731__rp1__vinf25__incm60__toff59132__Om0__om45,1.523602992472733,0.09339046784794275,25.178060768302434,250.46125670295598,1.3042701623667663,0.19655984066725268,30.81041203979152,176.50250284702938,True,544.0592906810962
20260811_184731__rp1__vinf25__incm60__toff59132__Om0__om60,1.5236028974030318,0.09339048701981292,25.178060832434504,250.46121911436467,1.3523321042525362,0.15118639446394397,32.04790862130466,174.30083417629154,True,574.4072724026364
20260811_184731__rp1__vinf25__incm60__toff59132__Om0__om75,1.5235997478746244,0.09339055522603995,25.17806519679459,250.46055608904555,1.425212211709695,0.09277724203196762,32.62567796668158,169.25783722594386,True,621.4614509322753
20260811_184731__rp1__vinf25__incm60__toff59132__Om0__om90,1.523599609196342,0.09339057675397182,25.178064926035,250.4605007723794,1.5152647705255102,0.030956447249542246,32.58276217610526,148.8380122292963,True,681.2832029396135
20260811_184731__rp1__vinf25__incm60__toff59132__Om180__om0,1.5235996930016324,0.09339055729836818,25.17806519091117,250.4605337579231,2.033793625574983,0.17774533928462094,23.61234553801864,350.1937922100021,True,1059.388404460283
20260811_184731__rp1__vinf25__incm60__toff59132__Om180__om105,1.5236007425265394,0.09338810141973322,25.178055120653735,250.46057810175176,2.46608679696899,0.36167177627657476,12.290525336503672,85.53949319707856,True,1414.51458375356
20260811_184731__rp1__vinf25__incm60__toff59132__Om180__om120,1.5235971950787572,0.09339301305939525,25.178055701053957,250.46047413150853,3.139864701945102,0.5657127693105913,9.93933166672608,59.03188249064056,True,2032.1758882617512
20260811_184731__rp1__vinf25__incm60__toff59132__Om180__om135,1.5235991794321453,0.09338812178906664,25.178056745332988,250.4602503441272,2.4540530771724005,0.4695356066347455,11.286733095553975,83.30767946132427,True,1404.1736521695136
20260811_184731__rp1__vinf25__incm60__toff59132__Om180__om15,1.5235933454352335,0.09339067958212435,25.178051785862372,250.45945367688813,1.8667363583260093,0.11931581640573817,24.047580427051688,353.36631481561346,True,931.5783175022008
20260811_184731__rp1__vinf25__incm60__toff59132__Om180__om150,1.5235971671113189,0.09339301388438033,25.17805595873201,250.46046275830994,2.087508209309426,0.3240976062032515,11.142823991176538,96.73976795217001,True,1101.6336175670679
20260811_184731__rp1__vinf25__incm60__toff59132__Om180__om165,1.523596650790954,0.09339059377661446,25.178047629049427,250.4601793177279,1.8782655431054442,0.16493777277683122,14.326629249462023,92.56374400647735,True,940.2219362549947
20260811_184731__rp1__vinf25__incm60__toff59132__Om180__om180,1.5235965956840356,0.09339059605874639,25.17804789653443,250.46015693102993,1.6116727916807794,0.0312759568882904,18.818982732980444,159.46288757389712,True,747.32619221767
20260811_184731__rp1__vinf25__incm60__toff59132__Om180__om195,1.5235963040719624,0.09339066233891329,25.17806880963241,250.45977518708054,1.3739585847579232,0.13586462642327435,21.370853756798585,228.18374900901446,True,588.2410867519254
20260811_184731__rp1__vinf25__incm60__toff59132__Om180__om210,1.523596278584466,0.09339067190301206,25.17806944469263,250.4597654783595,1.2455161491779043,0.21511278798748668,21.797648593278875,225.00329425580776,True,507.71376342992596
20260811_184731__rp1__vinf25__incm60__toff59132__Om180__om225,1.5236029889184879,0.09339046416500867,25.178061324239508,250.46125504060353,1.2011363553773502,0.24575994331041157,20.82842455263194,226.63541428123983,True,480.8209260922672
20260811_184731__rp1__vinf25__incm60__toff59132__Om180__om240,1.5236028974030318,0.09339048701981292,25.178060832434504,250.46121911436467,1.2470460588597256,0.22270776258118596,19.636578206756134,225.98961920647523,True,508.64951366041237
20260811_184731__rp1__vinf25__incm60__toff59132__Om180__om255,1.5235997492963165,0.09339055669920149,25.17806497441982,250.4605567539949,1.3583905753158878,0.15983717530498948,18.92005116621828,235.12500098895413,True,578.271624107146
20260811_184731__rp1__vinf25__incm60__toff59132__Om180__om270,1.5235996063529584,0.09339057380765112,25.178065370784527,250.46049944247926,1.5425670500702495,0.1048742631581724,18.87158785268552,267.8448032582838,True,699.7791007740594
20260811_184731__rp1__vinf25__incm60__toff59132__Om180__om285,1.5235991067944543,0.09338813751886214,25.178056584967283,250.46022168031783,1.7734003540221315,0.12941243198068542,19.433244013481616,313.0830287268437,True,862.5913099118335
20260811_184731__rp1__vinf25__incm60__toff59132__Om180__om30,1.5236030161125578,0.09339046197369584,25.178060891633177,250.46126598497116,1.6942713156998268,0.051146863981837404,24.282354491870727,349.658176967686,True,805.5070200389895
20260811_184731__rp1__vinf25__incm60__toff59132__Om180__om300,1.5235998369560781,0.09338814024827768,25.178061304010782,250.46029870850487,2.0063060483049076,0.18675574105719242,20.314816708751913,331.1552307461402,True,1037.984016257019
20260811_184731__rp1__vinf25__incm60__toff59132__Om180__om315,1.5235992310435624,0.09338811577186643,25.178056965443606,250.4602710829197,2.1704831091528702,0.2288492682030893,21.29821783307586,337.7028051486251,True,1167.964137891769
20260811_184731__rp1__vinf25__incm60__toff59132__Om180__om330,1.523597197156946,0.0933930160038417,25.17805579029138,250.46047519780555,2.2263357602910605,0.24192865691937054,22.25615708504494,341.1358672149468,True,1213.335447323691
20260811_184731__rp1__vinf25__incm60__toff59132__Om180__om345,1.5235966250187978,0.09339059744147868,25.17804783928095,250.46016903838728,2.1643640490959375,0.2219161369475051,23.07434904381588,344.1270690013008,True,1163.0285063851911
20260811_184731__rp1__vinf25__incm60__toff59132__Om180__om45,1.5235963034453304,0.09339067109011154,25.178068899381152,250.45977555332803,1.5304771965434398,0.03192325334348124,24.122249307993886,223.92763364351507,True,691.5684738423215
20260811_184731__rp1__vinf25__incm60__toff59132__Om180__om60,1.5236030262816653,0.0933904714268368,25.178061199108296,250.461270842687,1.3866396267333474,0.10109667427942105,23.231245407939824,212.03527915797432,True,596.4036641624014
20260811_184731__rp1__vinf25__incm60__toff59132__Om180__om75,1.5235997407493818,0.09339054513077294,25.178064890837067,250.46055243307558,1.2973566313923275,0.13635841518907657,21.01636108808594,215.75088922597075,True,539.7391942896531
20260811_184731__rp1__vinf25__incm60__toff59132__Om180__om90,1.523599683435581,0.09339056302299178,25.178065013457683,250.46053022498714,1.423037355940184,0.11444379080764985,17.01413890550836,142.76877089433808,True,620.0394803097488
20260811_184731__rp1__vinf25__incm60__toff59132__Om270__om0,1.5236029859588651,0.09339047429503662,25.17806130128243,250.46125453738375,1.0270584365508941,0.5213039682820748,20.564165648783845,219.8507987246098,True,380.1785621837234
20260811_184731__rp1__vinf25__incm60__toff59132__Om270__om105,1.523594904993212,0.09339064645544908,25.178060409574655,250.4596455887185,2.218166415490019,0.28976664701653343,18.280916240884192,338.2779141593842,True,1206.6632346532253
20260811_184731__rp1__vinf25__incm60__toff59132__Om270__om120,1.5235948886784965,0.09339064482523088,25.178059865210344,250.459638740713,1.6091333548725923,0.1265901025901466,23.70266778366915,284.34006677337374,True,745.5605982118841
20260811_184731__rp1__vinf25__incm60__toff59132__Om270__om135,1.5236079843665882,0.09339060735423785,25.178044381050555,250.46255467868326,1.4117610364489614,0.1544534370201044,27.067118797354286,249.28116989911274,True,612.6841983063669
20260811_184731__rp1__vinf25__incm60__toff59132__Om270__om15,1.5235967286582417,0.09339056590781435,25.178047638963278,250.46020925641497,1.073109740744059,0.5349968970454925,21.20161685632056,211.97615710369624,True,406.0327811710751
20260811_184731__rp1__vinf25__incm60__toff59132__Om270__om150,1.52359478932875,0.09339067086141083,25.178060351893887,250.45959992056294,1.3355008989626684,0.18827458970621636,28.93205293092203,243.6594477331936,True,563.7170484812725
20260811_184731__rp1__vinf25__incm60__toff59132__Om270__om165,1.5235999012814967,0.09339051005559625,25.178043466393966,250.46088262863566,1.3361886016438607,0.19946803049973438,29.448356241473444,247.73834058626346,True,564.1525251196756
20260811_184731__rp1__vinf25__incm60__toff59132__Om270__om180,1.5235933074880073,0.09339068581626762,25.178051990022194,250.4594385904331,1.4050495025917682,0.19024918837630614,28.789538820348188,258.20824264256885,True,608.3203298110601
20260811_184731__rp1__vinf25__incm60__toff59132__Om270__om195,1.5235997552997476,0.09339054592694669,25.17806499889453,250.46055845894796,1.530197158479465,0.17123989376299137,27.332879578681624,275.2620568928724,True,691.3786735913927
20260811_184731__rp1__vinf25__incm60__toff59132__Om270__om210,1.5235996277346733,0.09339056446344772,25.17806525544547,250.46050753358213,1.6930059164178497,0.1643947262687539,25.495595301579105,296.74299938373133,True,804.6047758238154
20260811_184731__rp1__vinf25__incm60__toff59132__Om270__om225,1.5235997031614548,0.0933905524150171,25.178065393861086,250.46053759552365,1.843754544376935,0.17663450844306133,23.648964144757727,314.5860341440655,True,914.4280677296985
20260811_184731__rp1__vinf25__incm60__toff59132__Om270__om240,1.5235997552997476,0.09339054592694669,25.17806499889453,250.46055845894796,1.9454156632205892,0.18699342485302178,22.41500135989077,321.7945212892716,True,991.0909367457984
20260811_184731__rp1__vinf25__incm60__toff59132__Om270__om255,1.5236030473038564,0.09339046103212187,25.17806078490531,250.4612786848443,1.93932739463224,0.18062830984296047,21.672435848121047,319.3519860909631,True,986.4420810863875
20260811_184731__rp1__vinf25__incm60__toff59132__Om270__om270,1.5236029845371672,0.09339047282186298,25.17806152365726,250.46125387244282,1.8327499152464712,0.1567102624225242,21.602247456126605,305.9661947743149,True,906.2535159168838
20260811_184731__rp1__vinf25__incm60__toff59132__Om270__om285,1.5235949362262837,0.09339065025716825,25.178060292127153,250.45965863789326,1.6588334995152918,0.13931714045749613,22.119901688700526,277.10818261430916,True,780.3673456663255
20260811_184731__rp1__vinf25__incm60__toff59132__Om270__om30,1.523599662053864,0.09339057236719012,25.178065128796728,250.46052213388174,1.114853256591778,0.5784096820818362,23.764935126031858,200.60742741898972,True,429.95346426729094
20260811_184731__rp1__vinf25__incm60__toff59132__Om270__om300,1.5235955852317677,0.09339094511763149,25.17806485773624,250.45976624758393,1.459614821436518,0.17485419895295512,22.991782600748795,242.2404639807411,True,644.0985024007738
20260811_184731__rp1__vinf25__incm60__toff59132__Om270__om315,1.5235948118860507,0.09339067516391665,25.178060397432706,250.45960946652943,1.2687854963129495,0.27200237072617456,23.890260020619316,223.06477106149563,True,522.0080502436842
20260811_184731__rp1__vinf25__incm60__toff59132__Om270__om330,1.5235948631750384,0.09339066567144241,25.17806025569718,250.45962979484324,1.1148037032107774,0.39170314394109396,23.583148359174967,217.5469878446787,True,429.92479850664125
20260811_184731__rp1__vinf25__incm60__toff59132__Om270__om345,1.523593362660416,0.09339066434882831,25.178051492049384,250.45945963511457,1.0308858341715532,0.48522474964870677,21.81210844701171,219.12139772978415,True,382.3056796732405
20260811_184731__rp1__vinf25__incm60__toff59132__Om270__om45,1.5235995879317041,0.09339058599348507,25.178064904690174,250.46049270908878,1.112626780443507,0.6734474821851659,28.863341037718374,192.151590038222,True,428.66611588164903
20260811_184731__rp1__vinf25__incm60__toff59132__Om270__om60,1.5235997333242584,0.09339055442986663,25.17806508873711,250.4605500631738,1.0441820574595895,0.8767371291114782,42.70343955186459,188.95675366964738,True,389.72586693415974
20260811_184731__rp1__vinf25__incm60__toff59132__Om270__om75,1.523603074983017,0.09339046115152724,25.178061223394927,250.46129007166016,-2.551817465181224,1.1976366978221373,131.82795610634338,205.26461182236335,False,
20260811_184731__rp1__vinf25__incm60__toff59132__Om270__om90,1.5235963101595773,0.09339066105440813,25.17806881266822,250.45977759067273,-8.99953150871591,1.1711497273369456,3.1639026153154743,43.95726356156642,False,
20260811_184731__rp1__vinf25__incm60__toff59132__Om90__om0,1.523596321950717,0.09339066839193454,25.17806934403655,250.4597829853461,1.6195246034039754,0.150005855141306,29.8853521039673,253.85179788065014,True,752.7941187276905
20260811_184731__rp1__vinf25__incm60__toff59132__Om90__om105,1.5235949340937591,0.09339064804746151,25.178060625689383,250.45965764044806,1.4768045985110287,0.10918033629345662,29.82223313978337,189.84342592250005,True,655.5101886257761
20260811_184731__rp1__vinf25__incm60__toff59132__Om90__om120,1.5235948333924356,0.09339095131464016,25.178060241247042,250.45968098037696,1.4155908439917606,0.15137455523046756,28.78008451777349,180.51590799698738,True,615.1790113251573
20260811_184731__rp1__vinf25__incm60__toff59132__Om90__om135,1.5235948122414713,0.09339067553220087,25.178060341838993,250.45960963277037,1.3673698054338623,0.1953435674643055,27.47638657970383,176.63394820697783,True,584.0148235245317
20260811_184731__rp1__vinf25__incm60__toff59132__Om90__om15,1.5235967408334783,0.09339056333881786,25.17804764503504,250.46021406360785,1.757667766588789,0.13320552282038248,31.276444231901817,277.8926770128834,True,851.1381850261572
20260811_184731__rp1__vinf25__incm60__toff59132__Om90__om150,1.5235948610425143,0.09339066346173658,25.178060589259424,250.45962879739756,1.322209497185347,0.24269368314074022,26.053387871800552,175.53656613142226,True,555.3225391770391
20260811_184731__rp1__vinf25__incm60__toff59132__Om90__om165,1.523593364082096,0.09339066582195464,25.178051269674437,250.45946030008366,1.2830083772797272,0.30664885534346425,24.469747731075056,173.78287275827526,True,530.8100420916552
20260811_184731__rp1__vinf25__incm60__toff59132__Om90__om180,1.523599971489838,0.0933904916958094,25.17804394757483,250.46091014204305,1.2266707835177233,0.3738769173598415,22.541729841096924,175.73883943765105,True,496.2344655981248
20260811_184731__rp1__vinf25__incm60__toff59132__Om90__om195,1.5235997431244628,0.09339054849586188,25.178064992822907,250.46055365173237,1.1638153684261079,0.4679723518025474,21.887283895897465,179.09412531588762,True,458.5862448935186
20260811_184731__rp1__vinf25__incm60__toff59132__Om90__om210,1.5235996592104806,0.09339056942086846,25.178065573546267,250.46052080398232,1.1289156634305697,0.5527382628184382,25.653318303501933,186.22266799804132,True,438.11400928875094
20260811_184731__rp1__vinf25__incm60__toff59132__Om90__om225,1.5235995843774748,0.09339058231058468,25.178065460627117,250.4604910467135,1.2291969943347876,0.46893007588124147,34.30977034570201,200.5831037669099,True,497.76817547838795
20260811_184731__rp1__vinf25__incm60__toff59132__Om90__om240,1.5235997333242584,0.09339055442986663,25.17806508873711,250.4605500631738,1.4324820352730412,0.26085124647167984,33.98929568808624,224.01411995618156,True,626.222501426421
20260811_184731__rp1__vinf25__incm60__toff59132__Om90__om255,1.523603076404715,0.09339046262470163,25.178061001020094,250.4612907366006,1.4601977657353062,0.18653868261254813,29.553313617066916,239.11833642803404,True,644.4844032198049
20260811_184731__rp1__vinf25__incm60__toff59132__Om90__om270,1.5235963073162062,0.09339065810811266,25.178069257417626,250.45977626075512,1.376124901902182,0.20245418208675933,25.74245565357078,242.32500781167707,True,589.6328524169594
20260811_184731__rp1__vinf25__incm60__toff59132__Om90__om285,1.5235949071257364,0.0933906486651555,25.17806007601242,250.45964658616393,1.2913990750696727,0.2381856876993659,23.286317802825888,238.47930998806356,True,536.0256829947443
20260811_184731__rp1__vinf25__incm60__toff59132__Om90__om30,1.5235996305780566,0.09339056740976867,25.178064810695922,250.46050886348218,1.834176346136972,0.12876158222559014,31.77933315914241,293.8122076029692,True,907.3117286293522
20260811_184731__rp1__vinf25__incm60__toff59132__Om90__om300,1.5235956405177935,0.09339063862812068,25.178064481699423,250.45972400842453,1.2515203959259869,0.26606271858717034,22.380555327873008,233.1590275479807,True,511.38948011507546
20260811_184731__rp1__vinf25__incm60__toff59132__Om90__om315,1.5236079840111616,0.09339060698594075,25.178044436644328,250.46255451245185,1.2662964781637298,0.26640527146916065,23.24838266819088,227.21456747188589,True,520.472743338809
20260811_184731__rp1__vinf25__incm60__toff59132__Om90__om330,1.5235947914612742,0.09339067307111584,25.17806001833162,250.45960091800913,1.3420303014901422,0.2397580474806677,25.476907408018977,226.94408980705808,True,567.8562041411088
20260811_184731__rp1__vinf25__incm60__toff59132__Om90__om345,1.5235998998598044,0.09339050858244517,25.178043688769062,250.46088196368385,1.4669131083677434,0.19257374552437287,27.8692483958005,235.11335423809604,True,648.9354157937975
20260811_184731__rp1__vinf25__incm60__toff59132__Om90__om45,1.5235997067156843,0.09339055609791992,25.17806483792417,250.46053925789778,1.834437696949289,0.11643860877701057,31.88914904933823,299.6455228899888,True,907.5056590858867
20260811_184731__rp1__vinf25__incm60__toff59132__Om90__om60,1.5235997552997476,0.09339054592694669,25.17806499889453,250.46055845894796,1.7560721010056644,0.08569330246875925,31.587818474520795,290.44857561733727,True,849.9794134577756
20260811_184731__rp1__vinf25__incm60__toff59132__Om90__om75,1.5236030458821581,0.09339045955894772,25.17806100728013,250.46127801990366,1.655488301191712,0.0603427633151892,31.131443950547123,259.2846416741168,True,778.0080066898004
20260811_184731__rp1__vinf25__incm60__toff59132__Om90__om90,1.5236029873805632,0.09339047576821016,25.178061078907593,250.46125520232476,1.5572132397430343,0.0708653454813823,30.568303802241328,211.9831847136154,True,709.7689943098017
20260811_184731__rp1__vinf25__incm90__toff59132__Om0__om0,1.5235996616842886,0.09339058331877058,25.178065107917316,250.4605139443122,1.3143344288754775,0.26672982245689547,22.11612127142476,179.80492673076017,True,550.3686894604554
20260811_184731__rp1__vinf25__incm90__toff59132__Om0__om105,1.5235991583373951,0.09338814355637137,25.17805715140509,250.46023446451161,1.594836067465762,0.07891764734782382,28.625167548726836,83.99116553321618,True,735.6461483216829
20260811_184731__rp1__vinf25__incm90__toff59132__Om0__om120,1.5235991357639587,0.09338815053575986,25.178056861293204,250.4602256810812,1.64432919412105,0.0823251954741682,27.73993720667206,55.88324523071692,True,770.1548303107517
20260811_184731__rp1__vinf25__incm90__toff59132__Om0__om135,1.5235992808010068,0.0933881186032153,25.178057100934527,250.4602828702708,1.681015391844302,0.09204060092813568,26.739012968195148,36.983450529615205,True,796.0721437561475
20260811_184731__rp1__vinf25__incm90__toff59132__Om0__om15,1.5235996738595718,0.09339058074985002,25.178065113988957,250.46051875152466,1.3101451793386028,0.2627828848199564,24.581447613529907,172.95101709719296,True,547.7394572802943
20260811_184731__rp1__vinf25__incm90__toff59132__Om0__om150,1.5235972494023,0.09339302141319115,25.178055536626225,250.46048814818874,1.7030315588252476,0.0986134272924037,25.69041072083496,24.637051344602668,True,811.7624090950292
20260811_184731__rp1__vinf25__incm90__toff59132__Om0__om165,1.5235966701473163,0.09339059412026157,25.17804798857595,250.46017849870964,1.711132981446405,0.10122903784703949,24.64210278899777,13.905299901066986,True,817.5616955831274
20260811_184731__rp1__vinf25__incm90__toff59132__Om0__om180,1.5235967324451831,0.09339058274840367,25.178047796559685,250.46020319962483,1.7061352449071974,0.09290898232769192,23.610715133883648,4.471617328281955,True,813.9825117322163
20260811_184731__rp1__vinf25__incm90__toff59132__Om0__om195,1.5235997225607076,0.09339057047417389,25.17806513827547,250.4605379803779,1.6892527804738704,0.08438701161351086,22.609849889185057,354.33593990467926,True,801.9307300458798
20260811_184731__rp1__vinf25__incm90__toff59132__Om0__om210,1.5235997588861248,0.0933905663559754,25.178064710222916,250.46055253011565,1.6645668573642811,0.0705471192292832,21.668467049154224,339.34224705195334,True,784.4165666616367
20260811_184731__rp1__vinf25__incm90__toff59132__Om0__om225,1.5235996677719303,0.09339058203431021,25.17806511095313,250.4605163479184,1.6358793033215884,0.05159828432194869,20.85768949938036,325.7832643470064,True,764.2259476588374
20260811_184731__rp1__vinf25__incm90__toff59132__Om0__om240,1.5235997590865618,0.09339056276742362,25.17806515649034,250.46055240202054,1.612094203902058,0.033258757270056255,20.330584347803597,312.4593613995537,True,747.6193221055895
20260811_184731__rp1__vinf25__incm90__toff59132__Om0__om255,1.5235997984558027,0.09339055800700251,25.178064729955697,250.4605681535644,1.6122385491770752,0.013890881146417473,20.1985175338849,356.48165603099886,True,747.719735963555
20260811_184731__rp1__vinf25__incm90__toff59132__Om0__om270,1.5235997318926082,0.09339056495893414,25.178065589096637,250.46054145769278,1.6607355708466476,0.051211056912655664,20.189944414699834,69.21674620893056,True,781.7099214273682
20260811_184731__rp1__vinf25__incm90__toff59132__Om0__om285,1.523599136830227,0.09338815164062068,25.178056694512083,250.4602261798134,1.7166362250441547,0.0798766955028065,19.21364740184204,100.58535880961769,True,821.5089546448139
20260811_184731__rp1__vinf25__incm90__toff59132__Om0__om30,1.523599645043493,0.09339058505676183,25.17806532270256,250.4605072703469,1.3329225609842692,0.2430171855847267,26.815917767464487,166.12348148080272,True,562.085355830384
20260811_184731__rp1__vinf25__incm90__toff59132__Om0__om300,1.5235972454926596,0.09339301736202284,25.178056148157424,250.46048631962162,1.6410821276542769,0.10454005195038546,19.012761853394924,153.355989469377,True,767.8747130134035
20260811_184731__rp1__vinf25__incm90__toff59132__Om0__om315,1.5235992331661656,0.09338812998396095,25.178056909866676,250.46026413969093,1.5056217165435146,0.14950826740287365,18.443657034711357,188.382283639583,True,674.790092789301
20260811_184731__rp1__vinf25__incm90__toff59132__Om0__om330,1.5235972222084364,0.09339302360477196,25.178055969232776,250.46047720416482,1.4074130394994835,0.21415654210210766,18.532208477465602,193.60822816648786,True,609.8559255653196
20260811_184731__rp1__vinf25__incm90__toff59132__Om0__om345,1.523596695919474,0.09339059045539976,25.17804777834444,250.4601887780511,1.3362338420886506,0.24846670106769492,19.823862547682126,188.25191069789415,True,564.1811768315305
20260811_184731__rp1__vinf25__incm90__toff59132__Om0__om45,1.5235937013592786,0.09339060190765083,25.17803065805304,250.459852134484,1.3679905196315825,0.21083348241751085,28.433319765729074,158.95071502802512,True,584.4125368144555
20260811_184731__rp1__vinf25__incm90__toff59132__Om0__om60,1.5235996380445687,0.09339058919319404,25.178064984586687,250.46050466236272,1.4167358304000979,0.17235760767076574,29.310902293417353,148.38550760361085,True,615.9255342573609
20260811_184731__rp1__vinf25__incm90__toff59132__Om0__om75,1.5235967797244454,0.09339057099927804,25.178048043221708,250.4602217634342,1.4756994946109432,0.12705697923758869,29.56546507364205,136.24255190344144,True,654.7745415435004
20260811_184731__rp1__vinf25__incm90__toff59132__Om0__om90,1.5235996602625965,0.09339058184561001,25.17806533029209,250.4605132793624,1.5368103598059426,0.09373659670971546,29.278545060360624,114.48915501648494,True,695.8655099854321
20260811_184731__rp1__vinf25__incm90__toff59132__Om180__om0,1.523599746911277,0.09339056533633976,25.178065150418718,250.46054759480606,1.9625635521129028,0.1643975522872471,24.26772703324363,359.2273533231373,True,1004.223744554796
20260811_184731__rp1__vinf25__incm90__toff59132__Om180__om105,1.5235991339868453,0.09338814869432523,25.178057139261718,250.4602248498607,1.871310887097615,0.2228268361043718,26.552803196355327,110.91833159372938,True,935.0047318738312
20260811_184731__rp1__vinf25__incm90__toff59132__Om180__om120,1.523597246914347,0.0933930188351749,25.17805592578246,250.4604869845552,2.178166221718477,0.49818116668102963,22.549986848299675,90.67730808688883,True,1174.1711913713964
20260811_184731__rp1__vinf25__incm90__toff59132__Om180__om135,1.5235992320998974,0.09338812887909961,25.1780570766478,250.46026364095894,1.7923253875143599,0.26753639815444996,23.739839885473142,105.5616407703557,True,876.4359372043455
20260811_184731__rp1__vinf25__incm90__toff59132__Om180__om15,1.5235997225607076,0.09339057047417389,25.17806513827547,250.4605379803779,1.8880563110931694,0.12712224650623644,25.364213039489023,3.9666018822548454,True,947.5831004597298
20260811_184731__rp1__vinf25__incm90__toff59132__Om180__om150,1.523597225051811,0.09339302655107588,25.178055524482822,250.46047853403195,1.6079436216553336,0.20043750601087118,23.599711712704906,137.3786035349457,True,744.7338914980861
20260811_184731__rp1__vinf25__incm90__toff59132__Om180__om165,1.5235966944977875,0.09339058898226074,25.178048000719446,250.46018811309096,1.4772386787870722,0.1630793920127757,23.438130059019986,169.80620430240776,True,655.7992230911831
20260811_184731__rp1__vinf25__incm90__toff59132__Om180__om180,1.5235966472185318,0.09339060073140361,25.178047754057435,250.46016954929004,1.3686511292254004,0.1855965217452256,23.180292038497345,189.15185339620098,True,584.8359116053156
20260811_184731__rp1__vinf25__incm90__toff59132__Om180__om195,1.5235996738595718,0.09339058074985002,25.178065113988957,250.46051875152466,1.2947947732045322,0.20629482064256952,22.567271600534745,203.29121501456044,True,538.1412692443217
20260811_184731__rp1__vinf25__incm90__toff59132__Om180__om210,1.5235996493085686,0.0933905894762433,25.17806465557824,250.46050926519646,1.2591001103799364,0.21581596017776827,21.344849947774467,208.5655136143912,True,516.0422799509099
20260811_184731__rp1__vinf25__incm90__toff59132__Om180__om225,1.5235997316921712,0.09339056854748577,25.178065142829187,250.46054158578838,1.2645211328008132,0.1991382007531055,19.778976665543205,211.00782768472538,True,519.378574307195
20260811_184731__rp1__vinf25__incm90__toff59132__Om180__om240,1.5235996373337226,0.09339058845661384,25.178065095774055,250.46050432988778,1.314614022919929,0.15676447543299488,18.33243436247146,212.4498365074609,True,550.5443159841253
20260811_184731__rp1__vinf25__incm90__toff59132__Om180__om255,1.5235997984558027,0.09339055800700251,25.178064729955697,250.4605681535644,1.4053791268051128,0.09404297224874131,17.420762359771157,216.4723268150776,True,608.534410029935
20260811_184731__rp1__vinf25__incm90__toff59132__Om180__om270,1.5235996588409049,0.09339058037244942,25.17806555266689,250.4605126144126,1.5297215192708016,0.03547357733403945,17.276591883848855,259.56047150139113,True,691.056341353596
20260811_184731__rp1__vinf25__incm90__toff59132__Om180__om285,1.523599161180777,0.09338814650266723,25.17805670665547,250.46023579446415,1.6731910836081145,0.06887633596285234,17.86801753406841,336.25205546554974,True,790.5206238344746
20260811_184731__rp1__vinf25__incm90__toff59132__Om180__om30,1.5235997546210485,0.09339056193649126,25.178065377347206,250.4605505352675,1.7888024240136102,0.09032895858250946,26.262987843270903,13.114203698710831,True,873.8531466438528
20260811_184731__rp1__vinf25__incm90__toff59132__Om180__om300,1.5235991343422677,0.09338814906261221,25.17805708366803,250.46022501610474,1.814103270086424,0.12470662382873277,18.95078770814172,346.6376462318267,True,892.4582356902978
20260811_184731__rp1__vinf25__incm90__toff59132__Om180__om315,1.523599281867275,0.09338811970807695,25.178056934153418,250.46028336900264,1.9272077463094939,0.1649029570361769,20.287616661343765,349.4316559195614,True,977.2095245746292
20260811_184731__rp1__vinf25__incm90__toff59132__Om180__om330,1.5235972465589254,0.09339301846688687,25.17805598137616,250.46048681832178,1.9919149318239833,0.18387194917381436,21.683891709452894,352.31896997931057,True,1026.8359689150977
20260811_184731__rp1__vinf25__incm90__toff59132__Om180__om345,1.5235966715690026,0.09339059559340045,25.178047766200933,250.46017916366986,2.0003739076352907,0.18179864485268568,23.036632166478515,355.4394042135506,True,1033.3838356630401
20260811_184731__rp1__vinf25__incm90__toff59132__Om180__om45,1.5235936374395438,0.09339061539532949,25.178030626175712,250.45982689685232,1.6852136732113487,0.04490876510895429,26.889229533073543,34.036993608788514,True,799.0562514996539
20260811_184731__rp1__vinf25__incm90__toff59132__Om180__om60,1.5235997597974076,0.09339056350400436,25.178065045302954,250.4605527344952,1.5934069488110258,0.03186991339005637,27.05362623966112,111.94943369952729,True,734.6575607490977
20260811_184731__rp1__vinf25__incm90__toff59132__Om180__om75,1.5235967797244454,0.09339057099927804,25.178048043221708,250.4602217634342,1.5476163289464078,0.06894551716273144,26.479306217129622,128.810140785714,True,703.2177873182459
20260811_184731__rp1__vinf25__incm90__toff59132__Om180__om90,1.5235997333143,0.09339056643209535,25.178065366721864,250.4605421226423,1.6223723597650452,0.13815794092481243,25.308251916946205,105.25520924821548,True,754.7805501387658
20260811_184731__rp1__vinf25__incm90__toff59132__Om270__om0,1.5236029575106522,0.09339050007604817,25.178061064037816,250.4612474653214,1.2920564312884952,0.3030890291370287,23.344880999773114,176.76911059131766,True,536.4350119070187
20260811_184731__rp1__vinf25__incm90__toff59132__Om270__om105,1.5235948142475222,0.09339068360892723,25.178060364346553,250.4596138163137,1.543171355551274,0.24366112645521099,17.591457303533204,242.7603871822045,True,700.1903520317179
20260811_184731__rp1__vinf25__incm90__toff59132__Om270__om120,1.5235948112744946,0.0933906787202493,25.178059882406565,250.45961221013886,1.5288550934732748,0.16393479262037008,22.14791900987157,246.88098485165625,True,690.4693087687976
20260811_184731__rp1__vinf25__incm90__toff59132__Om270__om135,1.5236080794486058,0.09339032505119253,25.17804453963164,250.462533288571,1.4614080199871893,0.15872914208368982,25.2733905846797,245.68391120138466,True,645.2858202656711
20260811_184731__rp1__vinf25__incm90__toff59132__Om270__om15,1.5235996402029504,0.09339058821736924,25.17806494152337,250.46051707163446,1.274530389237372,0.3258588924676047,26.275255104175205,174.60309902690372,True,525.5574355878573
20260811_184731__rp1__vinf25__incm90__toff59132__Om270__om150,1.5235948185125705,0.09339068802833797,25.17805969722204,250.45961581120523,1.4042588640747922,0.18219675589881643,27.263569656666288,246.6799093896139,True,607.8069381311418
20260811_184731__rp1__vinf25__incm90__toff59132__Om270__om165,1.523599941620022,0.09339051600379811,25.178043932704878,250.46090240521355,1.3753929423809592,0.2085449353233706,28.15282959102845,249.44935231447482,True,589.1624772521344
20260811_184731__rp1__vinf25__incm90__toff59132__Om270__om180,1.5235933155656258,0.09339070389044091,25.178051770992496,250.45944594044437,1.3831761120205233,0.22587460120592043,27.737984717041815,253.7573392227432,True,594.1705362422466
20260811_184731__rp1__vinf25__incm90__toff59132__Om270__om195,1.5235996402029504,0.09339058821736924,25.17806494152337,250.46051707163446,1.4258919868802136,0.22228239002216033,26.562328278346122,257.9123742455767,True,621.9061262201028
20260811_184731__rp1__vinf25__incm90__toff59132__Om270__om210,1.523599640077484,0.0933905869573311,25.178064369291526,250.46051687821208,1.4957287554672827,0.20712373135408638,24.699909426240396,263.3809478610346,True,668.1502833854306
20260811_184731__rp1__vinf25__incm90__toff59132__Om270__om225,1.5235996396091804,0.0933905873760974,25.178064916026923,250.46051676697002,1.5726088335462265,0.18817817054812533,22.635342636849686,268.36212983490714,True,720.320804841783
20260811_184731__rp1__vinf25__incm90__toff59132__Om270__om240,1.5235996402029504,0.09339058821736924,25.17806494152337,250.46051707163446,1.6231138492296433,0.17235847502125715,20.936609793568138,269.9577968214716,True,755.2980568918554
20260811_184731__rp1__vinf25__incm90__toff59132__Om270__om255,1.5236029579789576,0.09339049965727977,25.1780605173024,250.4612475765679,1.6226619483996692,0.16490250893625652,19.890840223144956,263.33161823157485,True,754.9826482771509
20260811_184731__rp1__vinf25__incm90__toff59132__Om270__om270,1.5236029546672565,0.09339049712970134,25.17806150878747,250.46124613543964,1.5648610977393156,0.16793411893161617,19.55163094530329,247.36323761015854,True,715.0041846968777
20260811_184731__rp1__vinf25__incm90__toff59132__Om270__om285,1.5235948218410185,0.09339069328530043,25.178060123568294,250.45961758362046,1.4690310070607657,0.1911595294139556,19.692357432455356,228.10610752522868,True,650.3413021584569
20260811_184731__rp1__vinf25__incm90__toff59132__Om270__om30,1.5235996429376497,0.093390592633112,25.17806534237338,250.46051853933506,1.2464867004128775,0.35218930264468434,29.797461362733053,172.96252959590146,True,508.3073224165052
20260811_184731__rp1__vinf25__incm90__toff59132__Om270__om300,1.5235948193530735,0.09339069070731072,25.17806051272428,250.45961641993392,1.37358674321489,0.2298261280702392,19.840260220376372,212.01761274685833,True,588.002304801775
20260811_184731__rp1__vinf25__incm90__toff59132__Om270__om315,1.5235948207747563,0.09339069218044771,25.178060290349425,250.45961708489764,1.3085446457373415,0.26460616771797657,19.947889827767863,200.78679724967907,True,546.7360483238139
20260811_184731__rp1__vinf25__incm90__toff59132__Om270__om330,1.5235948204193357,0.09339069181216347,25.178060345943134,250.45961691865668,1.2838240550839146,0.2827335354085171,20.217465604353297,191.54762692996064,True,531.3163195083404
20260811_184731__rp1__vinf25__incm90__toff59132__Om270__om345,1.5235933084404434,0.09339069379532308,25.178051465036074,250.45944228434496,1.284415514380267,0.2915295620233661,21.348316737652404,183.31921836104303,True,531.6835289010763
20260811_184731__rp1__vinf25__incm90__toff59132__Om270__om45,1.523593612245514,0.09339062494343135,25.178030558729496,250.45982883931907,1.186820797639406,0.4160473740739726,34.703747030816224,177.49542139891955,True,472.25070469887004
20260811_184731__rp1__vinf25__incm90__toff59132__Om270__om60,1.523599643288877,0.09339059231903729,25.178064932321828,250.46051862276659,1.0752066684891208,0.5427641312448739,41.80545460019397,185.33203673734786,True,407.2234849314259
20260811_184731__rp1__vinf25__incm90__toff59132__Om270__om75,1.5235999439951038,0.09339051936889269,25.178044034690156,250.4609036238692,0.981824254523063,0.7437583822429819,40.99044193401913,195.87477952563586,True,355.3411692773794
20260811_184731__rp1__vinf25__incm90__toff59132__Om270__om90,1.5235963214814952,0.09339067489789514,25.178069041423797,250.45978601424446,1.281308784205427,0.52680578218245,14.66106357015118,219.47030234799004,True,529.7556504179324
20260811_184731__rp1__vinf25__incm90__toff59132__Om90__om0,1.5235963300283915,0.0933906864662232,25.17806912500694,250.45979033524122,1.5683755317787118,0.18917097490488147,28.742355192826,250.08711825629496,True,717.414218449958
20260811_184731__rp1__vinf25__incm90__toff59132__Om90__om105,1.523594818997653,0.09339069033902649,25.17806056831796,250.45961625369296,1.2839337093911811,0.29489452498339114,30.52196336983405,182.36553886807727,True,531.3843923491164
20260811_184731__rp1__vinf25__incm90__toff59132__Om90__om120,1.5235948207747563,0.09339069218044771,25.178060290349425,250.45961708489764,1.2936520877051259,0.29836628480791955,28.91597162910598,176.0797425630189,True,537.4290437864304
20260811_184731__rp1__vinf25__incm90__toff59132__Om90__om135,1.5235948197084943,0.09339069107559497,25.178060457130556,250.4596165861748,1.3007195495172064,0.3080645914972615,26.458895877820726,172.30196367652638,True,541.8391655823239
20260811_184731__rp1__vinf25__incm90__toff59132__Om90__om15,1.5235996402029504,0.09339058821736924,25.17806494152337,250.46051707163446,1.6020852202403957,0.17583096713960045,30.116802470155754,251.45551007536068,True,740.6675421539827
20260811_184731__rp1__vinf25__incm90__toff59132__Om90__om150,1.5235948232627015,0.09339069475843746,25.17805990119348,250.45961824858423,1.2844357894391998,0.32843110045984397,23.26466385542133,171.23255443086848,True,531.6961182352552
20260811_184731__rp1__vinf25__incm90__toff59132__Om90__om165,1.5235933070187635,0.09339069232219714,25.17805168741102,250.4594416193758,1.2440309384964072,0.36714998259018505,19.009471311228456,175.14794233444263,True,506.8059023806623
20260811_184731__rp1__vinf25__incm90__toff59132__Om90__om180,1.5235999430417144,0.09339051747694958,25.17804371032978,250.460903070165,1.1589746995677745,0.4455198960828236,12.907851296575885,185.18822712569923,True,455.72811850646895
20260811_184731__rp1__vinf25__incm90__toff59132__Om90__om195,1.5235996402029504,0.09339058821736924,25.17806494152337,250.46051707163446,1.0234125877510067,0.6109237145274228,4.4645157235498205,218.9012882610319,True,378.15602475041925
20260811_184731__rp1__vinf25__incm90__toff59132__Om90__om210,1.5235996472027253,0.09339059705259423,25.17806467524907,250.46052053418384,1.026095667909566,0.7595766341923563,19.756400138550298,202.4481757478651,True,379.64411614843374
20260811_184731__rp1__vinf25__incm90__toff59132__Om90__om225,1.523599642578031,0.09339059158245698,25.178065043509243,250.4605182902917,1.4320295648164991,0.3950527042259556,35.32523131490611,235.6266984990236,True,625.9258225172387
20260811_184731__rp1__vinf25__incm90__toff59132__Om90__om240,1.523599642578031,0.09339059158245698,25.178065043509243,250.4605182902917,1.5522081016492693,0.2029070408129611,31.234721585439537,258.1366381747423,True,706.34977499182
20260811_184731__rp1__vinf25__incm90__toff59132__Om90__om255,1.5236029627291394,0.09339050638751056,25.178060721273866,250.46125001383814,1.5122489733718143,0.15399690586681639,27.576411351399397,261.6246687363629,True,679.2503014959581
20260811_184731__rp1__vinf25__incm90__toff59132__Om90__om270,1.5235963200598097,0.0933906734247472,25.178069263798502,250.459785349286,1.4508865827893078,0.15932384186629514,24.977386902673505,260.7693305018399,True,638.3297551737849
20260811_184731__rp1__vinf25__incm90__toff59132__Om90__om285,1.5235948170908877,0.09339068655520111,25.178059919596883,250.45961514624133,1.4028350416043243,0.1851324860692033,23.188429400272838,258.6985928336049,True,606.8827604796764
20260811_184731__rp1__vinf25__incm90__toff59132__Om90__om30,1.5235996358124082,0.09339058253784911,25.178065036415852,250.46051488336286,1.5829233861830503,0.17302171997061389,30.801861051931006,246.65097423651935,True,727.4191590383922
20260811_184731__rp1__vinf25__incm90__toff59132__Om90__om300,1.5235948098528118,0.0933906772471124,25.178060104781412,250.45961154517494,1.38117908479533,0.21092188486667532,22.42575668880022,254.61346257547825,True,592.8842072669655
20260811_184731__rp1__vinf25__incm90__toff59132__Om90__om315,1.5236080805148862,0.0933903261560835,25.17804437285033,250.46253378726738,1.394236393392584,0.22442216387648906,22.96005187969477,249.53800806202838,True,601.3115066835582
20260811_184731__rp1__vinf25__incm90__toff59132__Om90__om330,1.5235948156692047,0.0933906850820642,25.178060141971713,250.45961448127747,1.4391175549209883,0.2216611064632154,24.56205235130676,246.47944522964696,True,630.5787027009362
20260811_184731__rp1__vinf25__incm90__toff59132__Om90__om345,1.5235999430417144,0.09339051747694958,25.17804371032978,250.460903070165,1.504337621055922,0.20720074008692377,26.723281182479163,247.11714268652372,True,673.9270172974835
20260811_184731__rp1__vinf25__incm90__toff59132__Om90__om45,1.5235936092766869,0.0933906207371237,25.178030431248356,250.45982731594634,1.5087554103677043,0.18631066372427596,30.94041294023314,233.7693784169058,True,676.897878658138
20260811_184731__rp1__vinf25__incm90__toff59132__Om90__om60,1.5235996409137964,0.09339058895394961,25.178064830335998,250.46051740410923,1.4130876613218075,0.2209277188371796,30.87223204125728,219.69644265186923,True,613.5480056281981
20260811_184731__rp1__vinf25__incm90__toff59132__Om90__om75,1.5235999392449406,0.09339051263870357,25.17804383071963,250.4609011865578,1.3281816267302697,0.2591305487950871,30.97808747046275,206.92143437412,True,559.0891891639125
20260811_184731__rp1__vinf25__incm90__toff59132__Om90__om90,1.5236029560889544,0.09339049860287478,25.17806128641265,250.46124680038048,1.2880029117681808,0.28514844657895955,31.05097281068964,194.31282338016686,True,533.9125871211462
20260811_184731__rp1p25__vinf25__inc0__toff59132__Om0__om0,1.5236017864784899,0.0933904867390456,25.17805457285028,250.46109845125392,1.764698276758089,0.045243259634047794,29.03730013861439,25.572286000852397,True,856.250000462573
20260811_184731__rp1p25__vinf25__inc0__toff59132__Om0__om105,1.5235976865973255,0.09339298068632927,25.178058214432436,250.46056302673182,1.7543028114374566,0.13689765077491378,28.885586060349816,302.86228285564374,True,848.6951716118242
20260811_184731__rp1p25__vinf25__inc0__toff59132__Om0__om120,1.5235998196564404,0.09338813733327894,25.178058580260345,250.46032572772185,1.9635006215143946,0.1803340650823013,28.399072814866322,326.7344146728644,True,1004.9430636784283
20260811_184731__rp1p25__vinf25__inc0__toff59132__Om0__om135,1.523596008346926,0.09339303663163744,25.17806034498846,250.46019066206486,2.0960383196862717,0.20889411685697362,27.90053684110831,337.5112008914254,True,1108.3928601154353
20260811_184731__rp1p25__vinf25__inc0__toff59132__Om0__om15,1.5235951370235705,0.0933906816418201,25.178062723546343,250.45963292543738,1.4176583942625276,0.1266474535034494,27.100338170327785,223.9848259411866,True,616.5272587893248
20260811_184731__rp1p25__vinf25__inc0__toff59132__Om0__om150,1.5235962349844243,0.09338820736418811,25.17806306626443,250.45956231339005,2.1264094385482535,0.21483940342085953,27.263043217057724,343.5870628371876,True,1132.5704580616648
20260811_184731__rp1p25__vinf25__inc0__toff59132__Om0__om165,1.5236018375548477,0.09339047982869805,25.17805469912266,250.46111889882908,2.0059662480158638,0.16385222398504593,26.799483079472267,343.0518931639904,True,1037.7203284205168
20260811_184731__rp1p25__vinf25__inc0__toff59132__Om0__om180,1.523608506342946,0.09339029250317382,25.17804686061691,250.46259289352338,1.8998836438137836,0.13129647239867515,26.364330681917306,347.2497842198697,True,956.5009334446994
20260811_184731__rp1p25__vinf25__inc0__toff59132__Om0__om195,1.5235952601131635,0.09339064793679945,25.178062583327062,250.45968096341457,1.7409149809161575,0.0669665369689032,26.062345411092984,343.2168521569505,True,838.9985998651841
20260811_184731__rp1p25__vinf25__inc0__toff59132__Om0__om210,1.5236085733077869,0.09339027837542524,25.178046894011583,250.46261933362763,1.57864882659177,0.022578024304164362,25.971329629576697,242.26580873502957,True,724.4746421515449
20260811_184731__rp1p25__vinf25__inc0__toff59132__Om0__om225,1.5235952831261175,0.09339065081335224,25.178062796406063,250.45969061155503,1.4228252234930512,0.0988898123948726,26.305092005519413,199.3695827355791,True,619.9008413733351
20260811_184731__rp1p25__vinf25__inc0__toff59132__Om0__om240,1.5235952905511971,0.09339064151421032,25.178062598506166,250.45969298136046,1.2737387828267903,0.19463990378760332,27.67303288058429,197.87365944504353,True,525.0678787684831
20260811_184731__rp1p25__vinf25__inc0__toff59132__Om0__om255,1.5236017790533474,0.09339049603812428,25.17805477074971,250.46109608130965,1.1394962218177875,0.2888212063039462,31.578321448202097,199.1002657636732,True,444.2876351292834
20260811_184731__rp1p25__vinf25__inc0__toff59132__Om0__om270,1.52359619103365,0.09338822437050065,25.17806324594937,250.45954552164397,1.1108077748012848,0.2911497502453446,41.453141717233926,198.56062815079287,True,427.6153224169488
20260811_184731__rp1p25__vinf25__inc0__toff59132__Om0__om285,1.5235976171084271,0.09339300114753167,25.178058330980907,250.46053601216357,1.9803956456670528,0.21841544258187473,51.11206561147216,12.308970552800128,True,1017.9415379897642
20260811_184731__rp1p25__vinf25__inc0__toff59132__Om0__om30,1.5235952816042158,0.0933906511344816,25.17806279564711,250.45969001065782,1.250253256986436,0.21620848371809986,27.13038779663103,218.3175905699014,True,510.6130195685344
20260811_184731__rp1p25__vinf25__inc0__toff59132__Om0__om300,1.5235976171084271,0.09339300114753167,25.178058330980907,250.46053601216357,-732.9157143106587,1.0016175388007968,57.37582126598625,47.1551236985205,False,
20260811_184731__rp1p25__vinf25__inc0__toff59132__Om0__om315,1.5235976378963183,0.0933929909620435,25.178058190145723,250.46054379839617,14.307280646075057,0.8960993942944226,52.96487345509468,58.978716764646265,True,19766.53458314665
20260811_184731__rp1p25__vinf25__inc0__toff59132__Om0__om330,1.5236028963180182,0.09338802928972706,25.178055425492996,250.46103396863498,4.99974055222327,0.6149100679406837,44.489460649788995,51.46494621828185,True,4083.3451891913455
20260811_184731__rp1p25__vinf25__inc0__toff59132__Om0__om345,1.5235951880994822,0.09339067473070582,25.178062849818666,250.45965337282632,3.258137319054412,0.06891159053366874,16.283942222519546,295.52643641231765,True,2148.0726663222736
20260811_184731__rp1p25__vinf25__inc0__toff59132__Om0__om45,1.5235953088140184,0.09339063766065879,25.17806260761365,250.45970019212882,1.2155308223910584,0.24973651307321335,27.7299032841455,216.66606444342003,True,489.4900362639203
20260811_184731__rp1p25__vinf25__inc0__toff59132__Om0__om60,1.5235952953013312,0.09339064824431736,25.178062802477704,250.45969541873342,1.2472645853790045,0.23298254871924073,28.571267023344628,219.26910621849444,True,508.78321956043345
20260811_184731__rp1p25__vinf25__inc0__toff59132__Om0__om75,1.5235952418503438,0.09339065179035491,25.178062574219577,250.4596737526478,1.3582620163150692,0.1811853502567321,29.046425305118714,230.69200114268028,True,578.1895340243208
20260811_184731__rp1p25__vinf25__inc0__toff59132__Om0__om90,1.52360275021401,0.09338806011626068,25.178055352632647,250.4609762803492,1.536850423964564,0.1314894005557073,29.160215680095117,260.82998972630827,True,695.8927216524672
20260811_184731__rp1p25__vinf25__inc0__toff59132__Om180__om0,1.523608506342946,0.09339029250317382,25.17804686061691,250.46259289352338,1.8998836438137836,0.13129647239867515,26.364330681917306,347.2497842198697,True,956.5009334446994
20260811_184731__rp1p25__vinf25__inc0__toff59132__Om180__om105,1.5235976171084271,0.09339300114753167,25.178058330980907,250.46053601216357,1.9803956456670528,0.21841544258187473,51.11206561147216,12.308970552800128,True,1017.9415379897642
20260811_184731__rp1p25__vinf25__inc0__toff59132__Om180__om120,1.5235976171084271,0.09339300114753167,25.178058330980907,250.46053601216357,-732.9157143106587,1.0016175388007968,57.37582126598625,47.1551236985205,False,
20260811_184731__rp1p25__vinf25__inc0__toff59132__Om180__om135,1.5235976378963183,0.0933929909620435,25.178058190145723,250.46054379839617,14.307280646075057,0.8960993942944226,52.96487345509468,58.978716764646265,True,19766.53458314665
20260811_184731__rp1p25__vinf25__inc0__toff59132__Om180__om15,1.5235952601131635,0.09339064793679945,25.178062583327062,250.45968096341457,1.7409149818029017,0.06696653650560164,26.062345622727268,343.21685362199537,True,838.9986005062068
20260811_184731__rp1p25__vinf25__inc0__toff59132__Om180__om150,1.5236028963180182,0.09338802928972706,25.178055425492996,250.46103396863498,4.99974055222327,0.6149100679406837,44.489460649788995,51.46494621828185,True,4083.3451891913455
20260811_184731__rp1p25__vinf25__inc0__toff59132__Om180__om165,1.5235951880994822,0.09339067473070582,25.178062849818666,250.45965337282632,3.258137579987607,0.06891183091117256,16.283964169356338,295.52742761137165,True,2148.072924370088
20260811_184731__rp1p25__vinf25__inc0__toff59132__Om180__om180,1.5236017864784899,0.0933904867390456,25.17805457285028,250.46109845125392,1.764698276758089,0.045243259634047794,29.03730013861439,25.572286000852397,True,856.250000462573
20260811_184731__rp1p25__vinf25__inc0__toff59132__Om180__om195,1.5235951370235705,0.0933906816418201,25.178062723546343,250.45963292543738,1.4176583942625276,0.1266474535034494,27.100338170327785,223.9848259411866,True,616.5272587893248
20260811_184731__rp1p25__vinf25__inc0__toff59132__Om180__om210,1.5235952816042158,0.0933906511344816,25.17806279564711,250.45969001065782,1.2502509169951217,0.21620896361714098,27.130381168581852,218.31800494125326,True,510.61158606360453
20260811_184731__rp1p25__vinf25__inc0__toff59132__Om180__om225,1.5235953088140184,0.09339063766065879,25.17806260761365,250.45970019212882,1.215530833922287,0.24973653765640905,27.72990327871713,216.66607174570413,True,489.4900432292988
20260811_184731__rp1p25__vinf25__inc0__toff59132__Om180__om240,1.5235952953013312,0.09339064824431736,25.178062802477704,250.45969541873342,1.2472644039956124,0.23298231943667272,28.5712667255758,219.26910944821154,True,508.78310857577486
20260811_184731__rp1p25__vinf25__inc0__toff59132__Om180__om255,1.5235952418503438,0.09339065179035491,25.178062574219577,250.4596737526478,1.3582620163150692,0.1811853502567321,29.046425305118714,230.69200114268028,True,578.1895340243208
20260811_184731__rp1p25__vinf25__inc0__toff59132__Om180__om270,1.52360275021401,0.09338806011626068,25.178055352632647,250.4609762803492,1.5368504234757432,0.13148940205317275,29.16021568234775,260.8299861919109,True,695.8927213204568
20260811_184731__rp1p25__vinf25__inc0__toff59132__Om180__om285,1.5235976865973255,0.09339298068632927,25.178058214432436,250.46056302673182,1.754302799254709,0.13689764439647242,28.88558606182888,302.8622755605117,True,848.695162771185
20260811_184731__rp1p25__vinf25__inc0__toff59132__Om180__om30,1.5236085733077869,0.09339027837542524,25.178046894011583,250.46261933362763,1.57864882659177,0.022578024304164362,25.971329629576697,242.26580873502957,True,724.4746421515449
20260811_184731__rp1p25__vinf25__inc0__toff59132__Om180__om300,1.5235998196564404,0.09338813733327894,25.178058580260345,250.46032572772185,1.9635006215143946,0.1803340650823013,28.399072814866322,326.7344146728644,True,1004.9430636784283
20260811_184731__rp1p25__vinf25__inc0__toff59132__Om180__om315,1.523596008346926,0.09339303663163744,25.17806034498846,250.46019066206486,2.0960383196862717,0.20889411685697362,27.90053684110831,337.5112008914254,True,1108.3928601154353
20260811_184731__rp1p25__vinf25__inc0__toff59132__Om180__om330,1.5235962349844243,0.09338820736418811,25.17806306626443,250.45956231339005,2.1264094385482535,0.21483940342085953,27.263043217057724,343.5870628371876,True,1132.5704580616648
20260811_184731__rp1p25__vinf25__inc0__toff59132__Om180__om345,1.5236018375548477,0.09339047982869805,25.17805469912266,250.46111889882908,2.0059662480158638,0.16385222398504593,26.799483079472267,343.0518931639904,True,1037.7203284205168
20260811_184731__rp1p25__vinf25__inc0__toff59132__Om180__om45,1.5235952831261175,0.09339065081335224,25.178062796406063,250.45969061155503,1.4228252234930512,0.0988898123948726,26.305092005519413,199.3695827355791,True,619.9008413733351
20260811_184731__rp1p25__vinf25__inc0__toff59132__Om180__om60,1.5235952905511971,0.09339064151421032,25.178062598506166,250.45969298136046,1.2737387828267903,0.19463990378760332,27.67303288058429,197.87365944504353,True,525.0678787684831
20260811_184731__rp1p25__vinf25__inc0__toff59132__Om180__om75,1.5236017790533474,0.09339049603812428,25.17805477074971,250.46109608130965,1.1394962218177875,0.2888212063039462,31.578321448202097,199.1002657636732,True,444.2876351292834
20260811_184731__rp1p25__vinf25__inc0__toff59132__Om180__om90,1.52359619103365,0.09338822437050065,25.17806324594937,250.45954552164397,1.1108077748012848,0.2911497502453446,41.453141717233926,198.56062815079287,True,427.6153224169488
20260811_184731__rp1p25__vinf25__inc0__toff59132__Om270__om0,1.52359619103365,0.09338822437050065,25.17806324594937,250.45954552164397,1.1108077748012848,0.2911497502453446,41.453141717233926,198.56062815079287,True,427.6153224169488
20260811_184731__rp1p25__vinf25__inc0__toff59132__Om270__om105,1.5235951370235705,0.0933906816418201,25.178062723546343,250.45963292543738,1.4176583942625276,0.1266474535034494,27.100338170327785,223.9848259411866,True,616.5272587893248
20260811_184731__rp1p25__vinf25__inc0__toff59132__Om270__om120,1.5235952816042158,0.0933906511344816,25.17806279564711,250.45969001065782,1.2502462066774245,0.21620975273297635,27.130368615735403,218.31834076776983,True,510.6087004742094
20260811_184731__rp1p25__vinf25__inc0__toff59132__Om270__om135,1.5235953088140184,0.09339063766065879,25.17806260761365,250.45970019212882,1.2155308200848132,0.24973650815657486,27.72990328523116,216.666062982963,True,489.49003487084497
20260811_184731__rp1p25__vinf25__inc0__toff59132__Om270__om15,1.5235976171084271,0.09339300114753167,25.178058330980907,250.46053601216357,1.9803956747384444,0.21841544976650168,51.112065278651386,12.308975636061685,True,1017.9415604042074
20260811_184731__rp1p25__vinf25__inc0__toff59132__Om270__om150,1.5235952953013312,0.09339064824431736,25.178062802477704,250.45969541873342,1.2472645853790045,0.23298254871924073,28.571267023344628,219.26910621849444,True,508.78321956043345
20260811_184731__rp1p25__vinf25__inc0__toff59132__Om270__om165,1.5235952418503438,0.09339065179035491,25.178062574219577,250.4596737526478,1.3582351804361008,0.18118580844292698,29.046530940870465,230.6856988137208,True,578.172398728411
20260811_184731__rp1p25__vinf25__inc0__toff59132__Om270__om180,1.52360275021401,0.09338806011626068,25.178055352632647,250.4609762803492,1.5368504234757432,0.13148940205317275,29.16021568234775,260.8299861919109,True,695.8927213204568
20260811_184731__rp1p25__vinf25__inc0__toff59132__Om270__om195,1.5235976865973255,0.09339298068632927,25.178058214432436,250.46056302673182,1.7543027737373833,0.1368977041302027,28.8855988760192,302.8623024790683,True,848.6951442540587
20260811_184731__rp1p25__vinf25__inc0__toff59132__Om270__om210,1.5235998196564404,0.09338813733327894,25.178058580260345,250.46032572772185,1.9635006215143946,0.1803340650823013,28.399072814866322,326.7344146728644,True,1004.9430636784283
20260811_184731__rp1p25__vinf25__inc0__toff59132__Om270__om225,1.523596008346926,0.09339303663163744,25.17806034498846,250.46019066206486,2.0960383196862717,0.20889411685697362,27.90053684110831,337.5112008914254,True,1108.3928601154353
20260811_184731__rp1p25__vinf25__inc0__toff59132__Om270__om240,1.5235962349844243,0.09338820736418811,25.17806306626443,250.45956231339005,2.1264094385482535,0.21483940342085953,27.263043217057724,343.5870628371876,True,1132.5704580616648
20260811_184731__rp1p25__vinf25__inc0__toff59132__Om270__om255,1.5236018375548477,0.09339047982869805,25.17805469912266,250.46111889882908,2.0059662480158638,0.16385222398504593,26.799483079472267,343.0518931639904,True,1037.7203284205168
20260811_184731__rp1p25__vinf25__inc0__toff59132__Om270__om270,1.523608506342946,0.09339029250317382,25.17804686061691,250.46259289352338,1.8998836438137836,0.13129647239867515,26.364330681917306,347.2497842198697,True,956.5009334446994
20260811_184731__rp1p25__vinf25__inc0__toff59132__Om270__om285,1.5235952601131635,0.09339064793679945,25.178062583327062,250.45968096341457,1.7409149818029017,0.06696653650560164,26.062345622727268,343.21685362199537,True,838.9986005062068
20260811_184731__rp1p25__vinf25__inc0__toff59132__Om270__om30,1.5235976171084271,0.09339300114753167,25.178058330980907,250.46053601216357,-732.9157143106587,1.0016175388007968,57.37582126598625,47.1551236985205,False,
20260811_184731__rp1p25__vinf25__inc0__toff59132__Om270__om300,1.5236085733077869,0.09339027837542524,25.178046894011583,250.46261933362763,1.57864882659177,0.022578024304164362,25.971329629576697,242.26580873502957,True,724.4746421515449
20260811_184731__rp1p25__vinf25__inc0__toff59132__Om270__om315,1.5235952831261175,0.09339065081335224,25.178062796406063,250.45969061155503,1.4228252234930512,0.0988898123948726,26.305092005519413,199.3695827355791,True,619.9008413733351
20260811_184731__rp1p25__vinf25__inc0__toff59132__Om270__om330,1.5235952905511971,0.09339064151421032,25.178062598506166,250.45969298136046,1.2737387828267903,0.19463990378760332,27.67303288058429,197.87365944504353,True,525.0678787684831
20260811_184731__rp1p25__vinf25__inc0__toff59132__Om270__om345,1.5236017790533474,0.09339049603812428,25.17805477074971,250.46109608130965,1.1394962218177875,0.2888212063039462,31.578321448202097,199.1002657636732,True,444.2876351292834
20260811_184731__rp1p25__vinf25__inc0__toff59132__Om270__om45,1.5235976378963183,0.0933929909620435,25.178058190145723,250.46054379839617,14.307280646075057,0.8960993942944226,52.96487345509468,58.978716764646265,True,19766.53458314665
20260811_184731__rp1p25__vinf25__inc0__toff59132__Om270__om60,1.5236028963180182,0.09338802928972706,25.178055425492996,250.46103396863498,4.99974055222327,0.6149100679406837,44.489460649788995,51.46494621828185,True,4083.3451891913455
20260811_184731__rp1p25__vinf25__inc0__toff59132__Om270__om75,1.5235951880994822,0.09339067473070582,25.178062849818666,250.45965337282632,3.2581365987113458,0.0689114313010807,16.28395497965472,295.52677299047747,True,2148.071953944765
20260811_184731__rp1p25__vinf25__inc0__toff59132__Om270__om90,1.5236017864784899,0.0933904867390456,25.17805457285028,250.46109845125392,1.764698276758089,0.045243259634047794,29.03730013861439,25.572286000852397,True,856.250000462573
20260811_184731__rp1p25__vinf25__inc0__toff59132__Om90__om0,1.52360275021401,0.09338806011626068,25.178055352632647,250.4609762803492,1.536850423964564,0.1314894005557073,29.160215680095117,260.82998972630827,True,695.8927216524672
20260811_184731__rp1p25__vinf25__inc0__toff59132__Om90__om105,1.5235952601131635,0.09339064793679945,25.178062583327062,250.45968096341457,1.7409149809161575,0.0669665369689032,26.062345411092984,343.2168521569505,True,838.9985998651841
20260811_184731__rp1p25__vinf25__inc0__toff59132__Om90__om120,1.5236085733077869,0.09339027837542524,25.178046894011583,250.46261933362763,1.57864882659177,0.022578024304164362,25.971329629576697,242.26580873502957,True,724.4746421515449
20260811_184731__rp1p25__vinf25__inc0__toff59132__Om90__om135,1.5235952831261175,0.09339065081335224,25.178062796406063,250.45969061155503,1.4228252234930512,0.0988898123948726,26.305092005519413,199.3695827355791,True,619.9008413733351
20260811_184731__rp1p25__vinf25__inc0__toff59132__Om90__om15,1.5235976865973255,0.09339298068632927,25.178058214432436,250.46056302673182,1.7543028114374566,0.13689765077491378,28.885586060349816,302.86228285564374,True,848.6951716118242
20260811_184731__rp1p25__vinf25__inc0__toff59132__Om90__om150,1.5235952905511971,0.09339064151421032,25.178062598506166,250.45969298136046,1.2737387828267903,0.19463990378760332,27.67303288058429,197.87365944504353,True,525.0678787684831
20260811_184731__rp1p25__vinf25__inc0__toff59132__Om90__om165,1.5236017790533474,0.09339049603812428,25.17805477074971,250.46109608130965,1.1394962218177875,0.2888212063039462,31.578321448202097,199.1002657636732,True,444.2876351292834
20260811_184731__rp1p25__vinf25__inc0__toff59132__Om90__om180,1.52359619103365,0.09338822437050065,25.17806324594937,250.45954552164397,1.1108077748012848,0.2911497502453446,41.453141717233926,198.56062815079287,True,427.6153224169488
20260811_184731__rp1p25__vinf25__inc0__toff59132__Om90__om195,1.5235976171084271,0.09339300114753167,25.178058330980907,250.46053601216357,1.9803956456670528,0.21841544258187473,51.11206561147216,12.308970552800128,True,1017.9415379897642
20260811_184731__rp1p25__vinf25__inc0__toff59132__Om90__om210,1.5235976171084271,0.09339300114753167,25.178058330980907,250.46053601216357,-732.9157143106587,1.0016175388007968,57.37582126598625,47.1551236985205,False,
20260811_184731__rp1p25__vinf25__inc0__toff59132__Om90__om225,1.5235976378963183,0.0933929909620435,25.178058190145723,250.46054379839617,14.307280646075057,0.8960993942944226,52.96487345509468,58.978716764646265,True,19766.53458314665
20260811_184731__rp1p25__vinf25__inc0__toff59132__Om90__om240,1.5236028963180182,0.09338802928972706,25.178055425492996,250.46103396863498,4.99974055222327,0.6149100679406837,44.489460649788995,51.46494621828185,True,4083.3451891913455
20260811_184731__rp1p25__vinf25__inc0__toff59132__Om90__om255,1.5235951880994822,0.09339067473070582,25.178062849818666,250.45965337282632,3.258137319054412,0.06891159053366874,16.283942222519546,295.52643641231765,True,2148.0726663222736
20260811_184731__rp1p25__vinf25__inc0__toff59132__Om90__om270,1.5236017864784899,0.0933904867390456,25.17805457285028,250.46109845125392,1.764698276758089,0.045243259634047794,29.03730013861439,25.572286000852397,True,856.250000462573
20260811_184731__rp1p25__vinf25__inc0__toff59132__Om90__om285,1.5235951370235705,0.0933906816418201,25.178062723546343,250.45963292543738,1.4176583942625276,0.1266474535034494,27.100338170327785,223.9848259411866,True,616.5272587893248
20260811_184731__rp1p25__vinf25__inc0__toff59132__Om90__om30,1.5235998196564404,0.09338813733327894,25.178058580260345,250.46032572772185,1.9635006215143946,0.1803340650823013,28.399072814866322,326.7344146728644,True,1004.9430636784283
20260811_184731__rp1p25__vinf25__inc0__toff59132__Om90__om300,1.5235952816042158,0.0933906511344816,25.17806279564711,250.45969001065782,1.2502503960933349,0.21620890563559667,27.130380944881985,218.31807770426548,True,510.6112669535089
20260811_184731__rp1p25__vinf25__inc0__toff59132__Om90__om315,1.5235953088140184,0.09339063766065879,25.17806260761365,250.45970019212882,1.2155308200848132,0.24973650815657486,27.72990328523116,216.666062982963,True,489.49003487084497
20260811_184731__rp1p25__vinf25__inc0__toff59132__Om90__om330,1.5235952953013312,0.09339064824431736,25.178062802477704,250.45969541873342,1.2472645274670093,0.23298238087551398,28.57126715563999,219.26909418586408,True,508.7831841253084
20260811_184731__rp1p25__vinf25__inc0__toff59132__Om90__om345,1.5235952418503438,0.09339065179035491,25.178062574219577,250.4596737526478,1.3582620163150692,0.1811853502567321,29.046425305118714,230.69200114268028,True,578.1895340243208
20260811_184731__rp1p25__vinf25__inc0__toff59132__Om90__om45,1.523596008346926,0.09339303663163744,25.17806034498846,250.46019066206486,2.0960383196862717,0.20889411685697362,27.90053684110831,337.5112008914254,True,1108.3928601154353
20260811_184731__rp1p25__vinf25__inc0__toff59132__Om90__om60,1.5235962349844243,0.09338820736418811,25.17806306626443,250.45956231339005,2.1264094385482535,0.21483940342085953,27.263043217057724,343.5870628371876,True,1132.5704580616648
20260811_184731__rp1p25__vinf25__inc0__toff59132__Om90__om75,1.5236018375548477,0.09339047982869805,25.17805469912266,250.46111889882908,2.0059662480158638,0.16385222398504593,26.799483079472267,343.0518931639904,True,1037.7203284205168
20260811_184731__rp1p25__vinf25__inc0__toff59132__Om90__om90,1.523608506342946,0.09339029250317382,25.17804686061691,250.46259289352338,1.8998836438137836,0.13129647239867515,26.364330681917306,347.2497842198697,True,956.5009334446994
20260811_184731__rp1p25__vinf25__inc30__toff59132__Om0__om0,1.5236014183134892,0.09339049541988974,25.17805204726373,250.46105841431364,2.009783628275792,0.15519761282580036,24.46331967092193,12.000755315895553,True,1040.6839304800974
20260811_184731__rp1p25__vinf25__inc30__toff59132__Om0__om105,1.5235973210503213,0.0933929938889127,25.178056226361726,250.46052443160778,1.7902827017059098,0.1531136541983015,24.36800944929655,301.60449630629535,True,874.9380732476595
20260811_184731__rp1p25__vinf25__inc30__toff59132__Om0__om120,1.5235997310748313,0.09338814091141967,25.17805797690013,250.46031652300928,2.0187390429089946,0.19439929150828564,24.410077502359712,325.4076314933166,True,1047.6474639688429
20260811_184731__rp1p25__vinf25__inc30__toff59132__Om0__om135,1.5235972894533378,0.0933929883538614,25.1780556904874,250.46051105096103,2.155060630081723,0.2266454816651502,24.70282590904169,331.43929351820213,True,1155.5377339490858
20260811_184731__rp1p25__vinf25__inc30__toff59132__Om0__om15,1.5235932578339013,0.09339069420072317,25.178051641374864,250.45941880805765,1.4497024720495357,0.11883979853119822,24.780060003850053,240.21642109862876,True,637.5484754154257
20260811_184731__rp1p25__vinf25__inc30__toff59132__Om0__om150,1.5236006861372464,0.09338811287306827,25.178065682956284,250.4604223425323,2.171719267460593,0.2248557942388556,24.83235694379087,338.4315961651887,True,1168.9620683414335
20260811_184731__rp1p25__vinf25__inc30__toff59132__Om0__om165,1.523594836692101,0.09339066859983337,25.178060577116113,250.4596191830497,2.0746540589028517,0.1938570074040873,24.946409956892644,337.76302740673106,True,1091.4740818337339
20260811_184731__rp1p25__vinf25__inc30__toff59132__Om0__om180,1.5235963818734846,0.09339065365498267,25.178069050033923,250.45980646755038,1.8717957937883043,0.12358010908662345,24.984672517932765,338.7954046775905,True,935.3681825090581
20260811_184731__rp1p25__vinf25__inc30__toff59132__Om0__om195,1.5235963953861913,0.09339064307135195,25.178068855169407,250.45981124097136,1.689940268196532,0.05731675595067353,25.0091592045846,321.01473124185014,True,802.4203313897517
20260811_184731__rp1p25__vinf25__inc30__toff59132__Om0__om210,1.5235964474155739,0.09339063805230853,25.17806930580241,250.45983224211838,1.5056944295046657,0.061299512177749337,24.973897159925944,227.4889224414094,True,674.8389761618577
20260811_184731__rp1p25__vinf25__inc30__toff59132__Om0__om225,1.5236066622498008,0.09339029585318165,25.178036019418354,250.46239253245,1.3240965438179126,0.16102781604458968,24.80172158740233,211.08363730321543,True,556.5117909594977
20260811_184731__rp1p25__vinf25__inc30__toff59132__Om0__om240,1.5236030604325874,0.09339046035523699,25.178061115337524,250.46128404578195,1.1396316297259241,0.30101127070979977,24.165962745317977,213.85732374658744,True,444.36683045085033
20260811_184731__rp1p25__vinf25__inc30__toff59132__Om0__om255,1.5235947772377556,0.09339068291822315,25.17806032438297,250.45959581214925,0.9417047094929571,0.5008354735942497,22.28992513479268,222.33561637379665,True,333.78514593452707
20260811_184731__rp1p25__vinf25__inc30__toff59132__Om0__om270,1.5235973272603627,0.09338822139701715,25.178069842155292,250.45967635911003,0.8114531405466306,0.7271658754085303,14.961934755117486,234.419929876288,True,266.9869662245555
20260811_184731__rp1p25__vinf25__inc30__toff59132__Om0__om285,1.523598001494528,0.09339300437203217,25.178060310638855,250.46058157333098,-0.7308303979652426,4.148705668070271,16.25696686138181,325.15714981660983,False,
20260811_184731__rp1p25__vinf25__inc30__toff59132__Om0__om30,1.5235934024141897,0.09339066369278373,25.178051713476556,250.45947589310896,1.2426817467870535,0.23129938016839824,24.71498271527739,228.87365169712476,True,505.98165492167686
20260811_184731__rp1p25__vinf25__inc30__toff59132__Om0__om300,1.5235976210344218,0.09339300140868043,25.178058002313676,250.46053665639965,-0.5905176200591981,3.3232587950117525,15.910680906571551,302.6833339199422,False,
20260811_184731__rp1p25__vinf25__inc30__toff59132__Om0__om315,1.5235976473763566,0.09339299946438268,25.178058294821906,250.460547336702,-0.5898520553079417,4.867455956370958,11.965524600070497,291.64114504055186,False,
20260811_184731__rp1p25__vinf25__inc30__toff59132__Om0__om330,1.523599205384198,0.09338811864959694,25.178056684533566,250.46026074828652,-0.8032812810780402,3.440617917182198,13.29837195462052,15.82431916077415,False,
20260811_184731__rp1p25__vinf25__inc30__toff59132__Om0__om345,1.523601442664112,0.09339049028214154,25.178052059407147,250.4610680287729,9.097522686637758,0.7724663527180895,22.274319209560915,15.73172927093124,True,10022.581887121776
20260811_184731__rp1p25__vinf25__inc30__toff59132__Om0__om45,1.5235934329523677,0.0933906554758087,25.178051951789776,250.45948784694647,1.1883577064785438,0.2674739389221307,24.471745561692313,225.8078510529242,True,473.1683342296234
20260811_184731__rp1p25__vinf25__inc30__toff59132__Om0__om60,1.5235964277310399,0.09339064043266486,25.178069519069712,250.45982436637945,1.2346170788951927,0.24834752143478933,24.306333827350112,225.76719028074803,True,501.0641291147992
20260811_184731__rp1p25__vinf25__inc30__toff59132__Om0__om75,1.5236030117312367,0.09339047063054981,25.178061091050903,250.4612648168094,1.35485261060926,0.19605650043353764,24.19804850682058,235.83806087061657,True,576.0139098290565
20260811_184731__rp1p25__vinf25__inc30__toff59132__Om0__om90,1.523595749107057,0.09338824773184813,25.17806079508215,250.45947630659364,1.5490468188951731,0.14493774697838788,24.237462282541713,262.9148225530472,True,704.1930080904873
20260811_184731__rp1p25__vinf25__inc30__toff59132__Om180__om0,1.523594876061087,0.0933906638389638,25.178060150581445,250.45963493449943,1.8765621601725202,0.12778021777639664,26.416793809197934,359.3126879089634,True,938.9432074507438
20260811_184731__rp1p25__vinf25__inc30__toff59132__Om180__om105,1.52359724681131,0.0933930076200035,25.178056138938743,250.46049497981326,1.641272915174809,0.15915903282236618,32.95296591428226,148.93938144675022,True,768.0086232863582
20260811_184731__rp1p25__vinf25__inc30__toff59132__Om180__om120,1.5235975258549033,0.09339300093999665,25.178057612886587,250.4605254374073,2.1537815617454505,0.2957560092866297,33.12973107929638,72.14714406017833,True,1154.5091370889468
20260811_184731__rp1p25__vinf25__inc30__toff59132__Om180__om135,1.5235972716342978,0.09339300274571712,25.178055958804514,250.46050478801683,2.2315507680115365,0.3609786236405103,31.926599002165798,89.5527189406815,True,1217.601150077934
20260811_184731__rp1p25__vinf25__inc30__toff59132__Om180__om15,1.5235933809231907,0.09339066049519697,25.178051501156972,250.45946684586002,1.7875519148119006,0.08723372526750277,25.54870272871213,4.422974214478982,True,872.9369719034025
20260811_184731__rp1p25__vinf25__inc30__toff59132__Om180__om150,1.523600710487847,0.09338810773520269,25.178065695099516,250.4604319572103,1.9648052686801822,0.22773119804633046,30.377342020647408,98.21629241032461,True,1005.94483103514
20260811_184731__rp1p25__vinf25__inc30__toff59132__Om180__om165,1.5236014398207218,0.09339048733581697,25.178052504157098,250.46106669887996,1.7021333889992352,0.121245137598839,28.581882958762392,119.75431343958171,True,811.120314978885
20260811_184731__rp1p25__vinf25__inc30__toff59132__Om180__om180,1.5236029241287925,0.09339048524725749,25.17806094656357,250.46122994748208,1.5031646147303017,0.10226551307347968,27.32002474802007,173.5864964300737,True,673.1389297154103
20260811_184731__rp1p25__vinf25__inc30__toff59132__Om180__om195,1.5235962722964147,0.09339067677606606,25.17806899538951,250.4597632028897,1.3650262533703987,0.15714775336957462,27.211540478534285,196.90822345682164,True,582.514041665506
20260811_184731__rp1p25__vinf25__inc30__toff59132__Om180__om210,1.5235964154555897,0.09339064479594342,25.17806928986446,250.4598196232524,1.2906351976660841,0.19731187933963262,28.199814068496945,200.7960191647171,True,535.5501552986776
20260811_184731__rp1p25__vinf25__inc30__toff59132__Om180__om225,1.5235934329523677,0.0933906554758087,25.178051951789776,250.45948784694647,1.2691228325222919,0.2034400880866747,29.487153158101652,202.2344024317374,True,522.2162460988512
20260811_184731__rp1p25__vinf25__inc30__toff59132__Om180__om240,1.5235964305744114,0.09339064337896234,25.178069074320298,250.4598256962959,1.3043261835300686,0.17717622671410285,30.894996289816877,207.63403854976696,True,544.0943438041328
20260811_184731__rp1p25__vinf25__inc30__toff59132__Om180__om255,1.5236015044940647,0.09339047932972502,25.178052414126217,250.4610926186251,1.388780442743754,0.12643248062692689,31.55816920048222,218.32821489517252,True,597.7853676348165
20260811_184731__rp1p25__vinf25__inc30__toff59132__Om180__om270,1.52359725420889,0.09338823681117316,25.17806980572573,250.45964751526185,1.5125822154495463,0.0779599518073249,31.680776550815555,251.43586356097973,True,679.4748352089496
20260811_184731__rp1p25__vinf25__inc30__toff59132__Om180__om285,1.523598075733613,0.09339299064106638,25.178060398061724,250.4606110251567,1.6576882504209267,0.08104270393162234,31.26663854885674,307.22064703459534,True,779.5593434848388
20260811_184731__rp1p25__vinf25__inc30__toff59132__Om180__om30,1.5235934343740478,0.09339065694893563,25.178051729414804,250.4594885119152,1.6835068351092788,0.03708072308709207,24.900593543752393,10.42692666238666,True,797.8425944907661
20260811_184731__rp1p25__vinf25__inc30__toff59132__Om180__om300,1.5235998262544057,0.09338814138014043,25.17805836632717,250.46032774305144,1.7958725863241671,0.12062112681438147,30.487825358965893,334.687087150575,True,879.039061252239
20260811_184731__rp1p25__vinf25__inc30__toff59132__Om180__om315,1.5235976651954055,0.09339298507253994,25.178058026504633,250.4605535996589,1.9008386133060096,0.15340157609888425,29.50904314406758,346.69909666960297,True,957.2221965497112
20260811_184731__rp1p25__vinf25__inc30__toff59132__Om180__om330,1.5235991810336456,0.09338812378754356,25.178056672390166,250.46025113363143,1.9478070425670477,0.1646729215537282,28.46286777047422,353.1611683948592,True,992.9189285514527
20260811_184731__rp1p25__vinf25__inc30__toff59132__Om180__om345,1.5235948395354668,0.09339067154610746,25.178060132366447,250.4596205129775,1.9392690951150642,0.1513485456459384,27.407442410129587,359.4810969714129,True,986.3976002021896
20260811_184731__rp1p25__vinf25__inc30__toff59132__Om180__om45,1.5236066622498008,0.09339029585318165,25.178036019418354,250.46239253245,1.5776320431737523,0.020058805938319376,24.61702304143278,164.60162150168176,True,723.7748204139798
20260811_184731__rp1p25__vinf25__inc30__toff59132__Om180__om60,1.523603057589191,0.09339045740888861,25.17806156008716,250.4612827159007,1.4816467952726142,0.07617196069041354,24.985093842038708,177.37233481378587,True,658.7367932895027
20260811_184731__rp1p25__vinf25__inc30__toff59132__Om180__om75,1.5235962844716435,0.09339067420705419,25.178069001461104,250.4597680100731,1.4109908436719532,0.11283122389705026,26.385488297215115,176.01326897430582,True,612.1828876386971
20260811_184731__rp1p25__vinf25__inc30__toff59132__Om180__om90,1.5235958221583854,0.0933882323174491,25.17806083151211,250.45950515037322,1.4267643987101644,0.09515106910083289,28.66652075955036,144.80647340407214,True,622.4769702047599
20260811_184731__rp1p25__vinf25__inc30__toff59132__Om270__om0,1.523594815185055,0.09339067668420643,25.178060120223105,250.459610898631,1.1837271800351072,0.3647497228888863,31.52427195880355,178.49104436492897,True,470.40542532251914
20260811_184731__rp1p25__vinf25__inc30__toff59132__Om270__om105,1.5235948739285625,0.09339066162925781,25.17806048414369,250.4596339370538,1.3054434075079666,0.21138666202331366,25.151839570413603,223.2201987231384,True,544.793561613509
20260811_184731__rp1p25__vinf25__inc30__toff59132__Om270__om120,1.5235952326296323,0.09339064393931903,25.178062149032733,250.4596962689658,1.2287881786138517,0.2610110768773044,24.555756105009944,221.87749390572813,True,497.51986881700793
20260811_184731__rp1p25__vinf25__inc30__toff59132__Om270__om135,1.5235949128579196,0.09339064701234848,25.17806013464196,250.4596488235108,1.219086250438705,0.2676687815826134,25.30239212873427,217.80471349187525,True,491.6392437304384
20260811_184731__rp1p25__vinf25__inc30__toff59132__Om270__om15,1.5235956892162088,0.09339302397479098,25.178047224622524,250.46030267648194,1.2541447857847978,0.36977647581749035,37.1631788108365,169.9710966235165,True,512.9988690225117
20260811_184731__rp1p25__vinf25__inc30__toff59132__Om270__om150,1.5235963561013373,0.09339065731984855,25.1780692602654,250.45979618822085,1.2869149671758668,0.2371994456274158,26.874600905102646,219.7461883154972,True,533.2362556141595
20260811_184731__rp1p25__vinf25__inc30__toff59132__Om270__om165,1.5235948441171765,0.09339065930068481,25.17806037921635,250.459621552844,1.4191021580265866,0.17789272820507268,28.19201758536063,230.79193671785973,True,617.4693189238075
20260811_184731__rp1p25__vinf25__inc30__toff59132__Om270__om180,1.5236029897556544,0.09339047913332582,25.178061180893334,250.46125642096,1.60180168061213,0.12964120127196166,29.263593164570953,260.0116696840578,True,740.4709240483459
20260811_184731__rp1p25__vinf25__inc30__toff59132__Om270__om195,1.5235986757680584,0.09339300665214764,25.178064413354882,250.46063561308614,1.7968758547753276,0.12998729314918403,29.851169389261464,299.3239525126297,True,879.7757799843913
20260811_184731__rp1p25__vinf25__inc30__toff59132__Om270__om210,1.5235992351125736,0.0933929633339057,25.178064223901774,250.46078393025726,1.938315204710794,0.1997998789392561,30.21672839281644,291.1828123635754,True,985.6699037516269
20260811_184731__rp1p25__vinf25__inc30__toff59132__Om270__om225,1.523595919180995,0.0933881999655218,25.178050372177076,250.45967609523046,2.014673046789733,0.16894156017512335,29.53628384881338,332.6556093745546,True,1044.4839162274618
20260811_184731__rp1p25__vinf25__inc30__toff59132__Om270__om240,1.5235964136490383,0.09339063921784407,25.17806886427681,250.45981845175135,1.9836363787566678,0.15447576369313856,29.07762442080178,339.387083408993,True,1020.4412097404745
20260811_184731__rp1p25__vinf25__inc30__toff59132__Om270__om255,1.5236015386449184,0.09339046825801142,25.178052330355882,250.46110582167506,1.8956764213815243,0.1196079623786664,28.536962556907152,345.73879422934874,True,953.325488853896
20260811_184731__rp1p25__vinf25__inc30__toff59132__Om270__om270,1.523609688900695,0.09339027590750197,25.17805337889107,250.4627417355432,1.7591695773107834,0.06463215625688956,27.941660576778823,343.7496697490895,True,852.229279841346
20260811_184731__rp1p25__vinf25__inc30__toff59132__Om270__om285,1.5235955325469421,0.0933906709160204,25.178064406374784,250.45968204344558,1.6267524547361751,0.01177151431210745,27.28076495693761,286.06266189955716,True,757.8392569158804
20260811_184731__rp1p25__vinf25__inc30__toff59132__Om270__om30,1.5235957622675327,0.09339300856089834,25.178047261053056,250.46033151889017,1.440417643436994,0.29680773904243446,41.64176986956043,163.04579432027228,True,631.4333860984276
20260811_184731__rp1p25__vinf25__inc30__toff59132__Om270__om300,1.523608535807367,0.09339028930958564,25.1780465950854,250.46260376166438,1.502077076076063,0.06675220919008444,26.661195970719703,193.15921890745435,True,672.4085384756308
20260811_184731__rp1p25__vinf25__inc30__toff59132__Om270__om315,1.523595308568858,0.09339064724841759,25.178062682240093,250.45969982056045,1.3874120571156094,0.14042067669104574,26.22722620037088,190.02423364328757,True,596.9020753405936
20260811_184731__rp1p25__vinf25__inc30__toff59132__Om270__om330,1.5235947975488768,0.09339067178659013,25.178060021367422,250.4596033215956,1.2848833801265203,0.22062753789956668,26.354411021589705,187.6687183264702,True,531.9740647441405
20260811_184731__rp1p25__vinf25__inc30__toff59132__Om270__om345,1.5236014328638867,0.09339049621611993,25.178052155320948,250.4610644401891,1.2041672615433618,0.3021035880849227,27.797424161223514,183.91055491532757,True,482.6420041779379
20260811_184731__rp1p25__vinf25__inc30__toff59132__Om270__om45,1.5235976217816436,0.09338813887834456,25.1780482538106,250.46005809217309,1.687167534888116,0.14807720522644072,41.347755980133485,155.1434719239979,True,800.4463106870053
20260811_184731__rp1p25__vinf25__inc30__toff59132__Om270__om60,1.5236030721396205,0.09339045820517856,25.178061668144565,250.4612887417792,1.8054721229692836,0.04395232298271025,36.309058671904204,134.54442379493662,True,886.0966060275908
20260811_184731__rp1p25__vinf25__inc30__toff59132__Om270__om75,1.5235964451247141,0.09339064417502048,25.178069182377865,250.4598317221614,1.6617168232978132,0.04562492817055072,30.91432398401346,210.29899629686233,True,782.4028385448024
20260811_184731__rp1p25__vinf25__inc30__toff59132__Om270__om90,1.5236015491559938,0.09339046306061864,25.17805212325461,250.46110974273557,1.4540556954779973,0.13145368846102695,27.16867795884369,224.9057690661674,True,640.4223134806208
20260811_184731__rp1p25__vinf25__inc30__toff59132__Om90__om0,1.5236014839402212,0.09339048930573461,25.17805228159333,250.4610848877548,1.461416474813599,0.15146000433625953,28.85880130179334,258.8965527563294,True,645.2914201262965
20260811_184731__rp1p25__vinf25__inc30__toff59132__Om90__om105,1.5235947778643864,0.09339067416703112,25.17806023463478,250.45959544587225,1.7747923119395266,0.09407695670077267,24.263067524961293,329.2051711666143,True,863.60709270845
20260811_184731__rp1p25__vinf25__inc30__toff59132__Om90__om120,1.5236084406275145,0.09339028883977035,25.17804620567253,250.4625925421458,1.6013102734775482,0.050487630261570396,24.678808209756216,278.68700423810776,True,740.1302032302598
20260811_184731__rp1p25__vinf25__inc30__toff59132__Om90__om135,1.5235949328270613,0.09339065053114481,25.178060346202926,250.45965726985835,1.42690071380738,0.1038483097599338,25.612758558215912,222.32411463466278,True,622.5661808363434
20260811_184731__rp1p25__vinf25__inc30__toff59132__Om90__om15,1.5235956613031678,0.09339302406515401,25.178047059500905,250.46029123439445,1.6426025042246535,0.14111819278641907,27.89277216148906,291.3530361491379,True,768.9420536344759
20260811_184731__rp1p25__vinf25__inc30__toff59132__Om90__om150,1.5235963026502766,0.09339066086576568,25.17806903200712,250.45977452212162,1.2488492272646257,0.21125034005109708,27.613969509760622,215.083321355971,True,509.7531363320738
20260811_184731__rp1p25__vinf25__inc30__toff59132__Om90__om165,1.5236014300204963,0.09339049326979543,25.178052600070885,250.4610631102962,1.0632292561455305,0.37238194780221545,30.846108549158593,218.58019129274686,True,400.43798722697534
20260811_184731__rp1p25__vinf25__inc30__toff59132__Om90__om180,1.5235963209973322,0.0933906665000225,25.178069019675895,250.45978243162494,0.8765656295016943,0.6328392991515586,35.56766745875645,226.04621389157887,True,299.75852909112285
20260811_184731__rp1p25__vinf25__inc30__toff59132__Om90__om195,1.52359870368121,0.09339300656197827,25.178064578476945,250.46064705518847,1.133566385546173,0.7365569417844189,25.8764954446761,327.3623898547678,True,440.8241013186508
20260811_184731__rp1p25__vinf25__inc30__toff59132__Om90__om210,1.5235987753111329,0.09339298967540999,25.1780648372816,250.46067523280496,-0.4409157226695849,5.474752333835861,36.312574761404946,150.09176397693162,False,
20260811_184731__rp1p25__vinf25__inc30__toff59132__Om90__om225,1.5235976217816436,0.09338813887834456,25.1780482538106,250.46005809217309,-0.4098929896941842,3.1326517684241235,29.1343399134553,95.40175822461705,False,
20260811_184731__rp1p25__vinf25__inc30__toff59132__Om90__om240,1.523603074983017,0.09339046115152724,25.178061223394927,250.46129007166016,-0.7300264887166984,3.864730775014146,33.11606352285019,52.235932989251374,False,
20260811_184731__rp1p25__vinf25__inc30__toff59132__Om90__om255,1.5235949378905085,0.09339065288565064,25.17806050530025,250.4596595241001,-10.940442252513476,1.2178043981196627,29.11399072536519,35.311426387363134,False,
20260811_184731__rp1p25__vinf25__inc30__toff59132__Om90__om270,1.5236030542607066,0.09339045215182953,25.17806113374087,250.461280943572,2.642155139663059,0.3205644861243448,34.25805257016047,17.84501194101081,True,1568.672792683201
20260811_184731__rp1p25__vinf25__inc30__toff59132__Om90__om285,1.523595628611214,0.0933906583784105,25.17806465588368,250.45972053465923,1.673165981921621,0.0582565469696824,25.743519901674226,315.37637505861,True,790.5028344797771
20260811_184731__rp1p25__vinf25__inc30__toff59132__Om90__om30,1.5235962220684074,0.09339298221764092,25.178046647693463,250.46044021620105,1.8426759389192373,0.16725267044313338,26.827867421777235,318.36812240629695,True,913.6257677341478
20260811_184731__rp1p25__vinf25__inc30__toff59132__Om90__om300,1.5235953278090875,0.09339064440765181,25.178062538464903,250.45970748849018,1.3969489813941587,0.13107254971652502,27.136923188695395,230.5179708510525,True,603.0672026578368
20260811_184731__rp1p25__vinf25__inc30__toff59132__Om90__om315,1.5235952885997066,0.0933906437296035,25.178062470679027,250.45969137421437,1.294327244997433,0.19240974966466184,28.502807620060878,223.87059816925805,True,537.8498251697349
20260811_184731__rp1p25__vinf25__inc30__toff59132__Om90__om330,1.5235948509998318,0.09339066824049036,25.17806024962554,250.45962498766932,1.272130579029751,0.2029458337810241,29.345890242631715,227.34051925455407,True,524.0737782808943
20260811_184731__rp1p25__vinf25__inc30__toff59132__Om90__om345,1.5235948469605423,0.09339066224695904,25.178059934466678,250.45962288277178,1.3336010141245316,0.18517785394787792,29.39499519687496,238.43296474258992,True,562.5145597932716
20260811_184731__rp1p25__vinf25__inc30__toff59132__Om90__om45,1.523595919180995,0.0933881999655218,25.178050372177076,250.45967609523046,2.0060466054768527,0.19693982126539591,25.76693303666229,332.54626535545134,True,1037.7826844591632
20260811_184731__rp1p25__vinf25__inc30__toff59132__Om90__om60,1.5235964108056668,0.09339063627154692,25.17806930902623,250.45981712183462,2.0799426005685646,0.20821126860299685,24.973816914947115,338.0151102334081,True,1095.6501875904526
20260811_184731__rp1p25__vinf25__inc30__toff59132__Om90__om75,1.5236030458821581,0.09339045955894772,25.17806100728013,250.46127801990366,2.0493804708895507,0.19123164984449206,24.442522890886586,339.79609859651873,True,1071.590321392607
20260811_184731__rp1p25__vinf25__inc30__toff59132__Om90__om90,1.523608183792901,0.09339028680464,25.178044368557135,250.46257053453144,1.9320822306798264,0.15192502333506527,24.19914796656974,337.28807423644054,True,980.9193503359246
20260811_184731__rp1p25__vinf25__inc60__toff59132__Om0__om0,1.523599611571422,0.09339058011905887,25.178065028020825,250.46050199103752,1.6392484110451118,0.02207214929684467,21.847079319476173,141.33678382311678,True,766.5880578412304
20260811_184731__rp1p25__vinf25__inc60__toff59132__Om0__om105,1.5235973167768673,0.09339298810471117,25.178056184570778,250.4605222712053,1.729564011013125,0.1239067282945949,20.426625734631468,304.2955150866495,True,830.8064357875672
20260811_184731__rp1p25__vinf25__inc60__toff59132__Om0__om120,1.5235996169021968,0.0933881437221832,25.178058362473838,250.46028101921723,1.909947833765684,0.16432012774740445,21.197477134678095,323.9025176869497,True,964.1112502338289
20260811_184731__rp1p25__vinf25__inc60__toff59132__Om0__om135,1.5235972949185237,0.09339299650297518,25.178056137729133,250.46051390347776,2.032306015558805,0.19081511409623353,22.07296013344672,332.89496680100655,True,1058.226289068075
20260811_184731__rp1p25__vinf25__inc60__toff59132__Om0__om15,1.5235962727647159,0.09339067635730182,25.178068448654123,250.45976331412712,1.3909479174431643,0.13487762504125272,23.143289286433273,221.0520364126034,True,599.1853622275372
20260811_184731__rp1p25__vinf25__inc60__toff59132__Om0__om150,1.523600692074956,0.09338812128577989,25.178065937920827,250.46042538928043,2.0620014278380836,0.19422242348020777,22.87920040442346,338.70414192860903,True,1081.5045100325663
20260811_184731__rp1p25__vinf25__inc60__toff59132__Om0__om165,1.5235999595487015,0.09339049405532618,25.178043668135317,250.46090539044735,2.0091207384665233,0.17120453670057575,23.5599722811481,344.9423421643002,True,1040.1690975335978
20260811_184731__rp1p25__vinf25__inc60__toff59132__Om0__om180,1.5235963780767285,0.09339064881677368,25.178069170422656,250.45980458391273,1.899251154630807,0.13614566186363805,24.119005483087165,350.86038627711656,True,956.0233309274416
20260811_184731__rp1p25__vinf25__inc60__toff59132__Om0__om195,1.5236030292833942,0.09339046604071935,25.17806121134579,250.4612716952032,1.7658924293466067,0.0746633968508517,24.5519847168169,352.4089805520157,True,857.1192704046373
20260811_184731__rp1p25__vinf25__inc60__toff59132__Om0__om210,1.523603079406444,0.09339045723858448,25.1780610132576,250.4612915891181,1.6218112055696157,0.011257524284933774,24.784195446951458,321.05713903246675,True,754.3889831446654
20260811_184731__rp1p25__vinf25__inc60__toff59132__Om0__om225,1.5236030492106425,0.09339046481600656,25.178061433626425,250.4612797922325,1.4807844089916367,0.06741334170567807,24.639138408212037,200.3561490579773,True,658.161754517632
20260811_184731__rp1p25__vinf25__inc60__toff59132__Om0__om240,1.5235964258242702,0.09339063664883956,25.17806887034842,250.45982325893843,1.3487762586103618,0.1439648716750482,23.6883665293528,205.82862970498488,True,572.1432275511279
20260811_184731__rp1p25__vinf25__inc60__toff59132__Om0__om255,1.5235965861180234,0.09339060178342198,25.17804771908034,250.4601533981404,1.2408033377420304,0.1997247143632282,21.11938712823661,216.29835705691377,True,504.83484328246885
20260811_184731__rp1p25__vinf25__inc60__toff59132__Om0__om270,1.5236006400452837,0.09338812630450798,25.178065487288006,250.46040438750083,1.2573120847288086,0.18468801009413718,16.418611872994163,230.9037565828222,True,514.943436611799
20260811_184731__rp1p25__vinf25__inc60__toff59132__Om0__om285,1.5235989003532677,0.09339295576406423,25.178053697394787,250.4608574815363,1.9897923434918963,0.15253424646608238,8.09812956164363,68.26875516868515,True,1025.1951086990468
20260811_184731__rp1p25__vinf25__inc60__toff59132__Om0__om30,1.523596414502205,0.0933906429040309,25.17806896550382,250.45981906953182,1.2697869687366252,0.20672962592500407,22.867387161344602,223.01763672488647,True,522.6262159787644
20260811_184731__rp1p25__vinf25__inc60__toff59132__Om0__om300,1.523597659724118,0.0933929943921411,25.17805572082946,250.460585411166,4.8208755186519285,0.6998412287946177,5.861137396783944,41.87813926629927,True,3866.1951233780724
20260811_184731__rp1p25__vinf25__inc60__toff59132__Om0__om315,1.5235972651028467,0.09339299349173981,25.17805567834403,250.46050143679946,3.9222275356042786,0.6115459543010372,8.911027403743077,41.26705189580667,True,2837.226899854837
20260811_184731__rp1p25__vinf25__inc60__toff59132__Om0__om330,1.5235992108452021,0.09338812611632055,25.178056777317305,250.4602635181927,2.7955026164691574,0.38561327312799504,16.32093146645262,37.327957688597934,True,1707.2013556748154
20260811_184731__rp1p25__vinf25__inc60__toff59132__Om0__om345,1.5235996361561392,0.09339057477183214,25.178064766796385,250.4605116610835,2.097554796652063,0.14296725775231123,18.292314300208332,56.51126441322182,True,1109.595955649353
20260811_184731__rp1p25__vinf25__inc60__toff59132__Om0__om45,1.5235970450275185,0.09339048458108014,25.1780262136285,250.4606000322681,1.2339142567547634,0.22794775343573714,21.900131224727954,224.52486593241883,True,500.63633391352994
20260811_184731__rp1p25__vinf25__inc60__toff59132__Om0__om60,1.5235934156429727,0.09339066122134966,25.17805226704264,250.4594811899301,1.2676482589795803,0.201884483286111,20.62247378704491,226.12149064002224,True,521.306378447471
20260811_184731__rp1p25__vinf25__inc60__toff59132__Om0__om75,1.5235996892048602,0.09339055246011903,25.1780653113001,250.460531874316,1.3765623647583332,0.15748685937243675,20.134963424268285,237.10423812448687,True,589.914036526659
20260811_184731__rp1p25__vinf25__inc60__toff59132__Om0__om90,1.523600564384258,0.09338813856243479,25.17806562224006,250.46037426915956,1.536399371058002,0.11286339719171046,20.03753244798798,264.51985322224107,True,695.5863859823392
20260811_184731__rp1p25__vinf25__inc60__toff59132__Om180__om0,1.5235963794984144,0.09339065028992202,25.178068948047947,250.45980524887116,1.7578784544542203,0.0988057348537095,25.47034680543221,1.6360940784467515,True,851.2912257752415
20260811_184731__rp1p25__vinf25__inc60__toff59132__Om180__om105,1.5235988982207322,0.09339295355432628,25.17805403095731,250.46085648414262,1.8398926265371756,0.17274714214419384,17.70959591889006,166.52334349199768,True,911.5565389278638
20260811_184731__rp1p25__vinf25__inc60__toff59132__Om180__om120,1.5235980390204344,0.09339299479385563,25.178057500907066,250.4606296221782,1.8261380412772656,0.23146682551647052,25.05682410465483,88.81278467757195,True,901.3538077173201
20260811_184731__rp1p25__vinf25__inc60__toff59132__Om180__om135,1.5235972640365814,0.09339299238687539,25.17805584512526,250.46050093809947,1.7838218496132834,0.173516176643642,24.302859291274032,112.85206844841353,True,870.2060756049538
20260811_184731__rp1p25__vinf25__inc60__toff59132__Om180__om15,1.5236030328376395,0.09339046972365425,25.178060655408725,250.461273357555,1.724655380196318,0.07670367275510291,24.380059527957183,0.8877383548924778,True,827.2721110898831
20260811_184731__rp1p25__vinf25__inc60__toff59132__Om180__om150,1.5236007152380149,0.09338811446537268,25.17806589907115,250.46043439460823,1.6287691216262348,0.14219943673633045,23.685420598186376,141.54924972060348,True,759.2489208990081
20260811_184731__rp1p25__vinf25__inc60__toff59132__Om180__om165,1.5235966202686553,0.09339059071134528,25.17804763531023,250.46016660103095,1.5014100309089569,0.14307285196931202,23.665039732225093,167.90686529329486,True,671.9606815643169
20260811_184731__rp1p25__vinf25__inc60__toff59132__Om180__om180,1.5235996101497304,0.09339057864589856,25.178065250395612,250.46050132608744,1.4119702495378295,0.1671994998918083,24.428803584415903,178.77653705969115,True,612.8203966066848
20260811_184731__rp1p25__vinf25__inc60__toff59132__Om180__om195,1.523596269210502,0.09339067267443328,25.178069004590917,250.4597616517297,1.3592935393488819,0.18756973245138495,25.860662521758407,181.50071354996263,True,578.8483123418692
20260811_184731__rp1p25__vinf25__inc60__toff59132__Om180__om210,1.5235964152130477,0.09339064364060512,25.17806885431648,250.45981940201102,1.3329149716526931,0.18572390819344392,27.618948307090175,182.36998758547708,True,562.0805552746067
20260811_184731__rp1p25__vinf25__inc60__toff59132__Om180__om225,1.523603072523714,0.09339044829858921,25.178061142848367,250.46128815443836,1.3440601137520325,0.16899416278826984,29.138471249730472,181.26698867825863,True,569.1450094860318
20260811_184731__rp1p25__vinf25__inc60__toff59132__Om180__om240,1.5235964329494818,0.09339064674402382,25.178069176306256,250.45982691497443,1.3800239832067924,0.13322657375522656,30.292795481566426,181.6034230161134,True,592.140605342381
20260811_184731__rp1p25__vinf25__inc60__toff59132__Om180__om255,1.5235966775822247,0.09339057281873929,25.17804751269089,250.4601888089687,1.4370611018219717,0.08432838196198619,30.871791152742333,183.07119706064472,True,629.227570380008
20260811_184731__rp1p25__vinf25__inc60__toff59132__Om180__om270,1.5236005658059515,0.09338814003559301,25.17806539986535,250.460374934131,1.5097897324768024,0.03166985711063208,30.9104990740584,190.66882796482085,True,677.5940654780688
20260811_184731__rp1p25__vinf25__inc60__toff59132__Om180__om285,1.5235973189093985,0.0933929903144405,25.178055851008327,250.46052326860496,1.5878079504426934,0.020528028117192443,30.49925568634922,344.32116035512115,True,730.7887459332206
20260811_184731__rp1p25__vinf25__inc60__toff59132__Om180__om30,1.5236030786955947,0.09339045650199722,25.178061124445005,250.46129125664794,1.6746565565453535,0.04679392931579607,23.424725681439075,355.2240742057172,True,791.559423486368
20260811_184731__rp1p25__vinf25__inc60__toff59132__Om180__om300,1.5235992376057401,0.09338814332060105,25.1780565823931,250.4602368040429,1.6613983335119502,0.06170496407950096,29.769654928537168,357.0318877065616,True,782.1779127012752
20260811_184731__rp1p25__vinf25__inc60__toff59132__Om180__om315,1.523597295984789,0.09339299760783966,25.178055970947884,250.46051440217764,1.7207989929716614,0.09112767050897294,28.82741826208642,0.04385546895523098,True,824.4989505114166
20260811_184731__rp1p25__vinf25__inc60__toff59132__Om180__om330,1.523599187682189,0.09338813293680347,25.178056816166745,250.4602545128929,1.7584666465439633,0.10616314972505338,27.756819751600016,1.7561235209715809,True,851.7185289093244
20260811_184731__rp1p25__vinf25__inc60__toff59132__Om180__om345,1.5236029754393794,0.09339047812765706,25.178060799468224,250.46125045070602,1.770660125352635,0.10934270812224535,26.615309296075683,3.5687811708068096,True,860.5927898565358
20260811_184731__rp1p25__vinf25__inc60__toff59132__Om180__om45,1.5235970217146313,0.09339050109877926,25.178026504403135,250.4605916702983,1.6171373894863654,0.01229076566108629,22.72600821808049,323.8588064436756,True,751.1302802806376
20260811_184731__rp1p25__vinf25__inc60__toff59132__Om180__om60,1.5235934085177891,0.09339065112622792,25.178051961086197,250.4594775338325,1.562275701591346,0.026250719786469843,22.460016862813603,190.71594236857322,True,713.2329680767916
20260811_184731__rp1p25__vinf25__inc60__toff59132__Om180__om75,1.5235995977402972,0.09339058142420456,25.178065517691657,250.46049646325446,1.527932076009174,0.04795158056491053,22.767449813642244,169.9189044677822,True,689.844116396062
20260811_184731__rp1p25__vinf25__inc60__toff59132__Om180__om90,1.5236006386235899,0.09338812483134913,25.178065709662715,250.4604037225297,1.5485301450921078,0.0520037217482815,23.342668791294155,117.04311803241836,True,703.840719443164
20260811_184731__rp1p25__vinf25__inc60__toff59132__Om270__om0,1.523596357523023,0.09339065879299668,25.178069037890708,250.4597968531794,1.1611208796926937,0.4272251399482336,23.664082262537697,186.0458053436567,True,456.99457491236393
20260811_184731__rp1p25__vinf25__inc60__toff59132__Om270__om105,1.5235948914805322,0.0933906570391192,25.178060604438592,250.45964081533396,1.3272684098798675,0.2097280016081713,23.178773202247417,236.63655373405578,True,558.5126694864597
20260811_184731__rp1p25__vinf25__inc60__toff59132__Om270__om120,1.5235952464260916,0.0933906625772793,25.178062372395445,250.4596754140794,1.2860514045385365,0.2367282560872777,22.52064405055247,232.7169683715113,True,532.6996168379084
20260811_184731__rp1p25__vinf25__inc60__toff59132__Om270__om135,1.5235947809081876,0.09339067352476801,25.17806023615269,250.45959664766545,1.3013821628306939,0.24328427867274355,23.316657222650058,229.76086520281342,True,542.2532543443102
20260811_184731__rp1p25__vinf25__inc60__toff59132__Om270__om15,1.5235995900642418,0.09339058820322542,25.178064571128026,250.46049370651383,1.1653826078186516,0.48159198963274197,27.142365215196598,188.69846095832867,True,459.5128819985404
20260811_184731__rp1p25__vinf25__inc60__toff59132__Om270__om150,1.523596380451799,0.09339065218183439,25.178069272408617,250.45980580259192,1.3672239488242917,0.22040545155783564,25.106074024188537,230.1346066944123,True,583.9213811907953
20260811_184731__rp1p25__vinf25__inc60__toff59132__Om270__om165,1.5235933383100506,0.09339066948700563,25.178051479905935,250.4594500207885,1.4813637584798767,0.18265230386399808,27.195293177414314,238.19482026918934,True,658.5480460333611
20260811_184731__rp1p25__vinf25__inc60__toff59132__Om270__om180,1.5236029518079477,0.09339048536664722,25.178061385053184,250.4612413342946,1.615664651010001,0.14741438295797396,28.8815867120533,254.65802430172363,True,750.1044244319952
20260811_184731__rp1p25__vinf25__inc60__toff59132__Om270__om195,1.5235997047002223,0.09339055378348662,25.17806503480248,250.46053828828389,1.739112686683833,0.12864824133741676,30.020381336143195,277.4257760062174,True,837.6960685000256
20260811_184731__rp1p25__vinf25__inc60__toff59132__Om270__om210,1.523600035557946,0.09339056222072085,25.17806428523841,250.46059660189093,1.8099482605042772,0.12049363333956113,30.471146060830222,293.7148242651675,True,889.3938717610195
20260811_184731__rp1p25__vinf25__inc60__toff59132__Om270__om225,1.5235979526864702,0.09339062440385978,25.17806724014646,250.4601367390302,1.8105056327264304,0.10348255864171156,30.366193456150633,302.8631472615777,True,889.8047356613438
20260811_184731__rp1p25__vinf25__inc60__toff59132__Om270__om240,1.5235962675462746,0.09339067004594792,25.178068791417598,250.45976076552876,1.7509682596741603,0.07550120829575012,29.926629496014435,300.39733546775426,True,846.2765417812963
20260811_184731__rp1p25__vinf25__inc60__toff59132__Om270__om255,1.5236000557634735,0.09339047182149608,25.178043665716903,250.46094323888173,1.6586354108288957,0.04721228392003439,29.268808277520304,272.7630922275331,True,780.2275691358298
20260811_184731__rp1p25__vinf25__inc60__toff59132__Om270__om270,1.5236097146732939,0.09339027224340284,25.178053168659556,250.46275201506774,1.556865775310651,0.059339272920957406,28.484485451628938,218.23592375597647,True,709.5314490750787
20260811_184731__rp1p25__vinf25__inc60__toff59132__Om270__om285,1.523594952782767,0.09339063903123979,25.178060098781152,250.4596646130742,1.4644036849475845,0.10320327402225543,27.508160763804685,198.95925857067087,True,647.2709439032726
20260811_184731__rp1p25__vinf25__inc60__toff59132__Om270__om30,1.523599684623121,0.09339056470553586,25.178065064450585,250.46053083431582,1.2802422291607327,0.41076800450413137,33.21955074887032,199.92485424294438,True,529.094339139843
20260811_184731__rp1p25__vinf25__inc60__toff59132__Om270__om300,1.5236080454478442,0.0933903133321258,25.178044634191806,250.46251575560876,1.3849951910756972,0.15615871723335123,26.394028686395668,193.36557376149577,True,595.3430533828803
20260811_184731__rp1p25__vinf25__inc60__toff59132__Om270__om315,1.523594871951023,0.09339066337637253,25.17806031584464,250.45963323398303,1.316155283933992,0.21293044820575524,25.20933333113417,191.17741302349236,True,551.5127916737057
20260811_184731__rp1p25__vinf25__inc60__toff59132__Om270__om330,1.5235947799969103,0.09339067637673591,25.178059901072544,250.4595964433186,1.2586051339846143,0.2777853901825679,24.21823810310142,188.98383952407016,True,515.7380106870974
20260811_184731__rp1p25__vinf25__inc60__toff59132__Om270__om345,1.523602940100917,0.09339048751671174,25.17806083224614,250.46123663829997,1.201587053547842,0.34573659893430575,23.2480191449044,186.6284073637093,True,481.0915765948394
20260811_184731__rp1p25__vinf25__inc60__toff59132__Om270__om45,1.5235936643245935,0.09339059192251234,25.178030210390638,250.45984502704283,1.494986291331796,0.23159995060071953,34.02881379112828,219.92009661516414,True,667.6528508927239
20260811_184731__rp1p25__vinf25__inc60__toff59132__Om270__om60,1.5236000089690935,0.09339048588101911,25.178044290150513,250.46092511740653,1.5737837770010514,0.13271768958335947,30.792766981048498,235.32334840239838,True,721.128215678582
20260811_184731__rp1p25__vinf25__inc60__toff59132__Om270__om75,1.5235964179308783,0.09339064636673049,25.178069614984047,250.4598207778713,1.507726194581014,0.12694647865604122,27.520185628513396,237.38700697210706,True,676.2053656571135
20260811_184731__rp1p25__vinf25__inc60__toff59132__Om270__om90,1.5236030359977004,0.09339045600507137,25.178061124633388,250.46127373270625,1.4068101050454462,0.1656673110598746,24.931461202242563,237.95178021309493,True,609.4640749619767
20260811_184731__rp1p25__vinf25__inc60__toff59132__Om90__om0,1.5236029532296458,0.09339048683982057,25.178061162678365,250.46124199923563,1.4148765215878776,0.18131295347000112,28.322247255939097,257.80096849510824,True,614.7134311280245
20260811_184731__rp1p25__vinf25__inc60__toff59132__Om90__om105,1.5235949506502424,0.09339063682153273,25.178060432343397,250.45966361562913,1.6987274444107843,0.09468421532896829,22.394031874488494,292.3459804207737,True,808.6869730259747
20260811_184731__rp1p25__vinf25__inc60__toff59132__Om90__om120,1.5236084247453667,0.09339031373804661,25.17804641421515,250.46255996870826,1.5511840545582751,0.093462669917006,23.190635466615714,250.92286355696717,True,705.6508840545828
20260811_184731__rp1p25__vinf25__inc60__toff59132__Om90__om135,1.523594870884761,0.09339066227151956,25.178060482625767,250.45963273526024,1.3996336510249472,0.1512794184238376,24.346668825264736,223.72021307906698,True,604.8065079366635
20260811_184731__rp1p25__vinf25__inc60__toff59132__Om90__om15,1.5235997082544521,0.09339055746638947,25.178064478865554,250.46053995065796,1.5261671740898584,0.16679088703684852,27.086246900816228,273.5607413664994,True,688.6492116225279
20260811_184731__rp1p25__vinf25__inc60__toff59132__Om90__om150,1.5235962843874327,0.09339066471928238,25.178069022899702,250.45976731134542,1.2553634725189617,0.24606724088453946,25.82867929855403,215.22211819701437,True,513.7467931571077
20260811_184731__rp1p25__vinf25__inc60__toff59132__Om90__om165,1.5235999242103788,0.09339050344461458,25.17804370091259,250.46089157811957,1.1363036344510755,0.3657478327288318,26.903221694085445,215.80103140943316,True,442.42176702175135
20260811_184731__rp1p25__vinf25__inc60__toff59132__Om90__om180,1.5235963561013373,0.09339065731984855,25.1780692602654,250.45979618822085,1.0225812912435348,0.4921658995032318,27.340930022053875,216.1924127104648,True,377.6953660569278
20260811_184731__rp1p25__vinf25__inc60__toff59132__Om90__om195,1.5235995865100123,0.09339058452032495,25.178065127064947,250.46049204413862,0.954460189768925,0.6215469897326416,26.461562033628624,218.18738497242026,True,340.58978668510053
20260811_184731__rp1p25__vinf25__inc60__toff59132__Om90__om210,1.523599685333967,0.09339056544211634,25.178064953263195,250.4605311667907,0.9095833536447375,0.7593254229448814,23.937447482406522,222.16695265239602,True,316.8536015036991
20260811_184731__rp1p25__vinf25__inc60__toff59132__Om90__om225,1.5235996918140922,0.09339055561582407,25.17806513991823,250.46053314859438,0.8805795231569772,0.9125970701187002,15.516949550913324,282.8893664680615,True,301.81982689502513
20260811_184731__rp1p25__vinf25__inc60__toff59132__Om90__om240,1.5236030262816653,0.0933904714268368,25.178061199108296,250.461270842687,1.5108017030796155,0.6400557615585657,46.79456740563946,21.536781375979604,True,678.2754386683287
20260811_184731__rp1p25__vinf25__inc60__toff59132__Om90__om255,1.5235934063111491,0.09339066673668847,25.178051816220986,250.45947771270363,5.64230525063821,0.7159314561922504,7.16197515188198,30.5935360208609,True,4895.305041865677
20260811_184731__rp1p25__vinf25__inc60__toff59132__Om90__om270,1.5236030374193983,0.09339045747824536,25.178060902258565,250.46127439764706,2.3823128914220937,0.2915195786642817,16.734891059141063,346.57976105172094,True,1343.0528216511343
20260811_184731__rp1p25__vinf25__inc60__toff59132__Om90__om285,1.5235948936130566,0.09339065924882539,25.17806027087633,250.45964181277947,1.7637820408254377,0.10663916101244512,21.77901737474232,313.16161988153965,True,855.5832361886254
20260811_184731__rp1p25__vinf25__inc60__toff59132__Om90__om30,1.5236000348471,0.09339056148413978,25.178064396425782,250.46059626941644,1.666152892316183,0.15964111855701757,25.55747396682593,292.6702327103647,True,785.5379470314191
20260811_184731__rp1p25__vinf25__inc60__toff59132__Om90__om300,1.5235948671301176,0.09339066217721277,25.178060592295267,250.45963120098475,1.521451028025144,0.09925455253140592,25.037737491022106,254.4861116843441,True,685.4595938917525
20260811_184731__rp1p25__vinf25__inc60__toff59132__Om90__om315,1.5235947819744498,0.09339067462962046,25.178060069371554,250.45959714638855,1.3981743192321674,0.14418700924764646,27.264262220072666,239.47712954977143,True,603.8608498424145
20260811_184731__rp1p25__vinf25__inc60__toff59132__Om90__om330,1.523594876061087,0.0933906638389638,25.178060150581445,250.45963493449943,1.3460144567897703,0.17630969987419304,28.56652980867412,240.4254435486684,True,570.3868164743775
20260811_184731__rp1p25__vinf25__inc60__toff59132__Om90__om345,1.5235963541945683,0.09339065353602417,25.178068611544116,250.45979508077886,1.352766417806947,0.1895800354110787,28.881693444384613,247.97117745791837,True,574.6840086707585
20260811_184731__rp1p25__vinf25__inc60__toff59132__Om90__om45,1.5235919252007053,0.09339066072328546,25.178032310462818,250.45944861803224,1.7989484038061758,0.16222130711770047,24.016528620552556,309.57906028459445,True,881.2983426981903
20260811_184731__rp1p25__vinf25__inc60__toff59132__Om90__om60,1.5235932502404206,0.09339068452439579,25.178051882153834,250.4594150407167,1.883841277778329,0.16636839521859786,22.829124157276194,318.03147194639416,True,944.4116926680899
20260811_184731__rp1p25__vinf25__inc60__toff59132__Om90__om75,1.5236030673894378,0.09339045147494497,25.178061464173094,250.46128630451017,1.8914302843372972,0.15440581630760405,22.15332675920274,319.7443890101529,True,950.1242438864649
20260811_184731__rp1p25__vinf25__inc60__toff59132__Om90__om90,1.5236097132515833,0.09339027077020295,25.1780533910345,250.46275135014483,1.8215941074462694,0.12762040222421117,22.022180594951426,313.1053291581719,True,897.9916770007579
20260811_184731__rp1p25__vinf25__inc90__toff59132__Om0__om0,1.5235996616842886,0.09339058331877058,25.178065107917316,250.4605139443122,1.4418115931991387,0.13358805544946833,24.16540280694403,183.6042552866042,True,632.3502028313447
20260811_184731__rp1p25__vinf25__inc90__toff59132__Om0__om105,1.5235988755467627,0.09339298407271565,25.178064719089836,250.46070707907455,1.6372906601660924,0.06334679834344809,19.30447326633203,314.758242237917,True,765.2151662334367
20260811_184731__rp1p25__vinf25__inc90__toff59132__Om0__om120,1.5235994636936323,0.09338815845104116,25.178059034041073,250.4602494201181,1.7456309716209595,0.10129874004602929,20.17847569011242,334.8191296965989,True,842.4100714453281
20260811_184731__rp1p25__vinf25__inc90__toff59132__Om0__om135,1.5235973439608914,0.09339299791537238,25.178056029949726,250.46052527496096,1.8281118515335129,0.130156934692019,21.272897040175668,341.9521369426996,True,902.8155663625105
20260811_184731__rp1p25__vinf25__inc90__toff59132__Om0__om15,1.5235996401771066,0.09339059140293463,25.17806465102451,250.46050565978757,1.349585725879165,0.16915797298740456,23.666794829814833,201.6673039830944,True,572.6583619474131
20260811_184731__rp1p25__vinf25__inc90__toff59132__Om0__om150,1.5235977241580965,0.09338813684940936,25.178048510973582,250.46009110312139,1.8710052342493293,0.1402712425631862,22.412663490720806,346.00024191432726,True,934.7756610193245
20260811_184731__rp1p25__vinf25__inc90__toff59132__Om0__om165,1.5235997103854233,0.09339057304309195,25.178065132203816,250.46053317316415,1.8706493068257353,0.134371110403549,23.53241787949683,349.8597111103063,True,934.5089355744908
20260811_184731__rp1p25__vinf25__inc90__toff59132__Om0__om180,1.523599746911277,0.09339056533633976,25.178065150418718,250.46054759480606,1.8339181155942483,0.11566253170159133,24.56599808002589,354.5473869429323,True,907.1201270797918
20260811_184731__rp1p25__vinf25__inc90__toff59132__Om0__om195,1.5235997644633585,0.09339056074638508,25.178065270713553,250.46055447315342,1.7670690837190122,0.08334534998224961,25.463895192125282,359.0143109153685,True,857.9760902515876
20260811_184731__rp1p25__vinf25__inc90__toff59132__Om0__om210,1.5235998138753473,0.09339055120730899,25.178065183812695,250.4605740344896,1.6848739352270325,0.0401855205878547,26.18350656399921,6.692826303110686,True,798.8146298447296
20260811_184731__rp1p25__vinf25__inc90__toff59132__Om0__om225,1.5235997834371329,0.09339055762959328,25.178065168633605,250.46056201645064,1.5969128181126377,0.010049601139590091,26.607167775938226,157.488833901483,True,737.0835225638972
20260811_184731__rp1p25__vinf25__inc90__toff59132__Om0__om240,1.5235997949015725,0.09339055432409821,25.178065285892615,250.4605664911914,1.5160465462413437,0.05557049342281237,26.51266158026614,180.5456017051268,True,681.8105160858312
20260811_184731__rp1p25__vinf25__inc90__toff59132__Om0__om255,1.5235996495090056,0.09339058588769192,25.178065101845696,250.46050913709968,1.4646403361923928,0.08443874661368611,25.668010572249365,180.58496755287933,True,647.4278511117922
20260811_184731__rp1p25__vinf25__inc90__toff59132__Om0__om270,1.5235976754570875,0.09338814712546681,25.178048486686606,250.46007187385936,1.487813396636674,0.06842355573046154,24.30690078238097,127.57073204699094,True,662.853554757259
20260811_184731__rp1p25__vinf25__inc90__toff59132__Om0__om285,1.5235972945490626,0.09339300745454825,25.17805611685045,250.46050571417237,1.724430336191061,0.3486267148471392,28.449820631373967,179.05542147980856,True,827.1101947806231
20260811_184731__rp1p25__vinf25__inc90__toff59132__Om0__om30,1.5235937501602512,0.09339058983708393,25.178030905474802,250.45987129908673,1.302104929645745,0.18754798249994117,22.557510245788542,208.80117114507334,True,542.705055222613
20260811_184731__rp1p25__vinf25__inc90__toff59132__Om0__om300,1.5235976713573813,0.09339300527808006,25.17805828608641,250.46054876155057,2.0680272525130103,0.25494724333745805,21.22060256102024,76.17270179999562,True,1086.248722607041
20260811_184731__rp1p25__vinf25__inc90__toff59132__Om0__om315,1.5235980732273875,0.0933929987004939,25.178060356287126,250.46060175562803,1.9968898023918265,0.2618190279283385,22.5694453909143,82.81085491774691,True,1030.6852027962882
20260811_184731__rp1p25__vinf25__inc90__toff59132__Om0__om330,1.5236007629758233,0.0933881143000171,25.178065876981787,250.46044512949163,1.768016754162253,0.1734685549199431,23.35729678480071,104.75994920654847,True,858.6663753049554
20260811_184731__rp1p25__vinf25__inc90__toff59132__Om0__om345,1.5235996846131636,0.09339057670776924,25.17806534243534,250.4605228937878,1.5799367435143907,0.12145680697699575,23.973155043205825,143.57823859484873,True,725.3614005772653
20260811_184731__rp1p25__vinf25__inc90__toff59132__Om0__om45,1.5235998138753473,0.09339055120730899,25.178065183812695,250.4605740344896,1.3032056341349227,0.18095470166058228,21.03203955437627,213.03057660325123,True,543.393345505399
20260811_184731__rp1p25__vinf25__inc90__toff59132__Om0__om60,1.5235997984558027,0.09339055800700251,25.178064729955697,250.4605681535644,1.3442412284895566,0.14797791186061118,19.84920565921332,213.9670617478069,True,569.2600534715463
20260811_184731__rp1p25__vinf25__inc90__toff59132__Om0__om75,1.5235967324451831,0.09339058274840367,25.178047796559685,250.46020319962483,1.418780079629759,0.09702893387984089,19.015224347949538,222.50346634160886,True,617.2591202682038
20260811_184731__rp1p25__vinf25__inc90__toff59132__Om0__om90,1.5236006154505308,0.09338814365407068,25.178066026497007,250.46038677646868,1.521972359468528,0.05293142482716087,18.854530532526486,255.885760901659,True,685.8119373879963
20260811_184731__rp1p25__vinf25__inc90__toff59132__Om180__om0,1.523599746911277,0.09339056533633976,25.178065150418718,250.46054759480606,1.6405067653499286,0.0643019225946162,23.648535587927682,342.78279814975656,True,767.4709238638058
20260811_184731__rp1p25__vinf25__inc90__toff59132__Om180__om105,1.5235988024951388,0.09339299948609611,25.17806468266003,250.4606782365218,1.6697056418889025,0.08411231220570053,20.844711973539667,69.96609145769348,True,788.0517980813528
20260811_184731__rp1p25__vinf25__inc90__toff59132__Om180__om120,1.5235976722459363,0.09339300619880209,25.17805814710206,250.4605491771331,1.6929318783871856,0.0825949032241836,20.900982264064805,107.96976068900703,True,804.5519962961183
20260811_184731__rp1p25__vinf25__inc90__toff59132__Om180__om135,1.5235973196103987,0.09339300305324716,25.178056017806355,250.46051566079942,1.6055506758201914,0.09114338950652034,20.072816486815263,159.08716468711688,True,743.0720378350903
20260811_184731__rp1p25__vinf25__inc90__toff59132__Om180__om15,1.5235997680175888,0.09339056442928867,25.178064714776635,250.46055613552676,1.6284036479978075,0.060189844970767195,22.908603524036323,328.811317425202,True,758.9933875446392
20260811_184731__rp1p25__vinf25__inc90__toff59132__Om180__om150,1.523597748508602,0.09338813171138449,25.178048523117095,250.46010071775407,1.5019826020103884,0.1396863031651402,19.66848560803687,183.09680751830925,True,672.3451021474674
20260811_184731__rp1p25__vinf25__inc90__toff59132__Om180__om165,1.5235996860348555,0.09339057818093002,25.178065120060584,250.46052355873752,1.4299856587335356,0.18143854515724864,20.278429282583456,185.21144408319356,True,624.5862443821302
20260811_184731__rp1p25__vinf25__inc90__toff59132__Om180__om180,1.5235996616842886,0.09339058331877058,25.178065107917316,250.4605139443122,1.3912616358655077,0.20280075080291912,21.763185312862024,180.43728433646322,True,599.388086660538
20260811_184731__rp1p25__vinf25__inc90__toff59132__Om180__om195,1.5235996366228768,0.09339058772003368,25.178065206961456,250.4605039974128,1.3781932701400619,0.20439400280516026,23.623469394796487,174.55115124164672,True,590.9627128266638
20260811_184731__rp1p25__vinf25__inc90__toff59132__Om180__om210,1.523599781915222,0.0933905579507076,25.178065167874667,250.46056141554874,1.3856194856297033,0.19173819802908854,25.352853026615495,168.55980555239773,True,595.7456302022166
20260811_184731__rp1p25__vinf25__inc90__toff59132__Om180__om225,1.5235998138753473,0.09339055120730899,25.178065183812695,250.4605740344896,1.408681814890199,0.16652274179982218,26.679293906527533,162.75795305439365,True,610.6807842206215
20260811_184731__rp1p25__vinf25__inc90__toff59132__Om180__om240,1.5235997949015725,0.09339055432409821,25.178065285892615,250.4605664911914,1.4451632823966478,0.13380633640088518,27.441696112766245,152.78115887445824,True,634.5564612047399
20260811_184731__rp1p25__vinf25__inc90__toff59132__Om180__om255,1.523599746911277,0.09339056533633976,25.178065150418718,250.46054759480606,1.486420878556077,0.09566252477425845,27.744241592705915,144.7044778653883,True,661.9231764421532
20260811_184731__rp1p25__vinf25__inc90__toff59132__Om180__om270,1.5235976024055813,0.0933881625395722,25.178048450256167,250.46004302997494,1.5288069535618438,0.06364223870897447,27.616465530540445,126.65159061229244,True,690.4366972382585
20260811_184731__rp1p25__vinf25__inc90__toff59132__Om180__om285,1.5235973676005419,0.09339299204092355,25.178056153280625,250.46053455665722,1.5682683627806775,0.042976225850018326,27.197676729890333,92.23003568512901,True,717.340687033543
20260811_184731__rp1p25__vinf25__inc90__toff59132__Om180__om30,1.5235937821201238,0.09339058309325797,25.178030921413463,250.45988391790866,1.6093480291543147,0.05215723106999526,22.222151966648976,309.0569900041082,True,745.7098009085878
20260811_184731__rp1p25__vinf25__inc90__toff59132__Om180__om300,1.5235994628050749,0.09338815753032235,25.178059173025346,250.4602490045085,1.6013863460601243,0.04291490129203506,26.59952155901238,49.831093458343794,True,740.1829453055709
20260811_184731__rp1p25__vinf25__inc90__toff59132__Om180__om315,1.5235980975779044,0.09339299356265973,25.178060368430433,250.46061136980092,1.6253551414381826,0.052759931147723024,25.902310203491627,23.39581072883735,True,756.8630376027578
20260811_184731__rp1p25__vinf25__inc90__toff59132__Om180__om330,1.5236007386252213,0.09338811943787934,25.178065864838526,250.46043551481353,1.639835467872138,0.06116714877888915,25.163342241314286,7.334127958100013,True,766.9998969249098
20260811_184731__rp1p25__vinf25__inc90__toff59132__Om180__om345,1.5235997089637312,0.09339057156993097,25.178065354578585,250.46053250821456,1.644635514136761,0.06492537479197331,24.40500997768935,354.92471255941985,True,770.3700470939049
20260811_184731__rp1p25__vinf25__inc90__toff59132__Om180__om45,1.5235997834371329,0.09339055762959328,25.178065168633605,250.46056201645064,1.586960444125118,0.04756137429714124,21.655284015112546,285.0298029910071,True,730.2037267318827
20260811_184731__rp1p25__vinf25__inc90__toff59132__Om180__om60,1.5235997984558027,0.09339055800700251,25.178064729955697,250.4605681535644,1.5665052082389674,0.043264405778833455,21.307764121764823,260.4381385363939,True,716.1313019261304
20260811_184731__rp1p25__vinf25__inc90__toff59132__Om180__om75,1.5235966350432972,0.0933906033004062,25.17804774798569,250.46016474210023,1.5612132650226245,0.03009144107910544,21.257924215982438,241.0935213578694,True,712.5055331485889
20260811_184731__rp1p25__vinf25__inc90__toff59132__Om180__om90,1.5236006885023259,0.0933881282404525,25.17806606292672,250.46041562048975,1.593104100807606,0.010135845050535504,21.218172554701226,95.70967826869287,True,734.4481236650573
20260811_184731__rp1p25__vinf25__inc90__toff59132__Om270__om0,1.5235963276533209,0.09339068310116314,25.178069023021006,250.45978911656184,1.051133376165079,0.5725528771432311,12.724059801253615,202.53898686804385,True,393.62405565856767
20260811_184731__rp1p25__vinf25__inc90__toff59132__Om270__om105,1.5235963276533209,0.09339068310116314,25.178069023021006,250.45978911656184,1.4180777633479322,0.16439212371183953,23.23292812544534,256.521454216354,True,616.8008489509724
20260811_184731__rp1p25__vinf25__inc90__toff59132__Om270__om120,1.5235951974050534,0.09339068981834604,25.17806248740247,250.45966005116017,1.4014478911897588,0.19055192693913214,22.686885582737276,253.54814441750233,True,605.9828369243261
20260811_184731__rp1p25__vinf25__inc90__toff59132__Om270__om135,1.5235948156692047,0.0933906850820642,25.178060141971713,250.45961448127747,1.4138221973876546,0.20524830243972417,23.143583292458686,250.28747628073017,True,614.0264597024344
20260811_184731__rp1p25__vinf25__inc90__toff59132__Om270__om15,1.523599645421415,0.09339059452877839,25.17806459875971,250.460519620191,1.1439519925682262,0.584688991175708,23.199006037861206,208.64514485789547,True,446.89612711261105
20260811_184731__rp1p25__vinf25__inc90__toff59132__Om270__om150,1.523593311768885,0.0933906990522756,25.178051891381998,250.45944405677557,1.4551410675560945,0.20449295785381924,24.498392773764994,248.22488933670803,True,641.1395069788153
20260811_184731__rp1p25__vinf25__inc90__toff59132__Om270__om165,1.5235963229031806,0.09339067637104304,25.1780688190491,250.4597866792031,1.5165662585697142,0.1918460304923214,26.31424863956271,249.08770747265783,True,682.1611409047432
20260811_184731__rp1p25__vinf25__inc90__toff59132__Om270__om180,1.5236029598857435,0.0933905034411636,25.178061166023554,250.46124868395654,1.5793725184613214,0.17361157144572953,28.01530071550147,252.38264179994192,True,724.9728750223635
20260811_184731__rp1p25__vinf25__inc90__toff59132__Om270__om195,1.5235996383045647,0.09339058579824516,25.178065001717844,250.4605161298308,1.6197693449144073,0.15538016519662423,29.220462228409584,255.06107263203197,True,752.964767814764
20260811_184731__rp1p25__vinf25__inc90__toff59132__Om270__om210,1.5236000536784384,0.09339057551648312,25.178064405842562,250.4606077614492,1.625824123250525,0.14176676577823707,29.762258687707927,254.35188185634686,True,757.1906404080473
20260811_184731__rp1p25__vinf25__inc90__toff59132__Om270__om225,1.5235979851146872,0.09339063734027288,25.178067033260064,250.46015370326433,1.5742639993578285,0.13506124027981753,29.594301273829263,243.85399589607925,True,721.4583070601155
20260811_184731__rp1p25__vinf25__inc90__toff59132__Om270__om240,1.523596322192338,0.0933906756344691,25.178068930236453,250.45978634672377,1.4967172078210653,0.14733283820027043,28.95571185495213,229.23160541714336,True,668.8127134730406
20260811_184731__rp1p25__vinf25__inc90__toff59132__Om270__om255,1.5236029551355612,0.09339049671093293,25.178060962052065,250.46124624668613,1.4074268620920263,0.18116576109895094,28.006208292182812,216.1915089503425,True,609.8649099328401
20260811_184731__rp1p25__vinf25__inc90__toff59132__Om270__om270,1.5236065715028018,0.0933903330045106,25.178035974189168,250.46236075885042,1.3273730235013996,0.22757018606821675,26.889219428275013,207.37598963941497,True,558.578702683531
20260811_184731__rp1p25__vinf25__inc90__toff59132__Om270__om285,1.5235948149583636,0.0933906843454957,25.178060253159135,250.45961414879554,1.2594671122504502,0.26915619520830497,25.52003949921681,201.60895169746166,True,516.2679200098171
20260811_184731__rp1p25__vinf25__inc90__toff59132__Om270__om30,1.5235936108238335,0.09339062347031457,25.17803078110479,250.45982817434827,1.4377200236758116,0.3610164731672248,32.26265547355604,234.44827584075298,True,629.6603905154898
20260811_184731__rp1p25__vinf25__inc90__toff59132__Om270__om300,1.5236084562581582,0.09339032287906557,25.178046708811312,250.46257633803953,1.2260620666804443,0.3119108972830467,23.905369810271043,196.22230945734412,True,495.86513814517224
20260811_184731__rp1p25__vinf25__inc90__toff59132__Om270__om315,1.5235955740356764,0.09339068745638357,25.17806468446436,250.4597030174851,1.1876045512994673,0.34851148431850965,21.742681187372416,194.4288983653685,True,472.71857986420036
20260811_184731__rp1p25__vinf25__inc90__toff59132__Om270__om330,1.5235963214814952,0.09339067489789514,25.178069041423797,250.45978601424446,1.1487934810246048,0.3981336303810483,18.64293173299667,194.00871232060433,True,449.73618960246864
20260811_184731__rp1p25__vinf25__inc90__toff59132__Om270__om345,1.5236029560889544,0.09339049860287478,25.17806128641265,250.46124680038048,1.0950849127680193,0.4704367951589479,14.847657042401087,197.9597067875571,True,418.5685424370819
20260811_184731__rp1p25__vinf25__inc90__toff59132__Om270__om45,1.5235996390154105,0.09339058653482551,25.178064890530457,250.4605164623056,1.5795310088464865,0.19954495370592898,31.098793484719653,254.98438480980107,True,725.0820045450658
20260811_184731__rp1p25__vinf25__inc90__toff59132__Om270__om60,1.5236029627291394,0.09339050638751056,25.178060721273866,250.46125001383814,1.565250958768331,0.13359342194096316,28.427655332504713,260.18320672330697,True,715.2713997505838
20260811_184731__rp1p25__vinf25__inc90__toff59132__Om270__om75,1.5235933155656258,0.09339070389044091,25.178051770992496,250.45944594044437,1.513918491294483,0.12031930089918222,26.21573939783784,257.84160704919987,True,680.3754470607549
20260811_184731__rp1p25__vinf25__inc90__toff59132__Om270__om90,1.523602949917075,0.09339049039947094,25.178061304816012,250.46124369816874,1.4596649994642157,0.1362632848742065,24.490655561077997,257.1450309491475,True,644.1317165095077
20260811_184731__rp1p25__vinf25__inc90__toff59132__Om90__om0,1.5236029598857435,0.0933905034411636,25.178061166023554,250.46124868395654,1.4017939250354698,0.20418865247760687,27.59516629845761,253.73527422911604,True,606.2072871333321
20260811_184731__rp1p25__vinf25__inc90__toff59132__Om90__om105,1.5235963229031806,0.09339067637104304,25.1780688190491,250.4597866792031,1.544435103718827,0.1292223573471392,21.22213956922715,235.86716710029611,True,701.0506376442579
20260811_184731__rp1p25__vinf25__inc90__toff59132__Om90__om120,1.5236084571467257,0.09339032379980973,25.178046569826883,250.46257675361906,1.4559226233405498,0.15276521024507406,22.1251760854153,216.97311268808957,True,641.6561100547585
20260811_184731__rp1p25__vinf25__inc90__toff59132__Om90__om135,1.5235948204193357,0.09339069181216347,25.178060345943134,250.45961691865668,1.3692002164341746,0.1942939021144249,23.215642851812664,204.75274028904354,True,585.1878911389924
20260811_184731__rp1p25__vinf25__inc90__toff59132__Om90__om15,1.523599641858794,0.09339058948114683,25.17806444578092,250.4605177922051,1.442580638448411,0.20510178252183717,26.544540768895004,258.3276535091458,True,632.856202467515
20260811_184731__rp1p25__vinf25__inc90__toff59132__Om90__om150,1.5235933070187635,0.09339069232219714,25.17805168741102,250.4594416193758,1.298773728166011,0.24047128101461135,24.523573414745908,198.33185142526284,True,540.6237677504263
20260811_184731__rp1p25__vinf25__inc90__toff59132__Om90__om165,1.5236029575106522,0.09339050007604817,25.178061064037816,250.4612474653214,1.249535137872492,0.2830891604089977,25.852049395434754,195.65376235634537,True,510.17315471479077
20260811_184731__rp1p25__vinf25__inc90__toff59132__Om90__om180,1.5235963276533209,0.09339068310116314,25.178069023021006,250.45978911656184,1.2056045342561093,0.3228873905762066,27.74453968156769,192.89032710754276,True,483.50637139308395
20260811_184731__rp1p25__vinf25__inc90__toff59132__Om90__om195,1.5235996418671853,0.09339059084587661,25.178065154696615,250.46051795781693,1.1743712283823668,0.37220758485575717,30.16302689261774,192.59137424458447,True,464.8394689205237
20260811_184731__rp1p25__vinf25__inc90__toff59132__Om90__om210,1.523599642578031,0.09339059158245698,25.178065043509243,250.4605182902917,1.1218179576696967,0.4343995832170155,33.42190057614924,194.17883264054902,True,433.9887522471177
20260811_184731__rp1p25__vinf25__inc90__toff59132__Om90__om225,1.5235996390154105,0.09339058653482551,25.178064890530457,250.4605164623056,1.0702119881282062,0.5282300017224371,36.245120668007715,198.5899793801538,True,404.38925694369846
20260811_184731__rp1p25__vinf25__inc90__toff59132__Om90__om240,1.5236029591748943,0.09339050270457684,25.17806127721097,250.46124835148612,1.0859707334279454,0.6015895221253292,31.53978823182298,207.47114562525186,True,413.3539330685495
20260811_184731__rp1p25__vinf25__inc90__toff59132__Om90__om255,1.5235963300283915,0.0933906864662232,25.17806912500694,250.45979033524122,1.3314637044617064,0.4486205460989976,19.15853474515296,226.2530161037365,True,561.162821954286
20260811_184731__rp1p25__vinf25__inc90__toff59132__Om90__om270,1.5235999368698594,0.09339050927360919,25.17804372873435,250.46089996790187,1.5587691028850061,0.23918696370418532,18.241838791915505,245.6660888206244,True,710.8329904086839
20260811_184731__rp1p25__vinf25__inc90__toff59132__Om90__om285,1.5235948197084943,0.09339069107559497,25.178060457130556,250.4596165861748,1.5805390195805953,0.14626715108906257,21.189918745655927,250.42804488555953,True,725.776204629253
20260811_184731__rp1p25__vinf25__inc90__toff59132__Om90__om30,1.5235940219234927,0.09339060740147763,25.178030143477685,250.45991764540923,1.5077744666263464,0.1930515802500417,24.9431971758003,263.6110831106047,True,676.2378404633312
20260811_184731__rp1p25__vinf25__inc90__toff59132__Om90__om300,1.5235951965165013,0.09339068889763373,25.17806262638673,250.45965963555864,1.5291135576023915,0.1211763434688374,23.871897219368208,245.8162044698713,True,690.6444094945101
20260811_184731__rp1p25__vinf25__inc90__toff59132__Om90__om315,1.5235955692855407,0.09339068072627388,25.178064480492687,250.45970058011613,1.4678381810284329,0.13334250112019913,25.877274832252834,244.07454446525645,True,649.5493652923029
20260811_184731__rp1p25__vinf25__inc90__toff59132__Om90__om330,1.5235963262316354,0.09339068162801521,25.178069245395704,250.45978845160334,1.4182321505853075,0.1605351047845167,27.234490816111798,246.09243174394277,True,616.9015790801639
20260811_184731__rp1p25__vinf25__inc90__toff59132__Om90__om345,1.5235963214814952,0.09339067489789514,25.178069041423797,250.45978601424446,1.3943483486681731,0.18865535270849138,27.852750951988394,249.81520511240745,True,601.3839348749027
20260811_184731__rp1p25__vinf25__inc90__toff59132__Om90__om45,1.5235979851146872,0.09339063734027288,25.178067033260064,250.46015370326433,1.5793281213456631,0.17464081030145637,23.206123600459282,268.8893453160697,True,724.9423060989393
20260811_184731__rp1p25__vinf25__inc90__toff59132__Om90__om60,1.5235963257465521,0.09339067931733891,25.178068374299688,250.45978800912013,1.632920731849392,0.15604737857129106,21.722421625477576,271.1816284913272,True,762.1536726907299
20260811_184731__rp1p25__vinf25__inc90__toff59132__Om90__om75,1.523599940666633,0.09339051411185503,25.17804360834453,250.46090185150928,1.6460238618750869,0.14012071936482384,20.725392189940845,267.08439960952245,True,771.3457348888377
20260811_184731__rp1p25__vinf25__inc90__toff59132__Om90__om90,1.5236095845562059,0.09339031415372546,25.17805354996595,250.46270448943267,1.6147774469257727,0.12752198575921594,20.721371681813423,255.41174480747227,True,749.4866560666396
20260811_184731__rp1p25__vinf25__incm30__toff59132__Om0__om0,1.5236029241287925,0.09339048524725749,25.17806094656357,250.46122994748208,1.5031646147303017,0.10226551307347968,27.32002474802007,173.5864964300737,True,673.1389297154103
20260811_184731__rp1p25__vinf25__incm30__toff59132__Om0__om105,1.523598075733613,0.09339299064106638,25.178060398061724,250.4606110251567,1.6576882504209267,0.08104270393162234,31.26663854885674,307.22064703459534,True,779.5593434848388
20260811_184731__rp1p25__vinf25__incm30__toff59132__Om0__om120,1.5235998262544057,0.09338814138014043,25.17805836632717,250.46032774305144,1.7958725863241671,0.12062112681438147,30.487825358965893,334.687087150575,True,879.039061252239
20260811_184731__rp1p25__vinf25__incm30__toff59132__Om0__om135,1.5235976651954055,0.09339298507253994,25.178058026504633,250.4605535996589,1.9008386133060096,0.15340157609888425,29.50904314406758,346.69909666960297,True,957.2221965497112
20260811_184731__rp1p25__vinf25__incm30__toff59132__Om0__om15,1.5235962722964147,0.09339067677606606,25.17806899538951,250.4597632028897,1.3650262533703987,0.15714775336957462,27.211540478534285,196.90822345682164,True,582.514041665506
20260811_184731__rp1p25__vinf25__incm30__toff59132__Om0__om150,1.5235991810336456,0.09338812378754356,25.178056672390166,250.46025113363143,1.9478070425670477,0.1646729215537282,28.46286777047422,353.1611683948592,True,992.9189285514527
20260811_184731__rp1p25__vinf25__incm30__toff59132__Om0__om165,1.5235948395354668,0.09339067154610746,25.178060132366447,250.4596205129775,1.9392690951150642,0.1513485456459384,27.407442410129587,359.4810969714129,True,986.3976002021896
20260811_184731__rp1p25__vinf25__incm30__toff59132__Om0__om180,1.523594876061087,0.0933906638389638,25.178060150581445,250.45963493449943,1.8765621601725202,0.12778021777639664,26.416793809197934,359.3126879089634,True,938.9432074507438
20260811_184731__rp1p25__vinf25__incm30__toff59132__Om0__om195,1.5235933809231907,0.09339066049519697,25.178051501156972,250.45946684586002,1.7875519148119006,0.08723372526750277,25.54870272871213,4.422974214478982,True,872.9369719034025
20260811_184731__rp1p25__vinf25__incm30__toff59132__Om0__om210,1.5235934343740478,0.09339065694893563,25.178051729414804,250.4594885119152,1.6835068351092788,0.03708072308709207,24.900593543752393,10.42692666238666,True,797.8425944907661
20260811_184731__rp1p25__vinf25__incm30__toff59132__Om0__om225,1.5236066622498008,0.09339029585318165,25.178036019418354,250.46239253245,1.5776320431737523,0.020058805938319376,24.61702304143278,164.60162150168176,True,723.7748204139798
20260811_184731__rp1p25__vinf25__incm30__toff59132__Om0__om240,1.523603057589191,0.09339045740888861,25.17806156008716,250.4612827159007,1.4816467952726142,0.07617196069041354,24.985093842038708,177.37233481378587,True,658.7367932895027
20260811_184731__rp1p25__vinf25__incm30__toff59132__Om0__om255,1.5235962844716435,0.09339067420705419,25.178069001461104,250.4597680100731,1.4109908436719532,0.11283122389705026,26.385488297215115,176.01326897430582,True,612.1828876386971
20260811_184731__rp1p25__vinf25__incm30__toff59132__Om0__om270,1.5235958221583854,0.0933882323174491,25.17806083151211,250.45950515037322,1.4267643987101644,0.09515106910083289,28.66652075955036,144.80647340407214,True,622.4769702047599
20260811_184731__rp1p25__vinf25__incm30__toff59132__Om0__om285,1.52359724681131,0.0933930076200035,25.178056138938743,250.46049497981326,1.6316701162110319,0.16338712635577657,33.06424428576938,149.67578900104033,True,761.2782669600225
20260811_184731__rp1p25__vinf25__incm30__toff59132__Om0__om30,1.5235964154555897,0.09339064479594342,25.17806928986446,250.4598196232524,1.2906352281230336,0.19731183195930707,28.19981404434379,200.79604300176973,True,535.5501742558826
20260811_184731__rp1p25__vinf25__incm30__toff59132__Om0__om300,1.5235975258549033,0.09339300093999665,25.178057612886587,250.4605254374073,2.1537815617454505,0.2957560092866297,33.12973107929638,72.14714406017833,True,1154.5091370889468
20260811_184731__rp1p25__vinf25__incm30__toff59132__Om0__om315,1.5235972716342978,0.09339300274571712,25.178055958804514,250.46050478801683,2.2315507680115365,0.3609786236405103,31.926599002165798,89.5527189406815,True,1217.601150077934
20260811_184731__rp1p25__vinf25__incm30__toff59132__Om0__om330,1.523600710487847,0.09338810773520269,25.178065695099516,250.4604319572103,1.9648052686801822,0.22773119804633046,30.377342020647408,98.21629241032461,True,1005.94483103514
20260811_184731__rp1p25__vinf25__incm30__toff59132__Om0__om345,1.5236014398207218,0.09339048733581697,25.178052504157098,250.46106669887996,1.7021333889992352,0.121245137598839,28.581882958762392,119.75431343958171,True,811.120314978885
20260811_184731__rp1p25__vinf25__incm30__toff59132__Om0__om45,1.5235934329523677,0.0933906554758087,25.178051951789776,250.45948784694647,1.2691228325222919,0.2034400880866747,29.487153158101652,202.2344024317374,True,522.2162460988512
20260811_184731__rp1p25__vinf25__incm30__toff59132__Om0__om60,1.5235964305744114,0.09339064337896234,25.178069074320298,250.4598256962959,1.3043261835300686,0.17717622671410285,30.894996289816877,207.63403854976696,True,544.0943438041328
20260811_184731__rp1p25__vinf25__incm30__toff59132__Om0__om75,1.5236015044940647,0.09339047932972502,25.178052414126217,250.4610926186251,1.388780442743754,0.12643248062692689,31.55816920048222,218.32821489517252,True,597.7853676348165
20260811_184731__rp1p25__vinf25__incm30__toff59132__Om0__om90,1.52359725420889,0.09338823681117316,25.17806980572573,250.45964751526185,1.5125822154495463,0.0779599518073249,31.680776550815555,251.43586356097973,True,679.4748352089496
20260811_184731__rp1p25__vinf25__incm30__toff59132__Om180__om0,1.5235963818734846,0.09339065365498267,25.178069050033923,250.45980646755038,1.8717957937883043,0.12358010908662345,24.984672517932765,338.7954046775905,True,935.3681825090581
20260811_184731__rp1p25__vinf25__incm30__toff59132__Om180__om105,1.523598001494528,0.09339300437203217,25.178060310638855,250.46058157333098,-0.7308297287226797,4.148802657447409,16.257250757597387,325.15495573413085,False,
20260811_184731__rp1p25__vinf25__incm30__toff59132__Om180__om120,1.5235976210344218,0.09339300140868043,25.178058002313676,250.46053665639965,-0.5905176200591981,3.3232587950117525,15.910680906571551,302.6833339199422,False,
20260811_184731__rp1p25__vinf25__incm30__toff59132__Om180__om135,1.5235976473763566,0.09339299946438268,25.178058294821906,250.460547336702,-0.5898520553079417,4.867455956370958,11.965524600070497,291.64114504055186,False,
20260811_184731__rp1p25__vinf25__incm30__toff59132__Om180__om15,1.5235963953861913,0.09339064307135195,25.178068855169407,250.45981124097136,1.689940268196532,0.05731675595067353,25.0091592045846,321.01473124185014,True,802.4203313897517
20260811_184731__rp1p25__vinf25__incm30__toff59132__Om180__om150,1.523599205384198,0.09338811864959694,25.178056684533566,250.46026074828652,-0.8032812810780402,3.440617917182198,13.29837195462052,15.82431916077415,False,
20260811_184731__rp1p25__vinf25__incm30__toff59132__Om180__om165,1.523601442664112,0.09339049028214154,25.178052059407147,250.4610680287729,9.097522691565322,0.7724663527760849,22.27431907613866,15.731729355043681,True,10022.581895264693
20260811_184731__rp1p25__vinf25__incm30__toff59132__Om180__om180,1.5236014183134892,0.09339049541988974,25.17805204726373,250.46105841431364,2.009783628275792,0.15519761282580036,24.46331967092193,12.000755315895553,True,1040.6839304800974
20260811_184731__rp1p25__vinf25__incm30__toff59132__Om180__om195,1.5235932578339013,0.09339069420072317,25.178051641374864,250.45941880805765,1.4497024720495357,0.11883979853119822,24.780060003850053,240.21642109862876,True,637.5484754154257
20260811_184731__rp1p25__vinf25__incm30__toff59132__Om180__om210,1.5235934024141897,0.09339066369278373,25.178051713476556,250.45947589310896,1.2426817467870535,0.23129938016839824,24.71498271527739,228.87365169712476,True,505.98165492167686
20260811_184731__rp1p25__vinf25__incm30__toff59132__Om180__om225,1.5235934329523677,0.0933906554758087,25.178051951789776,250.45948784694647,1.1883577064785438,0.2674739389221307,24.471745561692313,225.8078510529242,True,473.1683342296234
20260811_184731__rp1p25__vinf25__incm30__toff59132__Om180__om240,1.5235964277310399,0.09339064043266486,25.178069519069712,250.45982436637945,1.2346170788951927,0.24834752143478933,24.306333827350112,225.76719028074803,True,501.0641291147992
20260811_184731__rp1p25__vinf25__incm30__toff59132__Om180__om255,1.5236030117312367,0.09339047063054981,25.178061091050903,250.4612648168094,1.3548436661042864,0.19604838878489864,24.198047995478262,235.83729544484103,True,576.0082057206492
20260811_184731__rp1p25__vinf25__incm30__toff59132__Om180__om270,1.523595749107057,0.09338824773184813,25.17806079508215,250.45947630659364,1.5490468188951731,0.14493774697838788,24.237462282541713,262.9148225530472,True,704.1930080904873
20260811_184731__rp1p25__vinf25__incm30__toff59132__Om180__om285,1.5235973210503213,0.0933929938889127,25.178056226361726,250.46052443160778,1.7902827017059098,0.1531136541983015,24.36800944929655,301.60449630629535,True,874.9380732476595
20260811_184731__rp1p25__vinf25__incm30__toff59132__Om180__om30,1.5235964474155739,0.09339063805230853,25.17806930580241,250.45983224211838,1.5056944295046657,0.061299512177749337,24.973897159925944,227.4889224414094,True,674.8389761618577
20260811_184731__rp1p25__vinf25__incm30__toff59132__Om180__om300,1.5235997310748313,0.09338814091141967,25.17805797690013,250.46031652300928,2.0187390429089946,0.19439929150828564,24.410077502359712,325.4076314933166,True,1047.6474639688429
20260811_184731__rp1p25__vinf25__incm30__toff59132__Om180__om315,1.5235972894533378,0.0933929883538614,25.1780556904874,250.46051105096103,2.155060630081723,0.2266454816651502,24.70282590904169,331.43929351820213,True,1155.5377339490858
20260811_184731__rp1p25__vinf25__incm30__toff59132__Om180__om330,1.5236006861372464,0.09338811287306827,25.178065682956284,250.4604223425323,2.171719267460593,0.2248557942388556,24.83235694379087,338.4315961651887,True,1168.9620683414335
20260811_184731__rp1p25__vinf25__incm30__toff59132__Om180__om345,1.523594836692101,0.09339066859983337,25.178060577116113,250.4596191830497,2.0746540589028517,0.1938570074040873,24.946409956892644,337.76302740673106,True,1091.4740818337339
20260811_184731__rp1p25__vinf25__incm30__toff59132__Om180__om45,1.5236066622498008,0.09339029585318165,25.178036019418354,250.46239253245,1.3240965438179126,0.16102781604458968,24.80172158740233,211.08363730321543,True,556.5117909594977
20260811_184731__rp1p25__vinf25__incm30__toff59132__Om180__om60,1.5236030604325874,0.09339046035523699,25.178061115337524,250.46128404578195,1.1396316355804608,0.3010111868018685,24.16596043495078,213.8573420530653,True,444.3668338750646
20260811_184731__rp1p25__vinf25__incm30__toff59132__Om180__om75,1.5235947772377556,0.09339068291822315,25.17806032438297,250.45959581214925,0.9417046784943338,0.5008354157415944,22.28994870407524,222.33558774200395,True,333.78512945343726
20260811_184731__rp1p25__vinf25__incm30__toff59132__Om180__om90,1.5235973272603627,0.09338822139701715,25.178069842155292,250.45967635911003,0.8114531405466306,0.7271658754085303,14.961934755117486,234.419929876288,True,266.9869662245555
20260811_184731__rp1p25__vinf25__incm30__toff59132__Om270__om0,1.5235963209973322,0.0933906665000225,25.178069019675895,250.45978243162494,0.8765656295016943,0.6328392991515586,35.56766745875645,226.04621389157887,True,299.75852909112285
20260811_184731__rp1p25__vinf25__incm30__toff59132__Om270__om105,1.523595628611214,0.0933906583784105,25.17806465588368,250.45972053465923,1.673165981921621,0.0582565469696824,25.743519901674226,315.37637505861,True,790.5028344797771
20260811_184731__rp1p25__vinf25__incm30__toff59132__Om270__om120,1.5235953278090875,0.09339064440765181,25.178062538464903,250.45970748849018,1.3969489813941587,0.13107254971652502,27.136923188695395,230.5179708510525,True,603.0672026578368
20260811_184731__rp1p25__vinf25__incm30__toff59132__Om270__om135,1.5235952885997066,0.0933906437296035,25.178062470679027,250.45969137421437,1.2943239057650922,0.1924068858006145,28.50283892007221,223.87006023272372,True,537.8477437745013
20260811_184731__rp1p25__vinf25__incm30__toff59132__Om270__om15,1.52359870368121,0.09339300656197827,25.178064578476945,250.46064705518847,1.133566385515075,0.7365569419657205,25.87649539481462,327.36238980519795,True,440.82410130051056
20260811_184731__rp1p25__vinf25__incm30__toff59132__Om270__om150,1.5235948509998318,0.09339066824049036,25.17806024962554,250.45962498766932,1.272130579029751,0.2029458337810241,29.345890242631715,227.34051925455407,True,524.0737782808943
20260811_184731__rp1p25__vinf25__incm30__toff59132__Om270__om165,1.5235948469605423,0.09339066224695904,25.178059934466678,250.45962288277178,1.3336010141245316,0.18517785394787792,29.39499519687496,238.43296474258992,True,562.5145597932716
20260811_184731__rp1p25__vinf25__incm30__toff59132__Om270__om180,1.5236014839402212,0.09339048930573461,25.17805228159333,250.4610848877548,1.4614450784673645,0.15146606587497896,28.858839183639184,258.902923254505,True,645.3103652213393
20260811_184731__rp1p25__vinf25__incm30__toff59132__Om270__om195,1.5235956613031678,0.09339302406515401,25.178047059500905,250.46029123439445,1.6426025042246535,0.14111819278641907,27.89277216148906,291.3530361491379,True,768.9420536344759
20260811_184731__rp1p25__vinf25__incm30__toff59132__Om270__om210,1.5235962220684074,0.09339298221764092,25.178046647693463,250.46044021620105,1.8426759379557303,0.16725267212663653,26.82786769921467,318.3681222222449,True,913.6257670175665
20260811_184731__rp1p25__vinf25__incm30__toff59132__Om270__om225,1.523595919180995,0.0933881999655218,25.178050372177076,250.45967609523046,2.0060466054768527,0.19693982126539591,25.76693303666229,332.54626535545134,True,1037.7826844591632
20260811_184731__rp1p25__vinf25__incm30__toff59132__Om270__om240,1.5235964108056668,0.09339063627154692,25.17806930902623,250.45981712183462,2.0799426005685646,0.20821126860299685,24.973816914947115,338.0151102334081,True,1095.6501875904526
20260811_184731__rp1p25__vinf25__incm30__toff59132__Om270__om255,1.5236030458821581,0.09339045955894772,25.17806100728013,250.46127801990366,2.0493804708895507,0.19123164984449206,24.442522890886586,339.79609859651873,True,1071.590321392607
20260811_184731__rp1p25__vinf25__incm30__toff59132__Om270__om270,1.523608183792901,0.09339028680464,25.178044368557135,250.46257053453144,1.9320822306798264,0.15192502333506527,24.19914796656974,337.28807423644054,True,980.9193503359246
20260811_184731__rp1p25__vinf25__incm30__toff59132__Om270__om285,1.5235947778643864,0.09339067416703112,25.17806023463478,250.45959544587225,1.7747923119395266,0.09407695670077267,24.263067524961293,329.2051711666143,True,863.60709270845
20260811_184731__rp1p25__vinf25__incm30__toff59132__Om270__om30,1.5235987753111329,0.09339298967540999,25.1780648372816,250.46067523280496,-0.4409157226695849,5.474752333835861,36.312574761404946,150.09176397693162,False,
20260811_184731__rp1p25__vinf25__incm30__toff59132__Om270__om300,1.5236084406275145,0.09339028883977035,25.17804620567253,250.4625925421458,1.6013102734775482,0.050487630261570396,24.678808209756216,278.68700423810776,True,740.1302032302598
20260811_184731__rp1p25__vinf25__incm30__toff59132__Om270__om315,1.5235949328270613,0.09339065053114481,25.178060346202926,250.45965726985835,1.42690071380738,0.1038483097599338,25.612758558215912,222.32411463466278,True,622.5661808363434
20260811_184731__rp1p25__vinf25__incm30__toff59132__Om270__om330,1.5235963026502766,0.09339066086576568,25.17806903200712,250.45977452212162,1.2488492272646257,0.21125034005109708,27.613969509760622,215.083321355971,True,509.7531363320738
20260811_184731__rp1p25__vinf25__incm30__toff59132__Om270__om345,1.5236014300204963,0.09339049326979543,25.178052600070885,250.4610631102962,1.0632292561455305,0.37238194780221545,30.846108549158593,218.58019129274686,True,400.43798722697534
20260811_184731__rp1p25__vinf25__incm30__toff59132__Om270__om45,1.5235976217816436,0.09338813887834456,25.1780482538106,250.46005809217309,-0.4098929896941842,3.1326517684241235,29.1343399134553,95.40175822461705,False,
20260811_184731__rp1p25__vinf25__incm30__toff59132__Om270__om60,1.523603074983017,0.09339046115152724,25.178061223394927,250.46129007166016,-0.7300264887166984,3.864730775014146,33.11606352285019,52.235932989251374,False,
20260811_184731__rp1p25__vinf25__incm30__toff59132__Om270__om75,1.5235949378905085,0.09339065288565064,25.17806050530025,250.4596595241001,-10.940442252513476,1.2178043981196627,29.11399072536519,35.311426387363134,False,
20260811_184731__rp1p25__vinf25__incm30__toff59132__Om270__om90,1.5236030542607066,0.09339045215182953,25.17806113374087,250.461280943572,2.6421551385853332,0.32056448589348113,34.25805250417699,17.845011630825265,True,1568.6727917234168
20260811_184731__rp1p25__vinf25__incm30__toff59132__Om90__om0,1.5236029897556544,0.09339047913332582,25.178061180893334,250.46125642096,1.6018117182242821,0.1296388891687084,29.263716666807188,260.0136919599959,True,740.4778842466769
20260811_184731__rp1p25__vinf25__incm30__toff59132__Om90__om105,1.5235955325469421,0.0933906709160204,25.178064406374784,250.45968204344558,1.6267524547361751,0.01177151431210745,27.28076495693761,286.06266189955716,True,757.8392569158804
20260811_184731__rp1p25__vinf25__incm30__toff59132__Om90__om120,1.523608535807367,0.09339028930958564,25.1780465950854,250.46260376166438,1.502077076076063,0.06675220919008444,26.661195970719703,193.15921890745435,True,672.4085384756308
20260811_184731__rp1p25__vinf25__incm30__toff59132__Om90__om135,1.523595308568858,0.09339064724841759,25.178062682240093,250.45969982056045,1.3874120571156094,0.14042067669104574,26.22722620037088,190.02423364328757,True,596.9020753405936
20260811_184731__rp1p25__vinf25__incm30__toff59132__Om90__om15,1.5235986757680584,0.09339300665214764,25.178064413354882,250.46063561308614,1.7968758547753276,0.12998729314918403,29.851169389261464,299.3239525126297,True,879.7757799843913
20260811_184731__rp1p25__vinf25__incm30__toff59132__Om90__om150,1.5235947975488768,0.09339067178659013,25.178060021367422,250.4596033215956,1.2848833801265203,0.22062753789956668,26.354411021589705,187.6687183264702,True,531.9740647441405
20260811_184731__rp1p25__vinf25__incm30__toff59132__Om90__om165,1.5236014328638867,0.09339049621611993,25.178052155320948,250.4610644401891,1.2041672615433618,0.3021035880849227,27.797424161223514,183.91055491532757,True,482.6420041779379
20260811_184731__rp1p25__vinf25__incm30__toff59132__Om90__om180,1.523594815185055,0.09339067668420643,25.178060120223105,250.459610898631,1.1837271800351072,0.3647497228888863,31.52427195880355,178.49104436492897,True,470.40542532251914
20260811_184731__rp1p25__vinf25__incm30__toff59132__Om90__om195,1.5235956892162088,0.09339302397479098,25.178047224622524,250.46030267648194,1.2541447857847978,0.36977647581749035,37.1631788108365,169.9710966235165,True,512.9988690225117
20260811_184731__rp1p25__vinf25__incm30__toff59132__Om90__om210,1.5235957622675327,0.09339300856089834,25.178047261053056,250.46033151889017,1.440417643436994,0.29680773904243446,41.64176986956043,163.04579432027228,True,631.4333860984276
20260811_184731__rp1p25__vinf25__incm30__toff59132__Om90__om225,1.5235976217816436,0.09338813887834456,25.1780482538106,250.46005809217309,1.687167534888116,0.14807720522644072,41.347755980133485,155.1434719239979,True,800.4463106870053
20260811_184731__rp1p25__vinf25__incm30__toff59132__Om90__om240,1.5236030721396205,0.09339045820517856,25.178061668144565,250.4612887417792,1.8054721229692836,0.04395232298271025,36.309058671904204,134.54442379493662,True,886.0966060275908
20260811_184731__rp1p25__vinf25__incm30__toff59132__Om90__om255,1.5235964451247141,0.09339064417502048,25.178069182377865,250.4598317221614,1.6617168232978132,0.04562492817055072,30.91432398401346,210.29899629686233,True,782.4028385448024
20260811_184731__rp1p25__vinf25__incm30__toff59132__Om90__om270,1.5236015491559938,0.09339046306061864,25.17805212325461,250.46110974273557,1.4540556954779973,0.13145368846102695,27.16867795884369,224.9057690661674,True,640.4223134806208
20260811_184731__rp1p25__vinf25__incm30__toff59132__Om90__om285,1.5235948739285625,0.09339066162925781,25.17806048414369,250.4596339370538,1.3054434075079666,0.21138666202331366,25.151839570413603,223.2201987231384,True,544.793561613509
20260811_184731__rp1p25__vinf25__incm30__toff59132__Om90__om30,1.5235992351125736,0.0933929633339057,25.178064223901774,250.46078393025726,1.938315204710794,0.1997998789392561,30.21672839281644,291.1828123635754,True,985.6699037516269
20260811_184731__rp1p25__vinf25__incm30__toff59132__Om90__om300,1.5235952326296323,0.09339064393931903,25.178062149032733,250.4596962689658,1.2287881786138517,0.2610110768773044,24.555756105009944,221.87749390572813,True,497.51986881700793
20260811_184731__rp1p25__vinf25__incm30__toff59132__Om90__om315,1.5235949128579196,0.09339064701234848,25.17806013464196,250.4596488235108,1.219086250048722,0.26766878003960176,25.302392129088254,217.80471368115806,True,491.6392434945269
20260811_184731__rp1p25__vinf25__incm30__toff59132__Om90__om330,1.5235963561013373,0.09339065731984855,25.1780692602654,250.45979618822085,1.2869149409928182,0.23719948169269514,26.87460091247968,219.74618502240017,True,533.2362393406476
20260811_184731__rp1p25__vinf25__incm30__toff59132__Om90__om345,1.5235948441171765,0.09339065930068481,25.17806037921635,250.459621552844,1.4191141734835557,0.1778889480490082,28.19215707997161,230.78280651839412,True,617.4771610566241
20260811_184731__rp1p25__vinf25__incm30__toff59132__Om90__om45,1.523595919180995,0.0933881999655218,25.178050372177076,250.45967609523046,2.014673046789733,0.16894156017512335,29.53628384881338,332.6556093745546,True,1044.4839162274618
20260811_184731__rp1p25__vinf25__incm30__toff59132__Om90__om60,1.5235964136490383,0.09339063921784407,25.17806886427681,250.45981845175135,1.9836363787566678,0.15447576369313856,29.07762442080178,339.387083408993,True,1020.4412097404745
20260811_184731__rp1p25__vinf25__incm30__toff59132__Om90__om75,1.5236015386449184,0.09339046825801142,25.178052330355882,250.46110582167506,1.8956764213815243,0.1196079623786664,28.536962556907152,345.73879422934874,True,953.325488853896
20260811_184731__rp1p25__vinf25__incm30__toff59132__Om90__om90,1.523609688900695,0.09339027590750197,25.17805337889107,250.4627417355432,1.7591695771305331,0.06463215602442203,27.94166056448659,343.7496701586418,True,852.2292797103627
20260811_184731__rp1p25__vinf25__incm60__toff59132__Om0__om0,1.5235996101497304,0.09339057864589856,25.178065250395612,250.46050132608744,1.4119702495378295,0.1671994998918083,24.428803584415903,178.77653705969115,True,612.8203966066848
20260811_184731__rp1p25__vinf25__incm60__toff59132__Om0__om105,1.5235973189093985,0.0933929903144405,25.178055851008327,250.46052326860496,1.5878079504426934,0.020528028117192443,30.49925568634922,344.32116035512115,True,730.7887459332206
20260811_184731__rp1p25__vinf25__incm60__toff59132__Om0__om120,1.5235992376057401,0.09338814332060105,25.1780565823931,250.4602368040429,1.6613983335119502,0.06170496407950096,29.769654928537168,357.0318877065616,True,782.1779127012752
20260811_184731__rp1p25__vinf25__incm60__toff59132__Om0__om135,1.523597295984789,0.09339299760783966,25.178055970947884,250.46051440217764,1.7207989929716614,0.09112767050897294,28.82741826208642,0.04385546895523098,True,824.4989505114166
20260811_184731__rp1p25__vinf25__incm60__toff59132__Om0__om15,1.523596269210502,0.09339067267443328,25.178069004590917,250.4597616517297,1.3592935393488819,0.18756973245138495,25.860662521758407,181.50071354996263,True,578.8483123418692
20260811_184731__rp1p25__vinf25__incm60__toff59132__Om0__om150,1.523599187682189,0.09338813293680347,25.178056816166745,250.4602545128929,1.7584666465439633,0.10616314972505338,27.756819751600016,1.7561235209715809,True,851.7185289093244
20260811_184731__rp1p25__vinf25__incm60__toff59132__Om0__om165,1.5236029754393794,0.09339047812765706,25.178060799468224,250.46125045070602,1.770660125352635,0.10934270812224535,26.615309296075683,3.5687811708068096,True,860.5927898565358
20260811_184731__rp1p25__vinf25__incm60__toff59132__Om0__om180,1.5235963794984144,0.09339065028992202,25.178068948047947,250.45980524887116,1.7578784544542203,0.0988057348537095,25.47034680543221,1.6360940784467515,True,851.2912257752415
20260811_184731__rp1p25__vinf25__incm60__toff59132__Om0__om195,1.5236030328376395,0.09339046972365425,25.178060655408725,250.461273357555,1.724655380196318,0.07670367275510291,24.380059527957183,0.8877383548924778,True,827.2721110898831
20260811_184731__rp1p25__vinf25__incm60__toff59132__Om0__om210,1.5236030786955947,0.09339045650199722,25.178061124445005,250.46129125664794,1.6746565565453535,0.04679392931579607,23.424725681439075,355.2240742057172,True,791.559423486368
20260811_184731__rp1p25__vinf25__incm60__toff59132__Om0__om225,1.5235970217146313,0.09339050109877926,25.178026504403135,250.4605916702983,1.6171373894863654,0.01229076566108629,22.72600821808049,323.8588064436756,True,751.1302802806376
20260811_184731__rp1p25__vinf25__incm60__toff59132__Om0__om240,1.5235934085177891,0.09339065112622792,25.178051961086197,250.4594775338325,1.562275701591346,0.026250719786469843,22.460016862813603,190.71594236857322,True,713.2329680767916
20260811_184731__rp1p25__vinf25__incm60__toff59132__Om0__om255,1.5235995977402972,0.09339058142420456,25.178065517691657,250.46049646325446,1.527932076009174,0.04795158056491053,22.767449813642244,169.9189044677822,True,689.844116396062
20260811_184731__rp1p25__vinf25__incm60__toff59132__Om0__om270,1.5236006386235899,0.09338812483134913,25.178065709662715,250.4604037225297,1.5485301450921078,0.0520037217482815,23.342668791294155,117.04311803241836,True,703.840719443164
20260811_184731__rp1p25__vinf25__incm60__toff59132__Om0__om285,1.5235988982207322,0.09339295355432628,25.17805403095731,250.46085648414262,1.8398927594152592,0.17274711643902194,17.70959609788488,166.52329619103566,True,911.5566376775571
20260811_184731__rp1p25__vinf25__incm60__toff59132__Om0__om30,1.5235964152130477,0.09339064364060512,25.17806885431648,250.45981940201102,1.3329149716526931,0.18572390819344392,27.618948307090175,182.36998758547708,True,562.0805552746067
20260811_184731__rp1p25__vinf25__incm60__toff59132__Om0__om300,1.5235980390204344,0.09339299479385563,25.178057500907066,250.4606296221782,1.8261380412772656,0.23146682551647052,25.05682410465483,88.81278467757195,True,901.3538077173201
20260811_184731__rp1p25__vinf25__incm60__toff59132__Om0__om315,1.5235972640365814,0.09339299238687539,25.17805584512526,250.46050093809947,1.7838218496132834,0.173516176643642,24.302859291274032,112.85206844841353,True,870.2060756049538
20260811_184731__rp1p25__vinf25__incm60__toff59132__Om0__om330,1.5236007152380149,0.09338811446537268,25.17806589907115,250.46043439460823,1.6287691216262348,0.14219943673633045,23.685420598186376,141.54924972060348,True,759.2489208990081
20260811_184731__rp1p25__vinf25__incm60__toff59132__Om0__om345,1.5235966202686553,0.09339059071134528,25.17804763531023,250.46016660103095,1.5014100309089569,0.14307285196931202,23.665039732225093,167.90686529329486,True,671.9606815643169
20260811_184731__rp1p25__vinf25__incm60__toff59132__Om0__om45,1.523603072523714,0.09339044829858921,25.178061142848367,250.46128815443836,1.3440601137520325,0.16899416278826984,29.138471249730472,181.26698867825863,True,569.1450094860318
20260811_184731__rp1p25__vinf25__incm60__toff59132__Om0__om60,1.5235964329494818,0.09339064674402382,25.178069176306256,250.45982691497443,1.3800239832067924,0.13322657375522656,30.292795481566426,181.6034230161134,True,592.140605342381
20260811_184731__rp1p25__vinf25__incm60__toff59132__Om0__om75,1.5235966775822247,0.09339057281873929,25.17804751269089,250.4601888089687,1.4370611018219717,0.08432838196198619,30.871791152742333,183.07119706064472,True,629.227570380008
20260811_184731__rp1p25__vinf25__incm60__toff59132__Om0__om90,1.5236005658059515,0.09338814003559301,25.17806539986535,250.460374934131,1.5097897324768024,0.03166985711063208,30.9104990740584,190.66882796482085,True,677.5940654780688
20260811_184731__rp1p25__vinf25__incm60__toff59132__Om180__om0,1.5235963780767285,0.09339064881677368,25.178069170422656,250.45980458391273,1.899251154630807,0.13614566186363805,24.119005483087165,350.86038627711656,True,956.0233309274416
20260811_184731__rp1p25__vinf25__incm60__toff59132__Om180__om105,1.5235989003532677,0.09339295576406423,25.178053697394787,250.4608574815363,1.989792187229054,0.15253440502604004,8.09812846055407,68.2687466231197,True,1025.1949879327528
20260811_184731__rp1p25__vinf25__incm60__toff59132__Om180__om120,1.523597659724118,0.0933929943921411,25.17805572082946,250.460585411166,4.8208755186519285,0.6998412287946177,5.861137396783944,41.87813926629927,True,3866.1951233780724
20260811_184731__rp1p25__vinf25__incm60__toff59132__Om180__om135,1.5235972651028467,0.09339299349173981,25.17805567834403,250.46050143679946,3.9222275356042786,0.6115459543010372,8.911027403743077,41.26705189580667,True,2837.226899854837
20260811_184731__rp1p25__vinf25__incm60__toff59132__Om180__om15,1.5236030292833942,0.09339046604071935,25.17806121134579,250.4612716952032,1.7658924293466067,0.0746633968508517,24.5519847168169,352.4089805520157,True,857.1192704046373
20260811_184731__rp1p25__vinf25__incm60__toff59132__Om180__om150,1.5235992108452021,0.09338812611632055,25.178056777317305,250.4602635181927,2.7955026164691574,0.38561327312799504,16.32093146645262,37.327957688597934,True,1707.2013556748154
20260811_184731__rp1p25__vinf25__incm60__toff59132__Om180__om165,1.5235996361561392,0.09339057477183214,25.178064766796385,250.4605116610835,2.097554796652063,0.14296725775231123,18.292314300208332,56.51126441322182,True,1109.595955649353
20260811_184731__rp1p25__vinf25__incm60__toff59132__Om180__om180,1.523599611571422,0.09339058011905887,25.178065028020825,250.46050199103752,1.6392484110451118,0.02207214929684467,21.847079319476173,141.33678382311678,True,766.5880578412304
20260811_184731__rp1p25__vinf25__incm60__toff59132__Om180__om195,1.5235962727647159,0.09339067635730182,25.178068448654123,250.45976331412712,1.3909479174431643,0.13487762504125272,23.143289286433273,221.0520364126034,True,599.1853622275372
20260811_184731__rp1p25__vinf25__incm60__toff59132__Om180__om210,1.523596414502205,0.0933906429040309,25.17806896550382,250.45981906953182,1.2697869687366252,0.20672962592500407,22.867387161344602,223.01763672488647,True,522.6262159787644
20260811_184731__rp1p25__vinf25__incm60__toff59132__Om180__om225,1.5235970450275185,0.09339048458108014,25.1780262136285,250.4606000322681,1.2339142567547634,0.22794775343573714,21.900131224727954,224.52486593241883,True,500.63633391352994
20260811_184731__rp1p25__vinf25__incm60__toff59132__Om180__om240,1.5235934156429727,0.09339066122134966,25.17805226704264,250.4594811899301,1.2676471587068907,0.20188486172282907,20.62242579452918,226.1216935495339,True,521.3056997350886
20260811_184731__rp1p25__vinf25__incm60__toff59132__Om180__om255,1.5235996892048602,0.09339055246011903,25.1780653113001,250.460531874316,1.3765623647583332,0.15748685937243675,20.134963424268285,237.10423812448687,True,589.914036526659
20260811_184731__rp1p25__vinf25__incm60__toff59132__Om180__om270,1.523600564384258,0.09338813856243479,25.17806562224006,250.46037426915956,1.536399371058002,0.11286339719171046,20.03753244798798,264.51985322224107,True,695.5863859823392
20260811_184731__rp1p25__vinf25__incm60__toff59132__Om180__om285,1.5235973167768673,0.09339298810471117,25.178056184570778,250.4605222712053,1.729564011013125,0.1239067282945949,20.426625734631468,304.2955150866495,True,830.8064357875672
20260811_184731__rp1p25__vinf25__incm60__toff59132__Om180__om30,1.523603079406444,0.09339045723858448,25.1780610132576,250.4612915891181,1.621811205641859,0.011257524440475807,24.78419547423914,321.05713819882885,True,754.3889831950714
20260811_184731__rp1p25__vinf25__incm60__toff59132__Om180__om300,1.5235996169021968,0.0933881437221832,25.178058362473838,250.46028101921723,1.909947833765684,0.16432012774740445,21.197477134678095,323.9025176869497,True,964.1112502338289
20260811_184731__rp1p25__vinf25__incm60__toff59132__Om180__om315,1.5235972949185237,0.09339299650297518,25.178056137729133,250.46051390347776,2.032306015558805,0.19081511409623353,22.07296013344672,332.89496680100655,True,1058.226289068075
20260811_184731__rp1p25__vinf25__incm60__toff59132__Om180__om330,1.523600692074956,0.09338812128577989,25.178065937920827,250.46042538928043,2.0620014278380836,0.19422242348020777,22.87920040442346,338.70414192860903,True,1081.5045100325663
20260811_184731__rp1p25__vinf25__incm60__toff59132__Om180__om345,1.5235999595487015,0.09339049405532618,25.178043668135317,250.46090539044735,2.0091207384665233,0.17120453670057575,23.5599722811481,344.9423421643002,True,1040.1690975335978
20260811_184731__rp1p25__vinf25__incm60__toff59132__Om180__om45,1.5236030492106425,0.09339046481600656,25.178061433626425,250.4612797922325,1.4807844089916367,0.06741334170567807,24.639138408212037,200.3561490579773,True,658.161754517632
20260811_184731__rp1p25__vinf25__incm60__toff59132__Om180__om60,1.5235964258242702,0.09339063664883956,25.17806887034842,250.45982325893843,1.3487762586103618,0.1439648716750482,23.6883665293528,205.82862970498488,True,572.1432275511279
20260811_184731__rp1p25__vinf25__incm60__toff59132__Om180__om75,1.5235965861180234,0.09339060178342198,25.17804771908034,250.4601533981404,1.2408033377420304,0.1997247143632282,21.11938712823661,216.29835705691377,True,504.83484328246885
20260811_184731__rp1p25__vinf25__incm60__toff59132__Om180__om90,1.5236006400452837,0.09338812630450798,25.178065487288006,250.46040438750083,1.2573120847288086,0.18468801009413718,16.418611872994163,230.9037565828222,True,514.943436611799
20260811_184731__rp1p25__vinf25__incm60__toff59132__Om270__om0,1.5235963561013373,0.09339065731984855,25.1780692602654,250.45979618822085,1.0225815559793667,0.4921651083926256,27.340984974095985,216.19227453286194,True,377.6955127291352
20260811_184731__rp1p25__vinf25__incm60__toff59132__Om270__om105,1.5235948936130566,0.09339065924882539,25.17806027087633,250.45964181277947,1.7637820408254377,0.10663916101244512,21.77901737474232,313.16161988153965,True,855.5832361886254
20260811_184731__rp1p25__vinf25__incm60__toff59132__Om270__om120,1.5235948671301176,0.09339066217721277,25.178060592295267,250.45963120098475,1.5214510280791735,0.09925455218040034,25.037737480556938,254.48611166488496,True,685.4595939282656
20260811_184731__rp1p25__vinf25__incm60__toff59132__Om270__om135,1.5235947819744498,0.09339067462962046,25.178060069371554,250.45959714638855,1.3981743192321674,0.14418700924764646,27.264262220072666,239.47712954977143,True,603.8608498424145
20260811_184731__rp1p25__vinf25__incm60__toff59132__Om270__om15,1.5235995865100123,0.09339058452032495,25.178065127064947,250.46049204413862,0.9544601896689295,0.6215469909938343,26.46156177514806,218.18738544281132,True,340.58978663157694
20260811_184731__rp1p25__vinf25__incm60__toff59132__Om270__om150,1.523594876061087,0.0933906638389638,25.178060150581445,250.45963493449943,1.3460144567897703,0.17630969987419304,28.56652980867412,240.4254435486684,True,570.3868164743775
20260811_184731__rp1p25__vinf25__incm60__toff59132__Om270__om165,1.5235963541945683,0.09339065353602417,25.178068611544116,250.45979508077886,1.352766417806947,0.1895800354110787,28.881693444384613,247.97117745791837,True,574.6840086707585
20260811_184731__rp1p25__vinf25__incm60__toff59132__Om270__om180,1.5236029532296458,0.09339048683982057,25.178061162678365,250.46124199923563,1.4148765215878776,0.18131295347000112,28.322247255939097,257.80096849510824,True,614.7134311280245
20260811_184731__rp1p25__vinf25__incm60__toff59132__Om270__om195,1.5235997082544521,0.09339055746638947,25.178064478865554,250.46053995065796,1.5261670663282507,0.1667908019772336,27.08624658330896,273.5607447602548,True,688.6491386849631
20260811_184731__rp1p25__vinf25__incm60__toff59132__Om270__om210,1.5236000348471,0.09339056148413978,25.178064396425782,250.46059626941644,1.6661575341287664,0.15964007773709085,25.55737859761312,292.67076643963094,True,785.5412297335802
20260811_184731__rp1p25__vinf25__incm60__toff59132__Om270__om225,1.5235919252007053,0.09339066072328546,25.178032310462818,250.45944861803224,1.7989484038061758,0.16222130711770047,24.016528620552556,309.57906028459445,True,881.2983426981903
20260811_184731__rp1p25__vinf25__incm60__toff59132__Om270__om240,1.5235932502404206,0.09339068452439579,25.178051882153834,250.4594150407167,1.8838412738245554,0.16636841086000403,22.82912371261818,318.03146919541166,True,944.4116896949175
20260811_184731__rp1p25__vinf25__incm60__toff59132__Om270__om255,1.5236030673894378,0.09339045147494497,25.178061464173094,250.46128630451017,1.8914302843372972,0.15440581630760405,22.15332675920274,319.7443890101529,True,950.1242438864649
20260811_184731__rp1p25__vinf25__incm60__toff59132__Om270__om270,1.5236097132515833,0.09339027077020295,25.1780533910345,250.46275135014483,1.8215941074462694,0.12762040222421117,22.022180594951426,313.1053291581719,True,897.9916770007579
20260811_184731__rp1p25__vinf25__incm60__toff59132__Om270__om285,1.5235949506502424,0.09339063682153273,25.178060432343397,250.45966361562913,1.6987274444107843,0.09468421532896829,22.394031874488494,292.3459804207737,True,808.6869730259747
20260811_184731__rp1p25__vinf25__incm60__toff59132__Om270__om30,1.523599685333967,0.09339056544211634,25.178064953263195,250.4605311667907,0.9095833536447375,0.7593254229448814,23.937447482406522,222.16695265239602,True,316.8536015036991
20260811_184731__rp1p25__vinf25__incm60__toff59132__Om270__om300,1.5236084247453667,0.09339031373804661,25.17804641421515,250.46255996870826,1.5511840545582751,0.093462669917006,23.190635466615714,250.92286355696717,True,705.6508840545828
20260811_184731__rp1p25__vinf25__incm60__toff59132__Om270__om315,1.523594870884761,0.09339066227151956,25.178060482625767,250.45963273526024,1.3996336510249472,0.1512794184238376,24.346668825264736,223.72021307906698,True,604.8065079366635
20260811_184731__rp1p25__vinf25__incm60__toff59132__Om270__om330,1.5235962843874327,0.09339066471928238,25.178069022899702,250.45976731134542,1.2553634725189617,0.24606724088453946,25.82867929855403,215.22211819701437,True,513.7467931571077
20260811_184731__rp1p25__vinf25__incm60__toff59132__Om270__om345,1.5235999242103788,0.09339050344461458,25.17804370091259,250.46089157811957,1.1363038758291246,0.36574765577084484,26.903188669531257,215.80100053132534,True,442.42190799319434
20260811_184731__rp1p25__vinf25__incm60__toff59132__Om270__om45,1.5235996918140922,0.09339055561582407,25.17806513991823,250.46053314859438,0.8805795223434794,0.9125970740019689,15.51694980251444,282.8893689374101,True,301.8198264767839
20260811_184731__rp1p25__vinf25__incm60__toff59132__Om270__om60,1.5236030262816653,0.0933904714268368,25.178061199108296,250.461270842687,1.5108017030796155,0.6400557615585657,46.79456740563946,21.536781375979604,True,678.2754386683287
20260811_184731__rp1p25__vinf25__incm60__toff59132__Om270__om75,1.5235934063111491,0.09339066673668847,25.178051816220986,250.45947771270363,5.64230525063821,0.7159314561922504,7.16197515188198,30.5935360208609,True,4895.305041865677
20260811_184731__rp1p25__vinf25__incm60__toff59132__Om270__om90,1.5236030374193983,0.09339045747824536,25.178060902258565,250.46127439764706,2.3823128914220937,0.2915195786642817,16.734891059141063,346.57976105172094,True,1343.0528216511343
20260811_184731__rp1p25__vinf25__incm60__toff59132__Om90__om0,1.5236029518079477,0.09339048536664722,25.178061385053184,250.4612413342946,1.6161706566796992,0.14748793541719254,28.88540318517713,254.76013827610785,True,750.4568368041632
20260811_184731__rp1p25__vinf25__incm60__toff59132__Om90__om105,1.523594952782767,0.09339063903123979,25.178060098781152,250.4596646130742,1.4644036849475845,0.10320327402225543,27.508160763804685,198.95925857067087,True,647.2709439032726
20260811_184731__rp1p25__vinf25__incm60__toff59132__Om90__om120,1.5236080454478442,0.0933903133321258,25.178044634191806,250.46251575560876,1.3849951910756972,0.15615871723335123,26.394028686395668,193.36557376149577,True,595.3430533828803
20260811_184731__rp1p25__vinf25__incm60__toff59132__Om90__om135,1.523594871951023,0.09339066337637253,25.17806031584464,250.45963323398303,1.316155283933992,0.21293044820575524,25.20933333113417,191.17741302349236,True,551.5127916737057
20260811_184731__rp1p25__vinf25__incm60__toff59132__Om90__om15,1.5235997047002223,0.09339055378348662,25.17806503480248,250.46053828828389,1.739112686683833,0.12864824133741676,30.020381336143195,277.4257760062174,True,837.6960685000256
20260811_184731__rp1p25__vinf25__incm60__toff59132__Om90__om150,1.5235947799969103,0.09339067637673591,25.178059901072544,250.4595964433186,1.2586051339846143,0.2777853901825679,24.21823810310142,188.98383952407016,True,515.7380106870974
20260811_184731__rp1p25__vinf25__incm60__toff59132__Om90__om165,1.523602940100917,0.09339048751671174,25.17806083224614,250.46123663829997,1.201587053547842,0.34573659893430575,23.2480191449044,186.6284073637093,True,481.0915765948394
20260811_184731__rp1p25__vinf25__incm60__toff59132__Om90__om180,1.523596357523023,0.09339065879299668,25.178069037890708,250.4597968531794,1.1611208796926937,0.4272251399482336,23.664082262537697,186.0458053436567,True,456.99457491236393
20260811_184731__rp1p25__vinf25__incm60__toff59132__Om90__om195,1.5235995900642418,0.09339058820322542,25.178064571128026,250.46049370651383,1.1653826078186516,0.48159198963274197,27.142365215196598,188.69846095832867,True,459.5128819985404
20260811_184731__rp1p25__vinf25__incm60__toff59132__Om90__om210,1.523599684623121,0.09339056470553586,25.178065064450585,250.46053083431582,1.2802422291607327,0.41076800450413137,33.21955074887032,199.92485424294438,True,529.094339139843
20260811_184731__rp1p25__vinf25__incm60__toff59132__Om90__om225,1.5235936643245935,0.09339059192251234,25.178030210390638,250.45984502704283,1.494986291331796,0.23159995060071953,34.02881379112828,219.92009661516414,True,667.6528508927239
20260811_184731__rp1p25__vinf25__incm60__toff59132__Om90__om240,1.5236000089690935,0.09339048588101911,25.178044290150513,250.46092511740653,1.5737837770010514,0.13271768958335947,30.792766981048498,235.32334840239838,True,721.128215678582
20260811_184731__rp1p25__vinf25__incm60__toff59132__Om90__om255,1.5235964179308783,0.09339064636673049,25.178069614984047,250.4598207778713,1.507726194581014,0.12694647865604122,27.520185628513396,237.38700697210706,True,676.2053656571135
20260811_184731__rp1p25__vinf25__incm60__toff59132__Om90__om270,1.5236030359977004,0.09339045600507137,25.178061124633388,250.46127373270625,1.406810105057714,0.16566731124180153,24.931461202285842,237.95178015607402,True,609.4640749699488
20260811_184731__rp1p25__vinf25__incm60__toff59132__Om90__om285,1.5235948914805322,0.0933906570391192,25.178060604438592,250.45964081533396,1.3272684098798675,0.2097280016081713,23.178773202247417,236.63655373405578,True,558.5126694864597
20260811_184731__rp1p25__vinf25__incm60__toff59132__Om90__om30,1.523600035557946,0.09339056222072085,25.17806428523841,250.46059660189093,1.8099482605042772,0.12049363333956113,30.471146060830222,293.7148242651675,True,889.3938717610195
20260811_184731__rp1p25__vinf25__incm60__toff59132__Om90__om300,1.5235952464260916,0.0933906625772793,25.178062372395445,250.4596754140794,1.2860514060274293,0.23672826082632054,22.520643889682002,232.71696950218893,True,532.6996177629871
20260811_184731__rp1p25__vinf25__incm60__toff59132__Om90__om315,1.5235947809081876,0.09339067352476801,25.17806023615269,250.45959664766545,1.3013821628306939,0.24328427867274355,23.316657222650058,229.76086520281342,True,542.2532543443102
20260811_184731__rp1p25__vinf25__incm60__toff59132__Om90__om330,1.523596380451799,0.09339065218183439,25.178069272408617,250.45980580259192,1.3672239488242917,0.22040545155783564,25.106074024188537,230.1346066944123,True,583.9213811907953
20260811_184731__rp1p25__vinf25__incm60__toff59132__Om90__om345,1.5235933383100506,0.09339066948700563,25.178051479905935,250.4594500207885,1.4812923508810518,0.18259743276647336,27.195072200590165,238.19032007977046,True,658.5004296720497
20260811_184731__rp1p25__vinf25__incm60__toff59132__Om90__om45,1.5235979526864702,0.09339062440385978,25.17806724014646,250.4601367390302,1.8105056327264304,0.10348255864171156,30.366193456150633,302.8631472615777,True,889.8047356613438
20260811_184731__rp1p25__vinf25__incm60__toff59132__Om90__om60,1.5235962675462746,0.09339067004594792,25.178068791417598,250.45976076552876,1.7509682596741603,0.07550120829575012,29.926629496014435,300.39733546775426,True,846.2765417812963
20260811_184731__rp1p25__vinf25__incm60__toff59132__Om90__om75,1.5236000557634735,0.09339047182149608,25.178043665716903,250.46094323888173,1.6586354108288957,0.04721228392003439,29.268808277520304,272.7630922275331,True,780.2275691358298
20260811_184731__rp1p25__vinf25__incm60__toff59132__Om90__om90,1.5236097146732939,0.09339027224340284,25.178053168659556,250.46275201506774,1.556865775310651,0.059339272920957406,28.484485451628938,218.23592375597647,True,709.5314490750787
20260811_184731__rp1p25__vinf25__incm90__toff59132__Om0__om0,1.5235996616842886,0.09339058331877058,25.178065107917316,250.4605139443122,1.3912616358655077,0.20280075080291912,21.763185312862024,180.43728433646322,True,599.388086660538
20260811_184731__rp1p25__vinf25__incm90__toff59132__Om0__om105,1.5235973676005419,0.09339299204092355,25.178056153280625,250.46053455665722,1.5682683627806775,0.042976225850018326,27.197676729890333,92.23003568512901,True,717.340687033543
20260811_184731__rp1p25__vinf25__incm90__toff59132__Om0__om120,1.5235994628050749,0.09338815753032235,25.178059173025346,250.4602490045085,1.6013863460601243,0.04291490129203506,26.59952155901238,49.831093458343794,True,740.1829453055709
20260811_184731__rp1p25__vinf25__incm90__toff59132__Om0__om135,1.5235980975779044,0.09339299356265973,25.178060368430433,250.46061136980092,1.6253551414381826,0.052759931147723024,25.902310203491627,23.39581072883735,True,756.8630376027578
20260811_184731__rp1p25__vinf25__incm90__toff59132__Om0__om15,1.5235996366228768,0.09339058772003368,25.178065206961456,250.4605039974128,1.3781932701400619,0.20439400280516026,23.623469394796487,174.55115124164672,True,590.9627128266638
20260811_184731__rp1p25__vinf25__incm90__toff59132__Om0__om150,1.5236007386252213,0.09338811943787934,25.178065864838526,250.46043551481353,1.639835467872138,0.06116714877888915,25.163342241314286,7.334127958100013,True,766.9998969249098
20260811_184731__rp1p25__vinf25__incm90__toff59132__Om0__om165,1.5235997089637312,0.09339057156993097,25.178065354578585,250.46053250821456,1.644635514136761,0.06492537479197331,24.40500997768935,354.92471255941985,True,770.3700470939049
20260811_184731__rp1p25__vinf25__incm90__toff59132__Om0__om180,1.523599746911277,0.09339056533633976,25.178065150418718,250.46054759480606,1.6405067653499286,0.0643019225946162,23.648535587927682,342.78279814975656,True,767.4709238638058
20260811_184731__rp1p25__vinf25__incm90__toff59132__Om0__om195,1.5235997680175888,0.09339056442928867,25.178064714776635,250.46055613552676,1.6284036479978075,0.060189844970767195,22.908603524036323,328.811317425202,True,758.9933875446392
20260811_184731__rp1p25__vinf25__incm90__toff59132__Om0__om210,1.5235937821201238,0.09339058309325797,25.178030921413463,250.45988391790866,1.6093480291543147,0.05215723106999526,22.222151966648976,309.0569900041082,True,745.7098009085878
20260811_184731__rp1p25__vinf25__incm90__toff59132__Om0__om225,1.5235997834371329,0.09339055762959328,25.178065168633605,250.46056201645064,1.586960444125118,0.04756137429714124,21.655284015112546,285.0298029910071,True,730.2037267318827
20260811_184731__rp1p25__vinf25__incm90__toff59132__Om0__om240,1.5235997984558027,0.09339055800700251,25.178064729955697,250.4605681535644,1.5665052082389674,0.043264405778833455,21.307764121764823,260.4381385363939,True,716.1313019261304
20260811_184731__rp1p25__vinf25__incm90__toff59132__Om0__om255,1.5235966350432972,0.0933906033004062,25.17804774798569,250.46016474210023,1.5612132650226245,0.03009144107910544,21.257924215982438,241.0935213578694,True,712.5055331485889
20260811_184731__rp1p25__vinf25__incm90__toff59132__Om0__om270,1.5236006885023259,0.0933881282404525,25.17806606292672,250.46041562048975,1.593104100807606,0.010135845050535504,21.218172554701226,95.70967826869287,True,734.4481236650573
20260811_184731__rp1p25__vinf25__incm90__toff59132__Om0__om285,1.5235988024951388,0.09339299948609611,25.17806468266003,250.4606782365218,1.6697056418889025,0.08411231220570053,20.844711973539667,69.96609145769348,True,788.0517980813528
20260811_184731__rp1p25__vinf25__incm90__toff59132__Om0__om30,1.523599781915222,0.0933905579507076,25.178065167874667,250.46056141554874,1.3856194856297033,0.19173819802908854,25.352853026615495,168.55980555239773,True,595.7456302022166
20260811_184731__rp1p25__vinf25__incm90__toff59132__Om0__om300,1.5235976722459363,0.09339300619880209,25.17805814710206,250.4605491771331,1.6929318783871856,0.0825949032241836,20.900982264064805,107.96976068900703,True,804.5519962961183
20260811_184731__rp1p25__vinf25__incm90__toff59132__Om0__om315,1.5235973196103987,0.09339300305324716,25.178056017806355,250.46051566079942,1.6055506758201914,0.09114338950652034,20.072816486815263,159.08716468711688,True,743.0720378350903
20260811_184731__rp1p25__vinf25__incm90__toff59132__Om0__om330,1.523597748508602,0.09338813171138449,25.178048523117095,250.46010071775407,1.5019826020103884,0.1396863031651402,19.66848560803687,183.09680751830925,True,672.3451021474674
20260811_184731__rp1p25__vinf25__incm90__toff59132__Om0__om345,1.5235996860348555,0.09339057818093002,25.178065120060584,250.46052355873752,1.4299856587335356,0.18143854515724864,20.278429282583456,185.21144408319356,True,624.5862443821302
20260811_184731__rp1p25__vinf25__incm90__toff59132__Om0__om45,1.5235998138753473,0.09339055120730899,25.178065183812695,250.4605740344896,1.408681814890199,0.16652274179982218,26.679293906527533,162.75795305439365,True,610.6807842206215
20260811_184731__rp1p25__vinf25__incm90__toff59132__Om0__om60,1.5235997949015725,0.09339055432409821,25.178065285892615,250.4605664911914,1.4451632823966478,0.13380633640088518,27.441696112766245,152.78115887445824,True,634.5564612047399
20260811_184731__rp1p25__vinf25__incm90__toff59132__Om0__om75,1.523599746911277,0.09339056533633976,25.178065150418718,250.46054759480606,1.486420878556077,0.09566252477425845,27.744241592705915,144.7044778653883,True,661.9231764421532
20260811_184731__rp1p25__vinf25__incm90__toff59132__Om0__om90,1.5235976024055813,0.0933881625395722,25.178048450256167,250.46004302997494,1.5288069535618438,0.06364223870897447,27.616465530540445,126.65159061229244,True,690.4366972382585
20260811_184731__rp1p25__vinf25__incm90__toff59132__Om180__om0,1.523599746911277,0.09339056533633976,25.178065150418718,250.46054759480606,1.8339181155942483,0.11566253170159133,24.56599808002589,354.5473869429323,True,907.1201270797918
20260811_184731__rp1p25__vinf25__incm90__toff59132__Om180__om105,1.5235972945490626,0.09339300745454825,25.17805611685045,250.46050571417237,1.73384563759344,0.3483146739098621,28.456039567896728,178.4063754006946,True,833.8934017793689
20260811_184731__rp1p25__vinf25__incm90__toff59132__Om180__om120,1.5235976713573813,0.09339300527808006,25.17805828608641,250.46054876155057,2.0680272525130103,0.25494724333745805,21.22060256102024,76.17270179999562,True,1086.248722607041
20260811_184731__rp1p25__vinf25__incm90__toff59132__Om180__om135,1.5235980732273875,0.0933929987004939,25.178060356287126,250.46060175562803,1.9968898023918265,0.2618190279283385,22.5694453909143,82.81085491774691,True,1030.6852027962882
20260811_184731__rp1p25__vinf25__incm90__toff59132__Om180__om15,1.5235997644633585,0.09339056074638508,25.178065270713553,250.46055447315342,1.7670690837190122,0.08334534998224961,25.463895192125282,359.0143109153685,True,857.9760902515876
20260811_184731__rp1p25__vinf25__incm90__toff59132__Om180__om150,1.5236007629758233,0.0933881143000171,25.178065876981787,250.46044512949163,1.768016754162253,0.1734685549199431,23.35729678480071,104.75994920654847,True,858.6663753049554
20260811_184731__rp1p25__vinf25__incm90__toff59132__Om180__om165,1.5235996846131636,0.09339057670776924,25.17806534243534,250.4605228937878,1.5799367435143907,0.12145680697699575,23.973155043205825,143.57823859484873,True,725.3614005772653
20260811_184731__rp1p25__vinf25__incm90__toff59132__Om180__om180,1.5235996616842886,0.09339058331877058,25.178065107917316,250.4605139443122,1.4418115931991387,0.13358805544946833,24.16540280694403,183.6042552866042,True,632.3502028313447
20260811_184731__rp1p25__vinf25__incm90__toff59132__Om180__om195,1.5235996401771066,0.09339059140293463,25.17806465102451,250.46050565978757,1.349585725879165,0.16915797298740456,23.666794829814833,201.6673039830944,True,572.6583619474131
20260811_184731__rp1p25__vinf25__incm90__toff59132__Om180__om210,1.5235937501602512,0.09339058983708393,25.178030905474802,250.45987129908673,1.302104929645745,0.18754798249994117,22.557510245788542,208.80117114507334,True,542.705055222613
20260811_184731__rp1p25__vinf25__incm90__toff59132__Om180__om225,1.5235998138753473,0.09339055120730899,25.178065183812695,250.4605740344896,1.3032056281101219,0.18095470397573932,21.032039281311377,213.0305812654181,True,543.3933417371871
20260811_184731__rp1p25__vinf25__incm90__toff59132__Om180__om240,1.5235997984558027,0.09339055800700251,25.178064729955697,250.4605681535644,1.3442412284895566,0.14797791186061118,19.84920565921332,213.9670617478069,True,569.2600534715463
20260811_184731__rp1p25__vinf25__incm90__toff59132__Om180__om255,1.5235967324451831,0.09339058274840367,25.178047796559685,250.46020319962483,1.418780079629759,0.09702893387984089,19.015224347949538,222.50346634160886,True,617.2591202682038
20260811_184731__rp1p25__vinf25__incm90__toff59132__Om180__om270,1.5236006154505308,0.09338814365407068,25.178066026497007,250.46038677646868,1.521972359468528,0.05293142482716087,18.854530532526486,255.885760901659,True,685.8119373879963
20260811_184731__rp1p25__vinf25__incm90__toff59132__Om180__om285,1.5235988755467627,0.09339298407271565,25.178064719089836,250.46070707907455,1.6372906601660924,0.06334679834344809,19.30447326633203,314.758242237917,True,765.2151662334367
20260811_184731__rp1p25__vinf25__incm90__toff59132__Om180__om30,1.5235998138753473,0.09339055120730899,25.178065183812695,250.4605740344896,1.6848739352270325,0.0401855205878547,26.18350656399921,6.692826303110686,True,798.8146298447296
20260811_184731__rp1p25__vinf25__incm90__toff59132__Om180__om300,1.5235994636936323,0.09338815845104116,25.178059034041073,250.4602494201181,1.7456309716209595,0.10129874004602929,20.17847569011242,334.8191296965989,True,842.4100714453281
20260811_184731__rp1p25__vinf25__incm90__toff59132__Om180__om315,1.5235973439608914,0.09339299791537238,25.178056029949726,250.46052527496096,1.8281118515335129,0.130156934692019,21.272897040175668,341.9521369426996,True,902.8155663625105
20260811_184731__rp1p25__vinf25__incm90__toff59132__Om180__om330,1.5235977241580965,0.09338813684940936,25.178048510973582,250.46009110312139,1.8710052342493293,0.1402712425631862,22.412663490720806,346.00024191432726,True,934.7756610193245
20260811_184731__rp1p25__vinf25__incm90__toff59132__Om180__om345,1.5235997103854233,0.09339057304309195,25.178065132203816,250.46053317316415,1.8706493068257353,0.134371110403549,23.53241787949683,349.8597111103063,True,934.5089355744908
20260811_184731__rp1p25__vinf25__incm90__toff59132__Om180__om45,1.5235997834371329,0.09339055762959328,25.178065168633605,250.46056201645064,1.5969128181126377,0.010049601139590091,26.607167775938226,157.488833901483,True,737.0835225638972
20260811_184731__rp1p25__vinf25__incm90__toff59132__Om180__om60,1.5235997949015725,0.09339055432409821,25.178065285892615,250.4605664911914,1.5160465462413437,0.05557049342281237,26.51266158026614,180.5456017051268,True,681.8105160858312
20260811_184731__rp1p25__vinf25__incm90__toff59132__Om180__om75,1.5235996495090056,0.09339058588769192,25.178065101845696,250.46050913709968,1.4646403361923928,0.08443874661368611,25.668010572249365,180.58496755287933,True,647.4278511117922
20260811_184731__rp1p25__vinf25__incm90__toff59132__Om180__om90,1.5235976754570875,0.09338814712546681,25.178048486686606,250.46007187385936,1.487813396636674,0.06842355573046154,24.30690078238097,127.57073204699094,True,662.853554757259
20260811_184731__rp1p25__vinf25__incm90__toff59132__Om270__om0,1.5235963276533209,0.09339068310116314,25.178069023021006,250.45978911656184,1.2056039330336694,0.3228874982966901,27.74454100104696,192.8903786830567,True,483.50600971373257
20260811_184731__rp1p25__vinf25__incm90__toff59132__Om270__om105,1.5235948197084943,0.09339069107559497,25.178060457130556,250.4596165861748,1.5805390195805953,0.14626715108906257,21.189918745655927,250.42804488555953,True,725.776204629253
20260811_184731__rp1p25__vinf25__incm90__toff59132__Om270__om120,1.5235951965165013,0.09339068889763373,25.17806262638673,250.45965963555864,1.5291135576023915,0.1211763434688374,23.871897219368208,245.8162044698713,True,690.6444094945101
20260811_184731__rp1p25__vinf25__incm90__toff59132__Om270__om135,1.5235955692855407,0.09339068072627388,25.178064480492687,250.45970058011613,1.4678381810284329,0.13334250112019913,25.877274832252834,244.07454446525645,True,649.5493652923029
20260811_184731__rp1p25__vinf25__incm90__toff59132__Om270__om15,1.5235996418671853,0.09339059084587661,25.178065154696615,250.46051795781693,1.1743712283823668,0.37220758485575717,30.16302689261774,192.59137424458447,True,464.8394689205237
20260811_184731__rp1p25__vinf25__incm90__toff59132__Om270__om150,1.5235963262316354,0.09339068162801521,25.178069245395704,250.45978845160334,1.4182321505853075,0.1605351047845167,27.234490816111798,246.09243174394277,True,616.9015790801639
20260811_184731__rp1p25__vinf25__incm90__toff59132__Om270__om165,1.5235963214814952,0.09339067489789514,25.178069041423797,250.45978601424446,1.3943483486681731,0.18865535270849138,27.852750951988394,249.81520511240745,True,601.3839348749027
20260811_184731__rp1p25__vinf25__incm90__toff59132__Om270__om180,1.5236029598857435,0.0933905034411636,25.178061166023554,250.46124868395654,1.4017939250354698,0.20418865247760687,27.59516629845761,253.73527422911604,True,606.2072871333321
20260811_184731__rp1p25__vinf25__incm90__toff59132__Om270__om195,1.523599641858794,0.09339058948114683,25.17806444578092,250.4605177922051,1.442580638448411,0.20510178252183717,26.544540768895004,258.3276535091458,True,632.856202467515
20260811_184731__rp1p25__vinf25__incm90__toff59132__Om270__om210,1.5235940219234927,0.09339060740147763,25.178030143477685,250.45991764540923,1.5077087081382299,0.19299409833735237,24.943649765435172,263.62259995233853,True,676.1936018578957
20260811_184731__rp1p25__vinf25__incm90__toff59132__Om270__om225,1.5235979851146872,0.09339063734027288,25.178067033260064,250.46015370326433,1.5793405860653649,0.17464187119627442,23.206133763638146,268.88850852412713,True,724.9508884388148
20260811_184731__rp1p25__vinf25__incm90__toff59132__Om270__om240,1.5235963257465521,0.09339067931733891,25.178068374299688,250.45978800912013,1.632920731849392,0.15604737857129106,21.722421625477576,271.1816284913272,True,762.1536726907299
20260811_184731__rp1p25__vinf25__incm90__toff59132__Om270__om255,1.523599940666633,0.09339051411185503,25.17804360834453,250.46090185150928,1.6460238618750869,0.14012071936482384,20.725392189940845,267.08439960952245,True,771.3457348888377
20260811_184731__rp1p25__vinf25__incm90__toff59132__Om270__om270,1.5236095845562059,0.09339031415372546,25.17805354996595,250.46270448943267,1.6147774489304714,0.12752197776721844,20.7213714751843,255.41174449256323,True,749.4866574623381
20260811_184731__rp1p25__vinf25__incm90__toff59132__Om270__om285,1.5235963229031806,0.09339067637104304,25.1780688190491,250.4597866792031,1.544435103718827,0.1292223573471392,21.22213956922715,235.86716710029611,True,701.0506376442579
20260811_184731__rp1p25__vinf25__incm90__toff59132__Om270__om30,1.523599642578031,0.09339059158245698,25.178065043509243,250.4605182902917,1.1218179576696967,0.4343995832170155,33.42190057614924,194.17883264054902,True,433.9887522471177
20260811_184731__rp1p25__vinf25__incm90__toff59132__Om270__om300,1.5236084571467257,0.09339032379980973,25.178046569826883,250.46257675361906,1.4559226233405498,0.15276521024507406,22.1251760854153,216.97311268808957,True,641.6561100547585
20260811_184731__rp1p25__vinf25__incm90__toff59132__Om270__om315,1.5235948204193357,0.09339069181216347,25.178060345943134,250.45961691865668,1.3692002164341746,0.1942939021144249,23.215642851812664,204.75274028904354,True,585.1878911389924
20260811_184731__rp1p25__vinf25__incm90__toff59132__Om270__om330,1.5235933070187635,0.09339069232219714,25.17805168741102,250.4594416193758,1.298773728166011,0.24047128101461135,24.523573414745908,198.33185142526284,True,540.6237677504263
20260811_184731__rp1p25__vinf25__incm90__toff59132__Om270__om345,1.5236029575106522,0.09339050007604817,25.178061064037816,250.4612474653214,1.249535137872492,0.2830891604089977,25.852049395434754,195.65376235634537,True,510.17315471479077
20260811_184731__rp1p25__vinf25__incm90__toff59132__Om270__om45,1.5235996390154105,0.09339058653482551,25.178064890530457,250.4605164623056,1.0702119881282062,0.5282300017224371,36.245120668007715,198.5899793801538,True,404.38925694369846
20260811_184731__rp1p25__vinf25__incm90__toff59132__Om270__om60,1.5236029591748943,0.09339050270457684,25.17806127721097,250.46124835148612,1.0859707334279454,0.6015895221253292,31.53978823182298,207.47114562525186,True,413.3539330685495
20260811_184731__rp1p25__vinf25__incm90__toff59132__Om270__om75,1.5235963300283915,0.0933906864662232,25.17806912500694,250.45979033524122,1.3314637044617064,0.4486205460989976,19.15853474515296,226.2530161037365,True,561.162821954286
20260811_184731__rp1p25__vinf25__incm90__toff59132__Om270__om90,1.5235999368698594,0.09339050927360919,25.17804372873435,250.46089996790187,1.5587691028850061,0.23918696370418532,18.241838791915505,245.6660888206244,True,710.8329904086839
20260811_184731__rp1p25__vinf25__incm90__toff59132__Om90__om0,1.5236029598857435,0.0933905034411636,25.178061166023554,250.46124868395654,1.5793908525519906,0.1736161579002516,28.014978095965283,252.38123216187475,True,724.9854987924132
20260811_184731__rp1p25__vinf25__incm90__toff59132__Om90__om105,1.5235948149583636,0.0933906843454957,25.178060253159135,250.45961414879554,1.2594671242946414,0.269156354867048,25.520040561902047,201.608965011427,True,516.2679274153652
20260811_184731__rp1p25__vinf25__incm90__toff59132__Om90__om120,1.5236084562581582,0.09339032287906557,25.178046708811312,250.46257633803953,1.2260620320114612,0.31191082734733494,23.90536981114496,196.2223092573907,True,495.8651171130315
20260811_184731__rp1p25__vinf25__incm90__toff59132__Om90__om135,1.5235955740356764,0.09339068745638357,25.17806468446436,250.4597030174851,1.1876045512994673,0.34851148431850965,21.742681187372416,194.4288983653685,True,472.71857986420036
20260811_184731__rp1p25__vinf25__incm90__toff59132__Om90__om15,1.5235996383045647,0.09339058579824516,25.178065001717844,250.4605161298308,1.6197693449144073,0.15538016519662423,29.220462228409584,255.06107263203197,True,752.964767814764
20260811_184731__rp1p25__vinf25__incm90__toff59132__Om90__om150,1.5235963214814952,0.09339067489789514,25.178069041423797,250.45978601424446,1.1487934810246048,0.3981336303810483,18.64293173299667,194.00871232060433,True,449.73618960246864
20260811_184731__rp1p25__vinf25__incm90__toff59132__Om90__om165,1.5236029560889544,0.09339049860287478,25.17806128641265,250.46124680038048,1.0950849127680193,0.4704367951589479,14.847657042401087,197.9597067875571,True,418.5685424370819
20260811_184731__rp1p25__vinf25__incm90__toff59132__Om90__om180,1.5235963276533209,0.09339068310116314,25.178069023021006,250.45978911656184,1.051133376165079,0.5725528771432311,12.724059801253615,202.53898686804385,True,393.62405565856767
20260811_184731__rp1p25__vinf25__incm90__toff59132__Om90__om195,1.523599645421415,0.09339059452877839,25.17806459875971,250.460519620191,1.1439517395224272,0.5846888689565114,23.19900620132944,208.64514923384007,True,446.8959788303641
20260811_184731__rp1p25__vinf25__incm90__toff59132__Om90__om210,1.5235936108238335,0.09339062347031457,25.17803078110479,250.45982817434827,1.4377200236758116,0.3610164731672248,32.26265547355604,234.44827584075298,True,629.6603905154898
20260811_184731__rp1p25__vinf25__incm90__toff59132__Om90__om225,1.5235996390154105,0.09339058653482551,25.178064890530457,250.4605164623056,1.5795310088464865,0.19954495370592898,31.098793484719653,254.98438480980107,True,725.0820045450658
20260811_184731__rp1p25__vinf25__incm90__toff59132__Om90__om240,1.5236029627291394,0.09339050638751056,25.178060721273866,250.46125001383814,1.565250958768331,0.13359342194096316,28.427655332504713,260.18320672330697,True,715.2713997505838
20260811_184731__rp1p25__vinf25__incm90__toff59132__Om90__om255,1.5235933155656258,0.09339070389044091,25.178051770992496,250.45944594044437,1.513918491294483,0.12031930089918222,26.21573939783784,257.84160704919987,True,680.3754470607549
20260811_184731__rp1p25__vinf25__incm90__toff59132__Om90__om270,1.523602949917075,0.09339049039947094,25.178061304816012,250.46124369816874,1.4596649994642157,0.1362632848742065,24.490655561077997,257.1450309491475,True,644.1317165095077
20260811_184731__rp1p25__vinf25__incm90__toff59132__Om90__om285,1.5235963276533209,0.09339068310116314,25.178069023021006,250.45978911656184,1.4180777633479322,0.16439212371183953,23.23292812544534,256.521454216354,True,616.8008489509724
20260811_184731__rp1p25__vinf25__incm90__toff59132__Om90__om30,1.5236000536784384,0.09339057551648312,25.178064405842562,250.4606077614492,1.625824123250525,0.14176676577823707,29.762258687707927,254.35188185634686,True,757.1906404080473
20260811_184731__rp1p25__vinf25__incm90__toff59132__Om90__om300,1.5235951974050534,0.09339068981834604,25.17806248740247,250.45966005116017,1.4014478911897588,0.19055192693913214,22.686885582737276,253.54814441750233,True,605.9828369243261
20260811_184731__rp1p25__vinf25__incm90__toff59132__Om90__om315,1.5235948156692047,0.0933906850820642,25.178060141971713,250.45961448127747,1.4138221973876546,0.20524830243972417,23.143583292458686,250.28747628073017,True,614.0264597024344
20260811_184731__rp1p25__vinf25__incm90__toff59132__Om90__om330,1.523593311768885,0.0933906990522756,25.178051891381998,250.45944405677557,1.4551410675560945,0.20449295785381924,24.498392773764994,248.22488933670803,True,641.1395069788153
20260811_184731__rp1p25__vinf25__incm90__toff59132__Om90__om345,1.5235963229031806,0.09339067637104304,25.1780688190491,250.4597866792031,1.5165658914322533,0.1918440578073134,26.31423013730471,249.08764293008824,True,682.1608931936137
20260811_184731__rp1p25__vinf25__incm90__toff59132__Om90__om45,1.5235979851146872,0.09339063734027288,25.178067033260064,250.46015370326433,1.5742639993578285,0.13506124027981753,29.594301273829263,243.85399589607925,True,721.4583070601155
20260811_184731__rp1p25__vinf25__incm90__toff59132__Om90__om60,1.523596322192338,0.0933906756344691,25.178068930236453,250.45978634672377,1.4967172078210653,0.14733283820027043,28.95571185495213,229.23160541714336,True,668.8127134730406
20260811_184731__rp1p25__vinf25__incm90__toff59132__Om90__om75,1.5236029551355612,0.09339049671093293,25.178060962052065,250.46124624668613,1.4074268620920263,0.18116576109895094,28.006208292182812,216.1915089503425,True,609.8649099328401
20260811_184731__rp1p25__vinf25__incm90__toff59132__Om90__om90,1.5236065715028018,0.0933903330045106,25.178035974189168,250.46236075885042,1.3273730235013996,0.22757018606821675,26.889219428275013,207.37598963941497,True,558.578702683531
20260811_184731__rp1p5__vinf25__inc0__toff59132__Om0__om0,1.5235952466004772,0.09339065852046051,25.17806277819113,250.4596761900218,1.7194238512516262,0.028495092673155673,27.30268741910077,72.1355127141187,True,823.5108254902703
20260811_184731__rp1p5__vinf25__inc0__toff59132__Om0__om105,1.5235975939454631,0.0933930079679369,25.178058369830385,250.46052700731033,1.710950623426199,0.13424553098289385,28.224675115456385,295.878000216306,True,817.4310058925035
20260811_184731__rp1p5__vinf25__inc0__toff59132__Om0__om120,1.5235976460897394,0.09339301149287703,25.178058103265517,250.46052915610622,1.8733088621125589,0.16055797462847513,27.832509289873833,319.8374212360195,True,936.5025706281925
20260811_184731__rp1p5__vinf25__inc0__toff59132__Om0__om135,1.5235995291213513,0.09338812602757093,25.178059227643676,250.46028371837753,1.9734572667955195,0.17655833030853565,27.434146144433264,332.6255973598514,True,1012.5966407092169
20260811_184731__rp1p5__vinf25__inc0__toff59132__Om0__om15,1.5235953074765451,0.0933906456752832,25.17806280854936,250.45970022591206,1.4273952362698408,0.12235894539109111,26.29118512735184,215.94682055026908,True,622.8898539881279
20260811_184731__rp1p5__vinf25__inc0__toff59132__Om0__om150,1.5236009783652942,0.09339289599627522,25.178054273870547,250.46128317973347,1.9812083142422474,0.17187302473325944,26.87986400848502,338.9015785059301,True,1018.568180925064
20260811_184731__rp1p5__vinf25__inc0__toff59132__Om0__om165,1.5235952564006237,0.09339065258637075,25.178062682276998,250.45967977851245,1.9109337794935022,0.14045670002420602,26.447958173710806,342.2145909342867,True,964.8578811218895
20260811_184731__rp1p5__vinf25__inc0__toff59132__Om0__om180,1.5235951491987814,0.09339067907277757,25.17806272961797,250.45963773261235,1.8067465720869265,0.09668549516518192,26.057045730289225,347.1523442940082,True,887.0349901919358
20260811_184731__rp1p5__vinf25__inc0__toff59132__Om0__om195,1.5235952892137246,0.09339064952883469,25.178062799441893,250.45969301514415,1.6764956205968335,0.03751795436393042,25.769566888918398,344.19657958485544,True,792.8636861982718
20260811_184731__rp1p5__vinf25__inc0__toff59132__Om0__om210,1.5235953069877504,0.0933906806982934,25.178062808355847,250.4597079009852,1.5434024373912014,0.03470955080748827,25.65245091580011,198.76858229306322,True,700.3476326843207
20260811_184731__rp1p5__vinf25__inc0__toff59132__Om0__om225,1.5236084880798089,0.09339029635619948,25.178046851509258,250.46258568258747,1.4139907546535027,0.1103950805864168,25.895281084395297,193.26033350419982,True,614.1362702282603
20260811_184731__rp1p5__vinf25__inc0__toff59132__Om0__om240,1.523595173549204,0.09339067393469445,25.178062741761263,250.45964734696298,1.2842629401179946,0.20678497036128127,27.219086264690617,195.85403748472558,True,531.5887945894528
20260811_184731__rp1p5__vinf25__inc0__toff59132__Om0__om255,1.5236018521052535,0.09339048062494375,25.17805480717993,250.46112492470587,1.169725756748502,0.2895785575497789,30.00024105256043,202.7160887005388,True,462.08404335755864
20260811_184731__rp1p5__vinf25__inc0__toff59132__Om0__om270,1.5236008809628632,0.09339291654701597,25.178054225296908,250.46124472284475,1.0890544512112226,0.39423367692614714,34.12905695798625,212.9587949585284,True,415.1158194045659
20260811_184731__rp1p5__vinf25__inc0__toff59132__Om0__om285,1.52359751495628,0.0933930149688322,25.178058078436088,250.46049511826544,1.6651941701934996,0.21756145618164427,49.56578506600872,325.19917222572917,True,784.8600342205485
20260811_184731__rp1p5__vinf25__inc0__toff59132__Om0__om30,1.5235952562600583,0.09339065847734876,25.178062379827978,250.45968281425525,1.2942297463895085,0.20134946090877331,26.692142193320954,216.9841334461473,True,537.7890538827066
20260811_184731__rp1p5__vinf25__inc0__toff59132__Om0__om300,1.5235978775860723,0.09339300058265161,25.178057865100996,250.46058432354548,-7.333453368115628,1.2024415844879595,67.44802059803808,38.50989705337275,False,
20260811_184731__rp1p5__vinf25__inc0__toff59132__Om0__om315,1.5235994061810092,0.09338815003471794,25.17805911593417,250.4602350357422,-10.00547655268272,1.1949885688513024,56.24867659976912,51.11487259517044,False,
20260811_184731__rp1p5__vinf25__inc0__toff59132__Om0__om330,1.5235943265360001,0.09339308753257032,25.17806232257613,250.45981646984868,5.874186875303663,0.6707033700215588,38.282627620403474,48.701368145422045,True,5200.15789145076
20260811_184731__rp1p5__vinf25__inc0__toff59132__Om0__om345,1.5235951346485042,0.0933906782767689,25.178062621560553,250.45963170674918,2.411241477935038,0.27285969662332016,30.358259740232445,45.17997578551896,True,1367.5901083482643
20260811_184731__rp1p5__vinf25__inc0__toff59132__Om0__om45,1.5235951687990708,0.09339066720459098,25.178062537789714,250.45964490958738,1.2509971345702022,0.22985625295875986,27.09521165849491,218.46083305696138,True,511.0687953123713
20260811_184731__rp1p5__vinf25__inc0__toff59132__Om0__om60,1.523595229675131,0.09339065435939262,25.178062568147954,250.45966894547036,1.2815918746416834,0.2167343649350598,27.93793683930499,222.95177140797747,True,529.9312252401743
20260811_184731__rp1p5__vinf25__inc0__toff59132__Om0__om75,1.5236018010288945,0.09339048753528789,25.178054680907557,250.46110447713016,1.3798206840018694,0.17580921657180623,28.30853319917739,234.30000376301967,True,592.0097627460615
20260811_184731__rp1p5__vinf25__inc0__toff59132__Om0__om90,1.5236008542371737,0.0933929183195962,25.17805411116792,250.46123389002435,1.531551030510132,0.1360910372241513,28.410383348532367,260.2119440271818,True,692.2964428386057
20260811_184731__rp1p5__vinf25__inc0__toff59132__Om180__om0,1.5235951491987814,0.09339067907277757,25.17806272961797,250.45963773261235,1.8067465720869265,0.09668549516518192,26.057045730289225,347.1523442940082,True,887.0349901919358
20260811_184731__rp1p5__vinf25__inc0__toff59132__Om180__om105,1.52359751495628,0.0933930149688322,25.178058078436088,250.46049511826544,1.6651941739024425,0.21756146268038726,49.56578508743252,325.19917322010303,True,784.8600368427664
20260811_184731__rp1p5__vinf25__inc0__toff59132__Om180__om120,1.5235978775860723,0.09339300058265161,25.178057865100996,250.46058432354548,-7.333453368115628,1.2024415844879595,67.44802059803808,38.50989705337275,False,
20260811_184731__rp1p5__vinf25__inc0__toff59132__Om180__om135,1.5235994061810092,0.09338815003471794,25.17805911593417,250.4602350357422,-10.00547655268272,1.1949885688513024,56.24867659976912,51.11487259517044,False,
20260811_184731__rp1p5__vinf25__inc0__toff59132__Om180__om15,1.5235952892137246,0.09339064952883469,25.178062799441893,250.45969301514415,1.6764956205968335,0.03751795436393042,25.769566888918398,344.19657958485544,True,792.8636861982718
20260811_184731__rp1p5__vinf25__inc0__toff59132__Om180__om150,1.5235943265360001,0.09339308753257032,25.17806232257613,250.45981646984868,5.874186875303663,0.6707033700215588,38.282627620403474,48.701368145422045,True,5200.15789145076
20260811_184731__rp1p5__vinf25__inc0__toff59132__Om180__om165,1.5235951346485042,0.0933906782767689,25.178062621560553,250.45963170674918,2.411241477935038,0.27285969662332016,30.358259740232445,45.17997578551896,True,1367.5901083482643
20260811_184731__rp1p5__vinf25__inc0__toff59132__Om180__om180,1.5235952466004772,0.09339065852046051,25.17806277819113,250.4596761900218,1.7194238512516262,0.028495092673155673,27.30268741910077,72.1355127141187,True,823.5108254902703
20260811_184731__rp1p5__vinf25__inc0__toff59132__Om180__om195,1.5235953074765451,0.0933906456752832,25.17806280854936,250.45970022591206,1.4273952362698408,0.12235894539109111,26.29118512735184,215.94682055026908,True,622.8898539881279
20260811_184731__rp1p5__vinf25__inc0__toff59132__Om180__om210,1.5235952562600583,0.09339065847734876,25.178062379827978,250.45968281425525,1.29422970751313,0.2013494313089176,26.69214217992015,216.9841263383864,True,537.789029651355
20260811_184731__rp1p5__vinf25__inc0__toff59132__Om180__om225,1.5235951687990708,0.09339066720459098,25.178062537789714,250.45964490958738,1.2509971345702022,0.22985625295875986,27.09521165849491,218.46083305696138,True,511.0687953123713
20260811_184731__rp1p5__vinf25__inc0__toff59132__Om180__om240,1.523595229675131,0.09339065435939262,25.178062568147954,250.45966894547036,1.2815918792992598,0.21673438918758647,27.937936821041877,222.95177748226558,True,529.9312281289976
20260811_184731__rp1p5__vinf25__inc0__toff59132__Om180__om255,1.5236018010288945,0.09339048753528789,25.178054680907557,250.46110447713016,1.3798206840018694,0.17580921657180623,28.30853319917739,234.30000376301967,True,592.0097627460615
20260811_184731__rp1p5__vinf25__inc0__toff59132__Om180__om270,1.5236008542371737,0.0933929183195962,25.17805411116792,250.46123389002435,1.531551030510132,0.1360910372241513,28.410383348532367,260.2119440271818,True,692.2964428386057
20260811_184731__rp1p5__vinf25__inc0__toff59132__Om180__om285,1.5235975939454631,0.0933930079679369,25.178058369830385,250.46052700731033,1.710950623426199,0.13424553098289385,28.224675115456385,295.878000216306,True,817.4310058925035
20260811_184731__rp1p5__vinf25__inc0__toff59132__Om180__om30,1.5235953069877504,0.0933906806982934,25.178062808355847,250.4597079009852,1.5434024373912014,0.03470955080748827,25.65245091580011,198.76858229306322,True,700.3476326843207
20260811_184731__rp1p5__vinf25__inc0__toff59132__Om180__om300,1.5235976460897394,0.09339301149287703,25.178058103265517,250.46052915610622,1.8733088621125589,0.16055797462847513,27.832509289873833,319.8374212360195,True,936.5025706281925
20260811_184731__rp1p5__vinf25__inc0__toff59132__Om180__om315,1.5235995291213513,0.09338812602757093,25.178059227643676,250.46028371837753,1.9734572667955195,0.17655833030853565,27.434146144433264,332.6255973598514,True,1012.5966407092169
20260811_184731__rp1p5__vinf25__inc0__toff59132__Om180__om330,1.5236009783652942,0.09339289599627522,25.178054273870547,250.46128317973347,1.9812083142422474,0.17187302473325944,26.87986400848502,338.9015785059301,True,1018.568180925064
20260811_184731__rp1p5__vinf25__inc0__toff59132__Om180__om345,1.5235952564006237,0.09339065258637075,25.178062682276998,250.45967977851245,1.9109337794935022,0.14045670002420602,26.447958173710806,342.2145909342867,True,964.8578811218895
20260811_184731__rp1p5__vinf25__inc0__toff59132__Om180__om45,1.5236084880798089,0.09339029635619948,25.178046851509258,250.46258568258747,1.4139907546535027,0.1103950805864168,25.895281084395297,193.26033350419982,True,614.1362702282603
20260811_184731__rp1p5__vinf25__inc0__toff59132__Om180__om60,1.523595173549204,0.09339067393469445,25.178062741761263,250.45964734696298,1.2842629401179946,0.20678497036128127,27.219086264690617,195.85403748472558,True,531.5887945894528
20260811_184731__rp1p5__vinf25__inc0__toff59132__Om180__om75,1.5236018521052535,0.09339048062494375,25.17805480717993,250.46112492470587,1.169725756748502,0.2895785575497789,30.00024105256043,202.7160887005388,True,462.08404335755864
20260811_184731__rp1p5__vinf25__inc0__toff59132__Om180__om90,1.5236008809628632,0.09339291654701597,25.178054225296908,250.46124472284475,1.0890544512112226,0.39423367692614714,34.12905695798625,212.9587949585284,True,415.1158194045659
20260811_184731__rp1p5__vinf25__inc0__toff59132__Om270__om0,1.5236008809628632,0.09339291654701597,25.178054225296908,250.46124472284475,1.0890544512112226,0.39423367692614714,34.12905695798625,212.9587949585284,True,415.1158194045659
20260811_184731__rp1p5__vinf25__inc0__toff59132__Om270__om105,1.5235953074765451,0.0933906456752832,25.17806280854936,250.45970022591206,1.4273952362698408,0.12235894539109111,26.29118512735184,215.94682055026908,True,622.8898539881279
20260811_184731__rp1p5__vinf25__inc0__toff59132__Om270__om120,1.5235952562600583,0.09339065847734876,25.178062379827978,250.45968281425525,1.29422970751313,0.2013494313089176,26.69214217992015,216.9841263383864,True,537.789029651355
20260811_184731__rp1p5__vinf25__inc0__toff59132__Om270__om135,1.5235951687990708,0.09339066720459098,25.178062537789714,250.45964490958738,1.2509971345702022,0.22985625295875986,27.09521165849491,218.46083305696138,True,511.0687953123713
20260811_184731__rp1p5__vinf25__inc0__toff59132__Om270__om15,1.52359751495628,0.0933930149688322,25.178058078436088,250.46049511826544,1.6651941739024425,0.21756146268038726,49.56578508743252,325.19917322010303,True,784.8600368427664
20260811_184731__rp1p5__vinf25__inc0__toff59132__Om270__om150,1.523595229675131,0.09339065435939262,25.178062568147954,250.45966894547036,1.2815918746416834,0.2167343649350598,27.93793683930499,222.95177140797747,True,529.9312252401743
20260811_184731__rp1p5__vinf25__inc0__toff59132__Om270__om165,1.5236018010288945,0.09339048753528789,25.178054680907557,250.46110447713016,1.3798196967596574,0.17580876875827794,28.30853560547297,234.29985187137527,True,592.0091273842389
20260811_184731__rp1p5__vinf25__inc0__toff59132__Om270__om180,1.5236008542371737,0.0933929183195962,25.17805411116792,250.46123389002435,1.531551030510132,0.1360910372241513,28.410383348532367,260.2119440271818,True,692.2964428386057
20260811_184731__rp1p5__vinf25__inc0__toff59132__Om270__om195,1.5235975939454631,0.0933930079679369,25.178058369830385,250.46052700731033,1.710950623426199,0.13424553098289385,28.224675115456385,295.878000216306,True,817.4310058925035
20260811_184731__rp1p5__vinf25__inc0__toff59132__Om270__om210,1.5235976460897394,0.09339301149287703,25.178058103265517,250.46052915610622,1.8733088621125589,0.16055797462847513,27.832509289873833,319.8374212360195,True,936.5025706281925
20260811_184731__rp1p5__vinf25__inc0__toff59132__Om270__om225,1.5235995291213513,0.09338812602757093,25.178059227643676,250.46028371837753,1.9734572667955195,0.17655833030853565,27.434146144433264,332.6255973598514,True,1012.5966407092169
20260811_184731__rp1p5__vinf25__inc0__toff59132__Om270__om240,1.5236009783652942,0.09339289599627522,25.178054273870547,250.46128317973347,1.9812083142422474,0.17187302473325944,26.87986400848502,338.9015785059301,True,1018.568180925064
20260811_184731__rp1p5__vinf25__inc0__toff59132__Om270__om255,1.5235952564006237,0.09339065258637075,25.178062682276998,250.45967977851245,1.9109337794935022,0.14045670002420602,26.447958173710806,342.2145909342867,True,964.8578811218895
20260811_184731__rp1p5__vinf25__inc0__toff59132__Om270__om270,1.5235951491987814,0.09339067907277757,25.17806272961797,250.45963773261235,1.8067465720869265,0.09668549516518192,26.057045730289225,347.1523442940082,True,887.0349901919358
20260811_184731__rp1p5__vinf25__inc0__toff59132__Om270__om285,1.5235952892137246,0.09339064952883469,25.178062799441893,250.45969301514415,1.6764956205968335,0.03751795436393042,25.769566888918398,344.19657958485544,True,792.8636861982718
20260811_184731__rp1p5__vinf25__inc0__toff59132__Om270__om30,1.5235978775860723,0.09339300058265161,25.178057865100996,250.46058432354548,-7.333453368115628,1.2024415844879595,67.44802059803808,38.50989705337275,False,
20260811_184731__rp1p5__vinf25__inc0__toff59132__Om270__om300,1.5235953069877504,0.0933906806982934,25.178062808355847,250.4597079009852,1.5434024373912014,0.03470955080748827,25.65245091580011,198.76858229306322,True,700.3476326843207
20260811_184731__rp1p5__vinf25__inc0__toff59132__Om270__om315,1.5236084880798089,0.09339029635619948,25.178046851509258,250.46258568258747,1.4139907546535027,0.1103950805864168,25.895281084395297,193.26033350419982,True,614.1362702282603
20260811_184731__rp1p5__vinf25__inc0__toff59132__Om270__om330,1.523595173549204,0.09339067393469445,25.178062741761263,250.45964734696298,1.2842629401179946,0.20678497036128127,27.219086264690617,195.85403748472558,True,531.5887945894528
20260811_184731__rp1p5__vinf25__inc0__toff59132__Om270__om345,1.5236018521052535,0.09339048062494375,25.17805480717993,250.46112492470587,1.169725756748502,0.2895785575497789,30.00024105256043,202.7160887005388,True,462.08404335755864
20260811_184731__rp1p5__vinf25__inc0__toff59132__Om270__om45,1.5235994061810092,0.09338815003471794,25.17805911593417,250.4602350357422,-10.00547655268272,1.1949885688513024,56.24867659976912,51.11487259517044,False,
20260811_184731__rp1p5__vinf25__inc0__toff59132__Om270__om60,1.5235943265360001,0.09339308753257032,25.17806232257613,250.45981646984868,5.874186875303663,0.6707033700215588,38.282627620403474,48.701368145422045,True,5200.15789145076
20260811_184731__rp1p5__vinf25__inc0__toff59132__Om270__om75,1.5235951346485042,0.0933906782767689,25.178062621560553,250.45963170674918,2.411241477935038,0.27285969662332016,30.358259740232445,45.17997578551896,True,1367.5901083482643
20260811_184731__rp1p5__vinf25__inc0__toff59132__Om270__om90,1.5235952466004772,0.09339065852046051,25.17806277819113,250.4596761900218,1.7194238512516262,0.028495092673155673,27.30268741910077,72.1355127141187,True,823.5108254902703
20260811_184731__rp1p5__vinf25__inc0__toff59132__Om90__om0,1.5236008542371737,0.0933929183195962,25.17805411116792,250.46123389002435,1.531551030510132,0.1360910372241513,28.410383348532367,260.2119440271818,True,692.2964428386057
20260811_184731__rp1p5__vinf25__inc0__toff59132__Om90__om105,1.5235952892137246,0.09339064952883469,25.178062799441893,250.45969301514415,1.6764956205968335,0.03751795436393042,25.769566888918398,344.19657958485544,True,792.8636861982718
20260811_184731__rp1p5__vinf25__inc0__toff59132__Om90__om120,1.5235953069877504,0.0933906806982934,25.178062808355847,250.4597079009852,1.5434024373912014,0.03470955080748827,25.65245091580011,198.76858229306322,True,700.3476326843207
20260811_184731__rp1p5__vinf25__inc0__toff59132__Om90__om135,1.5236084880798089,0.09339029635619948,25.178046851509258,250.46258568258747,1.4139907546535027,0.1103950805864168,25.895281084395297,193.26033350419982,True,614.1362702282603
20260811_184731__rp1p5__vinf25__inc0__toff59132__Om90__om15,1.5235975939454631,0.0933930079679369,25.178058369830385,250.46052700731033,1.710950623426199,0.13424553098289385,28.224675115456385,295.878000216306,True,817.4310058925035
20260811_184731__rp1p5__vinf25__inc0__toff59132__Om90__om150,1.523595173549204,0.09339067393469445,25.178062741761263,250.45964734696298,1.2842629401179946,0.20678497036128127,27.219086264690617,195.85403748472558,True,531.5887945894528
20260811_184731__rp1p5__vinf25__inc0__toff59132__Om90__om165,1.5236018521052535,0.09339048062494375,25.17805480717993,250.46112492470587,1.169725756748502,0.2895785575497789,30.00024105256043,202.7160887005388,True,462.08404335755864
20260811_184731__rp1p5__vinf25__inc0__toff59132__Om90__om180,1.5236008809628632,0.09339291654701597,25.178054225296908,250.46124472284475,1.0890544512112226,0.39423367692614714,34.12905695798625,212.9587949585284,True,415.1158194045659
20260811_184731__rp1p5__vinf25__inc0__toff59132__Om90__om195,1.52359751495628,0.0933930149688322,25.178058078436088,250.46049511826544,1.6651941739024425,0.21756146268038726,49.56578508743252,325.19917322010303,True,784.8600368427664
20260811_184731__rp1p5__vinf25__inc0__toff59132__Om90__om210,1.5235978775860723,0.09339300058265161,25.178057865100996,250.46058432354548,-7.333453368115628,1.2024415844879595,67.44802059803808,38.50989705337275,False,
20260811_184731__rp1p5__vinf25__inc0__toff59132__Om90__om225,1.5235994061810092,0.09338815003471794,25.17805911593417,250.4602350357422,-10.00547655268272,1.1949885688513024,56.24867659976912,51.11487259517044,False,
20260811_184731__rp1p5__vinf25__inc0__toff59132__Om90__om240,1.5235943265360001,0.09339308753257032,25.17806232257613,250.45981646984868,5.874186875303663,0.6707033700215588,38.282627620403474,48.701368145422045,True,5200.15789145076
20260811_184731__rp1p5__vinf25__inc0__toff59132__Om90__om255,1.5235951346485042,0.0933906782767689,25.178062621560553,250.45963170674918,2.411241477935038,0.27285969662332016,30.358259740232445,45.17997578551896,True,1367.5901083482643
20260811_184731__rp1p5__vinf25__inc0__toff59132__Om90__om270,1.5235952466004772,0.09339065852046051,25.17806277819113,250.4596761900218,1.7194238512516262,0.028495092673155673,27.30268741910077,72.1355127141187,True,823.5108254902703
20260811_184731__rp1p5__vinf25__inc0__toff59132__Om90__om285,1.5235953074765451,0.0933906456752832,25.17806280854936,250.45970022591206,1.4273952362698408,0.12235894539109111,26.29118512735184,215.94682055026908,True,622.8898539881279
20260811_184731__rp1p5__vinf25__inc0__toff59132__Om90__om30,1.5235976460897394,0.09339301149287703,25.178058103265517,250.46052915610622,1.8733088621125589,0.16055797462847513,27.832509289873833,319.8374212360195,True,936.5025706281925
20260811_184731__rp1p5__vinf25__inc0__toff59132__Om90__om300,1.5235952562600583,0.09339065847734876,25.178062379827978,250.45968281425525,1.2942296686367563,0.20134940170906535,26.69214216651939,216.98411923062358,True,537.7890054200068
20260811_184731__rp1p5__vinf25__inc0__toff59132__Om90__om315,1.5235951687990708,0.09339066720459098,25.178062537789714,250.45964490958738,1.2509971345702022,0.22985625295875986,27.09521165849491,218.46083305696138,True,511.0687953123713
20260811_184731__rp1p5__vinf25__inc0__toff59132__Om90__om330,1.523595229675131,0.09339065435939262,25.178062568147954,250.45966894547036,1.2815918775526685,0.21673438009288865,27.937936827890546,222.9517752044077,True,529.9312270456887
20260811_184731__rp1p5__vinf25__inc0__toff59132__Om90__om345,1.5236018010288945,0.09339048753528789,25.178054680907557,250.46110447713016,1.3798206840018694,0.17580921657180623,28.30853319917739,234.30000376301967,True,592.0097627460615
20260811_184731__rp1p5__vinf25__inc0__toff59132__Om90__om45,1.5235995291213513,0.09338812602757093,25.178059227643676,250.46028371837753,1.9734572667955195,0.17655833030853565,27.434146144433264,332.6255973598514,True,1012.5966407092169
20260811_184731__rp1p5__vinf25__inc0__toff59132__Om90__om60,1.5236009783652942,0.09339289599627522,25.178054273870547,250.46128317973347,1.9812083142422474,0.17187302473325944,26.87986400848502,338.9015785059301,True,1018.568180925064
20260811_184731__rp1p5__vinf25__inc0__toff59132__Om90__om75,1.5235952564006237,0.09339065258637075,25.178062682276998,250.45967977851245,1.9109337794935022,0.14045670002420602,26.447958173710806,342.2145909342867,True,964.8578811218895
20260811_184731__rp1p5__vinf25__inc0__toff59132__Om90__om90,1.5235951491987814,0.09339067907277757,25.17806272961797,250.45963773261235,1.8067465720869265,0.09668549516518192,26.057045730289225,347.1523442940082,True,887.0349901919358
20260811_184731__rp1p5__vinf25__inc30__toff59132__Om0__om0,1.52359998966856,0.0933904783546443,25.178043978122925,250.46091665421946,1.814636595602932,0.05909692201949502,24.854052372596538,28.980263889673857,True,892.8518233141085
20260811_184731__rp1p5__vinf25__inc30__toff59132__Om0__om105,1.5235979774994366,0.09339300987816336,25.17806024290179,250.46057212539395,1.741285121184886,0.14983620937137782,24.518063868119086,295.17546956252795,True,839.2661864589479
20260811_184731__rp1p5__vinf25__inc30__toff59132__Om0__om120,1.5235976244400729,0.09339300919833754,25.17805764505945,250.46052609197795,1.919570599311384,0.17611617260818987,24.650651660480147,317.72083441806006,True,971.4065480530767
20260811_184731__rp1p5__vinf25__inc30__toff59132__Om0__om135,1.5235991535971694,0.09338812482384477,25.178056669448637,250.46023996777956,2.016268168918097,0.19454220567739205,24.626097526856213,327.89746402308674,True,1045.7246206290163
20260811_184731__rp1p5__vinf25__inc30__toff59132__Om0__om15,1.5236000533883916,0.09339046845640005,25.178043563731652,250.4609420202268,1.438487232800091,0.11994356871603168,24.9549700002447,224.81816858309617,True,630.1644653315008
20260811_184731__rp1p5__vinf25__inc30__toff59132__Om0__om150,1.5236006056927016,0.0933928991021893,25.17805197986184,250.46124092871787,2.0139214924218254,0.18148687772984315,24.942310870104514,333.21175388077916,True,1043.8995187455175
20260811_184731__rp1p5__vinf25__inc30__toff59132__Om0__om165,1.5236015142942916,0.09339047339574952,25.178052318212448,250.4610962072112,1.9338992542692313,0.14062012530781098,24.6629993855104,1.163221067824902,True,982.3034316326057
20260811_184731__rp1p5__vinf25__inc30__toff59132__Om0__om180,1.5235962806748882,0.09339066936884745,25.178069121849866,250.45976612643386,1.8002975413059115,0.09452434948781308,25.05553490946386,343.3445115934843,True,882.2899349552074
20260811_184731__rp1p5__vinf25__inc30__toff59132__Om0__om195,1.5235934086019998,0.09339066061397845,25.17805193964634,250.45947823261764,1.650456088751125,0.029371758251965682,25.0900420302434,328.072870447655,True,774.46332003133
20260811_184731__rp1p5__vinf25__inc30__toff59132__Om0__om210,1.523596440839179,0.09339067435985476,25.178069302573,250.4598375135115,1.5004889281812586,0.057325146618270845,25.078284700893363,202.40011608497537,True,671.3424128720324
20260811_184731__rp1p5__vinf25__inc30__toff59132__Om0__om225,1.5235963621889526,0.09339065603534477,25.17806926330123,250.45979859181344,1.3502792188973907,0.14922643796228383,24.959641183469877,201.3841113704572,True,573.0998147370051
20260811_184731__rp1p5__vinf25__inc30__toff59132__Om0__om240,1.5235932943594446,0.09339068649344572,25.178051659590015,250.45943322954054,1.1978873586740577,0.26807606256085875,24.560919392793377,207.47235178043627,True,478.87136135247965
20260811_184731__rp1p5__vinf25__inc30__toff59132__Om0__om255,1.5236029857163214,0.0933904731396814,25.178060865734423,250.4612543161598,1.0295739005976443,0.4296074888295762,23.24082741290282,216.13942425032585,True,381.5761128800019
20260811_184731__rp1p5__vinf25__inc30__toff59132__Om0__om270,1.5235938822347073,0.09339310752869634,25.17805976972453,250.45974604153093,0.8899878460077078,0.6515862986620279,18.33360179680955,231.14832620681105,True,306.6697972346849
20260811_184731__rp1p5__vinf25__inc30__toff59132__Om0__om285,1.5235971407411812,0.09339301602547864,25.17805578900924,250.46045209176162,-2.199886245079134,4.352018547584175,21.37392227890105,349.9516135271117,False,
20260811_184731__rp1p5__vinf25__inc30__toff59132__Om0__om30,1.5235933884770858,0.09339068827972753,25.178052354321338,250.4594746790024,1.2855768813938706,0.20833958979920156,24.74190119341724,223.5863800889236,True,532.4048133280887
20260811_184731__rp1p5__vinf25__inc30__toff59132__Om0__om300,1.5235977813581565,0.093393008755932,25.17805790361199,250.46056396706845,-0.467953579884905,6.251461262486388,17.64806761906093,1.004175047488001,False,
20260811_184731__rp1p5__vinf25__inc30__toff59132__Om0__om315,1.5235990386142404,0.093388160240561,25.17805697028225,250.46019538441428,-0.6495342895382127,4.3454884455229825,16.82871203555735,13.971718621683094,False,
20260811_184731__rp1p5__vinf25__inc30__toff59132__Om0__om330,1.523598776732823,0.0933929911485735,25.178064614906752,250.46067589773298,-4.66013109841625,1.825095463765761,20.80204677979663,29.945574734679887,False,
20260811_184731__rp1p5__vinf25__inc30__toff59132__Om0__om345,1.523594757469055,0.09339067581090557,25.178060559089563,250.45958723766722,3.2901604044784145,0.4326158870852829,24.934017806120625,33.951656907820045,True,2179.8193308707996
20260811_184731__rp1p5__vinf25__inc30__toff59132__Om0__om45,1.5235963149939287,0.0933906772722996,25.17806899520149,250.4597807267591,1.2372456484095948,0.24020259343775796,24.557725277736857,224.0846093568351,True,502.6651712969795
20260811_184731__rp1p5__vinf25__inc30__toff59132__Om0__om60,1.5235999789149635,0.09339048239670768,25.178043749676096,250.46091251195094,1.272042751934602,0.23121628722652088,24.476118701436956,228.58374680158246,True,524.019506631538
20260811_184731__rp1p5__vinf25__inc30__toff59132__Om0__om75,1.5235948037206906,0.09339067998982525,25.178060002964028,250.45960642394022,1.3765231168097571,0.1893386126531617,24.38587846130536,238.88434956224546,True,589.8888076470996
20260811_184731__rp1p5__vinf25__inc30__toff59132__Om0__om90,1.5236019904654763,0.09339291535458363,25.178060707253483,250.46136471510312,1.5432133544603417,0.14961996497394894,24.41475766057482,262.7590006694724,True,700.2189367681813
20260811_184731__rp1p5__vinf25__inc30__toff59132__Om180__om0,1.5235932647906618,0.09339068532034048,25.17805199021104,250.4594210665786,1.7770967212777786,0.09154249211369399,26.10011838478774,353.4324716298196,True,865.2896136060211
20260811_184731__rp1p5__vinf25__inc30__toff59132__Om180__om105,1.5235978961351386,0.09339301351390301,25.178059849521684,250.46053901771856,1.5153991278998324,0.00787458281686912,35.268005045672005,24.65196292135948,True,681.3738182431182
20260811_184731__rp1p5__vinf25__inc30__toff59132__Om180__om120,1.523597757818734,0.09339300890346436,25.178057766297243,250.46056128180075,2.0302495633705973,0.26393668395856473,33.938327004967114,53.56049691800829,True,1056.6204965744457
20260811_184731__rp1p5__vinf25__inc30__toff59132__Om180__om135,1.5235990389696634,0.09338816060884778,25.178056914688547,250.4601955506585,2.389815113717947,0.3621760094051657,31.53835673783382,71.22871627083205,True,1349.4019934635392
20260811_184731__rp1p5__vinf25__inc30__toff59132__Om180__om15,1.5235934100236799,0.09339066208710517,25.17805171727137,250.45947889758645,1.7009639523448,0.05276921892177034,25.388793856874006,353.65523228169224,True,810.2845483248599
20260811_184731__rp1p5__vinf25__inc30__toff59132__Om180__om150,1.5235972687867274,0.09339299911704074,25.178056049096522,250.46050337534848,2.1124020238817036,0.2617904365597088,29.680270167521307,79.11909645223538,True,1121.3979419041052
20260811_184731__rp1p5__vinf25__inc30__toff59132__Om180__om165,1.52359476031242,0.0933906787571784,25.17806011433988,250.45958856759583,1.7837582837072836,0.11354955061473217,27.680235308180578,96.69089091478789,True,870.1595617576003
20260811_184731__rp1p5__vinf25__inc30__toff59132__Om180__om180,1.523603005559357,0.09339046242714433,25.178061109454262,250.46126171459804,1.54972322932795,0.07257776745851567,26.420030121287365,168.89268628763907,True,704.6543003050623
20260811_184731__rp1p5__vinf25__inc30__toff59132__Om180__om195,1.523600051966699,0.09339046698324781,25.178043786106723,250.4609413552755,1.4038258622119963,0.13505041987466543,26.353202130204462,198.57016945011452,True,607.5258347809929
20260811_184731__rp1p5__vinf25__inc30__toff59132__Om180__om210,1.523596404361825,0.09339067232912378,25.178069485960307,250.4598197388985,1.3256480327004856,0.17686554737216964,27.292642915680318,203.73054783877166,True,557.4902030736281
20260811_184731__rp1p5__vinf25__inc30__toff59132__Om180__om225,1.5235963121505574,0.09339067432600401,25.178069439950903,250.45977939684184,1.3056996473194358,0.1857730800966485,28.536392535395947,205.90050218994315,True,544.953972224285
20260811_184731__rp1p5__vinf25__inc30__toff59132__Om180__om240,1.5235999803366558,0.09339048386985936,25.178043527300982,250.46091317690252,1.3358251844149376,0.16591878929227566,29.624498793709968,211.2526058418268,True,563.9223830507291
20260811_184731__rp1p5__vinf25__inc30__toff59132__Om180__om255,1.5235963095329452,0.09339066980560638,25.178068902416946,250.45977795692005,1.4073114205639132,0.1261760548723008,30.28699955549486,223.83134762281443,True,609.7898769467521
20260811_184731__rp1p5__vinf25__inc30__toff59132__Om180__om270,1.5236004853614185,0.09339292626388625,25.17805169676955,250.4611935225634,1.5109087152979213,0.08886485974529613,30.429040632729368,252.19789346507946,True,678.3475047552813
20260811_184731__rp1p5__vinf25__inc30__toff59132__Om180__om285,1.5235972221053986,0.09339301238959813,25.178056182389117,250.46048519942127,1.6288092639006484,0.08480962277058669,30.112492313312522,294.83661236599187,True,759.2769894870424
20260811_184731__rp1p5__vinf25__inc30__toff59132__Om180__om30,1.523593424954273,0.0933906903101769,25.178052170935512,250.45949245361237,1.6147437848345096,0.0048109310652403245,24.879490506780154,325.57311669383387,True,749.4632201837751
20260811_184731__rp1p5__vinf25__inc30__toff59132__Om180__om300,1.5235976479794933,0.09339300905080057,25.178057782374243,250.46052877724566,1.7375803977559574,0.10725736922072432,29.48923727997046,323.41617901462627,True,836.5892026451169
20260811_184731__rp1p5__vinf25__inc30__toff59132__Om180__om315,1.5235991532417468,0.0933881244555578,25.178056725042342,250.4602398015354,1.8136134524408332,0.12709340717378417,28.68691969282658,337.410626872338,True,892.0968073002929
20260811_184731__rp1p5__vinf25__inc30__toff59132__Om180__om330,1.5236021136403899,0.09339289113963349,25.178060545595194,250.4614134512156,1.8440760597097023,0.12956088859235393,27.81632689689245,344.17514902009145,True,914.6672661594304
20260811_184731__rp1p5__vinf25__inc30__toff59132__Om180__om345,1.523601511450901,0.09339047044942374,25.178052762962363,250.46109487731894,1.8281011952114317,0.11819374024840044,26.93071193874175,350.7354377713541,True,902.807672414916
20260811_184731__rp1p5__vinf25__inc30__toff59132__Om180__om45,1.523596365032324,0.09339065898164114,25.178068818551807,250.45979992173045,1.5272998118236674,0.050435606576267535,24.73953749491404,186.02091157857222,True,689.4159704621981
20260811_184731__rp1p5__vinf25__inc30__toff59132__Om180__om60,1.5235932929377647,0.09339068502031994,25.178051881964986,250.45943256457122,1.4476072577585364,0.1018883870642913,25.212621134338516,187.72572895249112,True,636.166828555972
20260811_184731__rp1p5__vinf25__inc30__toff59132__Om180__om75,1.5236014799008961,0.09339048331210542,25.17805196643483,250.4610827829369,1.390801437784178,0.13071121693599344,26.578005720388532,190.51018779899425,True,599.0907150926445
20260811_184731__rp1p5__vinf25__inc30__toff59132__Om180__om90,1.5235953873357455,0.09339309660785498,25.17806878036137,250.4599172338875,1.3962083204660376,0.10446856073294028,27.462202414706518,180.29228821333754,True,602.5876478111845
20260811_184731__rp1p5__vinf25__inc30__toff59132__Om270__om0,1.5236000285695088,0.09339047401300865,25.178044098323543,250.46093229453692,1.188172325334179,0.3604773521907914,31.8425424945001,189.36444811730343,True,473.0576187449478
20260811_184731__rp1p5__vinf25__inc30__toff59132__Om270__om105,1.5235955376524988,0.09339067801441418,25.178064554752755,250.45968464705666,1.3383612975885566,0.18777772950446012,24.817022886275613,221.9966292030757,True,565.5290860774178
20260811_184731__rp1p5__vinf25__inc30__toff59132__Om270__om120,1.5235950974777248,0.09339070704892781,25.178061969810937,250.45962986433312,1.2651370677293112,0.23079750554373266,24.449622868749287,219.98035058102872,True,519.7580962649107
20260811_184731__rp1p5__vinf25__inc30__toff59132__Om270__om135,1.5235947664000227,0.09339067747265188,25.178060117375722,250.45959097118185,1.2622306129748169,0.24422575656015513,25.284275887875577,220.23695425953926,True,517.9680308164
20260811_184731__rp1p5__vinf25__inc30__toff59132__Om270__om15,1.523597573314793,0.09338814894502447,25.178047956156007,250.4600389185373,1.3088840782543965,0.2938154370180117,38.38835952179775,184.0076846767361,True,546.9487946307744
20260811_184731__rp1p5__vinf25__inc30__toff59132__Om270__om150,1.5235949544048863,0.09339063691584108,25.178060322673883,250.4596651499049,1.319130336712543,0.22013964804276623,26.468391102675984,223.89668371925742,True,553.383816936087
20260811_184731__rp1p5__vinf25__inc30__toff59132__Om270__om165,1.5236014534177287,0.09339048624010608,25.17805228785385,250.46107217105646,1.4351036296269284,0.1736473969422311,27.557949817964555,234.6580903656848,True,627.9423683007894
20260811_184731__rp1p5__vinf25__inc30__toff59132__Om270__om180,1.5236030664360447,0.09339044958300252,25.17806113981251,250.4612857508161,1.58968293474091,0.1342308713231095,28.455749634457966,259.6692832115959,True,732.0835705250879
20260811_184731__rp1p5__vinf25__inc30__toff59132__Om270__om195,1.5235976021812907,0.0933881507465062,25.178048445637824,250.46005091498483,1.748758320945795,0.12852914555191797,28.922885136468146,291.9673245578398,True,844.6748887604684
20260811_184731__rp1p5__vinf25__inc30__toff59132__Om270__om210,1.5235987555912942,0.09339301029630721,25.17806458527801,250.46064914834062,1.8952099950184258,0.10557666470660644,29.618093877497163,321.44677903672306,True,952.9736655288416
20260811_184731__rp1p5__vinf25__inc30__toff59132__Om270__om225,1.5236006629741885,0.09338811969347854,25.178065721805947,250.4604133372053,1.9152069574294672,0.14312481773742933,28.669107223859864,328.0497813130719,True,968.0960729958023
20260811_184731__rp1p5__vinf25__inc30__toff59132__Om270__om240,1.5235999096600101,0.09339050264843564,25.178043592855563,250.4608855522451,1.8864975507909805,0.12688928877337124,28.253286009194927,336.4105663163934,True,946.4098700780706
20260811_184731__rp1p5__vinf25__inc30__toff59132__Om270__om255,1.52359640455972,0.09339064588848442,25.178068849003793,250.4598151957228,1.8128824586099797,0.08931359989078802,27.69121356520851,347.5836746458835,True,891.557509733702
20260811_184731__rp1p5__vinf25__inc30__toff59132__Om270__om270,1.5235948509998318,0.09339066824049036,25.17806024962554,250.45962498766932,1.7004005224239482,0.04521011242859011,27.177873355360347,340.83814737303777,True,809.8819818124309
20260811_184731__rp1p5__vinf25__inc30__toff59132__Om270__om285,1.523594873573142,0.09339066126097348,25.178060539737384,250.45963377081287,1.588597889165245,0.01717021756791095,26.529942660373354,219.66261100612164,True,731.3341678039993
20260811_184731__rp1p5__vinf25__inc30__toff59132__Om270__om30,1.5235960442522105,0.09339299991132646,25.178047252075743,250.46038811457868,1.625365927325423,0.11460675263338665,40.82149060001856,165.1986892250476,True,756.8705714512519
20260811_184731__rp1p5__vinf25__inc30__toff59132__Om270__om300,1.5235952488452322,0.09339069539365367,25.17806257407894,250.4596841442002,1.4792451823748667,0.07848089846303095,25.88392224224766,193.8001638739,True,657.1358150443345
20260811_184731__rp1p5__vinf25__inc30__toff59132__Om270__om315,1.523608146200361,0.0933902934058236,25.178044517123134,250.46255561396907,1.375704329433076,0.15092509398957624,25.404402617989103,193.43934726763123,True,589.3625669260729
20260811_184731__rp1p5__vinf25__inc30__toff59132__Om270__om330,1.5235964062239475,0.09339064851697121,25.17806906217711,250.45981608192253,1.279364660197511,0.23177716444586152,25.650135211235064,193.25965045416478,True,528.5504141129366
20260811_184731__rp1p5__vinf25__inc30__toff59132__Om270__om345,1.5236014529494246,0.09339048665888602,25.178052834589298,250.46107205980974,1.2049348162793612,0.313851674432723,27.16509052700065,192.37484630129214,True,483.1035428631642
20260811_184731__rp1p5__vinf25__inc30__toff59132__Om270__om45,1.5236005672276451,0.09338814150875124,25.178065177490655,250.46037559910243,1.9397676379215198,0.08157145714776651,37.70866164980646,69.75432156393717,True,986.7779958623327
20260811_184731__rp1p5__vinf25__inc30__toff59132__Om270__om60,1.523593353813675,0.09339067217486983,25.178051912323586,250.4594566003819,1.9233769035012986,0.0814565307285051,32.829600385348954,66.61079121785282,True,974.2972735609903
20260811_184731__rp1p5__vinf25__inc30__toff59132__Om270__om75,1.5235949474481096,0.09339064579621144,25.178059973838266,250.45966289134395,1.695864839902061,0.0293554759656506,28.88345883136487,152.08074717526853,True,806.6437004714413
20260811_184731__rp1p5__vinf25__inc30__toff59132__Om270__om90,1.5235963195756468,0.09339066502687476,25.178069242050604,250.45978176666617,1.4816477549536133,0.10894903207185601,26.25033593918966,216.2348237870436,True,658.7374332975886
20260811_184731__rp1p5__vinf25__inc30__toff59132__Om90__om0,1.5236000505450067,0.09339046551009555,25.17804400848182,250.46094069032426,1.4669308850929057,0.15277613755476324,28.231748829537317,259.15691740127136,True,648.9472119745852
20260811_184731__rp1p5__vinf25__inc30__toff59132__Om90__om105,1.5235956289666348,0.09339065874669623,25.178064600289996,250.45972070089945,1.7169297756874975,0.06386256100871586,24.38871411098289,330.7660598501946,True,821.7196848984594
20260811_184731__rp1p5__vinf25__inc30__toff59132__Om90__om120,1.5235952253058267,0.09339069554127787,25.178062436762843,250.45968145880707,1.581207991021227,0.029305282701577357,24.716850687624262,254.27989928929838,True,726.237036268314
20260811_184731__rp1p5__vinf25__inc30__toff59132__Om90__om135,1.5236081465557878,0.09339029377412078,25.178044461529378,250.4625557802011,1.4447076294781982,0.08997869366543118,25.49250336413877,209.12926124679635,True,634.2563760362862
20260811_184731__rp1p5__vinf25__inc30__toff59132__Om90__om15,1.5235976036029786,0.0933881522196429,25.178048223262884,250.46005157996666,1.6184683829900268,0.1424403174732821,27.45948556066513,286.365320627448,True,752.057803706323
20260811_184731__rp1p5__vinf25__inc30__toff59132__Om90__om150,1.5235948982789775,0.09339065649116492,25.178060496287,250.4596435514033,1.307207005100774,0.1777553520807712,27.049003959427026,210.59941503879338,True,545.8979232050802
20260811_184731__rp1p5__vinf25__inc30__toff59132__Om90__om165,1.523601455792815,0.09339048960521087,25.17805238983935,250.4610733897024,1.1628157186087653,0.29409391817994474,29.699070392317466,217.36028923132605,True,457.9955233572337
20260811_184731__rp1p5__vinf25__inc30__toff59132__Om90__om180,1.52360304446046,0.09339045808577362,25.178061229654965,250.461277354963,1.0138623268724902,0.46909775016863947,33.79383387098312,226.96467793833364,True,372.87508989882986
20260811_184731__rp1p5__vinf25__inc30__toff59132__Om90__om195,1.523597571893105,0.09338814747188806,25.17804817853095,250.4600382535553,1.0320308833046246,0.6653232422883901,30.028275747035238,254.9445363415718,True,382.9428215022918
20260811_184731__rp1p5__vinf25__inc30__toff59132__Om90__om210,1.5235990601393679,0.09339298397303937,25.178064383539656,250.46073315835434,-3.2398178473153587,1.8635825993369228,23.314562244474224,78.89059402614946,False,
20260811_184731__rp1p5__vinf25__inc30__toff59132__Om90__om225,1.523600564384258,0.09338813856243479,25.17806562224006,250.46037426915956,-0.6664276943833404,3.3353983214004432,21.07862871362229,61.54348705479724,False,
20260811_184731__rp1p5__vinf25__inc30__toff59132__Om90__om240,1.5235933552353549,0.09339067364799612,25.178051689948646,250.45945726535098,-2.856609660914752,2.222236358828431,29.01564177359896,53.6465157636163,False,
20260811_184731__rp1p5__vinf25__inc30__toff59132__Om90__om255,1.5235964532606483,0.09339063561246873,25.178068873290226,250.45983442447096,4.526873575517576,0.5586563074252554,24.31803540752055,17.490991419817856,True,3517.9725073679597
20260811_184731__rp1p5__vinf25__inc30__toff59132__Om90__om270,1.5235948144742135,0.09339067594763799,25.17806023141054,250.45961056614902,2.0674576394167246,0.1786783803305185,24.78991120402379,26.630194722612075,True,1085.7999624014171
20260811_184731__rp1p5__vinf25__inc30__toff59132__Om90__om285,1.5235947822590963,0.09339068052884474,25.178060494199926,250.4595977170122,1.5934577010299518,0.03656676138009753,25.503924844894616,248.46621777917966,True,734.6926608203165
20260811_184731__rp1p5__vinf25__inc30__toff59132__Om90__om30,1.523595739704716,0.09339302623597517,25.17804745380358,250.46030410475666,1.7794017032221936,0.1555268653156355,26.547019388587273,310.87310247239884,True,866.9736442269661
20260811_184731__rp1p5__vinf25__inc30__toff59132__Om90__om300,1.5235951210171264,0.09339070690129676,25.178062107127037,250.45963254972514,1.397350433175855,0.13161971139427947,26.76927329515005,222.63359808620214,True,603.3271833003805
20260811_184731__rp1p5__vinf25__inc30__toff59132__Om90__om315,1.5235947660446019,0.09339067710436778,25.178060172969413,250.45959080494077,1.3141385491156414,0.18130312220257722,28.024594539724703,224.32050107831117,True,550.2456590495107
20260811_184731__rp1p5__vinf25__inc30__toff59132__Om90__om330,1.5235964623499676,0.09339062894182999,25.178068888563228,250.45983768050132,1.299893078508313,0.19106263592731676,28.560426149592377,229.18588203900597,True,541.3228245851161
20260811_184731__rp1p5__vinf25__inc30__toff59132__Om90__om345,1.5236014505743385,0.09339048329378125,25.17805273260378,250.4610708411637,1.3560844399341463,0.17810978227356633,28.65912786136939,240.25503733402087,True,576.7996544291348
20260811_184731__rp1p5__vinf25__inc30__toff59132__Om90__om45,1.523600665817576,0.09338812263979658,25.17806527705657,250.46041466714735,1.9036696499771772,0.17327497760280147,25.70123583911375,325.52538175889094,True,959.3614680444
20260811_184731__rp1p5__vinf25__inc30__toff59132__Om90__om60,1.5235999082383178,0.09339050117528452,25.17804381523069,250.46088488729322,1.9593290016149618,0.17440749236316633,25.029675672933237,333.56522953784497,True,1001.7421380281429
20260811_184731__rp1p5__vinf25__inc30__toff59132__Om90__om75,1.5235948987472774,0.09339065607238939,25.178059949551603,250.45964366264138,1.931166245895752,0.15571252742371486,24.574508913247417,337.02288575133656,True,980.2218639534703
20260811_184731__rp1p5__vinf25__inc30__toff59132__Om90__om90,1.5235963561013373,0.09339065731984855,25.1780692602654,250.45979618822085,1.8411659452300382,0.11627573171277239,24.36100461197767,337.65617546086355,True,912.5029822909006
20260811_184731__rp1p5__vinf25__inc60__toff59132__Om0__om0,1.5235963842485554,0.09339065702004341,25.17806915201987,250.4598076862295,1.6389189636488315,0.030817602033162562,23.338233687353206,138.5209581874538,True,766.3569722884043
20260811_184731__rp1p5__vinf25__inc60__toff59132__Om0__om105,1.523597223882508,0.09339301423103824,25.178055904420386,250.46048603058824,1.6885311881664762,0.12273660496411794,21.31093354746478,295.497867198516,True,801.416947930484
20260811_184731__rp1p5__vinf25__inc60__toff59132__Om0__om120,1.5235975787031562,0.09339301091291975,25.178057788339142,250.4605154684197,1.8211270653122855,0.14289237895346027,21.967538993666775,316.53221911068187,True,897.6463423318821
20260811_184731__rp1p5__vinf25__inc60__toff59132__Om0__om135,1.5235991540738636,0.09338812576980769,25.17805683162884,250.4602402446463,1.9183227592756116,0.1608819489370128,22.64971388167528,328.19108796894534,True,970.4594901803795
20260811_184731__rp1p5__vinf25__inc60__toff59132__Om0__om15,1.523603070232834,0.09339045442129357,25.178061019423442,250.46128763439134,1.4114520261243328,0.12710880974140773,23.979036313447903,215.89853804106784,True,612.4830501895397
20260811_184731__rp1p5__vinf25__inc60__toff59132__Om0__om150,1.5235988010833625,0.093392986010777,25.17806462705003,250.46068551191678,1.9335863493735768,0.15987548709232474,23.311669869601026,335.22100842757175,True,982.0650362363009
20260811_184731__rp1p5__vinf25__inc60__toff59132__Om0__om165,1.5235997054110682,0.09339055452006724,25.178064923615093,250.46053862075865,1.8900719124964933,0.13564613633008066,23.901301899802153,341.04250210927574,True,949.1008990566078
20260811_184731__rp1p5__vinf25__inc60__toff59132__Om0__om180,1.5235998951096419,0.09339050185225779,25.17804348479852,250.46087952637043,1.8008529581339496,0.09402582978967977,24.394013601093597,346.66055805012564,True,882.698264517265
20260811_184731__rp1p5__vinf25__inc60__toff59132__Om0__om195,1.5236030550557678,0.09339046237623763,25.17806100111428,250.46128197463042,1.6889647556381868,0.043581421502963964,24.781578764410977,346.7875270390469,True,801.7256398513782
20260811_184731__rp1p5__vinf25__inc60__toff59132__Om0__om210,1.5236030706975432,0.09339049133647839,25.178061343590517,250.46129586259156,1.5704352437071223,0.022207447115706245,24.983647797654555,201.7514663864007,True,718.8279280180055
20260811_184731__rp1p5__vinf25__inc60__toff59132__Om0__om225,1.5235963598138822,0.09339065267028436,25.178069161315282,250.45979737313402,1.4530841222310626,0.09059556268966691,24.817833763726107,195.80258953789814,True,639.7805431154719
20260811_184731__rp1p5__vinf25__inc60__toff59132__Om0__om240,1.5236029410543097,0.09339048940865342,25.178061156606695,250.4612371919947,1.341441605874391,0.1632632858103863,23.867885314180665,203.7161487300603,True,567.482601032896
20260811_184731__rp1p5__vinf25__inc60__toff59132__Om0__om255,1.5235996688852165,0.09339056222682288,25.178064905400205,250.4605241991158,1.2468958820464302,0.22244296914861694,21.46003297794201,215.49478617358886,True,508.55763445992085
20260811_184731__rp1p5__vinf25__inc60__toff59132__Om0__om270,1.5235956854194561,0.09339301913657881,25.17804734501224,250.4603007929075,1.2351309159576824,0.2863571086155469,17.579924122183996,215.27417643768842,True,501.37696956324606
20260811_184731__rp1p5__vinf25__inc60__toff59132__Om0__om285,1.5235986482145258,0.09339300779297662,25.178064547097062,250.46062442001715,1.6298136109833758,0.12658295098611205,10.039764817731228,37.49323780237494,True,759.9793693067056
20260811_184731__rp1p5__vinf25__inc60__toff59132__Om0__om30,1.5235964005650688,0.0933906674909141,25.17806960634907,250.45981785526183,1.2763827832592174,0.17495368030511704,23.128193868588788,222.47340998970492,True,526.7036143392834
20260811_184731__rp1p5__vinf25__inc60__toff59132__Om0__om300,1.523597578746941,0.0933930130632924,25.178057771642333,250.46052433424214,5.568251996407267,0.7333691533428645,5.358319597936639,4.914267050457077,True,4799.2482423460815
20260811_184731__rp1p5__vinf25__inc60__toff59132__Om0__om315,1.5235990378991997,0.09338815882161718,25.178056727011935,250.46019496911367,6.800636100628189,0.7537902464013931,10.402756510419682,21.472139176197455,True,6477.675633748116
20260811_184731__rp1p5__vinf25__inc60__toff59132__Om0__om330,1.5235987745918966,0.09339298757409742,25.178064239553095,250.4606747347396,3.2805536379594433,0.47520728377320276,18.04816622516724,36.51389612177946,True,2170.2791933685157
20260811_184731__rp1p5__vinf25__inc60__toff59132__Om0__om345,1.5235965725211036,0.09339060287928844,25.178047935383624,250.46014792599067,2.1287334709660892,0.17042499012977777,21.108846108687462,56.214369777287786,True,1134.4277082246379
20260811_184731__rp1p5__vinf25__inc60__toff59132__Om0__om45,1.5235963059787316,0.09339066612273704,25.178069458353704,250.45977629452318,1.2737320720190188,0.21120516498200878,22.655745875764506,223.77968416532528,True,525.0637292226645
20260811_184731__rp1p5__vinf25__inc60__toff59132__Om0__om60,1.523602994805718,0.09339046646914824,25.17806088100776,250.46125757229623,1.3054555135377688,0.19689163636920268,21.77123537468428,230.876503638611,True,544.8011398459456
20260811_184731__rp1p5__vinf25__inc60__toff59132__Om0__om75,1.5235966107026424,0.09339059643601992,25.17804745785612,250.46016306814064,1.396020948877581,0.15543162570458044,21.108261080294437,239.9009957616995,True,602.4663507078625
20260811_184731__rp1p5__vinf25__inc60__toff59132__Om0__om90,1.5235986781431359,0.09339301001723914,25.17806451534074,250.46063683170172,1.531407763561363,0.12083811449906096,20.996302186421367,263.4505160022846,True,692.1993051551334
20260811_184731__rp1p5__vinf25__inc60__toff59132__Om180__om0,1.5236029095783667,0.09339048445097756,25.178060838506177,250.46122392160515,1.687361400378305,0.07183470424892714,25.250362607028258,346.9648042978217,True,800.5842786458828
20260811_184731__rp1p5__vinf25__inc60__toff59132__Om180__om105,1.5235971431120585,0.09339301870818816,25.17805553653693,250.46045322758562,1.5984908749765157,0.07927611672019962,26.53280445436219,68.96771266938396,True,738.17636276896
20260811_184731__rp1p5__vinf25__inc60__toff59132__Om180__om120,1.5235976077852498,0.09339301247893243,25.178058003657124,250.46052751030766,1.7821696094974107,0.1472237543973444,26.039966642968306,72.1711158362189,True,868.997331242677
20260811_184731__rp1p5__vinf25__inc60__toff59132__Om180__om135,1.5235990364775087,0.09338815734847009,25.17805694938678,250.46019430413682,1.8377753818842633,0.1629134407125253,25.231129426213474,88.71952361647047,True,909.9835399035312
20260811_184731__rp1p5__vinf25__inc60__toff59132__Om180__om15,1.5236030543449186,0.0933904616396505,25.17806111230168,250.46128164216017,1.657613147852962,0.050417077035118725,24.388134792700214,339.1991400903196,True,779.5063664741456
20260811_184731__rp1p5__vinf25__inc60__toff59132__Om180__om150,1.5235987731702065,0.09339298610093394,25.178064461927935,250.4606740698115,1.7119643362911172,0.11838148684460449,24.29860889438513,114.18222560758683,True,818.1575871064792
20260811_184731__rp1p5__vinf25__inc60__toff59132__Om180__om165,1.5235995884083986,0.09339058693944849,25.178065066870502,250.46049298594272,1.5739962147453312,0.08468319820430968,23.836162643036953,142.71507802598242,True,721.2742332160889
20260811_184731__rp1p5__vinf25__inc60__toff59132__Om180__om180,1.523593369785599,0.09339067444394805,25.178051798005818,250.45946329121352,1.469930974465776,0.12317488360471168,24.186455819035196,177.9226676661331,True,650.9390182065282
20260811_184731__rp1p5__vinf25__inc60__toff59132__Om180__om195,1.5236030709436832,0.09339045515788068,25.178060908236038,250.46128796686162,1.4088238928778738,0.15088805368691408,25.208913641113412,183.72875315716036,True,610.7731753664245
20260811_184731__rp1p5__vinf25__inc60__toff59132__Om180__om210,1.5235964019867545,0.09339066896406263,25.178069383974364,250.45981852021998,1.3770730418830792,0.15751128703545955,26.610694729216384,186.5828241480055,True,590.2423364460365
20260811_184731__rp1p5__vinf25__inc60__toff59132__Om180__om225,1.523596307400417,0.09339066759588477,25.178069235979013,250.45977695948193,1.3775822162252573,0.145899165629211,27.96596831737166,187.54111429572455,True,590.5697308798524
20260811_184731__rp1p5__vinf25__inc60__toff59132__Om180__om240,1.523602994805718,0.09339046646914824,25.17806088100776,250.46125757229623,1.4053514502325894,0.11950304237648914,28.987522671006005,189.81764257154734,True,608.5164340295541
20260811_184731__rp1p5__vinf25__inc60__toff59132__Om180__om255,1.5235996237467049,0.09339057755013681,25.178065034092466,250.46050679824984,1.4508933846834053,0.08104075254914145,29.53578194987361,196.26081278261861,True,638.3342440048219
20260811_184731__rp1p5__vinf25__inc60__toff59132__Om180__om270,1.5235956622565512,0.09339302595708411,25.17804738386142,250.46029178809127,1.5084639903279913,0.04084648523665463,29.616155664996366,216.3475408585262,True,676.7017712444184
20260811_184731__rp1p5__vinf25__inc60__toff59132__Om180__om285,1.5235987289851345,0.09339300331610327,25.17806491498095,250.46065722305548,1.5696902040707303,0.02618689735358182,29.31739557919789,292.1163026920218,True,718.3164534670126
20260811_184731__rp1p5__vinf25__inc60__toff59132__Om180__om30,1.523603069275845,0.09339048986330395,25.17806156596538,250.46129519765142,1.6161508933807698,0.026716158938421893,23.67320283138151,310.6539305645521,True,750.4430714347113
20260811_184731__rp1p5__vinf25__inc60__toff59132__Om180__om300,1.5235975496648486,0.09339301149728163,25.17805755632435,250.46051229235434,1.6263032767111503,0.04998836909864942,28.74172771664787,333.79450799361865,True,757.5253973235302
20260811_184731__rp1p5__vinf25__inc60__toff59132__Om180__om315,1.5235991554955544,0.09338812724295575,25.17805660925401,250.46024090962257,1.6697595184261236,0.07120435998263351,27.9816531609477,344.0842962778862,True,788.0899405929366
20260811_184731__rp1p5__vinf25__inc60__toff59132__Om180__om330,1.5235988025050529,0.0933929874839407,25.17806440467518,250.4606861768447,1.6953923915279243,0.08217642689981997,27.107494929824703,348.1464204144533,True,806.3066415099119
20260811_184731__rp1p5__vinf25__inc60__toff59132__Om180__om345,1.52359668952331,0.09339057045913475,25.178047792130364,250.46019356053907,1.7009101315180433,0.08295268492088811,26.175853707743183,348.89032542301624,True,810.2460908614327
20260811_184731__rp1p5__vinf25__inc60__toff59132__Om180__om45,1.5235963583921968,0.09339065119713624,25.178069383689973,250.45979670817542,1.5694892722597147,0.02843371631468983,23.213824044562582,230.53589855204186,True,718.17853325209
20260811_184731__rp1p5__vinf25__inc60__toff59132__Om180__om60,1.5236029410543097,0.09339048940865342,25.178061156606695,250.4612371919947,1.5263734225304895,0.05356026109576107,23.1391975151986,203.81095341043186,True,688.7888139154214
20260811_184731__rp1p5__vinf25__inc60__toff59132__Om180__om75,1.5235966558409753,0.09339058111241225,25.17804732916508,250.46018046888508,1.498919458897945,0.0681147183940381,23.481745378973237,194.00623652754672,True,670.2893803850837
20260811_184731__rp1p5__vinf25__inc60__toff59132__Om180__om90,1.5235987013061325,0.09339300319688626,25.178064476491073,250.46064583657346,1.5133367607484212,0.03358579136763756,23.36343417814789,155.2846713561452,True,679.9833283714429
20260811_184731__rp1p5__vinf25__inc60__toff59132__Om270__om0,1.523603070232834,0.09339045442129357,25.178061019423442,250.46128763439134,1.2074911959554937,0.40138391609392693,25.55535528948698,197.37796242523737,True,484.64178070349584
20260811_184731__rp1p5__vinf25__inc60__toff59132__Om270__om105,1.5235947840361999,0.09339068237026549,25.178060216231373,250.45959854821737,1.354079002433204,0.18383670735909194,23.354523860572236,235.64536762976425,True,575.5206324227519
20260811_184731__rp1p5__vinf25__inc60__toff59132__Om270__om120,1.523595202591693,0.09339067709824765,25.17806208454735,250.45966773321464,1.3178430080145622,0.21362709736172256,22.918293925496666,234.10235652124436,True,552.5739503702703
20260811_184731__rp1p5__vinf25__inc60__toff59132__Om270__om135,1.5235948083023998,0.09339066774440251,25.178060249813935,250.45960746380464,1.3327930555714864,0.22269502446024741,23.62934244664616,232.17255404546847,True,562.003440350068
20260811_184731__rp1p5__vinf25__inc60__toff59132__Om270__om15,1.5235996311718267,0.09339056825104057,25.178064836192387,250.46050916814664,1.2856588218486924,0.3762776530458105,30.239495696437174,202.11636832490922,True,532.4557159870399
20260811_184731__rp1p5__vinf25__inc60__toff59132__Om270__om150,1.5235963466852671,0.09339065334738017,25.17806883088303,250.4597920122276,1.3917770923365853,0.20684380876518096,24.998140797679305,233.71221513954214,True,599.7212235865884
20260811_184731__rp1p5__vinf25__inc60__toff59132__Om270__om165,1.5236029484794638,0.09339048010959043,25.178060958706876,250.46123956196408,1.4900405543608197,0.17657002447001452,26.693812288401816,241.23643159503865,True,664.342483160241
20260811_184731__rp1p5__vinf25__inc60__toff59132__Om270__om180,1.5236000412131019,0.09339047102530829,25.17804355765986,250.46093721300542,1.6057068251264728,0.14618168092438222,28.155502829180374,255.97684547529332,True,743.1804427014852
20260811_184731__rp1p5__vinf25__inc60__toff59132__Om270__om195,1.5235996743462237,0.09339056969357916,25.1780649981845,250.46052696890564,1.7068525861326107,0.1267445225562236,29.089496215090875,274.155838549196,True,814.4959217198898
20260811_184731__rp1p5__vinf25__inc60__toff59132__Om270__om210,1.5235998461107427,0.09339054531970911,25.1780651258962,250.46057619240833,1.7661636020002294,0.11111253867815468,29.398295768660244,290.9742047562829,True,857.3167084472041
20260811_184731__rp1p5__vinf25__inc60__toff59132__Om270__om225,1.523599682013889,0.09339056154983083,25.17806523583246,250.46052956003746,1.7673405581216146,0.09232492636062473,29.268989088810784,300.71303474874287,True,858.1738138388577
20260811_184731__rp1p5__vinf25__inc60__toff59132__Om270__om240,1.523603021531483,0.09339046469660456,25.178060995136804,250.461268405417,1.719505744640792,0.06529627019288992,28.838301513199397,300.94155500284035,True,823.5696599325237
20260811_184731__rp1p5__vinf25__inc60__toff59132__Om270__om255,1.5235963673231836,0.09339065285892893,25.178068941976367,250.4598004416853,1.6428644264183814,0.03964386011102414,28.191535758224703,274.7638003830783,True,769.1259791589247
20260811_184731__rp1p5__vinf25__inc60__toff59132__Om270__om270,1.523593396426816,0.09339066318306426,25.17805193357461,250.45947342545372,1.5558350564540673,0.050816515087399,27.36477083778241,221.01475949994156,True,708.826950589607
20260811_184731__rp1p5__vinf25__inc60__toff59132__Om270__om285,1.5235963774079915,0.09339065282408598,25.178069270890695,250.4598046007955,1.4709967699923137,0.09261434409801787,26.323423058168643,203.87016991557095,True,651.6471061853737
20260811_184731__rp1p5__vinf25__inc60__toff59132__Om270__om30,1.5236000640103273,0.09339053550561459,25.178065104031035,250.46062588906446,1.468430625271915,0.2468412503804909,32.861303439500524,217.64393892390785,True,649.9426585873279
20260811_184731__rp1p5__vinf25__inc60__toff59132__Om270__om300,1.523595113834237,0.09339069701866305,25.178062225942544,250.45964013461264,1.3882537489690423,0.1432081628967219,25.145095482867895,200.35040672039412,True,597.4453355082046
20260811_184731__rp1p5__vinf25__inc60__toff59132__Om270__om315,1.5236081016088214,0.09339030414331675,25.178044327572653,250.4625380853363,1.3194875931801278,0.20617285644810784,24.085755284184636,199.824414625806,True,553.6086392988035
20260811_184731__rp1p5__vinf25__inc60__toff59132__Om270__om330,1.5235963224190179,0.09339066797317047,25.178068797301215,250.45978309658355,1.257361002805567,0.274742078364848,23.11696864020939,197.55502024103683,True,514.9734891594671
20260811_184731__rp1p5__vinf25__inc60__toff59132__Om270__om345,1.5235999593145497,0.09339049426472194,25.178043941503052,250.4609053348238,1.2064656304994408,0.34499141488606583,23.14379005184431,196.58325863069211,True,484.02447642976557
20260811_184731__rp1p5__vinf25__inc60__toff59132__Om270__om45,1.5235996185282412,0.09339057123872868,25.17806537685618,250.46050424969184,1.60700759821791,0.12839616067070175,31.414455725286903,234.29616823375477,True,744.0836943365138
20260811_184731__rp1p5__vinf25__inc60__toff59132__Om270__om60,1.5235962844716435,0.09339067420705419,25.178069001461104,250.4597680100731,1.605653263021718,0.08399652429416783,28.777972038878833,235.40380848775106,True,743.1432572301328
20260811_184731__rp1p5__vinf25__inc60__toff59132__Om270__om75,1.5235932873184734,0.09339068588607848,25.178051332193707,250.45943027222876,1.525736321466237,0.09853579901941449,26.48314324484808,231.05834876494558,True,688.357613117306
20260811_184731__rp1p5__vinf25__inc60__toff59132__Om270__om90,1.5235964549248757,0.093390638240956,25.178069086463513,250.45983531067031,1.429936406590242,0.140076965436916,24.647582558885397,233.68606642865473,True,624.5539762826527
20260811_184731__rp1p5__vinf25__inc60__toff59132__Om90__om0,1.523603055682405,0.09339045362500363,25.178060911366064,250.46128160851276,1.4274087052804123,0.1745910099443247,27.847647977110114,257.9598067430453,True,622.8986704633479
20260811_184731__rp1p5__vinf25__inc60__toff59132__Om90__om105,1.5235948723064439,0.09339066374465688,25.17806026025094,250.45963340022394,1.6801986737267114,0.07031302644709438,22.870429951157355,294.9145929357236,True,795.492059032715
20260811_184731__rp1p5__vinf25__inc60__toff59132__Om90__om120,1.5235951428725232,0.09339069643419165,25.178062457958895,250.45964331082632,1.568590292789906,0.06218259700956974,23.53401608292662,250.82624533496121,True,717.5615790859755
20260811_184731__rp1p5__vinf25__inc60__toff59132__Om90__om135,1.5236081001871138,0.09339030267012868,25.178044549947746,250.46253742040764,1.4519049187586897,0.10624343484199265,24.597341023297847,221.59449205120126,True,639.0019112931955
20260811_184731__rp1p5__vinf25__inc60__toff59132__Om90__om15,1.5235996736353776,0.09339056895699875,25.178065109371886,250.46052663643073,1.5226512606380418,0.16399636887767363,26.82694187338828,272.09401401157606,True,686.2708653457885
20260811_184731__rp1p5__vinf25__inc60__toff59132__Om90__om150,1.5235963209973322,0.0933906665000225,25.178069019675895,250.45978243162494,1.3408370136692536,0.18150380475046982,26.077710368535996,215.66452225224091,True,567.09899481312
20260811_184731__rp1p5__vinf25__inc60__toff59132__Om90__om165,1.5236029752052267,0.09339047833704128,25.178061072835924,250.46125039508286,1.2234053219851764,0.27233783168431797,27.88108930390571,215.6730098926432,True,494.2542818996429
20260811_184731__rp1p5__vinf25__inc60__toff59132__Om90__om180,1.5236000557634735,0.09339047182149608,25.178043665716903,250.46094323888173,1.1140975490015133,0.388896532487735,29.57488482270943,219.35440339761823,True,429.5163699326583
20260811_184731__rp1p5__vinf25__inc60__toff59132__Om90__om195,1.5235996318826728,0.09339056898762078,25.178064725005,250.46050950062173,1.0313191061506368,0.5310462795735249,29.84419921707429,222.40472186312658,True,382.5467244178141
20260811_184731__rp1p5__vinf25__inc60__toff59132__Om90__om210,1.5236000654320196,0.09339053697877726,25.178064881656258,250.4606265540131,1.006404600790413,0.6625288755991807,25.275914573820764,232.02755395280468,True,368.7684964301349
20260811_184731__rp1p5__vinf25__inc60__toff59132__Om90__om225,1.5235996199499326,0.0933905727118891,25.17806515448138,250.46050491464183,1.2142942619553951,0.6284878445948447,15.140422983428234,277.8405431646036,True,488.74328837863544
20260811_184731__rp1p5__vinf25__inc60__toff59132__Om90__om240,1.5235962844716435,0.09339067420705419,25.178069001461104,250.4597680100731,2.1864560105025617,0.3911239478124553,10.127613774542056,333.3108329252264,True,1180.8806562491739
20260811_184731__rp1p5__vinf25__inc60__toff59132__Om90__om255,1.5235963003594177,0.09339066698847814,25.17806890858256,250.45977400216856,2.3021906067965805,0.28958036021470407,14.40708657323753,346.6124383316846,True,1275.8711249709343
20260811_184731__rp1p5__vinf25__inc60__toff59132__Om90__om270,1.5235934390399597,0.09339065419126666,25.178051954825634,250.4594902505289,1.9043253769260655,0.13267553610325925,20.155087886823196,333.69529033128475,True,959.8571948141068
20260811_184731__rp1p5__vinf25__inc60__toff59132__Om90__om285,1.523596289137573,0.093390671449401,25.178069226871607,250.45976974870592,1.6492614334047755,0.061423957374278776,23.278724467182375,282.1413209945172,True,773.6225985123954
20260811_184731__rp1p5__vinf25__inc60__toff59132__Om90__om30,1.5235998446890506,0.0933905438465473,25.178065348270987,250.4605755274591,1.6389128780330293,0.15462215644699906,25.56087122799856,288.1298826339165,True,766.3527038499933
20260811_184731__rp1p5__vinf25__inc60__toff59132__Om90__om300,1.5235951735534043,0.09339067768271524,25.178061852531037,250.45966455699943,1.4970614530376494,0.09366386057558113,25.510009894159282,239.1504599685046,True,669.0434672997309
20260811_184731__rp1p5__vinf25__inc60__toff59132__Om90__om315,1.5235948097240826,0.09339066921753929,25.17806002743909,250.4596081287687,1.405525772906097,0.13546711743380485,27.119209594299996,235.27552929628854,True,608.6296599785943
20260811_184731__rp1p5__vinf25__inc60__toff59132__Om90__om330,1.523596348106953,0.09339065482052825,25.178068608508287,250.45979267718621,1.3644675953531542,0.16460437018577598,28.087319305057278,239.75798197952116,True,582.1564739923085
20260811_184731__rp1p5__vinf25__inc60__toff59132__Om90__om345,1.5235999325888925,0.09339049603745463,25.178043827374232,250.46089450172994,1.3721725581654796,0.17742754977154906,28.317652791405223,247.5772958962498,True,587.09446624831
20260811_184731__rp1p5__vinf25__inc60__toff59132__Om90__om45,1.5235996805921972,0.09339056007666989,25.17806545820723,250.46052889508775,1.749231545728222,0.15250077811444993,24.270688263248513,303.0585741278811,True,845.0177733027709
20260811_184731__rp1p5__vinf25__inc60__toff59132__Om90__om60,1.523603021531483,0.09339046469660456,25.178060995136804,250.461268405417,1.8206634819650473,0.14823520278528787,23.290023111712102,312.8510161300782,True,897.3036089057972
20260811_184731__rp1p5__vinf25__inc60__toff59132__Om90__om75,1.5235933542819744,0.09339067175608261,25.17805136558818,250.4594567116203,1.824332527104567,0.13171244779837257,22.706335572656275,315.6361207050528,True,900.0173769154371
20260811_184731__rp1p5__vinf25__inc60__toff59132__Om90__om90,1.5235964123115633,0.09339064723246875,25.178069065212906,250.45981848551577,1.77258776592635,0.10363675732395326,22.5826831379412,312.2506053171314,True,861.9985071115904
20260811_184731__rp1p5__vinf25__inc90__toff59132__Om0__om0,1.523599749754661,0.0933905682826624,25.178064705669172,250.46054892470482,1.4927228358718583,0.09838041730730805,24.78869273781512,179.60536350319504,True,666.1371543744215
20260811_184731__rp1p5__vinf25__inc90__toff59132__Om0__om105,1.5235972709094154,0.09339301332900445,25.178055993519592,250.46049643247977,1.6110406171217053,0.06653089325157514,20.470645343827485,297.97955831122033,True,746.8865301376385
20260811_184731__rp1p5__vinf25__inc90__toff59132__Om0__om120,1.5235975826982409,0.09339301985596335,25.178058303904734,250.46051782193769,1.6948646720964857,0.08887421800370927,21.16364068014793,321.67275926783526,True,805.9302060267154
20260811_184731__rp1p5__vinf25__inc90__toff59132__Om0__om135,1.5235992070384985,0.09338813328047153,25.17805717569182,250.46025369381664,1.7552154752654223,0.10706484687306064,22.04630455838437,332.16110319698936,True,849.35754937687
20260811_184731__rp1p5__vinf25__inc90__toff59132__Om0__om15,1.52359980494432,0.09339054954544193,25.17806562552638,250.46057030098336,1.391413847069876,0.14257319547801015,24.36380404487103,201.91169919933603,True,599.4864535767744
20260811_184731__rp1p5__vinf25__inc90__toff59132__Om0__om150,1.5235988497745296,0.0933929877373427,25.178064929321405,250.46069679996134,1.7837488446878784,0.11217029343852143,22.992058124266016,338.3308576698376,True,870.1526549007141
20260811_184731__rp1p5__vinf25__inc90__toff59132__Om0__om165,1.5235997590865618,0.09339056276742362,25.17806515649034,250.46055240202054,1.7778435081547685,0.10285435879288696,23.897148649592165,342.8427541462022,True,865.8351000747393
20260811_184731__rp1p5__vinf25__inc90__toff59132__Om0__om180,1.5235996495090056,0.09339058588769192,25.178065101845696,250.46050913709968,1.742663297148216,0.08290130984760201,24.759097132156196,345.4440568595311,True,840.2627653411097
20260811_184731__rp1p5__vinf25__inc90__toff59132__Om0__om195,1.5235997895247755,0.09339055634513606,25.17806517166943,250.46056442005835,1.6867724560359478,0.05025773714880924,25.502743198215644,345.1020128246127,True,800.1651700570587
20260811_184731__rp1p5__vinf25__inc90__toff59132__Om0__om210,1.523599807298974,0.093390587514911,25.178065180583328,250.46057930562336,1.6181937888578821,0.010700470556615365,26.06405226114779,311.6713131272708,True,751.8664172981439
20260811_184731__rp1p5__vinf25__inc90__toff59132__Om0__om225,1.5235997286483498,0.0933905691897151,25.178065141311283,250.4605403839848,1.5457510999542374,0.04035423784463368,26.30231881654696,195.62221684212415,True,701.9468648472596
20260811_184731__rp1p5__vinf25__inc90__toff59132__Om0__om240,1.5235996738595718,0.09339058074985002,25.178065113988957,250.46051875152466,1.4802612899941159,0.07926956553497047,26.06136286210591,197.0863856632103,True,657.8130205907626
20260811_184731__rp1p5__vinf25__inc90__toff59132__Om0__om255,1.5235967080947102,0.0933905878864004,25.178047784416172,250.4601935852421,1.4377189722267745,0.09995605046432518,25.110153895282743,196.3763568601791,True,629.6596997804933
20260811_184731__rp1p5__vinf25__inc90__toff59132__Om0__om270,1.5235987537940614,0.09339300976169594,25.178064658373504,250.4606590081591,1.4328065535592656,0.1416706459066406,26.76238236779091,179.1366558539995,True,626.4353126419084
20260811_184731__rp1p5__vinf25__inc90__toff59132__Om0__om285,1.5235987043821428,0.09339301930072468,25.17806474527438,250.46063944733666,1.6418295554866742,0.10225618771580797,19.458951743571355,76.8515667522311,True,768.3993634254222
20260811_184731__rp1p5__vinf25__inc90__toff59132__Om0__om30,1.5235997689146559,0.09339058170002389,25.17806471524908,250.46056042357674,1.3432767092515334,0.1674899135668311,23.35742333565165,209.36019438216442,True,568.6474806398857
20260811_184731__rp1p5__vinf25__inc90__toff59132__Om0__om300,1.5235976217456075,0.09339301461006211,25.178058404258653,250.46052910724978,1.9871602097782353,0.2747210944068767,20.30478548487408,65.25759085134337,True,1023.1615613059912
20260811_184731__rp1p5__vinf25__inc90__toff59132__Om0__om315,1.523599087418284,0.09338816117996158,25.178056781412746,250.46020661802726,2.105168127248069,0.27129366302948416,22.269560087650692,63.087233489846014,True,1115.6425545717539
20260811_184731__rp1p5__vinf25__inc90__toff59132__Om0__om330,1.523595813802017,0.09339301323357384,25.178047118576046,250.4603441368253,1.9051592622481528,0.1219450860488104,23.334965803488917,74.34534868822651,True,960.487731842362
20260811_184731__rp1p5__vinf25__inc90__toff59132__Om0__om345,1.5235996387554147,0.09339058992977423,25.178064873399297,250.46050499483772,1.6537127591452836,0.08908121729118558,24.467584510550086,119.29528143915623,True,776.7567002288274
20260811_184731__rp1p5__vinf25__inc90__toff59132__Om0__om45,1.5235996738595718,0.09339058074985002,25.178065113988957,250.46051875152466,1.335258788175914,0.16352445385898237,22.089486509867008,214.32757228934827,True,563.5637624081763
20260811_184731__rp1p5__vinf25__inc90__toff59132__Om0__om60,1.5235997347359922,0.09339056790525656,25.17806514434708,250.46054278759178,1.3693610337458617,0.13864706869220794,20.983160613574977,218.80582256372432,True,585.290992685763
20260811_184731__rp1p5__vinf25__inc90__toff59132__Om0__om75,1.523596659393767,0.09339059816240172,25.1780477601292,250.46017435647977,1.433303989021392,0.09961991038924484,20.28406834898744,228.5011953327462,True,626.7615655294767
20260811_184731__rp1p5__vinf25__inc90__toff59132__Om0__om90,1.5235957135568783,0.09339303083914113,25.178047514752215,250.46030435040421,1.5184463431617565,0.06674967674489853,20.12607958470101,255.66098316402795,True,683.4300449624756
20260811_184731__rp1p5__vinf25__inc90__toff59132__Om180__om0,1.5235996523523894,0.09339058883401297,25.17806465709613,250.4605104669994,1.6000723226115767,0.05295691753377926,23.761125634128252,316.2765879094695,True,739.2720924684232
20260811_184731__rp1p5__vinf25__inc90__toff59132__Om180__om105,1.5235971978579481,0.09339302874265962,25.178055957089402,250.460467590009,1.614833005948757,0.03027242015555886,22.570920695230075,53.081077860145385,True,749.5253373455436
20260811_184731__rp1p5__vinf25__inc90__toff59132__Om180__om120,1.5235976070487414,0.0933930147180975,25.178058316048105,250.46052743610028,1.6806048087380379,0.06609312079860788,22.322815937224018,64.42142628821567,True,795.7805041173048
20260811_184731__rp1p5__vinf25__inc90__toff59132__Om180__om135,1.5235990852857477,0.09338815897024062,25.17805711497499,250.46020562056233,1.661784505858916,0.058991156384063166,21.447579833373045,114.67910966378989,True,782.4506405226141
20260811_184731__rp1p5__vinf25__inc90__toff59132__Om180__om15,1.5235997866813915,0.09339055339881275,25.17806561641896,250.46056309015984,1.5902192847184742,0.05407167034680002,23.220918533493798,300.63523117863633,True,732.4541030217623
20260811_184731__rp1p5__vinf25__inc90__toff59132__Om180__om150,1.523598825423989,0.09339299287513639,25.178064917178144,250.46068718577703,1.5784672052434296,0.07870462273088506,20.766840693918898,166.39963524989716,True,724.3496210500833
20260811_184731__rp1p5__vinf25__inc90__toff59132__Om180__om165,1.5235996373337226,0.09339058845661384,25.178065095774055,250.46050432988778,1.5027490421418614,0.11913076461278098,20.857223594181487,181.6980008072343,True,672.8597998556661
20260811_184731__rp1p5__vinf25__inc90__toff59132__Om180__om180,1.523599746911277,0.09339056533633976,25.178065150418718,250.46054759480606,1.454795239630172,0.14581434186732642,21.739592693162034,181.59616914592416,True,640.9109613312633
20260811_184731__rp1p5__vinf25__inc90__toff59132__Om180__om195,1.5235998077877042,0.09339055249176546,25.178065180776837,250.46057163088173,1.4331403567352854,0.15393939040391377,23.056720987881075,177.98690276298763,True,626.6542378082701
20260811_184731__rp1p5__vinf25__inc90__toff59132__Om180__om210,1.5235997660712717,0.09339057875370078,25.178065159998596,250.46055909367846,1.4307696292012317,0.14724257459767212,24.40504800149487,173.94246330554796,True,625.099946326969
20260811_184731__rp1p5__vinf25__inc90__toff59132__Om180__om225,1.5235996738595718,0.09339058074985002,25.178065113988957,250.46051875152466,1.443495655690636,0.12954402483837243,25.489309241987602,168.51006237158197,True,633.4584213010852
20260811_184731__rp1p5__vinf25__inc90__toff59132__Om180__om240,1.5235997347359922,0.09339056790525656,25.17806514434708,250.46054278759178,1.4678915336825198,0.09778798434923551,26.176729089183553,164.2437046101414,True,649.584780126807
20260811_184731__rp1p5__vinf25__inc90__toff59132__Om180__om255,1.523596659393767,0.09339059816240172,25.1780477601292,250.46017435647977,1.4948026835161397,0.07206531105744182,26.531192889702986,159.15272708738738,True,667.5298572723252
20260811_184731__rp1p5__vinf25__inc90__toff59132__Om180__om270,1.5235987294435245,0.09339301489949974,25.17806464623024,250.4606493939794,1.5243885868524247,0.04164884137256422,26.53025426273088,149.83262475555014,True,687.4457401419958
20260811_184731__rp1p5__vinf25__inc90__toff59132__Om180__om285,1.5235987774337545,0.09339300388731309,25.178064781704183,250.4606682898758,1.551543652255448,0.01571258994901579,26.298606266855618,121.57271723865081,True,705.8962757646738
20260811_184731__rp1p5__vinf25__inc90__toff59132__Om180__om30,1.5235998101423585,0.09339059046123492,25.17806473583378,250.4605806355209,1.575502836768052,0.054948879589102204,22.731589287910293,281.1578566023276,True,722.310081621234
20260811_184731__rp1p5__vinf25__inc90__toff59132__Om180__om300,1.5235975973951064,0.09339301974792708,25.178058392115283,250.46051949308702,1.5741875530638312,0.015000537562981269,25.904491177903388,16.967373277624027,True,721.4057566515024
20260811_184731__rp1p5__vinf25__inc90__toff59132__Om180__om315,1.5235992091710349,0.09338813549019397,25.178056842129603,250.46025469128074,1.5909279917281758,0.030931131933394983,25.418776189490444,349.8930711235947,True,732.9438026439517
20260811_184731__rp1p5__vinf25__inc90__toff59132__Om180__om330,1.523595838152462,0.0933930080956179,25.17804713071954,250.460353750964,1.6006180231679394,0.04297390052465309,24.8826465386627,338.0062222755667,True,739.6503149846313
20260811_184731__rp1p5__vinf25__inc90__toff59132__Om180__om345,1.5235997605082536,0.09339056424058503,25.1780649341156,250.4605530669699,1.6035439211833618,0.05028833503660067,24.31885829435011,328.08483664005087,True,741.6793407029762
20260811_184731__rp1p5__vinf25__inc90__toff59132__Om180__om45,1.5235997286483498,0.0933905691897151,25.178065141311283,250.4605403839848,1.558305146091239,0.057486081564086584,22.345507353489523,262.2645365275732,True,710.5156522734694
20260811_184731__rp1p5__vinf25__inc90__toff59132__Om180__om60,1.5235996738595718,0.09339058074985002,25.178065113988957,250.46051875152466,1.5426598333401584,0.059524230008938146,22.106482311285927,246.15055331631856,True,699.8422378378584
20260811_184731__rp1p5__vinf25__inc90__toff59132__Om180__om75,1.5235967080947102,0.0933905878864004,25.178047784416172,250.4601935852421,1.5366845627756236,0.052123662963702085,22.041443514942213,235.71858306437662,True,695.7800706636227
20260811_184731__rp1p5__vinf25__inc90__toff59132__Om180__om90,1.523595737907319,0.09339302570117457,25.17804752689571,250.46031396453859,1.5555580648403786,0.022100251044482287,21.79813085291922,235.67311321992383,True,708.6376660176013
20260811_184731__rp1p5__vinf25__inc90__toff59132__Om270__om0,1.5236029579789576,0.09339049965727977,25.1780605173024,250.4612475765679,1.2272512439012266,0.4425802750412173,22.193672996944503,215.31761346960275,True,496.5867343466396
20260811_184731__rp1p5__vinf25__inc90__toff59132__Om270__om105,1.5235948204193357,0.09339069181216347,25.178060345943134,250.45961691865668,1.43427733157783,0.14895328205101557,23.449778399527712,254.48089477036518,True,627.4001152730577
20260811_184731__rp1p5__vinf25__inc90__toff59132__Om270__om120,1.5235951714086142,0.09339067460178722,25.178062272691147,250.45965266359016,1.4190722430792233,0.1742250004594165,23.06009813047538,253.55009759444752,True,617.4497944680912
20260811_184731__rp1p5__vinf25__inc90__toff59132__Om270__om135,1.5235948142475222,0.09339068360892723,25.178060364346553,250.4596138163137,1.430427419328615,0.18938598782935856,23.420176259195767,251.28753509054025,True,624.8756936830213
20260811_184731__rp1p5__vinf25__inc90__toff59132__Om270__om15,1.5235996349844867,0.09339058190596043,25.17806528428709,250.46051452307734,1.4115067869265756,0.34293129396631783,28.66166259697012,231.67044144682413,True,612.518694746935
20260811_184731__rp1p5__vinf25__inc90__toff59132__Om270__om150,1.5235963214814952,0.09339067489789514,25.178069041423797,250.45978601424446,1.4676126063346344,0.19122231018746952,24.513973418435874,249.90206715499681,True,649.3996387029271
20260811_184731__rp1p5__vinf25__inc90__toff59132__Om270__om165,1.5236029551355612,0.09339049671093293,25.178060962052065,250.46124624668613,1.5215390268097273,0.18082275992605187,25.995440288213207,250.7541854592322,True,685.5190639130279
20260811_184731__rp1p5__vinf25__inc90__toff59132__Om270__om180,1.5236029527604706,0.09339049334581771,25.178060860066324,250.46124502805063,1.5772485461083785,0.16356719613631698,27.446780966438485,253.1892453520786,True,723.5109293639038
20260811_184731__rp1p5__vinf25__inc90__toff59132__Om270__om195,1.5235996437655714,0.09339059326500082,25.17806509450216,250.46051889962038,1.615077574765155,0.14509258697810995,28.428757102132636,255.4717300930435,True,749.6956188524478
20260811_184731__rp1p5__vinf25__inc90__toff59132__Om270__om210,1.5235997446109095,0.09339058651435618,25.178064852221922,250.4605402772484,1.6212699777898931,0.12457148743053052,28.852964121806544,255.62314106397497,True,754.0113847468385
20260811_184731__rp1p5__vinf25__inc90__toff59132__Om270__om225,1.523599641390491,0.09339058989991308,25.1780649925163,250.4605176809631,1.5916620942253692,0.11075499329036616,28.700869625943007,248.30903315704637,True,733.4511649595432
20260811_184731__rp1p5__vinf25__inc90__toff59132__Om270__om240,1.5236029551355612,0.09339049671093293,25.178060962052065,250.46124624668613,1.5347291449959348,0.11015768476882953,28.07568932149641,234.747180588148,True,694.452432080886
20260811_184731__rp1p5__vinf25__inc90__toff59132__Om270__om255,1.523593310815504,0.09339069716036236,25.178051567021548,250.4594435030448,1.4636480388438848,0.1296766208508871,27.063648846576445,221.80678939500467,True,646.7700116770598
20260811_184731__rp1p5__vinf25__inc90__toff59132__Om270__om270,1.5235963276533209,0.09339068310116314,25.178069023021006,250.45978911656184,1.3899411034336884,0.16552646007893748,25.72160246057509,214.33768118458966,True,598.5349147558544
20260811_184731__rp1p5__vinf25__inc90__toff59132__Om270__om285,1.5235963269424782,0.09339068236458921,25.17806913420835,250.45978878408252,1.3225867932246824,0.20960803440247344,24.07938810000722,212.01367066013697,True,555.5602503050774
20260811_184731__rp1p5__vinf25__inc90__toff59132__Om270__om30,1.5235999546002559,0.09339058368861253,25.178064157160794,250.46058716150924,1.5581004060885966,0.21593982559896288,30.220813752436232,249.74797817338077,True,710.3756288012765
20260811_184731__rp1p5__vinf25__inc90__toff59132__Om270__om300,1.5235951956057352,0.09339068795390358,25.17806276884558,250.4596592095671,1.2647309642041693,0.25784600119817386,22.149519686468253,208.32897245377336,True,519.5078561988302
20260811_184731__rp1p5__vinf25__inc90__toff59132__Om270__om315,1.5236080808703132,0.09339032652438047,25.178044317256557,250.4625339534995,1.2132517415481532,0.3094153354472749,20.053429348038843,208.5252858638503,True,488.11401486917185
20260811_184731__rp1p5__vinf25__inc90__toff59132__Om270__om330,1.523593314612245,0.09339070199852766,25.178051446632082,250.45944538671358,1.171163397005111,0.3687225937336344,18.14223351364893,209.1979961646085,True,462.9361850153743
20260811_184731__rp1p5__vinf25__inc90__toff59132__Om270__om345,1.5236029589323503,0.09339050154922167,25.178060841662965,250.46124813026222,1.159349823371996,0.42983314359471814,17.66935827129884,210.0216173948718,True,455.9493937827633
20260811_184731__rp1p5__vinf25__inc90__toff59132__Om270__om45,1.5235996402029504,0.09339058821736924,25.17806494152337,250.46051707163446,1.58520504029433,0.13948641413274507,28.885058596669612,257.9385047048954,True,728.9924981584707
20260811_184731__rp1p5__vinf25__inc90__toff59132__Om270__om60,1.5235963276533209,0.09339068310116314,25.178069023021006,250.45978911656184,1.556617785115849,0.10672520310048147,27.096664537393483,256.2616977196011,True,709.3619259492699
20260811_184731__rp1p5__vinf25__inc90__toff59132__Om270__om75,1.523593310815504,0.09339069716036236,25.178051567021548,250.4594435030448,1.5134059724333322,0.10399080452894566,25.569055511709607,253.27237986878748,True,680.0299769408653
20260811_184731__rp1p5__vinf25__inc90__toff59132__Om270__om90,1.523593311768885,0.0933906990522756,25.178051891381998,250.45944405677557,1.4690658696294678,0.12185859464816406,24.353931067887032,253.59507669142556,True,650.3644528299518
20260811_184731__rp1p5__vinf25__inc90__toff59132__Om90__om0,1.5236029556038668,0.0933904962921645,25.17806041531666,250.46124635793254,1.420102302342903,0.18852838441089184,27.266910698832604,254.07462072705573,True,618.122197107857
20260811_184731__rp1p5__vinf25__inc90__toff59132__Om90__om105,1.5235948204193357,0.09339069181216347,25.178060345943134,250.45961691865668,1.5696584928280781,0.09997398952169606,22.08765374288496,241.21562451132655,True,718.2946861855588
20260811_184731__rp1p5__vinf25__inc90__toff59132__Om90__om120,1.5235951809088808,0.0933906880619955,25.17806268063424,250.45965753833937,1.5011266620156667,0.11100247349128257,22.987429033935744,222.21729878424523,True,671.7704566097036
20260811_184731__rp1p5__vinf25__inc90__toff59132__Om90__om135,1.523608078737752,0.09339032431459861,25.17804465081921,250.46253295610666,1.4271665529757296,0.1414476550645476,24.209034421975637,210.21392587553325,True,622.7401700099549
20260811_184731__rp1p5__vinf25__inc90__toff59132__Om90__om15,1.5235996409221881,0.09339059031867933,25.178065539251698,250.46051756972116,1.4560579883636722,0.19170857456288842,26.40812641153732,258.58193685416745,True,641.7455995080377
20260811_184731__rp1p5__vinf25__inc90__toff59132__Om90__om150,1.5235963262316354,0.09339068162801521,25.178069245395704,250.45978845160334,1.3572924725682913,0.1829041993114375,25.704928603178388,205.27511686801355,True,577.5705665592784
20260811_184731__rp1p5__vinf25__inc90__toff59132__Om90__om165,1.5236029575106522,0.09339050007604817,25.178061064037816,250.4612474653214,1.2954040192427556,0.22950880283770117,27.567450255419335,203.50060795779694,True,538.5211352363987
20260811_184731__rp1p5__vinf25__inc90__toff59132__Om90__om180,1.5236029551355612,0.09339049671093293,25.178060962052065,250.46124624668613,1.2404521146311138,0.28165753430298923,29.329291563979815,203.9367754139483,True,504.6205098210657
20260811_184731__rp1p5__vinf25__inc90__toff59132__Om90__om195,1.5235996378278702,0.09339058485228167,25.178064839537544,250.46051585297693,1.191620169296252,0.33855571348025276,31.197144919549093,206.06088475186908,True,475.1181929729162
20260811_184731__rp1p5__vinf25__inc90__toff59132__Om90__om210,1.5235999517568708,0.0933905807422888,25.17806460191032,250.46058583161147,1.1624278832693442,0.4039537517608924,32.30330758394079,209.49008542301257,True,457.76640875906827
20260811_184731__rp1p5__vinf25__inc90__toff59132__Om90__om225,1.5235996402029504,0.09339058821736924,25.17806494152337,250.46051707163446,1.1913683508512503,0.44811420961298615,29.95982130453111,216.15777561897633,True,474.96759481273045
20260811_184731__rp1p5__vinf25__inc90__toff59132__Om90__om240,1.5235963276533209,0.09339068310116314,25.178069023021006,250.45978911656184,1.3338805892553272,0.3895360728102801,23.288146416036273,229.60299696986297,True,562.6914567683511
20260811_184731__rp1p5__vinf25__inc90__toff59132__Om90__om255,1.523593310815504,0.09339069716036236,25.178051567021548,250.4594435030448,1.5208747478194382,0.25499295195821353,19.95199039403277,245.2917728677511,True,685.0701833412392
20260811_184731__rp1p5__vinf25__inc90__toff59132__Om90__om270,1.5235963276533209,0.09339068310116314,25.178069023021006,250.45978911656184,1.590897832220868,0.15745368717562175,20.8216119074812,252.6411351678579,True,732.9229609220228
20260811_184731__rp1p5__vinf25__inc90__toff59132__Om90__om285,1.5235963269424782,0.09339068236458921,25.17806913420835,250.45978878408252,1.5718127982848618,0.11139670824899411,22.831697815515113,249.31590032409682,True,719.7739477533976
20260811_184731__rp1p5__vinf25__inc90__toff59132__Om90__om30,1.5235997474542937,0.09339058946067835,25.178064407472387,250.46054160714723,1.5131414335517743,0.18259803756669873,25.08918893095357,263.44555633311904,True,679.8516838939341
20260811_184731__rp1p5__vinf25__inc90__toff59132__Om90__om300,1.5235951861054688,0.09339067449369494,25.178062360902494,250.4596543348183,1.5254396978975622,0.10243916761476944,24.64088614656877,242.71711547347886,True,688.1568839697941
20260811_184731__rp1p5__vinf25__inc90__toff59132__Om90__om315,1.5235948163800461,0.09339068581863269,25.17806003078429,250.45961481375937,1.4751201031066308,0.11769870772342439,26.034511091237054,241.9684933357172,True,654.3889614491809
20260811_184731__rp1p5__vinf25__inc90__toff59132__Om90__om330,1.5235933098621235,0.09339069526844905,25.1780512426611,250.45944294931408,1.4334867752999372,0.14475370752632094,27.014752135928067,245.47321106148576,True,626.881463751424
20260811_184731__rp1p5__vinf25__inc90__toff59132__Om90__om345,1.5236029565572595,0.09339049818410634,25.178060739677225,250.46124691162697,1.4126524114263164,0.17155325654573086,27.47112412114947,249.89083483471669,True,613.2645559724274
20260811_184731__rp1p5__vinf25__inc90__toff59132__Om90__om45,1.523599641390491,0.09339058989991308,25.1780649925163,250.4605176809631,1.577080551856013,0.1663260442978956,23.58608846641104,267.97838292025466,True,723.3953396795013
20260811_184731__rp1p5__vinf25__inc90__toff59132__Om90__om60,1.5236029551355612,0.09339049671093293,25.178060962052065,250.46124624668613,1.6302708904974212,0.14617645377929528,22.38990928172102,271.2031410863136,True,760.2992347527992
20260811_184731__rp1p5__vinf25__inc90__toff59132__Om90__om75,1.523593310815504,0.09339069716036236,25.178051567021548,250.4594435030448,1.6410468500685693,0.12609740160096014,21.69491165012696,267.7100389403817,True,767.8499531735708
20260811_184731__rp1p5__vinf25__inc90__toff59132__Om90__om90,1.523593311768885,0.0933906990522756,25.178051891381998,250.45944405677557,1.6208658895690733,0.10786121012615815,21.61267427074071,258.3608125739638,True,753.7295055991935
20260811_184731__rp1p5__vinf25__incm30__toff59132__Om0__om0,1.523603005559357,0.09339046242714433,25.178061109454262,250.46126171459804,1.54972322932795,0.07257776745851567,26.420030121287365,168.89268628763907,True,704.6543003050623
20260811_184731__rp1p5__vinf25__incm30__toff59132__Om0__om105,1.5235972221053986,0.09339301238959813,25.178056182389117,250.46048519942127,1.6288092639006484,0.08480962277058669,30.112492313312522,294.83661236599187,True,759.2769894870424
20260811_184731__rp1p5__vinf25__incm30__toff59132__Om0__om120,1.5235976479794933,0.09339300905080057,25.178057782374243,250.46052877724566,1.7375803977559574,0.10725736922072432,29.48923727997046,323.41617901462627,True,836.5892026451169
20260811_184731__rp1p5__vinf25__incm30__toff59132__Om0__om135,1.5235991532417468,0.0933881244555578,25.178056725042342,250.4602398015354,1.8136134524408332,0.12709340717378417,28.68691969282658,337.410626872338,True,892.0968073002929
20260811_184731__rp1p5__vinf25__incm30__toff59132__Om0__om15,1.523600051966699,0.09339046698324781,25.178043786106723,250.4609413552755,1.4038258622119963,0.13505041987466543,26.353202130204462,198.57016945011452,True,607.5258347809929
20260811_184731__rp1p5__vinf25__incm30__toff59132__Om0__om150,1.5236021136403899,0.09339289113963349,25.178060545595194,250.4614134512156,1.8440760597097023,0.12956088859235393,27.81632689689245,344.17514902009145,True,914.6672661594304
20260811_184731__rp1p5__vinf25__incm30__toff59132__Om0__om165,1.523601511450901,0.09339047044942374,25.178052762962363,250.46109487731894,1.8281011952114317,0.11819374024840044,26.93071193874175,350.7354377713541,True,902.807672414916
20260811_184731__rp1p5__vinf25__incm30__toff59132__Om0__om180,1.5235932647906618,0.09339068532034048,25.17805199021104,250.4594210665786,1.7770967212777786,0.09154249211369399,26.10011838478774,353.4324716298196,True,865.2896136060211
20260811_184731__rp1p5__vinf25__incm30__toff59132__Om0__om195,1.5235934100236799,0.09339066208710517,25.17805171727137,250.45947889758645,1.7009639523448,0.05276921892177034,25.388793856874006,353.65523228169224,True,810.2845483248599
20260811_184731__rp1p5__vinf25__incm30__toff59132__Om0__om210,1.523593424954273,0.0933906903101769,25.178052170935512,250.45949245361237,1.6147437848345096,0.0048109310652403245,24.879490506780154,325.57311669383387,True,749.4632201837751
20260811_184731__rp1p5__vinf25__incm30__toff59132__Om0__om225,1.523596365032324,0.09339065898164114,25.178068818551807,250.45979992173045,1.5272998118236674,0.050435606576267535,24.73953749491404,186.02091157857222,True,689.4159704621981
20260811_184731__rp1p5__vinf25__incm30__toff59132__Om0__om240,1.5235932929377647,0.09339068502031994,25.178051881964986,250.45943256457122,1.4476072577585364,0.1018883870642913,25.212621134338516,187.72572895249112,True,636.166828555972
20260811_184731__rp1p5__vinf25__incm30__toff59132__Om0__om255,1.5236014799008961,0.09339048331210542,25.17805196643483,250.4610827829369,1.390801437784178,0.13071121693599344,26.578005720388532,190.51018779899425,True,599.0907150926445
20260811_184731__rp1p5__vinf25__incm30__toff59132__Om0__om270,1.5235953873357455,0.09339309660785498,25.17806878036137,250.4599172338875,1.3962083204660376,0.10446856073294028,27.462202414706518,180.29228821333754,True,602.5876478111845
20260811_184731__rp1p5__vinf25__incm30__toff59132__Om0__om285,1.5235978961351386,0.09339301351390301,25.178059849521684,250.46053901771856,1.5153990941676936,0.007874462955862166,35.26800490460013,24.65009106185903,True,681.373795492482
20260811_184731__rp1p5__vinf25__incm30__toff59132__Om0__om30,1.523596404361825,0.09339067232912378,25.178069485960307,250.4598197388985,1.3256480327004856,0.17686554737216964,27.292642915680318,203.73054783877166,True,557.4902030736281
20260811_184731__rp1p5__vinf25__incm30__toff59132__Om0__om300,1.523597757818734,0.09339300890346436,25.178057766297243,250.46056128180075,2.0302495633705973,0.26393668395856473,33.938327004967114,53.56049691800829,True,1056.6204965744457
20260811_184731__rp1p5__vinf25__incm30__toff59132__Om0__om315,1.5235990389696634,0.09338816060884778,25.178056914688547,250.4601955506585,2.389815113717947,0.3621760094051657,31.53835673783382,71.22871627083205,True,1349.4019934635392
20260811_184731__rp1p5__vinf25__incm30__toff59132__Om0__om330,1.5235972687867274,0.09339299911704074,25.178056049096522,250.46050337534848,2.1124020238817036,0.2617904365597088,29.680270167521307,79.11909645223538,True,1121.3979419041052
20260811_184731__rp1p5__vinf25__incm30__toff59132__Om0__om345,1.52359476031242,0.0933906787571784,25.17806011433988,250.45958856759583,1.7837582837072836,0.11354955061473217,27.680235308180578,96.69089091478789,True,870.1595617576003
20260811_184731__rp1p5__vinf25__incm30__toff59132__Om0__om45,1.5235963121505574,0.09339067432600401,25.178069439950903,250.45977939684184,1.3056996473194358,0.1857730800966485,28.536392535395947,205.90050218994315,True,544.953972224285
20260811_184731__rp1p5__vinf25__incm30__toff59132__Om0__om60,1.5235999803366558,0.09339048386985936,25.178043527300982,250.46091317690252,1.3358251844149376,0.16591878929227566,29.624498793709968,211.2526058418268,True,563.9223830507291
20260811_184731__rp1p5__vinf25__incm30__toff59132__Om0__om75,1.5235963095329452,0.09339066980560638,25.178068902416946,250.45977795692005,1.4073114205639132,0.1261760548723008,30.28699955549486,223.83134762281443,True,609.7898769467521
20260811_184731__rp1p5__vinf25__incm30__toff59132__Om0__om90,1.5236004853614185,0.09339292626388625,25.17805169676955,250.4611935225634,1.5109087152979213,0.08886485974529613,30.429040632729368,252.19789346507946,True,678.3475047552813
20260811_184731__rp1p5__vinf25__incm30__toff59132__Om180__om0,1.5235962806748882,0.09339066936884745,25.178069121849866,250.45976612643386,1.8002975413059115,0.09452434948781308,25.05553490946386,343.3445115934843,True,882.2899349552074
20260811_184731__rp1p5__vinf25__incm30__toff59132__Om180__om105,1.5235971407411812,0.09339301602547864,25.17805578900924,250.46045209176162,-2.199886245079134,4.352018547584175,21.37392227890105,349.9516135271117,False,
20260811_184731__rp1p5__vinf25__incm30__toff59132__Om180__om120,1.5235977813581565,0.093393008755932,25.17805790361199,250.46056396706845,-0.467953579884905,6.251461262486388,17.64806761906093,1.004175047488001,False,
20260811_184731__rp1p5__vinf25__incm30__toff59132__Om180__om135,1.5235990386142404,0.093388160240561,25.17805697028225,250.46019538441428,-0.6495342895382127,4.3454884455229825,16.82871203555735,13.971718621683094,False,
20260811_184731__rp1p5__vinf25__incm30__toff59132__Om180__om15,1.5235934086019998,0.09339066061397845,25.17805193964634,250.45947823261764,1.650456088751125,0.029371758251965682,25.0900420302434,328.072870447655,True,774.46332003133
20260811_184731__rp1p5__vinf25__incm30__toff59132__Om180__om150,1.523598776732823,0.0933929911485735,25.178064614906752,250.46067589773298,-4.66013109841625,1.825095463765761,20.80204677979663,29.945574734679887,False,
20260811_184731__rp1p5__vinf25__incm30__toff59132__Om180__om165,1.523594757469055,0.09339067581090557,25.178060559089563,250.45958723766722,3.2901583630803604,0.43261609763801506,24.934027942055877,33.951497349300105,True,2179.8173021498396
20260811_184731__rp1p5__vinf25__incm30__toff59132__Om180__om180,1.52359998966856,0.0933904783546443,25.178043978122925,250.46091665421946,1.814636595602932,0.05909692201949502,24.854052372596538,28.980263889673857,True,892.8518233141085
20260811_184731__rp1p5__vinf25__incm30__toff59132__Om180__om195,1.5236000533883916,0.09339046845640005,25.178043563731652,250.4609420202268,1.438487232800091,0.11994356871603168,24.9549700002447,224.81816858309617,True,630.1644653315008
20260811_184731__rp1p5__vinf25__incm30__toff59132__Om180__om210,1.5235933884770858,0.09339068827972753,25.178052354321338,250.4594746790024,1.2855768813938706,0.20833958979920156,24.74190119341724,223.5863800889236,True,532.4048133280887
20260811_184731__rp1p5__vinf25__incm30__toff59132__Om180__om225,1.5235963149939287,0.0933906772722996,25.17806899520149,250.4597807267591,1.237245889821557,0.24020267965443326,24.557725059207574,224.08465740466423,True,502.66531841738936
20260811_184731__rp1p5__vinf25__incm30__toff59132__Om180__om240,1.5235999789149635,0.09339048239670768,25.178043749676096,250.46091251195094,1.2720427544379056,0.23121629284498157,24.476118702478864,228.58374565805434,True,524.0195081783962
20260811_184731__rp1p5__vinf25__incm30__toff59132__Om180__om255,1.5235948037206906,0.09339067998982525,25.178060002964028,250.45960642394022,1.3765062662764644,0.1893425615353046,24.38582605810174,238.88462567896926,True,589.8779761066214
20260811_184731__rp1p5__vinf25__incm30__toff59132__Om180__om270,1.5236019904654763,0.09339291535458363,25.178060707253483,250.46136471510312,1.5432133544603417,0.14961996497394894,24.41475766057482,262.7590006694724,True,700.2189367681813
20260811_184731__rp1p5__vinf25__incm30__toff59132__Om180__om285,1.5235979774994366,0.09339300987816336,25.17806024290179,250.46057212539395,1.7412851840165449,0.14983625485655713,24.518063810559596,295.17546752251803,True,839.2662318844383
20260811_184731__rp1p5__vinf25__incm30__toff59132__Om180__om30,1.523596440839179,0.09339067435985476,25.178069302573,250.4598375135115,1.5004889280621494,0.05732514709741965,25.07828470071875,202.40011586498136,True,671.3424127920954
20260811_184731__rp1p5__vinf25__incm30__toff59132__Om180__om300,1.5235976244400729,0.09339300919833754,25.17805764505945,250.46052609197795,1.9195706557490255,0.17611620691260452,24.65065168121946,317.72084197727514,True,971.4065908938258
20260811_184731__rp1p5__vinf25__incm30__toff59132__Om180__om315,1.5235991535971694,0.09338812482384477,25.178056669448637,250.46023996777956,2.016268168918097,0.19454220567739205,24.626097526856213,327.89746402308674,True,1045.7246206290163
20260811_184731__rp1p5__vinf25__incm30__toff59132__Om180__om330,1.5236006056927016,0.0933928991021893,25.17805197986184,250.46124092871787,2.0139214924218254,0.18148687772984315,24.942310870104514,333.21175388077916,True,1043.8995187455175
20260811_184731__rp1p5__vinf25__incm30__toff59132__Om180__om345,1.5236015142942916,0.09339047339574952,25.178052318212448,250.4610962072112,1.9338992542692313,0.14062012530781098,24.6629993855104,1.163221067824902,True,982.3034316326057
20260811_184731__rp1p5__vinf25__incm30__toff59132__Om180__om45,1.5235963621889526,0.09339065603534477,25.17806926330123,250.45979859181344,1.3502792188973907,0.14922643796228383,24.959641183469877,201.3841113704572,True,573.0998147370051
20260811_184731__rp1p5__vinf25__incm30__toff59132__Om180__om60,1.5235932943594446,0.09339068649344572,25.178051659590015,250.45943322954054,1.1978873586740577,0.26807606256085875,24.560919392793377,207.47235178043627,True,478.87136135247965
20260811_184731__rp1p5__vinf25__incm30__toff59132__Om180__om75,1.5236029857163214,0.0933904731396814,25.178060865734423,250.4612543161598,1.0295729998355998,0.42960733142534263,23.2408274081162,216.13920999221662,True,381.5756121254604
20260811_184731__rp1p5__vinf25__incm30__toff59132__Om180__om90,1.5235938822347073,0.09339310752869634,25.17805976972453,250.45974604153093,0.8899869873683421,0.6515868324600476,18.33356557441518,231.14838333808103,True,306.66935343306807
20260811_184731__rp1p5__vinf25__incm30__toff59132__Om270__om0,1.52360304446046,0.09339045808577362,25.178061229654965,250.461277354963,1.0138623268724902,0.46909775016863947,33.79383387098312,226.96467793833364,True,372.87508989882986
20260811_184731__rp1p5__vinf25__incm30__toff59132__Om270__om105,1.5235947822590963,0.09339068052884474,25.178060494199926,250.4595977170122,1.5934577010299518,0.03656676138009753,25.503924844894616,248.46621777917966,True,734.6926608203165
20260811_184731__rp1p5__vinf25__incm30__toff59132__Om270__om120,1.5235951210171264,0.09339070690129676,25.178062107127037,250.45963254972514,1.397350433175855,0.13161971139427947,26.76927329515005,222.63359808620214,True,603.3271833003805
20260811_184731__rp1p5__vinf25__incm30__toff59132__Om270__om135,1.5235947660446019,0.09339067710436778,25.178060172969413,250.45959080494077,1.3141385491156414,0.18130312220257722,28.024594539724703,224.32050107831117,True,550.2456590495107
20260811_184731__rp1p5__vinf25__incm30__toff59132__Om270__om15,1.523597571893105,0.09338814747188806,25.17804817853095,250.4600382535553,1.0320308833046246,0.6653232422883901,30.028275747035238,254.9445363415718,True,382.9428215022918
20260811_184731__rp1p5__vinf25__incm30__toff59132__Om270__om150,1.5235964623499676,0.09339062894182999,25.178068888563228,250.45983768050132,1.299893078508313,0.19106263592731676,28.560426149592377,229.18588203900597,True,541.3228245851161
20260811_184731__rp1p5__vinf25__incm30__toff59132__Om270__om165,1.5236014505743385,0.09339048329378125,25.17805273260378,250.4610708411637,1.3560844499147273,0.17810977639129105,28.659127258024967,240.25503372157283,True,576.7996607968752
20260811_184731__rp1p5__vinf25__incm30__toff59132__Om270__om180,1.5236000505450067,0.09339046551009555,25.17804400848182,250.46094069032426,1.4669482805969423,0.15279064062821668,28.231733022285216,259.15822718279003,True,648.958755255963
20260811_184731__rp1p5__vinf25__incm30__toff59132__Om270__om195,1.5235976036029786,0.0933881522196429,25.178048223262884,250.46005157996666,1.6184683829900268,0.1424403174732821,27.45948556066513,286.365320627448,True,752.057803706323
20260811_184731__rp1p5__vinf25__incm30__toff59132__Om270__om210,1.523595739704716,0.09339302623597517,25.17804745380358,250.46030410475666,1.7794017032221936,0.1555268653156355,26.547019388587273,310.87310247239884,True,866.9736442269661
20260811_184731__rp1p5__vinf25__incm30__toff59132__Om270__om225,1.523600665817576,0.09338812263979658,25.17806527705657,250.46041466714735,1.9036696499771772,0.17327497760280147,25.70123583911375,325.52538175889094,True,959.3614680444
20260811_184731__rp1p5__vinf25__incm30__toff59132__Om270__om240,1.5235999082383178,0.09339050117528452,25.17804381523069,250.46088488729322,1.9593290016149618,0.17440749236316633,25.029675672933237,333.56522953784497,True,1001.7421380281429
20260811_184731__rp1p5__vinf25__incm30__toff59132__Om270__om255,1.5235948987472774,0.09339065607238939,25.178059949551603,250.45964366264138,1.931166245895752,0.15571252742371486,24.574508913247417,337.02288575133656,True,980.2218639534703
20260811_184731__rp1p5__vinf25__incm30__toff59132__Om270__om270,1.5235963561013373,0.09339065731984855,25.1780692602654,250.45979618822085,1.8411659452300382,0.11627573171277239,24.36100461197767,337.65617546086355,True,912.5029822909006
20260811_184731__rp1p5__vinf25__incm30__toff59132__Om270__om285,1.5235956289666348,0.09339065874669623,25.178064600289996,250.45972070089945,1.7169297756874975,0.06386256100871586,24.38871411098289,330.7660598501946,True,821.7196848984594
20260811_184731__rp1p5__vinf25__incm30__toff59132__Om270__om30,1.5235990601393679,0.09339298397303937,25.178064383539656,250.46073315835434,-3.2398178473153587,1.8635825993369228,23.314562244474224,78.89059402614946,False,
20260811_184731__rp1p5__vinf25__incm30__toff59132__Om270__om300,1.5235952253058267,0.09339069554127787,25.178062436762843,250.45968145880707,1.581207991021227,0.029305282701577357,24.716850687624262,254.27989928929838,True,726.237036268314
20260811_184731__rp1p5__vinf25__incm30__toff59132__Om270__om315,1.5236081465557878,0.09339029377412078,25.178044461529378,250.4625557802011,1.4447076294781982,0.08997869366543118,25.49250336413877,209.12926124679635,True,634.2563760362862
20260811_184731__rp1p5__vinf25__incm30__toff59132__Om270__om330,1.5235948982789775,0.09339065649116492,25.178060496287,250.4596435514033,1.307207005100774,0.1777553520807712,27.049003959427026,210.59941503879338,True,545.8979232050802
20260811_184731__rp1p5__vinf25__incm30__toff59132__Om270__om345,1.523601455792815,0.09339048960521087,25.17805238983935,250.4610733897024,1.1628157186087653,0.29409391817994474,29.699070392317466,217.36028923132605,True,457.9955233572337
20260811_184731__rp1p5__vinf25__incm30__toff59132__Om270__om45,1.523600564384258,0.09338813856243479,25.17806562224006,250.46037426915956,-0.6664276943833404,3.3353983214004432,21.07862871362229,61.54348705479724,False,
20260811_184731__rp1p5__vinf25__incm30__toff59132__Om270__om60,1.5235933552353549,0.09339067364799612,25.178051689948646,250.45945726535098,-2.856609660914752,2.222236358828431,29.01564177359896,53.6465157636163,False,
20260811_184731__rp1p5__vinf25__incm30__toff59132__Om270__om75,1.5235964532606483,0.09339063561246873,25.178068873290226,250.45983442447096,4.526873575517576,0.5586563074252554,24.31803540752055,17.490991419817856,True,3517.9725073679597
20260811_184731__rp1p5__vinf25__incm30__toff59132__Om270__om90,1.5235948144742135,0.09339067594763799,25.17806023141054,250.45961056614902,2.0674576394167246,0.1786783803305185,24.78991120402379,26.630194722612075,True,1085.7999624014171
20260811_184731__rp1p5__vinf25__incm30__toff59132__Om90__om0,1.5236030664360447,0.09339044958300252,25.17806113981251,250.4612857508161,1.58968293474091,0.1342308713231095,28.455749634457966,259.6692832115959,True,732.0835705250879
20260811_184731__rp1p5__vinf25__incm30__toff59132__Om90__om105,1.523594873573142,0.09339066126097348,25.178060539737384,250.45963377081287,1.588597889165245,0.01717021756791095,26.529942660373354,219.66261100612164,True,731.3341678039993
20260811_184731__rp1p5__vinf25__incm30__toff59132__Om90__om120,1.5235952488452322,0.09339069539365367,25.17806257407894,250.4596841442002,1.4792451823748667,0.07848089846303095,25.88392224224766,193.8001638739,True,657.1358150443345
20260811_184731__rp1p5__vinf25__incm30__toff59132__Om90__om135,1.523608146200361,0.0933902934058236,25.178044517123134,250.46255561396907,1.375704329433076,0.15092509398957624,25.404402617989103,193.43934726763123,True,589.3625669260729
20260811_184731__rp1p5__vinf25__incm30__toff59132__Om90__om15,1.5235976021812907,0.0933881507465062,25.178048445637824,250.46005091498483,1.748758320945795,0.12852914555191797,28.922885136468146,291.9673245578398,True,844.6748887604684
20260811_184731__rp1p5__vinf25__incm30__toff59132__Om90__om150,1.5235964062239475,0.09339064851697121,25.17806906217711,250.45981608192253,1.279364660197511,0.23177716444586152,25.650135211235064,193.25965045416478,True,528.5504141129366
20260811_184731__rp1p5__vinf25__incm30__toff59132__Om90__om165,1.5236014529494246,0.09339048665888602,25.178052834589298,250.46107205980974,1.2049348162793612,0.313851674432723,27.16509052700065,192.37484630129214,True,483.1035428631642
20260811_184731__rp1p5__vinf25__incm30__toff59132__Om90__om180,1.5236000285695088,0.09339047401300865,25.178044098323543,250.46093229453692,1.188172325334179,0.3604773521907914,31.8425424945001,189.36444811730343,True,473.0576187449478
20260811_184731__rp1p5__vinf25__incm30__toff59132__Om90__om195,1.523597573314793,0.09338814894502447,25.178047956156007,250.4600389185373,1.3088840782543965,0.2938154370180117,38.38835952179775,184.0076846767361,True,546.9487946307744
20260811_184731__rp1p5__vinf25__incm30__toff59132__Om90__om210,1.5235960442522105,0.09339299991132646,25.178047252075743,250.46038811457868,1.625365927325423,0.11460675263338665,40.82149060001856,165.1986892250476,True,756.8705714512519
20260811_184731__rp1p5__vinf25__incm30__toff59132__Om90__om225,1.5236005672276451,0.09338814150875124,25.178065177490655,250.46037559910243,1.9397676379215198,0.08157145714776651,37.70866164980646,69.75432156393717,True,986.7779958623327
20260811_184731__rp1p5__vinf25__incm30__toff59132__Om90__om240,1.523593353813675,0.09339067217486983,25.178051912323586,250.4594566003819,1.9233769035012986,0.0814565307285051,32.829600385348954,66.61079121785282,True,974.2972735609903
20260811_184731__rp1p5__vinf25__incm30__toff59132__Om90__om255,1.5235949474481096,0.09339064579621144,25.178059973838266,250.45966289134395,1.695864839902061,0.0293554759656506,28.88345883136487,152.08074717526853,True,806.6437004714413
20260811_184731__rp1p5__vinf25__incm30__toff59132__Om90__om270,1.5235963195756468,0.09339066502687476,25.178069242050604,250.45978176666617,1.4816477549536133,0.10894903207185601,26.25033593918966,216.2348237870436,True,658.7374332975886
20260811_184731__rp1p5__vinf25__incm30__toff59132__Om90__om285,1.5235955376524988,0.09339067801441418,25.178064554752755,250.45968464705666,1.3383612975885566,0.18777772950446012,24.817022886275613,221.9966292030757,True,565.5290860774178
20260811_184731__rp1p5__vinf25__incm30__toff59132__Om90__om30,1.5235987555912942,0.09339301029630721,25.17806458527801,250.46064914834062,1.8952099950184258,0.10557666470660644,29.618093877497163,321.44677903672306,True,952.9736655288416
20260811_184731__rp1p5__vinf25__incm30__toff59132__Om90__om300,1.5235950974777248,0.09339070704892781,25.178061969810937,250.45962986433312,1.2651370677293112,0.23079750554373266,24.449622868749287,219.98035058102872,True,519.7580962649107
20260811_184731__rp1p5__vinf25__incm30__toff59132__Om90__om315,1.5235947664000227,0.09339067747265188,25.178060117375722,250.45959097118185,1.2622305727008816,0.24422574220148385,25.2842763554384,220.23697613933433,True,517.9680060262262
20260811_184731__rp1p5__vinf25__incm30__toff59132__Om90__om330,1.5235949544048863,0.09339063691584108,25.178060322673883,250.4596651499049,1.3191303312263372,0.22013965138759334,26.468391744264512,223.89668636334247,True,553.3838134838379
20260811_184731__rp1p5__vinf25__incm30__toff59132__Om90__om345,1.5236014534177287,0.09339048624010608,25.17805228785385,250.46107217105646,1.435141306782959,0.17367591783588127,27.55776421418079,234.6568768114102,True,627.9670974256265
20260811_184731__rp1p5__vinf25__incm30__toff59132__Om90__om45,1.5236006629741885,0.09338811969347854,25.178065721805947,250.4604133372053,1.915206974366628,0.14312481580171255,28.66910793528366,328.0497846416098,True,968.0960858378598
20260811_184731__rp1p5__vinf25__incm30__toff59132__Om90__om60,1.5235999096600101,0.09339050264843564,25.178043592855563,250.4608855522451,1.8864975507909805,0.12688928877337124,28.253286009194927,336.4105663163934,True,946.4098700780706
20260811_184731__rp1p5__vinf25__incm30__toff59132__Om90__om75,1.52359640455972,0.09339064588848442,25.178068849003793,250.4598151957228,1.8128824586099797,0.08931359989078802,27.69121356520851,347.5836746458835,True,891.557509733702
20260811_184731__rp1p5__vinf25__incm30__toff59132__Om90__om90,1.5235948509998318,0.09339066824049036,25.17806024962554,250.45962498766932,1.7004005224239482,0.04521011242859011,27.177873355360347,340.83814737303777,True,809.8819818124309
20260811_184731__rp1p5__vinf25__incm60__toff59132__Om0__om0,1.523593369785599,0.09339067444394805,25.178051798005818,250.45946329121352,1.469930974465776,0.12317488360471168,24.186455819035196,177.9226676661331,True,650.9390182065282
20260811_184731__rp1p5__vinf25__incm60__toff59132__Om0__om105,1.5235987289851345,0.09339300331610327,25.17806491498095,250.46065722305548,1.5696902040707303,0.02618689735358182,29.31739557919789,292.1163026920218,True,718.3164534670126
20260811_184731__rp1p5__vinf25__incm60__toff59132__Om0__om120,1.5235975496648486,0.09339301149728163,25.17805755632435,250.46051229235434,1.6263032767111503,0.04998836909864942,28.74172771664787,333.79450799361865,True,757.5253973235302
20260811_184731__rp1p5__vinf25__incm60__toff59132__Om0__om135,1.5235991554955544,0.09338812724295575,25.17805660925401,250.46024090962257,1.6697595184261236,0.07120435998263351,27.9816531609477,344.0842962778862,True,788.0899405929366
20260811_184731__rp1p5__vinf25__incm60__toff59132__Om0__om15,1.5236030709436832,0.09339045515788068,25.178060908236038,250.46128796686162,1.4088238928778738,0.15088805368691408,25.208913641113412,183.72875315716036,True,610.7731753664245
20260811_184731__rp1p5__vinf25__incm60__toff59132__Om0__om150,1.5235988025050529,0.0933929874839407,25.17806440467518,250.4606861768447,1.6953923915279243,0.08217642689981997,27.107494929824703,348.1464204144533,True,806.3066415099119
20260811_184731__rp1p5__vinf25__incm60__toff59132__Om0__om165,1.52359668952331,0.09339057045913475,25.178047792130364,250.46019356053907,1.7009101315180433,0.08295268492088811,26.175853707743183,348.89032542301624,True,810.2460908614327
20260811_184731__rp1p5__vinf25__incm60__toff59132__Om0__om180,1.5236029095783667,0.09339048445097756,25.178060838506177,250.46122392160515,1.687361400378305,0.07183470424892714,25.250362607028258,346.9648042978217,True,800.5842786458828
20260811_184731__rp1p5__vinf25__incm60__toff59132__Om0__om195,1.5236030543449186,0.0933904616396505,25.17806111230168,250.46128164216017,1.657613147852962,0.050417077035118725,24.388134792700214,339.1991400903196,True,779.5063664741456
20260811_184731__rp1p5__vinf25__incm60__toff59132__Om0__om210,1.523603069275845,0.09339048986330395,25.17806156596538,250.46129519765142,1.6161508933807698,0.026716158938421893,23.67320283138151,310.6539305645521,True,750.4430714347113
20260811_184731__rp1p5__vinf25__incm60__toff59132__Om0__om225,1.5235963583921968,0.09339065119713624,25.178069383689973,250.45979670817542,1.5694892722597147,0.02843371631468983,23.213824044562582,230.53589855204186,True,718.17853325209
20260811_184731__rp1p5__vinf25__incm60__toff59132__Om0__om240,1.5236029410543097,0.09339048940865342,25.178061156606695,250.4612371919947,1.5263734225304895,0.05356026109576107,23.1391975151986,203.81095341043186,True,688.7888139154214
20260811_184731__rp1p5__vinf25__incm60__toff59132__Om0__om255,1.5235966558409753,0.09339058111241225,25.17804732916508,250.46018046888508,1.498919458897945,0.0681147183940381,23.481745378973237,194.00623652754672,True,670.2893803850837
20260811_184731__rp1p5__vinf25__incm60__toff59132__Om0__om270,1.5235987013061325,0.09339300319688626,25.178064476491073,250.46064583657346,1.5133367607484212,0.03358579136763756,23.36343417814789,155.2846713561452,True,679.9833283714429
20260811_184731__rp1p5__vinf25__incm60__toff59132__Om0__om285,1.5235971431120585,0.09339301870818816,25.17805553653693,250.46045322758562,1.5984908749765157,0.07927611672019962,26.53280445436219,68.96771266938396,True,738.17636276896
20260811_184731__rp1p5__vinf25__incm60__toff59132__Om0__om30,1.5235964019867545,0.09339066896406263,25.178069383974364,250.45981852021998,1.3770730418830792,0.15751128703545955,26.610694729216384,186.5828241480055,True,590.2423364460365
20260811_184731__rp1p5__vinf25__incm60__toff59132__Om0__om300,1.5235976077852498,0.09339301247893243,25.178058003657124,250.46052751030766,1.7821696094974107,0.1472237543973444,26.039966642968306,72.1711158362189,True,868.997331242677
20260811_184731__rp1p5__vinf25__incm60__toff59132__Om0__om315,1.5235990364775087,0.09338815734847009,25.17805694938678,250.46019430413682,1.8377753818842633,0.1629134407125253,25.231129426213474,88.71952361647047,True,909.9835399035312
20260811_184731__rp1p5__vinf25__incm60__toff59132__Om0__om330,1.5235987731702065,0.09339298610093394,25.178064461927935,250.4606740698115,1.7119643362911172,0.11838148684460449,24.29860889438513,114.18222560758683,True,818.1575871064792
20260811_184731__rp1p5__vinf25__incm60__toff59132__Om0__om345,1.5235995884083986,0.09339058693944849,25.178065066870502,250.46049298594272,1.5739962147453312,0.08468319820430968,23.836162643036953,142.71507802598242,True,721.2742332160889
20260811_184731__rp1p5__vinf25__incm60__toff59132__Om0__om45,1.523596307400417,0.09339066759588477,25.178069235979013,250.45977695948193,1.3775822162252573,0.145899165629211,27.96596831737166,187.54111429572455,True,590.5697308798524
20260811_184731__rp1p5__vinf25__incm60__toff59132__Om0__om60,1.523602994805718,0.09339046646914824,25.17806088100776,250.46125757229623,1.4053514502325894,0.11950304237648914,28.987522671006005,189.81764257154734,True,608.5164340295541
20260811_184731__rp1p5__vinf25__incm60__toff59132__Om0__om75,1.5235996237467049,0.09339057755013681,25.178065034092466,250.46050679824984,1.4508933846834053,0.08104075254914145,29.53578194987361,196.26081278261861,True,638.3342440048219
20260811_184731__rp1p5__vinf25__incm60__toff59132__Om0__om90,1.5235956622565512,0.09339302595708411,25.17804738386142,250.46029178809127,1.5084639903279913,0.04084648523665463,29.616155664996366,216.3475408585262,True,676.7017712444184
20260811_184731__rp1p5__vinf25__incm60__toff59132__Om180__om0,1.5235998951096419,0.09339050185225779,25.17804348479852,250.46087952637043,1.8008529581339496,0.09402582978967977,24.394013601093597,346.66055805012564,True,882.698264517265
20260811_184731__rp1p5__vinf25__incm60__toff59132__Om180__om105,1.5235986482145258,0.09339300779297662,25.178064547097062,250.46062442001715,1.6298136109833758,0.12658295098611205,10.039764817731228,37.49323780237494,True,759.9793693067056
20260811_184731__rp1p5__vinf25__incm60__toff59132__Om180__om120,1.523597578746941,0.0933930130632924,25.178057771642333,250.46052433424214,5.568251996407267,0.7333691533428645,5.358319597936639,4.914267050457077,True,4799.2482423460815
20260811_184731__rp1p5__vinf25__incm60__toff59132__Om180__om135,1.5235990378991997,0.09338815882161718,25.178056727011935,250.46019496911367,6.800636100628189,0.7537902464013931,10.402756510419682,21.472139176197455,True,6477.675633748116
20260811_184731__rp1p5__vinf25__incm60__toff59132__Om180__om15,1.5236030550557678,0.09339046237623763,25.17806100111428,250.46128197463042,1.6889647556381868,0.043581421502963964,24.781578764410977,346.7875270390469,True,801.7256398513782
20260811_184731__rp1p5__vinf25__incm60__toff59132__Om180__om150,1.5235987745918966,0.09339298757409742,25.178064239553095,250.4606747347396,3.2805536379594433,0.47520728377320276,18.04816622516724,36.51389612177946,True,2170.2791933685157
20260811_184731__rp1p5__vinf25__incm60__toff59132__Om180__om165,1.5235965725211036,0.09339060287928844,25.178047935383624,250.46014792599067,2.1287334709660892,0.17042499012977777,21.108846108687462,56.214369777287786,True,1134.4277082246379
20260811_184731__rp1p5__vinf25__incm60__toff59132__Om180__om180,1.5235963842485554,0.09339065702004341,25.17806915201987,250.4598076862295,1.6389189636488315,0.030817602033162562,23.338233687353206,138.5209581874538,True,766.3569722884043
20260811_184731__rp1p5__vinf25__incm60__toff59132__Om180__om195,1.523603070232834,0.09339045442129357,25.178061019423442,250.46128763439134,1.4114520261243328,0.12710880974140773,23.979036313447903,215.89853804106784,True,612.4830501895397
20260811_184731__rp1p5__vinf25__incm60__toff59132__Om180__om210,1.5235964005650688,0.0933906674909141,25.17806960634907,250.45981785526183,1.2763827854371215,0.17495410755885205,23.128223923218968,222.47330425613018,True,526.7036156873625
20260811_184731__rp1p5__vinf25__incm60__toff59132__Om180__om225,1.5235963059787316,0.09339066612273704,25.178069458353704,250.45977629452318,1.2737320720190188,0.21120516498200878,22.655745875764506,223.77968416532528,True,525.0637292226645
20260811_184731__rp1p5__vinf25__incm60__toff59132__Om180__om240,1.523602994805718,0.09339046646914824,25.17806088100776,250.46125757229623,1.3054555195299549,0.19689168305721297,21.771235584720777,230.87654337371657,True,544.8011435969923
20260811_184731__rp1p5__vinf25__incm60__toff59132__Om180__om255,1.5235966107026424,0.09339059643601992,25.17804745785612,250.46016306814064,1.396020948877581,0.15543162570458044,21.108261080294437,239.9009957616995,True,602.4663507078625
20260811_184731__rp1p5__vinf25__incm60__toff59132__Om180__om270,1.5235986781431359,0.09339301001723914,25.17806451534074,250.46063683170172,1.531407763561363,0.12083811449906096,20.996302186421367,263.4505160022846,True,692.1993051551334
20260811_184731__rp1p5__vinf25__incm60__toff59132__Om180__om285,1.523597223882508,0.09339301423103824,25.178055904420386,250.46048603058824,1.6885311881664762,0.12273660496411794,21.31093354746478,295.497867198516,True,801.416947930484
20260811_184731__rp1p5__vinf25__incm60__toff59132__Om180__om30,1.5236030706975432,0.09339049133647839,25.178061343590517,250.46129586259156,1.5704352437071223,0.022207447115706245,24.983647797654555,201.7514663864007,True,718.8279280180055
20260811_184731__rp1p5__vinf25__incm60__toff59132__Om180__om300,1.5235975787031562,0.09339301091291975,25.178057788339142,250.4605154684197,1.8211270653122855,0.14289237895346027,21.967538993666775,316.53221911068187,True,897.6463423318821
20260811_184731__rp1p5__vinf25__incm60__toff59132__Om180__om315,1.5235991540738636,0.09338812576980769,25.17805683162884,250.4602402446463,1.9183227592756116,0.1608819489370128,22.64971388167528,328.19108796894534,True,970.4594901803795
20260811_184731__rp1p5__vinf25__incm60__toff59132__Om180__om330,1.5235988010833625,0.093392986010777,25.17806462705003,250.46068551191678,1.9335863493735768,0.15987548709232474,23.311669869601026,335.22100842757175,True,982.0650362363009
20260811_184731__rp1p5__vinf25__incm60__toff59132__Om180__om345,1.5235997054110682,0.09339055452006724,25.178064923615093,250.46053862075865,1.8900719124964933,0.13564613633008066,23.901301899802153,341.04250210927574,True,949.1008990566078
20260811_184731__rp1p5__vinf25__incm60__toff59132__Om180__om45,1.5235963598138822,0.09339065267028436,25.178069161315282,250.45979737313402,1.4530841222310626,0.09059556268966691,24.817833763726107,195.80258953789814,True,639.7805431154719
20260811_184731__rp1p5__vinf25__incm60__toff59132__Om180__om60,1.5236029410543097,0.09339048940865342,25.178061156606695,250.4612371919947,1.341441605874391,0.1632632858103863,23.867885314180665,203.7161487300603,True,567.482601032896
20260811_184731__rp1p5__vinf25__incm60__toff59132__Om180__om75,1.5235996688852165,0.09339056222682288,25.178064905400205,250.4605241991158,1.2468958820464302,0.22244296914861694,21.46003297794201,215.49478617358886,True,508.55763445992085
20260811_184731__rp1p5__vinf25__incm60__toff59132__Om180__om90,1.5235956854194561,0.09339301913657881,25.17804734501224,250.4603007929075,1.235139527650365,0.2863588683373244,17.579809038635773,215.27482417755232,True,501.3822131918975
20260811_184731__rp1p5__vinf25__incm60__toff59132__Om270__om0,1.5236000557634735,0.09339047182149608,25.178043665716903,250.46094323888173,1.1140975490015133,0.388896532487735,29.57488482270943,219.35440339761823,True,429.5163699326583
20260811_184731__rp1p5__vinf25__incm60__toff59132__Om270__om105,1.523596289137573,0.093390671449401,25.178069226871607,250.45976974870592,1.6492614334047755,0.061423957374278776,23.278724467182375,282.1413209945172,True,773.6225985123954
20260811_184731__rp1p5__vinf25__incm60__toff59132__Om270__om120,1.5235951735534043,0.09339067768271524,25.178061852531037,250.45966455699943,1.4970614530376494,0.09366386057558113,25.510009894159282,239.1504599685046,True,669.0434672997309
20260811_184731__rp1p5__vinf25__incm60__toff59132__Om270__om135,1.5235948097240826,0.09339066921753929,25.17806002743909,250.4596081287687,1.405525772906097,0.13546711743380485,27.119209594299996,235.27552929628854,True,608.6296599785943
20260811_184731__rp1p5__vinf25__incm60__toff59132__Om270__om15,1.5235996318826728,0.09339056898762078,25.178064725005,250.46050950062173,1.0313191061506368,0.5310462795735249,29.84419921707429,222.40472186312658,True,382.5467244178141
20260811_184731__rp1p5__vinf25__incm60__toff59132__Om270__om150,1.523596348106953,0.09339065482052825,25.178068608508287,250.45979267718621,1.3644675953531542,0.16460437018577598,28.087319305057278,239.75798197952116,True,582.1564739923085
20260811_184731__rp1p5__vinf25__incm60__toff59132__Om270__om165,1.5235999325888925,0.09339049603745463,25.178043827374232,250.46089450172994,1.3721725581654796,0.17742754977154906,28.317652791405223,247.5772958962498,True,587.09446624831
20260811_184731__rp1p5__vinf25__incm60__toff59132__Om270__om180,1.523603055682405,0.09339045362500363,25.178060911366064,250.46128160851276,1.4274087052804123,0.1745910099443247,27.847647977110114,257.9598067430453,True,622.8986704633479
20260811_184731__rp1p5__vinf25__incm60__toff59132__Om270__om195,1.5235996736353776,0.09339056895699875,25.178065109371886,250.46052663643073,1.522649206450841,0.16399663062343725,26.826956919434995,272.0924598272717,True,686.2694765888332
20260811_184731__rp1p5__vinf25__incm60__toff59132__Om270__om210,1.5235998446890506,0.0933905438465473,25.178065348270987,250.4605755274591,1.6388163378039355,0.15457660112256272,25.55800980334185,288.07396060517544,True,766.2849917918311
20260811_184731__rp1p5__vinf25__incm60__toff59132__Om270__om225,1.5235996805921972,0.09339056007666989,25.17806545820723,250.46052889508775,1.749231545728222,0.15250077811444993,24.270688263248513,303.0585741278811,True,845.0177733027709
20260811_184731__rp1p5__vinf25__incm60__toff59132__Om270__om240,1.523603021531483,0.09339046469660456,25.178060995136804,250.461268405417,1.8206634955035559,0.14823519709194516,23.290023116982553,312.8510087444214,True,897.303618914362
20260811_184731__rp1p5__vinf25__incm60__toff59132__Om270__om255,1.5235933542819744,0.09339067175608261,25.17805136558818,250.4594567116203,1.824332527104567,0.13171244779837257,22.706335572656275,315.6361207050528,True,900.0173769154371
20260811_184731__rp1p5__vinf25__incm60__toff59132__Om270__om270,1.5235964123115633,0.09339064723246875,25.178069065212906,250.45981848551577,1.7725877526098275,0.10363674878916751,22.58268313590187,312.2505963385122,True,861.9984973979762
20260811_184731__rp1p5__vinf25__incm60__toff59132__Om270__om285,1.5235948723064439,0.09339066374465688,25.17806026025094,250.45963340022394,1.6801986737267114,0.07031302644709438,22.870429951157355,294.9145929357236,True,795.492059032715
20260811_184731__rp1p5__vinf25__incm60__toff59132__Om270__om30,1.5236000654320196,0.09339053697877726,25.178064881656258,250.4606265540131,1.006404600790413,0.6625288755991807,25.275914573820764,232.02755395280468,True,368.7684964301349
20260811_184731__rp1p5__vinf25__incm60__toff59132__Om270__om300,1.5235951428725232,0.09339069643419165,25.178062457958895,250.45964331082632,1.568590292789906,0.06218259700956974,23.53401608292662,250.82624533496121,True,717.5615790859755
20260811_184731__rp1p5__vinf25__incm60__toff59132__Om270__om315,1.5236081001871138,0.09339030267012868,25.178044549947746,250.46253742040764,1.4519049187986344,0.10624343488263895,24.597341012626096,221.59449209145922,True,639.0019113195658
20260811_184731__rp1p5__vinf25__incm60__toff59132__Om270__om330,1.5235963209973322,0.0933906665000225,25.178069019675895,250.45978243162494,1.3408370136692536,0.18150380475046982,26.077710368535996,215.66452225224091,True,567.09899481312
20260811_184731__rp1p5__vinf25__incm60__toff59132__Om270__om345,1.5236029752052267,0.09339047833704128,25.178061072835924,250.46125039508286,1.2234053219851764,0.27233783168431797,27.88108930390571,215.6730098926432,True,494.2542818996429
20260811_184731__rp1p5__vinf25__incm60__toff59132__Om270__om45,1.5235996199499326,0.0933905727118891,25.17806515448138,250.46050491464183,1.2142942619553951,0.6284878445948447,15.140422983428234,277.8405431646036,True,488.74328837863544
20260811_184731__rp1p5__vinf25__incm60__toff59132__Om270__om60,1.5235962844716435,0.09339067420705419,25.178069001461104,250.4597680100731,2.1864560105025617,0.3911239478124553,10.127613774542056,333.3108329252264,True,1180.8806562491739
20260811_184731__rp1p5__vinf25__incm60__toff59132__Om270__om75,1.5235963003594177,0.09339066698847814,25.17806890858256,250.45977400216856,2.3021906067965805,0.28958036021470407,14.40708657323753,346.6124383316846,True,1275.8711249709343
20260811_184731__rp1p5__vinf25__incm60__toff59132__Om270__om90,1.5235934390399597,0.09339065419126666,25.178051954825634,250.4594902505289,1.9043253769260655,0.13267553610325925,20.155087886823196,333.69529033128475,True,959.8571948141068
20260811_184731__rp1p5__vinf25__incm60__toff59132__Om90__om0,1.5236000412131019,0.09339047102530829,25.17804355765986,250.46093721300542,1.6058422041124392,0.14628646977871063,28.15648296734332,255.98385295445684,True,743.2744322770815
20260811_184731__rp1p5__vinf25__incm60__toff59132__Om90__om105,1.5235963774079915,0.09339065282408598,25.178069270890695,250.4598046007955,1.4709967699923137,0.09261434409801787,26.323423058168643,203.87016991557095,True,651.6471061853737
20260811_184731__rp1p5__vinf25__incm60__toff59132__Om90__om120,1.523595113834237,0.09339069701866305,25.178062225942544,250.45964013461264,1.3882537489690423,0.1432081628967219,25.145095482867895,200.35040672039412,True,597.4453355082046
20260811_184731__rp1p5__vinf25__incm60__toff59132__Om90__om135,1.5236081016088214,0.09339030414331675,25.178044327572653,250.4625380853363,1.3194875931801278,0.20617285644810784,24.085755284184636,199.824414625806,True,553.6086392988035
20260811_184731__rp1p5__vinf25__incm60__toff59132__Om90__om15,1.5235996743462237,0.09339056969357916,25.1780649981845,250.46052696890564,1.7068525861326107,0.1267445225562236,29.089496215090875,274.155838549196,True,814.4959217198898
20260811_184731__rp1p5__vinf25__incm60__toff59132__Om90__om150,1.5235963224190179,0.09339066797317047,25.178068797301215,250.45978309658355,1.2573612081625247,0.2747423248572647,23.116968860155215,197.55510221217247,True,514.9736153206011
20260811_184731__rp1p5__vinf25__incm60__toff59132__Om90__om165,1.5235999593145497,0.09339049426472194,25.178043941503052,250.4609053348238,1.2064656304994408,0.34499141488606583,23.14379005184431,196.58325863069211,True,484.02447642976557
20260811_184731__rp1p5__vinf25__incm60__toff59132__Om90__om180,1.523603070232834,0.09339045442129357,25.178061019423442,250.46128763439134,1.2074911630222118,0.4013838954962968,25.555354593697224,197.37796943609874,True,484.6417608762155
20260811_184731__rp1p5__vinf25__incm60__toff59132__Om90__om195,1.5235996311718267,0.09339056825104057,25.178064836192387,250.46050916814664,1.2856588218486924,0.3762776530458105,30.239495696437174,202.11636832490922,True,532.4557159870399
20260811_184731__rp1p5__vinf25__incm60__toff59132__Om90__om210,1.5236000640103273,0.09339053550561459,25.178065104031035,250.46062588906446,1.468430625271915,0.2468412503804909,32.861303439500524,217.64393892390785,True,649.9426585873279
20260811_184731__rp1p5__vinf25__incm60__toff59132__Om90__om225,1.5235996185282412,0.09339057123872868,25.17806537685618,250.46050424969184,1.60700759821791,0.12839616067070175,31.414455725286903,234.29616823375477,True,744.0836943365138
20260811_184731__rp1p5__vinf25__incm60__toff59132__Om90__om240,1.5235962844716435,0.09339067420705419,25.178069001461104,250.4597680100731,1.605653263021718,0.08399652429416783,28.777972038878833,235.40380848775106,True,743.1432572301328
20260811_184731__rp1p5__vinf25__incm60__toff59132__Om90__om255,1.5235932873184734,0.09339068588607848,25.178051332193707,250.45943027222876,1.525736321466237,0.09853579901941449,26.48314324484808,231.05834876494558,True,688.357613117306
20260811_184731__rp1p5__vinf25__incm60__toff59132__Om90__om270,1.5235964549248757,0.093390638240956,25.178069086463513,250.45983531067031,1.429936406590242,0.140076965436916,24.647582558885397,233.68606642865473,True,624.5539762826527
20260811_184731__rp1p5__vinf25__incm60__toff59132__Om90__om285,1.5235947840361999,0.09339068237026549,25.178060216231373,250.45959854821737,1.354079002433204,0.18383670735909194,23.354523860572236,235.64536762976425,True,575.5206324227519
20260811_184731__rp1p5__vinf25__incm60__toff59132__Om90__om30,1.5235998461107427,0.09339054531970911,25.1780651258962,250.46057619240833,1.7661636020002294,0.11111253867815468,29.398295768660244,290.9742047562829,True,857.3167084472041
20260811_184731__rp1p5__vinf25__incm60__toff59132__Om90__om300,1.523595202591693,0.09339067709824765,25.17806208454735,250.45966773321464,1.3178430080700656,0.2136270965806621,22.918293898641455,234.10235642818319,True,552.5739504051793
20260811_184731__rp1p5__vinf25__incm60__toff59132__Om90__om315,1.5235948083023998,0.09339066774440251,25.178060249813935,250.45960746380464,1.3327930555714864,0.22269502446024741,23.62934244664616,232.17255404546847,True,562.003440350068
20260811_184731__rp1p5__vinf25__incm60__toff59132__Om90__om330,1.5235963466852671,0.09339065334738017,25.17806883088303,250.4597920122276,1.3917770923365853,0.20684380876518096,24.998140797679305,233.71221513954214,True,599.7212235865884
20260811_184731__rp1p5__vinf25__incm60__toff59132__Om90__om345,1.5236029484794638,0.09339048010959043,25.178060958706876,250.46123956196408,1.4901596672699835,0.17659069397903815,26.69388757229366,241.21022551944498,True,664.4221454355734
20260811_184731__rp1p5__vinf25__incm60__toff59132__Om90__om45,1.523599682013889,0.09339056154983083,25.17806523583246,250.46052956003746,1.767340558251955,0.0923249254950904,29.268988967026015,300.7130349822218,True,858.1738139337924
20260811_184731__rp1p5__vinf25__incm60__toff59132__Om90__om60,1.523603021531483,0.09339046469660456,25.178060995136804,250.461268405417,1.719505744640792,0.06529627019288992,28.838301513199397,300.94155500284035,True,823.5696599325237
20260811_184731__rp1p5__vinf25__incm60__toff59132__Om90__om75,1.5235963673231836,0.09339065285892893,25.178068941976367,250.4598004416853,1.6428644264183814,0.03964386011102414,28.191535758224703,274.7638003830783,True,769.1259791589247
20260811_184731__rp1p5__vinf25__incm60__toff59132__Om90__om90,1.523593396426816,0.09339066318306426,25.17805193357461,250.45947342545372,1.5558350564540673,0.050816515087399,27.36477083778241,221.01475949994156,True,708.826950589607
20260811_184731__rp1p5__vinf25__incm90__toff59132__Om0__om0,1.523599746911277,0.09339056533633976,25.178065150418718,250.46054759480606,1.454795239630172,0.14581434186732642,21.739592693162034,181.59616914592416,True,640.9109613312633
20260811_184731__rp1p5__vinf25__incm90__toff59132__Om0__om105,1.5235987774337545,0.09339300388731309,25.178064781704183,250.4606682898758,1.551543652255448,0.01571258994901579,26.298606266855618,121.57271723865081,True,705.8962757646738
20260811_184731__rp1p5__vinf25__incm90__toff59132__Om0__om120,1.5235975973951064,0.09339301974792708,25.178058392115283,250.46051949308702,1.5741875530638312,0.015000537562981269,25.904491177903388,16.967373277624027,True,721.4057566515024
20260811_184731__rp1p5__vinf25__incm90__toff59132__Om0__om135,1.5235992091710349,0.09338813549019397,25.178056842129603,250.46025469128074,1.5909279917281758,0.030931131933394983,25.418776189490444,349.8930711235947,True,732.9438026439517
20260811_184731__rp1p5__vinf25__incm90__toff59132__Om0__om15,1.5235998077877042,0.09339055249176546,25.178065180776837,250.46057163088173,1.4331403567352854,0.15393939040391377,23.056720987881075,177.98690276298763,True,626.6542378082701
20260811_184731__rp1p5__vinf25__incm90__toff59132__Om0__om150,1.523595838152462,0.0933930080956179,25.17804713071954,250.460353750964,1.6006180231679394,0.04297390052465309,24.8826465386627,338.0062222755667,True,739.6503149846313
20260811_184731__rp1p5__vinf25__incm90__toff59132__Om0__om165,1.5235997605082536,0.09339056424058503,25.1780649341156,250.4605530669699,1.6035439211833618,0.05028833503660067,24.31885829435011,328.08483664005087,True,741.6793407029762
20260811_184731__rp1p5__vinf25__incm90__toff59132__Om0__om180,1.5235996523523894,0.09339058883401297,25.17806465709613,250.4605104669994,1.6000723226115767,0.05295691753377926,23.761125634128252,316.2765879094695,True,739.2720924684232
20260811_184731__rp1p5__vinf25__incm90__toff59132__Om0__om195,1.5235997866813915,0.09339055339881275,25.17806561641896,250.46056309015984,1.5902192847184742,0.05407167034680002,23.220918533493798,300.63523117863633,True,732.4541030217623
20260811_184731__rp1p5__vinf25__incm90__toff59132__Om0__om210,1.5235998101423585,0.09339059046123492,25.17806473583378,250.4605806355209,1.575502836768052,0.054948879589102204,22.731589287910293,281.1578566023276,True,722.310081621234
20260811_184731__rp1p5__vinf25__incm90__toff59132__Om0__om225,1.5235997286483498,0.0933905691897151,25.178065141311283,250.4605403839848,1.558305146091239,0.057486081564086584,22.345507353489523,262.2645365275732,True,710.5156522734694
20260811_184731__rp1p5__vinf25__incm90__toff59132__Om0__om240,1.5235996738595718,0.09339058074985002,25.178065113988957,250.46051875152466,1.5426598333401584,0.059524230008938146,22.106482311285927,246.15055331631856,True,699.8422378378584
20260811_184731__rp1p5__vinf25__incm90__toff59132__Om0__om255,1.5235967080947102,0.0933905878864004,25.178047784416172,250.4601935852421,1.5366845627756236,0.052123662963702085,22.041443514942213,235.71858306437662,True,695.7800706636227
20260811_184731__rp1p5__vinf25__incm90__toff59132__Om0__om270,1.523595737907319,0.09339302570117457,25.17804752689571,250.46031396453859,1.5555580648403786,0.022100251044482287,21.79813085291922,235.67311321992383,True,708.6376660176013
20260811_184731__rp1p5__vinf25__incm90__toff59132__Om0__om285,1.5235971978579481,0.09339302874265962,25.178055957089402,250.460467590009,1.614833005948757,0.03027242015555886,22.570920695230075,53.081077860145385,True,749.5253373455436
20260811_184731__rp1p5__vinf25__incm90__toff59132__Om0__om30,1.5235997660712717,0.09339057875370078,25.178065159998596,250.46055909367846,1.4307696292012317,0.14724257459767212,24.40504800149487,173.94246330554796,True,625.099946326969
20260811_184731__rp1p5__vinf25__incm90__toff59132__Om0__om300,1.5235976070487414,0.0933930147180975,25.178058316048105,250.46052743610028,1.6806048087380379,0.06609312079860788,22.322815937224018,64.42142628821567,True,795.7805041173048
20260811_184731__rp1p5__vinf25__incm90__toff59132__Om0__om315,1.5235990852857477,0.09338815897024062,25.17805711497499,250.46020562056233,1.661784505858916,0.058991156384063166,21.447579833373045,114.67910966378989,True,782.4506405226141
20260811_184731__rp1p5__vinf25__incm90__toff59132__Om0__om330,1.523598825423989,0.09339299287513639,25.178064917178144,250.46068718577703,1.5784672052434296,0.07870462273088506,20.766840693918898,166.39963524989716,True,724.3496210500833
20260811_184731__rp1p5__vinf25__incm90__toff59132__Om0__om345,1.5235996373337226,0.09339058845661384,25.178065095774055,250.46050432988778,1.5027490421418614,0.11913076461278098,20.857223594181487,181.6980008072343,True,672.8597998556661
20260811_184731__rp1p5__vinf25__incm90__toff59132__Om0__om45,1.5235996738595718,0.09339058074985002,25.178065113988957,250.46051875152466,1.443495655690636,0.12954402483837243,25.489309241987602,168.51006237158197,True,633.4584213010852
20260811_184731__rp1p5__vinf25__incm90__toff59132__Om0__om60,1.5235997347359922,0.09339056790525656,25.17806514434708,250.46054278759178,1.4678915336825198,0.09778798434923551,26.176729089183553,164.2437046101414,True,649.584780126807
20260811_184731__rp1p5__vinf25__incm90__toff59132__Om0__om75,1.523596659393767,0.09339059816240172,25.1780477601292,250.46017435647977,1.4948026835161397,0.07206531105744182,26.531192889702986,159.15272708738738,True,667.5298572723252
20260811_184731__rp1p5__vinf25__incm90__toff59132__Om0__om90,1.5235987294435245,0.09339301489949974,25.17806464623024,250.4606493939794,1.5243885868524247,0.04164884137256422,26.53025426273088,149.83262475555014,True,687.4457401419958
20260811_184731__rp1p5__vinf25__incm90__toff59132__Om180__om0,1.5235996495090056,0.09339058588769192,25.178065101845696,250.46050913709968,1.742663297148216,0.08290130984760201,24.759097132156196,345.4440568595311,True,840.2627653411097
20260811_184731__rp1p5__vinf25__incm90__toff59132__Om180__om105,1.5235987043821428,0.09339301930072468,25.17806474527438,250.46063944733666,1.6418295554866742,0.10225618771580797,19.458951743571355,76.8515667522311,True,768.3993634254222
20260811_184731__rp1p5__vinf25__incm90__toff59132__Om180__om120,1.5235976217456075,0.09339301461006211,25.178058404258653,250.46052910724978,1.9871602097782353,0.2747210944068767,20.30478548487408,65.25759085134337,True,1023.1615613059912
20260811_184731__rp1p5__vinf25__incm90__toff59132__Om180__om135,1.523599087418284,0.09338816117996158,25.178056781412746,250.46020661802726,2.105168127248069,0.27129366302948416,22.269560087650692,63.087233489846014,True,1115.6425545717539
20260811_184731__rp1p5__vinf25__incm90__toff59132__Om180__om15,1.5235997895247755,0.09339055634513606,25.17806517166943,250.46056442005835,1.6867724560359478,0.05025773714880924,25.502743198215644,345.1020128246127,True,800.1651700570587
20260811_184731__rp1p5__vinf25__incm90__toff59132__Om180__om150,1.523595813802017,0.09339301323357384,25.178047118576046,250.4603441368253,1.9051592622481528,0.1219450860488104,23.334965803488917,74.34534868822651,True,960.487731842362
20260811_184731__rp1p5__vinf25__incm90__toff59132__Om180__om165,1.5235996387554147,0.09339058992977423,25.178064873399297,250.46050499483772,1.6537127591452836,0.08908121729118558,24.467584510550086,119.29528143915623,True,776.7567002288274
20260811_184731__rp1p5__vinf25__incm90__toff59132__Om180__om180,1.523599749754661,0.0933905682826624,25.178064705669172,250.46054892470482,1.4927228358718583,0.09838041730730805,24.78869273781512,179.60536350319504,True,666.1371543744215
20260811_184731__rp1p5__vinf25__incm90__toff59132__Om180__om195,1.52359980494432,0.09339054954544193,25.17806562552638,250.46057030098336,1.391413847069876,0.14257319547801015,24.36380404487103,201.91169919933603,True,599.4864535767744
20260811_184731__rp1p5__vinf25__incm90__toff59132__Om180__om210,1.5235997689146559,0.09339058170002389,25.17806471524908,250.46056042357674,1.3432767092515334,0.1674899135668311,23.35742333565165,209.36019438216442,True,568.6474806398857
20260811_184731__rp1p5__vinf25__incm90__toff59132__Om180__om225,1.5235996738595718,0.09339058074985002,25.178065113988957,250.46051875152466,1.335258788175914,0.16352445385898237,22.089486509867008,214.32757228934827,True,563.5637624081763
20260811_184731__rp1p5__vinf25__incm90__toff59132__Om180__om240,1.5235997347359922,0.09339056790525656,25.17806514434708,250.46054278759178,1.3693610338235231,0.13864706816758718,20.983160590181463,218.80582227006096,True,585.2909927355539
20260811_184731__rp1p5__vinf25__incm90__toff59132__Om180__om255,1.523596659393767,0.09339059816240172,25.1780477601292,250.46017435647977,1.433303989021392,0.09961991038924484,20.28406834898744,228.5011953327462,True,626.7615655294767
20260811_184731__rp1p5__vinf25__incm90__toff59132__Om180__om270,1.5235957135568783,0.09339303083914113,25.178047514752215,250.46030435040421,1.5184463431617565,0.06674967674489853,20.12607958470101,255.66098316402795,True,683.4300449624756
20260811_184731__rp1p5__vinf25__incm90__toff59132__Om180__om285,1.5235972709094154,0.09339301332900445,25.178055993519592,250.46049643247977,1.6110406171217053,0.06653089325157514,20.470645343827485,297.97955831122033,True,746.8865301376385
20260811_184731__rp1p5__vinf25__incm90__toff59132__Om180__om30,1.523599807298974,0.093390587514911,25.178065180583328,250.46057930562336,1.6181937888578821,0.010700470556615365,26.06405226114779,311.6713131272708,True,751.8664172981439
20260811_184731__rp1p5__vinf25__incm90__toff59132__Om180__om300,1.5235975826982409,0.09339301985596335,25.178058303904734,250.46051782193769,1.6948646720964857,0.08887421800370927,21.16364068014793,321.67275926783526,True,805.9302060267154
20260811_184731__rp1p5__vinf25__incm90__toff59132__Om180__om315,1.5235992070384985,0.09338813328047153,25.17805717569182,250.46025369381664,1.7552154752654223,0.10706484687306064,22.04630455838437,332.16110319698936,True,849.35754937687
20260811_184731__rp1p5__vinf25__incm90__toff59132__Om180__om330,1.5235988497745296,0.0933929877373427,25.178064929321405,250.46069679996134,1.7837488446878784,0.11217029343852143,22.992058124266016,338.3308576698376,True,870.1526549007141
20260811_184731__rp1p5__vinf25__incm90__toff59132__Om180__om345,1.5235997590865618,0.09339056276742362,25.17806515649034,250.46055240202054,1.7778435081547685,0.10285435879288696,23.897148649592165,342.8427541462022,True,865.8351000747393
20260811_184731__rp1p5__vinf25__incm90__toff59132__Om180__om45,1.5235997286483498,0.0933905691897151,25.178065141311283,250.4605403839848,1.5457510999542374,0.04035423784463368,26.30231881654696,195.62221684212415,True,701.9468648472596
20260811_184731__rp1p5__vinf25__incm90__toff59132__Om180__om60,1.5235996738595718,0.09339058074985002,25.178065113988957,250.46051875152466,1.4802612899941159,0.07926956553497047,26.06136286210591,197.0863856632103,True,657.8130205907626
20260811_184731__rp1p5__vinf25__incm90__toff59132__Om180__om75,1.5235967080947102,0.0933905878864004,25.178047784416172,250.4601935852421,1.4377189722267745,0.09995605046432518,25.110153895282743,196.3763568601791,True,629.6596997804933
20260811_184731__rp1p5__vinf25__incm90__toff59132__Om180__om90,1.5235987537940614,0.09339300976169594,25.178064658373504,250.4606590081591,1.4328285260947677,0.1416762555774155,26.762284251807507,179.13404518734524,True,626.4497225685828
20260811_184731__rp1p5__vinf25__incm90__toff59132__Om270__om0,1.5236029551355612,0.09339049671093293,25.178060962052065,250.46124624668613,1.2404521146311138,0.28165753430298923,29.329291563979815,203.9367754139483,True,504.6205098210657
20260811_184731__rp1p5__vinf25__incm90__toff59132__Om270__om105,1.5235963269424782,0.09339068236458921,25.17806913420835,250.45978878408252,1.5718127982848618,0.11139670824899411,22.831697815515113,249.31590032409682,True,719.7739477533976
20260811_184731__rp1p5__vinf25__incm90__toff59132__Om270__om120,1.5235951861054688,0.09339067449369494,25.178062360902494,250.4596543348183,1.5254396978975622,0.10243916761476944,24.64088614656877,242.71711547347886,True,688.1568839697941
20260811_184731__rp1p5__vinf25__incm90__toff59132__Om270__om135,1.5235948163800461,0.09339068581863269,25.17806003078429,250.45961481375937,1.4751201031066308,0.11769870772342439,26.034511091237054,241.9684933357172,True,654.3889614491809
20260811_184731__rp1p5__vinf25__incm90__toff59132__Om270__om15,1.5235996378278702,0.09339058485228167,25.178064839537544,250.46051585297693,1.191620169296252,0.33855571348025276,31.197144919549093,206.06088475186908,True,475.1181929729162
20260811_184731__rp1p5__vinf25__incm90__toff59132__Om270__om150,1.5235933098621235,0.09339069526844905,25.1780512426611,250.45944294931408,1.4334867752999372,0.14475370752632094,27.014752135928067,245.47321106148576,True,626.881463751424
20260811_184731__rp1p5__vinf25__incm90__toff59132__Om270__om165,1.5236029565572595,0.09339049818410634,25.178060739677225,250.46124691162697,1.4126524114263164,0.17155325654573086,27.47112412114947,249.89083483471669,True,613.2645559724274
20260811_184731__rp1p5__vinf25__incm90__toff59132__Om270__om180,1.5236029556038668,0.0933904962921645,25.17806041531666,250.46124635793254,1.420102302342903,0.18852838441089184,27.266910698832604,254.07462072705573,True,618.122197107857
20260811_184731__rp1p5__vinf25__incm90__toff59132__Om270__om195,1.5235996409221881,0.09339059031867933,25.178065539251698,250.46051756972116,1.4560579883636722,0.19170857456288842,26.40812641153732,258.58193685416745,True,641.7455995080377
20260811_184731__rp1p5__vinf25__incm90__toff59132__Om270__om210,1.5235997474542937,0.09339058946067835,25.178064407472387,250.46054160714723,1.5131414335517743,0.18259803756669873,25.08918893095357,263.44555633311904,True,679.8516838939341
20260811_184731__rp1p5__vinf25__incm90__toff59132__Om270__om225,1.523599641390491,0.09339058989991308,25.1780649925163,250.4605176809631,1.577080551856013,0.1663260442978956,23.58608846641104,267.97838292025466,True,723.3953396795013
20260811_184731__rp1p5__vinf25__incm90__toff59132__Om270__om240,1.5236029551355612,0.09339049671093293,25.178060962052065,250.46124624668613,1.6302708915113475,0.14617645530632495,22.389909058473098,271.2031415396352,True,760.2992354620868
20260811_184731__rp1p5__vinf25__incm90__toff59132__Om270__om255,1.523593310815504,0.09339069716036236,25.178051567021548,250.4594435030448,1.6410468500685693,0.12609740160096014,21.69491165012696,267.7100389403817,True,767.8499531735708
20260811_184731__rp1p5__vinf25__incm90__toff59132__Om270__om270,1.523593311768885,0.0933906990522756,25.178051891381998,250.45944405677557,1.6208659098785254,0.10786122831016298,21.61267396285563,258.3608133047002,True,753.7295197655412
20260811_184731__rp1p5__vinf25__incm90__toff59132__Om270__om285,1.5235948204193357,0.09339069181216347,25.178060345943134,250.45961691865668,1.5696584928280781,0.09997398952169606,22.08765374288496,241.21562451132655,True,718.2946861855588
20260811_184731__rp1p5__vinf25__incm90__toff59132__Om270__om30,1.5235999517568708,0.0933905807422888,25.17806460191032,250.46058583161147,1.1624278832693442,0.4039537517608924,32.30330758394079,209.49008542301257,True,457.76640875906827
20260811_184731__rp1p5__vinf25__incm90__toff59132__Om270__om300,1.5235951809088808,0.0933906880619955,25.17806268063424,250.45965753833937,1.5011266620156667,0.11100247349128257,22.987429033935744,222.21729878424523,True,671.7704566097036
20260811_184731__rp1p5__vinf25__incm90__toff59132__Om270__om315,1.523608078737752,0.09339032431459861,25.17804465081921,250.46253295610666,1.4271665529757296,0.1414476550645476,24.209034421975637,210.21392587553325,True,622.7401700099549
20260811_184731__rp1p5__vinf25__incm90__toff59132__Om270__om330,1.5235963262316354,0.09339068162801521,25.178069245395704,250.45978845160334,1.3572924725682913,0.1829041993114375,25.704928603178388,205.27511686801355,True,577.5705665592784
20260811_184731__rp1p5__vinf25__incm90__toff59132__Om270__om345,1.5236029575106522,0.09339050007604817,25.178061064037816,250.4612474653214,1.2954040192427556,0.22950880283770117,27.567450255419335,203.50060795779694,True,538.5211352363987
20260811_184731__rp1p5__vinf25__incm90__toff59132__Om270__om45,1.5235996402029504,0.09339058821736924,25.17806494152337,250.46051707163446,1.1913683508512503,0.44811420961298615,29.95982130453111,216.15777561897633,True,474.96759481273045
20260811_184731__rp1p5__vinf25__incm90__toff59132__Om270__om60,1.5235963276533209,0.09339068310116314,25.178069023021006,250.45978911656184,1.3338805831311418,0.38953607005810975,23.28814747780048,229.60299576202993,True,562.6914528931616
20260811_184731__rp1p5__vinf25__incm90__toff59132__Om270__om75,1.523593310815504,0.09339069716036236,25.178051567021548,250.4594435030448,1.5208747478194382,0.25499295195821353,19.95199039403277,245.2917728677511,True,685.0701833412392
20260811_184731__rp1p5__vinf25__incm90__toff59132__Om270__om90,1.5235963276533209,0.09339068310116314,25.178069023021006,250.45978911656184,1.590897832220868,0.15745368717562175,20.8216119074812,252.6411351678579,True,732.9229609220228
20260811_184731__rp1p5__vinf25__incm90__toff59132__Om90__om0,1.5236029527604706,0.09339049334581771,25.178060860066324,250.46124502805063,1.5772485461083785,0.16356719613631698,27.446780966438485,253.1892453520786,True,723.5109293639038
20260811_184731__rp1p5__vinf25__incm90__toff59132__Om90__om105,1.5235963269424782,0.09339068236458921,25.17806913420835,250.45978878408252,1.3225867932246824,0.20960803440247344,24.07938810000722,212.01367066013697,True,555.5602503050774
20260811_184731__rp1p5__vinf25__incm90__toff59132__Om90__om120,1.5235951956057352,0.09339068795390358,25.17806276884558,250.4596592095671,1.2647309642041693,0.25784600119817386,22.149519686468253,208.32897245377336,True,519.5078561988302
20260811_184731__rp1p5__vinf25__incm90__toff59132__Om90__om135,1.5236080808703132,0.09339032652438047,25.178044317256557,250.4625339534995,1.2132517415481532,0.3094153354472749,20.053429348038843,208.5252858638503,True,488.11401486917185
20260811_184731__rp1p5__vinf25__incm90__toff59132__Om90__om15,1.5235996437655714,0.09339059326500082,25.17806509450216,250.46051889962038,1.615077574765155,0.14509258697810995,28.428757102132636,255.4717300930435,True,749.6956188524478
20260811_184731__rp1p5__vinf25__incm90__toff59132__Om90__om150,1.523593314612245,0.09339070199852766,25.178051446632082,250.45944538671358,1.171163397005111,0.3687225937336344,18.14223351364893,209.1979961646085,True,462.9361850153743
20260811_184731__rp1p5__vinf25__incm90__toff59132__Om90__om165,1.5236029589323503,0.09339050154922167,25.178060841662965,250.46124813026222,1.1593486072097325,0.42983281768999887,17.669353395424,210.02165771535346,True,455.9486763440443
20260811_184731__rp1p5__vinf25__incm90__toff59132__Om90__om180,1.5236029579789576,0.09339049965727977,25.1780605173024,250.4612475765679,1.2272512439012266,0.4425802750412173,22.193672996944503,215.31761346960275,True,496.5867343466396
20260811_184731__rp1p5__vinf25__incm90__toff59132__Om90__om195,1.5235996349844867,0.09339058190596043,25.17806528428709,250.46051452307734,1.4115067869265756,0.34293129396631783,28.66166259697012,231.67044144682413,True,612.518694746935
20260811_184731__rp1p5__vinf25__incm90__toff59132__Om90__om210,1.5235999546002559,0.09339058368861253,25.178064157160794,250.46058716150924,1.5581004060885966,0.21593982559896288,30.220813752436232,249.74797817338077,True,710.3756288012765
20260811_184731__rp1p5__vinf25__incm90__toff59132__Om90__om225,1.5235996402029504,0.09339058821736924,25.17806494152337,250.46051707163446,1.58520504029433,0.13948641413274507,28.885058596669612,257.9385047048954,True,728.9924981584707
20260811_184731__rp1p5__vinf25__incm90__toff59132__Om90__om240,1.5235963276533209,0.09339068310116314,25.178069023021006,250.45978911656184,1.556617785115849,0.10672520310048147,27.096664537393483,256.2616977196011,True,709.3619259492699
20260811_184731__rp1p5__vinf25__incm90__toff59132__Om90__om255,1.523593310815504,0.09339069716036236,25.178051567021548,250.4594435030448,1.5134059724333322,0.10399080452894566,25.569055511709607,253.27237986878748,True,680.0299769408653
20260811_184731__rp1p5__vinf25__incm90__toff59132__Om90__om270,1.523593311768885,0.0933906990522756,25.178051891381998,250.45944405677557,1.4690658696294678,0.12185859464816406,24.353931067887032,253.59507669142556,True,650.3644528299518
20260811_184731__rp1p5__vinf25__incm90__toff59132__Om90__om285,1.5235948204193357,0.09339069181216347,25.178060345943134,250.45961691865668,1.43427733157783,0.14895328205101557,23.449778399527712,254.48089477036518,True,627.4001152730577
20260811_184731__rp1p5__vinf25__incm90__toff59132__Om90__om30,1.5235997446109095,0.09339058651435618,25.178064852221922,250.4605402772484,1.6212699779343602,0.1245714878835427,28.85296410903824,255.6231411391042,True,754.0113848476203
20260811_184731__rp1p5__vinf25__incm90__toff59132__Om90__om300,1.5235951714086142,0.09339067460178722,25.178062272691147,250.45965266359016,1.4190722430792233,0.1742250004594165,23.06009813047538,253.55009759444752,True,617.4497944680912
20260811_184731__rp1p5__vinf25__incm90__toff59132__Om90__om315,1.5235948142475222,0.09339068360892723,25.178060364346553,250.4596138163137,1.430427419328615,0.18938598782935856,23.420176259195767,251.28753509054025,True,624.8756936830213
20260811_184731__rp1p5__vinf25__incm90__toff59132__Om90__om330,1.5235963214814952,0.09339067489789514,25.178069041423797,250.45978601424446,1.4676126056794516,0.1912223069680987,24.513973517755552,249.90206670876756,True,649.3996382680621
20260811_184731__rp1p5__vinf25__incm90__toff59132__Om90__om345,1.5236029551355612,0.09339049671093293,25.178060962052065,250.46124624668613,1.5215544247275963,0.18083400806442632,25.995428157041946,250.7554629263038,True,685.5294700801684
20260811_184731__rp1p5__vinf25__incm90__toff59132__Om90__om45,1.523599641390491,0.09339058989991308,25.1780649925163,250.4605176809631,1.5916620942253692,0.11075499329036616,28.700869625943007,248.30903315704637,True,733.4511649595432
20260811_184731__rp1p5__vinf25__incm90__toff59132__Om90__om60,1.5236029551355612,0.09339049671093293,25.178060962052065,250.46124624668613,1.5347291449959348,0.11015768476882953,28.07568932149641,234.747180588148,True,694.452432080886
20260811_184731__rp1p5__vinf25__incm90__toff59132__Om90__om75,1.523593310815504,0.09339069716036236,25.178051567021548,250.4594435030448,1.4636480388438848,0.1296766208508871,27.063648846576445,221.80678939500467,True,646.7700116770598
20260811_184731__rp1p5__vinf25__incm90__toff59132__Om90__om90,1.5235963276533209,0.09339068310116314,25.178069023021006,250.45978911656184,1.3899411034336884,0.16552646007893748,25.72160246057509,214.33768118458966,True,598.5349147558544
