run,a_au,ecc,obliquity_deg,lon_perihelion_deg,days_per_year,T_global_degC,T_global_K,iceline_lat_nh,snowball,peak_diag_insol,spinup_years,S_mean_Wm2,nh_mean_degC,sh_mean_degC,diag_summer_max_degC,diag_winter_min_degC,diag_seasonal_range_K,dT_vs_baseline_K,Score,n_ejected,bh_rp_au,bh_inc_deg,bh_Omega_deg,bh_omega_deg
20260724_230314__rp0p25__vinf25__inc0__toff56210__Om0__om0,1.4306049871798832,0.2233245327237774,23.70168833365585,83.00347782631717,624.9962224050814,-66.26175660602588,206.8882433939741,,True,401.8614475898981,14,170.55640297402326,-66.2617566060467,-66.26175660600506,-64.65529986499278,-75.29017715413804,10.634877289145251,-81.3015103995028,5.256907428428605,2,0.25,0.0,0.0,0.0
20260724_230314__rp0p25__vinf25__inc0__toff56210__Om0__om180,0.7923239872915679,0.2331602469643267,21.015434260483964,271.22049837127014,257.603640754542,88.38626368924926,361.53626368924927,90.0,False,477.07594614035645,30,557.3531475745328,88.3862636896152,88.38626368888329,55.34582722749498,48.222312377078794,7.123514850416186,73.34650989577234,5.055172319448047,1,0.25,0.0,0.0,180.0
20260724_230314__rp0p25__vinf25__inc0__toff56210__Om0__om270,1.2306201758912432,0.1267112473459505,22.581199552910444,52.097455203989526,498.6362375045165,-56.09027297497694,217.05972702502305,,True,399.4934319310725,17,226.49823578441658,-56.090272974719696,-56.09027297523423,-56.893411771646505,-66.21852372996908,9.325111958322573,-71.13002676845386,4.312175009928982,1,0.25,0.0,0.0,270.0
20260724_230314__rp0p25__vinf25__inc0__toff56210__Om0__om90,1.0166818183807187,0.2811479078892679,25.93211793520845,176.12114869988952,374.4340848938256,15.759736551473974,288.90973655147394,75.16488841802429,False,724.0201133445147,14,343.01144691510746,15.749242732602868,15.77023037034508,2.639601293737274,-12.298993543326269,14.938594837063542,0.7199827579970606,4.7471068422819584,2,0.25,0.0,0.0,90.0
20260724_230314__rp0p25__vinf25__inc0__toff56210__Om180__om0,0.7923239872915679,0.2331602469643267,21.015434260483964,271.22049837127014,257.603640754542,88.38626368924926,361.53626368924927,90.0,False,477.07594614035645,30,557.3531475745328,88.3862636896152,88.38626368888329,55.34582722749498,48.222312377078794,7.123514850416186,73.34650989577234,5.055172319448047,1,0.25,0.0,180.0,0.0
20260724_230314__rp0p25__vinf25__inc0__toff56210__Om180__om180,1.4306049866744706,0.2233245331377317,23.70168832560552,83.00347775856739,624.9962220738778,-66.26175658109555,206.88824341890444,,True,401.861448181285,14,170.55640311112856,-66.26175658111644,-66.26175658107464,-64.65529984144287,-75.29017713678283,10.634877295339962,-81.30151037457247,5.25690742720019,2,0.25,0.0,180.0,180.0
20260724_230314__rp0p25__vinf25__inc0__toff56210__Om180__om270,1.0166818177318506,0.2811479058077433,25.932117981665176,176.12114944395958,374.4340845353678,15.759736610612766,288.90973661061275,75.16488841802429,False,724.0201080791854,14,343.0114471349772,15.749242790232527,15.770230430993008,2.639601287562638,-12.298993446757434,14.938594734320072,0.7199828171358522,4.747106858976243,2,0.25,0.0,180.0,270.0
20260724_230314__rp0p25__vinf25__inc0__toff56210__Om180__om90,1.2306201758912432,0.1267112473459505,22.581199552910444,52.097455203989526,498.6362375045165,-56.09027297497694,217.05972702502305,,True,399.4934319310725,17,226.49823578441658,-56.090272974719696,-56.09027297523423,-56.893411771646505,-66.21852372996908,9.325111958322573,-71.13002676845386,4.312175009928982,1,0.25,0.0,180.0,90.0
20260724_230314__rp0p25__vinf25__inc0__toff56210__Om270__om0,1.2306201758912432,0.1267112473459505,22.581199552910444,52.097455203989526,498.6362375045165,-56.09027297497694,217.05972702502305,,True,399.4934319310725,17,226.49823578441658,-56.090272974719696,-56.09027297523423,-56.893411771646505,-66.21852372996908,9.325111958322573,-71.13002676845386,4.312175009928982,1,0.25,0.0,270.0,0.0
20260724_230314__rp0p25__vinf25__inc0__toff56210__Om270__om180,1.0166818177318506,0.2811479058077433,25.932117981665176,176.12114944395958,374.4340845353678,15.759736610612766,288.90973661061275,75.16488841802429,False,724.0201080791854,14,343.0114471349772,15.749242790232527,15.770230430993008,2.639601287562638,-12.298993446757434,14.938594734320072,0.7199828171358522,4.747106858976243,2,0.25,0.0,270.0,180.0
20260724_230314__rp0p25__vinf25__inc0__toff56210__Om270__om270,0.7923239908426015,0.2331602451178122,21.01543432349174,271.2204974362536,257.603642486332,88.38626193320262,361.5362619332026,90.0,False,477.07594366159657,30,557.3531423248935,88.3862619335682,88.38626193283704,55.34582589363863,48.222311010413996,7.123514883224637,73.3465081397257,5.055172302911926,1,0.25,0.0,270.0,270.0
20260724_230314__rp0p25__vinf25__inc0__toff56210__Om270__om90,1.4306049866744706,0.2233245331377317,23.70168832560552,83.00347775856739,624.9962220738778,-66.26175658109555,206.88824341890444,,True,401.861448181285,14,170.55640311112856,-66.26175658111644,-66.26175658107464,-64.65529984144287,-75.29017713678283,10.634877295339962,-81.30151037457247,5.25690742720019,2,0.25,0.0,270.0,90.0
20260724_230314__rp0p25__vinf25__inc0__toff56210__Om90__om0,1.0166818183807187,0.2811479078892679,25.93211793520845,176.12114869988952,374.4340848938256,15.759736551473974,288.90973655147394,75.16488841802429,False,724.0201133445147,14,343.01144691510746,15.749242732602868,15.77023037034508,2.639601293737274,-12.298993543326269,14.938594837063542,0.7199827579970606,4.7471068422819584,2,0.25,0.0,90.0,0.0
20260724_230314__rp0p25__vinf25__inc0__toff56210__Om90__om180,1.2306201758912432,0.1267112473459505,22.581199552910444,52.097455203989526,498.6362375045165,-56.09027297497694,217.05972702502305,,True,399.4934319310725,17,226.49823578441658,-56.090272974719696,-56.09027297523423,-56.893411771646505,-66.21852372996908,9.325111958322573,-71.13002676845386,4.312175009928982,1,0.25,0.0,90.0,180.0
20260724_230314__rp0p25__vinf25__inc0__toff56210__Om90__om270,1.4306049866744706,0.2233245331377317,23.70168832560552,83.00347775856739,624.9962220738778,-66.26175658109555,206.88824341890444,,True,401.861448181285,14,170.55640311112856,-66.26175658111644,-66.26175658107464,-64.65529984144287,-75.29017713678283,10.634877295339962,-81.30151037457247,5.25690742720019,2,0.25,0.0,90.0,270.0
20260724_230314__rp0p25__vinf25__inc0__toff56210__Om90__om90,0.7923239872915679,0.2331602469643267,21.015434260483964,271.22049837127014,257.603640754542,88.38626368924926,361.53626368924927,90.0,False,477.07594614035645,30,557.3531475745328,88.3862636896152,88.38626368888329,55.34582722749498,48.222312377078794,7.123514850416186,73.34650989577234,5.055172319448047,1,0.25,0.0,90.0,90.0
20260724_230314__rp0p25__vinf25__inc30__toff56210__Om0__om0,1.3788260121350175,0.204388457249952,23.304570159776578,71.49021877675223,591.373680858856,-64.03032626685412,209.11967373314587,,True,402.6566087364074,15,182.8291196255622,-64.0303262668506,-64.03032626685761,-63.00865211846246,-73.38131761127454,10.372665492812082,-79.07008006033104,5.716894492920149,2,0.25,30.0,0.0,0.0
20260724_230314__rp0p25__vinf25__inc30__toff56210__Om0__om180,0.8829994133590646,0.1596977056968631,24.930210706507143,286.80832446843897,303.0668345616973,49.59329361155668,322.7432936115567,90.0,False,507.2790847692249,24,442.06601652581514,49.59329361646116,49.5932936066522,27.319745686478015,16.566957037105166,10.75278864937285,34.55353981807977,4.912200031792338,2,0.25,30.0,0.0,180.0
20260724_230314__rp0p25__vinf25__inc30__toff56210__Om0__om270,1.2481316149214106,0.1390635470883844,23.746185182037564,38.02109352297312,509.3172274271904,-57.17079354253792,215.97920645746206,,True,399.61156329849064,17,220.55547392364423,-57.170793542293005,-57.17079354278284,-57.620070312689386,-67.21785131756526,9.597781004875877,-72.21054733601484,4.569765520926923,1,0.25,30.0,0.0,270.0
20260724_230314__rp0p25__vinf25__inc30__toff56210__Om0__om90,0.9892361890096284,0.3785730925865211,21.69865698032752,206.44028573383235,359.37493532798686,27.732662204480313,300.8826622044803,90.0,False,651.5145263725566,20,375.6541722377334,27.791706200160935,27.673618208799688,10.287231615309713,-0.560664990765064,10.847896606074777,12.6929084110034,5.405464056882556,2,0.25,30.0,0.0,90.0
20260724_230314__rp0p25__vinf25__inc30__toff56210__Om180__om0,0.7278003749144271,0.3477972989469803,24.212242188321987,259.09289099970005,226.7859800121821,130.4607480070135,403.6107480070135,90.0,False,631.4209161574748,34,685.1252862851551,130.46074800621153,130.4607480078155,91.25915548483019,84.96243130934599,6.296724175484201,115.42099421353659,5.396737817814231,1,0.25,30.0,180.0,0.0
20260724_230314__rp0p25__vinf25__inc30__toff56210__Om180__om180,1.6461932221223652,0.319234394887897,23.39853775065705,94.0990989604158,771.4699321542009,-73.18344926941529,199.9665507305847,,True,391.5671757187843,12,132.48805665626975,-73.18344926941988,-73.18344926941072,-70.13241738946357,-81.40176463195625,11.269347242492685,-88.22320306289221,4.789768867145566,0,0.25,30.0,180.0,180.0
20260724_230314__rp0p25__vinf25__inc30__toff56210__Om180__om270,1.0803905018860556,0.2061032613885255,28.11224587752384,146.30759838550992,410.1747542758503,-43.10924081984829,230.0407591801517,,True,695.0014201140671,39,297.89441708566847,-43.10924082061568,-43.109240819080895,-42.305038007202285,-54.61673984352016,12.311701836317873,-58.1489946133252,3.547084357650361,1,0.25,30.0,180.0,270.0
20260724_230314__rp0p25__vinf25__inc30__toff56210__Om180__om90,1.167996042347918,0.0752865195239307,22.6958196652158,83.68669783093786,461.0625492315246,-51.795196333882735,221.35480366611725,,True,411.9947349314185,19,250.12073511618073,-51.79519633418367,-51.79519633358178,-53.18681234255972,-62.18019653020993,8.993384187650214,-66.83495012735965,3.5845675516084365,0,0.25,30.0,180.0,90.0
20260724_230314__rp0p25__vinf25__inc30__toff56210__Om270__om0,1.2075255995643623,0.1114581190322099,25.131055101016656,45.3437463807016,484.6657274703983,-54.5787864289628,218.57121357103716,,True,431.1107856547281,18,234.81181094419435,-54.57878642883932,-54.57878642908628,-54.916860668900966,-64.89006128403105,9.973200615130082,-69.61854022243972,3.981606316433883,0,0.25,30.0,270.0,0.0
20260724_230314__rp0p25__vinf25__inc30__toff56210__Om270__om180,0.9438006279567466,0.2684068964360735,25.14277799667831,180.38918895578695,334.9023409968352,34.44395416052992,307.5939541605299,90.0,False,775.7896232511265,21,396.52768192306996,34.443954134072456,34.4439541869874,18.961775242588626,3.9006512571518916,15.061123985436733,19.404200367053008,5.020044551764386,2,0.25,30.0,270.0,180.0
20260724_230314__rp0p25__vinf25__inc30__toff56210__Om270__om270,0.901325829838077,0.1349955284600514,27.916761699446223,289.88101028579,312.55072884777525,42.842840729836695,315.99284072983664,90.0,False,562.4946957105815,23,422.6961071520131,42.84284073729892,42.842840722374454,24.04638292474646,11.358856778716996,12.687526146029464,27.803086936359783,4.0717622816179535,1,0.25,30.0,270.0,270.0
20260724_230314__rp0p25__vinf25__inc30__toff56210__Om270__om90,1.4103001899946852,0.2002567632215497,26.191654805935755,111.8277044159024,611.7375465814735,-65.52535569612475,207.62464430387524,,True,417.3649758230646,14,174.60739622237966,-65.52535569647335,-65.52535569577617,-63.39147613075262,-74.27381285778263,10.882336727030008,-80.56510948960167,4.541338453036087,0,0.25,30.0,270.0,90.0
20260724_230314__rp0p25__vinf25__inc30__toff56210__Om90__om0,1.1263574205131002,0.3157697218069617,27.551812193676103,172.12100027862962,436.6285474924404,-45.88022428139945,227.26977571860053,,True,687.9869606735648,23,282.6536489484409,-45.88022428196769,-45.88022428083121,-44.74645978705751,-56.50893698370929,11.76247719665178,-60.91997807487636,5.093274128922198,2,0.25,30.0,90.0,0.0
20260724_230314__rp0p25__vinf25__inc30__toff56210__Om90__om180,1.24501658888183,0.1468277402997767,19.707404347380397,50.54433436098866,507.4117239193752,-56.923961197797965,216.22603880220203,,True,369.53809534881566,17,221.9118018851442,-56.9239611976572,-56.92396119793872,-58.37069296581204,-66.93116998869202,8.56047702287998,-71.96371499127488,4.398244016536854,0,0.25,30.0,90.0,180.0
20260724_230314__rp0p25__vinf25__inc30__toff56210__Om90__om270,1.372143451379739,0.1933256472990219,22.50682297855981,62.25978067733916,587.0797035461313,-63.78252598034409,209.3674740196559,,True,379.8552591282014,15,184.1918828497486,-63.78252598030255,-63.78252598038568,-63.20653980934979,-73.08867221525246,9.882132405902667,-78.82227977382101,5.040038680101366,2,0.25,30.0,90.0,270.0
20260724_230314__rp0p25__vinf25__inc30__toff56210__Om90__om90,0.7211794476627111,0.3006985277158152,19.70500178371639,269.99636077757503,223.6983613393404,131.40536970026233,404.5553697002623,90.0,False,509.54190665705227,35,685.9475433292438,131.40536970043766,131.405369700087,88.16876934361603,82.99972230831543,5.169047035300608,116.36561590678541,5.66088770526556,2,0.25,30.0,90.0,90.0
20260724_230314__rp0p25__vinf25__inc60__toff56210__Om0__om0,1.4913395684121868,0.258325697887344,23.362028864729133,74.87699575814011,665.2158698687573,-68.47958172478288,204.67041827521712,,True,397.99891883422447,13,158.35869112283336,-68.47958172473255,-68.47958172483321,-66.53686079163575,-77.39199631353263,10.855135521896884,-83.5193355182598,5.047211686470536,1,0.25,60.0,0.0,0.0
20260724_230314__rp0p25__vinf25__inc60__toff56210__Om0__om180,0.7466365597828374,0.3010083580669216,25.47584342557701,241.79119918159773,235.6468658884745,115.27918236684313,388.4291823668431,90.0,False,735.7830281833485,33,640.0348111344423,115.27918236487422,115.27918236881202,81.77347462479263,72.77773291106597,8.995741713726659,100.23942857336621,5.262960054194821,1,0.25,60.0,0.0,180.0
20260724_230314__rp0p25__vinf25__inc60__toff56210__Om0__om270,1.2059558549826817,0.1067430028308991,25.53841560158565,37.36095569783905,483.72095980840254,-54.489924651757704,218.6600753482423,,True,426.46943363218486,18,235.30096442700756,-54.4899246515406,-54.48992465197481,-54.83511831971558,-64.76076008252272,9.925641762807139,-69.52967844523462,4.037043906252116,0,0.25,60.0,0.0,270.0
20260724_230314__rp0p25__vinf25__inc60__toff56210__Om0__om90,1.0387460199177905,0.2485264736478784,24.080009206492928,209.88910682307812,386.6890279954095,8.665963700911462,281.8159637009114,61.37544904657465,False,476.2598263359975,26,325.5544738497329,8.881146671263425,8.450780730559496,-8.308449290634282,-17.199650352898715,8.891201062264432,-6.373790092565452,4.341513391124517,1,0.25,60.0,0.0,90.0
20260724_230314__rp0p25__vinf25__inc60__toff56210__Om180__om0,0.7524068943917406,0.361272438627932,25.97567436561604,257.36148724139883,238.3839106019396,116.70236420778794,389.8523642077879,90.0,False,632.0513604675535,33,644.5583621083691,116.70236420712085,116.70236420845504,81.51840426811562,74.78961821008623,6.728786058029385,101.66261041431102,5.372701112977166,1,0.25,60.0,180.0,0.0
20260724_230314__rp0p25__vinf25__inc60__toff56210__Om180__om180,1.9689159901924524,0.4450486212569844,21.81522322981928,94.1707988900452,1009.1101382039142,-79.45205589274322,193.69794410725677,,True,391.00866398600937,9,98.01105510538392,-79.45205589274568,-79.45205589274073,-75.0556929986117,-87.01917399690737,11.963480998295665,-94.49180968622014,5.008253987698385,0,0.25,60.0,180.0,180.0
20260724_230314__rp0p25__vinf25__inc60__toff56210__Om180__om270,1.1812249882279051,0.1792211759695456,29.2530396320658,95.99625719908782,468.9178109186879,-52.20497153926123,220.94502846073874,,True,635.9761259108442,19,247.86897804950362,-52.204971539688295,-52.20497153883418,-50.24885053305667,-63.210300966916016,12.961450433859348,-67.24472533273814,2.3199088159441503,0,0.25,60.0,180.0,270.0
20260724_230314__rp0p25__vinf25__inc60__toff56210__Om180__om90,1.1170421400500838,0.0717362632345911,23.813875279014457,168.46516941898187,431.2232078245406,-47.564665918814704,225.58533408118527,,True,420.25641664048635,23,273.38794753450674,-47.5646659189522,-47.56466591867723,-49.35317778957388,-57.93186664457145,8.578688854997573,-62.604419712291616,2.3852854874383365,0,0.25,60.0,180.0,90.0
20260724_230314__rp0p25__vinf25__inc60__toff56210__Om270__om0,1.178152114562664,0.1143373280132694,26.551296856471257,30.96566290384394,467.08921642955806,-52.40870065398322,220.74129934601677,,True,460.9097261158431,19,246.74757316535099,-52.4087006536457,-52.40870065432074,-52.67364048289937,-63.04013077241309,10.36649028951372,-67.44845444746014,3.761719749215101,0,0.25,60.0,270.0,0.0
20260724_230314__rp0p25__vinf25__inc60__toff56210__Om270__om180,0.9259299606138324,0.2633317967628132,23.547969340666192,177.5776724910908,325.4355522547376,39.533248591614814,312.6832485916148,90.0,False,777.9504510770184,22,411.38379866947844,39.533248573724094,39.533248609505534,22.169067550524918,7.587488326712407,14.581579223812511,24.493494798137903,5.087327706276651,3,0.25,60.0,270.0,180.0
20260724_230314__rp0p25__vinf25__inc60__toff56210__Om270__om270,0.9774255508517335,0.0683345299161782,32.531052154899434,342.9624023514384,352.95823735974176,20.428640581807596,293.5786405818076,90.0,False,674.4764551467354,19,356.9826636978291,20.427409128646875,20.429872034968312,9.288455465922343,-7.57825722677072,16.866712692693064,5.388886788330682,2.792920618905306,0,0.25,60.0,270.0,270.0
20260724_230314__rp0p25__vinf25__inc60__toff56210__Om270__om90,1.295361092364476,0.1391889977573648,27.8069060669002,159.70851504397132,538.4979606813368,-60.04132168219272,213.10867831780726,,True,399.8221924873489,16,204.7692037610333,-60.04132168270397,-60.041321681681445,-58.841946391075155,-68.60832200631974,9.766375615244584,-75.08107547566964,3.4902134592930483,0,0.25,60.0,270.0,90.0
20260724_230314__rp0p25__vinf25__inc60__toff56210__Om90__om0,1.297269837783509,0.3089524629593913,31.30473595914856,133.81652394042806,539.6886333877276,-58.621440754050916,214.52855924594905,,True,721.1457526638222,16,212.57960394467392,-58.62144075487609,-58.62144075322575,-54.18859150872673,-68.67040174992609,14.481810241199355,-73.66119454752783,5.0772404292644335,2,0.25,60.0,90.0,0.0
20260724_230314__rp0p25__vinf25__inc60__toff56210__Om90__om180,1.2440470544123463,0.1718632879085611,17.63576691780591,44.13528344287694,506.8191325753149,-56.69483687979652,216.45516312020345,,True,358.8860149797593,17,223.16959536511155,-56.69483687961187,-56.694836879981175,-58.67354508603175,-66.78111546072549,8.107570374693736,-71.73459067327343,4.198182606219317,0,0.25,60.0,90.0,180.0
20260724_230314__rp0p25__vinf25__inc60__toff56210__Om90__om270,1.21685035008661,0.1049540335603889,22.700860786977483,31.75480767888784,490.2905780316742,-55.26047452730312,217.88952547269685,,True,375.704803725915,18,231.06225925710248,-55.26047452707361,-55.260474527532644,-56.4893348573982,-65.30475913143586,8.81542427403766,-70.30022832078004,3.610331575242834,0,0.25,60.0,90.0,270.0
20260724_230314__rp0p25__vinf25__inc60__toff56210__Om90__om90,0.7642430409101882,0.2325943616458536,21.26289148713306,264.1780524648983,244.03101683232995,102.22134461248086,375.3713446124808,90.0,False,524.9097483219213,32,598.980338633336,102.22134461236831,102.22134461259343,66.92295198648684,59.627170669596666,7.295781316890171,87.18159081900394,5.008449931639092,2,0.25,60.0,90.0,90.0
20260724_230314__rp0p25__vinf25__inc90__toff56210__Om0__om0,1.780937562963534,0.3828313564172327,24.3829305592172,82.6612123605276,868.1021490952062,-76.15917341805728,196.9908265819427,,True,419.5994926589563,11,116.12192054741521,-76.15917341805356,-76.15917341806096,-72.06235978089425,-84.3766695022293,12.31430972133505,-91.1989272115342,4.597047127053144,0,0.25,90.0,0.0,0.0
20260724_230314__rp0p25__vinf25__inc90__toff56210__Om0__om180,0.7332199712101505,0.3607954723633659,21.781205286228733,246.01498126001823,229.32384708930823,128.66328874702108,401.81328874702103,90.0,False,713.523226651231,34,678.5989972308105,128.66328874552215,128.66328874852,88.88331268402311,83.19032593135577,5.692986752667338,113.62353495354417,5.520829733182193,1,0.25,90.0,0.0,180.0
20260724_230314__rp0p25__vinf25__inc90__toff56210__Om0__om270,1.1428434544752837,0.0578095583958243,27.278519488650694,74.62571223619328,446.24967029177947,-49.82703615884497,223.322963841155,,True,482.4804900087014,21,260.9465460655343,-49.82703615884403,-49.82703615884594,-50.02968058134046,-60.42993191544476,10.400251334104304,-64.86678995232188,3.0950847117793345,0,0.25,90.0,0.0,270.0
20260724_230314__rp0p25__vinf25__inc90__toff56210__Om0__om90,1.1221360414332968,0.1811524439252093,26.03989992720594,186.95823847639176,434.17624434300086,-47.31557071486857,225.83442928513142,,True,467.4444524582843,22,274.75942940428604,-47.31557071540838,-47.31557071432876,-48.125381070735116,-57.18348484072463,9.058103769989515,-62.35532450834548,2.8973206650340697,0,0.25,90.0,0.0,90.0
20260724_230314__rp0p25__vinf25__inc90__toff56210__Om180__om0,0.7962940912007014,0.350715286915684,25.23514928750201,254.4001319918273,259.54222894376164,93.04958868454293,366.1995886845429,90.0,False,573.5871128246974,30,572.9960804152802,93.04958868359645,93.04958868548937,61.79576632247301,55.28981021093592,6.505956111537088,78.009834891066,4.78516904294008,1,0.25,90.0,180.0,0.0
20260724_230314__rp0p25__vinf25__inc90__toff56210__Om180__om180,2.071027549738594,0.5164560335179849,21.051442900993376,86.56618961973247,1088.6207411301898,-80.42879692181411,192.72120307818585,,True,454.01634139560394,9,92.63892049103062,-80.42879692181317,-80.42879692181506,-75.35000207577791,-88.28983342723173,12.939831351453819,-95.46855071529103,5.042471983670086,0,0.25,90.0,180.0,180.0
20260724_230314__rp0p25__vinf25__inc90__toff56210__Om180__om270,1.2249491822118732,0.2074432332107186,30.77440117412517,59.22037185959522,495.1934579037903,-55.12674615023343,218.02325384976655,,True,640.9498393172258,18,231.8000042319695,-55.126746150208064,-55.12674615025883,-52.59002048017173,-66.19583606308363,13.605815582911902,-70.16649994371035,2.877936122741092,0,0.25,90.0,180.0,270.0
20260724_230314__rp0p25__vinf25__inc90__toff56210__Om180__om90,1.1027005296513963,0.1689123110441978,24.43626489934824,197.6147415535453,422.94526291488734,-45.65296373738636,227.49703626261362,,True,428.09194643642434,25,283.90208148195245,-45.65296373762875,-45.65296373714398,-47.557836484050334,-55.60672468640327,8.048888202352934,-60.69271753086327,2.836497130440848,0,0.25,90.0,180.0,90.0
20260724_230314__rp0p25__vinf25__inc90__toff56210__Om270__om0,1.1542094019599605,0.136170282505344,25.999912561857062,20.428496945486238,452.9233406012121,-50.3980561821506,222.7519438178494,,True,471.7360209958711,20,257.8060681337602,-50.39805618194204,-50.39805618235916,-51.12716520654669,-61.42381555921748,10.296650352670788,-65.43780997562752,3.642766480283036,0,0.25,90.0,270.0,0.0
20260724_230314__rp0p25__vinf25__inc90__toff56210__Om270__om180,0.9460794330093056,0.2761521881740977,22.289962290968443,173.52159773691557,336.1160045791088,34.36941187080406,307.51941187080405,90.0,False,759.3419304247539,21,395.5196487938514,34.36941184793811,34.36941189367001,17.378862798267956,3.03228640756961,14.346576390698345,19.329658077327146,5.045627892701042,3,0.25,90.0,270.0,180.0
20260724_230314__rp0p25__vinf25__inc90__toff56210__Om270__om270,1.147426132432262,0.1681026244739787,33.17425362651397,44.20168625367792,448.93647821822987,-49.60603168150939,223.54396831849058,,True,685.5813535537509,20,262.16413819136426,-49.606031681600356,-49.606031681418436,-47.18328617431752,-61.067568448528355,13.884282274210832,-64.64578547498631,2.5973161709985857,0,0.25,90.0,270.0,270.0
20260724_230314__rp0p25__vinf25__inc90__toff56210__Om270__om90,1.0750484099983966,0.1607422904702079,28.078374220024543,242.92851284018585,407.1362968620373,-43.038822884554705,230.1111771154453,,True,393.9402020158754,45,298.2816369844297,-43.03882288420336,-43.03882288490605,-45.086146547772266,-52.739247339225265,7.653100791452999,-58.07857667803162,3.1172031444700625,0,0.25,90.0,270.0,90.0
20260724_230314__rp0p25__vinf25__inc90__toff56210__Om90__om0,1.2308314094345498,0.2800387065733455,28.936165418018007,150.31619155313516,498.76462791416895,-54.73457195348936,218.4154280465106,,True,638.309335722289,17,233.95636637260486,-54.73457195491179,-54.73457195206691,-52.07451034182812,-64.704083412983,12.629573071154873,-69.77432574696627,4.861937084567298,2,0.25,90.0,90.0,0.0
20260724_230314__rp0p25__vinf25__inc90__toff56210__Om90__om180,1.2361678586399043,0.2031307589229531,17.797460155715378,36.97571578460274,502.0118415140389,-55.92540741646355,217.22459258353643,,True,383.1384846786239,17,227.4014828522132,-55.92540741612682,-55.925407416800304,-57.87189334983565,-66.35340532420398,8.481511974368324,-70.96516120994046,3.981157526922496,0,0.25,90.0,90.0,180.0
20260724_230314__rp0p25__vinf25__inc90__toff56210__Om90__om270,1.0361719835304073,0.0998379453689776,23.300143004957945,300.1054980902577,385.2525824225857,5.674636298335445,278.8246362983354,56.4426902380793,False,392.8405026523297,24,318.5002242768769,5.797584681062871,5.551687915608018,-13.147797116885744,-21.58887959496959,8.441082478083846,-9.365117495141469,2.498293926921969,0,0.25,90.0,90.0,270.0
20260724_230314__rp0p25__vinf25__inc90__toff56210__Om90__om90,0.9189758173638712,0.1410419445780811,22.272458104280798,206.71702538061868,321.77619742826914,38.1791727524521,311.32917275245205,90.0,False,540.0383261780449,22,406.9613679000149,38.179172736848344,38.17917276805586,18.21764217827703,7.279408943561017,10.938233234716012,23.139418958975185,3.287192756590832,1,0.25,90.0,90.0,90.0
20260724_230314__rp0p25__vinf25__incm30__toff56210__Om0__om0,1.646193221430159,0.3192343945534814,23.39853775250955,94.09909898251982,771.4699316676089,-73.18344925201876,199.96655074798122,,True,391.56717568402837,12,132.48805675194032,-73.18344925202325,-73.18344925201428,-70.13241737609299,-81.40176461565203,11.269347239559039,-88.22320304549568,4.789768864598996,0,0.25,-30.0,0.0,0.0
20260724_230314__rp0p25__vinf25__incm30__toff56210__Om0__om180,0.7277798548862059,0.3476638808286621,24.213038100792616,259.1024178891048,226.77638887551552,130.46144305627354,403.6114430562735,90.0,False,631.3371838439592,34,685.1277630433657,130.46144305547148,130.4614430570756,91.26090746953274,84.96086318395092,6.300044285581819,115.42168926279662,5.396524014538173,1,0.25,-30.0,0.0,180.0
20260724_230314__rp0p25__vinf25__incm30__toff56210__Om0__om270,1.167996042398734,0.0752865197048109,22.69581966658713,83.68669778340885,461.0625492616138,-51.795196337219224,221.35480366278074,,True,411.9947350706406,19,250.12073509784236,-51.795196337520096,-51.79519633691835,-53.18681234376484,-62.18019653451788,8.99338419075304,-66.83495013069614,3.584567551722435,0,0.25,-30.0,0.0,270.0
20260724_230314__rp0p25__vinf25__incm30__toff56210__Om0__om90,1.0803905018822206,0.2061032613322903,28.11224587785834,146.30759839060153,410.1747542736664,-43.109240820120455,230.04075917987953,,True,695.0014200283966,39,297.8944170841774,-43.10924082088793,-43.109240819352976,-42.30503800795608,-54.61673984337162,12.31170183541554,-58.14899461359737,3.547084357518851,1,0.25,-30.0,0.0,90.0
20260724_230314__rp0p25__vinf25__incm30__toff56210__Om180__om0,0.8829994204069216,0.159697711964707,24.93021068156837,286.8083251872852,303.0668381901907,49.59329142058567,322.74329142058565,90.0,False,507.27907299016744,24,442.0660099229889,49.59329142549014,49.593291415681236,27.319743783735838,16.566955281831333,10.752788501904504,34.55353762710876,4.912200026309785,2,0.25,-30.0,180.0,0.0
20260724_230314__rp0p25__vinf25__incm30__toff56210__Om180__om180,1.3788260118664388,0.204388457303787,23.30457015809547,71.49021882182656,591.3736806860672,-64.03032625352047,209.11967374647952,,True,402.65660894930573,15,182.82911969888747,-64.03032625351644,-64.03032625352449,-63.00865210592789,-73.38131760040912,10.372665494481232,-79.07008004699739,5.716894492261363,2,0.25,-30.0,180.0,180.0
20260724_230314__rp0p25__vinf25__incm30__toff56210__Om180__om270,0.9892361289486362,0.3785731306784857,21.69865673460489,206.4402974965483,359.37490259907685,27.732679480446514,300.8826794804465,90.0,False,651.5145803668339,20,375.65422417647005,27.791723506251053,27.673635454641968,10.287244966830198,-0.5606505738053166,10.847895540635514,12.6929256869696,5.405464890583239,2,0.25,-30.0,180.0,270.0
20260724_230314__rp0p25__vinf25__incm30__toff56210__Om180__om90,1.248131615015869,0.1390635465588359,23.74618518338837,38.02109342704669,509.317227485008,-57.17079355162198,215.979206448378,,True,399.6115627352571,17,220.5554738736988,-57.1707935513775,-57.17079355186648,-57.62007032473616,-67.2178513208533,9.597780996117137,-72.2105473450989,4.569765521759555,1,0.25,-30.0,180.0,90.0
20260724_230314__rp0p25__vinf25__incm30__toff56210__Om270__om0,1.2450165843964636,0.1468277363800061,19.707404318781077,50.54433348475913,507.4117211773303,-56.92396093080883,216.22603906919113,,True,369.5380938415108,17,221.91180335355682,-56.92396093066817,-56.923960930949505,-58.37069277551933,-66.93116973496545,8.56047695944612,-71.96371472428575,4.398244005312186,0,0.25,-30.0,270.0,0.0
20260724_230314__rp0p25__vinf25__incm30__toff56210__Om270__om180,1.1263574215850536,0.3157697221788291,27.551812186688394,172.12100025937468,436.6285481157489,-45.880224372517546,227.26977562748243,,True,687.9869599375078,23,282.6536484473048,-45.88022437308573,-45.88022437194937,-44.74645986968454,-56.50893706408263,11.762477194398087,-60.91997816599446,5.0932741123193335,2,0.25,-30.0,270.0,180.0
20260724_230314__rp0p25__vinf25__incm30__toff56210__Om270__om270,0.7222555286360657,0.3003535410137764,19.706721606925672,270.1287151547611,224.19922278921,130.69825637639897,403.8482563763989,90.0,False,508.72880087498925,35,683.8271529881083,130.698256376574,130.69825637622392,87.600571980524,82.42341865919951,5.177153321324482,115.65850258292205,5.656649265972788,2,0.25,-30.0,270.0,270.0
20260724_230314__rp0p25__vinf25__incm30__toff56210__Om270__om90,1.3721434513992417,0.1933256473061598,22.506822978628907,62.25978067156186,587.0797035586479,-63.782525981251474,209.3674740187485,,True,379.8552591205749,15,184.19188284477667,-63.78252598121009,-63.78252598129285,-63.20653981016286,-73.08867221606816,9.882132405905303,-78.82227977472839,5.040038680138254,2,0.25,-30.0,270.0,90.0
20260724_230314__rp0p25__vinf25__incm30__toff56210__Om90__om0,0.9438006278482834,0.2684068964250831,25.142777995714503,180.3891889851745,334.902340939104,34.44395419047836,307.5939541904783,90.0,False,775.7896232253712,21,396.5276820129486,34.44395416402069,34.44395421693603,18.961775265258186,3.900651282744554,15.061123982513632,19.404200397001446,5.020044552065031,2,0.25,-30.0,90.0,0.0
20260724_230314__rp0p25__vinf25__incm30__toff56210__Om90__om180,1.207525599489252,0.1114581189782525,25.131055099851213,45.34374634586867,484.6657274251776,-54.57878642391033,218.57121357608963,,True,431.1107856145003,18,234.81181097197594,-54.578786423787086,-54.57878642403358,-54.91686066551847,-64.89006127925212,9.973200613733653,-69.61854021738725,3.981606315653389,0,0.25,-30.0,90.0,180.0
20260724_230314__rp0p25__vinf25__incm30__toff56210__Om90__om270,1.410300190119849,0.2002567632964733,26.19165480585636,111.82770440151188,611.7375466629107,-65.52535570126537,207.6246442987346,,True,417.3649758340204,14,174.60739619411618,-65.5253557016138,-65.52535570091693,-63.39147613476189,-74.27381286267652,10.882336727914634,-80.56510949474229,4.541338454199444,0,0.25,-30.0,90.0,270.0
20260724_230314__rp0p25__vinf25__incm30__toff56210__Om90__om90,0.9013264611026608,0.1349954194130736,27.916762222172384,289.8813026271879,312.55105720113056,42.84264231013703,315.992642310137,90.0,False,562.4944176450852,23,422.6955087245268,42.84264231759961,42.84264230267445,24.046220732291733,11.358685827063518,12.687534905228215,27.80288851666012,4.071759291680368,1,0.25,-30.0,90.0,90.0
20260724_230314__rp0p25__vinf25__incm60__toff56210__Om0__om0,1.968915988248462,0.4450486208276562,21.81522323378972,94.1707987882006,1009.1101367094112,-79.45205586180003,193.69794413819994,,True,391.0086642232389,9,98.0110552755719,-79.4520558618029,-79.45205586179716,-75.0556929737757,-87.01917397240331,11.963480998627603,-94.49180965527695,5.008253986316138,0,0.25,-60.0,0.0,0.0
20260724_230314__rp0p25__vinf25__incm60__toff56210__Om0__om180,0.7523264189482232,0.3612673392013686,25.973268089999262,257.3699024887038,238.34566625948705,116.74807212183791,389.8980721218379,90.0,False,632.0821781656368,33,644.6948987485201,116.74807212116971,116.74807212250606,81.55324067404639,74.82526790659371,6.727972767452684,101.70831832836099,5.37282096840395,1,0.25,-60.0,0.0,180.0
20260724_230314__rp0p25__vinf25__incm60__toff56210__Om0__om270,1.1170421399794708,0.0717362631478273,23.813875277575985,168.46516931753928,431.2232077836514,-47.56466591284468,225.5853340871553,,True,420.2564167365344,23,273.3879475673604,-47.56466591298232,-47.564665912707056,-49.35317778423753,-57.9318666406232,8.578688856385668,-62.60441970632159,2.385285487147762,0,0.25,-60.0,0.0,270.0
20260724_230314__rp0p25__vinf25__incm60__toff56210__Om0__om90,1.1812249880724837,0.179221175973139,29.253039630685475,95.99625723923916,468.9178108261398,-52.20497152737367,220.9450284726263,,True,635.9761260465528,19,247.86897811489604,-52.204971527800645,-52.20497152694668,-50.24885052236549,-63.2103009563554,12.96145043398991,-67.24472532085059,2.319908815991788,0,0.25,-60.0,0.0,90.0
20260724_230314__rp0p25__vinf25__incm60__toff56210__Om180__om0,0.7454183787068396,0.3007875833899558,25.472318959323456,241.71496148057216,235.07039378564627,115.95943393235076,389.1094339323507,90.0,False,738.6377092738277,33,642.0815398411252,115.95943393027144,115.95943393443002,82.33877299645233,73.32341724722595,9.015355749226387,100.91968013887384,5.266152060656921,1,0.25,-60.0,180.0,0.0
20260724_230314__rp0p25__vinf25__incm60__toff56210__Om180__om180,1.4913395686917572,0.2583256976629638,23.36202886487675,74.87699577714346,665.2158700558118,-68.47958173736559,204.67041826263437,,True,397.9989184572749,13,158.3586910536254,-68.47958173731524,-68.47958173741594,-66.53686080483554,-77.39199632200523,10.855135517169685,-83.51933553084251,5.04721168488731,1,0.25,-60.0,180.0,180.0
20260724_230314__rp0p25__vinf25__incm60__toff56210__Om180__om270,1.0387460199909235,0.2485264737199464,24.080009207229036,209.8891068334237,386.6890280362467,8.665963687800074,281.81596368780004,61.37544904657465,False,476.2598262793364,26,325.55447381010634,8.881146658228198,8.450780717371948,-8.308449301105675,-17.199650362246945,8.89120106114127,-6.373790105676839,4.341513391010629,1,0.25,-60.0,180.0,270.0
20260724_230314__rp0p25__vinf25__incm60__toff56210__Om180__om90,1.2059557911797405,0.1067430506488785,25.538416335386312,37.36093795445298,483.720921420406,-54.48991990396478,218.6600800960352,,True,426.4695070130711,18,235.30099053979936,-54.48991990374814,-54.48991990418144,-54.83511378170367,-64.76075638098847,9.9256425992848,-69.5296736974417,4.0370436740192455,0,0.25,-60.0,180.0,90.0
20260724_230314__rp0p25__vinf25__incm60__toff56210__Om270__om0,1.2440470529033332,0.1718632869572632,17.635766913327696,44.13528338714565,506.8191316531671,-56.69483678819309,216.45516321180688,,True,358.8860149921912,17,223.16959586891804,-56.69483678800862,-56.694836788377586,-58.67354501413083,-66.78111537773779,8.10757036360696,-71.73459058167,4.198182602212987,0,0.25,-60.0,270.0,0.0
20260724_230314__rp0p25__vinf25__incm60__toff56210__Om270__om180,1.2974078998272018,0.3089601690363408,31.30543073758525,133.81275317031222,539.7747902873078,-58.62956479771516,214.52043520228483,,True,721.0333425005557,16,212.53492297405856,-58.62956479853098,-58.629564796899345,-54.1959057503868,-68.67744303245739,14.48153728207059,-73.66931859119208,5.077233917894549,2,0.25,-60.0,270.0,180.0
20260724_230314__rp0p25__vinf25__incm60__toff56210__Om270__om270,0.7642430408513842,0.2325943615409021,21.26289148379565,264.17805236903416,244.0310168041648,102.22134463845674,375.3713446384567,90.0,False,524.9097486494492,32,598.9803387100541,102.22134463834419,102.22134463856933,66.92295200931403,59.62717069183411,7.295781317479921,87.18159084497982,5.008449931587786,2,0.25,-60.0,270.0,270.0
20260724_230314__rp0p25__vinf25__incm60__toff56210__Om270__om90,1.2168503500854355,0.1049540335615974,22.700860786834376,31.754807681825937,490.29057803096447,-55.26047452721534,217.88952547278464,,True,375.70480372844645,18,231.06225925757815,-55.26047452698566,-55.260474527445005,-56.48933485731915,-65.30475913137757,8.815424274058415,-70.30022832069226,3.610331575246725,0,0.25,-60.0,270.0,90.0
20260724_230314__rp0p25__vinf25__incm60__toff56210__Om90__om0,0.9259299805646624,0.2633318100290127,23.547969572210185,177.5776767277263,325.4355627728809,39.53324318796917,312.68324318796914,90.0,False,777.9504211188522,22,411.38378248568256,39.533243170078734,39.5332432058596,22.169063151985895,7.587484244724149,14.581578907261747,24.493489394492258,5.087350094442247,3,0.25,-60.0,90.0,0.0
20260724_230314__rp0p25__vinf25__incm60__toff56210__Om90__om180,1.1781521148906335,0.1143373281949311,26.551296848703814,30.965663088187437,467.0892166245978,-52.408700678020075,220.7412993219799,,True,460.90972611519993,19,246.7475730331667,-52.40870067768272,-52.40870067835744,-52.673640503743826,-63.04013079519087,10.366490291447043,-67.44845447149699,3.761719750258664,0,0.25,-60.0,90.0,180.0
20260724_230314__rp0p25__vinf25__incm60__toff56210__Om90__om270,1.2953610910682365,0.1391889981475506,27.80690606530139,159.70851462032795,538.497959873042,-60.04132160561496,213.108678394385,,True,399.8221941618288,16,204.7692041821901,-60.04132160612593,-60.041321605104,-58.841946310973576,-68.60832194932067,9.766375638347093,-75.08107539909187,3.4902134554197253,0,0.25,-60.0,90.0,270.0
20260724_230314__rp0p25__vinf25__incm60__toff56210__Om90__om90,0.9774255746364706,0.0683345214196489,32.531052167779094,342.9624223297428,352.958250243105,20.428634679005945,293.5786346790059,90.0,False,674.4764550935856,19,356.98264611591213,20.427403226892995,20.429866131118892,9.288450637302496,-7.578262319005156,16.86671295630765,5.388880885529032,2.792920451275506,0,0.25,-60.0,90.0,90.0
20260724_230314__rp0p25__vinf25__incm90__toff56210__Om0__om0,2.071027549726596,0.5164560334390238,21.05144290161384,86.5661896691803,1088.6207411207297,-80.42879692255917,192.7212030774408,,True,454.01634126922715,9,92.638920486952,-80.42879692255855,-80.4287969225598,-75.35000207694806,-88.28983342671877,12.939831349770714,-95.46855071603609,5.042471983716937,0,0.25,-90.0,0.0,0.0
20260724_230314__rp0p25__vinf25__incm90__toff56210__Om0__om180,0.7963031023695136,0.3462572103255522,25.16270977404978,254.17424889107247,259.5466345750756,92.71906254704028,365.86906254704024,90.0,False,572.4235278886615,30,571.9707780657577,92.71906254608741,92.71906254799319,61.524380761842906,54.94278263334334,6.581598128499564,77.67930875356336,4.781624196247362,1,0.25,-90.0,0.0,180.0
20260724_230314__rp0p25__vinf25__incm90__toff56210__Om0__om270,1.1027005313623892,0.1689123105380128,24.436264900805767,197.61474085634703,422.9452638992747,-45.652963902115545,227.49703609788443,,True,428.0919466571817,25,283.9020805759387,-45.65296390235814,-45.65296390187299,-47.55783661382392,-55.606724843127935,8.048888229304012,-60.69271769559246,2.836497127960412,0,0.25,-90.0,0.0,270.0
20260724_230314__rp0p25__vinf25__incm90__toff56210__Om0__om90,1.224949182926044,0.2074432325669405,30.77440117148727,59.22037192833175,495.1934583368524,-55.12674620525868,218.0232537947413,,True,640.9498376294732,18,231.80000392933275,-55.12674620523292,-55.12674620528443,-52.5900205367245,-66.1958361038983,13.6058155671738,-70.16649999873559,2.8779361195942585,0,0.25,-90.0,0.0,90.0
20260724_230314__rp0p25__vinf25__incm90__toff56210__Om180__om0,0.7328769197473303,0.3603482504979231,21.782573359904543,246.0215068367916,229.1629253705344,128.83273717673202,401.98273717673203,90.0,False,713.6957105952366,34,679.108548004214,128.83273717521155,128.83273717825256,89.02344784694556,83.32260524159855,5.700842605347006,113.7929833832551,5.521106467059533,1,0.25,-90.0,180.0,0.0
20260724_230314__rp0p25__vinf25__incm90__toff56210__Om180__om180,1.7809375639625182,0.3828313562308874,24.382930557620867,82.6612122710934,868.1021498256251,-76.15917344351107,196.9908265564889,,True,419.5994918839078,11,116.12192040743568,-76.1591734435075,-76.15917344351462,-72.06235980801253,-84.37666952152135,12.31430971350882,-91.19892723698798,4.597047128648184,0,0.25,-90.0,180.0,180.0
20260724_230314__rp0p25__vinf25__incm90__toff56210__Om180__om270,1.1221360417374673,0.181152443610343,26.039899927098496,186.95823850899745,434.1762445195351,-47.31557074489764,225.83442925510235,,True,467.4444519328684,22,274.75942923912766,-47.315570745437334,-47.315570744357956,-48.125381100575815,-57.18348486615742,9.058103765581606,-62.35532453837455,2.8973206635639226,0,0.25,-90.0,180.0,270.0
20260724_230314__rp0p25__vinf25__incm90__toff56210__Om180__om90,1.1428434527704925,0.0578095566924899,27.278519483118203,74.62571265955727,446.24966929326655,-49.82703602197905,223.32296397802094,,True,482.4804897458405,21,260.9465468182662,-49.827036021977996,-49.827036021980085,-50.02968047121379,-60.42993178451023,10.400251313296444,-64.86678981545596,3.0950847060730777,0,0.25,-90.0,180.0,90.0
20260724_230314__rp0p25__vinf25__incm90__toff56210__Om270__om0,1.2361678587681588,0.2031307591431627,17.797460154822627,36.97571578583594,502.01184159216575,-55.9254074231148,217.2245925768852,,True,383.1384847791243,17,227.40148281563634,-55.92540742277819,-55.92540742345141,-57.87189335450245,-66.35340533125212,8.481511976749672,-70.96516121659171,3.981157527201714,0,0.25,-90.0,270.0,0.0
20260724_230314__rp0p25__vinf25__incm90__toff56210__Om270__om180,1.2308313840760583,0.2800386965962377,28.936165405644605,150.31618890891448,498.7646125002971,-54.7345703296055,218.41542967039447,,True,638.3093555654975,17,233.956375303594,-54.73457033102807,-54.73457032818293,-52.07450887282523,-64.70408207879967,12.629573205974445,-69.77432412308242,4.8619370480195805,2,0.25,-90.0,270.0,180.0
20260724_230314__rp0p25__vinf25__incm90__toff56210__Om270__om270,0.9189758270523518,0.1410419346571056,22.27245832507331,206.71702796734428,321.7762025168511,38.179169683218404,311.32916968321837,90.0,False,540.0383093455166,22,406.9613587380688,38.1791696676145,38.17916969882231,18.217639696775493,7.2794065039051,10.938233192870392,23.139415889741493,3.2871926791283377,1,0.25,-90.0,270.0,270.0
20260724_230314__rp0p25__vinf25__incm90__toff56210__Om270__om90,1.036171983937768,0.0998379453229819,23.30014300867171,300.1054982913195,385.252582649773,5.674636214259514,278.8246362142595,56.4426902380793,False,392.84050260542034,24,318.50022402496916,5.797584597202881,5.551687831316145,-13.147797182363856,-21.58887966315771,8.441082480793852,-9.3651175792174,2.498293926677825,0,0.25,-90.0,270.0,90.0
20260724_230314__rp0p25__vinf25__incm90__toff56210__Om90__om0,0.9460794317394154,0.276152187103904,22.28996230337746,173.5215973598429,336.1160039023733,34.36941218100008,307.51941218100006,90.0,False,759.3419328616765,21,395.51964972909605,34.369412158134054,34.3694122038661,17.378863068787194,3.032286639548011,14.346576429239182,19.329658387523168,5.045627890479244,3,0.25,-90.0,90.0,0.0
20260724_230314__rp0p25__vinf25__incm90__toff56210__Om90__om180,1.1542094009132906,0.1361702827694678,25.99991255372357,20.428496563703444,452.9233399851264,-50.39805609542004,222.75194390457995,,True,471.7360212612985,20,257.8060686107794,-50.39805609521145,-50.3980560956286,-51.127165137631174,-61.42381548425675,10.296650346625576,-65.43780988889695,3.642766476277357,0,0.25,-90.0,90.0,180.0
20260724_230314__rp0p25__vinf25__incm90__toff56210__Om90__om270,1.075048418612613,0.1607422859916695,28.07837423970392,242.928510404693,407.1363017555289,-43.03882379374041,230.11117620625956,,True,393.94020184584446,45,298.28163198382407,-43.03882379338891,-43.038823794091904,-45.086147282385646,-52.73924816049265,7.653100878107004,-58.078577587217325,3.117203123752472,0,0.25,-90.0,90.0,270.0
20260724_230314__rp0p25__vinf25__incm90__toff56210__Om90__om90,1.1474261324238708,0.1681026244450576,33.17425362725536,44.20168623435004,448.93647821330535,-49.60603168105183,223.54396831894815,,True,685.581353495378,20,262.1641381938871,-49.60603168114269,-49.60603168096098,-47.18328617421082,-61.06756844774191,13.884282273531092,-64.64578547452875,2.5973161706766765,0,0.25,-90.0,90.0,90.0
20260724_230314__rp0p5__vinf25__inc0__toff56210__Om0__om0,1.4563859119186395,0.223912507506597,22.403395859421096,100.2382324352328,641.9666899291227,-67.34580207112181,205.80419792887818,,True,371.3994874210972,14,164.59425282255256,-67.3458020711697,-67.3458020710739,-65.94109882047174,-75.92944021587765,9.98834139540591,-82.38555586459873,5.095864228982615,1,0.5,0.0,0.0,0.0
20260724_230314__rp0p5__vinf25__inc0__toff56210__Om0__om180,0.7459020002990039,0.2482155422412985,24.686064786673636,251.91195988377189,235.2991986263993,112.50226422366627,385.65226422366624,90.0,False,650.6628747078149,33,631.3106645737312,112.50226422255865,112.50226422477394,78.44340739710825,69.4094940840602,9.033913313048046,97.46251043018935,4.539773875780156,1,0.5,0.0,0.0,180.0
20260724_230314__rp0p5__vinf25__inc0__toff56210__Om0__om270,1.1499934633107738,0.0948457971259651,22.925378683934348,37.27038210663758,450.44404317520906,-50.281507653536956,222.86849234646303,,True,421.85678434792834,20,258.4458877992272,-50.28150765328641,-50.281507653787514,-51.96228218650752,-61.08184616880766,9.119563982300136,-65.32126144701387,3.802494707039929,1,0.5,0.0,0.0,270.0
20260724_230314__rp0p5__vinf25__inc0__toff56210__Om0__om90,0.9884658814852844,0.4102894767708703,25.23034770298934,182.1637212649003,358.9552549900002,29.53562338843595,302.68562338843594,90.0,False,988.8262593964034,20,381.8573860277667,29.557539257251882,29.51370751962002,16.4824360380526,-0.6598923180929798,17.14232835614558,14.495869594959037,4.921909084365955,2,0.5,0.0,0.0,90.0
20260724_230314__rp0p5__vinf25__inc0__toff56210__Om180__om0,0.7459020002990039,0.2482155422412985,24.686064786673636,251.91195988377189,235.2991986263993,112.50226422366627,385.65226422366624,90.0,False,650.6628747078149,33,631.3106645737312,112.50226422255865,112.50226422477394,78.44340739710825,69.4094940840602,9.033913313048046,97.46251043018935,4.539773875780156,1,0.5,0.0,180.0,0.0
20260724_230314__rp0p5__vinf25__inc0__toff56210__Om180__om180,1.4563859122555345,0.223912507236958,22.40339585766999,100.23823239227622,641.9666901518747,-67.34580208686762,205.80419791313236,,True,371.39948698315413,14,164.59425273594178,-67.34580208691531,-67.34580208681996,-65.9410988377416,-75.92944022752773,9.988341389786129,-82.38555588034454,5.095864229243494,1,0.5,0.0,180.0,180.0
20260724_230314__rp0p5__vinf25__inc0__toff56210__Om180__om270,0.9884658813211916,0.4102894770289404,25.230347693980477,182.16372128524748,358.9552549006162,29.535623447473007,302.685623447473,90.0,False,988.8262600510063,20,381.8573862031654,29.5575393163334,29.513707578612618,16.482436082863185,-0.659892273022982,17.142328355886168,14.495869653996094,4.921909013428125,2,0.5,0.0,180.0,270.0
20260724_230314__rp0p5__vinf25__inc0__toff56210__Om180__om90,1.1499934633107738,0.0948457971259651,22.925378683934348,37.27038210663758,450.44404317520906,-50.281507653536956,222.86849234646303,,True,421.85678434792834,20,258.4458877992272,-50.28150765328641,-50.281507653787514,-51.96228218650752,-61.08184616880766,9.119563982300136,-65.32126144701387,3.802494707039929,1,0.5,0.0,180.0,90.0
20260724_230314__rp0p5__vinf25__inc0__toff56210__Om270__om0,1.1499934633107738,0.0948457971259651,22.925378683934348,37.27038210663758,450.44404317520906,-50.281507653536956,222.86849234646303,,True,421.85678434792834,20,258.4458877992272,-50.28150765328641,-50.281507653787514,-51.96228218650752,-61.08184616880766,9.119563982300136,-65.32126144701387,3.802494707039929,1,0.5,0.0,270.0,0.0
20260724_230314__rp0p5__vinf25__inc0__toff56210__Om270__om180,0.9884658813211916,0.4102894770289404,25.230347693980477,182.16372128524748,358.9552549006162,29.535623447473007,302.685623447473,90.0,False,988.8262600510063,20,381.8573862031654,29.5575393163334,29.513707578612618,16.482436082863185,-0.659892273022982,17.142328355886168,14.495869653996094,4.921909013428125,2,0.5,0.0,270.0,180.0
20260724_230314__rp0p5__vinf25__inc0__toff56210__Om270__om270,0.7459020118377181,0.2482154826558602,24.68606535418963,251.9119264004997,235.2992040863328,112.50225434130043,385.6522543413004,90.0,False,650.6630551486087,33,631.3106350914984,112.5022543401938,112.50225434240703,78.44340219371826,69.4094859203003,9.033916273417958,97.46250054782351,4.5397736685742,1,0.5,0.0,270.0,270.0
20260724_230314__rp0p5__vinf25__inc0__toff56210__Om270__om90,1.4563859122555345,0.223912507236958,22.40339585766999,100.23823239227622,641.9666901518747,-67.34580208686762,205.80419791313236,,True,371.39948698315413,14,164.59425273594178,-67.34580208691531,-67.34580208681996,-65.9410988377416,-75.92944022752773,9.988341389786129,-82.38555588034454,5.095864229243494,1,0.5,0.0,270.0,90.0
20260724_230314__rp0p5__vinf25__inc0__toff56210__Om90__om0,0.9884658814852844,0.4102894767708703,25.23034770298934,182.1637212649003,358.9552549900002,29.53562338843595,302.68562338843594,90.0,False,988.8262593964034,20,381.8573860277667,29.557539257251882,29.51370751962002,16.4824360380526,-0.6598923180929798,17.14232835614558,14.495869594959037,4.921909084365955,2,0.5,0.0,90.0,0.0
20260724_230314__rp0p5__vinf25__inc0__toff56210__Om90__om180,1.1499934633107738,0.0948457971259651,22.925378683934348,37.27038210663758,450.44404317520906,-50.281507653536956,222.86849234646303,,True,421.85678434792834,20,258.4458877992272,-50.28150765328641,-50.281507653787514,-51.96228218650752,-61.08184616880766,9.119563982300136,-65.32126144701387,3.802494707039929,1,0.5,0.0,90.0,180.0
20260724_230314__rp0p5__vinf25__inc0__toff56210__Om90__om270,1.4563859122555345,0.223912507236958,22.40339585766999,100.23823239227622,641.9666901518747,-67.34580208686762,205.80419791313236,,True,371.39948698315413,14,164.59425273594178,-67.34580208691531,-67.34580208681996,-65.9410988377416,-75.92944022752773,9.988341389786129,-82.38555588034454,5.095864229243494,1,0.5,0.0,90.0,270.0
20260724_230314__rp0p5__vinf25__inc0__toff56210__Om90__om90,0.7459020002990039,0.2482155422412985,24.686064786673636,251.91195988377189,235.2991986263993,112.50226422366627,385.65226422366624,90.0,False,650.6628747078149,33,631.3106645737312,112.50226422255865,112.50226422477394,78.44340739710825,69.4094940840602,9.033913313048046,97.46251043018935,4.539773875780156,1,0.5,0.0,90.0,90.0
20260724_230314__rp0p5__vinf25__inc30__toff56210__Om0__om0,1.4514401985084064,0.2204708970359593,23.66585411670441,99.39871740131892,638.6994038539926,-67.16574519301616,205.9842548069838,,True,386.5220707546113,14,165.58460604945188,-67.16574519307231,-67.16574519295999,-65.44746189419544,-75.83218075431161,10.384718860116166,-82.20549898649308,8.358155144572983,2,0.5,30.0,0.0,0.0
20260724_230314__rp0p5__vinf25__inc30__toff56210__Om0__om180,0.7424832276121951,0.2382385589880081,22.940120972644426,240.3420825461073,233.68334559522103,114.14958205963832,387.2995820596383,90.0,False,690.5432926701607,33,635.4965306283567,114.14958205756173,114.14958206171497,79.08310774621984,70.06827048940366,9.014837256816179,99.1098282661614,4.7060347149736295,1,0.5,30.0,0.0,180.0
20260724_230314__rp0p5__vinf25__inc30__toff56210__Om0__om270,1.1579431323102938,0.1041182852553951,23.618118609496072,28.370592860161405,455.12284682461865,-50.88127625679972,222.26872374320027,,True,422.9973850125975,20,255.14703968823812,-50.881276256695664,-50.881276256903774,-52.34064698950729,-61.62704684119948,9.286399851692188,-65.92103005027664,4.498706297575938,2,0.5,30.0,0.0,270.0
20260724_230314__rp0p5__vinf25__inc30__toff56210__Om0__om90,0.972174266867874,0.4354912089608123,23.021460482490323,197.95381057337676,350.1176237518635,35.76910386978535,308.9191038697853,90.0,False,889.087673939796,21,399.9210536808532,35.76910386039198,35.76910387917871,19.014250853474223,4.972534551014599,14.041716302459625,20.729350076308435,5.534210324572904,2,0.5,30.0,0.0,90.0
20260724_230314__rp0p5__vinf25__inc30__toff56210__Om180__om0,0.7640935576031779,0.2596891388355495,26.227552017913432,255.43516439587464,243.9594228936977,103.0295174894068,376.17951748940675,90.0,False,625.1812070993705,32,603.4847569537679,103.02951748862637,103.02951749018723,71.62760212712755,62.341071768094714,9.286530359032831,87.98976369592988,4.772418312991861,1,0.5,30.0,180.0,0.0
20260724_230314__rp0p5__vinf25__inc30__toff56210__Om180__om180,1.4713503208411216,0.2467379313705974,21.27744460270327,98.26679061819694,651.8864032197213,-67.78405670503155,205.36594329496842,,True,372.69303712649327,14,162.18299700923188,-67.7840567050571,-67.78405670500598,-66.45423343654629,-76.3969291657835,9.942695729237215,-82.82381049850846,4.182496658002864,0,0.5,30.0,180.0,180.0
20260724_230314__rp0p5__vinf25__inc30__toff56210__Om180__om270,1.0046029439381672,0.3074597622888881,27.423480292884054,166.90988672044628,367.7811446406352,19.82943609738279,292.97943609738275,90.0,False,877.8001364559634,18,354.3011556996687,19.829452640978552,19.829419553787037,8.70871802106864,-8.898403218469902,17.607121239538543,4.789682303905876,3.791117396277374,1,0.5,30.0,180.0,270.0
20260724_230314__rp0p5__vinf25__inc30__toff56210__Om180__om90,1.1186318116000076,0.0535448794831834,22.779622839815403,65.0812751834513,432.1440510081104,-47.76258566519876,225.3874143348012,,True,426.6352499244476,23,272.2997669984385,-47.762585665280426,-47.7625856651171,-49.80588679080335,-58.66617898697419,8.860292196170839,-62.802339458675675,3.128858376320905,0,0.5,30.0,180.0,90.0
20260724_230314__rp0p5__vinf25__inc30__toff56210__Om270__om0,1.1364872388454097,0.0865348413344751,25.32675061472601,31.46141869738481,442.5319543636065,-49.194649237795105,223.9553507622049,,True,454.81973580347915,21,264.42419115179894,-49.194649237542336,-49.194649238047866,-50.29560305384269,-60.10214417172309,9.8065411178804,-64.23440303127202,3.683249502473146,0,0.5,30.0,270.0,0.0
20260724_230314__rp0p5__vinf25__inc30__toff56210__Om270__om180,0.913224152694376,0.3835095757763176,28.29889501426442,181.31466070745083,318.76004096230605,49.118990919400254,322.2689909194002,90.0,False,1172.1577018361818,23,441.76276080628264,49.11899090406711,49.118990934733375,35.01759668971344,15.840919638890327,19.176677050823116,34.07923712592334,5.180196617600334,2,0.5,30.0,270.0,180.0
20260724_230314__rp0p5__vinf25__inc30__toff56210__Om270__om270,0.7979852648198963,0.1674583844329949,28.043517581694868,246.8102098377369,260.3694935387103,82.3658384367125,355.51583843671244,90.0,False,697.6734570169384,29,541.9818087133589,82.36583843427492,82.36583843915008,57.33187820925705,44.86252125963813,12.46935694961892,67.32608464323557,3.76563040658529,1,0.5,30.0,270.0,270.0
20260724_230314__rp0p5__vinf25__inc30__toff56210__Om270__om90,1.372887764683031,0.1835246587375521,23.309648270711307,119.07456180361268,587.5574566038788,-63.882841662113485,209.26715833788649,,True,379.4974697905395,15,183.64024894636356,-63.882841662336354,-63.882841661890595,-62.94117545567518,-72.6109018786074,9.669726422932214,-78.9225954555904,3.5717106949243886,0,0.5,30.0,270.0,90.0
20260724_230314__rp0p5__vinf25__inc30__toff56210__Om90__om0,1.2038065480204356,0.3989354074298655,21.936837322670645,166.47052088815852,482.42837337074366,-50.71690880643511,222.43309119356488,,True,673.0764672947986,19,256.05032261288045,-50.71690880685247,-50.71690880601772,-50.418550251660854,-61.44830135844959,11.029751106788737,-65.75666259991202,5.025103402875688,1,0.5,30.0,90.0,0.0
20260724_230314__rp0p5__vinf25__inc30__toff56210__Om90__om180,1.150730900272394,0.105782697317292,20.253077401728927,36.90998685589484,450.87738563768016,-50.28930272488807,222.8606972751119,,True,393.4530232821877,20,258.4009784785751,-50.28930272469783,-50.289302725078315,-52.767658759579405,-61.09245737060747,8.324798611028065,-65.32905651836498,4.274288713797789,1,0.5,30.0,90.0,180.0
20260724_230314__rp0p5__vinf25__inc30__toff56210__Om90__om270,1.381492274057871,0.1847623811147742,22.147123356450223,85.06039559853515,593.0898355288595,-64.28961704836355,208.86038295163644,,True,372.101265555254,15,181.40258814895637,-64.2896170484134,-64.2896170483137,-63.63580781022042,-73.31087770322411,9.675069893003688,-79.32937084184047,4.33611002932931,1,0.5,30.0,90.0,270.0
20260724_230314__rp0p5__vinf25__inc30__toff56210__Om90__om90,0.7375950643786587,0.2478655717007351,21.99174569509112,251.35346072011268,231.37945475107287,117.63052279821018,390.78052279821014,90.0,False,621.5246361497675,34,645.5509049075735,117.63052279741332,117.630522799007,80.41413225956089,72.7147110014937,7.69942125806719,102.59076900473326,4.935054415395455,1,0.5,30.0,90.0,90.0
20260724_230314__rp0p5__vinf25__inc60__toff56210__Om0__om0,1.4623180275374112,0.2309618795239822,24.946259687998904,95.58008314737836,645.8929458646505,-67.53795215459823,205.61204784540175,,True,408.9963618543468,14,163.53782968325993,-67.53795215463136,-67.53795215456509,-65.32802083454192,-76.31077537110643,10.982754536564514,-82.57770594807515,4.621930791832244,1,0.5,60.0,0.0,0.0
20260724_230314__rp0p5__vinf25__inc60__toff56210__Om0__om180,0.7512402695014206,0.2519224865858835,21.52670985515943,240.82869671535803,237.82969563701025,110.18153311011969,383.33153311011966,90.0,False,649.2804413737142,33,622.9861532707274,110.18153310878101,110.18153311145836,74.58593589112152,66.68325563838742,7.9026802527341005,95.14177931664277,4.682428735600438,1,0.5,60.0,0.0,180.0
20260724_230314__rp0p5__vinf25__inc60__toff56210__Om0__om270,1.1365466663583144,0.0789736453130565,24.681518485278517,27.627602987223952,442.5666651588338,-49.22983002055131,223.92016997944867,,True,436.5916497767935,21,264.2300103477109,-49.229830020287075,-49.22983002081556,-50.61974987687886,-60.05614448401002,9.436394607131156,-64.26958381402822,3.541252475514339,1,0.5,60.0,0.0,270.0
20260724_230314__rp0p5__vinf25__inc60__toff56210__Om0__om90,0.995909348347098,0.3704848873570792,22.33215896383814,205.4804940887965,363.0174517445183,25.530319237105964,298.68031923710595,90.0,False,646.4642109153458,19,369.333167063016,25.626323364269844,25.43431510994208,8.927717593073323,-2.2021579394298194,11.129875532503142,10.49056544362905,4.52488643286097,1,0.5,60.0,0.0,90.0
20260724_230314__rp0p5__vinf25__inc60__toff56210__Om180__om0,0.8122681946072988,0.2533652417709084,26.312469689180237,257.5939695831813,267.3911091279981,79.65592835103222,352.8059283510322,90.0,False,548.5825443722888,28,533.0970903693636,79.65592834972917,79.65592835233524,52.322884099448146,43.21737124814207,9.105512851306074,64.6161745575553,4.287351119049056,1,0.5,60.0,180.0,0.0
20260724_230314__rp0p5__vinf25__inc60__toff56210__Om180__om180,1.4943485030238663,0.286933569028317,20.28909638836616,94.49896361014434,667.2300995889104,-68.35250346057386,204.7974965394261,,True,390.89065791956244,13,159.05645091447877,-68.35250346062972,-68.352503460518,-66.89102017900676,-77.11328566348362,10.222265484476864,-83.39225725405078,3.983318051754152,0,0.5,60.0,180.0,180.0
20260724_230314__rp0p5__vinf25__inc60__toff56210__Om180__om270,0.9952566737771484,0.1829205964677053,28.861231768064943,157.77718070523733,362.660652046868,17.98991063107196,291.1399106310719,90.0,False,761.3139312789633,19,349.3960642204272,17.961390777731786,18.018430484412136,6.685841997493307,-10.300196947026091,16.9860389445194,2.9501568375950473,2.303928804614819,0,0.5,60.0,180.0,270.0
20260724_230314__rp0p5__vinf25__inc60__toff56210__Om180__om90,1.081813964660798,0.0515698566865538,23.01131563622403,166.085401831544,410.9856565868619,-44.340729943624375,228.8092700563756,,True,430.3943603874157,33,291.119454557874,-44.340729943640994,-44.340729943607755,-46.835672051369784,-55.2539050316225,8.418232980252718,-59.38048373710129,1.756904986674532,0,0.5,60.0,180.0,90.0
20260724_230314__rp0p5__vinf25__inc60__toff56210__Om270__om0,1.1210749057157277,0.0898730894813253,26.59220335917593,20.21090034581536,433.560528911378,-47.84901858280557,225.3009814171944,,True,477.2201023867064,22,271.8253329027856,-47.84901858247127,-47.849018583139866,-48.77581889650131,-58.915701025698105,10.139882129196792,-62.88877237628248,3.4860592211142825,0,0.5,60.0,270.0,0.0
20260724_230314__rp0p5__vinf25__inc60__toff56210__Om270__om180,0.9412098153109284,0.3054451518810283,25.77843810498793,169.33882118996124,333.5242848713097,36.65087857241613,309.8008785724161,90.0,False,933.0217567568175,22,403.359834755508,36.65087855970634,36.65087858512591,22.2690215767584,4.923389103555604,17.345632473202798,21.61112477893922,4.569737751196018,2,0.5,60.0,270.0,180.0
20260724_230314__rp0p5__vinf25__inc60__toff56210__Om270__om270,0.8933719610863349,0.0557603277016252,29.992112385094988,267.6192113126121,308.42265193205367,44.028469111875275,317.17846911187524,90.0,False,688.3698713662793,24,426.9821378177093,44.02846911251694,44.028469111233605,27.64901030069887,12.372576227439488,15.27643407325938,28.988715318398363,2.88563969300244,0,0.5,60.0,270.0,270.0
20260724_230314__rp0p5__vinf25__inc60__toff56210__Om270__om90,1.1727884753204865,0.0806559851337644,24.124593625963417,169.38279214667313,463.90315353975376,-52.14706429057632,221.00293570942367,,True,387.65839201732797,19,248.1852667708616,-52.14706429126207,-52.14706428989056,-53.33069337854676,-61.79126021543166,8.460566836884901,-67.18681808405323,2.6759752794730245,0,0.5,60.0,270.0,90.0
20260724_230314__rp0p5__vinf25__inc60__toff56210__Om90__om0,1.2465930161880376,0.3486696378237016,25.07784895299068,161.02503103276925,508.3757482420899,-54.79691644041381,218.35308355958617,,True,617.0523423793907,17,233.61208355307946,-54.79691644128654,-54.79691643954108,-53.21822106830946,-64.74836511152454,11.530144043215074,-69.83667023389073,4.81476795884786,1,0.5,60.0,90.0,0.0
20260724_230314__rp0p5__vinf25__inc60__toff56210__Om90__om180,1.1331262724958469,0.1169953202676382,18.49126238306263,30.09301581630381,440.5703377534183,-48.756617477004774,224.3933825229952,,True,383.8236741948858,22,266.8298033506293,-48.756617476912886,-48.75661747709666,-51.99330555432329,-59.78554288849117,7.792237334167879,-63.796371270481686,3.48365754773184,0,0.5,60.0,90.0,180.0
20260724_230314__rp0p5__vinf25__inc60__toff56210__Om90__om270,1.2213455575072458,0.092492452376449,22.350655212986428,65.43583436941748,493.00988368197096,-55.620873432389736,217.52912656761023,,True,382.20877611670045,18,229.07973617860588,-55.62087343238529,-55.62087343239419,-56.66521914049562,-65.55386671424631,8.888647573750688,-70.66062722586665,2.841399027390615,0,0.5,60.0,90.0,270.0
20260724_230314__rp0p5__vinf25__inc60__toff56210__Om90__om90,0.7874263376455314,0.1800769832015575,20.97508781296091,244.1760085307929,255.21881958088628,88.56465590181885,361.71465590181884,90.0,False,574.176638039167,30,557.8745521711235,88.56465590017721,88.56465590346049,56.91299879660053,48.296333202853745,8.616665593746788,73.52490210834193,4.904667972631945,2,0.5,60.0,90.0,90.0
20260724_230314__rp0p5__vinf25__inc90__toff56210__Om0__om0,1.4850176195995215,0.2622463230582087,26.02160166413025,93.34051747859068,660.9904733556668,-68.20224566699657,204.9477543330034,,True,447.4803837126108,13,159.88479790048711,-68.20224566707769,-68.20224566691545,-65.33496122429015,-77.13811651786105,11.803155293570896,-83.2419994604735,3.966908415062252,0,0.5,90.0,0.0,0.0
20260724_230314__rp0p5__vinf25__inc90__toff56210__Om0__om180,0.7836171305664789,0.2617397128050055,20.4018810423579,249.16973779244503,253.369113907298,94.04345994825685,367.1934599482568,90.0,False,538.3956030814549,30,574.1173227680986,94.04345994664052,94.0434599498732,60.055999144835695,53.67540311544139,6.3805960293943045,79.00370615477993,4.623211849987614,1,0.5,90.0,0.0,180.0
20260724_230314__rp0p5__vinf25__inc90__toff56210__Om0__om270,1.100668803249636,0.0361184513754514,25.80472018641096,69.60502767176855,421.7768861529272,-46.1736158133616,226.97638418663837,,True,471.808252894142,25,281.0400940550573,-46.17361581356571,-46.17361581315749,-47.43560816774041,-57.17054195193536,9.73493378419495,-61.21336960683851,2.593754997092573,0,0.5,90.0,0.0,270.0
20260724_230314__rp0p5__vinf25__inc90__toff56210__Om0__om90,1.0050844265356893,0.2539988550035244,21.957235554118373,201.3231905153232,368.0455796163832,18.04584657378319,291.1958465737832,75.16488841802429,False,519.6317220202873,17,348.23685286980856,18.117380893528054,17.974312254038313,1.1996794299833387,-8.930906547513528,10.130585977496867,3.006092780306277,3.106983368891374,0,0.5,90.0,0.0,90.0
20260724_230314__rp0p5__vinf25__inc90__toff56210__Om180__om0,0.8645203853524585,0.2321487638519987,24.68168020066499,253.158804727825,293.6031075510021,58.248412193860155,331.3984121938601,90.0,False,484.5530888072634,25,468.0341478258321,58.24841219142455,58.24841219629578,33.91384826159295,25.314110107817708,8.599738153775245,43.20865840038324,3.811967206796095,1,0.5,90.0,180.0,0.0
20260724_230314__rp0p5__vinf25__inc90__toff56210__Om180__om180,1.4755584488251072,0.3282580088548426,20.38170114499953,88.6069032913254,654.6850384703072,-67.19165566838288,205.9583443316171,,True,453.4942686904432,13,165.4408791797612,-67.19165566843824,-67.19165566832756,-65.46351531956654,-76.54464899614821,11.081133676581672,-82.2314094618598,4.143235648931238,0,0.5,90.0,180.0,180.0
20260724_230314__rp0p5__vinf25__inc90__toff56210__Om180__om270,0.964681414334724,0.0827754640390677,29.470693924398955,179.4206182538335,346.07773322248954,24.128654244618772,297.27865424461874,90.0,False,666.4304409266156,20,366.8793569414493,24.14179771515524,24.115510774082296,11.643583699985532,-4.091419576247371,15.735003276232902,9.088900451141859,2.0700404271832014,0,0.5,90.0,180.0,270.0
20260724_230314__rp0p5__vinf25__inc90__toff56210__Om180__om90,1.0557343743139644,0.1465682744952532,23.04291433326329,197.18859024481824,396.2139696283615,0.38281237414483243,273.5328123741448,48.11140308495899,False,440.82067922783904,26,308.60606530316767,0.46523126825217415,0.3003934800374903,-18.572443718869838,-26.157118875390946,7.584675156521108,-14.656941419332082,2.388885630025762,0,0.5,90.0,180.0,90.0
20260724_230314__rp0p5__vinf25__inc90__toff56210__Om270__om0,1.0998724157931443,0.100392026531515,26.094106511847045,11.253154895711026,421.31920480458206,-45.87330091400242,227.27669908599756,,True,480.88525643944007,25,282.6917587709815,-45.87330091394917,-45.873300914055676,-47.27136496837677,-57.242762769632634,9.971397801255861,-60.91305470747933,3.3937013717554487,0,0.5,90.0,270.0,0.0
20260724_230314__rp0p5__vinf25__inc90__toff56210__Om270__om180,0.9577640835190414,0.2837127469057628,22.48903744810599,167.4858589882984,342.3620440120564,31.455227030529542,304.60522703052953,90.0,False,788.6527731962733,21,386.8151738591256,31.455227022910325,31.45522703814876,15.468152367272454,0.36047607921446834,15.107676288057986,16.41547323705263,4.5776925736251055,2,0.5,90.0,270.0,180.0
20260724_230314__rp0p5__vinf25__inc90__toff56210__Om270__om270,1.0276707448583182,0.0898410307483266,30.409712528455607,48.707183657192765,380.5211324392204,7.192913302472972,280.34291330247294,58.82116446134409,False,683.6440679219307,23,323.4818686016322,7.047289790907472,7.338536814038476,-6.226974176726103,-21.347093737998566,15.120119561272464,-7.846840491003942,2.3426558591835858,0,0.5,90.0,270.0,270.0
20260724_230314__rp0p5__vinf25__inc90__toff56210__Om270__om90,0.9583094257796304,0.1707468427300588,23.648718205477103,268.4294696828359,342.6544924375264,27.734678058016666,300.8846780580166,90.0,False,394.3279782186338,20,376.0205235331759,27.75873209591952,27.710624020113816,8.493176617304758,-0.46968680339392965,8.962863420698689,12.694924264539752,3.1164105060322727,0,0.5,90.0,270.0,90.0
20260724_230314__rp0p5__vinf25__inc90__toff56210__Om90__om0,1.1464609385971436,0.3005187118055326,26.888157152486112,175.9874830406496,448.3701416504297,-47.923707959565725,225.22629204043426,,True,610.8610241795814,21,271.4146314818833,-47.92370796007084,-47.9237079590606,-47.18598311568899,-58.08134403171083,10.895360916021836,-62.96346175304264,4.462108629103847,1,0.5,90.0,90.0,0.0
20260724_230314__rp0p5__vinf25__inc90__toff56210__Om90__om180,1.101783189663961,0.1270557609568532,18.73579195152865,22.616155812507348,422.41759848223137,-45.893117267867424,227.25688273213257,,True,407.26842446156894,26,282.57900843890224,-45.8931172677403,-45.893117267994555,-49.480785058887626,-57.42940544912078,7.9486203902331525,-60.932871061344336,3.547413272556684,0,0.5,90.0,90.0,180.0
20260724_230314__rp0p5__vinf25__inc90__toff56210__Om90__om270,1.0695420782285254,0.04534219258744,22.890934078627943,314.2918272504675,404.0123150612642,-8.571282288588963,264.578717711411,36.07819997184264,False,398.92265544692026,44,297.74829195009835,-8.469175860398687,-8.673388716779234,-27.185839100589707,-34.82923637516206,7.643397274572354,-23.611036082065876,2.100800121364072,0,0.5,90.0,90.0,270.0
20260724_230314__rp0p5__vinf25__inc90__toff56210__Om90__om90,0.9208958098959944,0.1399409729053157,21.089234643145986,184.8342056256632,322.7851420566085,37.69721765904257,310.84721765904254,90.0,False,575.3539902236809,22,405.2022319357906,37.69721764266498,37.69721767542017,17.772297306331726,6.195812507139184,11.576484799192542,22.65746386556566,3.559661160833955,0,0.5,90.0,90.0,90.0
20260724_230314__rp0p5__vinf25__incm30__toff56210__Om0__om0,1.4713503213616754,0.2467379315191616,21.27744459915793,98.26679068129988,651.8864035656708,-67.78405672474852,205.36594327525145,,True,372.6930369513399,14,162.1829969008038,-67.78405672477432,-67.78405672472275,-66.45423345391887,-76.39692918182061,9.942695727901736,-82.82381051822544,4.182496659062605,0,0.5,-30.0,0.0,0.0
20260724_230314__rp0p5__vinf25__incm30__toff56210__Om0__om180,0.7640935574031361,0.2596891387594985,26.22755202281725,255.43516447872943,243.95942279789384,103.02951758930733,376.1795175893073,90.0,False,625.1812071394421,32,603.4847572569753,103.02951758852606,103.02951759008866,71.62760220954026,62.34107184767548,9.286530361864777,87.98976379583041,4.772418313227435,1,0.5,-30.0,0.0,180.0
20260724_230314__rp0p5__vinf25__incm30__toff56210__Om0__om270,1.1186318102774664,0.0535448790646528,22.77962283045016,65.08127402201131,432.1440502417345,-47.762585549240285,225.3874144507597,,True,426.6352501278929,23,272.2997676361903,-47.76258554932204,-47.76258554915852,-49.80588669928672,-58.66617888563069,8.860292186343976,-62.8023393427172,3.128858370873056,0,0.5,-30.0,0.0,270.0
20260724_230314__rp0p5__vinf25__incm30__toff56210__Om0__om90,1.0046029447379847,0.3074597613324245,27.423480273193377,166.9098867771421,367.7811450798502,19.829435874451242,292.9794358744512,90.0,False,877.8001321857812,18,354.3011550204445,19.829452417370057,19.829419331532446,8.708717801822345,-8.898403390203695,17.607121192026042,4.789682080974329,3.791117393456489,1,0.5,-30.0,0.0,90.0
20260724_230314__rp0p5__vinf25__incm30__toff56210__Om180__om0,0.7424832287643939,0.2382385613356867,22.940120973229146,240.34208242994663,233.68334613917204,114.1495815287485,387.2995815287485,90.0,False,690.5432914143746,33,635.4965290328327,114.1495815266712,114.14958153082577,79.08310730803099,70.06827009464963,9.014837213381355,99.10982773527158,4.706034716528398,1,0.5,-30.0,180.0,0.0
20260724_230314__rp0p5__vinf25__incm30__toff56210__Om180__om180,1.4514401984239371,0.2204708971113217,23.66585411846791,99.39871741680857,638.6994037982374,-67.16574518898123,205.98425481101873,,True,386.5220708922303,14,165.58460607161672,-67.1657451890373,-67.16574518892519,-65.44746188927505,-75.83218075136134,10.384718862086288,-82.20549898245815,8.358155210762511,2,0.5,-30.0,180.0,180.0
20260724_230314__rp0p5__vinf25__incm30__toff56210__Om180__om270,0.9721231880554876,0.4355237878114035,23.021777775008687,197.94663075124515,350.0900309249605,35.78538623198042,308.9353862319804,90.0,False,889.3431378616757,21,399.97008445442617,35.78538622256976,35.78538624139108,19.028974135153074,4.984702432484442,14.044271702668633,20.745632438503506,5.534414537544477,2,0.5,-30.0,180.0,270.0
20260724_230314__rp0p5__vinf25__incm30__toff56210__Om180__om90,1.157943130667357,0.1041182866602705,23.618118601840283,28.3705933004821,455.12284585599866,-50.8812761182968,222.26872388170318,,True,422.99738755538567,20,255.14704044999425,-50.88127611819274,-50.88127611840086,-52.34064685598131,-61.62704673772669,9.286399881745375,-65.92102991177372,4.498706291039978,2,0.5,-30.0,180.0,90.0
20260724_230314__rp0p5__vinf25__incm30__toff56210__Om270__om0,1.1507308997881271,0.1057826974284712,20.253077401676755,36.90998711931904,450.8773853530632,-50.28930268478708,222.8606973152129,,True,393.4530239322972,20,258.40097869913643,-50.28930268459692,-50.289302684977265,-52.7676587203954,-61.09245733917613,8.324798618780726,-65.329056478264,4.27428871191197,1,0.5,-30.0,270.0,0.0
20260724_230314__rp0p5__vinf25__incm30__toff56210__Om270__om180,1.2038065265361886,0.3989354305221574,21.936836179296137,166.47052019098442,482.42836045594817,-50.71690663430919,222.43309336569078,,True,673.0765202630251,19,256.0503345575831,-50.716906634726435,-50.71690663389192,-50.418548488182225,-61.44829973656936,11.029751248387136,-65.7566604277861,5.02510333109014,1,0.5,-30.0,270.0,180.0
20260724_230314__rp0p5__vinf25__incm30__toff56210__Om270__om270,0.737542385752544,0.2479311738295818,21.99182869773602,251.34730999092235,231.35466770718176,117.66493505698656,390.81493505698654,90.0,False,621.6370512329006,34,645.6543120315425,117.66493505618833,117.66493505778482,80.44195141922188,72.7433953271394,7.698556092082484,102.62518126350965,4.9354541826399725,1,0.5,-30.0,270.0,270.0
20260724_230314__rp0p5__vinf25__incm30__toff56210__Om270__om90,1.381492274057871,0.1847623811147742,22.147123356450223,85.06039559853515,593.0898355288595,-64.28961704836355,208.86038295163644,,True,372.101265555254,15,181.40258814895637,-64.2896170484134,-64.2896170483137,-63.63580781022042,-73.31087770322411,9.675069893003688,-79.32937084184047,4.33611002932931,1,0.5,-30.0,270.0,90.0
20260724_230314__rp0p5__vinf25__incm30__toff56210__Om90__om0,0.9132241526819624,0.3835095757092044,28.29889501226976,181.31466065073104,318.76004095580663,49.11899091919241,322.2689909191924,90.0,False,1172.1577022189315,23,441.76276080496143,49.11899090385929,49.118990934525534,35.017596691542856,15.840919633933815,19.17667705760904,34.0792371257155,5.180196616964712,2,0.5,-30.0,90.0,0.0
20260724_230314__rp0p5__vinf25__incm30__toff56210__Om90__om180,1.136487239678105,0.0865348419422643,25.326750610371764,31.461418895980422,442.53195484996616,-49.19464930570231,223.95535069429766,,True,454.81973569884724,21,264.4241907783282,-49.194649305449566,-49.19464930595505,-50.295603111513124,-60.10214423456637,9.806541123053243,-64.23440309917923,3.6832495055788574,0,0.5,-30.0,90.0,180.0
20260724_230314__rp0p5__vinf25__incm30__toff56210__Om90__om270,1.372887764683031,0.1835246587375521,23.309648270711307,119.07456180361268,587.5574566038788,-63.882841662113485,209.26715833788649,,True,379.4974697905395,15,183.64024894636356,-63.882841662336354,-63.882841661890595,-62.94117545567518,-72.6109018786074,9.669726422932214,-78.9225954555904,3.5717106949243886,0,0.5,-30.0,90.0,270.0
20260724_230314__rp0p5__vinf25__incm30__toff56210__Om90__om90,0.7979852648340755,0.1674583844142732,28.043517582487897,246.8102098327325,260.36949354565,82.36583842963651,355.51583842963646,90.0,False,697.6734570396125,29,541.9818086923501,82.36583842719905,82.36583843207394,57.33187820437306,44.86252125385365,12.469356950519412,67.32608463615959,3.76563040663688,1,0.5,-30.0,90.0,90.0
20260724_230314__rp0p5__vinf25__incm60__toff56210__Om0__om0,1.4943485025786345,0.286933569053924,20.28909639235271,94.49896354134032,667.2300992907146,-68.35250344310832,204.79749655689164,,True,390.8906582429055,13,159.05645101053207,-68.3525034431644,-68.35250344305224,-66.89102016214956,-77.11328565070382,10.222265488554257,-83.39225723658524,3.983318050749384,0,0.5,-60.0,0.0,0.0
20260724_230314__rp0p5__vinf25__incm60__toff56210__Om0__om180,0.8122682165526148,0.2533652610533988,26.312469747052088,257.59396888063554,267.391119964288,79.65591970693191,352.8059197069319,90.0,False,548.5825087383646,28,533.0970643467587,79.65591970562927,79.65591970823455,52.322876802888295,43.21736453131154,9.105512271576757,64.61616591345499,4.287351098884615,1,0.5,-60.0,0.0,180.0
20260724_230314__rp0p5__vinf25__incm60__toff56210__Om0__om270,1.0818139650167653,0.0515698568597268,23.01131563943477,166.08540143184536,410.98565678971215,-44.34072997798541,228.80927002201457,,True,430.39436050473773,33,291.11945436889704,-44.3407299780022,-44.340729977968614,-46.835672076967555,-55.253905063339104,8.41823298637155,-59.38048377146232,1.7569049883247934,0,0.5,-60.0,0.0,270.0
20260724_230314__rp0p5__vinf25__incm60__toff56210__Om0__om90,0.995256672568821,0.182920595445643,28.861231766041943,157.77718073225128,362.6606513864161,17.989910888582816,291.1399108885828,90.0,False,761.313931551837,19,349.39606500123796,17.96139103429881,18.018430742866812,6.685842195981432,-10.300196736741835,16.986038932723268,2.9501570951059026,2.3039288049019446,0,0.5,-60.0,0.0,90.0
20260724_230314__rp0p5__vinf25__incm60__toff56210__Om180__om0,0.7512402696090419,0.2519224866840574,21.52670985506537,240.828696724839,237.8296956881168,110.18153305616464,383.33153305616463,90.0,False,649.2804411531761,33,622.986153108684,110.18153305482659,110.1815330575027,74.58593584605886,66.68325559664447,7.902680249414388,95.14177926268772,4.682428735579082,1,0.5,-60.0,180.0,0.0
20260724_230314__rp0p5__vinf25__incm60__toff56210__Om180__om180,1.4623180273490413,0.2309618793680693,24.94625969117756,95.5800831434057,645.8929457398484,-67.53795214806837,205.6120478519316,,True,408.9963618380928,14,163.53782971917167,-67.53795214810158,-67.53795214803516,-65.32802082906551,-76.3107753649211,10.982754535855591,-82.57770594154529,4.621930791820924,1,0.5,-60.0,180.0,180.0
20260724_230314__rp0p5__vinf25__incm60__toff56210__Om180__om270,0.9959093478527066,0.3704848879049643,22.33215895401636,205.48049415642336,363.01745147420354,25.530319388447847,298.6803193884478,90.0,False,646.4642117873115,19,369.333167516602,25.62632351595119,25.434315260944505,8.927717710231216,-2.20215781768259,11.129875527913805,10.490565594970933,4.524886435820994,1,0.5,-60.0,180.0,270.0
20260724_230314__rp0p5__vinf25__incm60__toff56210__Om180__om90,1.1365466664617674,0.078973645309082,24.68151848802773,27.627602878898177,442.5666652192601,-49.22983002931376,223.92016997068623,,True,436.59164963289567,21,264.23001029952485,-49.22983002904956,-49.22983002957795,-50.61974988489358,-60.056144490886574,9.436394605992994,-64.26958382279068,3.541252475915529,1,0.5,-60.0,180.0,90.0
20260724_230314__rp0p5__vinf25__incm60__toff56210__Om270__om0,1.1331262724938276,0.1169953202705839,18.491262382772653,30.09301581394887,440.5703377522406,-48.7566174768139,224.39338252318606,,True,383.8236741920535,22,266.8298033516735,-48.75661747672182,-48.756617476905994,-51.99330555426081,-59.78554288832335,7.792237334062541,-63.79637127029081,3.4836575479817524,0,0.5,-60.0,270.0,0.0
20260724_230314__rp0p5__vinf25__incm60__toff56210__Om270__om180,1.2465930169801849,0.3486696358667311,25.077848957288317,161.02503073538952,508.37574872666073,-54.796916527394266,218.3530834726057,,True,617.0523396136309,17,233.6120830747195,-54.796916528267055,-54.79691652652147,-53.2182211565559,-64.74836518639923,11.530144029843328,-69.83667032087118,4.814767951854726,1,0.5,-60.0,270.0,180.0
20260724_230314__rp0p5__vinf25__incm60__toff56210__Om270__om270,0.7874263377221289,0.1800769832509837,20.97508781253755,244.1760085490224,255.2188196181262,88.56465586742229,361.71465586742227,90.0,False,574.1766378433449,30,557.8745520677198,88.56465586578007,88.5646558690645,56.91299876725416,48.29633317599751,8.616665591256648,73.52490207394537,4.9046679734083405,2,0.5,-60.0,270.0,270.0
20260724_230314__rp0p5__vinf25__incm60__toff56210__Om270__om90,1.2213455586090818,0.0924924531451432,22.35065521075813,65.43583421408968,493.0098843491237,-55.62087350455522,217.52912649544476,,True,382.2087759551008,18,229.07973578170544,-55.620873504550715,-55.6208735045597,-56.665219201002,-65.55386678051217,8.888647579510163,-70.66062729803214,2.841399030538282,0,0.5,-60.0,270.0,90.0
20260724_230314__rp0p5__vinf25__incm60__toff56210__Om90__om0,0.9412098151422176,0.3054451520912574,25.778438105511015,169.33882121557178,333.524284781634,36.65087862986169,309.80087862986164,90.0,False,933.0217574040436,22,403.3598349286779,36.65087861715183,36.65087864257153,22.269021626663243,4.923389150061805,17.345632476601438,21.611124836384775,4.569737752324432,2,0.5,-60.0,90.0,0.0
20260724_230314__rp0p5__vinf25__incm60__toff56210__Om90__om180,1.1210749058385054,0.0898730895075621,26.592203355364024,20.21089993358699,433.560528982602,-47.849018593510976,225.300981406489,,True,477.2201017223238,22,271.8253328438923,-47.84901859317645,-47.84901859384553,-48.77581891336309,-58.915701032877365,10.139882119514276,-62.88877238698789,3.4860592215932438,0,0.5,-60.0,90.0,180.0
20260724_230314__rp0p5__vinf25__incm60__toff56210__Om90__om270,1.172788475490497,0.0806559851446783,24.12459362727359,169.38279225503524,463.9031536406266,-52.14706430361644,221.00293569638353,,True,387.6583918178521,19,248.18526669912632,-52.14706430430219,-52.147064302930694,-53.3306933910401,-61.791260225257204,8.460566834217104,-67.18681809709335,2.6759752800732035,0,0.5,-60.0,90.0,270.0
20260724_230314__rp0p5__vinf25__incm60__toff56210__Om90__om90,0.8933719612795459,0.0557603280227426,29.9921123847394,267.6192116389572,308.42265203210826,44.02846905334054,317.1784690533405,90.0,False,688.3698706183015,24,426.98213764069027,44.02846905398205,44.02846905269902,27.649010244216225,12.372576180211318,15.276434064004906,28.988715259863625,2.8856396934040767,0,0.5,-60.0,90.0,90.0
20260724_230314__rp0p5__vinf25__incm90__toff56210__Om0__om0,1.4755584490811076,0.328258008756489,20.381701143261623,88.6069032580245,654.6850386406829,-67.19165567991034,205.95834432008962,,True,453.4942683719182,13,165.44087911636888,-67.191655679966,-67.19165567985466,-65.46351533151179,-76.54464900499987,11.081133673488083,-82.23140947338726,4.143235649483683,0,0.5,-90.0,0.0,0.0
20260724_230314__rp0p5__vinf25__incm90__toff56210__Om0__om180,0.863990585550852,0.2328415210133153,24.681701164968192,253.1065877257473,293.3332578685149,58.465713204164445,331.6157132041644,90.0,False,485.0709006257777,25,468.6881167151244,58.46571320166906,58.465713206659835,34.08852379437655,25.49996127992517,8.588562514451379,43.42595941068753,3.815785531343173,1,0.5,-90.0,0.0,180.0
20260724_230314__rp0p5__vinf25__incm90__toff56210__Om0__om270,1.055734374359233,0.1465682744552977,23.04291433363774,197.1885902616249,396.21396965384514,0.38281236496587134,273.5328123649658,48.11140308495899,False,440.82067914457866,26,308.6060652748555,0.4652312590353454,0.30039347089639684,-18.572443726505742,-26.157118882168394,7.5846751556626515,-14.656941428511042,2.388885629819503,0,0.5,-90.0,0.0,270.0
20260724_230314__rp0p5__vinf25__incm90__toff56210__Om0__om90,0.9646814135401603,0.08277546349332,29.4706939228974,179.42061790323697,346.07773279491704,24.12865444001809,297.27865444001804,90.0,False,666.430442404275,20,366.8793575291246,24.141797910328332,24.11551096970785,11.643583867711163,-4.091419427053243,15.735003294764406,9.088900646541175,2.0700404284130034,0,0.5,-90.0,0.0,90.0
20260724_230314__rp0p5__vinf25__incm90__toff56210__Om180__om0,0.7836171303496894,0.2617397131452577,20.401881045344,249.1697378402458,253.3691138021553,94.04346007204967,367.1934600720497,90.0,False,538.3956032153976,30,574.1173231406501,94.0434600704328,94.04346007366654,60.05599924180227,53.67540321926694,6.380596022535329,79.00370627857275,4.623211853119602,1,0.5,-90.0,180.0,0.0
20260724_230314__rp0p5__vinf25__incm90__toff56210__Om180__om180,1.4850176199713552,0.2622463232441467,26.02160166446611,93.34051747671047,660.990473603925,-68.2022456800352,204.94775431996476,,True,447.4803837196827,13,159.884797828792,-68.20224568011658,-68.20224567995388,-65.33496123445686,-77.13811652980192,11.803155295345064,-83.24199947351212,3.966908415617482,0,0.5,-90.0,180.0,180.0
20260724_230314__rp0p5__vinf25__incm90__toff56210__Om180__om270,1.005084426562084,0.2539988552346572,21.957235543066343,201.32319057290084,368.0455796308812,18.04584657549001,291.19584657549,75.16488841802429,False,519.631721784033,17,348.2368528733724,18.11738089551489,17.974312255465122,1.1996794231945533,-8.930906543876334,10.130585967070887,3.0060927820130967,3.1069833697782183,0,0.5,-90.0,180.0,270.0
20260724_230314__rp0p5__vinf25__incm90__toff56210__Om180__om90,1.100668804377037,0.0361184523451297,25.804720179838213,69.60502823598952,421.7768868009582,-46.17361591625188,226.9763840837481,,True,471.8082528190245,25,281.0400934891815,-46.17361591645628,-46.173615916047495,-47.4356082544062,-57.1705420475055,9.734933793099302,-61.213369709728795,2.593755001905131,0,0.5,-90.0,180.0,90.0
20260724_230314__rp0p5__vinf25__incm90__toff56210__Om270__om0,1.1017831904837996,0.1270557613458224,18.735791952337085,22.616156049691018,422.41759895371376,-45.893117341750006,227.25688265824996,,True,407.2684244410399,26,282.57900803256166,-45.89311734162312,-45.8931173418769,-49.480785118116025,-57.429405515610846,7.948620397494821,-60.93287113522692,3.547413278047764,0,0.5,-90.0,270.0,0.0
20260724_230314__rp0p5__vinf25__incm90__toff56210__Om270__om180,1.1464609524942364,0.3005187052572484,26.8881571695348,175.98748600983967,448.37014980296414,-47.92370926276904,225.22629073723095,,True,610.8609868030418,21,271.4146243147152,-47.92370926327447,-47.92370926226359,-47.185984485437416,-58.08134500339031,10.895360517952895,-62.96346305624595,4.462108606097475,1,0.5,-90.0,270.0,180.0
20260724_230314__rp0p5__vinf25__incm90__toff56210__Om270__om270,0.9208958084317712,0.1399409734800778,21.08923465822019,184.8342046492839,322.7851412867665,37.69721809803165,310.84721809803165,90.0,False,575.3539952347055,22,405.20223325757524,37.697218081654135,37.69721811440915,17.772297708146887,6.195812831699189,11.576484876447697,22.657464304554736,3.5596611691167,0,0.5,-90.0,270.0,270.0
20260724_230314__rp0p5__vinf25__incm90__toff56210__Om270__om90,1.0695420784448897,0.0453421923807365,22.8909340807757,314.2918272825958,404.0123151838592,-8.571282325834412,264.57871767416555,36.07819997184264,False,398.92265542487013,44,297.7482918268352,-8.469175897438955,-8.673388754229867,-27.185839126446872,-34.8292364027042,7.643397276257325,-23.611036119311326,2.1008001226745554,0,0.5,-90.0,270.0,90.0
20260724_230314__rp0p5__vinf25__incm90__toff56210__Om90__om0,0.9577640863019444,0.2837127486371346,22.48903745426791,167.48585877106197,342.3620455042198,31.455226350704052,304.605226350704,90.0,False,788.6527730281225,21,386.8151718178877,31.455226343085027,31.45522635832308,15.468151840017873,0.36047551765792596,15.107676322359946,16.41547255722714,4.5776925709493135,2,0.5,-90.0,90.0,0.0
20260724_230314__rp0p5__vinf25__incm90__toff56210__Om90__om180,1.0998724161203102,0.100392026779764,26.094106512311143,11.253154741538848,421.3192049925692,-45.87330094328447,227.2766990567155,,True,480.885256063319,25,282.6917586099206,-45.873300943231115,-45.87330094333784,-47.271364996623596,-57.24276279483335,9.97139779820975,-60.91305473676138,3.393701373101649,0,0.5,-90.0,90.0,180.0
20260724_230314__rp0p5__vinf25__incm90__toff56210__Om90__om270,0.9583094260942688,0.1707468471210528,23.648718294167395,268.4294694595484,342.6544926062803,27.734678065280608,300.8846780652806,90.0,False,394.32797618897223,20,376.02052357664775,27.75873210280618,27.71062402775503,8.49317661873432,-0.46968674027563534,8.962863359009956,12.694924271803695,3.11641052247992,0,0.5,-90.0,90.0,270.0
20260724_230314__rp0p5__vinf25__incm90__toff56210__Om90__om90,1.0276707442294295,0.0898410306786311,30.409712528336957,48.70718402587518,380.5211320899276,7.192913422541724,280.3429134225417,58.82116446134409,False,683.6440690930996,23,323.4818689955032,7.047289910100745,7.338536934982698,-6.226974088375289,-21.34709364801731,15.12011955964202,-7.8468403709351895,2.342655858752304,0,0.5,-90.0,90.0,90.0
20260724_230314__rp0p75__vinf25__inc0__toff56210__Om0__om0,1.3306673205891495,0.1778661282868549,22.413692446937365,109.80413591905568,560.6631688842268,-61.76788447365669,211.38211552634328,,True,393.03785744812456,15,195.27197286236563,-61.76788447443311,-61.76788447288027,-61.30753781362217,-70.9314015644452,9.623863750823027,-76.80763826713361,4.978885223946116,1,0.75,0.0,0.0,0.0
20260724_230314__rp0p75__vinf25__inc0__toff56210__Om0__om180,0.7786134503967123,0.201096693233791,24.802706754127897,244.7400497107417,250.9462111974497,93.09461869925033,366.2446186992503,90.0,False,646.8606059752134,31,572.9519940448904,93.0946186978416,93.09461870065908,63.37229283728916,53.12236350815684,10.249929329132321,78.05486490577341,4.123487603078175,1,0.75,0.0,0.0,180.0
20260724_230314__rp0p75__vinf25__inc0__toff56210__Om0__om270,1.0938608646778722,0.0844418380991346,23.1298533207519,19.744185251150007,417.86973480797,-45.3837653552761,227.76623464472388,,True,443.5419423809279,27,285.3828448062563,-45.383765355387986,-45.3837653551642,-47.782692612638314,-56.792692784209166,9.010000171570852,-60.42351914875301,3.559282528180046,1,0.75,0.0,0.0,270.0
20260724_230314__rp0p75__vinf25__inc0__toff56210__Om0__om90,0.9824251197218048,0.5523050289709445,19.518429339882804,204.20488909655143,355.6697896257111,43.721470125879,316.871470125879,90.0,False,1126.7150414219404,21,422.8823670742644,43.721470118306776,43.72147013345123,23.802244108159915,9.530426019187386,14.271818088972529,28.68171633240209,5.044616304420654,1,0.75,0.0,0.0,90.0
20260724_230314__rp0p75__vinf25__inc0__toff56210__Om180__om0,0.7786134503967123,0.201096693233791,24.802706754127897,244.7400497107417,250.9462111974497,93.09461869925033,366.2446186992503,90.0,False,646.8606059752134,31,572.9519940448904,93.0946186978416,93.09461870065908,63.37229283728916,53.12236350815684,10.249929329132321,78.05486490577341,4.123487603078175,1,0.75,0.0,180.0,0.0
20260724_230314__rp0p75__vinf25__inc0__toff56210__Om180__om180,1.3306673207318829,0.1778661283529621,22.413692445708907,109.80413595539903,560.6631689744355,-61.767884480840294,211.3821155191597,,True,393.03785739173907,15,195.27197282284519,-61.76788448161641,-61.767884480064204,-61.30753782000482,-70.93140157024524,9.623863750240425,-76.80763827431721,4.978885218733627,1,0.75,0.0,180.0,180.0
20260724_230314__rp0p75__vinf25__inc0__toff56210__Om180__om270,0.9822161435723792,0.5522032292421791,19.518319412347925,204.1836490516473,355.55631143451654,43.77007263660488,316.92007263660486,90.0,False,1127.013491123752,21,423.0281111461459,43.770072628982206,43.77007264422756,23.843334070837372,9.568753887090606,14.274580183746766,28.730318843127968,5.044988464381244,1,0.75,0.0,180.0,270.0
20260724_230314__rp0p75__vinf25__inc0__toff56210__Om180__om90,1.0938608646778722,0.0844418380991346,23.1298533207519,19.744185251150007,417.86973480797,-45.3837653552761,227.76623464472388,,True,443.5419423809279,27,285.3828448062563,-45.383765355387986,-45.3837653551642,-47.782692612638314,-56.792692784209166,9.010000171570852,-60.42351914875301,3.559282528180046,1,0.75,0.0,180.0,90.0
20260724_230314__rp0p75__vinf25__inc0__toff56210__Om270__om0,1.0938608646778722,0.0844418380991346,23.1298533207519,19.744185251150007,417.86973480797,-45.3837653552761,227.76623464472388,,True,443.5419423809279,27,285.3828448062563,-45.383765355387986,-45.3837653551642,-47.782692612638314,-56.792692784209166,9.010000171570852,-60.42351914875301,3.559282528180046,1,0.75,0.0,270.0,0.0
20260724_230314__rp0p75__vinf25__inc0__toff56210__Om270__om180,0.9822161435723792,0.5522032292421791,19.518319412347925,204.1836490516473,355.55631143451654,43.77007263660488,316.92007263660486,90.0,False,1127.013491123752,21,423.0281111461459,43.770072628982206,43.77007264422756,23.843334070837372,9.568753887090606,14.274580183746766,28.730318843127968,5.044988464381244,1,0.75,0.0,270.0,180.0
20260724_230314__rp0p75__vinf25__inc0__toff56210__Om270__om270,0.7783905866927128,0.2009690919260403,24.80359526073938,244.73543616499057,250.83847583805655,93.19842956123036,366.3484295612303,90.0,False,647.320234481941,31,573.2648037849164,93.19842955980883,93.1984295626518,63.45967072855169,53.20461098157842,10.255059746973274,78.15867576775344,4.1238702998609575,1,0.75,0.0,270.0,270.0
20260724_230314__rp0p75__vinf25__inc0__toff56210__Om270__om90,1.3306673207318829,0.1778661283529621,22.413692445708907,109.80413595539903,560.6631689744355,-61.767884480840294,211.3821155191597,,True,393.03785739173907,15,195.27197282284519,-61.76788448161641,-61.767884480064204,-61.30753782000482,-70.93140157024524,9.623863750240425,-76.80763827431721,4.978885218733627,1,0.75,0.0,270.0,90.0
20260724_230314__rp0p75__vinf25__inc0__toff56210__Om90__om0,0.9824251197218048,0.5523050289709445,19.518429339882804,204.20488909655143,355.6697896257111,43.721470125879,316.871470125879,90.0,False,1126.7150414219404,21,422.8823670742644,43.721470118306776,43.72147013345123,23.802244108159915,9.530426019187386,14.271818088972529,28.68171633240209,5.044616304420654,1,0.75,0.0,90.0,0.0
20260724_230314__rp0p75__vinf25__inc0__toff56210__Om90__om180,1.0938608646778722,0.0844418380991346,23.1298533207519,19.744185251150007,417.86973480797,-45.3837653552761,227.76623464472388,,True,443.5419423809279,27,285.3828448062563,-45.383765355387986,-45.3837653551642,-47.782692612638314,-56.792692784209166,9.010000171570852,-60.42351914875301,3.559282528180046,1,0.75,0.0,90.0,180.0
20260724_230314__rp0p75__vinf25__inc0__toff56210__Om90__om270,1.3306673207318829,0.1778661283529621,22.413692445708907,109.80413595539903,560.6631689744355,-61.767884480840294,211.3821155191597,,True,393.03785739173907,15,195.27197282284519,-61.76788448161641,-61.767884480064204,-61.30753782000482,-70.93140157024524,9.623863750240425,-76.80763827431721,4.978885218733627,1,0.75,0.0,90.0,270.0
20260724_230314__rp0p75__vinf25__inc0__toff56210__Om90__om90,0.7786134503967123,0.201096693233791,24.802706754127897,244.7400497107417,250.9462111974497,93.09461869925033,366.2446186992503,90.0,False,646.8606059752134,31,572.9519940448904,93.0946186978416,93.09461870065908,63.37229283728916,53.12236350815684,10.249929329132321,78.05486490577341,4.123487603078175,1,0.75,0.0,90.0,90.0
20260724_230314__rp0p75__vinf25__inc30__toff56210__Om0__om0,1.3372717081025387,0.1788493711683506,23.688270816193768,109.8041820823577,564.8423812324929,-62.111360247190866,211.0386397528091,,True,406.629526750963,15,193.3829797218032,-62.11136024783816,-62.11136024654354,-61.22106446136618,-71.26786959977257,10.046805138406384,-77.15111404066778,5.30170009204964,1,0.75,30.0,0.0,0.0
20260724_230314__rp0p75__vinf25__inc30__toff56210__Om0__om180,0.771557359211996,0.2046340674568998,22.8339172013769,237.77344376788767,247.54269643645165,97.0033762021663,370.15337620216627,90.0,False,650.8516950719502,31,583.916348556879,97.00337619987482,97.00337620445777,65.31791707457212,55.76605860689863,9.55185846767349,81.96362240868937,4.116132892524119,1,0.75,30.0,0.0,180.0
20260724_230314__rp0p75__vinf25__inc30__toff56210__Om0__om270,1.0990311952061491,0.0932035072727597,23.51460422955362,11.533742516182386,420.83593791869583,-45.83047962899938,227.3195203710006,,True,439.8634154948682,26,282.9258767472489,-45.830479628900875,-45.83047962909788,-48.13403336957497,-57.170595521448355,9.036562151873383,-60.87023342247629,3.690100710898268,1,0.75,30.0,0.0,270.0
20260724_230314__rp0p75__vinf25__inc30__toff56210__Om0__om90,1.1220426913182384,0.6760592783496318,26.62214076537544,184.25048034267505,434.1220670089755,23.869404736147015,297.019404736147,90.0,False,2340.6115922954555,17,366.77684593039106,24.03536055290563,23.703448919388393,16.811810063682746,-9.282381423601796,26.09419148728454,8.829650942670101,5.576561709118847,2,0.75,30.0,0.0,90.0
20260724_230314__rp0p75__vinf25__inc30__toff56210__Om180__om0,0.8047860759646033,0.1952544385243688,25.89919739905129,252.63819265877424,263.7050648105074,80.55657428820086,353.70657428820084,90.0,False,602.9574665309854,29,535.6458551504865,80.55657428695521,80.55657428944654,53.61206159874869,43.12942695695644,10.482634641792245,65.51682049472394,3.9875175683440287,1,0.75,30.0,180.0,0.0
20260724_230314__rp0p75__vinf25__inc30__toff56210__Om180__om180,1.3180813701910312,0.183663060653745,21.353555225365398,104.38257286801036,552.7275639939947,-61.047194486552726,212.10280551344727,,True,394.74961324625264,16,199.23467179771038,-61.04719448680958,-61.047194486295886,-60.92040014046341,-70.3960979376465,9.475697797183095,-76.08694828002965,3.48334693344189,0,0.75,30.0,180.0,180.0
20260724_230314__rp0p75__vinf25__inc30__toff56210__Om180__om270,0.9274557338009076,0.3483997911596821,22.92134779267342,189.70640731036747,326.2402761942287,43.12334697904961,316.27334697904956,90.0,False,836.9431391578846,22,421.9993744366672,43.12334696163847,43.12334699646073,24.824861690304655,10.769330097108913,14.055531593195742,28.083593185572695,3.9741359504519416,1,0.75,30.0,180.0,270.0
20260724_230314__rp0p75__vinf25__inc30__toff56210__Om180__om90,1.0776980019877789,0.0461290502789274,22.958302744469208,34.99963151540123,408.6423817931735,-43.94986051510118,229.20013948489878,,True,443.3638168515826,39,293.2692551062106,-43.94986051507659,-43.949860515125756,-46.55974274773593,-55.36600014665344,8.80625739891751,-58.98961430857809,2.833299408846335,1,0.75,30.0,180.0,90.0
20260724_230314__rp0p75__vinf25__inc30__toff56210__Om270__om0,1.0873069472386845,0.079124409293265,25.110304309352586,15.41880766498855,414.1198373288231,-44.7794283359228,228.37057166407718,,True,470.49073948728903,29,288.70716970760213,-44.779428335827255,-44.779428336018334,-46.61702924726219,-56.21147158799046,9.594442340728271,-59.819182129399714,3.27595052566362,0,0.75,30.0,270.0,0.0
20260724_230314__rp0p75__vinf25__inc30__toff56210__Om270__om180,0.9614571146927102,0.6095107718155841,38.19284230214236,179.66887471174198,344.34411622975034,55.26996422704242,328.4199642270424,90.0,False,3108.671056664893,22,464.28732320318574,55.26996421322193,55.26996424086296,54.78287518065007,20.53064620602697,34.25222897462311,40.23021043356551,5.294128195702017,2,0.75,30.0,270.0,180.0
20260724_230314__rp0p75__vinf25__inc30__toff56210__Om270__om270,0.8116537019775716,0.1506647499243958,26.27091091447921,250.7571669655568,267.08773866374514,76.12684472914309,349.2768447291431,90.0,False,640.1346298187952,28,522.4474421573963,76.12684472703947,76.12684473124673,50.76997288026522,39.02766428762435,11.742308592640875,61.087090935666176,3.494665646809767,1,0.75,30.0,270.0,270.0
20260724_230314__rp0p75__vinf25__inc30__toff56210__Om270__om90,1.2763325741748524,0.1533894960740315,22.79930076264869,127.48299238730854,526.6760506949133,-58.84122377181394,214.30877622818605,,True,396.2545979140035,17,211.36866529751762,-58.84122377200126,-58.8412237716266,-58.850838218963275,-68.1253451333598,9.274506914396525,-73.88097756529085,3.301226487189502,0,0.75,30.0,270.0,90.0
20260724_230314__rp0p75__vinf25__inc30__toff56210__Om90__om0,1.630955317999858,0.5436246885919702,18.0769085235662,153.5804250712235,760.7831499070796,-69.56282391701028,203.58717608298969,,True,605.2745500014393,12,152.3989863371167,-69.56282391707533,-69.56282391694523,-66.78501443236668,-78.50709335144349,11.722078919076807,-84.6025777104872,5.006500681177262,1,0.75,30.0,90.0,0.0
20260724_230314__rp0p75__vinf25__inc30__toff56210__Om90__om180,1.0929124194203987,0.0896620849430713,20.95495475106924,19.10151778712668,417.32637414118375,-45.26945656774278,227.88054343225718,,True,416.35843195764215,28,286.0093138515853,-45.26945656776893,-45.26945656771664,-48.404419489203605,-56.697126957140334,8.29270746793673,-60.30921036121969,3.3674484869123207,0,0.75,30.0,90.0,180.0
20260724_230314__rp0p75__vinf25__inc30__toff56210__Om90__om270,1.274998534515604,0.1446315103443018,22.25470644330643,96.5200580753575,525.8505333556703,-58.81203071703212,214.33796928296786,,True,398.06864250239147,17,211.52869508387766,-58.8120307171713,-58.812030716892956,-58.98359271855199,-68.41894217394857,9.435349455396576,-73.85178451050903,3.4315659808229717,0,0.75,30.0,90.0,270.0
20260724_230314__rp0p75__vinf25__inc30__toff56210__Om90__om90,0.774215818353961,0.2088061178048935,22.89548714064521,245.2123330728872,248.82318844263224,95.83738707151511,368.98738707151506,90.0,False,614.4357637761694,31,580.4359034200601,95.83738706996465,95.83738707306557,64.01950276015918,54.937419232276234,9.08208352788295,80.79763327803819,4.33488013871518,1,0.75,30.0,90.0,90.0
20260724_230314__rp0p75__vinf25__inc60__toff56210__Om0__om0,1.3253889353438917,0.178844933485625,24.90024833925093,104.89339660954847,557.3304882416079,-61.478160260687936,211.67183973931205,,True,433.24088758797706,16,196.86591217034174,-61.47816026090863,-61.47816026046725,-60.25971009254096,-70.84603761969161,10.586327527150651,-76.51791405416485,3.6699876197128543,0,0.75,60.0,0.0,0.0
20260724_230314__rp0p75__vinf25__inc60__toff56210__Om0__om180,0.788593923896714,0.2007541650674038,21.297407999466277,240.36833635954048,255.78668302519185,88.73537274636811,361.8853727463681,90.0,False,586.0996552820669,30,558.5011080684872,88.73537274446564,88.73537274827058,57.29966500169921,48.76565919562573,8.53400580607348,73.6956189528912,4.091602014826487,1,0.75,60.0,0.0,180.0
20260724_230314__rp0p75__vinf25__inc60__toff56210__Om0__om270,1.0885976367230998,0.0706616921366979,24.1528961449736,10.83103332257482,414.85742855243456,-44.93703182803197,228.21296817196801,,True,446.20206865305505,28,287.83944448495686,-44.93703182769039,-44.93703182837354,-47.16029313824626,-56.26595811966627,9.105664981420013,-59.97678562150888,3.2697969691968813,1,0.75,60.0,0.0,270.0
20260724_230314__rp0p75__vinf25__inc60__toff56210__Om0__om90,0.935116473482106,0.4546363531109497,25.967927690630678,191.4949616216065,330.2907050603701,47.754586338936264,320.90458633893627,90.0,False,1170.9048685768823,22,436.8641501677166,47.754586321628025,47.754586356244516,32.07316980372784,14.488835958386247,17.584333845341597,32.71483254545935,4.679676894670951,1,0.75,60.0,0.0,90.0
20260724_230314__rp0p75__vinf25__inc60__toff56210__Om180__om0,0.8609483243880531,0.1884377426611186,25.845945082509143,257.6243087358702,291.78530637333967,57.90792342829852,331.0579234282985,90.0,False,520.5072366912138,26,467.4065832841728,57.9079234275271,57.90792342906994,34.74620217625357,24.601039683440213,10.145162492813355,42.868169634821605,3.566428700237881,1,0.75,60.0,180.0,0.0
20260724_230314__rp0p75__vinf25__inc60__toff56210__Om180__om180,1.2761472029952952,0.1902079868454785,20.79901390612769,99.7628620217511,526.5613152986499,-58.57826772468125,214.57173227531874,,True,421.7093216852083,17,212.81312709149458,-58.578267724841915,-58.578267724520586,-58.82343779932512,-68.42827583443956,9.60483803511444,-73.61802151815816,3.2906131783835164,0,0.75,60.0,180.0,180.0
20260724_230314__rp0p75__vinf25__inc60__toff56210__Om180__om270,0.9406673622334172,0.1942993287017615,25.074697206755225,187.94827529439152,333.2359933531283,32.94534869947633,306.0953486994763,90.0,False,653.5543832727911,21,391.99680326841354,32.945348673690205,32.94534872526246,16.66126264767329,3.0923738258489073,13.568888821824382,17.905594905999415,2.6021376068791677,0,0.75,60.0,180.0,270.0
20260724_230314__rp0p75__vinf25__inc60__toff56210__Om180__om90,1.0541501676331893,0.0295999779961607,22.877503687667478,166.67630683105483,395.3224821922779,-0.9225522878854046,272.22744771211455,46.23825730732021,False,443.0254784737799,29,306.32575204670377,-0.9442245123092184,-0.9008800634615903,-19.973340256193055,-28.245574488856015,8.27223423266296,-15.962306081362318,1.5547960651704646,0,0.75,60.0,180.0,90.0
20260724_230314__rp0p75__vinf25__inc60__toff56210__Om270__om0,1.0761511354526112,0.079352608894193,26.05954079055898,8.815055242248592,407.76288446060113,-43.68463780096615,229.46536219903382,,True,487.66511825937954,38,294.7292650853064,-43.68463780081413,-43.68463780111817,-45.37364942417727,-55.218872798847315,9.845223374670041,-58.72439159444306,2.9978696244088154,0,0.75,60.0,270.0,0.0
20260724_230314__rp0p75__vinf25__inc60__toff56210__Om270__om180,1.2228312959007497,0.3898353008889118,29.12614215200778,136.11630664671424,493.90975975544,-52.34613020964427,220.8038697903557,,True,952.98105023873,18,247.09265479667587,-52.34613021022732,-52.34613020906123,-48.18088042177038,-63.853584740652096,15.672704318881713,-67.38588400312119,4.424985102132988,2,0.75,60.0,270.0,180.0
20260724_230314__rp0p75__vinf25__inc60__toff56210__Om270__om270,0.892295593618924,0.0647228038070822,28.111620289703808,263.2144457715815,307.865421390594,44.660441441945636,317.8104414419456,90.0,False,640.169225512382,24,428.2448871253695,44.660441441836724,44.660441442054555,26.762650599629453,12.664711411213274,14.097939188416179,29.620687648468724,2.4721628824534188,0,0.75,60.0,270.0,270.0
20260724_230314__rp0p75__vinf25__inc60__toff56210__Om270__om90,1.1239484311889956,0.0777598563148817,22.906434594166708,174.7968467177801,435.2285421886925,-48.151485813970865,224.99851418602913,,True,399.2131537102928,22,270.1608102205671,-48.151485814381864,-48.151485813559866,-50.23280633493496,-58.359457351222055,8.126651016287092,-63.19123960744778,2.475194619872838,0,0.75,60.0,270.0,90.0
20260724_230314__rp0p75__vinf25__inc60__toff56210__Om90__om0,1.7544597910811224,0.5631907184323036,22.070559882717497,146.3416434880895,848.8147534609255,-72.95026349463346,200.1997365053665,,True,671.5123838444268,11,133.77020177427212,-72.95026349467139,-72.95026349459552,-68.0724433135791,-81.69933166604359,13.62688835246449,-87.99001728811038,5.066973882477663,1,0.75,60.0,90.0,0.0
20260724_230314__rp0p75__vinf25__inc60__toff56210__Om90__om180,1.0772089092548085,0.0949982009908751,19.61777257401929,13.886006717438317,408.3642315027663,-43.71568910350161,229.43431089649837,,True,407.3510347765691,62,294.5552965757554,-43.715689103394794,-43.715689103608426,-47.52874332433434,-55.35684915841545,7.828105834081107,-58.75544289697852,3.1527466808195257,0,0.75,60.0,90.0,180.0
20260724_230314__rp0p75__vinf25__inc60__toff56210__Om90__om270,1.1641089444310777,0.0704111009721405,22.385680705378228,80.22043235671393,458.762836810719,-51.50727912419701,221.64272087580298,,True,405.8876921410071,20,251.7039986630647,-51.507279124368374,-51.50727912402568,-53.08215695262159,-61.909064600578375,8.826907647956787,-66.54703291767393,2.430298219448705,0,0.75,60.0,90.0,270.0
20260724_230314__rp0p75__vinf25__inc60__toff56210__Om90__om90,0.817391269067261,0.1529862624360183,21.683888275651046,233.98531315488933,269.924796181588,74.31278973276305,347.46278973276304,90.0,False,583.7012415360335,28,515.3245722039677,74.31278972982966,74.31278973569643,46.38776352423918,36.632742678835065,9.755020845404118,59.27303593928614,3.9514521760377943,1,0.75,60.0,90.0,90.0
20260724_230314__rp0p75__vinf25__inc90__toff56210__Om0__om0,1.3002020085715646,0.1846575325480611,25.733788399739552,101.0770883584244,541.5194241641339,-60.03739880178735,213.11260119821264,,True,471.2087333381014,16,204.790604002432,-60.03739880227409,-60.037398801300625,-58.62279376089124,-69.75363169105677,11.130837930165526,-75.07715259526427,3.3701103910535952,0,0.75,90.0,0.0,0.0
20260724_230314__rp0p75__vinf25__inc90__toff56210__Om0__om180,0.8297040422639136,0.1921897284850459,20.62295710566472,249.4605407528614,276.04672514043654,70.53667133370799,343.686671333708,90.0,False,492.4598088236902,27,503.6447933166318,70.53667133171457,70.5366713357014,41.73447449935213,33.99352628842614,7.740948210925993,55.496917540231074,3.8350013097224185,1,0.75,90.0,0.0,180.0
20260724_230314__rp0p75__vinf25__inc90__toff56210__Om0__om270,1.0663676945780851,0.0238936334432097,24.872143156066706,41.10035881722823,402.2149972560069,-7.235072799888466,265.9149272001115,37.66988696432963,False,469.5567716053498,35,299.30100864656106,-7.321320563247292,-7.148825036529639,-25.157793994106434,-34.03669309953486,8.878899105428424,-22.27482659336538,2.318123665486036,0,0.75,90.0,0.0,270.0
20260724_230314__rp0p75__vinf25__inc90__toff56210__Om0__om90,0.9327671285499276,0.2741013361920615,23.280897193636957,202.4291432270929,329.04677571727683,37.980943740710785,311.1309437407108,90.0,False,639.8487296459109,22,406.6414864135733,37.980943728180065,37.980943753241505,19.354986560010698,7.734250480261697,11.620736079749001,22.941189947233873,3.320706003768872,0,0.75,90.0,0.0,90.0
20260724_230314__rp0p75__vinf25__inc90__toff56210__Om180__om0,0.9216618214411636,0.1539768727359026,24.12577097907735,249.178569838928,323.1879702921096,37.483424118840965,310.63342411884094,90.0,False,463.3962450552767,22,405.382753351753,37.48342411423217,37.48342412344976,17.367501274948225,7.51759503369106,9.849906241257166,22.443670325364053,3.065286944447227,0,0.75,90.0,180.0,0.0
20260724_230314__rp0p75__vinf25__inc90__toff56210__Om180__om180,1.2199189828510362,0.2067092803214628,21.69796713149158,96.45847663498166,492.1463565826506,-54.78456890550425,218.36543109449573,,True,496.2401055034246,18,233.6784385705547,-54.784568905744464,-54.784568905264,-55.0018318092843,-65.4708652797686,10.469033470484305,-69.82432269898116,3.266818721906045,0,0.75,90.0,180.0,180.0
20260724_230314__rp0p75__vinf25__inc90__toff56210__Om180__om270,0.9583327316630206,0.0968155312090325,25.251921985164596,204.9295029050636,342.66699244115125,26.318700361502618,299.4687003615026,90.0,False,544.8716476761593,20,372.2292218348232,26.333072031870675,26.304328691134575,10.29902207048227,-2.311662841924297,12.610684912406567,11.278946568025704,2.369243187176715,0,0.75,90.0,180.0,270.0
20260724_230314__rp0p75__vinf25__inc90__toff56210__Om180__om90,1.0302726135867415,0.1157619899194434,22.6411182120008,195.62839071444296,381.9671584756879,7.654987814901529,280.8049878149015,58.82116446134409,False,451.5392200022216,22,322.7181947259261,7.681518475460176,7.6284571543428825,-10.465536832517056,-19.591445973924674,9.125909141407618,-7.384765978575385,2.036955569517468,0,0.75,90.0,180.0,90.0
20260724_230314__rp0p75__vinf25__inc90__toff56210__Om270__om0,1.0619663692426728,0.08352893099522,25.477611067480225,2.7069818254468943,399.72741560941273,-4.160805123868442,268.98919487613153,42.670233871257594,False,484.8610075343644,29,302.75893646485065,-4.16128647649595,-4.1603237712409324,-22.17428487337442,-31.56722051065574,9.392935637281322,-19.200558917345354,2.799025937889017,0,0.75,90.0,270.0,0.0
20260724_230314__rp0p75__vinf25__inc90__toff56210__Om270__om180,1.076715874050855,0.2817293537905672,22.56019207507268,149.8789105757326,408.0839030064925,-2.2588324976333634,270.8911675023666,42.670233871257594,False,687.9604565049235,31,305.88182847452475,-2.6705277294671723,-1.847137265799554,-20.471722611785104,-30.77636744259466,10.304644830809554,-17.298586291110276,4.0856050987797214,1,0.75,90.0,270.0,180.0
20260724_230314__rp0p75__vinf25__inc90__toff56210__Om270__om270,0.9883892948653146,0.0473696498971811,28.12892483847592,41.53813340561842,358.91353786394313,17.82734712369891,290.9773471236989,81.4509211694784,False,633.0903085525609,17,348.6822731532923,17.787906656744198,17.86678759065363,4.493302026235791,-10.982511768790669,15.475813795026461,2.7875933302219966,1.5608510230089394,0,0.75,90.0,270.0,270.0
20260724_230314__rp0p75__vinf25__inc90__toff56210__Om270__om90,0.9595677389416206,0.1227453152802587,21.7920438593745,262.1832614455116,343.3296003176511,26.636560412958247,299.78656041295824,90.0,False,403.90820161576323,20,372.3431626087732,26.66115148057622,26.611969345340277,7.169781811596334,-1.8910585851236832,9.060840396720018,11.596806619481333,3.138252214970519,1,0.75,90.0,270.0,90.0
20260724_230314__rp0p75__vinf25__inc90__toff56210__Om90__om0,0.9932608948873132,0.3812144729286723,24.29553231629652,204.3534647038704,361.5703390874136,26.639663663867854,299.7896636638678,90.0,False,706.8797434197503,20,373.05324763265395,26.705558099190867,26.57376922854485,11.258562550744905,-1.1175959289059567,12.376158479650861,11.59990987039094,4.349387647054846,1,0.75,90.0,90.0,0.0
20260724_230314__rp0p75__vinf25__inc90__toff56210__Om90__om180,1.0502327765663575,0.0969075010230846,20.002520701777765,9.684618441986515,393.1209081089538,1.7416780593149184,274.89167805931487,50.05549481018513,False,429.7213686232475,25,309.93874999912157,1.7151334455815612,1.7682226730482764,-18.216111344865816,-26.64866513422433,8.432553789358515,-13.298075734161996,2.975658358529672,0,0.75,90.0,90.0,180.0
20260724_230314__rp0p75__vinf25__inc90__toff56210__Om90__om270,1.059682711479311,0.0257668622173169,22.908150502299787,312.8765714413145,398.4387452870275,-3.1632064249101277,269.98679357508985,42.670233871257594,False,416.06224902358304,33,303.1032929768829,-3.066434399415504,-3.2599784504047498,-22.24689410934017,-30.175294122578062,7.928400013237891,-18.20296021838704,1.6293998738744713,0,0.75,90.0,90.0,270.0
20260724_230314__rp0p75__vinf25__inc90__toff56210__Om90__om90,0.9373049803506748,0.1138307384241549,21.885567014000475,170.4018408870125,331.4508807075403,32.50824699635718,305.65824699635715,90.0,False,584.949862810739,21,389.8237942630014,32.50824697111966,32.50824702159469,14.214170105369568,1.707105480281814,12.507064625087754,17.468493202880268,2.87249153942014,0,0.75,90.0,90.0,90.0
20260724_230314__rp0p75__vinf25__incm30__toff56210__Om0__om0,1.3181074503237291,0.183677776519539,21.35358647659355,104.38176216070092,552.7439688380131,-61.048526688953984,212.101473311046,,True,394.7488157502518,16,199.22734502813987,-61.04852668921051,-61.04852668869745,-60.92145717925468,-70.39730330635423,9.475846127099551,-76.0882804824309,3.483405560582189,0,0.75,-30.0,0.0,0.0
20260724_230314__rp0p75__vinf25__incm30__toff56210__Om0__om180,0.8047845494520337,0.1952504933753178,25.899105706972712,252.6370197582155,263.70431451999434,80.55711852883813,353.7071185288381,90.0,False,602.9640048226556,29,535.6474582118221,80.55711852759153,80.55711853008476,53.612527703696216,43.129806356455084,10.482721347241132,65.51736473536121,3.987513597950672,1,0.75,-30.0,0.0,180.0
20260724_230314__rp0p75__vinf25__incm30__toff56210__Om0__om270,1.0776980022311788,0.0461290504244221,22.958302747133896,34.999631303302735,408.6423819316124,-43.94986053882614,229.20013946117385,,True,443.36381666953696,39,293.2692549757124,-43.94986053880156,-43.9498605388507,-46.559742768666624,-55.36600016741771,8.806257398751086,-58.98961433230305,2.833299409973957,1,0.75,-30.0,0.0,270.0
20260724_230314__rp0p75__vinf25__incm30__toff56210__Om0__om90,0.9274557519894124,0.3483997576942297,22.921347762283357,189.7064059678175,326.24028579116583,43.12333961226888,316.27333961226884,90.0,False,836.9430475531057,22,421.9993522848735,43.12333959485739,43.123339629680366,24.824855341659887,10.769324299471013,14.055531042188875,28.083585818791967,3.974135805942502,1,0.75,-30.0,0.0,90.0
20260724_230314__rp0p75__vinf25__incm30__toff56210__Om180__om0,0.7715573076638979,0.2046339986482707,22.83390966878086,237.7733287982216,247.54267162879185,97.00340029393035,370.1534002939303,90.0,False,650.852173722126,31,583.9164179990947,97.00340029163883,97.00340029622184,65.31793679806128,55.76607404351227,9.551862754549013,81.96364650045344,4.11613327391697,1,0.75,-30.0,180.0,0.0
20260724_230314__rp0p75__vinf25__incm30__toff56210__Om180__om180,1.3372717077294167,0.1788493714114521,23.68827081837099,109.8041821650559,564.8423809960916,-62.11136022599088,211.03863977400908,,True,406.62952719760244,15,193.3829798384035,-62.11136022663823,-62.11136022534351,-61.22106443956113,-71.26786958253045,10.046805142969319,-77.1511140194678,5.301700091646511,1,0.75,-30.0,180.0,180.0
20260724_230314__rp0p75__vinf25__incm30__toff56210__Om180__om270,1.122120997817272,0.6760714421342958,26.622267491764337,184.2535766610501,434.1675133711204,23.85427406943632,297.0042740694363,90.0,False,2340.3738052322815,17,366.7312117504383,24.020240765144454,23.688307373728186,16.799020507371,-9.294360944443225,26.093381451814224,8.814520275959405,5.576642443155253,2,0.75,-30.0,180.0,270.0
20260724_230314__rp0p75__vinf25__incm30__toff56210__Om180__om90,1.0990312013343786,0.0932035023807827,23.51460428561461,11.533728369568792,420.8359414385856,-45.83048022623117,227.3195197737688,,True,439.86339103800225,26,282.925873461913,-45.83048022613267,-45.830480226329676,-48.13403407836105,-57.17059586589453,9.036561787533486,-60.87023401970808,3.690101114722437,1,0.75,-30.0,180.0,90.0
20260724_230314__rp0p75__vinf25__incm30__toff56210__Om270__om0,1.092912420016917,0.0896620853137575,20.95495474759707,19.101517569330788,417.3263744828525,-45.2694566227661,227.8805433772339,,True,416.35843143039233,28,286.0093135489571,-45.2694566227922,-45.26945662274001,-48.40441954052081,-56.697127004468655,8.292707463947842,-60.30921041624301,3.3674484894968275,0,0.75,-30.0,270.0,0.0
20260724_230314__rp0p75__vinf25__incm30__toff56210__Om270__om180,1.6309553438544706,0.5436246891448092,18.07690869947493,153.5804232873592,760.7831679974774,-69.56282478377287,203.5871752162271,,True,605.2745423792522,12,152.39898157034222,-69.56282478383767,-69.56282478370807,-66.78501509232572,-78.507094110908,11.722079018582278,-84.60257857724979,5.006500680166499,1,0.75,-30.0,270.0,180.0
20260724_230314__rp0p75__vinf25__incm30__toff56210__Om270__om270,0.7742158187447297,0.2088061182192409,22.89548713588156,245.21233313340812,248.8231886310144,95.83738689466828,368.98738689466825,90.0,False,614.4357627001755,31,580.4359028866429,95.8373868931184,95.83738689621813,64.0195026057809,54.93741909496883,9.082083510812069,80.79763310119137,4.3348801385687725,1,0.75,-30.0,270.0,270.0
20260724_230314__rp0p75__vinf25__incm30__toff56210__Om270__om90,1.2749985356619686,0.1446315104795978,22.254706451153044,96.5200577304756,525.8505340648669,-58.81203078542747,214.33796921457252,,True,398.0686420679204,17,211.52869470772993,-58.812030785566186,-58.81203078528877,-58.9835927773385,-68.41894223535652,9.435349458018024,-73.85178457890439,3.4315659839707777,0,0.75,-30.0,270.0,90.0
20260724_230314__rp0p75__vinf25__incm30__toff56210__Om90__om0,0.9633720872837448,0.6096229898447125,38.19089849429917,179.70877251608755,345.3733942420903,54.68093834256635,327.83093834256636,90.0,False,3096.283516367543,22,462.4936945111758,54.68093832956021,54.6809383555725,54.253042967757146,20.042493335056882,34.210549632700264,39.64118454908944,5.291146131161692,2,0.75,-30.0,90.0,0.0
20260724_230314__rp0p75__vinf25__incm30__toff56210__Om90__om180,1.087306947730291,0.0791244095152951,25.11030431093105,15.418807407957424,414.1198376096786,-44.77942838246132,228.37057161753864,,True,470.4907389064276,29,288.7071694516385,-44.77942838236575,-44.77942838255689,-46.61702929109387,-56.21147162699851,9.594442335904638,-59.81918217593823,3.275950527801723,0,0.75,-30.0,90.0,180.0
20260724_230314__rp0p75__vinf25__incm30__toff56210__Om90__om270,1.276332574732308,0.1533894960793919,22.799300764116825,127.48299222869376,526.6760510399628,-58.84122380535095,214.30877619464903,,True,396.25459773023664,17,211.36866511305934,-58.841223805538455,-58.841223805163466,-58.85083824729796,-68.12534516377394,9.274506916475985,-73.88097759882787,3.301226488788216,0,0.75,-30.0,90.0,270.0
20260724_230314__rp0p75__vinf25__incm30__toff56210__Om90__om90,0.8247130962783326,0.1523687121163187,26.020790563275025,245.31080628450377,273.55970520297234,70.75445491015935,343.9044549101593,90.0,False,624.7020276075204,28,506.16619046542655,70.75445490844069,70.75445491187801,46.27995335579565,34.674242855075946,11.605710500719702,55.71470111668244,3.4780955525505077,1,0.75,-30.0,90.0,90.0
20260724_230314__rp0p75__vinf25__incm60__toff56210__Om0__om0,1.276147203056306,0.1902079867130551,20.79901390380335,99.7628620453167,526.561315336411,-58.57826772939078,214.5717322706092,,True,421.7093214683654,17,212.81312706558444,-58.578267729551335,-58.578267729230234,-58.82343780537963,-68.42827583708036,9.60483803170073,-73.61802152286769,3.290613178700767,0,0.75,-60.0,0.0,0.0
20260724_230314__rp0p75__vinf25__incm60__toff56210__Om0__om180,0.860948324351097,0.188437742627085,25.84594508263111,257.62430873475944,291.7853063545524,57.90792344057174,331.0579234405717,90.0,False,520.5072367651957,26,467.4065833211916,57.9079234398002,57.907923441343286,34.74620218692717,24.601039692978787,10.145162493948384,42.86816964709483,3.566428700273023,1,0.75,-60.0,0.0,180.0
20260724_230314__rp0p75__vinf25__incm60__toff56210__Om0__om270,1.054150168208597,0.0295999783140258,22.877503680776307,166.67630769340042,395.3224825159579,-0.9225524011571647,272.2274475988428,46.23825730732021,False,443.02547762340504,29,306.3257517151727,-0.9442246251274525,-0.9008801771868775,-19.97334035631453,-28.24557456931778,8.272234213003252,-15.962306194634078,1.554796068097265,0,0.75,-60.0,0.0,270.0
20260724_230314__rp0p75__vinf25__incm60__toff56210__Om0__om90,0.9406673630042436,0.1942993288013505,25.074697206184105,187.9482755122952,333.23599376273194,32.94534848873693,306.09534848873693,90.0,False,653.5543813969304,21,391.9968026338557,32.94534846295052,32.94534851452334,16.66126246365694,3.092373666209736,13.568888797447203,17.90559469526002,2.602137604430143,0,0.75,-60.0,0.0,90.0
20260724_230314__rp0p75__vinf25__incm60__toff56210__Om180__om0,0.7885939232809447,0.2007541644819849,21.297407989434028,240.36833631385963,255.7866827255974,88.73537301526827,361.8853730152682,90.0,False,586.0996562939044,30,558.5011088722979,88.7353730133667,88.73537301716982,57.29966521883034,48.76565940025762,8.534005818572723,73.69561922179135,4.091602015312592,1,0.75,-60.0,180.0,0.0
20260724_230314__rp0p75__vinf25__incm60__toff56210__Om180__om180,1.3253890474174097,0.1788449858694962,24.900248009685736,104.89337896596768,557.3305589325444,-61.478165967774366,211.6718340322256,,True,433.24087225794653,16,196.8658807820879,-61.47816596799522,-61.47816596755352,-60.25971491246796,-70.84604289927357,10.586327986805607,-76.51791976125128,3.669987872919107,0,0.75,-60.0,180.0,180.0
20260724_230314__rp0p75__vinf25__incm60__toff56210__Om180__om270,0.9354100634892948,0.4535323133459731,26.050897805851243,191.2919235100084,330.4462648179393,47.563131848122275,320.71313184812226,90.0,False,1170.977703014923,22,436.31432234809165,47.56313183093451,47.56313186531005,31.984070811144786,14.347499476413924,17.63657133473086,32.52337805464536,4.679131763973884,1,0.75,-60.0,180.0,270.0
20260724_230314__rp0p75__vinf25__incm60__toff56210__Om180__om90,1.088597636672033,0.0706616921046692,24.1528961447529,10.831033353391735,414.8574285232425,-44.93703182324015,228.21296817675983,,True,446.20206870938085,28,287.8394445113077,-44.93703182289854,-44.93703182358176,-47.16029313374734,-56.26595811562699,9.105664981879649,-59.97678561671706,3.269796968700854,1,0.75,-60.0,180.0,90.0
20260724_230314__rp0p75__vinf25__incm60__toff56210__Om270__om0,1.0772089092555093,0.0949982009858987,19.617772573826056,13.88600669358344,408.36423150316494,-43.715689103596965,229.43431089640302,,True,407.3510347435843,62,294.55529657523164,-43.715689103490064,-43.71568910370387,-47.52874332478662,-55.35684915825154,7.8281058334649245,-58.75544289707388,3.1527466807864624,0,0.75,-60.0,270.0,0.0
20260724_230314__rp0p75__vinf25__incm60__toff56210__Om270__om180,1.7544597020585568,0.563190699743264,22.07056015323993,146.34164623962752,848.8146888567097,-72.95026140131209,200.19973859868787,,True,671.5123897952709,11,133.77021328742313,-72.95026140134982,-72.95026140127436,-68.07244162358539,-81.69932975993505,13.626888136349663,-87.99001519478901,5.066973834538976,1,0.75,-60.0,270.0,180.0
20260724_230314__rp0p75__vinf25__incm60__toff56210__Om270__om270,0.8173912690065739,0.1529862618892374,21.683888270006253,233.9853133475364,269.92479615152723,74.31278974417641,347.4627897441764,90.0,False,583.7012411343381,28,515.3245722363481,74.31278974124204,74.31278974711077,46.38776352662385,36.63274268189976,9.755020844724093,59.2730359506995,3.951452174614636,1,0.75,-60.0,270.0,270.0
20260724_230314__rp0p75__vinf25__incm60__toff56210__Om270__om90,1.164108944602132,0.0704111010443465,22.38568070389884,80.22043255368715,458.762836911835,-51.50727913741103,221.64272086258893,,True,405.88769209231054,20,251.70399859037994,-51.50727913758227,-51.507279137239784,-53.08215696347968,-61.909064611622185,8.826907648142502,-66.54703293088795,2.430298220070376,0,0.75,-60.0,270.0,90.0
20260724_230314__rp0p75__vinf25__incm60__toff56210__Om90__om0,1.222831362127292,0.3898353235755761,29.126141671058804,136.11631332220566,493.9097998794573,-52.34613460732863,220.80386539267136,,True,952.9809681897412,18,247.09263060933182,-52.34613460791182,-52.3461346067454,-48.18088455783684,-63.85358837864284,15.672703820806,-67.38588840080554,4.424985181533355,2,0.75,-60.0,90.0,0.0
20260724_230314__rp0p75__vinf25__incm60__toff56210__Om90__om180,1.0761511358550244,0.0793526095202459,26.059540791119467,8.81505525144851,407.7628846893178,-43.68463783836416,229.46536216163582,,True,487.66511819382623,38,294.72926487962036,-43.68463783821218,-43.68463783851614,-45.373649456881886,-55.21887283485687,9.845223377974982,-58.72439163184107,2.9978696263818585,0,0.75,-60.0,90.0,180.0
20260724_230314__rp0p75__vinf25__incm60__toff56210__Om90__om270,1.123948431873705,0.0777598565159083,22.906434593103945,174.7968463237972,435.2285425864044,-48.15148587305247,224.9985141269475,,True,399.21315368066473,22,270.160809895652,-48.151485873463685,-48.15148587264126,-50.2328063828882,-58.359457404922516,8.126651022034316,-63.191239666529384,2.475194622669913,0,0.75,-60.0,90.0,270.0
20260724_230314__rp0p75__vinf25__incm60__toff56210__Om90__om90,0.892295593428557,0.0647228036153701,28.111620287778464,263.21444584075846,307.8654212920716,44.66044150095729,317.81044150095727,90.0,False,640.1692259577109,24,428.24488730276124,44.66044150084871,44.660441501065876,26.762650649641568,12.664711455841443,14.097939193800125,29.62068770748038,2.472162882559042,0,0.75,-60.0,90.0,90.0
20260724_230314__rp0p75__vinf25__incm90__toff56210__Om0__om0,1.2199189824268577,0.206709279814779,21.69796713935353,96.45847644342828,492.146356325964,-54.78456888061103,218.36543111938894,,True,496.24010538725673,18,233.6784387074925,-54.78456888085147,-54.784568880370614,-55.00183178948087,-65.47086525802968,10.469033468548808,-69.82432267408795,3.2668187197141005,0,0.75,-90.0,0.0,0.0
20260724_230314__rp0p75__vinf25__incm90__toff56210__Om0__om180,0.9216618214665436,0.1539768727691482,24.125770978485,249.17856985535303,323.18797030545915,37.4834241121821,310.63342411218207,90.0,False,463.3962449752085,22,405.38275333155235,37.48342410757307,37.48342411679114,17.367501268307226,7.5175950286061255,9.8499062397011,22.443670318705188,3.06528694446324,0,0.75,-90.0,0.0,180.0
20260724_230314__rp0p75__vinf25__incm90__toff56210__Om0__om270,1.030272613705133,0.1157619898694442,22.64111821155483,195.6283906514776,381.9671585415273,7.654987790858022,280.804987790858,58.82116446134409,False,451.53921999499744,22,322.7181946498639,7.68151845130376,7.628457130412283,-10.465536849563716,-19.59144599386438,9.125909144300664,-7.384766002618892,2.0369555692793315,0,0.75,-90.0,0.0,270.0
20260724_230314__rp0p75__vinf25__incm90__toff56210__Om0__om90,0.9583327317676644,0.0968155311073845,25.25192198264181,204.92950297269547,342.6669924972768,26.31870033341228,299.46870033341224,90.0,False,544.8716473919345,20,372.2292217498353,26.333072003799174,26.304328663025395,10.299022043748863,-2.31166286466916,12.610684908418023,11.278946539935367,2.3692431862120094,0,0.75,-90.0,0.0,90.0
20260724_230314__rp0p75__vinf25__incm90__toff56210__Om180__om0,0.8297040423845294,0.1921897285978035,20.62295710556804,249.46054074996368,276.0467252006308,70.53667128870524,343.6866712887052,90.0,False,492.4598086440451,27,503.6447931815329,70.5366712867124,70.53667129069805,41.73447446182166,33.99352625403597,7.740948207785692,55.496917495228324,3.835001309632047,1,0.75,-90.0,180.0,0.0
20260724_230314__rp0p75__vinf25__incm90__toff56210__Om180__om180,1.3002020092412676,0.184657532513854,25.733788398773147,101.07708820253556,541.5194245825194,-60.037398840389486,213.1126011596105,,True,471.20873285832306,16,204.79060379012728,-60.03739884087637,-60.03739883990257,-58.62279379709106,-69.75363172492574,11.130837927834676,-75.0771526338664,3.3701103928463647,0,0.75,-90.0,180.0,180.0
20260724_230314__rp0p75__vinf25__incm90__toff56210__Om180__om270,0.9327671282732892,0.2741013363862022,23.28089719429043,202.4291432800208,329.0467755708947,37.98094382866003,311.13094382866,90.0,False,639.8487299504833,22,406.6414866781723,37.98094381612946,37.98094384119058,19.354986630695908,7.734250553978772,11.620736076717137,22.94119003518312,3.320706005264927,0,0.75,-90.0,180.0,270.0
20260724_230314__rp0p75__vinf25__incm90__toff56210__Om180__om90,1.0663676943983804,0.0238936336541439,24.87214315584614,41.10035889303732,402.2149971543348,-7.235072769979742,265.9149272300202,37.66988696432963,False,469.5567719256656,35,299.30100874894714,-7.321320533682676,-7.1488250062768035,-25.157793970708635,-34.03669307968165,8.878899108973012,-22.274826563456656,2.318123664537331,0,0.75,-90.0,180.0,90.0
20260724_230314__rp0p75__vinf25__incm90__toff56210__Om270__om0,1.0502327765822272,0.0969075010247044,20.00252070184475,9.684618451414314,393.1209081178643,1.74167805625759,274.89167805625755,50.05549481018513,False,429.72136862411566,25,309.9387499898039,1.715133442517512,1.7682226699976675,-18.216111347162837,-26.648665136650727,8.43255378948789,-13.298075737219325,2.9756583585405405,0,0.75,-90.0,270.0,0.0
20260724_230314__rp0p75__vinf25__incm90__toff56210__Om270__om180,0.9932371015862368,0.3812455547454251,24.29482130203448,204.35197930597465,361.5573471829775,26.647384119311194,299.7973841193112,90.0,False,706.9664252856669,20,373.0762934671364,26.713282650495067,26.58148558812732,11.264909966170999,-1.111805560369149,12.376715526540147,11.60763032583428,4.349542003277798,1,0.75,-90.0,270.0,180.0
20260724_230314__rp0p75__vinf25__incm90__toff56210__Om270__om270,0.9373049806388408,0.1138307384334439,21.88556701618161,170.4018406685403,331.4508808603927,32.50824691651364,305.65824691651363,90.0,False,584.949862940798,21,389.8237940237233,32.508246891276364,32.50824694175091,14.214170046004476,1.7071054119419717,12.507064634062504,17.46849312303673,2.872491538082274,0,0.75,-90.0,270.0,270.0
20260724_230314__rp0p75__vinf25__incm90__toff56210__Om270__om90,1.059682712122303,0.0257668618056153,22.90815049026827,312.8765700439364,398.43874564967314,-3.1632065235893125,269.98679347641064,42.670233871257594,False,416.06224820436313,33,303.1032926058327,-3.0664344984695946,-3.259978548709032,-22.246894179362055,-30.175294191798354,7.928400012436299,-18.202960317066225,1.629399877221291,0,0.75,-90.0,270.0,90.0
20260724_230314__rp0p75__vinf25__incm90__toff56210__Om90__om0,1.0767158252953193,0.2817294107653017,22.560192261546373,149.87891370285453,408.0838752883877,-2.2588223049647103,270.89117769503525,42.670233871257594,False,687.9606104532087,31,305.8818615093802,-2.670517503872024,-1.8471271060573966,-20.4717142877864,-30.776360089619143,10.304645801832741,-17.298576098441625,4.085605298472471,1,0.75,-90.0,90.0,0.0
20260724_230314__rp0p75__vinf25__incm90__toff56210__Om90__om180,1.0619663683150369,0.0835289308422451,25.477611067971104,2.706982384167013,399.72741508566514,-4.1608049699971845,268.9891950300028,42.670233871257594,False,484.8610090830135,29,302.7589369898795,-4.161286322703037,-4.160323617291332,-22.174284752412177,-31.567220400319187,9.39293564790701,-19.2005587634741,2.799025937146088,0,0.75,-90.0,90.0,180.0
20260724_230314__rp0p75__vinf25__incm90__toff56210__Om90__om270,0.9595677383249632,0.1227453151348995,21.79204386862613,262.18326172706384,343.32959998669463,26.636560568698826,299.7865605686988,90.0,False,403.9082022401401,20,372.34316308059397,26.66115163652419,26.61196950087345,7.169781942645508,-1.8910584660914187,9.060840408736926,11.596806775221912,3.138252217042416,1,0.75,-90.0,90.0,270.0
20260724_230314__rp0p75__vinf25__incm90__toff56210__Om90__om90,0.9883892948295896,0.0473696498066225,28.128924839171344,41.53813332162624,358.9135378444839,17.827347132203172,290.97734713220314,81.4509211694784,False,633.0903084631316,17,348.68227317699916,17.787906665343947,17.86678759906239,4.493302034017281,-10.982511760048219,15.4758137940655,2.787593338726259,1.5608510226989487,0,0.75,-90.0,90.0,90.0
20260724_230314__rp1__vinf25__inc0__toff56210__Om0__om0,1.2157219148782816,0.1377043350766808,22.678051439095483,118.94893211068644,489.6087363426906,-55.012304253149374,218.1376957468506,,True,427.2473938098023,18,232.4271383130246,-55.01230425354196,-55.01230425275679,-55.5284228040274,-64.97018436332482,9.441761559297419,-70.05205804662629,3.1693136103711925,0,1.0,0.0,0.0,0.0
20260724_230314__rp1__vinf25__inc0__toff56210__Om0__om180,0.8402307806320937,0.1772423335925868,24.423048348164095,248.0203883973705,281.3168016735262,65.4784868042355,338.6284868042355,90.0,False,550.5427953479024,27,489.7021999714091,65.47848680255883,65.47848680591218,40.42808230388462,30.402693356906237,10.025388946978385,50.43873301075859,3.64083943281992,1,1.0,0.0,0.0,180.0
20260724_230314__rp1__vinf25__inc0__toff56210__Om0__om270,1.0571721692992353,0.0796921273511961,23.26016182702425,8.873691288631282,397.0236454148517,-1.6995803474824578,271.4504196525175,44.4270040008057,False,461.5084336746445,29,305.41485365170337,-1.7163691540405113,-1.6827915409244043,-20.590445726547557,-29.55927914032562,8.968833413778064,-16.73933414095937,3.3963717059987424,1,1.0,0.0,0.0,270.0
20260724_230314__rp1__vinf25__inc0__toff56210__Om0__om90,1.2286520729916692,0.4026580719453567,16.97717696786518,243.74843084660125,497.4405294748048,-52.500557542120895,220.64944245787908,,True,260.3941847960321,18,246.23676170122408,-52.5005575420793,-52.50055754216248,-57.84394654001886,-60.0140378134465,2.170091273427637,-67.5403113355978,4.177571687993257,1,1.0,0.0,0.0,90.0
20260724_230314__rp1__vinf25__inc0__toff56210__Om180__om0,0.8402307806320937,0.1772423335925868,24.423048348164095,248.0203883973705,281.3168016735262,65.4784868042355,338.6284868042355,90.0,False,550.5427953479024,27,489.7021999714091,65.47848680255883,65.47848680591218,40.42808230388462,30.402693356906237,10.025388946978385,50.43873301075859,3.64083943281992,1,1.0,0.0,180.0,0.0
20260724_230314__rp1__vinf25__inc0__toff56210__Om180__om180,1.2157219081036563,0.1377043458074422,22.6780512439203,118.94893148819487,489.6087322501646,-55.01230371847094,218.13769628152903,,True,427.2474063964597,18,232.42714125352055,-55.012303718863635,-55.01230371807826,-55.52842229094149,-64.97018397381873,9.441761682877242,-70.05205751194785,3.169313583958593,0,1.0,0.0,180.0,180.0
20260724_230314__rp1__vinf25__inc0__toff56210__Om180__om270,1.22865207282663,0.4026580718289208,16.977176963843306,243.7484308360593,497.44052937457633,-52.500557532600254,220.64944246739972,,True,260.3941848210536,18,246.2367617535974,-52.500557532558794,-52.500557532641714,-57.84394653200235,-60.01403780566823,2.170091273665882,-67.54031132607717,4.177571687651104,1,1.0,0.0,180.0,270.0
20260724_230314__rp1__vinf25__inc0__toff56210__Om180__om90,1.0571721692992353,0.0796921273511961,23.26016182702425,8.873691288631282,397.0236454148517,-1.6995803474824578,271.4504196525175,44.4270040008057,False,461.5084336746445,29,305.41485365170337,-1.7163691540405113,-1.6827915409244043,-20.590445726547557,-29.55927914032562,8.968833413778064,-16.73933414095937,3.3963717059987424,1,1.0,0.0,180.0,90.0
20260724_230314__rp1__vinf25__inc0__toff56210__Om270__om0,1.0571721692992353,0.0796921273511961,23.26016182702425,8.873691288631282,397.0236454148517,-1.6995803474824578,271.4504196525175,44.4270040008057,False,461.5084336746445,29,305.41485365170337,-1.7163691540405113,-1.6827915409244043,-20.590445726547557,-29.55927914032562,8.968833413778064,-16.73933414095937,3.3963717059987424,1,1.0,0.0,270.0,0.0
20260724_230314__rp1__vinf25__inc0__toff56210__Om270__om180,1.22865207282663,0.4026580718289208,16.977176963843306,243.7484308360593,497.44052937457633,-52.500557532600254,220.64944246739972,,True,260.3941848210536,18,246.2367617535974,-52.500557532558794,-52.500557532641714,-57.84394653200235,-60.01403780566823,2.170091273665882,-67.54031132607717,4.177571687651104,1,1.0,0.0,270.0,180.0
20260724_230314__rp1__vinf25__inc0__toff56210__Om270__om270,0.8389861099759565,0.1780816103940663,24.420525218851925,248.2920843157517,280.6919428748108,65.98716140179229,339.13716140179224,90.0,False,550.9620123870643,27,491.231892633142,65.98716140006034,65.98716140352427,40.82701150056013,30.8212647615386,10.005746739021532,50.94740760831538,3.647920086848917,1,1.0,0.0,270.0,270.0
20260724_230314__rp1__vinf25__inc0__toff56210__Om270__om90,1.2157219081036563,0.1377043458074422,22.6780512439203,118.94893148819487,489.6087322501646,-55.01230371847094,218.13769628152903,,True,427.2474063964597,18,232.42714125352055,-55.012303718863635,-55.01230371807826,-55.52842229094149,-64.97018397381873,9.441761682877242,-70.05205751194785,3.169313583958593,0,1.0,0.0,270.0,90.0
20260724_230314__rp1__vinf25__inc0__toff56210__Om90__om0,1.2286520729916692,0.4026580719453567,16.97717696786518,243.74843084660125,497.4405294748048,-52.500557542120895,220.64944245787908,,True,260.3941847960321,18,246.23676170122408,-52.5005575420793,-52.50055754216248,-57.84394654001886,-60.0140378134465,2.170091273427637,-67.5403113355978,4.177571687993257,1,1.0,0.0,90.0,0.0
20260724_230314__rp1__vinf25__inc0__toff56210__Om90__om180,1.0571721692992353,0.0796921273511961,23.26016182702425,8.873691288631282,397.0236454148517,-1.6995803474824578,271.4504196525175,44.4270040008057,False,461.5084336746445,29,305.41485365170337,-1.7163691540405113,-1.6827915409244043,-20.590445726547557,-29.55927914032562,8.968833413778064,-16.73933414095937,3.3963717059987424,1,1.0,0.0,90.0,180.0
20260724_230314__rp1__vinf25__inc0__toff56210__Om90__om270,1.2157219081036563,0.1377043458074422,22.6780512439203,118.94893148819487,489.6087322501646,-55.01230371847094,218.13769628152903,,True,427.2474063964597,18,232.42714125352055,-55.012303718863635,-55.01230371807826,-55.52842229094149,-64.97018397381873,9.441761682877242,-70.05205751194785,3.169313583958593,0,1.0,0.0,90.0,270.0
20260724_230314__rp1__vinf25__inc0__toff56210__Om90__om90,0.8402307806320937,0.1772423335925868,24.423048348164095,248.0203883973705,281.3168016735262,65.4784868042355,338.6284868042355,90.0,False,550.5427953479024,27,489.7021999714091,65.47848680255883,65.47848680591218,40.42808230388462,30.402693356906237,10.025388946978385,50.43873301075859,3.64083943281992,1,1.0,0.0,90.0,90.0
20260724_230314__rp1__vinf25__inc30__toff56210__Om0__om0,1.2207738200863505,0.1390250842805038,23.60512341779197,117.55929664794446,492.6637418294503,-55.353513053199,217.79648694680097,,True,438.9280643508554,18,230.550371369458,-55.353513053507555,-55.35351305289046,-55.51177126130845,-65.30004934648801,9.788278085179556,-70.39326684667591,3.238330120011071,0,1.0,30.0,0.0,0.0
20260724_230314__rp1__vinf25__inc30__toff56210__Om0__om180,0.8197733503275207,0.174373694551653,22.88814917664737,243.1896286389792,271.1055973143645,73.79517428881947,346.94517428881943,90.0,False,566.6536981502227,28,514.1805256214631,73.79517428672887,73.79517429091005,46.35057857714815,36.76280133510718,9.587777242040971,58.755420495342555,3.755973100541559,1,1.0,30.0,0.0,180.0
20260724_230314__rp1__vinf25__inc30__toff56210__Om0__om270,1.0608643581945791,0.0867764002018313,23.46600368231746,4.625761076104958,399.1053765186757,-3.122429361414999,270.02757063858496,42.670233871257594,False,459.09470220839285,31,303.47278758427785,-3.134556282146226,-3.1103024406837725,-21.94098989931259,-30.823289021532958,8.882299122220367,-18.162183154891913,3.662714204187189,1,1.0,30.0,0.0,270.0
20260724_230314__rp1__vinf25__inc30__toff56210__Om180__om0,0.8569096376078124,0.1594847821946899,25.224662790756863,254.75328188206024,289.7345798405716,58.633739097150674,331.78373909715066,90.0,False,541.4495255258289,26,469.3780346893128,58.63373909598294,58.63373909831841,35.32724898413168,24.7313223367456,10.59592664738608,43.59398530367376,3.4163686526414203,1,1.0,30.0,180.0,0.0
20260724_230314__rp1__vinf25__inc30__toff56210__Om180__om180,1.1943446128855637,0.1306129868765654,21.907497266832703,112.1612142488296,476.7517247392783,-53.52816935177283,219.62183064822716,,True,428.989969907262,19,240.58872178125657,-53.52816935199923,-53.52816935154644,-54.49181060023891,-63.756047241234526,9.26423664099562,-68.56792314524975,2.9013970328685548,0,1.0,30.0,180.0,180.0
20260724_230314__rp1__vinf25__inc30__toff56210__Om180__om270,1.0071546613949207,0.2310339676552107,18.466606483290494,194.43227000143,369.1832945011108,16.9607668580366,290.1107668580366,70.81186354627908,False,476.00881875574623,16,344.7602630271053,16.99689130325962,16.924642412813583,-1.8371705517388486,-10.785127032310488,8.947956480571639,1.921013064559686,3.0552330177289404,0,1.0,30.0,180.0,270.0
20260724_230314__rp1__vinf25__inc30__toff56210__Om180__om90,1.048442972476589,0.0465835425322365,23.11785799702123,16.13185324037331,392.116402868904,1.153637867529526,274.3036378675295,48.11140308495899,False,459.31516491833133,27,309.87050152922626,1.1187714277343523,1.1885043073246984,-17.708539201395663,-26.793694964269886,9.085155762874223,-13.886115925947388,2.6196940634313397,1,1.0,30.0,180.0,90.0
20260724_230314__rp1__vinf25__inc30__toff56210__Om270__om0,1.0540096826800196,0.0754008978267992,24.837912603035235,5.873865344042113,395.2434588068049,-0.8818725723490314,272.26812742765094,46.23825730732021,False,482.95742821960926,33,307.14751199117507,-0.8849848467458306,-0.8787602979522325,-19.146441648478582,-28.66800029658368,9.521558648105099,-15.921626365825945,2.8210003424687597,0,1.0,30.0,270.0,0.0
20260724_230314__rp1__vinf25__inc30__toff56210__Om270__om270,0.8615603096153006,0.1279327614844384,25.958567374241397,251.52244567899425,292.09647492027443,56.159483235130615,329.3094832351306,90.0,False,579.7763322437181,25,462.17896455068353,56.159483232358454,56.159483237902734,34.22272218669764,22.486096387155307,11.736625799542331,41.1197294416537,3.13452068222412,0,1.0,30.0,270.0,270.0
20260724_230314__rp1__vinf25__inc30__toff56210__Om270__om90,1.1808416910508028,0.1219460306630415,22.877032221591158,135.36472082687922,468.68958984274286,-52.57194534153148,220.5780546584685,,True,427.02712515048773,19,245.84885463053956,-52.57194534195722,-52.571945341105774,-53.509650988309254,-62.63210612124489,9.122455132935634,-67.6116991350084,2.8220523758607765,0,1.0,30.0,270.0,90.0
20260724_230314__rp1__vinf25__inc30__toff56210__Om90__om180,1.0551373262426265,0.0815416528939558,21.526536588870496,7.321934394706752,395.8779116049458,-0.5040417892929847,272.64595821070697,46.23825730732021,False,437.1634406156588,31,306.63999745153666,-0.5188346697735653,-0.48924890881240457,-20.04678128675113,-28.51629081686109,8.46950953010996,-15.5437955827699,2.8792189140007154,0,1.0,30.0,90.0,180.0
20260724_230314__rp1__vinf25__inc30__toff56210__Om90__om270,1.1828293207850151,0.1099649707187587,22.373653070288803,106.33395773993485,469.8734571792111,-52.78466747183757,220.3653325281624,,True,426.6567726799541,19,244.6784858915253,-52.78466747212138,-52.784667471553774,-53.84521911657104,-63.08555375820606,9.240334641635023,-67.82442126531448,2.704719658911673,0,1.0,30.0,90.0,270.0
20260724_230314__rp1__vinf25__inc30__toff56210__Om90__om90,0.8212291227064573,0.168331001703972,23.009150535273807,239.8219976000892,271.82807116066084,72.99357895244376,346.1435789524437,90.0,False,579.2102030944862,28,511.8129177042562,72.99357895018964,72.99357895469785,45.95352137331583,36.055142996377384,9.898378376938446,57.95382515896684,3.807115750538189,1,1.0,30.0,90.0,90.0
20260724_230314__rp1__vinf25__inc60__toff56210__Om0__om0,1.2094448854315571,0.133908895300623,24.485631373186564,113.53303288279082,485.8217049650781,-54.59489259102351,218.55510740897648,,True,457.6701505303177,18,234.72270372933255,-54.59489259155795,-54.59489259048906,-54.56540388229327,-64.70087794887137,10.135474066578098,-69.63464638450043,2.967863026094027,0,1.0,60.0,0.0,0.0
20260724_230314__rp1__vinf25__inc60__toff56210__Om0__om180,0.8356776993337052,0.1620853360786519,21.708096274348343,242.79302405703515,279.0332835003161,67.12452655202306,340.274526552023,90.0,False,532.1825505081306,27,493.7437397902485,67.1245265497631,67.124526554283,40.18520247849186,31.05336891716919,9.131833561322669,52.084772758546144,3.5834404388905665,1,1.0,60.0,0.0,180.0
20260724_230314__rp1__vinf25__inc60__toff56210__Om0__om270,1.0552056692196097,0.0681230936928636,23.828453102398264,1.9360929623587528,395.9163747212107,-1.1025090933544648,272.0474909066455,46.23825730732021,False,459.52729824041677,34,306.2908161603589,-1.0485110208355712,-1.1565071658733581,-19.721653071812526,-28.759148120366348,9.037495048553822,-16.14226288683138,3.0857886301690973,1,1.0,60.0,0.0,270.0
20260724_230314__rp1__vinf25__inc60__toff56210__Om0__om90,1.0547690128542284,0.3064626622420451,35.28436687689766,168.41632152403855,395.6706479532742,5.0841371758082055,278.2341371758082,56.4426902380793,False,982.7329671921342,29,321.2920533236694,4.934604487903752,5.2336698637126595,-4.045313546512081,-21.892310680550256,17.846997134038176,-9.955616617668708,3.59380942938086,1,1.0,60.0,0.0,90.0
20260724_230314__rp1__vinf25__inc60__toff56210__Om180__om0,0.902865132291546,0.1400981266939008,25.02928135053442,256.8054920606443,313.3517412704291,42.7697737087237,315.91977370872365,90.0,False,496.6983364652708,23,421.55748766759035,42.769773706832346,42.769773710615056,22.271476299583387,11.634648082108239,10.636828217475149,27.730019915246785,3.003559745576691,0,1.0,60.0,180.0,0.0
20260724_230314__rp1__vinf25__inc60__toff56210__Om180__om180,1.1495833831111957,0.1228611363710969,21.801635352225336,107.8097070385424,450.20312652562114,-50.102358436027295,223.0476415639727,,True,455.59884798723925,20,259.42986908727795,-50.10235843661389,-50.10235843544072,-51.531106779148104,-60.889030321074586,9.357923541926482,-65.1421122295042,2.7060814513863027,0,1.0,60.0,180.0,180.0
20260724_230314__rp1__vinf25__inc60__toff56210__Om180__om270,0.9849627104685555,0.1231505893678638,22.42128029069069,191.31998107914285,357.04871446165083,19.98151931986141,293.1315193198614,81.4509211694784,False,501.77456871429024,19,353.4085516064749,20.017955492440613,19.945083147282205,3.2560812420243925,-7.912890895756324,11.168972137780717,4.941765526384495,1.8441335319552212,0,1.0,60.0,180.0,270.0
20260724_230314__rp1__vinf25__inc60__toff56210__Om180__om90,1.033685643618512,0.0113645559312411,22.94679848390054,174.20407891682322,383.8667689982679,5.768207349668453,278.9182073496684,54.2046324563124,False,455.13908474880526,22,318.45583569662904,5.75657298530291,5.779841714033998,-12.548367877449458,-22.063969420842064,9.515601543392606,-9.271546443808461,1.4332304139599092,0,1.0,60.0,180.0,90.0
20260724_230314__rp1__vinf25__inc60__toff56210__Om270__om0,1.048531503768287,0.0722286795773209,25.49660601614461,0.4152277611306864,392.1660698112756,1.1078843589506637,274.25788435895066,50.05549481018513,False,490.83814273613746,24,310.2922904737959,1.0843282415512934,1.1314404763500348,-16.80024991709586,-26.742365945503956,9.942116028408094,-13.93186943452625,2.58399148260165,0,1.0,60.0,270.0,0.0
20260724_230314__rp1__vinf25__inc60__toff56210__Om270__om270,0.912905161995006,0.0653323818560357,26.693681765289043,266.986776828976,318.5930404375122,38.47830247660352,311.6283024766035,90.0,False,581.8836296112283,23,409.1434905197973,38.47830247721735,38.478302475989686,20.613836143781523,7.407658215574573,13.20617792820695,23.438548683126605,2.1676569486735704,0,1.0,60.0,270.0,270.0
20260724_230314__rp1__vinf25__inc60__toff56210__Om270__om90,1.085115916067469,0.0710230047365988,22.7815079626742,175.8946767471797,412.86872941336753,-44.59936849677134,228.55063150322863,,True,423.12612937332966,31,289.69699300074166,-44.599368496648445,-44.599368496894236,-47.146391894211376,-55.35808242236183,8.211690528150456,-59.63912229024825,2.250532259552287,0,1.0,60.0,270.0,90.0
20260724_230314__rp1__vinf25__inc60__toff56210__Om90__om180,1.0448895194928995,0.0831335225584182,20.57096514108186,2.9896755008566074,390.1246122605296,3.096175870085031,276.246175870085,52.08179734355447,False,427.8057471883297,26,312.7255333293266,3.130612843145147,3.061738897024915,-16.567969867673327,-25.156953337236,8.588983469562674,-11.943577923391883,2.701257036039692,0,1.0,60.0,90.0,180.0
20260724_230314__rp1__vinf25__inc60__toff56210__Om90__om270,1.1127834826785097,0.0512205992194697,22.56857575654453,93.75850370074954,428.75954008388817,-47.24686106251491,225.90313893748507,,True,429.5938440271728,23,275.13588508697535,-47.24686106282867,-47.24686106220115,-49.35799135890428,-58.14544412527685,8.787452766372574,-62.28661485599182,2.026264476628484,0,1.0,60.0,90.0,270.0
20260724_230314__rp1__vinf25__inc60__toff56210__Om90__om90,0.8551349635215284,0.1250270693160757,22.21811363572306,226.81541846802315,288.8349783276016,58.82538132687398,331.97538132687396,90.0,False,568.3305049438403,26,468.97534540637395,58.82538132311246,58.82538133063553,34.487434330735,23.9269573523853,10.560476978349698,43.78562753339707,3.375868338399358,1,1.0,60.0,90.0,90.0
20260724_230314__rp1__vinf25__inc90__toff56210__Om0__om0,1.1772659322221586,0.1252240913966323,25.0309489453478,109.74909730634548,466.5623128615644,-52.2815249812371,220.86847501876287,,True,484.55879254868336,19,247.44635608817265,-52.281524981695966,-52.28152498077824,-52.35482170439918,-62.75453503945401,10.399713335054834,-67.32127877471402,2.760188645530005,0,1.0,90.0,0.0,0.0
20260724_230314__rp1__vinf25__inc90__toff56210__Om0__om180,0.8788611617889438,0.15365579959948,21.23358097873141,251.0089509120795,300.93881013357617,51.20849214685464,324.3584921468546,90.0,False,462.2386767674933,25,445.8060420765983,51.20849214553053,51.20849214817873,26.74882207807307,18.141796444993336,8.607025633079733,36.16873835337773,3.261878031455553,0,1.0,90.0,0.0,180.0
20260724_230314__rp1__vinf25__inc90__toff56210__Om0__om270,1.0430618641829552,0.0242511247677732,24.29211784213035,6.704870548149323,389.1014876736795,2.7031165459709596,275.8531165459709,52.08179734355447,False,469.64398077977546,26,312.82809132174583,2.6614729721379993,2.744760119803921,-15.57268603036331,-25.09456302370544,9.521876993342131,-12.336637247505955,2.079421699817183,1,1.0,90.0,0.0,270.0
20260724_230314__rp1__vinf25__inc90__toff56210__Om0__om90,0.9925526791889474,0.1780156481890582,26.122062629564624,190.55752359359167,361.1836972589813,18.792990044990184,291.94299004499015,81.4509211694784,False,584.2657686023575,19,350.9810729012029,18.836658951564775,18.749321138415592,4.699859350193189,-8.415330721221165,13.115190071414354,3.75323625151327,2.403046972749061,0,1.0,90.0,0.0,90.0
20260724_230314__rp1__vinf25__inc90__toff56210__Om180__om0,0.9574639247350012,0.1045961363117977,23.6140236225175,248.07870878843852,342.20111462742886,26.78363066691669,299.93363066691666,90.0,False,453.3868598766044,20,373.20035887188567,26.804721795099578,26.76253953873379,8.746853498728383,-1.7308404265978656,10.477693925326248,11.743876873439776,2.504304639718083,0,1.0,90.0,180.0,0.0
20260724_230314__rp1__vinf25__inc90__toff56210__Om180__om180,1.0848161950851398,0.1232561191583555,23.267050384527,109.1961994526656,412.69768288188914,-44.29938869816194,228.85061130183803,,True,536.5121217495682,32,291.34666111841875,-44.29938869876956,-44.29938869755432,-45.82417522155905,-56.01268257614557,10.18850735458652,-59.33914249163885,2.647297176935844,0,1.0,90.0,180.0,180.0
20260724_230314__rp1__vinf25__inc90__toff56210__Om180__om270,0.9867033899497228,0.0597684987591693,23.54533781748833,208.969168571488,357.995626269556,18.690507222220017,291.84050722221997,81.4509211694784,False,486.0605072350031,19,350.1079652709197,18.719054282411626,18.661960162028404,2.236612523213712,-9.239120561726006,11.475733084939717,3.650753428743103,1.8301237341638283,0,1.0,90.0,180.0,270.0
20260724_230314__rp1__vinf25__inc90__toff56210__Om180__om90,1.0171471922182729,0.0870365275082731,22.695123883817345,194.25607339666823,374.6912033394558,10.913847599518608,284.06384759951857,61.37544904657465,False,460.8286541474026,23,330.1275393666804,10.93768317736715,10.890012021670064,-6.429219349177376,-16.661570778193337,10.23235142901596,-4.125906193958306,1.852481106297894,0,1.0,90.0,180.0,90.0
20260724_230314__rp1__vinf25__inc90__toff56210__Om270__om0,1.0392987052256029,0.0688878397653064,24.87022922748258,355.259784557538,386.99768732980647,4.153494645618382,277.30349464561834,54.2046324563124,False,482.5327029050187,25,315.75504188550235,4.144333606885857,4.162655684350907,-13.643671765325616,-23.867709103296463,10.224037337970847,-10.886259147858532,2.4102283781227065,0,1.0,90.0,270.0,0.0
20260724_230314__rp1__vinf25__inc90__toff56210__Om270__om180,1.2552873052083546,0.278516643644611,21.91340289879636,125.46287925999,513.7034655372762,-56.39428873935352,216.75571126064645,,True,542.1154494215115,17,224.82546937859888,-56.3942887398336,-56.39428873887343,-55.78759632460516,-66.7768527336205,10.98925640901534,-71.43404253283043,3.82130554866924,1,1.0,90.0,270.0,180.0
20260724_230314__rp1__vinf25__inc90__toff56210__Om270__om270,0.97957402474805,0.0268472102752401,26.52186168859928,21.621149455589222,354.1226300675599,20.140400021711887,293.2904000217119,90.0,False,582.8828494814672,19,354.7155138240903,20.117354714234935,20.16344532918884,5.545129180650899,-8.700318613921208,14.245447794572108,5.100646228234973,1.229323875800396,0,1.0,90.0,270.0,270.0
20260724_230314__rp1__vinf25__inc90__toff56210__Om270__om90,0.9775396042754644,0.0826321168521266,21.696738916449377,252.1897015872358,353.0200179265997,21.406716632988694,294.5567166329887,81.4509211694784,False,420.2244513001512,19,357.2869812774198,21.447356128177603,21.366077137799785,3.0724945723436368,-6.5847419478601665,9.657236520203803,6.36696283951178,2.353839653143789,0,1.0,90.0,270.0,90.0
20260724_230314__rp1__vinf25__inc90__toff56210__Om90__om0,0.6320888270397769,0.6767726095326126,26.534202749564543,289.6538810460891,183.55446822746535,286.5847761432407,559.7347761432407,90.0,False,2516.8835077176964,44,1156.7799243676611,286.5847761445373,286.5847761419441,223.8917371643528,209.16798553282294,14.723751631529865,271.54502234976377,5.527759750890199,1,1.0,90.0,90.0,0.0
20260724_230314__rp1__vinf25__inc90__toff56210__Om90__om180,1.0247496655894464,0.081172062803933,21.075238783235022,359.2037148593962,378.89988045773794,8.921661861732028,282.071661861732,58.82116446134409,False,446.78241048602683,21,325.0858452264361,8.90400533985169,8.939318383612367,-9.8085314449962,-19.733678334077993,9.925146889081793,-6.118091931744885,2.536700635317209,0,1.0,90.0,90.0,180.0
20260724_230314__rp1__vinf25__inc90__toff56210__Om90__om270,1.0425902385894783,0.0183234437037671,23.02619013483301,304.65547122622627,388.83761625671934,3.005045332765149,276.1550453327651,52.08179734355447,False,434.31289697432965,26,313.07165139230216,3.0054863868358237,3.004604278694473,-15.871789930849586,-24.624311460292144,8.752521529442559,-12.034708460711764,1.3675278183861526,0,1.0,90.0,90.0,270.0
20260724_230314__rp1__vinf25__inc90__toff56210__Om90__om90,0.949158593245518,0.0873433458011896,22.72581917569132,168.89908626496856,337.7582504337624,28.8677811046093,302.0177811046093,90.0,False,570.5977291565445,21,379.12594257461114,28.874673998767097,28.86088821045151,11.576455974157092,-1.1825768952609508,12.759032869418043,13.828027311132386,2.5672508242377123,0,1.0,90.0,90.0,90.0
20260724_230314__rp1__vinf25__incm30__toff56210__Om0__om0,1.1943446138774223,0.1306129875853597,21.907497266363485,112.1612141499992,476.751725333165,-53.52816942030931,219.62183057969065,,True,428.98996991814624,19,240.58872140431643,-53.52816942053582,-53.5281694200828,-54.49181065513913,-63.756047303722376,9.264236648583243,-68.56792321378623,2.9013970359242,0,1.0,-30.0,0.0,0.0
20260724_230314__rp1__vinf25__incm30__toff56210__Om0__om180,0.8569093706646417,0.1594845789215196,25.22466322412208,254.75335211484105,289.734444454077,58.63383099639721,331.78383099639717,90.0,False,541.4499226323106,26,469.37831151539393,58.63383099522937,58.63383099756504,35.32732548285911,24.731392981928117,10.595932500930992,43.594077202920296,3.416369006410003,1,1.0,-30.0,0.0,180.0
20260724_230314__rp1__vinf25__incm30__toff56210__Om0__om270,1.0484429740564551,0.0465835412976444,23.117857980436817,16.131854413114983,392.116403755206,1.153637554134419,274.3036375541344,48.11140308495899,False,459.3151635470776,27,309.87050057749775,1.1187711153273787,1.1885039929414591,-17.708539455646708,-26.79369519688044,9.08515574123373,-13.886116239342496,2.619694071877574,1,1.0,-30.0,0.0,270.0
20260724_230314__rp1__vinf25__incm30__toff56210__Om0__om90,1.0071546621875218,0.2310339676239344,18.466606481262367,194.4322701616972,369.1832949369154,16.96076667660141,290.1107666766014,70.81186354627908,False,476.0088174248706,16,344.7602624818412,16.99689112194871,16.9246422312541,-1.8371707071619974,-10.78512716674628,8.947956459584283,1.9210128831244955,3.055233017893718,0,1.0,-30.0,0.0,90.0
20260724_230314__rp1__vinf25__incm30__toff56210__Om180__om0,0.8197733631051011,0.1743736995099565,22.888149162171278,243.18962434768588,271.1056036528364,73.79516911035358,346.94516911035356,90.0,False,566.6536906235799,28,514.1805100511849,73.7951691082628,73.79516911244437,46.350574455662965,36.76279724280145,9.587777212861518,58.75541531687667,3.755973068099645,1,1.0,-30.0,180.0,0.0
20260724_230314__rp1__vinf25__incm30__toff56210__Om180__om180,1.2207738189767918,0.1390250832301064,23.605123415606897,117.55929667023427,492.6637411577789,-55.35351298324109,217.79648701675887,,True,438.92806408003065,18,230.55037175422024,-55.35351298354947,-55.353512982932706,-55.51177120842859,-65.30004928199101,9.788278073562417,-70.39326677671801,3.2383301520946803,0,1.0,-30.0,180.0,180.0
20260724_230314__rp1__vinf25__incm30__toff56210__Om180__om90,1.0608643683459476,0.0867763972576129,23.46600390060198,4.625752511644676,399.1053822472106,-3.1224311162368554,270.02756888376314,42.670233871257594,False,459.0946842491947,31,303.47278169831804,-3.134558025687895,-3.110304206785816,-21.940991168502247,-30.823290213435858,8.88229904493361,-18.16218490971377,3.662675458711135,1,1.0,-30.0,180.0,90.0
20260724_230314__rp1__vinf25__incm30__toff56210__Om270__om0,1.055137326063661,0.0815416527050335,21.52653659328717,7.321934324607122,395.87791150422646,-0.504041757721609,272.64595824227837,46.23825730732021,False,437.1634406674021,31,306.63999755080175,-0.5188346378922319,-0.4892488775509862,-20.04678126075551,-28.5162907908918,8.469509530136293,-15.543795551198523,2.87921891297068,0,1.0,-30.0,270.0,0.0
20260724_230314__rp1__vinf25__incm30__toff56210__Om270__om270,0.8212313422162909,0.1683326090763938,23.009174944929104,239.82395219018076,271.82917315303047,72.99270320586882,346.14270320586877,90.0,False,579.2010024355594,28,511.8102937143293,72.9927032036148,72.99270320812283,45.95273868688107,36.05447618907967,9.898262497801397,57.95294941239191,3.8071078290882263,1,1.0,-30.0,270.0,270.0
20260724_230314__rp1__vinf25__incm30__toff56210__Om270__om90,1.1828272797648502,0.1099670752003093,22.373662772086217,106.3344835268186,469.872241001056,-52.784503515565426,220.36549648443454,,True,426.6601878929603,19,244.67938761626064,-52.78450351584939,-52.78450351528145,-53.8450507763729,-63.08542428109593,9.240373504723031,-67.82425730904234,2.704711831117788,0,1.0,-30.0,270.0,90.0
20260724_230314__rp1__vinf25__incm30__toff56210__Om90__om180,1.0540096825949326,0.0754008978341476,24.837912603107064,5.873865284399483,395.2434587589447,-0.881872555957767,272.2681274440422,46.23825730732021,False,482.95742823052854,33,307.1475120409365,-0.8849848303308543,-0.8787602815846796,-19.146441635677746,-28.66800028357828,9.521558647900534,-15.92162634943468,2.8210003425325665,0,1.0,-30.0,90.0,180.0
20260724_230314__rp1__vinf25__incm30__toff56210__Om90__om270,1.180841692093734,0.1219460290240485,22.877032184920157,135.36472094047147,468.6895904636698,-52.571945429559364,220.5780545704406,,True,427.02712240137913,19,245.8488541463881,-52.57194542998502,-52.571945429133706,-53.50965109398034,-62.6321061871086,9.12245509312826,-67.61169922303628,2.82205238029099,0,1.0,-30.0,90.0,270.0
20260724_230314__rp1__vinf25__incm30__toff56210__Om90__om90,0.8615603095947448,0.1279327613322763,25.958567371606115,251.52244562237092,292.0964749098208,56.15948323971517,329.3094832397152,90.0,False,579.7763324252468,25,462.1789645635909,56.15948323694276,56.159483242487596,34.222722191467945,22.486096388691397,11.736625802776548,41.11972944623826,3.134520681779392,0,1.0,-30.0,90.0,90.0
20260724_230314__rp1__vinf25__incm60__toff56210__Om0__om0,1.1495833812929388,0.122861135772987,21.801635344951077,107.8097076635122,450.2031254575148,-50.10235829032533,223.04764170967465,,True,455.5988484555832,20,259.42986988858445,-50.10235829091198,-50.10235828973868,-51.53110665832767,-60.889030189415635,9.357923531087962,-65.14211208380225,2.706081444714272,0,1.0,-60.0,0.0,0.0
20260724_230314__rp1__vinf25__incm60__toff56210__Om0__om180,0.9028651318570988,0.1400981266536202,25.0292813563672,256.80549227383835,313.35174104425795,42.76977384209876,315.9197738420987,90.0,False,496.6983368597353,23,421.5574880708599,42.769773840207364,42.769773843990166,22.27147640954054,11.634648187074145,10.636828222466395,27.730020048621846,3.0035597471819067,0,1.0,-60.0,0.0,180.0
20260724_230314__rp1__vinf25__incm60__toff56210__Om0__om270,1.03368564334836,0.0113645556646063,22.9467984773925,174.20407730258054,383.86676884778353,5.768207420328071,278.91820742032803,54.2046324563124,False,455.13908512973217,22,318.45583586211967,5.756573055667732,5.77984178498841,-12.548367797729117,-22.063969368733137,9.51560157100402,-9.271546373148842,1.4332304140385417,0,1.0,-60.0,0.0,270.0
20260724_230314__rp1__vinf25__incm60__toff56210__Om0__om90,0.9849627111419348,0.123150589645288,22.42128029183523,191.3199813330404,357.0487148278005,19.9815191619547,293.13151916195466,81.4509211694784,False,501.77456761057533,19,353.40855113551265,20.017955334838106,19.94508298907129,3.2560811058062327,-7.9128910139767115,11.168972119782945,4.941765368477787,1.8441335302383643,0,1.0,-60.0,0.0,90.0
20260724_230314__rp1__vinf25__incm60__toff56210__Om180__om0,0.8356776989132403,0.1620853359738584,21.708096272818235,242.7930242181536,279.0332832897259,67.12452671474948,340.27452671474947,90.0,False,532.1825506576737,27,493.7437402784826,67.12452671248941,67.12452671700953,40.18520260586323,31.05336904562208,9.131833560241152,52.08477292127257,3.5834404401451105,1,1.0,-60.0,180.0,0.0
20260724_230314__rp1__vinf25__incm60__toff56210__Om180__om180,1.209444885742804,0.1339088951516866,24.48563137041081,113.53303277563448,485.8217051526152,-54.59489261385421,218.55510738614578,,True,457.6701501660355,18,234.72270360375552,-54.59489261438854,-54.594892613319864,-54.565403904816364,-64.70087796860787,10.135474063791506,-69.63464640733113,2.96786302718427,0,1.0,-60.0,180.0,180.0
20260724_230314__rp1__vinf25__incm60__toff56210__Om180__om270,1.0547690126006208,0.3064626622023936,35.28436687415806,168.4163215727898,395.6706478105722,5.084137222633416,278.2341372226334,56.4426902380793,False,982.7329671502433,29,321.29205347386267,4.934604534642584,5.233669910624251,-4.045313514489478,-21.8923106413488,17.84699712685932,-9.955616570843498,3.593809429168401,1,1.0,-60.0,180.0,270.0
20260724_230314__rp1__vinf25__incm60__toff56210__Om180__om90,1.055205667892377,0.0681230940310231,23.82845310434144,1.936091946307061,395.91637397423807,-1.102508837297326,272.04749116270267,46.23825730732021,False,459.52729844891786,34,306.2908169379499,-1.0485107649266812,-1.15650690966797,-19.7216528744983,-28.75914792044565,9.037495045947349,-16.14226263077424,3.085788623374192,1,1.0,-60.0,180.0,90.0
20260724_230314__rp1__vinf25__incm60__toff56210__Om270__om0,1.044889519290759,0.0831335227848865,20.570965144234663,2.989675481072204,390.1246121473214,3.096175910670112,276.2461759106701,52.08179734355447,False,427.80574745822315,26,312.7255334562528,3.1306128835067772,3.0617389378334465,-16.56796983565019,-25.15695330821222,8.588983472562031,-11.943577882806801,2.7012570372908105,0,1.0,-60.0,270.0,0.0
20260724_230314__rp1__vinf25__incm60__toff56210__Om270__om270,0.8551349758441349,0.125027073251742,22.21811366600732,226.8154230186693,288.8349845708263,58.8253769030005,331.9753769030005,90.0,False,568.3304774465113,26,468.97533212481324,58.82537689923892,58.82537690676207,34.48743057762231,23.92695391047317,10.560476667149143,43.78562310952359,3.3758682961584103,1,1.0,-60.0,270.0,270.0
20260724_230314__rp1__vinf25__incm60__toff56210__Om270__om90,1.1127834818815998,0.0512205992144381,22.568575766254963,93.7585028630468,428.7595396233098,-47.24686099087337,225.90313900912662,,True,429.59384480583975,23,275.1358854809764,-47.24686099118722,-47.24686099055952,-49.357991293690965,-58.145444067213305,8.78745277352234,-62.286614784350284,2.0262644732064072,0,1.0,-60.0,270.0,90.0
20260724_230314__rp1__vinf25__incm60__toff56210__Om90__om180,1.048531504128326,0.0722286792309514,25.496606014368545,0.4152276967621435,392.1660700132653,1.107884290062234,274.25788429006224,50.05549481018513,False,490.8381421872074,24,310.2922902528993,1.0843281732331564,1.1314404068913113,-16.800249969556926,-26.742365994106336,9.94211602454941,-13.93186950341468,2.583991480604851,0,1.0,-60.0,90.0,180.0
20260724_230314__rp1__vinf25__incm60__toff56210__Om90__om270,1.085115915460948,0.0710230049948214,22.78150796138459,175.8946772218354,412.86872906721067,-44.59936843691691,228.55063156308307,,True,423.1261294380353,31,289.6969933299314,-44.599368436794094,-44.59936843703971,-47.146391844640256,-55.358082366618426,8.21169052197817,-59.63912223039382,2.250532256701278,0,1.0,-60.0,90.0,270.0
20260724_230314__rp1__vinf25__incm60__toff56210__Om90__om90,0.912905161931398,0.0653323817972668,26.69368176522393,266.9867768526089,318.5930404042146,38.478302495003284,311.62830249500325,90.0,False,581.8836297530922,23,409.143490575235,38.478302495617186,38.47830249438937,20.6138361596777,7.407658229509268,13.206177930168431,23.438548701526372,2.1676569487190203,0,1.0,-60.0,90.0,90.0
20260724_230314__rp1__vinf25__incm90__toff56210__Om0__om0,1.0848161951763962,0.1232561193091184,23.267050383218,109.19619951590155,412.6976829339642,-44.299388706073415,228.85061129392656,,True,536.5121217821084,32,291.3466610748992,-44.2993887066812,-44.29938870546564,-45.82417522776087,-56.01268258307776,10.188507355316894,-59.33914249955033,2.6472971776903806,0,1.0,-90.0,0.0,0.0
20260724_230314__rp1__vinf25__incm90__toff56210__Om0__om180,0.9574639245559132,0.1045961362613512,23.614023623318488,248.0787089558961,342.20111453141897,26.783630712340887,299.93363071234086,90.0,False,453.38685994037496,20,373.20035900950455,26.804721840627977,26.762539584053783,8.746853533900193,-1.7308403915123587,10.477693925412552,11.743876918863974,2.504304640310875,0,1.0,-90.0,0.0,180.0
20260724_230314__rp1__vinf25__incm90__toff56210__Om0__om270,1.017147191563554,0.0870365275884788,22.69512388254681,194.25607379650577,374.691202977683,10.913847735771265,284.0638477357712,61.37544904657465,False,460.82865416948107,23,330.1275397939966,10.937683313999363,10.890012157543168,-6.429219253701399,-16.66157066735313,10.23235141365173,-4.125906057705649,1.8524811066695197,0,1.0,-90.0,0.0,270.0
20260724_230314__rp1__vinf25__incm90__toff56210__Om0__om90,0.9867033895925392,0.0597684989846475,23.54533781571805,208.9691688573373,357.99562607516606,18.69050730576194,291.8405073057619,81.4509211694784,False,486.0605072276626,19,350.1079655291309,18.719054366248123,18.661960245275758,2.236612583354821,-9.239120491970201,11.475733075325023,3.6507535122850268,1.8301237373223624,0,1.0,-90.0,0.0,90.0
20260724_230314__rp1__vinf25__incm90__toff56210__Om180__om0,0.8788612612474278,0.1536558992461835,21.23358135887124,251.00892574850383,300.93886121829803,51.208460833184596,324.35846083318455,90.0,False,462.2385605288284,25,445.8059481660665,51.20846083186028,51.20846083450887,26.748796511902615,18.141772982363232,8.607023529539383,36.168707039707684,3.2618779397511117,0,1.0,-90.0,180.0,0.0
20260724_230314__rp1__vinf25__incm90__toff56210__Om180__om180,1.1772659335877746,0.1252240902782962,25.030948945833423,109.74909752886248,466.5623136733754,-52.281525092015805,220.86847490798417,,True,484.55879011112137,19,247.44635547889723,-52.28152509247444,-52.28152509155714,-52.35482181529243,-62.75453512361967,10.399713308327236,-67.32127888549272,2.760188650777234,0,1.0,-90.0,180.0,180.0
20260724_230314__rp1__vinf25__incm90__toff56210__Om180__om270,0.9925526775180326,0.178015649263573,26.12206261439045,190.5575231060072,361.1836963469281,18.79299046395749,291.94299046395747,81.4509211694784,False,584.2657726744704,19,350.9810741522555,18.836659370851912,18.749321557063073,4.69985972447146,-8.41533040071514,13.1151901251866,3.753236670480577,2.40304698390301,0,1.0,-90.0,180.0,270.0
20260724_230314__rp1__vinf25__incm90__toff56210__Om180__om90,1.0430618659817663,0.0242511233558177,24.292117848557712,6.704868281758895,389.1014886802163,2.7031162251907572,275.8531162251907,52.08179734355447,False,469.6439780958413,26,312.8280902320532,2.661472654179841,2.744759796201674,-15.57268624204934,-25.094563246737376,9.521877004688037,-12.336637568286157,2.079421709690307,1,1.0,-90.0,180.0,90.0
20260724_230314__rp1__vinf25__incm90__toff56210__Om270__om0,1.0247496655859156,0.0811720628141655,21.075238783024883,359.20371486110275,378.8998804557798,8.921661862559473,282.07166186255944,58.82116446134409,False,446.7824104914326,21,325.0858452289481,8.904005340668366,8.93931838445058,-9.808531444480995,-19.733678333549918,9.925146889068923,-6.118091930917441,2.536700635371586,0,1.0,-90.0,270.0,0.0
20260724_230314__rp1__vinf25__incm90__toff56210__Om270__om180,0.6325032191346662,0.6769644251320224,26.5696176598701,289.7140296234347,183.73500294659632,286.1635664410954,559.3135664410954,90.0,False,2520.0174120112592,44,1155.5415136661736,286.1635664423696,286.163566439821,223.59756414295865,208.83659885247417,14.760965290484478,271.1238126476185,5.527127622139912,1,1.0,-90.0,270.0,180.0
20260724_230314__rp1__vinf25__incm90__toff56210__Om270__om270,0.9491585933253992,0.0873433459072344,22.725819171658443,168.89908643005438,337.75825047640114,28.867781084825673,302.01778108482563,90.0,False,570.5977287977634,21,379.1259425143352,28.874673979037595,28.860888190613757,11.576455953777554,-1.1825769078919763,12.75903286166953,13.828027291348759,2.5672508243456047,0,1.0,-90.0,270.0,270.0
20260724_230314__rp1__vinf25__incm90__toff56210__Om270__om90,1.0425902382143473,0.0183234434752258,23.026190133948298,304.65547204765244,388.83761604685975,3.005045395744726,276.1550453957447,52.08179734355447,False,434.31289756239806,26,313.0716516162814,3.0054864502715266,3.004604341217925,-15.871789889550893,-24.624311416298042,8.752521526747149,-12.034708397732189,1.3675278163844404,0,1.0,-90.0,270.0,90.0
20260724_230314__rp1__vinf25__incm90__toff56210__Om90__om0,1.2552872985440486,0.2785166268838689,21.91340241671738,125.4628662400309,513.7034614464075,-56.39428851202451,216.75571148797547,,True,542.1154432083533,17,224.82547062801348,-56.3942885125048,-56.39428851154422,-55.78759631853512,-66.77685273170368,10.989256413168562,-71.43404230550142,3.821305482116243,1,1.0,-90.0,90.0,0.0
20260724_230314__rp1__vinf25__incm90__toff56210__Om90__om180,1.0392987052548557,0.0688878396560935,24.87022922681471,355.25978459842486,386.9976873461456,4.153494638706864,277.30349463870687,54.2046324563124,False,482.5327028920511,25,315.75504186534056,4.144333600102209,4.162655677311516,-13.643671770921372,-23.867709108341696,10.224037337420324,-10.88625915477005,2.410228377502073,0,1.0,-90.0,90.0,180.0
20260724_230314__rp1__vinf25__incm90__toff56210__Om90__om270,0.9775396039715724,0.0826321168539712,21.696738914501267,252.18970204796204,353.0200177619824,21.40671670458659,294.55671670458656,81.4509211694784,False,420.224451293898,19,357.2869814996173,21.44735620008441,21.36607720908876,3.0724946219251974,-6.584741894418603,9.6572365163438,6.366962911109676,2.353839654696888,0,1.0,-90.0,90.0,270.0
20260724_230314__rp1__vinf25__incm90__toff56210__Om90__om90,0.9795740253223412,0.0268472107482326,26.52186168361976,21.621150292040674,354.1226303789751,20.140399880809408,293.2903998808094,90.0,False,582.8828493648399,19,354.7155134126824,20.117354572752653,20.163445188866163,5.545129053706186,-8.700318737645496,14.245447791351683,5.100646087332494,1.2293238751752598,0,1.0,-90.0,90.0,90.0
20260724_230314__rp1p25__vinf25__inc0__toff56210__Om0__om0,1.139611428300529,0.1097279958269257,22.6566062063143,121.10707595795,444.3579802162967,-49.347743220820234,223.80225677917974,,True,456.0049268186716,21,263.58149248429373,-49.34774322122806,-49.347743220412376,-50.714335921132296,-60.05115618387117,9.336820262738875,-64.38749701429715,2.61094517170886,0,1.25,0.0,0.0,0.0
20260724_230314__rp1p25__vinf25__inc0__toff56210__Om0__om180,0.8700169264085589,0.1375989728610842,23.99133811884373,249.69568348883087,296.4076057751051,53.60245676632873,326.7524567663287,90.0,False,528.1968153188085,25,453.8303140656605,53.60245676413801,53.60245676851946,30.695730473859307,20.225268926815307,10.470461547044,38.56270297285182,3.26266956315536,1,1.25,0.0,0.0,180.0
20260724_230314__rp1p25__vinf25__inc0__toff56210__Om0__om270,1.034326046719651,0.0720597760599867,23.32297593955382,0.5500178329807434,384.22355184872447,5.821736679490453,278.97173667949045,56.4426902380793,False,470.2037525785303,23,318.87003544296925,5.8096949022883235,5.833778456692584,-12.413198973156904,-22.500101044076644,10.08690207091974,-9.21801711398646,3.344992806564294,1,1.25,0.0,0.0,270.0
20260724_230314__rp1p25__vinf25__inc0__toff56210__Om180__om0,0.8700169264085589,0.1375989728610842,23.99133811884373,249.69568348883087,296.4076057751051,53.60245676632873,326.7524567663287,90.0,False,528.1968153188085,25,453.8303140656605,53.60245676413801,53.60245676851946,30.695730473859307,20.225268926815307,10.470461547044,38.56270297285182,3.26266956315536,1,1.25,0.0,180.0,0.0
20260724_230314__rp1p25__vinf25__inc0__toff56210__Om180__om180,1.1396191212263784,0.1097337364712567,22.6562353293491,121.10140862799754,444.3624796693688,-49.34835962876265,223.80164037123734,,True,456.0025638203627,21,263.57810197453506,-49.348359629170005,-49.34835962835531,-50.71493932157183,-60.05176749156402,9.336828169992188,-64.38811342223957,2.610970008115423,0,1.25,0.0,180.0,180.0
20260724_230314__rp1p25__vinf25__inc0__toff56210__Om180__om90,1.034326046719651,0.0720597760599867,23.32297593955382,0.5500178329807434,384.22355184872447,5.821736679490453,278.97173667949045,56.4426902380793,False,470.2037525785303,23,318.87003544296925,5.8096949022883235,5.833778456692584,-12.413198973156904,-22.500101044076644,10.08690207091974,-9.21801711398646,3.344992806564294,1,1.25,0.0,180.0,90.0
20260724_230314__rp1p25__vinf25__inc0__toff56210__Om270__om0,1.034326046719651,0.0720597760599867,23.32297593955382,0.5500178329807434,384.22355184872447,5.821736679490453,278.97173667949045,56.4426902380793,False,470.2037525785303,23,318.87003544296925,5.8096949022883235,5.833778456692584,-12.413198973156904,-22.500101044076644,10.08690207091974,-9.21801711398646,3.344992806564294,1,1.25,0.0,270.0,0.0
20260724_230314__rp1p25__vinf25__inc0__toff56210__Om270__om270,0.8700176917603276,0.1375995869768831,23.991333255622923,249.69557440921167,296.4079968987632,53.60220482992735,326.75220482992734,90.0,False,528.1955244528478,25,453.8295546894316,53.60220482773684,53.60220483211787,30.6955168426028,20.225074749878797,10.470442092724003,38.56245103645044,3.262668783270158,1,1.25,0.0,270.0,270.0
20260724_230314__rp1p25__vinf25__inc0__toff56210__Om270__om90,1.1396191212263784,0.1097337364712567,22.6562353293491,121.10140862799754,444.3624796693688,-49.34835962876265,223.80164037123734,,True,456.0025638203627,21,263.57810197453506,-49.348359629170005,-49.34835962835531,-50.71493932157183,-60.05176749156402,9.336828169992188,-64.38811342223957,2.610970008115423,0,1.25,0.0,270.0,90.0
20260724_230314__rp1p25__vinf25__inc0__toff56210__Om90__om180,1.034326046719651,0.0720597760599867,23.32297593955382,0.5500178329807434,384.22355184872447,5.821736679490453,278.97173667949045,56.4426902380793,False,470.2037525785303,23,318.87003544296925,5.8096949022883235,5.833778456692584,-12.413198973156904,-22.500101044076644,10.08690207091974,-9.21801711398646,3.344992806564294,1,1.25,0.0,90.0,180.0
20260724_230314__rp1p25__vinf25__inc0__toff56210__Om90__om270,1.1396191212263784,0.1097337364712567,22.6562353293491,121.10140862799754,444.3624796693688,-49.34835962876265,223.80164037123734,,True,456.0025638203627,21,263.57810197453506,-49.348359629170005,-49.34835962835531,-50.71493932157183,-60.05176749156402,9.336828169992188,-64.38811342223957,2.610970008115423,0,1.25,0.0,90.0,270.0
20260724_230314__rp1p25__vinf25__inc0__toff56210__Om90__om90,0.8700169264085589,0.1375989728610842,23.99133811884373,249.69568348883087,296.4076057751051,53.60245676632873,326.7524567663287,90.0,False,528.1968153188085,25,453.8303140656605,53.60245676413801,53.60245676851946,30.695730473859307,20.225268926815307,10.470461547044,38.56270297285182,3.26266956315536,1,1.25,0.0,90.0,90.0
20260724_230314__rp1p25__vinf25__inc30__toff56210__Om0__om0,1.1342690812432146,0.1090245911423501,23.508372220718197,129.2823260407385,441.2370082395548,-48.89895299192843,224.25104700807154,,True,466.19709769321094,21,266.0495319195157,-48.89895299261826,-48.89895299123861,-50.060906643300584,-59.576773694627974,9.51586705132739,-63.938706785405344,2.510693863885688,0,1.25,30.0,0.0,0.0
20260724_230314__rp1p25__vinf25__inc30__toff56210__Om0__om180,0.8629276686507381,0.1376532258964597,22.80568024532191,245.43668287428028,292.79211835471625,56.21737782178541,329.3673778217854,90.0,False,523.9037853868174,25,461.3212099502296,56.21737781834616,56.21737782522463,32.15013447789236,22.163982839077892,9.986151638814466,41.1776240283085,3.3874596386520244,1,1.25,30.0,0.0,180.0
20260724_230314__rp1p25__vinf25__inc30__toff56210__Om0__om270,1.0350111872928878,0.0790299940686158,23.429425368618386,355.64085190463527,384.60538125518616,5.709752611722625,278.8597526117226,54.2046324563124,False,467.21387938388654,22,318.61670650835964,5.706049842696034,5.713455380749215,-12.515255545561638,-22.570782108017006,10.055526562455368,-9.330001181754287,3.9156569279321136,1,1.25,30.0,0.0,270.0
20260724_230314__rp1p25__vinf25__inc30__toff56210__Om180__om0,0.8969880083875188,0.1259757707159539,24.844330706731817,252.7733423050648,310.2971209216654,44.35872550554549,317.5087255055455,90.0,False,515.565440482404,23,426.28357664439955,44.35872550207667,44.35872550901432,23.701874082897234,12.749078375770814,10.95279570712642,29.31897171206858,2.9529849041652474,0,1.25,30.0,180.0,0.0
20260724_230314__rp1p25__vinf25__inc30__toff56210__Om180__om180,1.1129925521898048,0.0926226695778279,22.538115229427586,124.9193277859137,428.8803786286503,-47.115675886156644,226.03432411384333,,True,457.3110607579458,23,275.85734476585264,-47.115675886831774,-47.11567588548151,-48.927170086200206,-58.05059293605246,9.123422849852254,-62.155429679633556,2.3994402558784564,0,1.25,30.0,180.0,180.0
20260724_230314__rp1p25__vinf25__inc30__toff56210__Om180__om270,1.109567669202077,0.1260513462061587,19.49260634846359,158.51364534766907,426.9022864967411,-46.618206321318304,226.53179367868168,,True,409.49294592406244,24,278.5919034070261,-46.61820632185333,-46.618206320783266,-49.59072476401171,-57.251671548089206,7.660946784077495,-61.657960114795216,2.056120021645805,0,1.25,30.0,180.0,270.0
20260724_230314__rp1p25__vinf25__inc30__toff56210__Om180__om90,1.0297931270169631,0.0453649679019415,23.227832037529197,3.6660972457105263,381.7005395109562,6.945808700855686,280.0958087008557,56.4426902380793,False,468.4277472207989,27,321.17778685421325,6.944922201635554,6.946695200075819,-11.013533010110967,-21.267993961620142,10.254460951509175,-8.093945092621228,2.53501622203057,1,1.25,30.0,180.0,90.0
20260724_230314__rp1p25__vinf25__inc30__toff56210__Om270__om0,1.0333854643885405,0.0682164482203513,24.56597991538923,0.1896396114726772,383.6995704898404,5.953843671318147,279.10384367131815,56.4426902380793,False,488.75187580504837,22,319.36424080217955,5.938876040561926,5.968811302074363,-11.57553113653821,-22.258323188999338,10.682792052461128,-9.085910122158767,2.481813774233696,0,1.25,30.0,270.0,0.0
20260724_230314__rp1p25__vinf25__inc30__toff56210__Om270__om270,0.8969181960291718,0.1106525939409017,25.17460406404148,256.3083918179548,310.2608961024478,44.086684083962005,317.23668408396196,90.0,False,530.990707358666,23,425.56668795418807,44.086684081591585,44.08668408633243,23.805403148516334,12.350398209092035,11.455004939424299,29.046930290485093,2.783527797894377,0,1.25,30.0,270.0,270.0
20260724_230314__rp1p25__vinf25__inc30__toff56210__Om270__om90,1.1096381133545017,0.0948846391074167,23.118013329152262,146.79441687916488,426.9429418545229,-46.801218666040505,226.34878133395947,,True,451.8638959431791,24,277.5870836629106,-46.80121866627954,-46.80121866580148,-48.565452718151846,-57.540408534714906,8.97495581656306,-61.84097245951742,2.3438549656523757,0,1.25,30.0,270.0,90.0
20260724_230314__rp1p25__vinf25__inc30__toff56210__Om90__om180,1.0334743363711858,0.0759319392743221,21.97677433616926,359.37770817975843,383.74906926240993,6.2817780670517385,279.4317780670517,56.4426902380793,False,450.8281008699337,22,319.4878605316134,6.314982701384583,6.248573432718894,-12.423905276154782,-22.07291763033815,9.649012354183368,-8.757975726425176,2.508517218925132,0,1.25,30.0,90.0,180.0
20260724_230314__rp1p25__vinf25__inc30__toff56210__Om90__om270,1.1138937987568034,0.0827156663043742,22.714453114022533,117.36756928114649,429.4014133901158,-47.24065968958638,225.9093403104136,,True,454.34913699798017,23,275.1701768910896,-47.240659690015825,-47.240659689156956,-49.03616415811372,-58.18218237623437,9.146018218120652,-62.28041348306329,2.2491198251094926,0,1.25,30.0,90.0,270.0
20260724_230314__rp1p25__vinf25__inc30__toff56210__Om90__om90,0.8659161826219678,0.1380571956979456,23.043402845638965,241.1732212991742,294.3144426302206,55.14395201884681,328.29395201884677,90.0,False,531.9975926025805,25,458.16842176983033,55.14395201506194,55.1439520226317,31.540822622697156,21.35003401455612,10.190788608141037,40.1041982253699,3.342116158764914,1,1.25,30.0,90.0,90.0
20260724_230314__rp1p25__vinf25__inc60__toff56210__Om0__om0,1.1261329084099994,0.1003541102927509,24.058422084588013,124.30816516531256,436.498006990873,-48.242457854397486,224.9075421456025,,True,477.14913903468226,22,269.6601670013976,-48.24245785471775,-48.24245785407722,-49.32487730016331,-59.044897710617086,9.720020410453778,-63.2822116478744,2.4881943993500197,0,1.25,60.0,0.0,0.0
20260724_230314__rp1p25__vinf25__inc60__toff56210__Om0__om180,0.8759707252518351,0.1325190522698373,22.030239580742293,248.5187014527,299.45542063710747,51.652321268468775,324.80232126846875,90.0,False,494.3928286966885,25,447.3693412340857,51.65232126672289,51.652321270214706,27.884528773640007,18.331968300727247,9.55256047291276,36.61256747499186,3.146026120964268,1,1.25,60.0,0.0,180.0
20260724_230314__rp1p25__vinf25__inc60__toff56210__Om0__om270,1.034164683072055,0.0632707225997747,23.64490971074631,355.382459762423,384.1336421497976,5.77161016306433,278.9216101630643,54.2046324563124,False,467.4253284782017,24,318.77903676744717,5.750269532686574,5.792950793442084,-12.3752988574245,-22.430155743039567,10.054856885615067,-9.268143630412585,3.2034578856380262,1,1.25,60.0,0.0,270.0
20260724_230314__rp1p25__vinf25__inc60__toff56210__Om0__om90,1.4031641089025164,0.2524034648577438,33.794837447127954,102.666329754652,607.1003616489927,-64.80014314221616,208.34985685778383,,True,614.8211739167241,14,178.59752195042552,-64.80014314263852,-64.80014314179378,-59.72748261059254,-74.30575316699496,14.578270556402423,-79.83989693569308,3.3753541420060102,1,1.25,60.0,0.0,90.0
20260724_230314__rp1p25__vinf25__inc60__toff56210__Om180__om0,0.9363813841882804,0.1049029466359916,24.46661598901243,255.23867448392627,330.9610966834782,32.40760150623067,305.55760150623064,90.0,False,481.21824320298384,21,390.20736485349363,32.40760150373585,32.407601508725485,13.793088752333862,2.811641496871691,10.981447255462172,17.367847712753758,2.557001461421831,0,1.25,60.0,180.0,0.0
20260724_230314__rp1p25__vinf25__inc60__toff56210__Om180__om180,1.074836377300498,0.0800379693594953,22.711355735629866,120.14672751664168,407.0158530523272,-43.55025630280007,229.5997436971999,,True,483.8203398990685,54,295.4669829024519,-43.55025630338947,-43.55025630221067,-45.77744850917835,-55.031656267819066,9.254207758640717,-58.590010096276984,2.232876782333056,0,1.25,60.0,180.0,180.0
20260724_230314__rp1p25__vinf25__inc60__toff56210__Om180__om270,1.0098265541376292,0.0629366800120909,22.461331951581847,185.14664128923096,370.6533846486202,12.682640492180044,285.83264049218,64.15806723683289,False,471.2311263165454,20,334.32310718393126,12.700349785689683,12.6649311986704,-4.461295002892936,-15.23737857348015,10.776083570587215,-2.35711330129687,1.059058953357777,0,1.25,60.0,180.0,270.0
20260724_230314__rp1p25__vinf25__inc60__toff56210__Om180__om90,1.0212679647229934,0.0045773361250728,23.045927020066458,234.85481856753023,376.97048993647127,9.278069221124593,282.4280692211246,61.37544904657465,False,462.9919932229361,20,326.22952620403015,9.283100882546561,9.273037559702622,-8.24439114945946,-18.72922790949954,10.484836760040078,-5.761684572352321,1.4911540369937193,1,1.25,60.0,180.0,90.0
20260724_230314__rp1p25__vinf25__inc60__toff56210__Om270__om0,1.03030171337716,0.0628770803439574,25.005299967030265,356.13342017659664,381.9833414392031,6.725569987869946,279.87556998786994,56.4426902380793,False,492.9291811421073,23,321.1659453186506,6.7505317655664525,6.700608210173437,-10.42719848591781,-21.39648652843122,10.969288042513408,-8.314183805606968,2.304299577187531,0,1.25,60.0,270.0,0.0
20260724_230314__rp1p25__vinf25__inc60__toff56210__Om270__om180,1.9877412711579152,0.4667687337844575,25.735680124296668,80.5256341433014,1023.6171954431102,-79.56818596582916,193.5818140341708,,True,471.0113807942005,9,97.37327985295586,-79.56818596581904,-79.56818596583929,-73.98309109015274,-87.65915280194257,13.676061711789828,-94.60793975930608,4.262339018774076,1,1.25,60.0,270.0,180.0
20260724_230314__rp1p25__vinf25__inc60__toff56210__Om270__om270,0.9342107874147264,0.0610362951145989,25.69229095971196,270.41843106844766,329.8109777933102,32.41858771313138,305.56858771313136,90.0,False,540.5679679975219,21,390.58796330543623,32.41858771781923,32.41858770844354,14.977774117068067,2.3166645794479233,12.661109537620144,17.37883391965447,1.9119403774480277,0,1.25,60.0,270.0,270.0
20260724_230314__rp1p25__vinf25__inc60__toff56210__Om270__om90,1.055908222515762,0.0648516926269389,22.984548227774344,179.26605961244982,396.3118407265478,-1.2499047185870564,271.9000952814129,46.23825730732021,False,444.4671158625688,31,305.8165477560242,-1.2980613413767297,-1.2017480957973834,-20.295387817977645,-28.38172265452958,8.086334836551934,-16.28965851206397,1.7372113352352487,0,1.25,60.0,270.0,90.0
20260724_230314__rp1p25__vinf25__inc60__toff56210__Om90__om0,2.800094320269848,0.7486733149294379,11.84974990575103,350.146929279466,1711.4207030617165,-85.3700217034481,187.77997829655186,,True,420.54848829581897,6,65.46047761465803,-85.37002170350397,-85.37002170339224,-79.98295767602674,-92.32623758798567,12.34327991195893,-100.40977549692502,5.036511327935747,1,1.25,60.0,90.0,0.0
20260724_230314__rp1p25__vinf25__inc60__toff56210__Om90__om180,1.0252208626937196,0.074549376050432,21.329434416593315,354.5265397135755,379.1612472887227,8.703384775252164,281.85338477525215,58.82116446134409,False,442.7081205331164,21,324.6186362481186,8.667621108463102,8.739148442041229,-10.117499729592454,-19.867244593688554,9.7497448640961,-6.336369018224749,2.37942785873112,0,1.25,60.0,90.0,180.0
20260724_230314__rp1p25__vinf25__inc60__toff56210__Om90__om270,1.0726044778309278,0.0366870580329051,22.743541922682702,107.21329467692875,405.74875779121743,-43.463297619462494,229.6867023805375,,True,449.8848388966946,72,295.94525868193887,-43.463297619756624,-43.46329761916838,-46.05274817686769,-54.811414072754246,8.758665895886558,-58.503051412939406,1.7176106187280424,0,1.25,60.0,90.0,270.0
20260724_230314__rp1p25__vinf25__inc60__toff56210__Om90__om90,0.8925047398921524,0.1038967772351045,22.536004036402577,225.27510383051523,307.9736691712091,45.64612333854499,318.796123338545,90.0,False,536.8138027079387,24,429.47097589295043,45.64612333352846,45.64612334356152,24.048633765221172,13.173880511543205,10.874753253677968,30.606369545068077,2.9411409997729003,1,1.25,60.0,90.0,90.0
20260724_230314__rp1p25__vinf25__inc90__toff56210__Om0__om0,1.09867879659415,0.0858079973802433,24.279300017110007,120.46912260210702,420.6335458769395,-45.83176773705066,227.31823226294932,,True,492.8831104526897,25,282.91854809879214,-45.83176773771866,-45.83176773638268,-47.192454590976396,-56.97697286411453,9.784518273138133,-60.87152153052757,2.3103119983616414,0,1.25,90.0,0.0,0.0
20260724_230314__rp1p25__vinf25__inc90__toff56210__Om0__om180,0.9118711433859068,0.1185073432477466,21.98958793499782,252.59514663463432,318.051903453196,39.915095017476354,313.0650950174763,90.0,False,460.17409956701886,23,412.09981515488283,39.91509501560748,39.91509501934524,18.336677384120364,8.756127069652907,9.580550314467457,24.875341223999442,2.7977280089660272,0,1.25,90.0,0.0,180.0
20260724_230314__rp1p25__vinf25__inc90__toff56210__Om0__om270,1.0263457713260968,0.0258666456606861,23.920275366156527,351.6923387943637,379.78546215739664,7.810604282514005,280.960604282514,58.82116446134409,False,473.11077244938735,23,323.11422453891703,7.825425012777564,7.795783552250444,-9.53945952256119,-20.200432236320292,10.660972713759103,-7.229149510962909,2.063692865768984,1,1.25,90.0,0.0,270.0
20260724_230314__rp1p25__vinf25__inc90__toff56210__Om0__om90,1.041478728489976,0.0904580822448439,25.6568508550211,166.7700813806214,388.21596974215856,3.578090016123733,276.7280900161237,52.08179734355447,False,525.762263998311,25,314.9789116824936,3.5289613751011233,3.627218657146341,-13.553353697521096,-23.885533214042876,10.33217951652178,-11.46166377735318,1.507024699662149,0,1.25,90.0,0.0,90.0
20260724_230314__rp1p25__vinf25__inc90__toff56210__Om180__om0,0.9788070387921488,0.0715409593302242,23.267322995668888,247.0797988620758,353.70680557988044,20.861913274240305,294.01191327424027,90.0,False,452.11062932376495,19,356.05591372298863,20.902316277381335,20.821510271099278,3.6515178627439817,-7.0567925336555,10.708310396399481,5.822159480763391,2.0717059921372707,0,1.25,90.0,180.0,0.0
20260724_230314__rp1p25__vinf25__inc90__toff56210__Om180__om180,1.0224015320418476,0.0710090883088055,24.266882458011604,127.26622794045616,377.5982977174378,9.14629685857156,282.2962968585715,61.37544904657465,False,548.1130651914651,22,326.32687342324016,9.060237954364261,9.23235576277886,-7.235374835475386,-19.35844775999135,12.123072924515963,-5.893456934905354,2.1831759462731304,0,1.25,90.0,180.0,180.0
20260724_230314__rp1p25__vinf25__inc90__toff56210__Om180__om270,0.9980425001855654,0.0340565807228973,23.30601169610711,217.28113277086277,364.1844041239227,15.572999477401085,288.72299947740106,70.81186354627908,False,474.5185351460076,16,341.7842670385204,15.57923307809078,15.566765876711392,-1.1541233443218324,-12.496017690862367,11.341894346540535,0.5332456839241715,1.4185361512608288,0,1.25,90.0,180.0,270.0
20260724_230314__rp1p25__vinf25__inc90__toff56210__Om180__om90,1.0091850656783532,0.0633450096039718,22.86224221702312,194.71343180766596,370.3002565251756,12.813931235276543,285.9639312352765,64.15806723683289,False,468.0591655457608,19,334.7569324456022,12.835933961740611,12.791928508812465,-4.2011688615194105,-14.988461426081548,10.787292564562136,-2.2258225582003703,1.8108881665066288,0,1.25,90.0,180.0,90.0
20260724_230314__rp1p25__vinf25__inc90__toff56210__Om270__om0,1.0222814442538617,0.0565676618296912,24.372366216572463,350.8125355035259,377.5317725636345,9.065279709672437,282.2152797096724,61.37544904657465,False,484.1835778592802,21,326.1017593011003,9.045209283299954,9.085350136044918,-8.003392116257812,-19.211766427264994,11.208374311007182,-5.974474083804477,2.0182082972924182,0,1.25,90.0,270.0,0.0
20260724_230314__rp1p25__vinf25__inc90__toff56210__Om270__om180,1.2644657237540924,0.2235724490613928,21.717353260176797,107.87378085522428,519.3479028946989,-57.574793863951285,215.57520613604868,,True,477.46189211023386,17,218.33265589024276,-57.574793864219636,-57.574793863682956,-57.3364880649205,-67.74188414152471,10.405396076604205,-72.6145476574282,3.3295343621419526,1,1.25,90.0,270.0,180.0
20260724_230314__rp1p25__vinf25__inc90__toff56210__Om270__om270,0.980115224157343,0.0190243141303081,25.444351697554985,353.5512074193533,354.4161414643102,20.047629599452257,293.1976295994522,90.0,False,546.7016393492833,19,354.260285832285,20.048222863549604,20.047036335354917,4.699679773534118,-8.677299431751171,13.37697920528529,5.007875805975344,1.0702701848753826,0,1.25,90.0,270.0,270.0
20260724_230314__rp1p25__vinf25__inc90__toff56210__Om270__om90,0.9891239541889636,0.0587822960846479,22.04144133724035,242.85285565471565,359.3137771771839,18.17352608352026,291.3235260835202,75.16488841802429,False,436.1930664259252,17,348.37606999721385,18.21719080927398,18.129861357766547,0.5246703564882845,-9.645067440137138,10.169737796625423,3.133772290043348,1.7361861622414998,0,1.25,90.0,270.0,90.0
20260724_230314__rp1p25__vinf25__inc90__toff56210__Om90__om0,0.6995832539017209,0.4459891336273008,27.25808449930504,322.4977062884298,213.7257737524971,160.33458062018062,433.4845806201806,90.0,False,1528.1926562994386,37,776.7435711870312,160.33458062375047,160.33458061661076,120.86553518331813,103.16966831027092,17.69586687304721,145.2948268267037,4.837666103228624,1,1.25,90.0,90.0,0.0
20260724_230314__rp1p25__vinf25__inc90__toff56210__Om90__om180,1.0131849381249898,0.0669541343062658,21.864130628991777,352.724863674075,372.50394616806807,11.840833699131533,284.9908336991315,64.15806723683289,False,457.6550341335979,21,332.19746356129673,11.856131215857433,11.825536182405635,-6.061412654295405,-16.77331911193129,10.711906457635884,-3.1989200943453806,2.2932477625034915,0,1.25,90.0,90.0,180.0
20260724_230314__rp1p25__vinf25__inc90__toff56210__Om90__om270,1.0299139630034797,0.0145259085033708,23.143614859815536,285.76057126019447,381.76772462760624,6.781203109085814,279.9312031090858,56.4426902380793,False,447.55288566311685,26,320.80569178163915,6.799858779070056,6.762547439101572,-11.344320066998037,-21.005083391340253,9.660763324342216,-8.2585506843911,1.1904864321118425,0,1.25,90.0,90.0,270.0
20260724_230314__rp1p25__vinf25__inc90__toff56210__Om90__om90,0.9605395562739848,0.0670371175348912,23.189020875940937,171.72411035677396,343.8513010378075,25.606930334405337,298.7569303344053,90.0,False,550.5916822805194,20,369.61167314894885,25.61906011863351,25.594800550177162,8.906224021114205,-3.7707108446168314,12.676934865731036,10.567176540928424,2.321061668385706,0,1.25,90.0,90.0,90.0
20260724_230314__rp1p25__vinf25__incm30__toff56210__Om0__om0,1.1129925526364088,0.0926226698419522,22.538115224941865,124.91932795605943,428.8803788867919,-47.115675925171935,226.03432407482805,,True,457.3110604515118,23,275.85734455127624,-47.11567592584694,-47.11567592449695,-48.92717012126469,-58.050592968235456,9.123422846970769,-62.15542971864885,2.3994402576775102,0,1.25,-30.0,0.0,0.0
20260724_230314__rp1p25__vinf25__incm30__toff56210__Om0__om180,0.89698800847795,0.1259757708900018,24.844330710589748,252.77334238503207,310.29712096859004,44.35872547974772,317.5087254797477,90.0,False,515.5654402191292,23,426.283576567944,44.35872547627913,44.3587254832163,23.701874060774262,12.749078357319073,10.95279570345519,29.318971686270807,2.952984904450308,0,1.25,-30.0,0.0,180.0
20260724_230314__rp1p25__vinf25__incm30__toff56210__Om0__om270,1.0297931255585948,0.045364969085449,23.227832031803512,3.666096120719821,381.7005387001233,6.945809014676188,280.09580901467615,56.4426902380793,False,468.42774793287407,27,321.17778778118134,6.944922514401191,6.946695514951183,-11.013532755148729,-21.26799371853747,10.25446096338874,-8.093944778800726,2.535016213774406,1,1.25,-30.0,0.0,270.0
20260724_230314__rp1p25__vinf25__incm30__toff56210__Om0__om90,1.1095676682457725,0.1260513471290239,19.4926063545096,158.5136452662008,426.9022859448388,-46.61820622801415,226.53179377198583,,True,409.49294743731554,24,278.59190392017825,-46.61820622854948,-46.61820622747882,-49.590724672967234,-57.251671472613396,7.660946799646162,-61.657960021491064,2.056120026560219,0,1.25,-30.0,0.0,90.0
20260724_230314__rp1p25__vinf25__incm30__toff56210__Om180__om0,0.8629390698088006,0.1376652646845733,22.80567847933653,245.4374894368332,292.79792100834794,56.21358149949488,329.36358149949484,90.0,False,523.8810120696055,25,461.3097993440537,56.21358149605716,56.21358150293259,32.14689419793291,22.16109915341112,9.98579504452179,41.17382770601797,3.387454558356076,1,1.25,-30.0,180.0,0.0
20260724_230314__rp1p25__vinf25__incm30__toff56210__Om180__om180,1.1342690679297591,0.1090245828007694,23.508372154175724,129.2823238579596,441.237000471042,-48.89895190087562,224.25104809912435,,True,466.1971017334436,21,266.0495379201495,-48.89895190156558,-48.89895190018567,-50.06090574300571,-59.57677276758434,9.515867024578625,-63.938705694352535,2.5106937842873505,0,1.25,-30.0,180.0,180.0
20260724_230314__rp1p25__vinf25__incm30__toff56210__Om180__om90,1.0350111877496022,0.0790299945578778,23.429425370204903,355.64085199980696,384.6053815097556,5.709752523574806,278.8597525235748,54.2046324563124,False,467.2138792424447,22,318.61670623956786,5.706049753937991,5.713455293211618,-12.515255616712285,-22.57078218073735,10.055526564025065,-9.330001269902109,3.915656930656839,1,1.25,-30.0,180.0,90.0
20260724_230314__rp1p25__vinf25__incm30__toff56210__Om270__om0,1.033474336483359,0.0759319391966541,21.97677433728807,359.3777081174182,383.749069324888,6.281778044426293,279.43177804442627,56.4426902380793,False,450.8281006920881,22,319.48786046036395,6.314982678847523,6.248573410005065,-12.42390529290771,-22.072917646141917,9.649012353234207,-8.75797574905062,2.508517218487221,0,1.25,-30.0,270.0,0.0
20260724_230314__rp1p25__vinf25__incm30__toff56210__Om270__om270,0.865916182713057,0.1380571955134143,23.04340285055204,241.17322120117512,294.3144426766608,55.14395198231891,328.2939519823189,90.0,False,531.9975928676911,25,458.1684216615381,55.14395197853382,55.143951986104014,31.540822600340736,21.35003398335719,10.190788616983546,40.104198188842,3.34211615778275,1,1.25,-30.0,270.0,270.0
20260724_230314__rp1p25__vinf25__incm30__toff56210__Om270__om90,1.1138937987947244,0.082715666335122,22.71445311352052,117.3675693131417,429.4014134120434,-47.24065969286503,225.90934030713495,,True,454.3491369727486,23,275.17017687305867,-47.240659693294525,-47.240659692435514,-49.03616416106104,-58.18218237884858,9.146018217787542,-62.28041348634194,2.249119825259604,0,1.25,-30.0,270.0,90.0
20260724_230314__rp1p25__vinf25__incm30__toff56210__Om90__om180,1.0333854636029165,0.0682164480838615,24.565979914668432,0.1896402274780153,383.69957005228287,5.9538438196507615,279.10384381965076,56.4426902380793,False,488.75187719680895,22,319.36424128478086,5.938876188749685,5.9688114505518355,-11.575531027242416,-22.258323082388358,10.682792055145942,-9.085909973826151,2.481813773484346,0,1.25,-30.0,90.0,180.0
20260724_230314__rp1p25__vinf25__incm30__toff56210__Om90__om270,1.10963811296614,0.0948846397420029,23.11801332737889,146.79441681046248,426.9429416303847,-46.80121862764561,226.34878137235438,,True,451.8638967784106,24,277.58708387408177,-46.80121862788488,-46.801218627406335,-48.56545267909437,-57.540408504250216,8.974955825155845,-61.84097242112252,2.343854963826142,0,1.25,-30.0,90.0,270.0
20260724_230314__rp1p25__vinf25__incm30__toff56210__Om90__om90,0.8969181950335438,0.1106525929191253,25.174604058978364,256.3083918362321,310.26089558583806,44.086684382132624,317.2366843821326,90.0,False,530.9907093387736,23,425.5666888502805,44.0866843797626,44.08668438450264,23.80540340334232,12.350398435256293,11.455004968086028,29.046930588655712,2.783527798239561,0,1.25,-30.0,90.0,90.0
20260724_230314__rp1p25__vinf25__incm60__toff56210__Om0__om0,1.0748363778934251,0.0800379698410865,22.711355739762546,120.14672759752528,407.0158533891191,-43.55025635998874,229.59974364001124,,True,483.8203398543985,54,295.46698258792907,-43.55025636057776,-43.55025635939969,-45.77744855467795,-55.03165631770666,9.25420776302871,-58.59001015346565,2.232876785047871,0,1.25,-60.0,0.0,0.0
20260724_230314__rp1p25__vinf25__incm60__toff56210__Om0__om180,0.9363813836900374,0.1049029471999296,24.46661599309663,255.2386744160011,330.9610964193246,32.407601651613355,305.5576016516133,90.0,False,481.2182433739141,21,390.20736529208875,32.40760164911868,32.40760165410803,13.793088869181695,2.8116416214420332,10.981447247739661,17.367847858136443,2.5570014661054064,0,1.25,-60.0,0.0,180.0
20260724_230314__rp1p25__vinf25__incm60__toff56210__Om0__om270,1.0212679646489864,0.0045773361912788,23.04592702035196,234.85481940414448,376.970489895495,9.278069228378385,282.4280692283784,61.37544904657465,False,462.9919932100489,20,326.22952625141005,9.283100889842583,9.273037566914187,-8.244391159604113,-18.72922790502,10.484836745415887,-5.761684565098529,1.491154036181539,1,1.25,-60.0,0.0,270.0
20260724_230314__rp1p25__vinf25__incm60__toff56210__Om0__om90,1.009826554105422,0.062936679984447,22.461331951578483,185.1466412677624,370.6533846308878,12.682640499202396,285.8326404992024,64.15806723683289,False,471.2311263635584,20,334.3231072046729,12.700349792679127,12.664931205725669,-4.461294996737314,-15.23737856832637,10.776083571589057,-2.3571132942745177,1.0590589531990957,0,1.25,-60.0,0.0,90.0
20260724_230314__rp1p25__vinf25__incm60__toff56210__Om180__om0,0.8759707125117374,0.1325190450766983,22.03023953160521,248.51870673562223,299.4554141041985,51.652325460685624,324.8023254606856,90.0,False,494.39283939646174,25,447.36935381307654,51.6523254589398,51.652325462431456,27.8845321256728,18.331971524777696,9.552560600895102,36.61257166720871,3.146026147245901,1,1.25,-60.0,180.0,0.0
20260724_230314__rp1p25__vinf25__incm60__toff56210__Om180__om180,1.126132908410452,0.1003541103004359,24.058422084386013,124.30816518048572,436.49800699113626,-48.24245785439655,224.90754214560343,,True,477.14913902754074,22,269.66016700139085,-48.24245785471681,-48.2424578540763,-49.324877300213814,-59.044897710472334,9.72002041025852,-63.28221164787346,2.488194399343471,0,1.25,-60.0,180.0,180.0
20260724_230314__rp1p25__vinf25__incm60__toff56210__Om180__om270,1.4031641081056083,0.2524034653683607,33.794837447363506,102.66632986249532,607.1003611318013,-64.80014310085936,208.3498568991406,,True,614.8211753800923,14,178.5975221778737,-64.80014310128162,-64.8001431004371,-59.72748256442715,-74.3057531337682,14.578270569341058,-79.83989689433628,3.3753541399398577,1,1.25,-60.0,180.0,270.0
20260724_230314__rp1p25__vinf25__incm60__toff56210__Om180__om90,1.034164683065793,0.0632707225476806,23.6449097108988,355.3824597817164,384.1336421463086,5.771610163741145,278.92161016374115,54.2046324563124,False,467.4253284961644,24,318.77903677025273,5.750269533419002,5.79295079406329,-12.375298856739066,-22.43015574238001,10.054856885640943,-9.268143629735768,3.2034578853410896,1,1.25,-60.0,180.0,90.0
20260724_230314__rp1p25__vinf25__incm60__toff56210__Om270__om0,1.0252208625293684,0.074549375840538,21.329434417920293,354.52653959362584,379.16124719754873,8.703384808476219,281.8533848084762,58.82116446134409,False,442.70812051121817,21,324.61863634708874,8.667621141894504,8.739148475057934,-10.117499701667597,-19.867244564834706,9.749744863167109,-6.336368985000695,2.379427857553279,0,1.25,-60.0,270.0,0.0
20260724_230314__rp1p25__vinf25__incm60__toff56210__Om270__om180,2.8000948538228903,0.7486763226422638,11.84987345695396,350.1481923698412,1711.4211922240415,-85.36996525727837,187.78003474272163,,True,420.5639784692651,6,65.46078806913711,-85.36996525733404,-85.36996525722269,-79.98279499359084,-92.32625250272659,12.343457509135746,-100.40971905075529,5.036521938823638,1,1.25,-60.0,270.0,180.0
20260724_230314__rp1p25__vinf25__incm60__toff56210__Om270__om270,0.8925047402018904,0.1038967774041066,22.536004036621577,225.27510404986387,307.97366933152955,45.646123241866526,318.7961232418665,90.0,False,536.8138018908968,24,429.4709756024834,45.6461232368498,45.64612324688326,24.048633680699687,13.173880438291935,10.874753242407753,30.606369448389614,2.9411409990490265,1,1.25,-60.0,270.0,270.0
20260724_230314__rp1p25__vinf25__incm60__toff56210__Om270__om90,1.0726044785153457,0.0366870573958,22.74354192540332,107.21329454480606,405.7487581795736,-43.46329768939596,229.686702310604,,True,449.8848378071296,72,295.94525829733305,-43.463297689690094,-43.463297689101815,-46.05274824371156,-54.811414128728295,8.758665885016732,-58.50305148287287,1.7176106221852498,0,1.25,-60.0,270.0,90.0
20260724_230314__rp1p25__vinf25__incm60__toff56210__Om90__om0,1.9877414188592812,0.4667687395008996,25.735679900614677,80.52562568045703,1023.6173095346649,-79.56818853659514,193.58181146340485,,True,471.01131276296957,9,97.3732657142865,-79.56818853658542,-79.56818853660485,-73.98309363483943,-87.65915481778137,13.676061182941936,-94.60794233007206,4.262339160010352,1,1.25,-60.0,90.0,0.0
20260724_230314__rp1p25__vinf25__incm60__toff56210__Om90__om180,1.0303017130440717,0.0628770806405783,25.00529996298221,356.1334204552204,381.98334125396485,6.725570054051586,279.87557005405154,56.4426902380793,False,492.9291817501706,23,321.165945532325,6.750531831344654,6.700608276758519,-10.427198439502199,-21.396486483705388,10.96928804420319,-8.314183739425328,2.3042995789075382,0,1.25,-60.0,90.0,180.0
20260724_230314__rp1p25__vinf25__incm60__toff56210__Om90__om270,1.0559082225312757,0.0648516927290094,22.98454822798428,179.26605959365128,396.31184073528186,-1.2499047205894283,271.90009527941055,46.23825730732021,False,444.4671158979788,31,305.8165477490708,-1.2980613432346106,-1.201748097944246,-20.295387818596105,-28.381722655706916,8.086334837110812,-16.289658514066343,1.7372113352970793,0,1.25,-60.0,90.0,270.0
20260724_230314__rp1p25__vinf25__incm60__toff56210__Om90__om90,0.934210788403687,0.0610362950206036,25.69229095227977,270.4184300656747,329.8109783170197,32.418587438509704,305.56858743850967,90.0,False,540.5679668001584,21,390.58796247622996,32.41858744319748,32.41858743382193,14.977773890916277,2.3166643669964344,12.661109523919842,17.378833645032792,1.9119403720739665,0,1.25,-60.0,90.0,90.0
20260724_230314__rp1p25__vinf25__incm90__toff56210__Om0__om0,1.0224015316943764,0.0710090882232284,24.266882457666316,127.26622821222897,377.5982975249432,9.146296927177854,282.2962969271778,61.37544904657465,False,548.1130652838116,22,326.32687364305656,9.0602380225811,9.232355831774607,-7.235374790494468,-19.358447704560966,12.123072914066498,-5.89345686629906,2.1831759457820934,0,1.25,-90.0,0.0,0.0
20260724_230314__rp1p25__vinf25__incm90__toff56210__Om0__om180,0.9788070387149064,0.0715409595893837,23.267322994635244,247.07979880415863,353.7068055380112,20.861913295502806,294.0119132955028,90.0,False,452.1106292253402,19,356.0559137858203,20.902316298624584,20.821510292381028,3.651517878183994,-7.056792513291265,10.708310391475258,5.822159502025892,2.0717059938883136,0,1.25,-90.0,0.0,180.0
20260724_230314__rp1p25__vinf25__incm90__toff56210__Om0__om270,1.0091850656160808,0.0633450096791938,22.86224221748051,194.71343177567303,370.3002564909012,12.813931249644487,285.9639312496445,64.15806723683289,False,468.05916564591865,19,334.75693248851655,12.835933976153939,12.791928523135041,-4.201168848416326,-14.988461414521602,10.787292566105275,-2.225822543832427,1.810888166927934,0,1.25,-90.0,0.0,270.0
20260724_230314__rp1p25__vinf25__incm90__toff56210__Om0__om90,0.9980425011865705,0.0340565800806111,23.30601169348946,217.2811309760013,364.1844046718208,15.572999265660092,288.72299926566006,70.81186354627908,False,474.51853530891424,16,341.7842663454379,15.579232865434607,15.566765665885578,-1.154123470454863,-12.496017866426058,11.341894395971195,0.5332454721831787,1.418536141370099,0,1.25,-90.0,0.0,90.0
20260724_230314__rp1p25__vinf25__incm90__toff56210__Om180__om0,0.9118711438180288,0.1185073433563601,21.989587936925464,252.5951468420164,318.0519036792758,39.91509488907207,313.06509488907204,90.0,False,460.1740988887397,23,412.09981476968693,39.9150948872028,39.915094890941326,18.336677275387167,8.756126966989317,9.58055030839785,24.87534109559516,2.7977280075517106,0,1.25,-90.0,180.0,0.0
20260724_230314__rp1p25__vinf25__incm90__toff56210__Om180__om180,1.0986787979135153,0.0858079970079632,24.279300032154005,120.46912178503926,420.6335466346259,-45.83176786225818,227.3182321377418,,True,492.88310962538657,25,282.9185474101932,-45.831767862926135,-45.83176786159023,-47.19245469918994,-56.97697297668403,9.784518277494094,-60.871521655735094,2.310312004267037,0,1.25,-90.0,180.0,180.0
20260724_230314__rp1p25__vinf25__incm90__toff56210__Om180__om270,1.041478728977254,0.0904580818332711,25.65685085232216,166.770081564708,388.2159700146112,3.5780899157848314,276.72808991578484,52.08179734355447,False,525.7622629417572,25,314.978911375931,3.5289612741972514,3.627218557372411,-13.553353787674105,-23.88553328946001,10.332179501785905,-11.461663877692082,1.5070246974352828,0,1.25,-90.0,180.0,270.0
20260724_230314__rp1p25__vinf25__incm90__toff56210__Om180__om90,1.0263457711345387,0.0258666454413316,23.920275364327207,351.6923393679653,379.78546205107136,7.810604314864822,280.9606043148648,58.82116446134409,False,473.1107728486463,23,323.1142246576951,7.825425045382259,7.795783584347386,-9.539459506657447,-20.200432214518656,10.660972707861209,-7.229149478612092,2.063692864694315,1,1.25,-90.0,180.0,90.0
20260724_230314__rp1p25__vinf25__incm90__toff56210__Om270__om0,1.013184937976095,0.0669541342426035,21.86413062620061,352.7248638272809,372.5039460859551,11.840833729694538,284.9908337296945,64.15806723683289,False,457.6550343780972,21,332.1974636575119,11.856131246451485,11.825536212937587,-6.061412631708236,-16.773319089860042,10.711906458151805,-3.198920063782376,2.2932477621330496,0,1.25,-90.0,270.0,0.0
20260724_230314__rp1p25__vinf25__incm90__toff56210__Om270__om180,0.6995761001694076,0.4459859833443018,27.25851776418784,322.4976696764172,213.72249551565383,160.33931137656924,433.4893113765692,90.0,False,1528.2234377760801,37,776.7580946275016,160.33931138014105,160.33931137299743,120.86982258045178,103.17374724277042,17.696075337681364,145.29955758309234,4.837638442473049,1,1.25,-90.0,270.0,180.0
20260724_230314__rp1p25__vinf25__incm90__toff56210__Om270__om270,0.9605395565139674,0.0670371173919726,23.18902087753412,171.7241106055906,343.85130116666994,25.606930271212686,298.75693027121264,90.0,False,550.591681667333,20,369.61167296070306,25.619060055501794,25.59480048692357,8.906223965464301,-3.770710891479755,12.676934856944056,10.567176477735773,2.3210616664429957,0,1.25,-90.0,270.0,270.0
20260724_230314__rp1p25__vinf25__incm90__toff56210__Om270__om90,1.0299139630015892,0.0145259085045067,23.143614859799623,285.76057127028685,381.7677246265552,6.781203109359098,279.9312031093591,56.4426902380793,False,447.5528856641267,26,320.8056917828222,6.799858779344884,6.762547439373311,-11.34432006698809,-21.005083391147174,9.660763324159085,-8.258550684117814,1.1904864320948672,0,1.25,-90.0,270.0,90.0
20260724_230314__rp1p25__vinf25__incm90__toff56210__Om90__om0,1.264465707950508,0.2235724462612859,21.71735312111373,107.87377820469146,519.347893158304,-57.57479289776888,215.5752071022311,,True,477.46190019062925,17,218.33266120391318,-57.57479289803733,-57.57479289750041,-57.33648726266279,-67.74188335968445,10.405396097021658,-72.61454669124579,3.32953435458318,1,1.25,-90.0,90.0,0.0
20260724_230314__rp1p25__vinf25__incm90__toff56210__Om90__om180,1.0222814440933143,0.0565676616202766,24.37236621545417,350.8125353681636,377.5317724746986,9.065279743491315,282.2152797434913,61.37544904657465,False,484.1835778484006,21,326.1017593996522,9.045209317356088,9.085350169626548,-8.003392087142045,-19.211766397999753,11.208374310857709,-5.974474049985599,2.0182082960734986,0,1.25,-90.0,90.0,180.0
20260724_230314__rp1p25__vinf25__incm90__toff56210__Om90__om270,0.9891239544298231,0.0587822963320555,22.041441340153064,242.85285552862524,359.3137773084276,18.173526029631077,291.32352602963107,75.16488841802429,False,436.1930661513723,17,348.3760698326333,18.217190755349684,18.129861303912467,0.5246703147771549,-9.645067478822774,10.169737793599928,3.1337722361541633,1.7361861623080546,0,1.25,-90.0,90.0,270.0
20260724_230314__rp1p25__vinf25__incm90__toff56210__Om90__om90,0.980115224167108,0.0190243141171677,25.44435169772675,353.55120741447035,354.4161414696068,20.04762959709992,293.1976295970999,90.0,False,546.7016393403592,19,354.2602858251373,20.048222861205325,20.04703633299452,4.699679771818783,-8.67729943348625,13.376979205305032,5.007875803623007,1.0702701847372984,0,1.25,-90.0,90.0,90.0
20260724_230314__rp1p5__vinf25__inc0__toff56210__Om0__om0,1.0750200545392623,0.0814512870503396,23.202493263690112,141.16451785494752,407.1201890378752,-43.56243495817636,229.5875650418236,,True,477.5305973737001,50,295.3999546172717,-43.562434958491984,-43.562434957860745,-45.69828768285013,-54.836490610386015,9.138202927535886,-58.60218875165327,2.185615693870533,0,1.5,0.0,0.0,0.0
20260724_230314__rp1p5__vinf25__inc0__toff56210__Om0__om180,0.9086086037726888,0.113692307311723,23.92686294093749,250.50911775146824,316.3465173768339,40.642898138980705,313.79289813898066,90.0,False,499.2389636865116,23,414.829444328797,40.64289813632662,40.64289814163479,20.222810235488236,9.499097806084558,10.723712429403678,25.603144345503793,2.8765330484361886,0,1.5,0.0,0.0,180.0
20260724_230314__rp1p5__vinf25__inc0__toff56210__Om0__om270,1.0212266638415275,0.0643257982348133,23.360947698113435,356.18714410666945,376.9476226920506,9.522931910645855,282.67293191064584,61.37544904657465,False,476.0254336754067,21,326.9295830015212,9.536162862159587,9.50970095913212,-7.899679214107294,-18.88623137604958,10.986552161942285,-5.516821882831058,2.40316860253932,0,1.5,0.0,0.0,270.0
20260724_230314__rp1p5__vinf25__inc0__toff56210__Om180__om0,0.9086086037726888,0.113692307311723,23.92686294093749,250.50911775146824,316.3465173768339,40.642898138980705,313.79289813898066,90.0,False,499.2389636865116,23,414.829444328797,40.64289813632662,40.64289814163479,20.222810235488236,9.499097806084558,10.723712429403678,25.603144345503793,2.8765330484361886,0,1.5,0.0,180.0,0.0
20260724_230314__rp1p5__vinf25__inc0__toff56210__Om180__om180,1.0750200558716427,0.0814512880900699,23.20249327114133,141.16451758515004,407.1201897947525,-43.562435086733366,229.58756491326662,,True,477.53059738480545,50,295.39995391021773,-43.56243508704898,-43.562435086417764,-45.69828778509008,-54.83649072426935,9.138202939179273,-58.60218888021028,2.1856156999701515,0,1.5,0.0,180.0,180.0
20260724_230314__rp1p5__vinf25__inc0__toff56210__Om180__om90,1.0212266638415275,0.0643257982348133,23.360947698113435,356.18714410666945,376.9476226920506,9.522931910645855,282.67293191064584,61.37544904657465,False,476.0254336754067,21,326.9295830015212,9.536162862159587,9.50970095913212,-7.899679214107294,-18.88623137604958,10.986552161942285,-5.516821882831058,2.40316860253932,0,1.5,0.0,180.0,90.0
20260724_230314__rp1p5__vinf25__inc0__toff56210__Om270__om0,1.0212266638415275,0.0643257982348133,23.360947698113435,356.18714410666945,376.9476226920506,9.522931910645855,282.67293191064584,61.37544904657465,False,476.0254336754067,21,326.9295830015212,9.536162862159587,9.50970095913212,-7.899679214107294,-18.88623137604958,10.986552161942285,-5.516821882831058,2.40316860253932,0,1.5,0.0,270.0,0.0
20260724_230314__rp1p5__vinf25__inc0__toff56210__Om270__om270,0.9086086040484996,0.113692307196398,23.92686294730985,250.5091179456564,316.3465175208757,40.6428980528048,313.7928980528048,90.0,False,499.2389633770905,23,414.82944407144134,40.642898050150826,40.6428980554588,20.2228101663812,9.49909773483976,10.723712431541442,25.60314425932789,2.8765330467988024,0,1.5,0.0,270.0,270.0
20260724_230314__rp1p5__vinf25__inc0__toff56210__Om270__om90,1.0750200558716427,0.0814512880900699,23.20249327114133,141.16451758515004,407.1201897947525,-43.562435086733366,229.58756491326662,,True,477.53059738480545,50,295.39995391021773,-43.56243508704898,-43.562435086417764,-45.69828778509008,-54.83649072426935,9.138202939179273,-58.60218888021028,2.1856156999701515,0,1.5,0.0,270.0,90.0
20260724_230314__rp1p5__vinf25__inc0__toff56210__Om90__om180,1.0212266638415275,0.0643257982348133,23.360947698113435,356.18714410666945,376.9476226920506,9.522931910645855,282.67293191064584,61.37544904657465,False,476.0254336754067,21,326.9295830015212,9.536162862159587,9.50970095913212,-7.899679214107294,-18.88623137604958,10.986552161942285,-5.516821882831058,2.40316860253932,0,1.5,0.0,90.0,180.0
20260724_230314__rp1p5__vinf25__inc0__toff56210__Om90__om270,1.0750200558716427,0.0814512880900699,23.20249327114133,141.16451758515004,407.1201897947525,-43.562435086733366,229.58756491326662,,True,477.53059738480545,50,295.39995391021773,-43.56243508704898,-43.562435086417764,-45.69828778509008,-54.83649072426935,9.138202939179273,-58.60218888021028,2.1856156999701515,0,1.5,0.0,90.0,270.0
20260724_230314__rp1p5__vinf25__inc0__toff56210__Om90__om90,0.9086086037726888,0.113692307311723,23.92686294093749,250.50911775146824,316.3465173768339,40.642898138980705,313.79289813898066,90.0,False,499.2389636865116,23,414.829444328797,40.64289813632662,40.64289814163479,20.222810235488236,9.499097806084558,10.723712429403678,25.603144345503793,2.8765330484361886,0,1.5,0.0,90.0,90.0
20260724_230314__rp1p5__vinf25__inc30__toff56210__Om0__om0,1.0770062825618545,0.0855007096138735,23.43737636363521,140.82899639057436,408.2490148510946,-43.74208980148579,229.40791019851417,,True,483.03872735719926,41,294.41160050336185,-43.7420898019048,-43.74208980106679,-45.737594035565536,-55.00031542644179,9.262721390876251,-58.7818435949627,2.133273951425599,0,1.5,30.0,0.0,0.0
20260724_230314__rp1p5__vinf25__inc30__toff56210__Om0__om180,0.9040500890084144,0.1167226733894383,23.18563911800247,246.712632370088,313.9688268803921,42.15765425720981,315.3076542572098,90.0,False,494.46236961646315,23,419.1716856941495,42.15765425336119,42.15765426105845,21.039387002584988,10.68101607419842,10.358370928386568,27.1179004637329,3.0016545545326814,1,1.5,30.0,0.0,180.0
20260724_230314__rp1p5__vinf25__inc30__toff56210__Om0__om270,0.9928237883050516,0.1251273334971578,23.23631348680715,287.4954560973929,361.331689725112,17.901021213821032,291.051021213821,75.16488841802429,False,400.2136401576812,17,347.92090412980855,17.994290916179764,17.8077515114623,0.08416372947292364,-9.537076249779807,9.62123997925273,2.8612674203441184,3.497305727979784,0,1.5,30.0,0.0,270.0
20260724_230314__rp1p5__vinf25__inc30__toff56210__Om180__om0,0.9270055377622884,0.1015084240635654,24.329206528642725,254.5936779408907,326.00276471540207,35.01014891622305,308.160148916223,90.0,False,491.99616855850905,22,397.99953121077175,35.01014891407022,35.010148918375876,15.901973318013368,4.846875753322523,11.055097564690845,19.97039512274614,2.565390124574687,0,1.5,30.0,180.0,0.0
20260724_230314__rp1p5__vinf25__inc30__toff56210__Om180__om180,1.0609028603812232,0.0679252508904427,23.044777209836248,136.91558235591006,399.1271039464125,-3.280243929806192,269.8697560701938,42.670233871257594,False,480.07881682621354,28,303.005906392899,-3.4433053377245946,-3.1171825218877895,-22.085724773077583,-30.748877835225255,8.663153062147671,-18.319997723283105,2.0365700723017897,0,1.5,30.0,180.0,180.0
20260724_230314__rp1p5__vinf25__inc30__toff56210__Om180__om270,1.098892022402589,0.0853558457740039,21.69160003837096,120.77943712991576,420.75600334082833,-45.85352385129497,227.296476148705,,True,452.16724015677505,26,282.7977412685358,-45.853523851541546,-45.8535238510484,-48.14915222479197,-56.98946493185538,8.840312707063411,-60.893277644771885,1.914523103861192,0,1.5,30.0,180.0,270.0
20260724_230314__rp1p5__vinf25__inc30__toff56210__Om180__om90,1.0175893542939871,0.041585369431535,23.286500551743977,357.1852177077208,374.9355518150238,10.346018326794931,283.4960183267949,61.37544904657465,False,475.2791608093224,21,328.87349317472615,10.349017464438605,10.343019189151253,-6.917536857065742,-18.005254300679816,11.087717443614075,-4.693735466681982,2.185495890077436,1,1.5,30.0,180.0,90.0
20260724_230314__rp1p5__vinf25__inc30__toff56210__Om270__om0,1.0187112410058103,0.0601744325785075,24.34282204095638,357.2700586297773,375.55576928385096,10.079490866709182,283.22949086670917,61.37544904657465,False,494.08095286610006,20,328.4608753947083,10.096936879304888,10.062044854113479,-6.633531140014694,-18.281580402493844,11.648049262479152,-4.960262926767731,2.289736260879748,0,1.5,30.0,270.0,0.0
20260724_230314__rp1p5__vinf25__inc30__toff56210__Om270__om180,2.311459246265036,0.5512824242902861,32.952435177983766,70.04527331166464,1283.5924426124411,-83.39445482574449,189.75554517425547,,True,603.9088363607481,8,76.3297211990938,-83.39445482574307,-83.39445482574588,-74.80349589005091,-91.39825774903531,16.5947618589844,-98.43420861922141,4.20605435749709,1,1.5,30.0,270.0,180.0
20260724_230314__rp1p5__vinf25__inc30__toff56210__Om270__om270,0.9274970598502246,0.0935349502241204,24.684980054111097,257.53075946641127,326.2620816100092,34.732815122151,307.882815122151,90.0,False,502.2639945361806,22,397.265805378801,34.73281512078861,34.7328151235134,15.949327698762684,4.543606690394494,11.40572100836819,19.69306132867409,2.441661274515735,0,1.5,30.0,270.0,270.0
20260724_230314__rp1p5__vinf25__inc30__toff56210__Om270__om90,1.0633265343125884,0.0791873491730988,23.448582024108333,157.2177918418539,400.4956169449426,-4.335314965766276,268.8146850342337,40.961788552349375,False,474.3375531996118,33,301.87751724897504,-4.479393995636097,-4.191235935896454,-22.96561976957546,-31.415097590818885,8.449477821243423,-19.37506875924319,1.973278007251636,0,1.5,30.0,270.0,90.0
20260724_230314__rp1p5__vinf25__inc30__toff56210__Om90__om180,1.0209249749544975,0.0660902176094068,22.313811684289448,353.8995097937569,376.7805992776128,9.698764561679077,282.84876456167905,61.37544904657465,False,458.43977335739163,22,327.1606303040215,9.724505484639641,9.673023638718513,-8.238660419798464,-18.741959496120824,10.50329907632236,-5.3409892317978365,2.237994708269172,0,1.5,30.0,90.0,180.0
20260724_230314__rp1p5__vinf25__inc30__toff56210__Om90__om270,1.0661377400240546,0.0634160314235695,22.882302737324647,128.819099637807,402.0849020960378,-5.986138134815273,267.1638618651847,39.2964802391875,False,474.1541145610077,46,299.94839205511346,-6.093962044388706,-5.878314225241841,-24.54537275057854,-33.083178077974246,8.537805327395706,-21.025891928292186,1.9399896704272903,0,1.5,30.0,90.0,270.0
20260724_230314__rp1p5__vinf25__inc30__toff56210__Om90__om90,0.9048641388799288,0.11162403667002,23.102679626607404,241.4584668187088,314.3929911161711,41.832661201674945,314.98266120167494,90.0,False,502.4069907694939,23,418.17110081521037,41.83266119689055,41.83266120645935,20.87331767999644,10.355937100765,10.517380579231439,26.792907408198033,2.934294696137278,1,1.5,30.0,90.0,90.0
20260724_230314__rp1p5__vinf25__inc60__toff56210__Om0__om0,1.0706488794110347,0.0761578026439939,23.692963565885087,136.58259763004438,404.6396073136154,-9.423553055012947,263.726446944987,34.51810784106126,False,488.5875375943686,58,297.69197221165183,-9.601093191674352,-9.246012918351546,-27.072246408459314,-35.889538801805536,8.817292393346222,-24.46330684848986,2.138665804934337,0,1.5,60.0,0.0,0.0
20260724_230314__rp1p5__vinf25__inc60__toff56210__Om0__om180,0.914373360380201,0.1105435793640417,22.60381442423305,247.56731326411688,319.3619250273802,38.98365434286548,312.13365434286544,90.0,False,477.5328065918456,23,409.4688459204432,38.98365434036478,38.98365434536618,18.118374954823608,7.998252574738697,10.120122380084911,23.943900549388566,2.7687055234155658,0,1.5,60.0,0.0,180.0
20260724_230314__rp1p5__vinf25__inc60__toff56210__Om0__om270,1.0201501785013458,0.0567193617802323,23.547602413105963,352.3095041967002,376.3517633423298,9.746737669174328,282.8967376691743,61.37544904657465,False,474.7921088669658,21,327.46856866869746,9.769712346382297,9.723762991966359,-7.485112095452226,-18.55164805961308,11.066535964160853,-5.293016124302586,2.733402455326336,1,1.5,60.0,0.0,270.0
20260724_230314__rp1p5__vinf25__inc60__toff56210__Om0__om90,1.4378879101100908,0.2886066544243749,29.127300787224254,76.40448276717358,629.7748868812992,-66.02081544127458,207.1291845587254,,True,564.879224523778,14,171.88302389191156,-66.0208154412574,-66.02081544129176,-62.25508770090327,-75.85479999390262,13.59971229299935,-81.0605692347515,3.2492791030634525,1,1.5,60.0,0.0,90.0
20260724_230314__rp1p5__vinf25__inc60__toff56210__Om180__om0,0.9608202436664308,0.0811552634604784,23.988732810865777,254.4375076942956,344.0020315958825,25.59387408758097,298.74387408758093,90.0,False,468.78831869081944,20,369.78453563606666,25.616453460895674,25.571294714266283,8.118295010799738,-2.9857417267478787,11.104036737547617,10.554120294104058,2.194611630446276,0,1.5,60.0,180.0,0.0
20260724_230314__rp1p5__vinf25__inc60__toff56210__Om180__om180,1.0334875168568076,0.0517174764304936,23.331497523445226,135.79606750819397,383.7564105408122,5.892358778866173,279.0423587788662,54.2046324563124,False,497.6112697237775,26,318.98425327919716,5.820046969359534,5.9646705883728135,-11.979936711127284,-22.235295491141077,10.255358780013793,-9.14739501461074,1.8896942953481708,0,1.5,60.0,180.0,180.0
20260724_230314__rp1p5__vinf25__inc60__toff56210__Om180__om270,1.0125058881252114,0.0312066660031809,22.967830513698825,183.68248938104296,372.1295232844972,11.713611587040342,284.86361158704034,64.15806723683289,False,473.5284242733022,20,332.05849260990107,11.708266764721174,11.718956409359514,-5.40821080613715,-16.348238970718196,10.940028164581046,-3.3261422064365718,0.6392625528957024,0,1.5,60.0,180.0,270.0
20260724_230314__rp1p5__vinf25__inc60__toff56210__Om180__om90,1.0131995381553751,0.006693437887249,23.14349243484623,294.3075147104892,372.5119978894082,11.443345084438514,284.5933450844385,64.15806723683289,False,469.69367969412434,21,331.44990313912524,11.446035838207536,11.44065433066949,-5.735887237304453,-16.720970711329414,10.985083474024961,-3.5964087090384,1.4676731046471096,1,1.5,60.0,180.0,90.0
20260724_230314__rp1p5__vinf25__inc60__toff56210__Om270__om0,1.018395051905461,0.0545987019174289,24.607296413248807,353.007225304494,375.3809345200211,10.08657563555071,283.2365756355507,61.37544904657465,False,493.54070498559844,21,328.55937177478523,10.104022173240535,10.069129097860888,-6.527812877786672,-18.186906863587215,11.659093985800542,-4.953178157926203,1.877557992438923,0,1.5,60.0,270.0,0.0
20260724_230314__rp1p5__vinf25__inc60__toff56210__Om270__om180,1.4119759904589813,0.2573047502156421,24.324195356061068,77.40892353123054,612.8282234606945,-65.1608790859166,207.98912091408337,,True,458.2720505967167,14,176.61106470725701,-65.16087908591722,-65.160879085916,-63.214398161990154,-74.70819564049883,11.493797478508675,-80.20063287939352,3.411907097624047,1,1.5,60.0,270.0,180.0
20260724_230314__rp1p5__vinf25__inc60__toff56210__Om270__om270,0.9545289365692792,0.0551404056677649,25.01616268235385,269.98888066673913,340.6288577735137,26.94537395927796,300.09537395927794,90.0,False,511.74811173093775,20,374.0082403388794,26.95193624337012,26.938811675185804,10.078340320889007,-2.217439440763868,12.295779761652874,11.905620165801045,1.7135371519064644,0,1.5,60.0,270.0,270.0
20260724_230314__rp1p5__vinf25__inc60__toff56210__Om270__om90,1.0345885351492123,0.0558805337385765,23.259796678018244,185.7882763584703,384.3698219277811,5.630832394707421,278.7808323947074,54.2046324563124,False,458.95713414048754,22,318.37718847573586,5.654193635184394,5.6074711542304465,-12.488793829809518,-21.88461432819643,9.395820498386913,-9.408921398769493,1.431145445237927,0,1.5,60.0,270.0,90.0
20260724_230314__rp1p5__vinf25__inc60__toff56210__Om90__om0,1.021313184129059,0.3251657078987346,17.86700848485674,12.2330787285168,376.995527298271,17.020055500920282,290.1700555009203,70.81186354627908,False,669.1510677226585,16,344.94240835439257,16.98011871854406,17.059992283296502,-1.287205952415139,-15.15653576791149,13.869329815496352,1.9803017074433686,3.6015224336951888,1,1.5,60.0,90.0,0.0
20260724_230314__rp1p5__vinf25__inc60__toff56210__Om90__om180,1.016372128982896,0.0636144714720576,21.890775777424484,349.2424078511881,374.2630145059072,10.983914376523844,284.1339143765238,61.37544904657465,False,451.14640342915817,23,330.04501217531424,10.992323363723317,10.975505389324367,-7.018780484934643,-17.500295299109613,10.48151481417497,-4.05583941695307,1.7925554013365197,0,1.5,60.0,90.0,180.0
20260724_230314__rp1p5__vinf25__inc60__toff56210__Om90__om270,1.0457419397359071,0.027483907259949,22.864714193585023,120.1579394631686,390.6021047488388,2.01896905817717,275.16896905817714,50.05549481018513,False,464.40971301784344,27,311.25273020547576,1.9757378693078762,2.0622002470464627,-16.758967682315593,-25.789082444804116,9.030114762488523,-13.020784735299744,1.492885959426041,0,1.5,60.0,90.0,270.0
20260724_230314__rp1p5__vinf25__inc60__toff56210__Om90__om90,0.9233971969096548,0.0852183841459302,22.7583848462594,224.7798952957432,324.10118441823374,35.985666776566205,309.13566677656615,90.0,False,512.9862325126086,22,400.5011292349409,35.98566676675959,35.9856667863728,16.3703921197104,5.259027149306608,11.111364970403791,20.945912983089293,2.573336899390136,0,1.5,60.0,90.0,90.0
20260724_230314__rp1p5__vinf25__inc90__toff56210__Om0__om0,1.0508950051828994,0.0609434262107687,23.70916321681011,133.9218186339796,393.4927927362197,0.39346901318539385,273.54346901318536,48.11140308495899,False,496.03127749955803,33,308.66507067453676,0.3333986425972766,0.4535393837735113,-17.98021745021253,-27.32007353236892,9.339856082156391,-14.64628478029152,1.985499677961449,0,1.5,90.0,0.0,0.0
20260724_230314__rp1p5__vinf25__inc90__toff56210__Om0__om180,0.9411664772356484,0.0933608058885213,22.54145926272763,252.10621281196435,333.5012494110833,31.114047625892038,304.26404762589203,90.0,False,457.9545250239311,21,385.8035667455713,31.114047627249374,31.114047624534713,11.740851052234422,1.4741113312896441,10.266739720944779,16.074293832415123,2.407808789644094,0,1.5,90.0,0.0,180.0
20260724_230314__rp1p5__vinf25__inc90__toff56210__Om0__om270,1.0176863657769295,0.0268940619892991,23.721659655710177,345.8140758832982,374.9891695940789,10.207957896055936,283.3579578960559,61.37544904657465,False,475.4344758797198,21,328.64523424624025,10.219966273532897,10.195949518578972,-6.844025102358615,-17.958229766403687,11.114204664045072,-4.831795897420978,2.1149993626569774,1,1.5,90.0,0.0,270.0
20260724_230314__rp1p5__vinf25__inc90__toff56210__Om0__om90,1.0383783600544902,0.043538913416739,24.462548245024543,144.73318338737718,386.4837456863845,4.25309525539762,277.4030952553976,54.2046324563124,False,499.9494383184343,29,315.8631042804313,4.183344192305757,4.322846318489485,-13.439136295882257,-23.580496014241962,10.141359718359706,-10.786658538079294,1.170454157599983,0,1.5,90.0,0.0,90.0
20260724_230314__rp1p5__vinf25__inc90__toff56210__Om180__om0,0.9914725430845952,0.0514260207616315,23.102248878213462,249.0164331193934,360.59427555501486,17.429283503904088,290.5792835039041,75.16488841802429,False,452.21757000970297,17,346.58661494093707,17.455310336154223,17.40325667165396,0.36976087855506534,-10.472172021748854,10.841932900303918,2.3895297104271744,1.757313773351913,0,1.5,90.0,180.0,0.0
20260724_230314__rp1p5__vinf25__inc90__toff56210__Om180__om180,0.996594287891777,0.0403365076647411,24.589986445848645,153.4963290377674,363.3920155869055,15.891904041814447,289.0419040418144,70.81186354627908,False,537.263393959131,15,342.85851538508393,15.875968792139727,15.907839291489172,0.3682859042947675,-12.51685418614388,12.885140090438647,0.8521502483375336,1.8793280038178464,0,1.5,90.0,180.0,180.0
20260724_230314__rp1p5__vinf25__inc90__toff56210__Om180__om270,1.0013601975932618,0.0215367756822432,23.33900905738251,229.18176707535972,366.0018475968288,14.64566513772059,287.79566513772056,70.81186354627908,False,474.71270932552557,20,339.4049933443962,14.675063612582315,14.616266662858857,-2.0452558246075108,-13.41715884810206,11.37190302349455,-0.3940886557563239,1.168608450052088,0,1.5,90.0,180.0,270.0
20260724_230314__rp1p5__vinf25__inc90__toff56210__Om180__om90,1.0052969128711902,0.0452024804357673,23.033467304036467,197.99152373171623,368.1622993480382,13.716890389639644,286.8668903896396,67.25314872563517,False,472.07505883898955,19,337.01837418290785,13.71988928559929,13.71389149367999,-3.1977308500240698,-14.263240711879318,11.065509861855247,-1.3228634038372693,1.97762907385895,1,1.5,90.0,180.0,90.0
20260724_230314__rp1p5__vinf25__inc90__toff56210__Om270__om0,1.0140635381625986,0.0468635756008049,24.02439427019865,346.289826040609,372.98858561127753,11.317161319810698,284.46716131981066,64.15806723683289,False,482.3148515753332,21,331.24186491289635,11.338594417672702,11.295728221948695,-5.42269126980833,-16.935497050929342,11.512805781121013,-3.722592473666216,1.900048913898988,0,1.5,90.0,270.0,0.0
20260724_230314__rp1p5__vinf25__inc90__toff56210__Om270__om180,1.1691694632645298,0.1376113851682779,22.06236312373045,95.15133048388792,461.7575297110199,-51.58039114502145,221.56960885497853,,True,463.01079660978803,19,251.3012994004208,-51.58039114557875,-51.58039114446417,-52.636264480036225,-62.34800756607322,9.711743086036996,-66.62014493849837,2.852045417007277,1,1.5,90.0,270.0,180.0
20260724_230314__rp1p5__vinf25__inc90__toff56210__Om270__om270,0.9864108798721064,0.0164593750226594,24.748275082127364,324.5483591991284,357.8364453522756,18.487818332744503,291.6378183327445,81.4509211694784,False,519.2275161436743,19,349.73674349487766,18.501241447046997,18.474395218442023,2.7468313854341466,-9.931618592041218,12.678449977475365,3.4480645392675893,0.92331559317382,0,1.5,90.0,270.0,270.0
20260724_230314__rp1p5__vinf25__inc90__toff56210__Om270__om90,0.9963157330443012,0.0450362094815923,22.388359350956392,236.9612485526635,363.2396704423437,16.165233154983913,289.3152331549839,70.81186354627908,False,446.76123813313075,13,343.1192116567329,16.205319621647845,16.125146688319973,-1.168954330317205,-11.710663474652415,10.541709144335211,1.125479361506999,1.4964360981285028,0,1.5,90.0,270.0,90.0
20260724_230314__rp1p5__vinf25__inc90__toff56210__Om90__om0,0.8602410439714817,0.217353722528989,23.66985561957632,325.83729352553604,291.4258220059688,59.36200859461874,332.5120085946187,90.0,False,642.1669137508544,26,471.04962041224,59.36200859981779,59.362008589419716,35.0980112359348,22.451518547790776,12.646492688144022,44.32225480114183,3.656514405769189,1,1.5,90.0,90.0,0.0
20260724_230314__rp1p5__vinf25__inc90__toff56210__Om90__om180,1.0090446209652568,0.0561608632393513,22.41766739227649,347.4757863420504,370.2229591508639,12.875618163197707,286.0256181631977,64.15806723683289,False,463.3802330671732,18,334.70589750863576,12.894193228053119,12.857043098342293,-4.580280277137082,-15.61156206638666,11.03128178924958,-2.1641356302792065,1.902603023902916,0,1.5,90.0,90.0,180.0
20260724_230314__rp1p5__vinf25__inc90__toff56210__Om90__om270,1.018421018339993,0.0124061632794655,23.215053722994995,272.29306232291435,375.3952914730157,10.022651751197994,283.172651751198,61.37544904657465,False,460.1869675542879,22,328.0778050006622,10.032849294530694,10.012454207865291,-7.358727209856726,-17.95381174548956,10.595084535632834,-5.017102042278919,1.0397884152261216,0,1.5,90.0,90.0,270.0
20260724_230314__rp1p5__vinf25__inc90__toff56210__Om90__om90,0.9705364661052516,0.0518842818167181,23.39280766701818,176.24466358886002,349.23324321237965,22.860458011791945,296.0104580117919,90.0,False,532.207084982425,22,361.7093724619269,22.878502561932546,22.842413461651347,6.459038495551001,-6.007508243472788,12.466546739023789,7.820704218315031,2.1141689646263746,0,1.5,90.0,90.0,90.0
20260724_230314__rp1p5__vinf25__incm30__toff56210__Om0__om0,1.060902859209709,0.0679252513719667,23.04477722030585,136.91558318002535,399.1271032853014,-3.2802437292906403,269.86975627070933,42.670233871257594,False,480.07881786846804,28,303.00590707205106,-3.4433051377927213,-3.11718232078856,-22.085724622896024,-30.748877679695045,8.663153056799022,-18.319997522767554,2.036570066386711,0,1.5,-30.0,0.0,0.0
20260724_230314__rp1p5__vinf25__incm30__toff56210__Om0__om180,0.9270055368673908,0.1015084241076837,24.32920653960456,254.5936785413076,326.0027642433351,35.010149171189695,308.1601491711897,90.0,False,491.9961692390204,22,397.9995319810015,35.01014916903714,35.010149173342256,15.901973525097219,4.846875954658651,11.05509757043857,19.970395377712784,2.565390128808834,0,1.5,-30.0,0.0,180.0
20260724_230314__rp1p5__vinf25__incm30__toff56210__Om0__om270,1.017589354275461,0.0415853696772603,23.28650054900012,357.1852185039391,374.9355518047847,10.346018323694787,283.4960183236948,61.37544904657465,False,475.27916135454313,21,328.87349319006745,10.349017460951128,10.343019186438447,-6.917536873547867,-18.00525431475047,11.087717441202603,-4.693735469782126,2.1854958915678004,1,1.5,-30.0,0.0,270.0
20260724_230314__rp1p5__vinf25__incm30__toff56210__Om0__om90,1.0988920227590886,0.0853558457559029,21.691600036455817,120.7794374006761,420.7560035455791,-45.85352388473755,227.29647611526244,,True,452.1672396733891,26,282.79774108460674,-45.85352388498435,-45.85352388449074,-48.14915225654371,-56.98946495754532,8.840312701001615,-60.89327767821446,1.914523105429481,0,1.5,-30.0,0.0,90.0
20260724_230314__rp1p5__vinf25__incm30__toff56210__Om180__om0,0.9040500892000016,0.1167226736319878,23.18563912250305,246.71263219665772,313.9688269801971,42.15765420169171,315.30765420169166,90.0,False,494.4623695288864,23,419.1716855285181,42.157654197843044,42.15765420554037,21.039386961268644,10.681016033923816,10.358370927344827,27.1179004082148,3.001654555415808,1,1.5,-30.0,180.0,0.0
20260724_230314__rp1p5__vinf25__incm30__toff56210__Om180__om180,1.0770062823212594,0.0855007098335585,23.4373763618584,140.82899632838135,408.24901471429496,-43.74208977655736,229.40791022344263,,True,483.0387277846449,41,294.4116006404712,-43.742089776976364,-43.74208977613833,-45.737594011812185,-55.00031540665731,9.262721394845123,-58.78184357003427,2.1332739502517013,0,1.5,-30.0,180.0,180.0
20260724_230314__rp1p5__vinf25__incm30__toff56210__Om180__om90,0.9928237881798676,0.1251273333534651,23.236313486687624,287.4954560626107,361.3316896567722,17.901021241044386,291.05102124104434,75.16488841802429,False,400.2136403131356,17,347.9209042111913,17.994290943431842,17.807751538656927,0.08416375372395679,-9.537076227989814,9.62123998171377,2.8612674475674726,3.4973057278568302,0,1.5,-30.0,180.0,90.0
20260724_230314__rp1p5__vinf25__incm30__toff56210__Om270__om0,1.0209249749752212,0.06609021743367,22.313811690905517,353.8995100600271,376.780599289085,9.698764552918053,282.84876455291806,61.37544904657465,False,458.43977368323704,22,327.160630286923,9.724505476030934,9.673023629805172,-8.2386604246537,-18.74195950549945,10.503299080845752,-5.34098924055886,2.2379947072711266,0,1.5,-30.0,270.0,0.0
20260724_230314__rp1p5__vinf25__incm30__toff56210__Om270__om270,0.9048641387271908,0.1116240365577352,23.102679625990486,241.45846693910332,314.3929910365684,41.83266124692856,314.98266124692856,90.0,False,502.4069908330773,23,418.17110095107466,41.83266124214415,41.83266125171296,20.873317715382047,10.355937135581666,10.517380579800381,26.792907453451647,2.9342946960786374,1,1.5,-30.0,270.0,270.0
20260724_230314__rp1p5__vinf25__incm30__toff56210__Om270__om90,1.0661377400214511,0.0634160314265077,22.882302737281343,128.81909963598622,402.0849020945652,-5.9861381343292805,267.1638618656707,39.2964802391875,False,474.15411456621337,46,299.9483920566345,-6.09396204389815,-5.878314224760408,-24.54537275018674,-33.08317807763531,8.53780532744857,-21.025891927806192,1.9399896704123003,0,1.5,-30.0,270.0,90.0
20260724_230314__rp1p5__vinf25__incm30__toff56210__Om90__om0,2.31145927590767,0.5512824018530567,32.952435467290705,70.0452720594917,1283.5924673040265,-83.39445542832837,189.7555445716716,,True,603.9087636042823,8,76.32971788500335,-83.39445542832665,-83.39445542833008,-74.80349683435962,-91.39825801154636,16.59476117718674,-98.43420922180529,4.206054415029604,1,1.5,-30.0,90.0,0.0
20260724_230314__rp1p5__vinf25__incm30__toff56210__Om90__om180,1.0187112406963994,0.0601744328464587,24.342822040075927,357.27005886547994,375.55576911275085,10.07949093106074,283.2294909310607,61.37544904657465,False,494.08095345387824,20,328.46087559954896,10.096936943346863,10.062044918774612,-6.633531093449521,-18.28158035764659,11.64804926419707,-4.960262862416174,2.289736262422303,0,1.5,-30.0,90.0,180.0
20260724_230314__rp1p5__vinf25__incm30__toff56210__Om90__om270,1.0633265358053183,0.0791873498677964,23.448582011635377,157.2177925881408,400.4956177882844,-4.335315228555348,268.8146847714446,40.961788552349375,False,474.33755131677145,33,301.87751641811695,-4.479394257512812,-4.191236199597882,-22.96561998119255,-31.41509777722517,8.449477796032621,-19.37506902203226,1.973278011215446,0,1.5,-30.0,90.0,270.0
20260724_230314__rp1p5__vinf25__incm30__toff56210__Om90__om90,0.9274970600572356,0.0935349504039921,24.68498005435107,257.53075956275467,326.2620817192384,34.732815065448385,307.88281506544837,90.0,False,502.26399411118274,22,397.2658052082096,34.73281506408602,34.73281506681076,15.949327648964188,4.543606646392025,11.405721002572163,19.693061271971473,2.441661274372672,0,1.5,-30.0,90.0,90.0
20260724_230314__rp1p5__vinf25__incm60__toff56210__Om0__om0,1.033487517269453,0.0517174759925783,23.33149752491445,135.79606746302665,383.7564107706488,5.89235869446625,279.0423586944662,54.2046324563124,False,497.61126901520646,26,318.9842530172287,5.820046884670624,5.964670504261877,-11.979936779990739,-22.235295554548337,10.255358774557598,-9.147395099010664,1.889694292709492,0,1.5,-60.0,0.0,0.0
20260724_230314__rp1p5__vinf25__incm60__toff56210__Om0__om180,0.9608202436394616,0.0811552634632543,23.98873281119072,254.43750766762452,344.00203158139897,25.59387409453236,298.7438740945323,90.0,False,468.78831873261566,20,369.78453565690944,25.616453467833757,25.57129472123095,8.118295016983554,-2.985741720963944,11.104036737947498,10.554120301055447,2.1946116305929597,0,1.5,-60.0,0.0,180.0
20260724_230314__rp1p5__vinf25__incm60__toff56210__Om0__om270,1.0131995384121588,0.0066934379303492,23.14349243400955,294.307517338852,372.5119980310214,11.443345004423799,284.5933450044238,64.15806723683289,False,469.69367952450887,21,331.4499029712166,11.446035758281884,11.440654250565713,-5.735887356295093,-16.720970789329648,10.985083433034555,-3.5964087890531147,1.4676731058932744,1,1.5,-60.0,0.0,270.0
20260724_230314__rp1p5__vinf25__incm60__toff56210__Om0__om90,1.0125058879159738,0.0312066657855808,22.96783051459866,183.68248943350787,372.1295231691446,11.71361163073535,284.8636116307353,64.15806723683289,False,473.52842444095273,20,332.0584927448858,11.708266808222227,11.718956453248476,-5.408210773272485,-16.348238938080083,10.940028164807599,-3.3261421627415633,0.6392625515473143,0,1.5,-60.0,0.0,90.0
20260724_230314__rp1p5__vinf25__incm60__toff56210__Om180__om0,0.914373360710874,0.1105435793316128,22.60381442263096,247.56731352253504,319.3619252006208,38.983654243967166,312.13365424396716,90.0,False,477.5328059678691,23,409.4688456227973,38.9836542414666,38.983654246467715,18.118374868315005,7.998252493965847,10.120122374349158,23.943900450490254,2.768705521843776,0,1.5,-60.0,180.0,0.0
20260724_230314__rp1p5__vinf25__incm60__toff56210__Om180__om180,1.070648878866432,0.0761578024821342,23.692963566701337,136.5825979687794,404.6396070048759,-9.423552970301696,263.7264470296983,34.51810784106126,False,488.5875376985824,58,297.69197251081243,-9.601093107711124,-9.246012832892266,-27.072246346672102,-35.889538736155686,8.817292389483583,-24.46330676377861,2.1386658023428,0,1.5,-60.0,180.0,180.0
20260724_230314__rp1p5__vinf25__incm60__toff56210__Om180__om270,1.4378879097199324,0.2886066542732922,29.127300785749423,76.40448273659905,629.7748866249732,-66.02081542580102,207.12918457419897,,True,564.8792245443212,14,171.88302397701378,-66.02081542578385,-66.02081542581816,-62.25508768880055,-75.8547999802374,13.599712291436852,-81.06056921927794,3.249279102390506,1,1.5,-60.0,180.0,270.0
20260724_230314__rp1p5__vinf25__incm60__toff56210__Om180__om90,1.020150177747054,0.0567193622873085,23.547602413795623,352.30950475185045,376.351762924922,9.746737824482747,282.8967378244827,61.37544904657465,False,474.79211016277407,21,327.4685691624021,9.769712501184143,9.723763147781348,-7.485111980960326,-18.551647949745522,11.066535968785196,-5.293015968994167,2.733402458278177,1,1.5,-60.0,180.0,90.0
20260724_230314__rp1p5__vinf25__incm60__toff56210__Om270__om0,1.016372129012447,0.0636144714681932,21.8907757765922,349.24240781016874,374.26301452222975,10.983914370656136,284.1339143706561,61.37544904657465,False,451.1464033488527,23,330.0450121560406,10.992323357864855,10.975505383447416,-7.0187804895972,-17.500295303132415,10.481514813535215,-4.055839422820778,1.7925554013161458,0,1.5,-60.0,270.0,0.0
20260724_230314__rp1p5__vinf25__incm60__toff56210__Om270__om180,1.0213128888408782,0.3251659628745861,17.867014075131745,12.233008960983286,376.9953637994778,17.020132069943593,290.1701320699436,70.81186354627908,False,669.1517137169656,16,344.94263979847995,16.980195242989442,17.06006889689774,-1.2871430544050797,-15.156478019684913,13.869334965279833,1.9803782764666789,3.601523291488335,1,1.5,-60.0,270.0,180.0
20260724_230314__rp1p5__vinf25__incm60__toff56210__Om270__om270,0.9233971969233744,0.0852183841652211,22.758384846373776,224.7798953015578,324.10118442545684,35.98566677281745,309.13566677281744,90.0,False,512.9862324833397,22,400.501129223703,35.985666763011025,35.985666782623895,16.37039211650028,5.2590271465971075,11.111364969903173,20.94591297934054,2.5733368994064576,0,1.5,-60.0,270.0,270.0
20260724_230314__rp1p5__vinf25__incm60__toff56210__Om270__om90,1.0457419402787804,0.0274839076935768,22.864714194310856,120.15793892787084,390.60210505299705,2.018968962150029,275.16896896215,50.05549481018513,False,464.40971302743327,27,311.25272988602836,1.975737773837201,2.0622001504628584,-16.758967742979184,-25.789082520729643,9.030114777750459,-13.020784831326885,1.4928859622660509,0,1.5,-60.0,270.0,90.0
20260724_230314__rp1p5__vinf25__incm60__toff56210__Om90__om0,1.4119759900879585,0.257304749985807,24.324195353161272,77.40892354879517,612.8282232191466,-65.16087907107114,207.98912092892886,,True,458.2720505203042,14,176.61106478888777,-65.16087907107138,-65.16087907107087,-63.21439815117709,-74.70819562631179,11.493797475134699,-80.20063286454806,3.41190709699967,1,1.5,-60.0,90.0,0.0
20260724_230314__rp1p5__vinf25__incm60__toff56210__Om90__om180,1.0183950515833953,0.0545987014997893,24.60729641083905,353.0072252172792,375.3809343419508,10.086575702289698,283.23657570228966,61.37544904657465,False,493.540705130788,21,328.5593719750836,10.104022240442848,10.069129164136548,-6.527812821530352,-18.18690680762796,11.659093986097607,-4.953178091187215,1.8775579899923125,0,1.5,-60.0,90.0,180.0
20260724_230314__rp1p5__vinf25__incm60__toff56210__Om90__om270,1.0345885349640156,0.0558805335423516,23.259796677423903,185.78827631747052,384.36982182457473,5.630832430944678,278.78083243094466,54.2046324563124,False,458.9571343054817,22,318.37718858621616,5.654193671182489,5.607471190706864,-12.488793801579924,-21.884614301967037,9.395820500387114,-9.408921362532237,1.4311454440981728,0,1.5,-60.0,90.0,270.0
20260724_230314__rp1p5__vinf25__incm60__toff56210__Om90__om90,0.9545289352267168,0.0551404071037357,25.016162689146896,269.988880973918,340.62885705486264,26.945374317616654,300.09537431761663,90.0,False,511.74811189412253,20,374.0082414206825,26.951936601672458,26.93881203356085,10.078340600927776,-2.2174391395683366,12.295779740496112,11.90562052413974,1.7135371662013252,0,1.5,-60.0,90.0,90.0
20260724_230314__rp1p5__vinf25__incm90__toff56210__Om0__om0,0.9965942879404314,0.0403365076166659,24.589986445520797,153.49632902615747,363.39201561351706,15.8919040306972,289.0419040306972,70.81186354627908,False,537.2633938780231,15,342.8585153509408,15.87596878098528,15.907839280409114,0.3682858947721198,-12.516854194986347,12.885140089758467,0.852150237220286,1.879328003247604,0,1.5,-90.0,0.0,0.0
20260724_230314__rp1p5__vinf25__incm90__toff56210__Om0__om180,0.9914725428988512,0.0514260208710722,23.10224887832834,249.01643295020483,360.59427545368345,17.42928354889931,290.5792835488993,75.16488841802429,False,452.2175701551646,17,346.586615072753,17.455310381130648,17.403256716667975,0.36976091783042475,-10.472171984209186,10.841932902039611,2.389529755422396,1.7573137750122525,0,1.5,-90.0,0.0,180.0
20260724_230314__rp1p5__vinf25__incm90__toff56210__Om0__om270,1.0052969130399338,0.0452024803756807,23.03346730377764,197.99152400052236,368.1622994407347,13.716890349550646,286.8668903495506,67.25314872563517,False,472.07505848598885,19,337.0183740688505,13.719889245548613,13.713891453552664,-3.1977308899056127,-14.263240742864086,11.065509852958474,-1.322863443926268,1.977629073509502,1,1.5,-90.0,0.0,270.0
20260724_230314__rp1p5__vinf25__incm90__toff56210__Om0__om90,1.0013601970822916,0.0215367752446309,23.339009057895176,229.18176642172955,366.0018473166857,14.645665256973643,287.7956652569736,70.81186354627908,False,474.71271027130217,20,339.40499368757645,14.675063731380684,14.616266782566598,-2.045255710886611,-13.41715875820273,11.371903047316119,-0.39408853650327025,1.1686084472628953,0,1.5,-90.0,0.0,90.0
20260724_230314__rp1p5__vinf25__incm90__toff56210__Om180__om0,0.9411664780404618,0.0933608066295172,22.54145926353779,252.10621288176955,333.5012498388604,31.11404741520931,304.2640474152093,90.0,False,457.95452365651477,21,385.80356611267655,31.11404741656648,31.114047413852155,11.74085087132095,1.4741111721177766,10.266739699203173,16.074293621732394,2.407808789218574,0,1.5,-90.0,180.0,0.0
20260724_230314__rp1p5__vinf25__incm90__toff56210__Om180__om180,1.0508950044719518,0.0609434258125373,23.709163216020947,133.92181911561823,393.4927923369133,0.39346913739507744,273.54346913739505,48.11140308495899,False,496.0312775075143,33,308.6650710846515,0.3333987660306348,0.45353950875952,-17.980217367461325,-27.32007343368495,9.339856066223625,-14.646284656081836,1.9854996743479312,0,1.5,-90.0,180.0,180.0
20260724_230314__rp1p5__vinf25__incm90__toff56210__Om180__om270,1.038378358745114,0.0435389147590586,24.462548244442623,144.73318282482938,386.4837449553609,4.253095524528835,277.4030955245288,54.2046324563124,False,499.94944083915266,29,315.8631050955215,4.183344463094033,4.322846585963633,-13.439136056597434,-23.58049581331078,10.141359756713346,-10.786658268948079,1.1704541503370494,0,1.5,-90.0,180.0,270.0
20260724_230314__rp1p5__vinf25__incm90__toff56210__Om180__om90,1.0176863657508688,0.0268940619703367,23.721659655646487,345.8140758156156,374.989169579675,10.207957902256853,283.3579579022568,61.37544904657465,False,475.4344758749467,21,328.6452342629043,10.21996627975444,10.195949524759273,-6.8440250960362565,-17.958229760955454,11.114204664919198,-4.831795891220061,2.114999362503787,1,1.5,-90.0,180.0,90.0
20260724_230314__rp1p5__vinf25__incm90__toff56210__Om270__om0,1.009044621361432,0.0561608637114916,22.41766739211033,347.4757867326202,370.2229593689015,12.875618076233955,286.0256180762339,64.15806723683289,False,463.3802330780557,18,334.70589725471166,12.89419314069602,12.857043011771882,-4.580280354164863,-15.611562143000638,11.031281788835775,-2.1641357172429583,1.902603026666928,0,1.5,-90.0,270.0,0.0
20260724_230314__rp1p5__vinf25__incm90__toff56210__Om270__om180,0.8602410580013395,0.2173537022891873,23.66985569360225,325.8372953741391,291.4258291353592,59.36200275421548,332.5120027542155,90.0,False,642.1668922332132,26,471.0496028723475,59.362002759414494,59.36200274901648,35.09800665791472,22.451513899270797,12.646492758643927,44.32224896073857,3.6565142969909576,1,1.5,-90.0,270.0,180.0
20260724_230314__rp1p5__vinf25__incm90__toff56210__Om270__om270,0.9705364656254512,0.0518842813913669,23.392807665884213,176.24466389942378,349.233242953406,22.86045812685237,296.01045812685237,90.0,False,532.207085063732,22,361.70937281155653,22.87850267700565,22.842413576699084,6.45903858110381,-6.007508151358521,12.46654673246233,7.820704333375458,2.1141689649431874,0,1.5,-90.0,270.0,270.0
20260724_230314__rp1p5__vinf25__incm90__toff56210__Om270__om90,1.0184210190654397,0.0124061640243838,23.21505372499163,272.2930620612453,375.3952918741205,10.022651601869164,283.1726516018691,61.37544904657465,False,460.1869662524043,22,328.07780453629874,10.032849145106841,10.012454058631485,-7.3587273299189455,-17.953811853197394,10.595084523278448,-5.01710219160775,1.0397884149252676,0,1.5,-90.0,270.0,90.0
20260724_230314__rp1p5__vinf25__incm90__toff56210__Om90__om0,1.1691694696551325,0.137611384393668,22.06236311298055,95.15132820770717,461.757533496924,-51.58039164946573,221.56960835053425,,True,463.010790876586,19,251.3012966259238,-51.58039165002283,-51.58039164890863,-52.63626494428839,-62.34800800047229,9.711743056183899,-66.62014544294264,2.8520454401122115,1,1.5,-90.0,90.0,0.0
20260724_230314__rp1p5__vinf25__incm90__toff56210__Om90__om180,1.0140635390454753,0.0468635764420801,24.02439427286232,346.2898262642568,372.9885860983815,11.317161132326174,284.46716113232617,64.15806723683289,False,482.3148509242312,21,331.2418643492044,11.338594229368313,11.29572803528404,-5.422691428837115,-16.935497204808655,11.51280577597154,-3.72259266115074,1.9000489189230063,0,1.5,-90.0,90.0,180.0
20260724_230314__rp1p5__vinf25__incm90__toff56210__Om90__om270,0.9963157321950724,0.045036210414232,22.388359347564087,236.96124877490516,363.2396699779223,16.16523335154831,289.3152333515483,70.81186354627908,False,446.7612381337011,13,343.11921225610257,16.205319818773546,16.125146884323073,-1.1689541830779209,-11.710663309473489,10.541709126395569,1.1254795580713957,1.4964361084922466,0,1.5,-90.0,90.0,270.0
20260724_230314__rp1p5__vinf25__incm90__toff56210__Om90__om90,0.986410879877605,0.0164593750205653,24.748275082272173,324.54835916524866,357.8364453552676,18.487818331690413,291.63781833169037,81.4509211694784,False,519.227516132933,19,349.73674349096643,18.50124144598899,18.474395217391834,2.7468313850442216,-9.931618592545567,12.67844997758979,3.448064538213499,0.923315593140411,0,1.5,-90.0,90.0,90.0
