run,Score,Earth_s,Earth_da_AU,Earth_de,n_ejected,ejected_bodies,top_impact_body,top_impact_raw_r,bh_rp_au,bh_vinf_kms,bh_inc_deg,bh_tperi_offset_days,bh_Omega_deg,bh_omega_deg
20260811_184731__rp1p25__vinf25__inc30__toff59132__Om0__om105,11.17456532232009,1.3978266555815735,-2.6667792790049325,6.354299089573674,3,"Venus,Earth,Moon",Venus,109.68728526090383,1.25,25.0,30.0,59132.0,0.0,105.0
20260811_184731__rp1p25__vinf25__incm30__toff59132__Om180__om285,11.174562911427916,1.3978261724665482,-2.666778965713809,6.354292771879996,3,"Venus,Earth,Moon",Venus,109.68728645283056,1.25,25.0,-30.0,59132.0,180.0,285.0
20260811_184731__rp1p5__vinf25__incm30__toff59132__Om180__om270,10.456707809662076,1.0621040563538264,-1.7175840426201343,3.67804573245742,3,"Venus,Earth,Moon",Venus,1530.6088072628945,1.5,25.0,-30.0,59132.0,180.0,270.0
20260811_184731__rp1p5__vinf25__inc30__toff59132__Om0__om90,10.456707806652817,1.0621040563426076,-1.717584042616255,3.678045732344237,3,"Venus,Earth,Moon",Venus,1530.6087968300374,1.5,25.0,30.0,59132.0,0.0,90.0
20260811_184731__rp1__vinf25__inc30__toff59132__Om0__om120,9.107261298125643,0.6040240513828082,2.2005063206580715,0.8303542253603549,3,"Mercury,Jupiter,Neptune",Mercury,846.6640971763502,1.0,25.0,30.0,59132.0,0.0,120.0
20260811_184731__rp1__vinf25__incm30__toff59132__Om180__om300,9.106798155146727,0.6039444677115737,2.199160507671668,0.8302197563655567,3,"Mercury,Jupiter,Neptune",Mercury,846.6993170017882,1.0,25.0,-30.0,59132.0,180.0,300.0
20260811_184731__rp1p25__vinf25__inc30__toff59132__Om90__om15,8.60623088135468,1.1914240316217801,-1.2136438527658835,3.6366589647845657,3,"Earth,Neptune,Moon",Moon,9.898211272841428,1.25,25.0,30.0,59132.0,90.0,15.0
20260811_184731__rp1p25__vinf25__incm30__toff59132__Om270__om195,8.606230880887704,1.1914240315300553,-1.2136438528416302,3.636658964345641,3,"Earth,Neptune,Moon",Moon,9.898211469916145,1.25,25.0,-30.0,59132.0,270.0,195.0
20260811_184731__rp1__vinf25__incm30__toff59132__Om180__om270,8.52223544134555,0.8406840268942308,-2.003750776013458,1.1947582445839944,3,"Venus,Earth,Moon",Venus,272.7058316555578,1.0,25.0,-30.0,59132.0,180.0,270.0
20260811_184731__rp1__vinf25__inc30__toff59132__Om0__om90,8.522235278787385,0.8406839920768294,-2.00375085553727,1.194824100642507,3,"Venus,Earth,Moon",Venus,272.70583889384596,1.0,25.0,30.0,59132.0,0.0,90.0
20260811_184731__rp0p75__vinf25__incm30__toff59132__Om180__om255,8.390890902504589,1.0695043116895468,-1.3356928966231814,2.844948904947929,2,"Earth,Moon",Moon,111.2935338598523,0.75,25.0,-30.0,59132.0,180.0,255.0
20260811_184731__rp0p75__vinf25__inc30__toff59132__Om0__om75,8.390764481096541,1.0694790272515744,-1.3356931693056668,2.844271465064182,2,"Earth,Moon",Moon,111.2092146654054,0.75,25.0,30.0,59132.0,0.0,75.0
20260811_184731__rp1p25__vinf25__incm30__toff59132__Om180__om270,8.020658031316811,1.0434761966752903,-1.496673232688431,3.454499952528117,3,"Venus,Earth,Moon",Moon,146.02041956972997,1.25,25.0,-30.0,59132.0,180.0,270.0
20260811_184731__rp1p25__vinf25__inc30__toff59132__Om0__om90,8.018944065399525,1.0431334034841642,-1.4966766645550165,3.4506431759849434,3,"Venus,Earth,Moon",Moon,146.18720950502203,1.25,25.0,30.0,59132.0,0.0,90.0
20260811_184731__rp1p5__vinf25__incm30__toff59132__Om180__om285,7.89513567042545,1.0842472503794618,-1.5143845257722337,3.9464965093798585,2,"Earth,Moon",Earth,7.506412643790657,1.5,25.0,-30.0,59132.0,180.0,285.0
20260811_184731__rp1p5__vinf25__inc30__toff59132__Om0__om105,7.8951356703990765,1.0842472503633918,-1.5143845255580186,3.9464965090773054,2,"Earth,Moon",Earth,7.506412643487966,1.5,25.0,30.0,59132.0,0.0,105.0
20260811_184731__rp0p25__vinf25__incm30__toff59132__Om180__om105,7.89013448206198,0.31713484655043,-0.1944798994074781,0.1572438040422541,2,"Mercury,Uranus",Mercury,2264.1830877676625,0.25,25.0,-30.0,59132.0,180.0,105.0
20260811_184731__rp0p25__vinf25__inc30__toff59132__Om0__om285,7.890133006501895,0.3171348466683748,-0.194479899403186,0.1572438042547007,2,"Mercury,Uranus",Mercury,2264.1753901869247,0.25,25.0,30.0,59132.0,0.0,285.0
20260811_184731__rp0p25__vinf25__incm60__toff59132__Om180__om90,7.826862923270227,0.33635821575319236,-0.2074233824158937,0.1748746723579221,2,"Mercury,Uranus",Mercury,2541.747627133249,0.25,25.0,-60.0,59132.0,180.0,90.0
20260811_184731__rp0p25__vinf25__inc60__toff59132__Om0__om270,7.826862882850559,0.3363582156480237,-0.2074233818394548,0.1748746729274067,2,"Mercury,Uranus",Mercury,2541.747393590539,0.25,25.0,60.0,59132.0,0.0,270.0
20260811_184731__rp0p25__vinf25__incm30__toff59132__Om270__om30,7.742835346809474,0.29713273271943547,-0.1532539801989961,0.1743671611826937,2,"Mercury,Uranus",Mercury,2119.618990468668,0.25,25.0,-30.0,59132.0,270.0,30.0
20260811_184731__rp0p25__vinf25__inc30__toff59132__Om90__om210,7.742834621248177,0.29713273258937056,-0.153253980297176,0.1743671608537207,2,"Mercury,Uranus",Mercury,2119.6154513532047,0.25,25.0,30.0,59132.0,90.0,210.0
20260811_184731__rp0p25__vinf25__inc30__toff59132__Om0__om270,7.7177523855838235,0.3523296624162108,-0.2197739145776789,0.1884776513644192,2,"Mercury,Uranus",Mercury,906.9515013734207,0.25,25.0,30.0,59132.0,0.0,270.0
20260811_184731__rp0p25__vinf25__incm30__toff59132__Om180__om90,7.71774165274191,0.35232966243695346,-0.2197739145764465,0.1884776514061038,2,"Mercury,Uranus",Mercury,906.9290711434553,0.25,25.0,-30.0,59132.0,180.0,90.0
20260811_184731__rp0p25__vinf25__inc30__toff59132__Om0__om165,7.693364273007624,0.657570037115101,-0.4421429765287372,0.728369425724239,2,"Mars,Neptune",Neptune,4.10348858137701,0.25,25.0,30.0,59132.0,0.0,165.0
20260811_184731__rp0p25__vinf25__incm30__toff59132__Om180__om345,7.688839835287737,0.6567130442050947,-0.4403396142242227,0.7285015900053659,2,"Mars,Neptune",Neptune,4.1033546172584385,0.25,25.0,-30.0,59132.0,180.0,345.0
20260811_184731__rp0p25__vinf25__inc0__toff59132__Om90__om195,7.610621687360113,0.31078021945353507,-0.1872230514008064,0.1555466389414827,2,"Mercury,Uranus",Mercury,1710.4095048482518,0.25,25.0,0.0,59132.0,90.0,195.0
20260811_184731__rp0p25__vinf25__inc0__toff59132__Om180__om105,7.610621687360113,0.31078021945353507,-0.1872230514008064,0.1555466389414827,2,"Mercury,Uranus",Mercury,1710.4095048482518,0.25,25.0,0.0,59132.0,180.0,105.0
20260811_184731__rp0p25__vinf25__inc0__toff59132__Om0__om285,7.610621360948162,0.3107802194450794,-0.1872230514819077,0.1555466388232512,2,"Mercury,Uranus",Mercury,1710.4082121411561,0.25,25.0,0.0,59132.0,0.0,285.0
20260811_184731__rp0p25__vinf25__inc0__toff59132__Om270__om15,7.610619561778262,0.31078021948518036,-0.1872230511094718,0.1555466393683847,2,"Mercury,Uranus",Mercury,1710.4011412630007,0.25,25.0,0.0,59132.0,270.0,15.0
20260811_184731__rp0p25__vinf25__incm30__toff59132__Om180__om330,7.566245853765601,0.5975604329859106,-0.3915373322715578,0.5859275693429963,3,"Mars,Jupiter,Neptune",Neptune,4.57565210188562,0.25,25.0,-30.0,59132.0,180.0,330.0
20260811_184731__rp0p25__vinf25__inc30__toff59132__Om0__om150,7.562794687727047,0.5968865766409606,-0.3905936280193282,0.5851895453637096,3,"Mars,Jupiter,Neptune",Neptune,4.575698666103867,0.25,25.0,30.0,59132.0,0.0,150.0
20260811_184731__rp0p75__vinf25__inc0__toff59132__Om180__om255,7.5475472804618295,1.0083948059297774,-1.4384418576342,2.588880342077785,2,"Earth,Moon",Moon,90.46315408046524,0.75,25.0,0.0,59132.0,180.0,255.0
20260811_184731__rp0p75__vinf25__inc0__toff59132__Om90__om345,7.5475472804618295,1.0083948059297774,-1.4384418576342,2.588880342077785,2,"Earth,Moon",Moon,90.46315408046524,0.75,25.0,0.0,59132.0,90.0,345.0
20260811_184731__rp0p75__vinf25__inc0__toff59132__Om0__om75,7.5475472804618295,1.0083948059297774,-1.4384418576342,2.588880342077785,2,"Earth,Moon",Moon,90.46315408046524,0.75,25.0,0.0,59132.0,0.0,75.0
20260811_184731__rp0p75__vinf25__inc0__toff59132__Om270__om165,7.5465995684397935,1.0082052634945198,-1.438440225091734,2.583608755788643,2,"Earth,Moon",Moon,89.50713591276352,0.75,25.0,0.0,59132.0,270.0,165.0
20260811_184731__rp0p25__vinf25__inc60__toff59132__Om0__om285,7.529378772466721,0.2944796977740512,-0.1766815227194467,0.1414499993400679,2,"Mercury,Uranus",Mercury,2031.0462994439135,0.25,25.0,60.0,59132.0,0.0,285.0
20260811_184731__rp0p25__vinf25__incm60__toff59132__Om180__om105,7.529378481318753,0.29447969795647566,-0.1766815228439729,0.1414499994841763,2,"Mercury,Uranus",Mercury,2031.0449300222629,0.25,25.0,-60.0,59132.0,180.0,105.0
20260811_184731__rp0p25__vinf25__incm30__toff59132__Om270__om15,7.517577179181473,0.30341256998715305,-0.1811896653339957,0.1506616716843448,2,"Mercury,Uranus",Mercury,1314.411704558991,0.25,25.0,-30.0,59132.0,270.0,15.0
20260811_184731__rp0p25__vinf25__inc30__toff59132__Om90__om195,7.517576235755937,0.3034125701282948,-0.1811896655136556,0.1506616716952334,2,"Mercury,Uranus",Mercury,1314.4088456117381,0.25,25.0,30.0,59132.0,90.0,195.0
20260811_184731__rp0p25__vinf25__incm30__toff59132__Om180__om240,7.452980868773539,0.7597267095891305,-2.735482553530483,1.4846147008371002,3,"Venus,Earth,Moon",Moon,34.43009220609311,0.25,25.0,-30.0,59132.0,180.0,240.0
20260811_184731__rp0p25__vinf25__inc30__toff59132__Om0__om60,7.452980834827678,0.7597267033916583,-2.7354825542097587,1.4846147739547462,3,"Venus,Earth,Moon",Moon,34.43011425137043,0.25,25.0,30.0,59132.0,0.0,60.0
20260811_184731__rp0p5__vinf25__inc30__toff59132__Om0__om60,7.318358593282702,0.8419611005528591,-1.9931326615729303,1.3198565096620736,2,"Earth,Moon",Moon,140.15119461140839,0.5,25.0,30.0,59132.0,0.0,60.0
20260811_184731__rp0p5__vinf25__incm30__toff59132__Om180__om240,7.318219424895978,0.8419332668608448,-1.9932663609592165,1.3013848953313876,2,"Earth,Moon",Moon,146.57713976248394,0.5,25.0,-30.0,59132.0,180.0,240.0
20260811_184731__rp0p25__vinf25__inc30__toff59132__Om0__om180,7.276518753175646,0.6322044058346727,-0.4095458134534436,0.6873816986310146,3,"Mercury,Mars,Neptune",Neptune,3.5552845980878094,0.25,25.0,30.0,59132.0,0.0,180.0
20260811_184731__rp0p25__vinf25__incm30__toff59132__Om180__om0,7.275856885025093,0.6322141841335733,-0.4097279829200692,0.6870645845385931,3,"Mercury,Mars,Neptune",Neptune,3.5553876869388716,0.25,25.0,-30.0,59132.0,180.0,0.0
20260811_184731__rp0p25__vinf25__inc30__toff59132__Om270__om255,7.257204958525963,0.6563051375727929,-0.4343266655364542,0.7396158125553255,2,"Uranus,Neptune",Neptune,3.314027018299383,0.25,25.0,30.0,59132.0,270.0,255.0
20260811_184731__rp0p25__vinf25__incm30__toff59132__Om90__om75,7.254736349913181,0.6558361834040773,-0.4332789635620269,0.7397627568861304,2,"Uranus,Neptune",Neptune,3.3139859717351507,0.25,25.0,-30.0,59132.0,90.0,75.0
20260811_184731__rp0p25__vinf25__inc0__toff59132__Om0__om165,7.198059057912554,0.6153070999884488,-0.4084486254932098,0.6214046691356514,1,Neptune,Neptune,3.9725461592082634,0.25,25.0,0.0,59132.0,0.0,165.0
20260811_184731__rp0p25__vinf25__inc0__toff59132__Om90__om75,7.197733986595848,0.6152044151516731,-0.4083033036715385,0.621288503781832,1,Neptune,Neptune,3.9725474385002673,0.25,25.0,0.0,59132.0,90.0,75.0
20260811_184731__rp0p25__vinf25__inc0__toff59132__Om180__om345,7.197733986595848,0.6152044151516731,-0.4083033036715385,0.621288503781832,1,Neptune,Neptune,3.9725474385002673,0.25,25.0,0.0,59132.0,180.0,345.0
20260811_184731__rp0p25__vinf25__inc0__toff59132__Om270__om255,7.197733986595848,0.6152044151516731,-0.4083033036715385,0.621288503781832,1,Neptune,Neptune,3.9725474385002673,0.25,25.0,0.0,59132.0,270.0,255.0
20260811_184731__rp0p25__vinf25__incm90__toff59132__Om180__om195,7.177291243196805,0.2510932018090116,0.3328128989842803,0.1631400269786692,2,"Mercury,Saturn",Mercury,661.9884479919264,0.25,25.0,-90.0,59132.0,180.0,195.0
20260811_184731__rp0p25__vinf25__inc90__toff59132__Om0__om15,7.177291077374137,0.2510932019222,0.3328128991408493,0.1631400267001015,2,"Mercury,Saturn",Mercury,661.988194102672,0.25,25.0,90.0,59132.0,0.0,15.0
20260811_184731__rp0p25__vinf25__inc0__toff59132__Om90__om60,7.0264725999249675,0.5779125339509924,-0.3726304926622067,0.549189925965751,1,Neptune,Neptune,4.372680627895801,0.25,25.0,0.0,59132.0,90.0,60.0
20260811_184731__rp0p25__vinf25__inc0__toff59132__Om180__om330,7.026186329383025,0.5778504675172295,-0.3724711333059211,0.5492570247624307,1,Neptune,Neptune,4.372685717221379,0.25,25.0,0.0,59132.0,180.0,330.0
20260811_184731__rp0p25__vinf25__inc0__toff59132__Om270__om240,7.025381791309581,0.5776924548032437,-0.3718874769972142,0.5497474901113925,1,Neptune,Neptune,4.37275949267704,0.25,25.0,0.0,59132.0,270.0,240.0
20260811_184731__rp0p25__vinf25__inc0__toff59132__Om0__om150,7.023468603178353,0.5773152111895219,-0.3708912492448999,0.5501998615576562,1,Neptune,Neptune,4.372713113183024,0.25,25.0,0.0,59132.0,0.0,150.0
20260811_184731__rp0p5__vinf25__incm30__toff59132__Om180__om330,7.021152439988018,0.6642199691684916,-0.4204118558422802,0.8031729387691456,3,"Mercury,Jupiter,Neptune",Neptune,4.129246752985565,0.5,25.0,-30.0,59132.0,180.0,330.0
20260811_184731__rp0p5__vinf25__inc30__toff59132__Om0__om150,7.020831107066764,0.6641470997577245,-0.4202160336332396,0.8032334462975969,3,"Mercury,Jupiter,Neptune",Neptune,4.129250568162768,0.5,25.0,30.0,59132.0,0.0,150.0
20260811_184731__rp0p75__vinf25__incm30__toff59132__Om180__om300,7.002952191508182,0.5025320518028553,-0.1405228977064273,0.6163130940858511,4,"Mercury,Venus,Jupiter,Neptune",Mercury,5.696488731977681,0.75,25.0,-30.0,59132.0,180.0,300.0
20260811_184731__rp0p75__vinf25__inc30__toff59132__Om0__om120,7.002903150337639,0.5025134032142066,-0.140432329090387,0.6163471644999965,4,"Mercury,Venus,Jupiter,Neptune",Mercury,5.697031895278425,0.75,25.0,30.0,59132.0,0.0,120.0
20260811_184731__rp0p75__vinf25__inc30__toff59132__Om0__om30,6.976051035962065,0.31138276262699455,0.4875876831087457,0.2202448784394481,1,Mercury,Mercury,851.1380206599704,0.75,25.0,30.0,59132.0,0.0,30.0
20260811_184731__rp0p75__vinf25__incm30__toff59132__Om180__om210,6.976051013734558,0.3113827623634664,0.4875876823372133,0.2202448782173626,1,Mercury,Mercury,851.137979645775,0.75,25.0,-30.0,59132.0,180.0,210.0
20260811_184731__rp1p25__vinf25__incm30__toff59132__Om180__om300,6.896788327668808,0.8667836193481031,-2.5446152632033576,2.0024223261979417,3,"Earth,Neptune,Moon",Moon,10.793109928179128,1.25,25.0,-30.0,59132.0,180.0,300.0
20260811_184731__rp1p25__vinf25__inc30__toff59132__Om0__om120,6.896381071728181,0.8667021681764977,-2.544615031087726,2.0020631094309453,3,"Earth,Neptune,Moon",Moon,10.874523994634261,1.25,25.0,30.0,59132.0,0.0,120.0
20260811_184731__rp0p25__vinf25__inc60__toff59132__Om0__om165,6.848611686701008,0.5718883491677825,-0.3713865205544735,0.5302195498311281,1,Neptune,Neptune,3.7509475746397873,0.25,25.0,60.0,59132.0,0.0,165.0
20260811_184731__rp0p25__vinf25__incm60__toff59132__Om180__om345,6.844562467836356,0.5709940722260866,-0.3686955024985634,0.5319393907197337,1,Neptune,Neptune,3.750974579256543,0.25,25.0,-60.0,59132.0,180.0,345.0
20260811_184731__rp0p5__vinf25__inc30__toff59132__Om0__om135,6.761033359277729,0.5780731009593953,-0.3440352759765972,0.5985369703919399,2,"Jupiter,Neptune",Neptune,4.463384741481648,0.5,25.0,30.0,59132.0,0.0,135.0
20260811_184731__rp0p5__vinf25__incm30__toff59132__Om180__om315,6.760820769385344,0.5780326186760152,-0.3439404338848235,0.5985487838975099,2,"Jupiter,Neptune",Neptune,4.463380920544339,0.5,25.0,-30.0,59132.0,180.0,315.0
20260811_184731__rp0p25__vinf25__incm90__toff59132__Om0__om75,6.74975873749071,0.8555189361039383,-1.91522768701549,1.7414778891802274,2,"Earth,Moon",Moon,30.6894720316674,0.25,25.0,-90.0,59132.0,0.0,75.0
20260811_184731__rp0p25__vinf25__inc90__toff59132__Om180__om255,6.749756244835595,0.8555184375718856,-1.9152276408886768,1.741412202354106,2,"Earth,Moon",Moon,30.70263362509143,0.25,25.0,90.0,59132.0,180.0,255.0
20260811_184731__rp0p25__vinf25__inc0__toff59132__Om180__om0,6.741626987071451,0.5628913552535533,-0.3680544942650253,0.5051351972085257,1,Neptune,Neptune,3.4699221257114634,0.25,25.0,0.0,59132.0,180.0,0.0
20260811_184731__rp0p25__vinf25__inc0__toff59132__Om90__om90,6.741626987071451,0.5628913552535533,-0.3680544942650253,0.5051351972085257,1,Neptune,Neptune,3.4699221257114634,0.25,25.0,0.0,59132.0,90.0,90.0
20260811_184731__rp0p25__vinf25__inc0__toff59132__Om0__om180,6.741626987071451,0.5628913552535533,-0.3680544942650253,0.5051351972085257,1,Neptune,Neptune,3.4699221257114634,0.25,25.0,0.0,59132.0,0.0,180.0
20260811_184731__rp0p25__vinf25__inc0__toff59132__Om270__om270,6.741626986031442,0.5628913550742631,-0.3680544936271501,0.5051351977458635,1,Neptune,Neptune,3.469922125700388,0.25,25.0,0.0,59132.0,270.0,270.0
20260811_184731__rp0p25__vinf25__incm30__toff59132__Om90__om60,6.723900691853137,0.5691131617497647,-0.3713047284457028,0.5206964405183587,1,Neptune,Neptune,3.723209165918896,0.25,25.0,-30.0,59132.0,90.0,60.0
20260811_184731__rp0p25__vinf25__inc30__toff59132__Om270__om240,6.723882330426166,0.5690475015311407,-0.37142932227212,0.5202424574820469,1,Neptune,Neptune,3.72321236822375,0.25,25.0,30.0,59132.0,270.0,240.0
20260811_184731__rp0p25__vinf25__incm30__toff59132__Om270__om255,6.663837150499117,0.531659740983172,-0.3394666864140159,0.4527423527698329,2,"Mars,Neptune",Neptune,4.186231983566217,0.25,25.0,-30.0,59132.0,270.0,255.0
20260811_184731__rp0p25__vinf25__inc30__toff59132__Om90__om75,6.662827394207611,0.5314172443120939,-0.3392039819118191,0.4524252966395388,2,"Mars,Neptune",Neptune,4.1862952123026105,0.25,25.0,30.0,59132.0,90.0,75.0
20260811_184731__rp1__vinf25__incm30__toff59132__Om270__om195,6.659735371285389,0.6987199743216624,-6.611523495591891,1.0868723632880284,4,"Venus,Earth,Neptune,Moon",Moon,40.947088396786796,1.0,25.0,-30.0,59132.0,270.0,195.0
20260811_184731__rp1__vinf25__inc30__toff59132__Om90__om15,6.6597286955321735,0.6987186391708076,-6.6115202340118,1.0868746653411463,4,"Venus,Earth,Neptune,Moon",Moon,40.94403295038733,1.0,25.0,30.0,59132.0,90.0,15.0
20260811_184731__rp0p25__vinf25__inc60__toff59132__Om0__om150,6.648438147242478,0.5453651863482083,-0.3385747176025728,0.4977328922438404,1,Neptune,Neptune,4.0578231249385395,0.25,25.0,60.0,59132.0,0.0,150.0
20260811_184731__rp0p25__vinf25__incm60__toff59132__Om180__om330,6.637120840695201,0.545390395594415,-0.338366953229143,0.4981560310106114,1,Neptune,Neptune,4.05776923397303,0.25,25.0,-60.0,59132.0,180.0,330.0
20260811_184731__rp0p25__vinf25__incm30__toff59132__Om180__om225,6.597800578795779,0.5912285870543049,-0.3451624131640611,0.6433300928481628,1,Mars,Mars,4.137056610552345,0.25,25.0,-30.0,59132.0,180.0,225.0
20260811_184731__rp0p25__vinf25__inc30__toff59132__Om0__om45,6.596858831989657,0.5910689838551191,-0.3447622654864802,0.6433927882527785,1,Mars,Mars,4.136800911061686,0.25,25.0,30.0,59132.0,0.0,45.0
20260811_184731__rp0p25__vinf25__inc0__toff59132__Om180__om90,6.592579946699054,0.34659905300337646,-0.2148574587720858,0.1841385099282135,2,"Mercury,Uranus",Mercury,87.6003327467469,0.25,25.0,0.0,59132.0,180.0,90.0
20260811_184731__rp0p25__vinf25__inc0__toff59132__Om0__om270,6.592579946699054,0.34659905300337646,-0.2148574587720858,0.1841385099282135,2,"Mercury,Uranus",Mercury,87.6003327467469,0.25,25.0,0.0,59132.0,0.0,270.0
20260811_184731__rp0p25__vinf25__inc0__toff59132__Om270__om0,6.592579946699054,0.34659905300337646,-0.2148574587720858,0.1841385099282135,2,"Mercury,Uranus",Mercury,87.6003327467469,0.25,25.0,0.0,59132.0,270.0,0.0
20260811_184731__rp0p25__vinf25__inc0__toff59132__Om90__om180,6.592579946699054,0.34659905300337646,-0.2148574587720858,0.1841385099282135,2,"Mercury,Uranus",Mercury,87.6003327467469,0.25,25.0,0.0,59132.0,90.0,180.0
20260811_184731__rp0p25__vinf25__inc60__toff59132__Om0__om180,6.588916811188668,0.5428088519221174,-0.3520833325592235,0.4666445969427197,2,"Uranus,Neptune",Neptune,3.337907900189253,0.25,25.0,60.0,59132.0,0.0,180.0
20260811_184731__rp0p25__vinf25__incm60__toff59132__Om180__om0,6.579871572982697,0.5406378824715639,-0.3449965978016762,0.4718181251511332,2,"Uranus,Neptune",Neptune,3.337942165235983,0.25,25.0,-60.0,59132.0,180.0,0.0
20260811_184731__rp0p25__vinf25__inc30__toff59132__Om90__om90,6.565376007107137,0.5245109615170052,-0.3460831520938882,0.4192563110158069,2,"Mars,Neptune",Neptune,3.660050797901913,0.25,25.0,30.0,59132.0,90.0,90.0
20260811_184731__rp0p25__vinf25__incm30__toff59132__Om270__om270,6.565373094081001,0.5245102318744403,-0.3460779279045944,0.4192631093837637,2,"Mars,Neptune",Neptune,3.6600509751994474,0.25,25.0,-30.0,59132.0,270.0,270.0
20260811_184731__rp0p5__vinf25__incm30__toff59132__Om90__om45,6.56213315957876,0.5846034503174055,-0.3588468886205908,0.5971026866856547,1,Neptune,Neptune,3.6659117008624613,0.5,25.0,-30.0,59132.0,90.0,45.0
20260811_184731__rp0p5__vinf25__inc30__toff59132__Om270__om225,6.559049846690163,0.5839843166862406,-0.3569558045695268,0.5980865747561375,1,Neptune,Neptune,3.6657142645960823,0.5,25.0,30.0,59132.0,270.0,225.0
20260811_184731__rp1__vinf25__incm60__toff59132__Om90__om30,6.507180906351289,0.8193875870489833,-3.4412537667738,1.6583784826076846,4,"Earth,Jupiter,Neptune,Moon",Moon,31.030301944896795,1.0,25.0,-60.0,59132.0,90.0,30.0
20260811_184731__rp1__vinf25__inc60__toff59132__Om270__om210,6.5070929009074865,0.8193699859572443,-3.441260102131572,1.6583260675525116,4,"Earth,Jupiter,Neptune,Moon",Moon,31.01167050956026,1.0,25.0,60.0,59132.0,270.0,210.0
20260811_184731__rp1__vinf25__incm30__toff59132__Om180__om255,6.496312816399588,0.7111656089084921,-0.5422618917601651,0.7175503871916274,0,,Earth,2.7910514601218765,1.0,25.0,-30.0,59132.0,180.0,255.0
20260811_184731__rp1__vinf25__inc30__toff59132__Om0__om75,6.494342100581832,0.7106969639418271,-0.541439421959127,0.7178245792164822,0,,Earth,2.7873145980387948,1.0,25.0,30.0,59132.0,0.0,75.0
20260811_184731__rp0p5__vinf25__inc0__toff59132__Om270__om165,6.49051269162008,0.6738594954190893,-13.04902961597333,1.0348287073707334,4,"Venus,Earth,Neptune,Moon",Moon,33.801394845291895,0.5,25.0,0.0,59132.0,270.0,165.0
20260811_184731__rp0p5__vinf25__inc0__toff59132__Om0__om75,6.490512673272695,0.6738594916730103,-13.049029649175749,1.03482870963669,4,"Venus,Earth,Neptune,Moon",Moon,33.80138481215118,0.5,25.0,0.0,59132.0,0.0,75.0
20260811_184731__rp0p5__vinf25__inc0__toff59132__Om90__om345,6.490512673272695,0.6738594916730103,-13.049029649175749,1.03482870963669,4,"Venus,Earth,Neptune,Moon",Moon,33.80138481215118,0.5,25.0,0.0,59132.0,90.0,345.0
20260811_184731__rp0p5__vinf25__inc0__toff59132__Om180__om255,6.490512673272695,0.6738594916730103,-13.049029649175749,1.03482870963669,4,"Venus,Earth,Neptune,Moon",Moon,33.80138481215118,0.5,25.0,0.0,59132.0,180.0,255.0
20260811_184731__rp1p25__vinf25__incm60__toff59132__Om270__om225,6.48990717489958,0.811891122074536,-3.595654962272833,1.6152549449928515,3,"Earth,Neptune,Moon",Moon,75.21164222551849,1.25,25.0,-60.0,59132.0,270.0,225.0
20260811_184731__rp1p25__vinf25__inc60__toff59132__Om90__om45,6.489895986779681,0.8118888844522315,-3.5956540192874185,1.615248916341666,3,"Earth,Neptune,Moon",Moon,75.21366953541812,1.25,25.0,60.0,59132.0,90.0,45.0
20260811_184731__rp0p25__vinf25__inc0__toff59132__Om90__om330,6.477657492683276,0.6416157838401219,-9.944105504079548,1.0866249853970606,2,"Earth,Moon",Moon,7.585536138950164,0.25,25.0,0.0,59132.0,90.0,330.0
20260811_184731__rp0p25__vinf25__inc0__toff59132__Om180__om240,6.477657225374218,0.6416157300705891,-9.944105493730476,1.0866250307840788,2,"Earth,Moon",Moon,7.585464778496894,0.25,25.0,0.0,59132.0,180.0,240.0
20260811_184731__rp0p25__vinf25__inc0__toff59132__Om0__om60,6.477657008238542,0.6416156869367655,-9.944105485400785,1.0866250671938624,2,"Earth,Moon",Moon,7.585407584357174,0.25,25.0,0.0,59132.0,0.0,60.0
20260811_184731__rp0p25__vinf25__inc0__toff59132__Om270__om150,6.477657008238542,0.6416156869367655,-9.944105485400785,1.0866250671938624,2,"Earth,Moon",Moon,7.585407584357174,0.25,25.0,0.0,59132.0,270.0,150.0
20260811_184731__rp0p25__vinf25__incm30__toff59132__Om90__om330,6.4559693627245744,0.6136703511447981,81.86196405780655,0.97299362135149,0,,Uranus,2.7289907587932447,0.25,25.0,-30.0,59132.0,90.0,330.0
20260811_184731__rp0p25__vinf25__inc30__toff59132__Om270__om150,6.455969349668623,0.6136703485172397,81.86196415321736,0.972993621166882,0,,Uranus,2.728990758794393,0.25,25.0,30.0,59132.0,270.0,150.0
20260811_184731__rp0p5__vinf25__incm30__toff59132__Om180__om300,6.450012223158934,0.43856049590540735,-0.186863005853659,0.4117305466833644,3,"Mercury,Jupiter,Neptune",Neptune,4.642397590093388,0.5,25.0,-30.0,59132.0,180.0,300.0
20260811_184731__rp0p5__vinf25__inc30__toff59132__Om0__om120,6.4496651811516195,0.4384875695435433,-0.1872183019374024,0.4111582299923069,3,"Mercury,Jupiter,Neptune",Neptune,4.642359309039118,0.5,25.0,30.0,59132.0,0.0,120.0
20260811_184731__rp0p25__vinf25__inc30__toff59132__Om0__om135,6.426972048476607,0.5129133601839946,-0.3068462533216809,0.4481309005441096,2,"Jupiter,Neptune",Neptune,4.916587202295437,0.25,25.0,30.0,59132.0,0.0,135.0
20260811_184731__rp0p25__vinf25__incm30__toff59132__Om180__om315,6.426972032357963,0.5129133686106514,-0.3068462751595527,0.448130891964949,2,"Jupiter,Neptune",Neptune,4.91658720194543,0.25,25.0,-30.0,59132.0,180.0,315.0
20260811_184731__rp0p5__vinf25__inc60__toff59132__Om0__om60,6.407826415395611,0.7338863499733259,-0.5050690678325722,0.954682443781404,0,,Moon,3.0727240357755967,0.5,25.0,60.0,59132.0,0.0,60.0
20260811_184731__rp0p5__vinf25__incm60__toff59132__Om180__om240,6.407826406006564,0.7338863499196648,-0.5050690678565236,0.9546824434197844,0,,Moon,3.072725289505406,0.5,25.0,-60.0,59132.0,180.0,240.0
20260811_184731__rp1p25__vinf25__inc60__toff59132__Om270__om195,6.372342457828367,0.850675831645587,-1.943970597958587,1.7738600635277173,3,"Earth,Neptune,Moon",Earth,4.103626872734828,1.25,25.0,60.0,59132.0,270.0,195.0
20260811_184731__rp1p25__vinf25__incm60__toff59132__Om90__om15,6.372342456917229,0.8506758314633062,-1.943970598983665,1.773860062970673,3,"Earth,Neptune,Moon",Earth,4.10362687072967,1.25,25.0,-60.0,59132.0,90.0,15.0
20260811_184731__rp0p5__vinf25__incm30__toff59132__Om180__om255,6.370280222345076,0.6568613380512167,-7.709110814581591,1.115253488479666,4,"Venus,Earth,Neptune,Moon",Venus,3.4332638262915247,0.5,25.0,-30.0,59132.0,180.0,255.0
20260811_184731__rp0p5__vinf25__inc30__toff59132__Om0__om75,6.370280063317617,0.6568613062863451,-7.709110814290392,1.1152535270011414,4,"Venus,Earth,Neptune,Moon",Venus,3.433263826136531,0.5,25.0,30.0,59132.0,0.0,75.0
20260811_184731__rp0p25__vinf25__inc0__toff59132__Om270__om225,6.368994013079902,0.4956883830163387,-0.2873114978090454,0.4279410197730236,2,"Jupiter,Neptune",Neptune,4.622299456462859,0.25,25.0,0.0,59132.0,270.0,225.0
20260811_184731__rp0p25__vinf25__inc0__toff59132__Om180__om315,6.3687489714919465,0.4956810263451159,-0.2874110599937837,0.427775568403673,2,"Jupiter,Neptune",Neptune,4.622299291163636,0.25,25.0,0.0,59132.0,180.0,315.0
20260811_184731__rp0p25__vinf25__inc0__toff59132__Om0__om135,6.368529632556215,0.4956408341879811,-0.2871230381472694,0.4280826088010903,2,"Jupiter,Neptune",Neptune,4.622300391863103,0.25,25.0,0.0,59132.0,0.0,135.0
20260811_184731__rp0p25__vinf25__inc0__toff59132__Om90__om45,6.368139659863589,0.49574417782040564,-0.2879557325380996,0.427158078014402,2,"Jupiter,Neptune",Neptune,4.622305192675084,0.25,25.0,0.0,59132.0,90.0,45.0
20260811_184731__rp0p25__vinf25__inc30__toff59132__Om180__om345,6.359364632875463,0.5213436937710492,-0.3178032523589952,0.4562449146378419,1,Neptune,Neptune,3.4567267682755554,0.25,25.0,30.0,59132.0,180.0,345.0
20260811_184731__rp0p25__vinf25__incm30__toff59132__Om0__om165,6.3591052960351355,0.5212870244327231,-0.3176810570781136,0.4562660378003157,1,Neptune,Neptune,3.456724544322613,0.25,25.0,-30.0,59132.0,0.0,165.0
20260811_184731__rp0p25__vinf25__incm30__toff59132__Om270__om240,6.34750199028826,0.4894058203567593,-0.2862129728922403,0.412149335033207,2,"Jupiter,Neptune",Neptune,4.590174734760422,0.25,25.0,-30.0,59132.0,270.0,240.0
20260811_184731__rp0p25__vinf25__inc30__toff59132__Om90__om60,6.346071213764252,0.4893563663796063,-0.2860008541775031,0.4123231114769038,2,"Jupiter,Neptune",Neptune,4.590166118606456,0.25,25.0,30.0,59132.0,90.0,60.0
20260811_184731__rp0p75__vinf25__inc30__toff59132__Om270__om225,6.344754830616875,0.6979386793680297,-4.729067437005702,1.1927636960007957,3,"Earth,Neptune,Moon",Neptune,3.302279631163036,0.75,25.0,30.0,59132.0,270.0,225.0
20260811_184731__rp0p75__vinf25__incm30__toff59132__Om90__om45,6.344754828654697,0.6979386789532325,-4.729067454721797,1.1927636953399228,3,"Earth,Neptune,Moon",Neptune,3.3022796311666704,0.75,25.0,-30.0,59132.0,90.0,45.0
20260811_184731__rp0p25__vinf25__inc60__toff59132__Om180__om0,6.31254448390796,0.4343239602292547,-0.2266228420396565,0.3538765108368337,3,"Mercury,Uranus,Neptune",Mercury,5.295843058763802,0.25,25.0,60.0,59132.0,180.0,0.0
20260811_184731__rp0p25__vinf25__incm60__toff59132__Om0__om180,6.312488096058226,0.4342929959110635,-0.2265991572492075,0.3538344672415209,3,"Mercury,Uranus,Neptune",Mercury,5.297027792970807,0.25,25.0,-60.0,59132.0,0.0,180.0
20260811_184731__rp0p5__vinf25__inc0__toff59132__Om180__om315,6.29094748862018,0.5352812421504858,-0.3100956646291326,0.5106628460390241,2,"Jupiter,Neptune",Neptune,4.15167284463238,0.5,25.0,0.0,59132.0,180.0,315.0
20260811_184731__rp0p5__vinf25__inc0__toff59132__Om270__om225,6.289968296802273,0.5351865387486876,-0.3099501093470015,0.5105883389197803,2,"Jupiter,Neptune",Neptune,4.151742222494102,0.5,25.0,0.0,59132.0,270.0,225.0
20260811_184731__rp0p5__vinf25__inc0__toff59132__Om0__om135,6.289942311576641,0.53518395323919,-0.3098755079287376,0.510692406192341,2,"Jupiter,Neptune",Neptune,4.151747242771396,0.5,25.0,0.0,59132.0,0.0,135.0
20260811_184731__rp0p5__vinf25__inc0__toff59132__Om90__om45,6.289487673999815,0.5351921512697441,-0.3097956005836682,0.5108377948167714,2,"Jupiter,Neptune",Neptune,4.151756294204643,0.5,25.0,0.0,59132.0,90.0,45.0
20260811_184731__rp0p5__vinf25__incm60__toff59132__Om180__om255,6.282649338948625,0.6609010939435601,-10.650489553110557,1.0620362397670902,4,"Venus,Earth,Neptune,Moon",Moon,32.27713112747613,0.5,25.0,-60.0,59132.0,180.0,255.0
20260811_184731__rp0p5__vinf25__inc60__toff59132__Om0__om75,6.282649018200935,0.6609010298024557,-10.650489437098113,1.062036292768458,4,"Venus,Earth,Neptune,Moon",Moon,32.27701797918305,0.5,25.0,60.0,59132.0,0.0,75.0
20260811_184731__rp1p25__vinf25__inc30__toff59132__Om90__om30,6.278624261157557,0.7165475847832322,-4.796547039179514,1.3055040712520076,3,"Earth,Neptune,Moon",Moon,16.63419174109926,1.25,25.0,30.0,59132.0,90.0,30.0
20260811_184731__rp1p25__vinf25__incm30__toff59132__Om270__om210,6.278524782720897,0.7165276891134498,-4.796547989586817,1.305471077223205,3,"Earth,Neptune,Moon",Moon,16.642099220385692,1.25,25.0,-30.0,59132.0,270.0,210.0
20260811_184731__rp0p25__vinf25__incm30__toff59132__Om0__om150,6.248855690919205,0.50027371741555,-0.2912590255690696,0.4350455048658292,1,Neptune,Neptune,3.6258729020123552,0.25,25.0,-30.0,59132.0,0.0,150.0
20260811_184731__rp0p25__vinf25__inc30__toff59132__Om180__om330,6.248596752261831,0.5001811063879307,-0.290824423887833,0.4354211417329285,1,Neptune,Neptune,3.62586636037509,0.25,25.0,30.0,59132.0,180.0,330.0
20260811_184731__rp0p25__vinf25__inc30__toff59132__Om180__om0,6.235561610317047,0.5106406702327617,-0.3175529617680421,0.424790056000784,2,"Uranus,Neptune",Neptune,3.1783976875814424,0.25,25.0,30.0,59132.0,180.0,0.0
20260811_184731__rp0p25__vinf25__incm30__toff59132__Om0__om180,6.233519953552045,0.5101259285193502,-0.3164481688376664,0.425029876091625,2,"Uranus,Neptune",Neptune,3.1783758484057025,0.25,25.0,-30.0,59132.0,0.0,180.0
20260811_184731__rp0p5__vinf25__inc0__toff59132__Om0__om120,6.218971041893344,0.4123658350154619,-0.1637541777645497,0.3791500980021212,3,"Mercury,Jupiter,Neptune",Mercury,5.615262077396194,0.5,25.0,0.0,59132.0,0.0,120.0
20260811_184731__rp0p5__vinf25__inc0__toff59132__Om180__om300,6.218499048792994,0.41226987664018006,-0.1637198797663051,0.3789816171538588,3,"Mercury,Jupiter,Neptune",Mercury,5.615412806216119,0.5,25.0,0.0,59132.0,180.0,300.0
20260811_184731__rp0p5__vinf25__inc0__toff59132__Om90__om30,6.218407808258326,0.4122456931994624,-0.1636865363060088,0.3789662171277104,3,"Mercury,Jupiter,Neptune",Mercury,5.615936676900195,0.5,25.0,0.0,59132.0,90.0,30.0
20260811_184731__rp0p5__vinf25__inc0__toff59132__Om270__om210,6.218407808258326,0.4122456931994624,-0.1636865363060088,0.3789662171277104,3,"Mercury,Jupiter,Neptune",Mercury,5.615936676900195,0.5,25.0,0.0,59132.0,270.0,210.0
20260811_184731__rp1__vinf25__incm30__toff59132__Om180__om285,6.215240737725686,0.5779328970654953,1.298728774461258,0.7779702515884681,2,"Venus,Neptune",Venus,4.947473504768613,1.0,25.0,-30.0,59132.0,180.0,285.0
20260811_184731__rp1__vinf25__inc30__toff59132__Om0__om105,6.211020740419837,0.5769114953740845,1.302342003240453,0.7762084012791651,2,"Venus,Neptune",Venus,4.951281200299294,1.0,25.0,30.0,59132.0,0.0,105.0
20260811_184731__rp1p5__vinf25__incm30__toff59132__Om270__om210,6.194445138740138,0.7642140157307376,-5.621966770552592,1.337622766686717,3,"Earth,Neptune,Moon",Moon,34.32872138197611,1.5,25.0,-30.0,59132.0,270.0,210.0
20260811_184731__rp1p5__vinf25__inc30__toff59132__Om90__om30,6.19444369041467,0.7642137260692469,-5.621966686871267,1.337622314582982,3,"Earth,Neptune,Moon",Moon,34.328954038948325,1.5,25.0,30.0,59132.0,90.0,30.0
20260811_184731__rp0p75__vinf25__inc30__toff59132__Om0__om135,6.189832177750092,0.47131058421781996,-0.0755689634495448,0.5945241828480755,3,"Mercury,Jupiter,Neptune",Mercury,6.096314228100157,0.75,25.0,30.0,59132.0,0.0,135.0
20260811_184731__rp0p75__vinf25__incm30__toff59132__Om180__om315,6.187941012689807,0.47090564681795655,-0.0735070494297686,0.5952209343268778,3,"Mercury,Jupiter,Neptune",Mercury,6.099458767449763,0.75,25.0,-30.0,59132.0,180.0,315.0
20260811_184731__rp1p5__vinf25__inc30__toff59132__Om0__om120,6.176428220714929,0.7839848555230494,-5.486625171449426,1.3778680296259551,3,"Earth,Neptune,Moon",Moon,41.05861009398456,1.5,25.0,30.0,59132.0,0.0,120.0
20260811_184731__rp1p5__vinf25__incm30__toff59132__Om180__om300,6.17642819366138,0.7839848501011895,-5.486625166161443,1.377868020791882,3,"Earth,Neptune,Moon",Moon,41.058616712552265,1.5,25.0,-30.0,59132.0,180.0,300.0
20260811_184731__rp1__vinf25__incm30__toff59132__Om180__om315,6.172503489490142,0.5950054222069816,6.89523741726023,0.8259613688396888,2,"Jupiter,Neptune",Neptune,3.727337090888265,1.0,25.0,-30.0,59132.0,180.0,315.0
20260811_184731__rp1__vinf25__inc30__toff59132__Om0__om135,6.1725022207287275,0.5950051681357662,6.895197061371189,0.8259605758851134,2,"Jupiter,Neptune",Neptune,3.727337090974574,1.0,25.0,30.0,59132.0,0.0,135.0
20260811_184731__rp0p5__vinf25__inc90__toff59132__Om0__om75,6.166960267622141,0.8878729761284776,-1.7334083320589588,1.6040440603128114,2,"Earth,Moon",Moon,78.06364981091362,0.5,25.0,90.0,59132.0,0.0,75.0
20260811_184731__rp0p5__vinf25__incm90__toff59132__Om180__om255,6.166941074947422,0.887869137602799,-1.7334090118893306,1.6038803862431623,2,"Earth,Moon",Moon,78.09416509819877,0.5,25.0,-90.0,59132.0,180.0,255.0
20260811_184731__rp0p25__vinf25__incm60__toff59132__Om180__om315,6.15124097976301,0.46679788443458936,-0.2566952005171674,0.3937194828981173,1,Neptune,Neptune,4.210733037813355,0.25,25.0,-60.0,59132.0,180.0,315.0
20260811_184731__rp0p25__vinf25__inc60__toff59132__Om0__om135,6.151020936051528,0.4667965648966957,-0.2566621201325499,0.3937610805996319,1,Neptune,Neptune,4.210715263745997,0.25,25.0,60.0,59132.0,0.0,135.0
20260811_184731__rp0p5__vinf25__inc30__toff59132__Om180__om255,6.142269631094422,0.7633122513155748,-2.9142930102066336,1.2942846067827023,3,"Venus,Earth,Moon",Moon,61.962817727464156,0.5,25.0,30.0,59132.0,180.0,255.0
20260811_184731__rp0p5__vinf25__incm30__toff59132__Om0__om75,6.1422667349831634,0.7633116721000238,-2.914292646130959,1.2942904384394844,3,"Venus,Earth,Moon",Moon,61.961622056626354,0.5,25.0,-30.0,59132.0,0.0,75.0
20260811_184731__rp0p25__vinf25__incm60__toff59132__Om180__om15,6.1283430578429705,0.4891083397512416,-0.3179989840256364,0.3623232475585326,2,"Uranus,Neptune",Neptune,2.8665266117459933,0.25,25.0,-60.0,59132.0,180.0,15.0
20260811_184731__rp0p25__vinf25__inc60__toff59132__Om0__om195,6.127118734661902,0.4891838806400345,-0.3166087399799174,0.3647909397204672,2,"Uranus,Neptune",Neptune,2.866476332434129,0.25,25.0,60.0,59132.0,0.0,195.0
20260811_184731__rp0p25__vinf25__incm30__toff59132__Om180__om255,6.113435518638976,0.5679752268800208,6.837360157636021,0.8661351081300666,1,Neptune,Neptune,2.9672094969564533,0.25,25.0,-30.0,59132.0,180.0,255.0
20260811_184731__rp0p25__vinf25__inc30__toff59132__Om0__om75,6.113435512966898,0.5679752257263864,6.837360140070767,0.8661351071921971,1,Neptune,Neptune,2.967209496956804,0.25,25.0,30.0,59132.0,0.0,75.0
20260811_184731__rp0p25__vinf25__inc90__toff59132__Om0__om165,6.089747897745502,0.47675428367037603,-0.2691106048273791,0.4025077227066973,2,"Uranus,Neptune",Neptune,3.1801193457761125,0.25,25.0,90.0,59132.0,0.0,165.0
20260811_184731__rp0p25__vinf25__incm90__toff59132__Om180__om345,6.089665664566278,0.4768006648566842,-0.2704028327523151,0.400817783615831,2,"Uranus,Neptune",Neptune,3.180100240477638,0.25,25.0,-90.0,59132.0,180.0,345.0
20260811_184731__rp1__vinf25__inc30__toff59132__Om90__om0,6.0815032893212475,0.6656913170145438,-0.4688555623555041,0.7031099433146211,1,Neptune,Earth,2.4466027263028858,1.0,25.0,30.0,59132.0,90.0,0.0
20260811_184731__rp1__vinf25__incm30__toff59132__Om270__om180,6.0811955247614655,0.6656358360828374,-0.4688117138083146,0.7029618235920425,1,Neptune,Earth,2.4462041246202944,1.0,25.0,-30.0,59132.0,270.0,180.0
20260811_184731__rp0p5__vinf25__inc0__toff59132__Om90__om60,6.054645021279599,0.5458861166202456,-0.3380739806503724,0.5002363815026741,1,Neptune,Neptune,3.9047205820118753,0.5,25.0,0.0,59132.0,90.0,60.0
20260811_184731__rp0p5__vinf25__inc0__toff59132__Om270__om240,6.053329780132218,0.545788473668044,-0.3378133861742395,0.5003490882025468,1,Neptune,Neptune,3.904721827591212,0.5,25.0,0.0,59132.0,270.0,240.0
20260811_184731__rp0p5__vinf25__inc0__toff59132__Om180__om330,6.0533264301193395,0.545781233930611,-0.3377677334705445,0.5004006307939316,1,Neptune,Neptune,3.904720338272723,0.5,25.0,0.0,59132.0,180.0,330.0
20260811_184731__rp0p5__vinf25__inc0__toff59132__Om0__om150,6.053312511327308,0.5457371256582382,-0.3373984699092456,0.5008637279830598,1,Neptune,Neptune,3.904717289904592,0.5,25.0,0.0,59132.0,0.0,150.0
20260811_184731__rp0p25__vinf25__incm30__toff59132__Om270__om285,6.034533211093224,0.4607327892627324,-0.3030781928601077,0.3098167004638918,2,"Mars,Neptune",Neptune,3.0827663638796574,0.25,25.0,-30.0,59132.0,270.0,285.0
20260811_184731__rp0p25__vinf25__incm30__toff59132__Om90__om45,6.034138166276961,0.48788730745990083,-0.29721578176386,0.3915915208750352,1,Neptune,Neptune,4.049344424110238,0.25,25.0,-30.0,59132.0,90.0,45.0
20260811_184731__rp0p25__vinf25__inc30__toff59132__Om270__om225,6.03413138363025,0.48788694229188617,-0.2972160145495824,0.3915901613094951,1,Neptune,Neptune,4.0493507581060815,0.25,25.0,30.0,59132.0,270.0,225.0
20260811_184731__rp0p25__vinf25__inc30__toff59132__Om90__om105,6.0317015390313,0.4601927576177775,-0.3021814826208896,0.309839882773451,2,"Mars,Neptune",Neptune,3.0826767648856883,0.25,25.0,30.0,59132.0,90.0,105.0
20260811_184731__rp0p25__vinf25__incm90__toff59132__Om180__om0,6.029543189816328,0.47487231345614733,-0.2765440253411662,0.3869927299803272,2,"Uranus,Neptune",Neptune,3.01174308731507,0.25,25.0,-90.0,59132.0,180.0,0.0
20260811_184731__rp0p25__vinf25__inc90__toff59132__Om0__om180,6.029015205885923,0.4747678441996125,-0.276474249578706,0.3868169847486081,2,"Uranus,Neptune",Neptune,3.011742357877759,0.25,25.0,90.0,59132.0,0.0,180.0
20260811_184731__rp0p75__vinf25__incm30__toff59132__Om90__om30,6.017628540054067,0.5854412934949162,-0.2856111575690058,0.7082421705159044,2,"Jupiter,Neptune",Neptune,3.5797168284921965,0.75,25.0,-30.0,59132.0,90.0,30.0
20260811_184731__rp0p75__vinf25__inc30__toff59132__Om270__om210,6.017601824163108,0.5854319499533598,-0.2855696934307086,0.7082634370453409,2,"Jupiter,Neptune",Neptune,3.579752011299778,0.75,25.0,30.0,59132.0,270.0,210.0
20260811_184731__rp1__vinf25__inc30__toff59132__Om270__om195,6.008827621327116,0.5579386976645379,-0.1859312047682767,0.7300288651635142,1,Neptune,Neptune,4.433051739140954,1.0,25.0,30.0,59132.0,270.0,195.0
20260811_184731__rp1__vinf25__incm30__toff59132__Om90__om15,6.008815465195015,0.5579375554435093,-0.1859297865131551,0.730026752278378,1,Neptune,Neptune,4.433051554080426,1.0,25.0,-30.0,59132.0,90.0,15.0
20260811_184731__rp0p25__vinf25__inc0__toff59132__Om90__om105,6.005885691188023,0.4379889382985046,-0.2763734720576278,0.2938142564965868,2,"Uranus,Neptune",Neptune,2.9416956617969126,0.25,25.0,0.0,59132.0,90.0,105.0
20260811_184731__rp0p25__vinf25__inc0__toff59132__Om0__om195,6.005885691188023,0.4379889382985046,-0.2763734720576278,0.2938142564965868,2,"Uranus,Neptune",Neptune,2.9416956617969126,0.25,25.0,0.0,59132.0,0.0,195.0
20260811_184731__rp0p25__vinf25__inc0__toff59132__Om270__om285,6.005845396238979,0.4379828042939257,-0.2763607022498245,0.2938184004300339,2,"Uranus,Neptune",Neptune,2.941698713098044,0.25,25.0,0.0,59132.0,270.0,285.0
20260811_184731__rp0p25__vinf25__inc0__toff59132__Om180__om15,6.005694147056457,0.4379505246061069,-0.2764204530663351,0.2936510108831856,2,"Uranus,Neptune",Neptune,2.9416957816876685,0.25,25.0,0.0,59132.0,180.0,15.0
20260811_184731__rp0p5__vinf25__inc60__toff59132__Om0__om135,5.986130853679137,0.4750259784271897,-0.2544621427510284,0.418016652336133,1,Neptune,Neptune,3.703254153597996,0.5,25.0,60.0,59132.0,0.0,135.0
20260811_184731__rp0p5__vinf25__incm60__toff59132__Om180__om315,5.986130384464057,0.4750258961911604,-0.2544618024923045,0.4180168930031092,1,Neptune,Neptune,3.7032541223330537,0.5,25.0,-60.0,59132.0,180.0,315.0
20260811_184731__rp0p5__vinf25__inc30__toff59132__Om0__om15,5.984066432865511,0.3013609493857605,0.4581043155582752,0.2095189515830227,3,"Mercury,Mars,Saturn",Mercury,13.978585520907153,0.5,25.0,30.0,59132.0,0.0,15.0
20260811_184731__rp0p5__vinf25__incm30__toff59132__Om180__om195,5.984066430493131,0.30136094927195056,0.4581043153990268,0.2095189519117416,3,"Mercury,Mars,Saturn",Mercury,13.97858546042935,0.5,25.0,-30.0,59132.0,180.0,195.0
20260811_184731__rp0p25__vinf25__inc30__toff59132__Om180__om15,5.983083477717964,0.48464870097389995,-0.302557206133204,0.3744926423619264,2,"Uranus,Neptune",Neptune,2.806876430882058,0.25,25.0,30.0,59132.0,180.0,15.0
20260811_184731__rp0p25__vinf25__inc30__toff59132__Om270__om165,5.9830484975548295,0.5044896985450824,2.4663430686624204,0.7121053098011455,1,Neptune,Neptune,4.313478411061997,0.25,25.0,30.0,59132.0,270.0,165.0
20260811_184731__rp0p25__vinf25__incm30__toff59132__Om90__om345,5.983048491181062,0.5044896972642141,2.466343062111221,0.7121053081251711,1,Neptune,Neptune,4.313478411061714,0.25,25.0,-30.0,59132.0,90.0,345.0
20260811_184731__rp0p25__vinf25__incm30__toff59132__Om0__om195,5.982693671433372,0.48458132625569195,-0.3024772186682484,0.3744317976465974,2,"Uranus,Neptune",Neptune,2.8068239997557693,0.25,25.0,-30.0,59132.0,0.0,195.0
20260811_184731__rp0p25__vinf25__inc90__toff59132__Om0__om150,5.972686623207727,0.4544698211608945,-0.241808627400835,0.382593295982473,1,Neptune,Neptune,3.228255624923849,0.25,25.0,90.0,59132.0,0.0,150.0
20260811_184731__rp0p25__vinf25__incm90__toff59132__Om180__om330,5.971976509763742,0.45436659548839714,-0.2414602395950432,0.3827962528745207,1,Neptune,Neptune,3.2282388153898345,0.25,25.0,-90.0,59132.0,180.0,330.0
20260811_184731__rp0p5__vinf25__incm30__toff59132__Om270__om240,5.965193431110901,0.44246253870351504,-0.2408481734270585,0.3546045961195587,2,"Jupiter,Neptune",Neptune,4.104442619883384,0.5,25.0,-30.0,59132.0,270.0,240.0
20260811_184731__rp0p5__vinf25__inc30__toff59132__Om90__om60,5.965193422116155,0.4424625404976075,-0.2408481860772794,0.354604583630665,2,"Jupiter,Neptune",Neptune,4.104442619811414,0.5,25.0,30.0,59132.0,90.0,60.0
20260811_184731__rp1__vinf25__inc30__toff59132__Om0__om285,5.946879425418446,0.51692241384017,-0.346345565025742,0.395576895172145,2,"Mars,Uranus",Mars,9.357926718312207,1.0,25.0,30.0,59132.0,0.0,285.0
20260811_184731__rp0p25__vinf25__inc90__toff59132__Om0__om195,5.9044496063661835,0.46058536206366996,-0.270887409878231,0.3580317876951801,2,"Uranus,Neptune",Neptune,2.7451071663470534,0.25,25.0,90.0,59132.0,0.0,195.0
20260811_184731__rp0p25__vinf25__incm90__toff59132__Om180__om15,5.9040598029758975,0.460526623558021,-0.270625543182867,0.3582569982020184,2,"Uranus,Neptune",Neptune,2.7450894168459268,0.25,25.0,-90.0,59132.0,180.0,15.0
20260811_184731__rp0p25__vinf25__inc60__toff59132__Om180__om345,5.901907428815953,0.4321856030507183,-0.2204675436682678,0.3567272455303839,2,"Uranus,Neptune",Neptune,2.8954237918274743,0.25,25.0,60.0,59132.0,180.0,345.0
20260811_184731__rp0p25__vinf25__incm60__toff59132__Om0__om165,5.901743982030288,0.4321445029394748,-0.2209003475454921,0.3560853237433837,2,"Uranus,Neptune",Neptune,2.8954248469004193,0.25,25.0,-60.0,59132.0,0.0,165.0
20260811_184731__rp0p5__vinf25__incm60__toff59132__Om180__om330,5.877046777546285,0.48824415584653363,-0.2962860493979498,0.3939834659437615,1,Neptune,Neptune,3.5779432907089785,0.5,25.0,-60.0,59132.0,180.0,330.0
20260811_184731__rp0p25__vinf25__inc60__toff59132__Om90__om75,5.871227323846859,0.39353940249531594,-0.2125795137553673,0.2811802595629073,2,"Mars,Neptune",Mars,3.8616747924628148,0.25,25.0,60.0,59132.0,90.0,75.0
20260811_184731__rp0p25__vinf25__incm60__toff59132__Om270__om255,5.871204532375033,0.39354555435206845,-0.2122868793197366,0.2815678724025652,2,"Mars,Neptune",Mars,3.861464277543925,0.25,25.0,-60.0,59132.0,270.0,255.0
20260811_184731__rp0p5__vinf25__inc60__toff59132__Om0__om150,5.867134225648847,0.4866577127952051,-0.2904425406417537,0.3983838767348965,1,Neptune,Neptune,3.578058618471058,0.5,25.0,60.0,59132.0,0.0,150.0
20260811_184731__rp0p25__vinf25__incm30__toff59132__Om180__om300,5.866688098059326,0.36712162629729794,-0.1453557961602309,0.3074440802733906,3,"Mercury,Jupiter,Neptune",Neptune,5.04306710481056,0.25,25.0,-30.0,59132.0,180.0,300.0
20260811_184731__rp0p25__vinf25__inc30__toff59132__Om0__om120,5.866688067310731,0.3671216201671725,-0.1453557899196516,0.3074440753361098,3,"Mercury,Jupiter,Neptune",Neptune,5.0430671048087525,0.25,25.0,30.0,59132.0,0.0,120.0
20260811_184731__rp0p25__vinf25__inc60__toff59132__Om180__om15,5.856211419766633,0.42664402896711623,-0.225742928248711,0.3372071215636402,2,"Uranus,Neptune",Neptune,2.7399467951694416,0.25,25.0,60.0,59132.0,180.0,15.0
20260811_184731__rp0p25__vinf25__incm60__toff59132__Om0__om195,5.85585141144833,0.426567447451814,-0.2254837937921646,0.3373652377337524,2,"Uranus,Neptune",Neptune,2.739969298996975,0.25,25.0,-60.0,59132.0,0.0,195.0
20260811_184731__rp0p5__vinf25__incm30__toff59132__Om180__om345,5.844900028231088,0.5040417510982297,2.104984177322501,0.6957254520643039,1,Neptune,Neptune,3.675547300599817,0.5,25.0,-30.0,59132.0,180.0,345.0
20260811_184731__rp0p5__vinf25__inc30__toff59132__Om0__om165,5.844434718156506,0.5039601088928429,2.1012961059567687,0.6954615712717015,1,Neptune,Neptune,3.675556044778463,0.5,25.0,30.0,59132.0,0.0,165.0
20260811_184731__rp0p25__vinf25__incm60__toff59132__Om90__om330,5.806727253208337,0.4475188051368362,1.5264474062952065,0.5904509024370012,1,Neptune,Neptune,3.1616441583207284,0.25,25.0,-60.0,59132.0,90.0,330.0
20260811_184731__rp0p25__vinf25__inc60__toff59132__Om270__om150,5.80672724561498,0.4475188036356401,1.526447396269576,0.590450903048101,1,Neptune,Neptune,3.1616441583219026,0.25,25.0,60.0,59132.0,270.0,150.0
20260811_184731__rp0p75__vinf25__incm60__toff59132__Om180__om255,5.7997446817786305,0.7138887164087149,-7.526282663839824,1.0440229260454588,2,"Earth,Moon",Moon,25.473810673540278,0.75,25.0,-60.0,59132.0,180.0,255.0
20260811_184731__rp0p75__vinf25__inc60__toff59132__Om0__om75,5.799684859554871,0.7138767519638805,-7.526250728416799,1.0440404983710223,2,"Earth,Moon",Moon,25.448123151329987,0.75,25.0,60.0,59132.0,0.0,75.0
20260811_184731__rp0p25__vinf25__inc0__toff59132__Om180__om30,5.790158984858416,0.41776322935470245,-0.2692280687571596,0.2565807601459707,2,"Uranus,Neptune",Uranus,3.4364759060399344,0.25,25.0,0.0,59132.0,180.0,30.0
20260811_184731__rp0p25__vinf25__inc0__toff59132__Om0__om210,5.789981707499541,0.41772889359309173,-0.2693067767988071,0.256384691747698,2,"Uranus,Neptune",Uranus,3.4364756215355627,0.25,25.0,0.0,59132.0,0.0,210.0
20260811_184731__rp0p25__vinf25__inc0__toff59132__Om90__om120,5.78925781584212,0.41759665816550806,-0.2691920004403106,0.2562501187135242,2,"Uranus,Neptune",Uranus,3.436441944843544,0.25,25.0,0.0,59132.0,90.0,120.0
20260811_184731__rp0p25__vinf25__inc0__toff59132__Om270__om300,5.788583718327568,0.41745771981668944,-0.2691327603884642,0.2560177310092793,2,"Uranus,Neptune",Uranus,3.43644310405407,0.25,25.0,0.0,59132.0,270.0,300.0
20260811_184731__rp0p25__vinf25__inc60__toff59132__Om0__om210,5.785626866601888,0.4522823508419145,-0.2926134637269741,0.3045726877471004,2,"Uranus,Neptune",Uranus,3.117101768214149,0.25,25.0,60.0,59132.0,0.0,210.0
20260811_184731__rp0p25__vinf25__incm60__toff59132__Om180__om30,5.785398995429982,0.4521931307061591,-0.2924321086317795,0.3046277207061528,2,"Uranus,Neptune",Uranus,3.1171108817468194,0.25,25.0,-60.0,59132.0,180.0,30.0
20260811_184731__rp0p25__vinf25__inc0__toff59132__Om180__om255,5.7735761800993,0.5081481412749033,2.925462523990796,0.7307329669258033,1,Neptune,Neptune,2.8758733584662033,0.25,25.0,0.0,59132.0,180.0,255.0
20260811_184731__rp0p25__vinf25__inc0__toff59132__Om90__om345,5.7735761800993,0.5081481412749033,2.925462523990796,0.7307329669258033,1,Neptune,Neptune,2.8758733584662033,0.25,25.0,0.0,59132.0,90.0,345.0
20260811_184731__rp0p25__vinf25__inc0__toff59132__Om0__om75,5.7735761800993,0.5081481412749033,2.925462523990796,0.7307329669258033,1,Neptune,Neptune,2.8758733584662033,0.25,25.0,0.0,59132.0,0.0,75.0
20260811_184731__rp0p25__vinf25__inc0__toff59132__Om270__om165,5.773576176382669,0.5081481405337257,2.925462513608977,0.7307329670477869,1,Neptune,Neptune,2.875873358466462,0.25,25.0,0.0,59132.0,270.0,165.0
20260811_184731__rp0p25__vinf25__incm30__toff59132__Om270__om225,5.765968312652527,0.3988245799920513,-0.1796262232608374,0.3324955304561003,2,"Jupiter,Neptune",Neptune,4.815518075226325,0.25,25.0,-30.0,59132.0,270.0,225.0
20260811_184731__rp0p25__vinf25__incm30__toff59132__Om180__om30,5.764171066346062,0.34029241876381516,-0.2046925696888637,0.1857658856429721,3,"Mars,Uranus,Neptune",Uranus,7.318023414794197,0.25,25.0,-30.0,59132.0,180.0,30.0
20260811_184731__rp0p25__vinf25__inc30__toff59132__Om0__om210,5.764171056246788,0.3402924167638487,-0.2046925657445167,0.1857658870919827,3,"Mars,Uranus,Neptune",Uranus,7.318023414771926,0.25,25.0,30.0,59132.0,0.0,210.0
20260811_184731__rp0p25__vinf25__inc30__toff59132__Om90__om45,5.763762977421172,0.3984239911129297,-0.1792499779524679,0.3320914299542465,2,"Jupiter,Neptune",Neptune,4.8154961671241425,0.25,25.0,30.0,59132.0,90.0,45.0
20260811_184731__rp0p25__vinf25__incm30__toff59132__Om180__om135,5.748448319183536,0.47529796854460066,-0.3428601873984233,0.2814666643918011,0,,Neptune,2.714897276090847,0.25,25.0,-30.0,59132.0,180.0,135.0
20260811_184731__rp0p25__vinf25__incm90__toff59132__Om180__om30,5.740954073283003,0.44002847886174173,-0.2602925310742777,0.3220958867095246,2,"Uranus,Neptune",Uranus,2.634548191141094,0.25,25.0,-90.0,59132.0,180.0,30.0
20260811_184731__rp0p25__vinf25__inc30__toff59132__Om0__om315,5.740872690596889,0.47081935378595297,-0.3348255759741687,0.2835186274421292,0,,Neptune,2.7152379199263543,0.25,25.0,30.0,59132.0,0.0,315.0
20260811_184731__rp0p25__vinf25__inc90__toff59132__Om0__om210,5.736097183790348,0.4390187145864129,-0.2594447655581653,0.3208575115715221,2,"Uranus,Neptune",Uranus,2.634602741678551,0.25,25.0,90.0,59132.0,0.0,210.0
20260811_184731__rp0p25__vinf25__inc30__toff59132__Om180__om315,5.732226594566825,0.42952357909570754,-0.2180693747272883,0.3535958618822153,1,Neptune,Neptune,3.63927086640939,0.25,25.0,30.0,59132.0,180.0,315.0
20260811_184731__rp0p25__vinf25__incm30__toff59132__Om0__om135,5.731760834264042,0.4294302531148621,-0.2177293535312719,0.353808111607725,1,Neptune,Neptune,3.6392744138870787,0.25,25.0,-30.0,59132.0,0.0,135.0
20260811_184731__rp0p25__vinf25__incm30__toff59132__Om90__om315,5.699935831240461,0.4958535200807916,2.3093275816470777,0.6689109386645088,0,,Uranus,2.7309058040774437,0.25,25.0,-30.0,59132.0,90.0,315.0
20260811_184731__rp0p25__vinf25__inc30__toff59132__Om270__om135,5.699935829794651,0.4958535197804083,2.30932757996831,0.668910938992088,0,,Uranus,2.7309058040711234,0.25,25.0,30.0,59132.0,270.0,135.0
20260811_184731__rp1__vinf25__incm90__toff59132__Om90__om15,5.693155841177218,0.6922286278858653,-15.844443768781506,1.0135930727279123,3,"Earth,Neptune,Moon",Moon,41.978599579513954,1.0,25.0,-90.0,59132.0,90.0,15.0
20260811_184731__rp1__vinf25__inc90__toff59132__Om270__om195,5.69181240542672,0.6919599407358844,-15.84223660614199,1.0137443098794523,3,"Earth,Neptune,Moon",Moon,43.196633361282416,1.0,25.0,90.0,59132.0,270.0,195.0
20260811_184731__rp0p25__vinf25__inc30__toff59132__Om180__om30,5.690731508143854,0.4561061282463767,-0.2840610768191132,0.3273156450006191,2,"Uranus,Neptune",Uranus,2.824106716358253,0.25,25.0,30.0,59132.0,180.0,30.0
20260811_184731__rp0p25__vinf25__incm30__toff59132__Om0__om210,5.690664616943459,0.45609972968296036,-0.2837736748064039,0.3277306005502898,2,"Uranus,Neptune",Uranus,2.824106314884317,0.25,25.0,-30.0,59132.0,0.0,210.0
20260811_184731__rp0p25__vinf25__inc90__toff59132__Om180__om240,5.655656027998798,0.5730479927230794,3.5907998863021477,0.8190112925404985,0,,Moon,1.8601483669325414,0.25,25.0,90.0,59132.0,180.0,240.0
20260811_184731__rp0p25__vinf25__incm90__toff59132__Om0__om60,5.6556513750167525,0.5730470621380376,3.590802567179978,0.8190103989430085,0,,Moon,1.8605855579159924,0.25,25.0,-90.0,59132.0,0.0,60.0
20260811_184731__rp1p25__vinf25__inc90__toff59132__Om90__om45,5.650580680954199,0.6973736176549673,-0.4479540538464804,0.9017275688222924,1,Neptune,Moon,2.826941169175689,1.25,25.0,90.0,59132.0,90.0,45.0
20260811_184731__rp1p25__vinf25__incm90__toff59132__Om270__om225,5.650542133077028,0.6973658257091704,-0.4479626214883262,0.9016711302408036,1,Neptune,Moon,2.829951545546096,1.25,25.0,-90.0,59132.0,270.0,225.0
20260811_184731__rp0p5__vinf25__inc30__toff59132__Om90__om45,5.647748522180342,0.3953653169899455,-0.1612108466352418,0.3461720440618986,2,"Jupiter,Neptune",Neptune,4.279302342887545,0.5,25.0,30.0,59132.0,90.0,45.0
20260811_184731__rp0p5__vinf25__incm30__toff59132__Om270__om225,5.647709374594402,0.3953573005825108,-0.1611752237333524,0.3461949485211966,2,"Jupiter,Neptune",Neptune,4.279307084118561,0.5,25.0,-30.0,59132.0,270.0,225.0
20260811_184731__rp0p5__vinf25__incm30__toff59132__Om90__om60,5.6424760641409275,0.533609313485177,-0.291906709551092,0.5320325348619017,1,Neptune,Neptune,3.3288827494349063,0.5,25.0,-30.0,59132.0,90.0,60.0
20260811_184731__rp0p5__vinf25__inc30__toff59132__Om270__om240,5.641666788217764,0.5334532254594697,-0.2916745600877745,0.53188421236111,1,Neptune,Neptune,3.328878521804572,0.5,25.0,30.0,59132.0,270.0,240.0
20260811_184731__rp0p25__vinf25__incm60__toff59132__Om90__om345,5.640238193338036,0.4195477277130041,1.0640506050274423,0.5280535787612537,2,"Jupiter,Neptune",Neptune,4.040621865574645,0.25,25.0,-60.0,59132.0,90.0,345.0
20260811_184731__rp0p25__vinf25__inc60__toff59132__Om270__om165,5.640238192791906,0.4195477276175679,1.0640506039589726,0.5280535785580545,2,"Jupiter,Neptune",Neptune,4.040621865573955,0.25,25.0,60.0,59132.0,270.0,165.0
20260811_184731__rp0p25__vinf25__incm60__toff59132__Om0__om150,5.636105305500662,0.4111012183378673,-0.1968246250181874,0.3384396602901187,2,"Uranus,Neptune",Neptune,2.78966866505182,0.25,25.0,-60.0,59132.0,0.0,150.0
20260811_184731__rp0p25__vinf25__inc60__toff59132__Om180__om330,5.635792203413952,0.4110383066610505,-0.1965379534315101,0.3386473928553596,2,"Uranus,Neptune",Neptune,2.7896625312257157,0.25,25.0,60.0,59132.0,180.0,330.0
20260811_184731__rp0p25__vinf25__incm60__toff59132__Om270__om270,5.5957919880668445,0.41219705552226926,-0.2511492536015138,0.2700550206210598,1,Neptune,Neptune,3.2683450727071905,0.25,25.0,-60.0,59132.0,270.0,270.0
20260811_184731__rp0p25__vinf25__inc60__toff59132__Om90__om90,5.59304069128598,0.41164179286400987,-0.2499066432884067,0.2705554264694268,1,Neptune,Neptune,3.268357933845205,0.25,25.0,60.0,59132.0,90.0,90.0
20260811_184731__rp0p5__vinf25__incm30__toff59132__Om90__om30,5.591285859692961,0.4414259607157626,-0.217879179233293,0.3816120255033385,2,"Jupiter,Neptune",Neptune,3.8982760268621353,0.5,25.0,-30.0,59132.0,90.0,30.0
20260811_184731__rp0p5__vinf25__inc30__toff59132__Om270__om210,5.590986343107623,0.44136619136859145,-0.2176649911053906,0.3817362069405131,2,"Jupiter,Neptune",Neptune,3.8982951831785755,0.5,25.0,30.0,59132.0,270.0,210.0
20260811_184731__rp0p25__vinf25__inc60__toff59132__Om270__om135,5.590506045449214,0.4377150429453607,1.2948914294873606,0.5218474695237517,1,Neptune,Uranus,2.6801981628592886,0.25,25.0,60.0,59132.0,270.0,135.0
20260811_184731__rp0p25__vinf25__incm60__toff59132__Om90__om315,5.590506042647046,0.43771504238106596,1.294891427686322,0.5218474704433642,1,Neptune,Uranus,2.680198162858485,0.25,25.0,-60.0,59132.0,90.0,315.0
20260811_184731__rp1p25__vinf25__inc90__toff59132__Om270__om180,5.579635046062473,0.6917277336009404,-0.4311755043023504,0.9089382372951044,1,Neptune,Earth,2.6393940912470555,1.25,25.0,90.0,59132.0,270.0,180.0
20260811_184731__rp1p25__vinf25__incm90__toff59132__Om90__om0,5.579525458269854,0.6917055941672392,-0.43110886536133,0.9089646873349728,1,Neptune,Earth,2.639225196953217,1.25,25.0,-90.0,59132.0,90.0,0.0
20260811_184731__rp1p25__vinf25__incm30__toff59132__Om180__om255,5.576733371320742,0.5627131182398737,-0.4077821145869864,0.4269716626150917,0,,Uranus,2.6613977867484775,1.25,25.0,-30.0,59132.0,180.0,255.0
20260811_184731__rp1p25__vinf25__inc30__toff59132__Om0__om75,5.576219544055726,0.5627479773222924,-0.4078810314937903,0.4268848026396774,0,,Uranus,2.6613977686956654,1.25,25.0,30.0,59132.0,0.0,75.0
20260811_184731__rp1__vinf25__incm30__toff59132__Om180__om105,5.567701320029132,0.43318478555029805,-0.2465073350805965,0.3248990547721378,2,"Mars,Uranus",Mars,9.376078444981962,1.0,25.0,-30.0,59132.0,180.0,105.0
20260811_184731__rp1__vinf25__inc90__toff59132__Om90__om60,5.5646454007118935,0.638183951032242,10.162109002073231,0.9304870963287812,1,Neptune,Moon,2.347529426136152,1.0,25.0,90.0,59132.0,90.0,60.0
20260811_184731__rp1__vinf25__incm90__toff59132__Om270__om240,5.564644439150281,0.6381837738774497,10.162183959792468,0.9304872776625364,1,Neptune,Moon,2.3474682641643843,1.0,25.0,-90.0,59132.0,270.0,240.0
20260811_184731__rp0p5__vinf25__inc0__toff59132__Om90__om330,5.559054553240151,0.5226860434792749,-0.2279066018085788,0.5815973417209246,0,,Uranus,2.3590823094395432,0.5,25.0,0.0,59132.0,90.0,330.0
20260811_184731__rp0p5__vinf25__inc0__toff59132__Om180__om240,5.55618176382732,0.5222199520057141,-0.2263941449953853,0.5820094298087704,0,,Uranus,2.3591326036828084,0.5,25.0,0.0,59132.0,180.0,240.0
20260811_184731__rp0p5__vinf25__inc0__toff59132__Om270__om150,5.554882458155995,0.5221117887807883,-0.2262414793202797,0.5818758122170122,0,,Uranus,2.359147664032716,0.5,25.0,0.0,59132.0,270.0,150.0
20260811_184731__rp0p5__vinf25__inc0__toff59132__Om0__om60,5.554882458155995,0.5221117887807883,-0.2262414793202797,0.5818758122170122,0,,Uranus,2.359147664032716,0.5,25.0,0.0,59132.0,0.0,60.0
20260811_184731__rp0p5__vinf25__incm60__toff59132__Om180__om300,5.553500977448607,0.36727244877577225,-0.1199847951265304,0.3345057381269648,1,Neptune,Neptune,3.640135787561237,0.5,25.0,-60.0,59132.0,180.0,300.0
20260811_184731__rp0p5__vinf25__inc60__toff59132__Om0__om120,5.553500941022538,0.36727244135924353,-0.1199847893816483,0.3345057299701209,1,Neptune,Neptune,3.640135787759677,0.5,25.0,60.0,59132.0,0.0,120.0
20260811_184731__rp0p25__vinf25__incm30__toff59132__Om270__om300,5.547455328504818,0.3906539056744893,-0.2558529000673105,0.2158684415836624,3,"Mars,Uranus,Neptune",Uranus,2.904300093576193,0.25,25.0,-30.0,59132.0,270.0,300.0
20260811_184731__rp0p25__vinf25__inc30__toff59132__Om90__om120,5.547255088754639,0.39061385081118516,-0.2558351733955072,0.2158081608141982,3,"Mars,Uranus,Neptune",Uranus,2.904300096200047,0.25,25.0,30.0,59132.0,90.0,120.0
20260811_184731__rp0p25__vinf25__inc30__toff59132__Om0__om90,5.536859927791562,0.4092631227641397,0.9817267644298698,0.5084511816734191,2,"Jupiter,Neptune",Neptune,4.691533699543887,0.25,25.0,30.0,59132.0,0.0,90.0
20260811_184731__rp0p25__vinf25__incm30__toff59132__Om180__om270,5.536859927768692,0.40926312274368093,0.981726764389204,0.5084511816434929,2,"Jupiter,Neptune",Neptune,4.691533699544818,0.25,25.0,-30.0,59132.0,180.0,270.0
20260811_184731__rp1p25__vinf25__incm60__toff59132__Om90__om0,5.534192954211519,0.6442543517596325,-0.3825470515092438,0.7867975543630708,1,Neptune,Earth,2.2963189734214264,1.25,25.0,-60.0,59132.0,90.0,0.0
20260811_184731__rp1p25__vinf25__inc60__toff59132__Om270__om180,5.533818482383522,0.6437908817241228,-0.3811393062592828,0.7872832038505925,1,Neptune,Earth,2.2931510395775674,1.25,25.0,60.0,59132.0,270.0,180.0
20260811_184731__rp0p75__vinf25__incm30__toff59132__Om90__om15,5.532039484655572,0.3789307078253184,-0.0281586746196422,0.4395970923897694,2,"Jupiter,Neptune",Neptune,3.9187886533981384,0.75,25.0,-30.0,59132.0,90.0,15.0
20260811_184731__rp0p75__vinf25__inc30__toff59132__Om270__om195,5.531998778575662,0.3789203475367704,-0.0277898003492934,0.4398743842574115,2,"Jupiter,Neptune",Neptune,3.9187925631153298,0.75,25.0,30.0,59132.0,270.0,195.0
20260811_184731__rp1p5__vinf25__inc0__toff59132__Om180__om285,5.524152354310338,0.6689209710347701,-10.669242259576103,1.055319889632959,2,"Earth,Moon",Moon,12.879467959266524,1.5,25.0,0.0,59132.0,180.0,285.0
20260811_184731__rp1p5__vinf25__inc0__toff59132__Om90__om15,5.524152319918581,0.6689209641489277,-10.66924226127666,1.0553198952698433,2,"Earth,Moon",Moon,12.87946954712446,1.5,25.0,0.0,59132.0,90.0,15.0
20260811_184731__rp1p5__vinf25__inc0__toff59132__Om0__om105,5.524152242469923,0.6689209486623389,-10.669242262445946,1.0553199079726905,2,"Earth,Moon",Moon,12.879473166869035,1.5,25.0,0.0,59132.0,0.0,105.0
20260811_184731__rp1p5__vinf25__inc0__toff59132__Om270__om195,5.524152207014085,0.6689209415697159,-10.669242262983566,1.055319913790382,2,"Earth,Moon",Moon,12.8794748048818,1.5,25.0,0.0,59132.0,270.0,195.0
20260811_184731__rp0p25__vinf25__inc60__toff59132__Om0__om60,5.518874444710829,0.5551216020879083,3.3770134791709765,0.7957749422901963,0,,Uranus,1.8217464393008882,0.25,25.0,60.0,59132.0,0.0,60.0
20260811_184731__rp0p25__vinf25__incm60__toff59132__Om180__om240,5.518874434872087,0.5551216001208951,3.377013486086881,0.79577494046195,0,,Uranus,1.8217464393013785,0.25,25.0,-60.0,59132.0,180.0,240.0
20260811_184731__rp0p25__vinf25__inc0__toff59132__Om90__om135,5.513829502468743,0.4149626763211729,-0.2706844355165346,0.2479685678273333,1,Uranus,Uranus,4.0682679058219335,0.25,25.0,0.0,59132.0,90.0,135.0
20260811_184731__rp0p25__vinf25__inc0__toff59132__Om180__om45,5.51319745521436,0.4148399807500399,-0.2705769252470967,0.2478478629470979,1,Uranus,Uranus,4.068267038754354,0.25,25.0,0.0,59132.0,180.0,45.0
20260811_184731__rp0p25__vinf25__inc0__toff59132__Om0__om225,5.51319745521436,0.4148399807500399,-0.2705769252470967,0.2478478629470979,1,Uranus,Uranus,4.068267038754354,0.25,25.0,0.0,59132.0,0.0,225.0
20260811_184731__rp0p25__vinf25__inc0__toff59132__Om270__om315,5.512968549697645,0.4147964651460668,-0.2705385019583946,0.2478055063596813,1,Uranus,Uranus,4.068268770215662,0.25,25.0,0.0,59132.0,270.0,315.0
20260811_184731__rp0p25__vinf25__inc90__toff59132__Om0__om225,5.505046499570842,0.41249070958392786,-0.2438701178274597,0.2808741341055389,1,Uranus,Uranus,2.8968999613595243,0.25,25.0,90.0,59132.0,0.0,225.0
20260811_184731__rp0p25__vinf25__incm90__toff59132__Om180__om45,5.503972932444727,0.41228378190988946,-0.2433462858011398,0.2811319329945213,1,Uranus,Uranus,2.8969554863064446,0.25,25.0,-90.0,59132.0,180.0,45.0
20260811_184731__rp1__vinf25__incm30__toff59132__Om270__om210,5.4970677320973484,0.5029893777491753,1.446020175600209,0.6639682114179356,1,Neptune,Neptune,3.130996546476235,1.0,25.0,-30.0,59132.0,270.0,210.0
20260811_184731__rp1__vinf25__inc30__toff59132__Om90__om30,5.497067671710941,0.502989365938713,1.4460202643274682,0.6639681987642921,1,Neptune,Neptune,3.1309965463728027,1.0,25.0,30.0,59132.0,90.0,30.0
20260811_184731__rp0p75__vinf25__incm30__toff59132__Om180__om285,5.4968487546297995,0.43102005781961295,0.2777307073742071,0.5200066244319949,1,Neptune,Neptune,4.2562047526469255,0.75,25.0,-30.0,59132.0,180.0,285.0
20260811_184731__rp0p75__vinf25__inc30__toff59132__Om0__om105,5.496848747811693,0.4310200563079774,0.2777307096675218,0.5200066215603498,1,Neptune,Neptune,4.2562047526473075,0.75,25.0,30.0,59132.0,0.0,105.0
20260811_184731__rp1__vinf25__incm30__toff59132__Om90__om30,5.496058365822554,0.5098957315370621,2.12328288410124,0.6008975614688357,2,"Jupiter,Neptune",Jupiter,3.4267883929029295,1.0,25.0,-30.0,59132.0,90.0,30.0
20260811_184731__rp0p25__vinf25__inc0__toff59132__Om0__om120,5.496043269095795,0.3499171525817151,-0.1323693599359816,0.2892786571929692,2,"Jupiter,Neptune",Neptune,4.688619877643852,0.25,25.0,0.0,59132.0,0.0,120.0
20260811_184731__rp0p25__vinf25__inc0__toff59132__Om90__om30,5.49604323692463,0.34991714491828263,-0.1323693494188607,0.2892786544484138,2,"Jupiter,Neptune",Neptune,4.688619877862451,0.25,25.0,0.0,59132.0,90.0,30.0
20260811_184731__rp0p25__vinf25__inc0__toff59132__Om180__om300,5.4960432302577615,0.34991714408254826,-0.1323693485652748,0.2892786538347768,2,"Jupiter,Neptune",Neptune,4.688619877767686,0.25,25.0,0.0,59132.0,180.0,300.0
20260811_184731__rp0p25__vinf25__inc0__toff59132__Om270__om210,5.496043186699006,0.3499171322225719,-0.1323693317514865,0.2892786501631336,2,"Jupiter,Neptune",Neptune,4.68861987831261,0.25,25.0,0.0,59132.0,270.0,210.0
20260811_184731__rp0p25__vinf25__incm60__toff59132__Om270__om240,5.492649437442193,0.33178528775640104,-0.1220967583373749,0.2678456175557061,2,"Jupiter,Neptune",Neptune,4.261150901715348,0.25,25.0,-60.0,59132.0,270.0,240.0
20260811_184731__rp0p25__vinf25__inc60__toff59132__Om90__om60,5.49264943620558,0.33178528749567887,-0.1220967569954417,0.2678456185245318,2,"Jupiter,Neptune",Neptune,4.261150901709317,0.25,25.0,60.0,59132.0,90.0,60.0
20260811_184731__rp1__vinf25__inc30__toff59132__Om270__om210,5.4899244535767675,0.5086666148386013,2.117365078972361,0.6024068552817154,2,"Jupiter,Neptune",Jupiter,3.4268406017091797,1.0,25.0,30.0,59132.0,270.0,210.0
20260811_184731__rp1__vinf25__incm60__toff59132__Om270__om225,5.484734274368751,0.5232701004737487,1.7456817817723,0.7047443170448031,1,Neptune,Neptune,3.022024266007117,1.0,25.0,-60.0,59132.0,270.0,225.0
20260811_184731__rp1__vinf25__inc60__toff59132__Om90__om45,5.484734106399157,0.5232700706273877,1.745683759644812,0.7047443548057526,1,Neptune,Neptune,3.0220242660215786,1.0,25.0,60.0,59132.0,90.0,45.0
20260811_184731__rp0p25__vinf25__incm30__toff59132__Om180__om195,5.468969705644653,0.30329549096613484,0.4641399597565926,0.2128186396400407,2,"Mercury,Saturn",Mercury,5.89483476484393,0.25,25.0,-30.0,59132.0,180.0,195.0
20260811_184731__rp0p25__vinf25__inc30__toff59132__Om0__om15,5.468969702165477,0.3032954903101604,0.4641399577604975,0.2128186386874938,2,"Mercury,Saturn",Mercury,5.8948347617226045,0.25,25.0,30.0,59132.0,0.0,15.0
20260811_184731__rp0p5__vinf25__incm60__toff59132__Om180__om345,5.467731943000742,0.43017685140921025,-0.2588176276337239,0.3006647071877862,1,Neptune,Neptune,3.3102163472621924,0.5,25.0,-60.0,59132.0,180.0,345.0
20260811_184731__rp0p5__vinf25__inc60__toff59132__Om0__om165,5.467633481589129,0.4301550990650366,-0.2587417217006473,0.3007212183711618,1,Neptune,Neptune,3.310216896340883,0.5,25.0,60.0,59132.0,0.0,165.0
20260811_184731__rp0p5__vinf25__inc30__toff59132__Om90__om75,5.465557616756496,0.4054798116142122,-0.2393822501411736,0.2714446139051791,1,Neptune,Neptune,3.7396656243223494,0.5,25.0,30.0,59132.0,90.0,75.0
20260811_184731__rp0p5__vinf25__incm30__toff59132__Om270__om255,5.465075450669363,0.4053507853792117,-0.239307088999956,0.2712632113531589,1,Neptune,Neptune,3.7396262130038243,0.5,25.0,-30.0,59132.0,270.0,255.0
20260811_184731__rp0p5__vinf25__inc30__toff59132__Om0__om90,5.454466264475251,0.44773140851636745,1.0986978971288912,0.5682781169889595,1,Neptune,Neptune,3.910205346385295,0.5,25.0,30.0,59132.0,0.0,90.0
20260811_184731__rp0p5__vinf25__incm30__toff59132__Om180__om270,5.4544662623946865,0.44773140805427986,1.0986978964555498,0.5682781163093633,1,Neptune,Neptune,3.9102053463833197,0.5,25.0,-30.0,59132.0,180.0,270.0
20260811_184731__rp0p25__vinf25__incm90__toff59132__Om180__om315,5.451609153228618,0.39229977157068113,-0.1820411979008461,0.3160669822093681,1,Neptune,Neptune,3.138568519857387,0.25,25.0,-90.0,59132.0,180.0,315.0
20260811_184731__rp0p25__vinf25__inc90__toff59132__Om0__om135,5.450764623238482,0.3921340088300593,-0.1816366154941057,0.3161993274089277,1,Neptune,Neptune,3.1385399899164517,0.25,25.0,90.0,59132.0,0.0,135.0
20260811_184731__rp0p75__vinf25__inc0__toff59132__Om180__om270,5.444937486996922,0.5703926394981391,3.537581072150771,0.8151555294957442,1,Neptune,Neptune,2.557404935320978,0.75,25.0,0.0,59132.0,180.0,270.0
20260811_184731__rp0p75__vinf25__inc0__toff59132__Om270__om180,5.444937486996922,0.5703926394981391,3.537581072150771,0.8151555294957442,1,Neptune,Neptune,2.557404935320978,0.75,25.0,0.0,59132.0,270.0,180.0
20260811_184731__rp0p75__vinf25__inc0__toff59132__Om90__om0,5.4449373822394636,0.5703926185382197,3.5375810057273487,0.8151555065761338,1,Neptune,Neptune,2.5574049353205845,0.75,25.0,0.0,59132.0,90.0,0.0
20260811_184731__rp0p75__vinf25__inc0__toff59132__Om0__om90,5.4449373822394636,0.5703926185382197,3.5375810057273487,0.8151555065761338,1,Neptune,Neptune,2.5574049353205845,0.75,25.0,0.0,59132.0,0.0,90.0
20260811_184731__rp0p25__vinf25__incm60__toff59132__Om180__om45,5.430839568502847,0.42728647468217934,-0.2763339345505515,0.268217308424284,1,Uranus,Uranus,3.6441887284940826,0.25,25.0,-60.0,59132.0,180.0,45.0
20260811_184731__rp0p25__vinf25__inc60__toff59132__Om0__om225,5.430617243952726,0.42724652801714325,-0.2763168744830779,0.2681484035427666,1,Uranus,Uranus,3.64418189488588,0.25,25.0,60.0,59132.0,0.0,225.0
20260811_184731__rp0p75__vinf25__incm30__toff59132__Om180__om330,5.425399735442935,0.43207520845501474,1.3184537732295416,0.5511623599857374,2,"Jupiter,Neptune",Neptune,3.6972356867664438,0.75,25.0,-30.0,59132.0,180.0,330.0
20260811_184731__rp0p75__vinf25__inc30__toff59132__Om0__om150,5.4253967911575405,0.4320746968496103,1.3184501884865654,0.5511622880863907,2,"Jupiter,Neptune",Neptune,3.6972356893831093,0.75,25.0,30.0,59132.0,0.0,150.0
20260811_184731__rp1__vinf25__inc0__toff59132__Om0__om90,5.423564916188271,0.612178692055691,10.832399668496333,0.9198216909368556,1,Neptune,Neptune,2.111710751958877,1.0,25.0,0.0,59132.0,0.0,90.0
20260811_184731__rp1__vinf25__inc0__toff59132__Om90__om0,5.423564916188271,0.612178692055691,10.832399668496333,0.9198216909368556,1,Neptune,Neptune,2.111710751958877,1.0,25.0,0.0,59132.0,90.0,0.0
20260811_184731__rp1__vinf25__inc0__toff59132__Om180__om270,5.423563547108964,0.6121784182367412,10.83240323169034,0.9198215733847528,1,Neptune,Neptune,2.111710751960273,1.0,25.0,0.0,59132.0,180.0,270.0
20260811_184731__rp1__vinf25__inc0__toff59132__Om270__om180,5.423563547108964,0.6121784182367412,10.83240323169034,0.9198215733847528,1,Neptune,Neptune,2.111710751960273,1.0,25.0,0.0,59132.0,270.0,180.0
20260811_184731__rp1p25__vinf25__inc30__toff59132__Om90__om0,5.413940639017985,0.6186156123412885,-0.4436671755262575,0.5589749212613421,0,,Earth,2.1260535275301886,1.25,25.0,30.0,59132.0,90.0,0.0
20260811_184731__rp1p25__vinf25__incm30__toff59132__Om270__om180,5.41148844478003,0.6158228382018731,-0.438751208717548,0.5589294651117985,0,,Moon,2.3926435329940907,1.25,25.0,-30.0,59132.0,270.0,180.0
20260811_184731__rp0p5__vinf25__inc30__toff59132__Om180__om330,5.410798560883407,0.4188723178174223,-0.2237284772718771,0.3221249701306216,1,Neptune,Neptune,3.1509850167668345,0.5,25.0,30.0,59132.0,180.0,330.0
20260811_184731__rp0p5__vinf25__incm30__toff59132__Om0__om150,5.409146317020501,0.4185952087211972,-0.2231145680886888,0.322293069194883,1,Neptune,Neptune,3.150974579450805,0.5,25.0,-30.0,59132.0,0.0,150.0
20260811_184731__rp0p25__vinf25__incm60__toff59132__Om0__om210,5.40141268709731,0.408808013312757,-0.2156280392392838,0.3101450399953087,2,"Uranus,Neptune",Neptune,2.508321808343763,0.25,25.0,-60.0,59132.0,0.0,210.0
20260811_184731__rp0p25__vinf25__inc60__toff59132__Om180__om30,5.400396143324503,0.40859871733234415,-0.2151838464664215,0.3102518506183506,2,"Uranus,Neptune",Neptune,2.50835720945519,0.25,25.0,60.0,59132.0,180.0,30.0
20260811_184731__rp0p25__vinf25__inc30__toff59132__Om180__om45,5.384057179731844,0.4250120431356373,-0.2641578007017443,0.2808620432383427,1,Uranus,Uranus,3.1719981084497215,0.25,25.0,30.0,59132.0,180.0,45.0
20260811_184731__rp1__vinf25__inc60__toff59132__Om90__om30,5.382555421130942,0.4272220898664298,0.1202190275753586,0.529278880918219,2,"Venus,Neptune",Venus,4.885721245946359,1.0,25.0,60.0,59132.0,90.0,30.0
20260811_184731__rp0p25__vinf25__incm30__toff59132__Om0__om225,5.382342182094209,0.42474156626389603,-0.2638238344702731,0.280714287540684,1,Uranus,Uranus,3.172007328705236,0.25,25.0,-30.0,59132.0,0.0,225.0
20260811_184731__rp1__vinf25__incm60__toff59132__Om270__om210,5.382108309716801,0.42714257089329805,0.1199693513356617,0.5291646710266841,2,"Venus,Neptune",Venus,4.885771308476351,1.0,25.0,-60.0,59132.0,270.0,210.0
20260811_184731__rp0p25__vinf25__incm30__toff59132__Om90__om120,5.339475249187657,0.3894844704076594,-0.241711760276855,0.2335742051250268,1,Uranus,Uranus,3.1394682469796407,0.25,25.0,-30.0,59132.0,90.0,120.0
20260811_184731__rp1__vinf25__inc60__toff59132__Om270__om180,5.338442960910714,0.403085412436612,-0.0887572675586336,0.4345809937965233,2,"Venus,Neptune",Venus,8.165609132334236,1.0,25.0,60.0,59132.0,270.0,180.0
20260811_184731__rp1__vinf25__incm60__toff59132__Om90__om0,5.338328430880928,0.4030643644492184,-0.0886407089632631,0.4346442034501879,2,"Venus,Neptune",Venus,8.165417362915148,1.0,25.0,-60.0,59132.0,90.0,0.0
20260811_184731__rp0p25__vinf25__inc30__toff59132__Om270__om300,5.3352771840764905,0.38864486918455526,-0.2410319726039688,0.2327407790056609,1,Uranus,Uranus,3.139468250222241,0.25,25.0,30.0,59132.0,270.0,300.0
20260811_184731__rp0p25__vinf25__inc0__toff59132__Om0__om45,5.331023818192715,0.44672224225897467,-0.2166114938047081,0.395779426477868,0,,Uranus,2.343526960831444,0.25,25.0,0.0,59132.0,0.0,45.0
20260811_184731__rp0p25__vinf25__inc0__toff59132__Om270__om135,5.330648913720252,0.4466047351821684,-0.2168815611909025,0.395166290101156,0,,Uranus,2.3435602104319724,0.25,25.0,0.0,59132.0,270.0,135.0
20260811_184731__rp0p25__vinf25__inc0__toff59132__Om90__om315,5.330648913720252,0.4466047351821684,-0.2168815611909025,0.395166290101156,0,,Uranus,2.3435602104319724,0.25,25.0,0.0,59132.0,90.0,315.0
20260811_184731__rp0p25__vinf25__inc0__toff59132__Om180__om225,5.330429525011021,0.44658238301494874,-0.216279516459398,0.3958524639799634,0,,Uranus,2.3435116815890265,0.25,25.0,0.0,59132.0,180.0,225.0
20260811_184731__rp0p5__vinf25__incm30__toff59132__Om180__om210,5.325745076431942,0.3332604032521812,0.5578464167808311,0.244134193697567,2,"Mercury,Saturn",Mercury,7.3284350224533545,0.5,25.0,-30.0,59132.0,180.0,210.0
20260811_184731__rp0p5__vinf25__inc30__toff59132__Om0__om30,5.3257450746985295,0.33326040291028863,0.5578464156120743,0.2441341933135749,2,"Mercury,Saturn",Mercury,7.328435022068968,0.5,25.0,30.0,59132.0,0.0,30.0
20260811_184731__rp1p25__vinf25__incm60__toff59132__Om270__om210,5.322614855259193,0.5625501672946579,-0.2503160599801912,0.6759906242512841,1,Neptune,Neptune,2.527342340129334,1.25,25.0,-60.0,59132.0,270.0,210.0
20260811_184731__rp1p25__vinf25__inc60__toff59132__Om90__om30,5.322592827511736,0.5625463394695336,-0.2504955773511591,0.6757672103970863,1,Neptune,Neptune,2.5273362217283633,1.25,25.0,60.0,59132.0,90.0,30.0
20260811_184731__rp0p25__vinf25__inc30__toff59132__Om0__om225,5.315407988579457,0.3969757877566349,-0.2582296597621276,0.2261031263702306,1,Uranus,Uranus,4.948182679624679,0.25,25.0,30.0,59132.0,0.0,225.0
20260811_184731__rp0p5__vinf25__inc30__toff59132__Om180__om345,5.313747525648273,0.4077343087983438,-0.2302928803783239,0.2886908358816468,1,Neptune,Neptune,3.0073146368715107,0.5,25.0,30.0,59132.0,180.0,345.0
20260811_184731__rp0p5__vinf25__incm30__toff59132__Om0__om165,5.3135677552832865,0.40770748156837583,-0.2301475849632713,0.2888250487562405,1,Neptune,Neptune,3.0073127502087105,0.5,25.0,-30.0,59132.0,0.0,165.0
20260811_184731__rp0p25__vinf25__incm30__toff59132__Om180__om45,5.31222195307746,0.3962380051648763,-0.2573061883221116,0.2258409148603138,1,Uranus,Uranus,4.94787008900921,0.25,25.0,-30.0,59132.0,180.0,45.0
20260811_184731__rp0p25__vinf25__inc30__toff59132__Om270__om270,5.304241576727305,0.3628342967472072,0.5559096240616695,0.4149894138232538,2,"Uranus,Neptune",Neptune,2.8559914713934638,0.25,25.0,30.0,59132.0,270.0,270.0
20260811_184731__rp0p25__vinf25__incm30__toff59132__Om90__om90,5.3042408172787265,0.3628341484209365,0.5559090489154203,0.4149891731329604,2,"Uranus,Neptune",Neptune,2.8559914739974706,0.25,25.0,-30.0,59132.0,90.0,90.0
20260811_184731__rp0p75__vinf25__incm30__toff59132__Om180__om270,5.2863064659213705,0.5665238709781668,3.921690163311928,0.8195282790188182,2,"Venus,Neptune",Venus,2.5173926463102942,0.75,25.0,-30.0,59132.0,180.0,270.0
20260811_184731__rp0p75__vinf25__inc30__toff59132__Om0__om90,5.286306460412378,0.5665238698924794,3.921690169383759,0.8195282781144058,2,"Venus,Neptune",Venus,2.517392646103212,0.75,25.0,30.0,59132.0,0.0,90.0
20260811_184731__rp0p25__vinf25__inc90__toff59132__Om90__om30,5.277822100522618,0.3656284043529127,0.6046592938922314,0.4220445440508227,2,"Jupiter,Neptune",Neptune,3.8620772568017903,0.25,25.0,90.0,59132.0,90.0,30.0
20260811_184731__rp0p25__vinf25__incm90__toff59132__Om270__om210,5.2778220838973855,0.365628401006,0.6046593021253129,0.4220445400686069,2,"Jupiter,Neptune",Neptune,3.8620772568002955,0.25,25.0,-90.0,59132.0,270.0,210.0
20260811_184731__rp0p25__vinf25__incm30__toff59132__Om90__om30,5.277770159165076,0.3595936186521192,-0.1678863783775068,0.2676431476233205,2,"Jupiter,Neptune",Neptune,4.260234436564108,0.25,25.0,-30.0,59132.0,90.0,30.0
20260811_184731__rp0p25__vinf25__inc30__toff59132__Om270__om210,5.277770148561013,0.35959361828475683,-0.167886379598328,0.2676431454992695,2,"Jupiter,Neptune",Neptune,4.260234437321531,0.25,25.0,30.0,59132.0,270.0,210.0
20260811_184731__rp0p25__vinf25__incm90__toff59132__Om90__om330,5.271718741608738,0.3653588133276486,0.6910193328000233,0.4280787598700878,1,Neptune,Neptune,3.685877082390994,0.25,25.0,-90.0,59132.0,90.0,330.0
20260811_184731__rp0p25__vinf25__inc90__toff59132__Om270__om150,5.271718718417961,0.3653588086787867,0.6910192870986535,0.4280787501641914,1,Neptune,Neptune,3.6858770823914213,0.25,25.0,90.0,59132.0,270.0,150.0
20260811_184731__rp0p25__vinf25__inc90__toff59132__Om90__om15,5.262005571545231,0.36346891693957484,0.6885164758295795,0.425400239926396,1,Neptune,Neptune,3.681615138107304,0.25,25.0,90.0,59132.0,90.0,15.0
20260811_184731__rp0p25__vinf25__incm90__toff59132__Om270__om195,5.262005562646335,0.363468915237646,0.6885164731709706,0.4254002374852279,1,Neptune,Neptune,3.681615138122759,0.25,25.0,-90.0,59132.0,270.0,195.0
20260811_184731__rp0p25__vinf25__incm90__toff59132__Om90__om345,5.261265866846933,0.3651285860023307,0.5960173553940159,0.420772320607612,2,"Jupiter,Neptune",Neptune,3.8306190146649204,0.25,25.0,-90.0,59132.0,90.0,345.0
20260811_184731__rp0p25__vinf25__inc90__toff59132__Om270__om165,5.261265854211903,0.3651285834350398,0.5960173552679614,0.4207723171014399,2,"Jupiter,Neptune",Neptune,3.830619014662694,0.25,25.0,90.0,59132.0,270.0,165.0
20260811_184731__rp0p5__vinf25__incm30__toff59132__Om90__om330,5.254705169206501,0.47230406959544236,1.949161603964336,0.6483632358359831,0,,Uranus,2.5532639715072416,0.5,25.0,-30.0,59132.0,90.0,330.0
20260811_184731__rp0p5__vinf25__inc30__toff59132__Om270__om150,5.254705164791417,0.4723040687152742,1.949161600486516,0.6483632370801097,0,,Uranus,2.5532639715071586,0.5,25.0,30.0,59132.0,270.0,150.0
20260811_184731__rp0p5__vinf25__incm60__toff59132__Om180__om0,5.227932732663408,0.4015639999774725,-0.2483319203881374,0.2503762820540591,1,Neptune,Neptune,2.9206884412083363,0.5,25.0,-60.0,59132.0,180.0,0.0
20260811_184731__rp0p5__vinf25__inc60__toff59132__Om0__om180,5.223490290306189,0.4005748552258865,-0.247178327322549,0.2498349165663411,1,Neptune,Neptune,2.9206525211830328,0.5,25.0,60.0,59132.0,0.0,180.0
20260811_184731__rp0p5__vinf25__inc30__toff59132__Om180__om315,5.223201284352937,0.39821914174261513,-0.1843354708289587,0.3257198569648603,1,Neptune,Neptune,3.1515811116145986,0.5,25.0,30.0,59132.0,180.0,315.0
20260811_184731__rp0p5__vinf25__incm30__toff59132__Om0__om135,5.220368698500367,0.39767955156449253,-0.1830719750532927,0.3260711841744839,1,Neptune,Neptune,3.151573210199885,0.5,25.0,-30.0,59132.0,0.0,135.0
20260811_184731__rp0p5__vinf25__inc0__toff59132__Om0__om165,5.201812686394883,0.381149938079402,-0.2251387901861213,0.2388129920914006,1,Neptune,Neptune,3.530291574247548,0.5,25.0,0.0,59132.0,0.0,165.0
20260811_184731__rp0p5__vinf25__inc0__toff59132__Om180__om345,5.2018126863700935,0.3811499380818893,-0.2251387901871511,0.238812992095161,1,Neptune,Neptune,3.5302915742557324,0.5,25.0,0.0,59132.0,180.0,345.0
20260811_184731__rp0p5__vinf25__inc0__toff59132__Om270__om255,5.2018126863700935,0.3811499380818893,-0.2251387901871511,0.238812992095161,1,Neptune,Neptune,3.5302915742557324,0.5,25.0,0.0,59132.0,270.0,255.0
20260811_184731__rp0p5__vinf25__inc0__toff59132__Om90__om75,5.2018126863700935,0.3811499380818893,-0.2251387901871511,0.238812992095161,1,Neptune,Neptune,3.5302915742557324,0.5,25.0,0.0,59132.0,90.0,75.0
20260811_184731__rp0p25__vinf25__inc60__toff59132__Om0__om120,5.187806020940605,0.3234324638358995,-0.1097326443025589,0.2664244569614295,1,Neptune,Neptune,4.178819595927801,0.25,25.0,60.0,59132.0,0.0,120.0
20260811_184731__rp0p25__vinf25__incm60__toff59132__Om180__om300,5.187806020677017,0.32343246378303087,-0.1097326442489263,0.2664244569271263,1,Neptune,Neptune,4.178819595934065,0.25,25.0,-60.0,59132.0,180.0,300.0
20260811_184731__rp0p5__vinf25__incm30__toff59132__Om180__om60,5.173256914693669,0.356925405120035,-0.2258920574400896,0.1890616661073726,2,"Mars,Uranus",Mars,5.038423869939363,0.5,25.0,-30.0,59132.0,180.0,60.0
20260811_184731__rp0p5__vinf25__inc30__toff59132__Om0__om240,5.173256914543148,0.35692540508955717,-0.2258920574154957,0.1890616660815211,2,"Mars,Uranus",Mars,5.038423869944369,0.5,25.0,30.0,59132.0,0.0,240.0
20260811_184731__rp1p25__vinf25__incm60__toff59132__Om270__om195,5.17265916842657,0.5412618135836021,-0.3364867919351892,0.488006188396421,1,Neptune,Neptune,2.309927472040412,1.25,25.0,-60.0,59132.0,270.0,195.0
20260811_184731__rp1p25__vinf25__inc60__toff59132__Om90__om15,5.172643351489016,0.5412618103324716,-0.3364868067042483,0.4880061537845244,1,Neptune,Neptune,2.3099274746308667,1.25,25.0,60.0,59132.0,90.0,15.0
20260811_184731__rp0p75__vinf25__incm30__toff59132__Om270__om195,5.171406861196537,0.42449940254746416,0.607510277207694,0.5078555742858275,1,Neptune,Neptune,3.2105504955636883,0.75,25.0,-30.0,59132.0,270.0,195.0
20260811_184731__rp0p75__vinf25__inc30__toff59132__Om90__om15,5.171406851001961,0.4244994005122593,0.6075102809278826,0.5078555712566519,1,Neptune,Neptune,3.2105504955674724,0.75,25.0,30.0,59132.0,90.0,15.0
20260811_184731__rp0p25__vinf25__inc30__toff59132__Om90__om135,5.166680897493871,0.37255460003455765,-0.2445216092963389,0.1942404852269797,1,Uranus,Uranus,3.346790883091952,0.25,25.0,30.0,59132.0,90.0,135.0
20260811_184731__rp0p25__vinf25__incm30__toff59132__Om270__om315,5.166680874566424,0.3725545954071126,-0.2445216083811698,0.1942404770528328,1,Uranus,Uranus,3.346790883112545,0.25,25.0,-30.0,59132.0,270.0,315.0
20260811_184731__rp0p25__vinf25__inc30__toff59132__Om270__om315,5.163765708787643,0.4004799803201561,-0.2548198942204276,0.2387341152723374,1,Uranus,Uranus,3.35766646814625,0.25,25.0,30.0,59132.0,270.0,315.0
20260811_184731__rp0p5__vinf25__incm30__toff59132__Om0__om60,5.162061158506586,0.6122478992234444,-0.3790622976346728,0.6647011484312819,0,,Earth,2.0853013386856682,0.5,25.0,-30.0,59132.0,0.0,60.0
20260811_184731__rp0p25__vinf25__incm30__toff59132__Om90__om135,5.161730372560569,0.4000519223531206,-0.2545820661675555,0.2381364174631504,1,Uranus,Uranus,3.3578012942517095,0.25,25.0,-30.0,59132.0,90.0,135.0
20260811_184731__rp0p5__vinf25__inc30__toff59132__Om180__om240,5.159120489388239,0.6119486823549182,-0.3780361702711303,0.6653624367846959,0,,Earth,2.0834010648970516,0.5,25.0,30.0,59132.0,180.0,240.0
20260811_184731__rp0p5__vinf25__inc30__toff59132__Om180__om0,5.146598267295735,0.39403726516746856,-0.2293430230492675,0.2602434685065872,1,Neptune,Neptune,2.754206986335638,0.5,25.0,30.0,59132.0,180.0,0.0
20260811_184731__rp0p5__vinf25__incm30__toff59132__Om0__om180,5.144925529776767,0.3936997984468886,-0.2293340910081028,0.2595352497531776,1,Neptune,Neptune,2.7542088612345994,0.5,25.0,-30.0,59132.0,0.0,180.0
20260811_184731__rp0p25__vinf25__incm60__toff59132__Om270__om285,5.144441220814573,0.3740536757665367,-0.2382812990416122,0.2061593757896078,1,Neptune,Neptune,2.677069736521102,0.25,25.0,-60.0,59132.0,270.0,285.0
20260811_184731__rp0p25__vinf25__inc60__toff59132__Om90__om105,5.144441212063162,0.3740536740044739,-0.2382812906255005,0.2061593839930266,1,Neptune,Neptune,2.6770697365220273,0.25,25.0,60.0,59132.0,90.0,105.0
20260811_184731__rp0p5__vinf25__inc0__toff59132__Om270__om270,5.1404318228516965,0.36538277839524425,-0.2260216921046347,0.205592691615869,1,Neptune,Neptune,3.059965935495524,0.5,25.0,0.0,59132.0,270.0,270.0
20260811_184731__rp0p5__vinf25__inc0__toff59132__Om0__om180,5.140431822391062,0.3653827783472841,-0.2260216920688021,0.2055926915690783,1,Neptune,Neptune,3.059965935499333,0.5,25.0,0.0,59132.0,0.0,180.0
20260811_184731__rp0p5__vinf25__inc0__toff59132__Om90__om90,5.140431822391062,0.3653827783472841,-0.2260216920688021,0.2055926915690783,1,Neptune,Neptune,3.059965935499333,0.5,25.0,0.0,59132.0,90.0,90.0
20260811_184731__rp0p5__vinf25__inc0__toff59132__Om180__om0,5.140431822391062,0.3653827783472841,-0.2260216920688021,0.2055926915690783,1,Neptune,Neptune,3.059965935499333,0.5,25.0,0.0,59132.0,180.0,0.0
20260811_184731__rp1__vinf25__inc60__toff59132__Om270__om195,5.13702934779206,0.4942704852538333,0.1202359016693891,0.6688070319742264,1,Neptune,Neptune,2.9587257341943123,1.0,25.0,60.0,59132.0,270.0,195.0
20260811_184731__rp1__vinf25__incm60__toff59132__Om90__om15,5.1369986447639135,0.4942635367790568,0.1202331284055372,0.6687920406245071,1,Neptune,Neptune,2.958726583757,1.0,25.0,-60.0,59132.0,90.0,15.0
20260811_184731__rp0p25__vinf25__inc60__toff59132__Om0__om75,5.135031401539926,0.4646878947006376,1.654156120970116,0.5868549883691766,1,Neptune,Neptune,2.510986472480296,0.25,25.0,60.0,59132.0,0.0,75.0
20260811_184731__rp0p25__vinf25__incm60__toff59132__Om180__om255,5.135031401305266,0.4646878946776523,1.654156120893942,0.5868549884062816,1,Neptune,Neptune,2.510986472484311,0.25,25.0,-60.0,59132.0,180.0,255.0
20260811_184731__rp0p25__vinf25__inc60__toff59132__Om180__om225,5.133076717290233,0.5040835901346539,-0.264662610063056,0.4830326254380218,0,,Saturn,2.042628889992327,0.25,25.0,60.0,59132.0,180.0,225.0
20260811_184731__rp0p25__vinf25__incm60__toff59132__Om0__om45,5.1330228388665855,0.504068446482937,-0.2643557876535158,0.4834001282093353,0,,Saturn,2.042617099014687,0.25,25.0,-60.0,59132.0,0.0,45.0
20260811_184731__rp0p25__vinf25__inc30__toff59132__Om0__om240,5.132966978151419,0.39622392417815727,-0.2586554026884847,0.2238385432418175,1,Uranus,Uranus,4.098894040804123,0.25,25.0,30.0,59132.0,0.0,240.0
20260811_184731__rp0p5__vinf25__inc0__toff59132__Om180__om15,5.131537897842303,0.389957162782655,-0.2517052149799909,0.2203878308473725,1,Neptune,Neptune,2.574090271563505,0.5,25.0,0.0,59132.0,180.0,15.0
20260811_184731__rp0p25__vinf25__inc0__toff59132__Om90__om150,5.131088193696303,0.3991719781507743,-0.2584964762925352,0.23052502061133,1,Uranus,Uranus,3.9252318480815056,0.25,25.0,0.0,59132.0,90.0,150.0
20260811_184731__rp0p25__vinf25__incm30__toff59132__Om180__om60,5.130430079022027,0.39565050400501806,-0.2577914639828152,0.2238522585643602,1,Uranus,Uranus,4.098929310522407,0.25,25.0,-30.0,59132.0,180.0,60.0
20260811_184731__rp0p5__vinf25__inc0__toff59132__Om270__om285,5.1299615857679575,0.38964189904117486,-0.2510869214451725,0.2206034550749062,1,Neptune,Neptune,2.5740902640054975,0.5,25.0,0.0,59132.0,270.0,285.0
20260811_184731__rp0p25__vinf25__inc0__toff59132__Om270__om330,5.129638160156279,0.39896960946691923,-0.2588865405516652,0.2295106920740314,1,Uranus,Uranus,3.9250470695465722,0.25,25.0,0.0,59132.0,270.0,330.0
20260811_184731__rp0p75__vinf25__incm60__toff59132__Om180__om270,5.129561978693853,0.5590370239284674,3.712775065126739,0.8077767946973752,1,Neptune,Neptune,2.325984574783845,0.75,25.0,-60.0,59132.0,180.0,270.0
20260811_184731__rp0p75__vinf25__inc60__toff59132__Om0__om90,5.129561976503256,0.5590370235063137,3.7127750608041663,0.8077767941895128,1,Neptune,Neptune,2.3259845747862053,0.75,25.0,60.0,59132.0,0.0,90.0
20260811_184731__rp0p25__vinf25__incm30__toff59132__Om270__om165,5.129221944177852,0.42968076582532283,1.1845680498648612,0.4886751006772549,1,Neptune,Neptune,2.7767104737453385,0.25,25.0,-30.0,59132.0,270.0,165.0
20260811_184731__rp0p25__vinf25__inc30__toff59132__Om90__om345,5.129221943623035,0.42968076571584946,1.1845680497340454,0.488675100979031,1,Neptune,Neptune,2.7767104737327197,0.25,25.0,30.0,59132.0,90.0,345.0
20260811_184731__rp0p5__vinf25__inc0__toff59132__Om90__om105,5.128538079348242,0.3893571954028898,-0.2507867660404789,0.2204263514910676,1,Neptune,Neptune,2.5740902749719834,0.5,25.0,0.0,59132.0,90.0,105.0
20260811_184731__rp0p5__vinf25__inc0__toff59132__Om0__om195,5.128538079348242,0.3893571954028898,-0.2507867660404789,0.2204263514910676,1,Neptune,Neptune,2.5740902749719834,0.5,25.0,0.0,59132.0,0.0,195.0
20260811_184731__rp0p5__vinf25__inc30__toff59132__Om270__om165,5.1265269522895665,0.48089380800671916,1.9427573126429816,0.6266747926121079,0,,Uranus,2.3848174452647846,0.5,25.0,30.0,59132.0,270.0,165.0
20260811_184731__rp0p5__vinf25__incm30__toff59132__Om90__om345,5.12652694608386,0.4808938068279297,1.942757308806472,0.6266747944843307,0,,Uranus,2.3848174452827724,0.5,25.0,-30.0,59132.0,90.0,345.0
20260811_184731__rp0p25__vinf25__inc0__toff59132__Om180__om60,5.126509550621022,0.39839601447124945,-0.2576557512456292,0.2300487028065967,1,Uranus,Uranus,3.925296777145348,0.25,25.0,0.0,59132.0,180.0,60.0
20260811_184731__rp0p25__vinf25__inc0__toff59132__Om0__om240,5.126177368971944,0.3983201690182719,-0.2576320302814863,0.2299170583824306,1,Uranus,Uranus,3.925340052655301,0.25,25.0,0.0,59132.0,0.0,240.0
20260811_184731__rp0p75__vinf25__inc0__toff59132__Om90__om45,5.124493037111208,0.38843203811671173,-0.1598979873276346,0.3334486114637671,1,Neptune,Neptune,3.689015107201568,0.75,25.0,0.0,59132.0,90.0,45.0
20260811_184731__rp0p75__vinf25__inc0__toff59132__Om180__om315,5.124398280047582,0.3884611459601765,-0.1598665210808368,0.3335425985746433,1,Neptune,Neptune,3.689072128095777,0.75,25.0,0.0,59132.0,180.0,315.0
20260811_184731__rp0p75__vinf25__inc0__toff59132__Om0__om135,5.123430700520463,0.3881689645582892,-0.1596609705294428,0.3331785020059885,1,Neptune,Neptune,3.689049166632649,0.75,25.0,0.0,59132.0,0.0,135.0
20260811_184731__rp0p75__vinf25__inc0__toff59132__Om270__om225,5.1232774450264404,0.38825009076902867,-0.1599203997207389,0.3330547781945954,1,Neptune,Neptune,3.6889894015791875,0.75,25.0,0.0,59132.0,270.0,225.0
20260811_184731__rp1p25__vinf25__incm90__toff59132__Om270__om240,5.110311907944921,0.6360459652660361,28.89892489264984,0.9401184989697746,1,Neptune,Earth,2.2407098275012887,1.25,25.0,-90.0,59132.0,270.0,240.0
20260811_184731__rp1p25__vinf25__inc90__toff59132__Om90__om60,5.110309589901177,0.6360455016582902,28.898914144289005,0.9401185882939244,1,Neptune,Earth,2.240706716299197,1.25,25.0,90.0,59132.0,90.0,60.0
20260811_184731__rp0p5__vinf25__incm30__toff59132__Om180__om15,5.088241749566301,0.37672505399748263,-0.2437815875610384,0.2038839781879605,1,Neptune,Neptune,2.586170523254275,0.5,25.0,-30.0,59132.0,180.0,15.0
20260811_184731__rp0p5__vinf25__inc30__toff59132__Om0__om195,5.088241748855372,0.37672505379299964,-0.2437815871089466,0.2038839784085866,1,Neptune,Neptune,2.586170523253269,0.5,25.0,30.0,59132.0,0.0,195.0
20260811_184731__rp0p5__vinf25__inc0__toff59132__Om0__om90,5.0779912849445585,0.42432865706483347,0.9846130693035768,0.5287772542021901,1,Neptune,Neptune,3.1991198468094746,0.5,25.0,0.0,59132.0,0.0,90.0
20260811_184731__rp0p5__vinf25__inc0__toff59132__Om90__om0,5.0779912849445585,0.42432865706483347,0.9846130693035768,0.5287772542021901,1,Neptune,Neptune,3.1991198468094746,0.5,25.0,0.0,59132.0,90.0,0.0
20260811_184731__rp0p5__vinf25__inc0__toff59132__Om270__om180,5.077991284772529,0.42432865702555606,0.9846130690382324,0.5287772541306186,1,Neptune,Neptune,3.199119846811368,0.5,25.0,0.0,59132.0,270.0,180.0
20260811_184731__rp0p5__vinf25__inc0__toff59132__Om180__om270,5.077991284772529,0.42432865702555606,0.9846130690382324,0.5287772541306186,1,Neptune,Neptune,3.199119846811368,0.5,25.0,0.0,59132.0,180.0,270.0
20260811_184731__rp0p25__vinf25__inc30__toff59132__Om180__om60,5.07369990782796,0.3927155476254758,-0.2417035707445033,0.24048586678888,1,Uranus,Uranus,3.292547130164189,0.25,25.0,30.0,59132.0,180.0,60.0
20260811_184731__rp1p25__vinf25__incm30__toff59132__Om180__om315,5.073414614884491,0.4155011396225844,0.9400236072786012,0.3604891987100053,2,"Jupiter,Neptune",Neptune,3.467710519227775,1.25,25.0,-30.0,59132.0,180.0,315.0
20260811_184731__rp1p25__vinf25__inc30__toff59132__Om0__om135,5.073414595263691,0.4155011356959722,0.9400235970052594,0.3604892056340495,2,"Jupiter,Neptune",Neptune,3.4677105192261384,1.25,25.0,30.0,59132.0,0.0,135.0
20260811_184731__rp0p25__vinf25__incm30__toff59132__Om0__om240,5.070710185660723,0.3920725580851314,-0.2397621026881786,0.2418121042590939,1,Uranus,Uranus,3.292158805454777,0.25,25.0,-30.0,59132.0,0.0,240.0
20260811_184731__rp0p25__vinf25__inc0__toff59132__Om0__om255,5.064446270278673,0.37430649018548084,-0.2374493636693128,0.2078438421763146,1,Uranus,Uranus,3.5908229128556313,0.25,25.0,0.0,59132.0,0.0,255.0
20260811_184731__rp0p25__vinf25__inc0__toff59132__Om180__om75,5.064400537026021,0.3743043336820359,-0.2374486510377921,0.2078404199539513,1,Uranus,Uranus,3.590823205416578,0.25,25.0,0.0,59132.0,180.0,75.0
20260811_184731__rp0p25__vinf25__inc0__toff59132__Om270__om345,5.064400537026021,0.3743043336820359,-0.2374486510377921,0.2078404199539513,1,Uranus,Uranus,3.590823205416578,0.25,25.0,0.0,59132.0,270.0,345.0
20260811_184731__rp0p25__vinf25__inc0__toff59132__Om90__om165,5.064398488098789,0.374306838022939,-0.2374494752258236,0.2078443989171796,1,Uranus,Uranus,3.590822575104908,0.25,25.0,0.0,59132.0,90.0,165.0
20260811_184731__rp0p25__vinf25__inc60__toff59132__Om0__om240,5.064001696650077,0.4012648508547901,-0.2569595725980356,0.2373678203532374,1,Uranus,Uranus,3.6981113735746747,0.25,25.0,60.0,59132.0,0.0,240.0
20260811_184731__rp0p25__vinf25__incm60__toff59132__Om180__om60,5.059754451216502,0.40036210384045895,-0.2561058028855463,0.2366168165140568,1,Uranus,Uranus,3.6982849462302934,0.25,25.0,-60.0,59132.0,180.0,60.0
20260811_184731__rp0p75__vinf25__inc0__toff59132__Om0__om120,5.0578616739466025,0.4305654432227128,-0.1163616643296752,0.4667636399500606,1,Neptune,Neptune,3.6613013591265355,0.75,25.0,0.0,59132.0,0.0,120.0
20260811_184731__rp0p75__vinf25__inc0__toff59132__Om180__om300,5.054294806900844,0.43008420897920996,-0.1144857897637985,0.4674796586876225,1,Neptune,Neptune,3.6609733863595393,0.75,25.0,0.0,59132.0,180.0,300.0
20260811_184731__rp0p75__vinf25__inc0__toff59132__Om90__om30,5.054286453046095,0.4300751336432149,-0.1147506240946183,0.4672110976075138,1,Neptune,Neptune,3.660916346384534,0.75,25.0,0.0,59132.0,90.0,30.0
20260811_184731__rp0p75__vinf25__inc0__toff59132__Om270__om210,5.054092172506772,0.4301176877580063,-0.1148454331980082,0.467214712783324,1,Neptune,Neptune,3.6610065158258758,0.75,25.0,0.0,59132.0,270.0,210.0
20260811_184731__rp0p5__vinf25__incm60__toff59132__Om180__om15,5.0383552807008725,0.39395715011238475,-0.2483386906798167,0.2338080049537578,1,Neptune,Neptune,2.478053136672095,0.5,25.0,-60.0,59132.0,180.0,15.0
20260811_184731__rp0p5__vinf25__inc60__toff59132__Om0__om195,5.034956103405237,0.3932768247096144,-0.2472108104302689,0.233943402032552,1,Neptune,Neptune,2.47799997024148,0.5,25.0,60.0,59132.0,0.0,195.0
20260811_184731__rp0p5__vinf25__inc30__toff59132__Om270__om180,5.033997702579394,0.36540391108836323,0.5203632176940874,0.4164316193316849,2,"Jupiter,Neptune",Neptune,4.324329938505484,0.5,25.0,30.0,59132.0,270.0,180.0
20260811_184731__rp0p5__vinf25__incm30__toff59132__Om90__om0,5.033997701942375,0.36540391099228475,0.5203632170161666,0.416431619158674,2,"Jupiter,Neptune",Neptune,4.324329938506611,0.5,25.0,-30.0,59132.0,90.0,0.0
20260811_184731__rp1__vinf25__inc0__toff59132__Om180__om285,5.033735271282429,0.45745269403690325,0.5092269403343045,0.560425591051329,1,Neptune,Neptune,2.6921472488661093,1.0,25.0,0.0,59132.0,180.0,285.0
20260811_184731__rp1__vinf25__inc0__toff59132__Om0__om105,5.033735269809642,0.45745269373932135,0.509226940134274,0.5604255905332262,1,Neptune,Neptune,2.6921472488599387,1.0,25.0,0.0,59132.0,0.0,105.0
20260811_184731__rp1__vinf25__inc0__toff59132__Om90__om15,5.033735268547067,0.4574526935103611,0.5092269403733115,0.5604255901332396,1,Neptune,Neptune,2.6921472488568945,1.0,25.0,0.0,59132.0,90.0,15.0
20260811_184731__rp1__vinf25__inc0__toff59132__Om270__om195,5.033735267137574,0.4574526932292829,0.5092269404094626,0.5604255896430926,1,Neptune,Neptune,2.6921472488535105,1.0,25.0,0.0,59132.0,270.0,195.0
20260811_184731__rp0p25__vinf25__inc60__toff59132__Om270__om240,5.031613744857561,0.39818314014100864,-0.2494371204452035,0.2414124175420199,1,Neptune,Neptune,2.746090848419197,0.25,25.0,60.0,59132.0,270.0,240.0
20260811_184731__rp0p25__vinf25__incm60__toff59132__Om90__om60,5.031613744519968,0.3981831400793376,-0.2494371204849238,0.2414124173510927,1,Neptune,Neptune,2.7460908484190036,0.25,25.0,-60.0,59132.0,90.0,60.0
20260811_184731__rp0p75__vinf25__incm60__toff59132__Om90__om45,5.029390946714355,0.5485925767003466,4.143106325320896,0.7690356656164985,1,Neptune,Neptune,2.617618630912917,0.75,25.0,-60.0,59132.0,90.0,45.0
20260811_184731__rp0p75__vinf25__inc60__toff59132__Om270__om225,5.029362619265449,0.5485869111830406,4.143013995157415,0.7690374360926199,1,Neptune,Neptune,2.6176186309117018,0.75,25.0,60.0,59132.0,270.0,225.0
20260811_184731__rp0p25__vinf25__incm30__toff59132__Om90__om285,5.021672904633743,0.33553008157197295,0.5775449890469214,0.2700508490126304,1,Saturn,Saturn,2.24400399290571,0.25,25.0,-30.0,59132.0,90.0,285.0
20260811_184731__rp0p25__vinf25__inc30__toff59132__Om270__om105,5.0216729041487795,0.33553008154152775,0.5775449889652154,0.2700508490299318,1,Saturn,Saturn,2.2440039928894437,0.25,25.0,30.0,59132.0,270.0,105.0
20260811_184731__rp0p25__vinf25__incm30__toff59132__Om180__om15,5.021164296369456,0.2983502732563421,0.2794261733139825,0.3134602460752978,2,"Mars,Neptune",Neptune,2.9647675497008548,0.25,25.0,-30.0,59132.0,180.0,15.0
20260811_184731__rp0p25__vinf25__inc30__toff59132__Om0__om195,5.021163785578445,0.2983501710904901,0.2794263050193549,0.3134601141487301,2,"Mars,Neptune",Neptune,2.9647675497002943,0.25,25.0,30.0,59132.0,0.0,195.0
20260811_184731__rp0p25__vinf25__inc60__toff59132__Om180__om315,5.020859922758212,0.35801988829601356,-0.1498317574451174,0.2852349567559604,2,"Uranus,Neptune",Neptune,2.5685040579613267,0.25,25.0,60.0,59132.0,180.0,315.0
20260811_184731__rp0p25__vinf25__incm60__toff59132__Om0__om135,5.020859922309022,0.3580198881805408,-0.1498317572908427,0.2852349567105214,2,"Uranus,Neptune",Neptune,2.5685040579626244,0.25,25.0,-60.0,59132.0,0.0,135.0
20260811_184731__rp0p25__vinf25__inc30__toff59132__Om270__om285,5.018030980223228,0.29900876121397274,-0.1409428640357974,0.1917410044181547,2,"Uranus,Neptune",Uranus,2.8182404892259227,0.25,25.0,30.0,59132.0,270.0,285.0
20260811_184731__rp0p25__vinf25__incm30__toff59132__Om90__om105,5.018030404950476,0.29900864616530193,-0.1409427678389598,0.1917409263989318,2,"Uranus,Neptune",Uranus,2.818240489223952,0.25,25.0,-30.0,59132.0,90.0,105.0
20260811_184731__rp0p5__vinf25__inc30__toff59132__Om270__om105,5.011506570861918,0.3205404952123924,0.5225087960164426,0.2449272515665335,1,Mercury,Mercury,4.658757740381052,0.5,25.0,30.0,59132.0,270.0,105.0
20260811_184731__rp0p5__vinf25__incm30__toff59132__Om90__om285,5.011506570371522,0.32054049512224303,0.5225087956958959,0.2449272514037847,1,Mercury,Mercury,4.658757739672102,0.5,25.0,-30.0,59132.0,90.0,285.0
20260811_184731__rp1p25__vinf25__inc0__toff59132__Om0__om105,4.991949966046189,0.5057850612473407,1.69311913530391,0.6790493784766305,1,Neptune,Neptune,2.1885481401100937,1.25,25.0,0.0,59132.0,0.0,105.0
20260811_184731__rp1p25__vinf25__inc0__toff59132__Om90__om15,4.991949954342451,0.5057850588788185,1.693119062391212,0.679049372006899,1,Neptune,Neptune,2.1885481401096216,1.25,25.0,0.0,59132.0,90.0,15.0
20260811_184731__rp1p25__vinf25__inc0__toff59132__Om180__om285,4.991949954136569,0.5057850588943702,1.693119062890689,0.6790493720503272,1,Neptune,Neptune,2.1885481401114104,1.25,25.0,0.0,59132.0,180.0,285.0
20260811_184731__rp1p25__vinf25__inc0__toff59132__Om270__om195,4.991949947242231,0.505785057567843,1.6931190220149586,0.6790493684250325,1,Neptune,Neptune,2.188548140115267,1.25,25.0,0.0,59132.0,270.0,195.0
20260811_184731__rp0p25__vinf25__inc60__toff59132__Om180__om45,4.991922157770512,0.38219743510358517,-0.2000115530064516,0.2735038765234344,2,"Uranus,Neptune",Uranus,2.480129440987522,0.25,25.0,60.0,59132.0,180.0,45.0
20260811_184731__rp0p5__vinf25__incm30__toff59132__Om270__om315,4.991716717354169,0.35648187871018006,-0.2313884975152002,0.1805836026752875,1,Mars,Mars,5.484234568273104,0.5,25.0,-30.0,59132.0,270.0,315.0
20260811_184731__rp0p5__vinf25__inc30__toff59132__Om90__om135,4.991716716641227,0.35648187858175284,-0.2313884972517298,0.1805836027912321,1,Mars,Mars,5.484234568309334,0.5,25.0,30.0,59132.0,90.0,135.0
20260811_184731__rp0p25__vinf25__incm60__toff59132__Om0__om225,4.9912343729279645,0.3820598810687097,-0.1999220543634304,0.2733345349348178,2,"Uranus,Neptune",Uranus,2.4801294257496425,0.25,25.0,-60.0,59132.0,0.0,225.0
20260811_184731__rp0p75__vinf25__incm30__toff59132__Om270__om210,4.985273207221384,0.3684249555453385,0.2044186309024823,0.4169956158048074,1,Neptune,Neptune,3.608976268801999,0.75,25.0,-30.0,59132.0,270.0,210.0
20260811_184731__rp0p75__vinf25__inc30__toff59132__Om90__om30,4.9852731555358885,0.3684249506933647,0.2044185516461375,0.4169956119683234,1,Neptune,Neptune,3.608976265048785,0.75,25.0,30.0,59132.0,90.0,30.0
20260811_184731__rp0p25__vinf25__inc60__toff59132__Om0__om255,4.982373260076218,0.370808074679103,-0.2328913530469575,0.2070599020042552,1,Uranus,Uranus,3.3897852195468046,0.25,25.0,60.0,59132.0,0.0,255.0
20260811_184731__rp0p25__vinf25__incm60__toff59132__Om180__om75,4.982373260012789,0.37080807467160565,-0.2328913530883584,0.2070599019316874,1,Uranus,Uranus,3.389785219547771,0.25,25.0,-60.0,59132.0,180.0,75.0
20260811_184731__rp0p25__vinf25__incm30__toff59132__Om180__om75,4.977087588997561,0.3769679361498669,-0.2405584958107466,0.2089521870856773,1,Uranus,Uranus,3.687958848895035,0.25,25.0,-30.0,59132.0,180.0,75.0
20260811_184731__rp0p25__vinf25__inc30__toff59132__Om0__om255,4.977087588211185,0.37696793612554624,-0.2405584957288001,0.2089521871509644,1,Uranus,Uranus,3.68795884889029,0.25,25.0,30.0,59132.0,0.0,255.0
20260811_184731__rp0p25__vinf25__inc90__toff59132__Om180__om270,4.970608444863167,0.5641842441192968,7.100017896416491,0.856105977045115,1,Uranus,Uranus,2.199193324759086,0.25,25.0,90.0,59132.0,180.0,270.0
20260811_184731__rp0p25__vinf25__incm90__toff59132__Om0__om90,4.970607122843889,0.5641839797202799,7.100016227347757,0.856106151834145,1,Uranus,Uranus,2.1991933247627813,0.25,25.0,-90.0,59132.0,0.0,90.0
20260811_184731__rp0p25__vinf25__inc60__toff59132__Om0__om45,4.967827397164572,0.34040190880976207,-0.1318087716384274,0.2726734301513347,1,Mercury,Mercury,4.91626774861704,0.25,25.0,60.0,59132.0,0.0,45.0
20260811_184731__rp0p5__vinf25__incm60__toff59132__Om270__om255,4.966796489545006,0.32471383869002685,-0.1419759920867009,0.2338490396295645,1,Neptune,Neptune,3.448861775187673,0.5,25.0,-60.0,59132.0,270.0,255.0
20260811_184731__rp0p5__vinf25__inc60__toff59132__Om90__om75,4.966796471162598,0.3247138350844796,-0.1419759897140224,0.2338490360397535,1,Neptune,Neptune,3.448861775176127,0.5,25.0,60.0,59132.0,90.0,75.0
20260811_184731__rp0p5__vinf25__inc30__toff59132__Om180__om15,4.966703712109272,0.38232972636615387,-0.2259295689441096,0.2401937334381161,1,Neptune,Neptune,2.432465715052767,0.5,25.0,30.0,59132.0,180.0,15.0
20260811_184731__rp0p5__vinf25__incm30__toff59132__Om0__om195,4.966703708632153,0.38232972567493256,-0.2259295673929928,0.2401937340899286,1,Neptune,Neptune,2.432465715054687,0.5,25.0,-30.0,59132.0,0.0,195.0
20260811_184731__rp0p25__vinf25__incm60__toff59132__Om180__om225,4.965560396740302,0.33994850803011845,-0.1315835659901095,0.2721060227728365,1,Mercury,Mercury,4.9162676987304765,0.25,25.0,-60.0,59132.0,180.0,225.0
20260811_184731__rp0p5__vinf25__incm90__toff59132__Om180__om345,4.956045100052148,0.36012637013682375,-0.1796655970564328,0.2547069174384258,1,Neptune,Neptune,2.747549965337447,0.5,25.0,-90.0,59132.0,180.0,345.0
20260811_184731__rp0p5__vinf25__inc90__toff59132__Om0__om165,4.956045096379773,0.3601263694004758,-0.179665596392472,0.2547069168231577,1,Neptune,Neptune,2.747549965337541,0.5,25.0,90.0,59132.0,0.0,165.0
20260811_184731__rp0p25__vinf25__inc30__toff59132__Om270__om180,4.944993220141615,0.35036235974437757,0.6111481195494305,0.4021529946686027,2,"Jupiter,Neptune",Neptune,4.178969120198821,0.25,25.0,30.0,59132.0,270.0,180.0
20260811_184731__rp0p25__vinf25__incm30__toff59132__Om90__om0,4.94499321593445,0.35036235889216194,0.6111481209173687,0.4021529936589942,2,"Jupiter,Neptune",Neptune,4.178969120198681,0.25,25.0,-30.0,59132.0,90.0,0.0
20260811_184731__rp0p25__vinf25__inc60__toff59132__Om90__om0,4.942838700759939,0.3562095468335741,0.7321044249193779,0.4010772011046258,1,Neptune,Neptune,3.511755601436103,0.25,25.0,60.0,59132.0,90.0,0.0
20260811_184731__rp0p25__vinf25__incm60__toff59132__Om270__om180,4.9428386957384145,0.35620954582406544,0.7321044224051926,0.4010772027559939,1,Neptune,Neptune,3.511755601436647,0.25,25.0,-60.0,59132.0,270.0,180.0
20260811_184731__rp0p25__vinf25__incm60__toff59132__Om90__om75,4.942380538665605,0.25443081659892,-0.1597087887759248,0.0998418127083898,3,"Mercury,Uranus,Neptune",Mercury,8.332902185288608,0.25,25.0,-60.0,59132.0,90.0,75.0
20260811_184731__rp0p25__vinf25__inc60__toff59132__Om270__om255,4.942380506803918,0.2544308102181215,-0.1597087885006627,0.0998418035446832,3,"Mercury,Uranus,Neptune",Mercury,8.332902186055867,0.25,25.0,60.0,59132.0,270.0,255.0
20260811_184731__rp0p5__vinf25__incm30__toff59132__Om180__om30,4.937365172585585,0.39113303684185224,-0.2563031512432564,0.2162424420777741,1,Mars,Mars,3.5649736055844468,0.5,25.0,-30.0,59132.0,180.0,30.0
20260811_184731__rp0p5__vinf25__incm30__toff59132__Om90__om105,4.933885426095326,0.37177990990443066,-0.2364820424211489,0.2040356322043271,1,Uranus,Saturn,2.487558168801504,0.5,25.0,-30.0,59132.0,90.0,105.0
20260811_184731__rp0p5__vinf25__inc30__toff59132__Om270__om285,4.933885424049517,0.3717799094956469,-0.2364820419044992,0.2040356320946159,1,Uranus,Saturn,2.4875581688031043,0.5,25.0,30.0,59132.0,270.0,285.0
20260811_184731__rp0p5__vinf25__inc30__toff59132__Om0__om210,4.930838888729947,0.3898277823061727,-0.2553183581863818,0.2148731275296102,1,Mars,Mars,3.5649735535603844,0.5,25.0,30.0,59132.0,0.0,210.0
20260811_184731__rp0p5__vinf25__incm90__toff59132__Om180__om0,4.928152348700145,0.36002885826003006,-0.1888842848995342,0.2432826965544507,1,Neptune,Neptune,2.608115784462966,0.5,25.0,-90.0,59132.0,180.0,0.0
20260811_184731__rp0p5__vinf25__inc90__toff59132__Om0__om180,4.9281523183466796,0.3600288521888114,-0.188884278290291,0.2432826929948126,1,Neptune,Neptune,2.608115784463216,0.5,25.0,90.0,59132.0,0.0,180.0
20260811_184731__rp0p25__vinf25__inc90__toff59132__Om270__om135,4.922763561303581,0.34006504271150906,0.6358764099519253,0.3909092134918076,1,Neptune,Neptune,3.389323535498583,0.25,25.0,90.0,59132.0,270.0,135.0
20260811_184731__rp0p25__vinf25__incm90__toff59132__Om90__om315,4.922763554919998,0.34006504143568905,0.6358764106948821,0.3909092119394178,1,Neptune,Neptune,3.3893235354977795,0.25,25.0,-90.0,59132.0,90.0,315.0
20260811_184731__rp0p25__vinf25__incm30__toff59132__Om270__om180,4.922566192683398,0.3727916406273163,0.8254112883084138,0.4311264645383423,1,Neptune,Neptune,3.6734357127907367,0.25,25.0,-30.0,59132.0,270.0,180.0
20260811_184731__rp0p25__vinf25__inc30__toff59132__Om90__om0,4.922566191595756,0.37279164042313684,0.8254112877606662,0.4311264648662823,1,Neptune,Neptune,3.6734357127955137,0.25,25.0,30.0,59132.0,90.0,0.0
20260811_184731__rp0p75__vinf25__inc60__toff59132__Om270__om195,4.920196802228397,0.32708998652290566,0.0222570747793297,0.368436478098484,2,"Jupiter,Neptune",Neptune,3.382888307985819,0.75,25.0,60.0,59132.0,270.0,195.0
20260811_184731__rp0p75__vinf25__incm60__toff59132__Om90__om15,4.920196802228397,0.32708998652290566,0.0222570747793297,0.368436478098484,2,"Jupiter,Neptune",Neptune,3.382888307985819,0.75,25.0,-60.0,59132.0,90.0,15.0
20260811_184731__rp0p5__vinf25__incm30__toff59132__Om180__om45,4.91929204353945,0.37904986851409006,-0.2436033594850988,0.2089588804346539,1,Mars,Mars,5.930622763695675,0.5,25.0,-30.0,59132.0,180.0,45.0
20260811_184731__rp0p5__vinf25__inc30__toff59132__Om0__om225,4.91929204353945,0.37904986851409006,-0.2436033594850988,0.2089588804346539,1,Mars,Mars,5.930622763695675,0.5,25.0,30.0,59132.0,0.0,225.0
20260811_184731__rp0p25__vinf25__inc90__toff59132__Om0__om240,4.917760834001138,0.37828575487141314,-0.2225834818869316,0.2363374073265621,1,Uranus,Uranus,2.9270976718870765,0.25,25.0,90.0,59132.0,0.0,240.0
20260811_184731__rp0p25__vinf25__incm90__toff59132__Om180__om60,4.9177608338995515,0.3782857549752388,-0.2225834823894149,0.2363374068680716,1,Uranus,Uranus,2.9270976719588115,0.25,25.0,-90.0,59132.0,180.0,60.0
20260811_184731__rp0p25__vinf25__incm30__toff59132__Om90__om300,4.8964181265129225,0.3611798732022307,0.6941033106334017,0.3258962249230029,0,,Uranus,2.453066305877154,0.25,25.0,-30.0,59132.0,90.0,300.0
20260811_184731__rp0p25__vinf25__inc30__toff59132__Om270__om120,4.896418126013569,0.36117987313421684,0.6941033102713156,0.3258962247446095,0,,Uranus,2.453066305879954,0.25,25.0,30.0,59132.0,270.0,120.0
20260811_184731__rp0p75__vinf25__inc0__toff59132__Om90__om15,4.895732381678231,0.4021530979671048,0.2644637820599421,0.4700900379242452,1,Neptune,Neptune,3.2694268905499984,0.75,25.0,0.0,59132.0,90.0,15.0
20260811_184731__rp0p75__vinf25__inc0__toff59132__Om180__om285,4.8957323798216335,0.4021530975728594,0.2644637805023176,0.4700900373236334,1,Neptune,Neptune,3.2694268905553505,0.75,25.0,0.0,59132.0,180.0,285.0
20260811_184731__rp0p75__vinf25__inc0__toff59132__Om270__om195,4.895732379289915,0.40215309751000256,0.2644637802471249,0.4700900372281819,1,Neptune,Neptune,3.2694268905430897,0.75,25.0,0.0,59132.0,270.0,195.0
20260811_184731__rp0p75__vinf25__inc0__toff59132__Om0__om105,4.895732371338399,0.4021530958745733,0.264463773731045,0.4700900347391474,1,Neptune,Neptune,3.2694268905529262,0.75,25.0,0.0,59132.0,0.0,105.0
20260811_184731__rp0p25__vinf25__inc90__toff59132__Om180__om0,4.889572541907124,0.37430521524906096,-0.1457109584916028,0.320936274623892,2,"Uranus,Neptune",Neptune,2.680748929797998,0.25,25.0,90.0,59132.0,180.0,0.0
20260811_184731__rp0p25__vinf25__incm90__toff59132__Om0__om180,4.889572464660162,0.374305199794776,-0.1457109256561239,0.3209362801203197,2,"Uranus,Neptune",Neptune,2.6807489297979545,0.25,25.0,-90.0,59132.0,0.0,180.0
20260811_184731__rp1__vinf25__inc60__toff59132__Om90__om15,4.889078793743137,0.41825999301162375,-0.1674704725460364,0.3878285997381728,1,Neptune,Neptune,2.6353114228852426,1.0,25.0,60.0,59132.0,90.0,15.0
20260811_184731__rp1__vinf25__incm60__toff59132__Om270__om195,4.889004279215742,0.41824165664707585,-0.1673710031172287,0.3878979722841236,1,Neptune,Neptune,2.6353112822805427,1.0,25.0,-60.0,59132.0,270.0,195.0
20260811_184731__rp0p25__vinf25__incm60__toff59132__Om90__om300,4.882794678798554,0.3903694929222398,0.8714140374565825,0.4013910015907718,0,,Uranus,2.2761291397878676,0.25,25.0,-60.0,59132.0,90.0,300.0
20260811_184731__rp0p25__vinf25__inc60__toff59132__Om270__om120,4.882794674275875,0.3903694920383345,0.8714140320652038,0.4013910000539323,0,,Uranus,2.276129139789295,0.25,25.0,60.0,59132.0,270.0,120.0
20260811_184731__rp0p25__vinf25__incm90__toff59132__Om0__om165,4.880414765331043,0.37529684678319447,-0.1508652619063893,0.3172484505573928,2,"Uranus,Neptune",Uranus,2.4756470956031986,0.25,25.0,-90.0,59132.0,0.0,165.0
20260811_184731__rp0p25__vinf25__inc90__toff59132__Om180__om345,4.880414764518912,0.3752968466424815,-0.1508652614496682,0.3172484507834441,2,"Uranus,Neptune",Uranus,2.4756470956059085,0.25,25.0,90.0,59132.0,180.0,345.0
20260811_184731__rp0p25__vinf25__inc30__toff59132__Om270__om330,4.879967819016699,0.3881598048829442,-0.2435184788396099,0.2282215235895877,1,Uranus,Uranus,3.366848378885821,0.25,25.0,30.0,59132.0,270.0,330.0
20260811_184731__rp0p25__vinf25__incm30__toff59132__Om90__om150,4.8775559994577895,0.3876774353065665,-0.2431768922011115,0.2276790484912384,1,Uranus,Uranus,3.3668483748640865,0.25,25.0,-30.0,59132.0,90.0,150.0
20260811_184731__rp0p25__vinf25__inc60__toff59132__Om270__om180,4.874940225975677,0.33089671584426084,0.4536913006644137,0.3652684856879621,2,"Jupiter,Neptune",Neptune,4.108057545939672,0.25,25.0,60.0,59132.0,270.0,180.0
20260811_184731__rp0p25__vinf25__incm60__toff59132__Om90__om0,4.8749402252075065,0.3308967156973098,0.4536913016511025,0.3652684855536844,2,"Jupiter,Neptune",Neptune,4.108057545939566,0.25,25.0,-60.0,59132.0,90.0,0.0
20260811_184731__rp0p5__vinf25__incm30__toff59132__Om270__om300,4.872236898095411,0.3619351600999824,-0.2367355319205489,0.1838537596695456,1,Neptune,Neptune,2.140268685488537,0.5,25.0,-30.0,59132.0,270.0,300.0
20260811_184731__rp0p5__vinf25__inc30__toff59132__Om90__om120,4.872236895901702,0.36193515964712314,-0.2367355316392552,0.1838537591647948,1,Neptune,Neptune,2.140268685492322,0.5,25.0,30.0,59132.0,90.0,120.0
20260811_184731__rp0p25__vinf25__inc30__toff59132__Om90__om30,4.870720057104364,0.2570932435592259,0.0144218107439039,0.2657456691689221,2,"Jupiter,Neptune",Neptune,4.753290310094266,0.25,25.0,30.0,59132.0,90.0,30.0
20260811_184731__rp0p25__vinf25__incm30__toff59132__Om270__om210,4.870720053206378,0.25709324277834483,0.0144218125120795,0.2657456678908902,2,"Jupiter,Neptune",Neptune,4.753290310096477,0.25,25.0,-30.0,59132.0,270.0,210.0
20260811_184731__rp0p25__vinf25__incm90__toff59132__Om270__om180,4.864174318821258,0.3370772710516165,0.6319325613010282,0.3867964261198633,1,Neptune,Neptune,3.3581605435455617,0.25,25.0,-90.0,59132.0,270.0,180.0
20260811_184731__rp0p25__vinf25__inc90__toff59132__Om90__om0,4.864174312873704,0.33707726986516506,0.6319325593834108,0.3867964244595188,1,Neptune,Neptune,3.358160543546096,0.25,25.0,90.0,59132.0,90.0,0.0
20260811_184731__rp0p25__vinf25__inc60__toff59132__Om90__om15,4.856191078810779,0.33379115738527143,0.5414526537978511,0.375198492845714,1,Neptune,Neptune,4.115747640526931,0.25,25.0,60.0,59132.0,90.0,15.0
20260811_184731__rp0p25__vinf25__incm60__toff59132__Om270__om195,4.856191072677059,0.3337911561524177,0.541452656179689,0.3751984914317289,1,Neptune,Neptune,4.115747640526772,0.25,25.0,-60.0,59132.0,270.0,195.0
20260811_184731__rp0p25__vinf25__incm90__toff59132__Om0__om15,4.8517511319116196,0.2885625639889161,0.4451123139312257,0.2598177181189769,1,Saturn,Neptune,2.492642276330337,0.25,25.0,-90.0,59132.0,0.0,15.0
20260811_184731__rp0p25__vinf25__inc90__toff59132__Om180__om195,4.8517506556037535,0.28856256379378237,0.4451123130354878,0.2598177170147908,1,Saturn,Neptune,2.492642276207752,0.25,25.0,90.0,59132.0,180.0,195.0
20260811_184731__rp0p25__vinf25__inc30__toff59132__Om0__om30,4.851172136673646,0.28164338876112444,0.4065978138389371,0.1954959302063717,1,Saturn,Mars,2.688545116112197,0.25,25.0,30.0,59132.0,0.0,30.0
20260811_184731__rp0p25__vinf25__incm30__toff59132__Om180__om210,4.851172128762433,0.2816433871993605,0.4065978106322446,0.1954959312793539,1,Saturn,Mars,2.688545116116629,0.25,25.0,-30.0,59132.0,180.0,210.0
20260811_184731__rp0p25__vinf25__inc0__toff59132__Om0__om90,4.850235431265536,0.3671635519709632,0.796453307566979,0.4391044543031473,1,Neptune,Neptune,3.8609129963689046,0.25,25.0,0.0,59132.0,0.0,90.0
20260811_184731__rp0p25__vinf25__inc0__toff59132__Om90__om0,4.850235431265536,0.3671635519709632,0.796453307566979,0.4391044543031473,1,Neptune,Neptune,3.8609129963689046,0.25,25.0,0.0,59132.0,90.0,0.0
20260811_184731__rp0p25__vinf25__inc0__toff59132__Om180__om270,4.850235430247896,0.367163551730587,0.7964533067780791,0.439104453930089,1,Neptune,Neptune,3.86091299637989,0.25,25.0,0.0,59132.0,180.0,270.0
20260811_184731__rp0p25__vinf25__inc0__toff59132__Om270__om180,4.850235430247896,0.367163551730587,0.7964533067780791,0.439104453930089,1,Neptune,Neptune,3.86091299637989,0.25,25.0,0.0,59132.0,270.0,180.0
20260811_184731__rp0p5__vinf25__inc30__toff59132__Om270__om120,4.845507476937066,0.34458253687678236,0.6089362069390506,0.2771790067301132,0,,Uranus,2.3427537593176315,0.5,25.0,30.0,59132.0,270.0,120.0
20260811_184731__rp0p5__vinf25__incm30__toff59132__Om90__om300,4.845507473963028,0.34458253622873763,0.6089362054057509,0.2771790075845943,0,,Uranus,2.3427537593176604,0.5,25.0,-30.0,59132.0,90.0,300.0
20260811_184731__rp0p25__vinf25__incm60__toff59132__Om270__om150,4.834900868532506,0.31394282507977006,0.5180009958288084,0.2751353614851307,1,Mars,Mars,8.660385344558748,0.25,25.0,-60.0,59132.0,270.0,150.0
20260811_184731__rp0p25__vinf25__inc60__toff59132__Om90__om330,4.834900859444634,0.3139428232634973,0.5180009909553066,0.2751353618265044,1,Mars,Mars,8.66038534471732,0.25,25.0,60.0,59132.0,90.0,330.0
20260811_184731__rp0p5__vinf25__inc0__toff59132__Om0__om210,4.829362711935468,0.38997774849632166,-0.2524912926914211,0.2192974281867385,0,,Neptune,2.0456381465985958,0.5,25.0,0.0,59132.0,0.0,210.0
20260811_184731__rp0p5__vinf25__incm30__toff59132__Om270__om195,4.828582426186669,0.3236491081769617,0.3279326253997369,0.3492979777560291,1,Neptune,Neptune,3.764200015498572,0.5,25.0,-30.0,59132.0,270.0,195.0
20260811_184731__rp0p5__vinf25__inc30__toff59132__Om90__om15,4.828582421888075,0.32364910733788255,0.3279326265164329,0.3492979766340632,1,Neptune,Neptune,3.764200015499565,0.5,25.0,30.0,59132.0,90.0,15.0
20260811_184731__rp0p5__vinf25__inc90__toff59132__Om0__om150,4.828358813878243,0.351378477394852,-0.1587212894508385,0.2627676124277487,1,Neptune,Neptune,2.793596833823874,0.5,25.0,90.0,59132.0,0.0,150.0
20260811_184731__rp0p5__vinf25__incm90__toff59132__Om180__om330,4.828358813625786,0.35137847734206257,-0.158721289423348,0.2627676123610195,1,Neptune,Neptune,2.7935968338247084,0.5,25.0,-90.0,59132.0,180.0,330.0
20260811_184731__rp0p5__vinf25__inc0__toff59132__Om180__om30,4.826927410363829,0.3894800351998834,-0.2518244679485514,0.2191943055278175,0,,Neptune,2.0456154251054084,0.5,25.0,0.0,59132.0,180.0,30.0
20260811_184731__rp0p5__vinf25__inc0__toff59132__Om270__om300,4.826820952203402,0.3894586232499612,-0.2518414981934851,0.219123916443549,0,,Neptune,2.045615418403878,0.5,25.0,0.0,59132.0,270.0,300.0
20260811_184731__rp0p5__vinf25__inc0__toff59132__Om90__om120,4.826001776458123,0.3893081858614212,-0.251190832025906,0.2197400181844383,0,,Neptune,2.045611258605271,0.5,25.0,0.0,59132.0,90.0,120.0
20260811_184731__rp0p25__vinf25__incm90__toff59132__Om0__om195,4.824156753610371,0.36335336099216087,-0.1342500482229101,0.3122376432961156,1,Neptune,Neptune,2.796867683179404,0.25,25.0,-90.0,59132.0,0.0,195.0
20260811_184731__rp0p25__vinf25__inc90__toff59132__Om180__om15,4.824156743321527,0.3633533589332482,-0.134250046457019,0.3122376412866041,1,Neptune,Neptune,2.79686768318046,0.25,25.0,90.0,59132.0,180.0,15.0
20260811_184731__rp0p5__vinf25__incm30__toff59132__Om90__om90,4.823796998054223,0.3277166643945539,-0.1941681090748838,0.1764336427438081,1,Neptune,Neptune,2.504951024191208,0.5,25.0,-30.0,59132.0,90.0,90.0
20260811_184731__rp0p5__vinf25__inc30__toff59132__Om270__om270,4.82379695581931,0.3277166559475743,-0.1941681018943734,0.1764336367986019,1,Neptune,Neptune,2.504951024187972,0.5,25.0,30.0,59132.0,270.0,270.0
20260811_184731__rp0p25__vinf25__inc90__toff59132__Om0__om0,4.823731512592416,0.24517464871617334,0.317594340311733,0.1473350766464125,1,Saturn,Neptune,2.628027094367587,0.25,25.0,90.0,59132.0,0.0,0.0
20260811_184731__rp0p25__vinf25__incm90__toff59132__Om180__om180,4.823731510794858,0.24517464850620774,0.3175943397809609,0.1473350760759867,1,Saturn,Neptune,2.628027094370094,0.25,25.0,-90.0,59132.0,180.0,180.0
20260811_184731__rp0p25__vinf25__incm30__toff59132__Om270__om330,4.820767067610052,0.3644697756856714,-0.2372170386601931,0.1882368745089466,1,Uranus,Uranus,3.375568803596499,0.25,25.0,-30.0,59132.0,270.0,330.0
20260811_184731__rp0p25__vinf25__inc30__toff59132__Om90__om150,4.820767067575421,0.3644697756942905,-0.2372170387106441,0.1882368744550562,1,Uranus,Uranus,3.3755688036041698,0.25,25.0,30.0,59132.0,90.0,150.0
20260811_184731__rp0p25__vinf25__inc90__toff59132__Om180__om180,4.820343066259229,0.27489389086104243,0.3515017520531737,0.0464971619128792,1,Saturn,Neptune,2.713285350262704,0.25,25.0,90.0,59132.0,180.0,180.0
20260811_184731__rp0p25__vinf25__incm90__toff59132__Om0__om0,4.8160655058001804,0.27403667612571736,0.3496255778280505,0.0456125960689294,1,Saturn,Neptune,2.7132847726865585,0.25,25.0,-90.0,59132.0,0.0,0.0
20260811_184731__rp0p25__vinf25__inc90__toff59132__Om90__om45,4.812812944018472,0.33200152066154925,0.39821947692549,0.3636667991321121,2,"Jupiter,Neptune",Neptune,3.7599975850357676,0.25,25.0,90.0,59132.0,90.0,45.0
20260811_184731__rp0p25__vinf25__incm90__toff59132__Om270__om225,4.812812891983128,0.33200151023460966,0.3982194373569571,0.3636667829566729,2,"Jupiter,Neptune",Neptune,3.7599975850317073,0.25,25.0,-90.0,59132.0,270.0,225.0
20260811_184731__rp0p25__vinf25__inc90__toff59132__Om270__om180,4.812422675366051,0.3293645452493395,0.3867103646191404,0.359513868519817,2,"Jupiter,Neptune",Neptune,3.7090904700019296,0.25,25.0,90.0,59132.0,270.0,180.0
20260811_184731__rp0p25__vinf25__incm90__toff59132__Om90__om0,4.812422672744843,0.32936454473415927,0.3867103552558267,0.3595138673750007,2,"Jupiter,Neptune",Neptune,3.7090904700024523,0.25,25.0,-90.0,59132.0,90.0,0.0
20260811_184731__rp0p25__vinf25__inc30__toff59132__Om90__om330,4.811736018467045,0.38362678635783953,0.8040405737275743,0.3593979088315064,0,,Neptune,1.8965078381433205,0.25,25.0,30.0,59132.0,90.0,330.0
20260811_184731__rp0p25__vinf25__incm30__toff59132__Om270__om150,4.811736018002362,0.38362678621042956,0.8040405734121422,0.35939790914467,0,,Neptune,1.8965078381592841,0.25,25.0,-30.0,59132.0,270.0,150.0
20260811_184731__rp0p75__vinf25__inc60__toff59132__Om90__om45,4.810614168013552,0.34462685773040025,0.1534218728892503,0.3820204826887267,1,Neptune,Neptune,3.46700762547181,0.75,25.0,60.0,59132.0,90.0,45.0
20260811_184731__rp0p75__vinf25__incm60__toff59132__Om270__om225,4.810614006135967,0.3446268253761743,0.1534219006169931,0.3820204302254796,1,Neptune,Neptune,3.4670076254705235,0.75,25.0,-60.0,59132.0,270.0,225.0
20260811_184731__rp0p25__vinf25__inc90__toff59132__Om180__om165,4.800758062093678,0.30628848447503043,0.4533434186253796,0.1631418986622398,1,Saturn,Neptune,2.565182764949683,0.25,25.0,90.0,59132.0,180.0,165.0
20260811_184731__rp0p25__vinf25__incm90__toff59132__Om0__om345,4.800756536676756,0.30628817933985897,0.4533432296267615,0.16314344112037,1,Saturn,Neptune,2.5651827630192274,0.25,25.0,-90.0,59132.0,0.0,345.0
20260811_184731__rp0p5__vinf25__incm30__toff59132__Om180__om75,4.799422095117022,0.3331307851916107,-0.2040735690432383,0.1733653314513083,2,"Mars,Uranus",Mars,3.7231819281024316,0.5,25.0,-30.0,59132.0,180.0,75.0
20260811_184731__rp0p5__vinf25__inc30__toff59132__Om0__om255,4.799422094662535,0.33313078510338584,-0.2040735687122744,0.173365331725408,2,"Mars,Uranus",Mars,3.7231819281171816,0.5,25.0,30.0,59132.0,0.0,255.0
20260811_184731__rp0p5__vinf25__inc0__toff59132__Om90__om300,4.797274475554342,0.3206941486195976,0.5150587969014003,0.2271264170750431,2,"Mercury,Saturn",Mercury,3.2244520217811172,0.5,25.0,0.0,59132.0,90.0,300.0
20260811_184731__rp0p5__vinf25__inc0__toff59132__Om0__om30,4.797274475108891,0.32069414835471477,0.5150587963728365,0.2271264175009514,2,"Mercury,Saturn",Mercury,3.224452029674152,0.5,25.0,0.0,59132.0,0.0,30.0
20260811_184731__rp0p5__vinf25__inc0__toff59132__Om270__om120,4.7972744734421155,0.3206941484646559,0.515058796592497,0.2271264173248133,2,"Mercury,Saturn",Mercury,3.2244520097717757,0.5,25.0,0.0,59132.0,270.0,120.0
20260811_184731__rp0p5__vinf25__inc0__toff59132__Om180__om210,4.797274471712884,0.3206941478221899,0.5150587953097095,0.2271264183560699,2,"Mercury,Saturn",Mercury,3.224452023085607,0.5,25.0,0.0,59132.0,180.0,210.0
20260811_184731__rp0p5__vinf25__inc30__toff59132__Om90__om90,4.797272548221139,0.3423642503421166,-0.2139196664499393,0.1773983889191821,1,Neptune,Neptune,3.253545565161557,0.5,25.0,30.0,59132.0,90.0,90.0
20260811_184731__rp0p5__vinf25__incm30__toff59132__Om270__om270,4.797272537461116,0.3423642481883552,-0.2139196647117711,0.1773983872059199,1,Neptune,Neptune,3.2535455651615215,0.5,25.0,-30.0,59132.0,270.0,270.0
20260811_184731__rp0p25__vinf25__inc60__toff59132__Om270__om300,4.796908330847643,0.3049803873665938,-0.1715812468820796,0.1652963834606129,2,"Saturn,Uranus",Saturn,4.556114173572878,0.25,25.0,60.0,59132.0,270.0,300.0
20260811_184731__rp0p25__vinf25__incm60__toff59132__Om90__om120,4.796908321931122,0.30498038558580387,-0.1715812456845283,0.1652963819361997,2,"Saturn,Uranus",Saturn,4.556114173574864,0.25,25.0,-60.0,59132.0,90.0,120.0
20260811_184731__rp1p25__vinf25__incm90__toff59132__Om90__om15,4.796393973147763,0.5766769871274118,5.3017115216299695,0.7930028250882863,0,,Neptune,1.973325299498977,1.25,25.0,-90.0,59132.0,90.0,15.0
20260811_184731__rp1p25__vinf25__inc90__toff59132__Om270__om195,4.796388800962385,0.5766759526912131,5.30170598928213,0.7930037234749726,0,,Neptune,1.9733252994995114,1.25,25.0,90.0,59132.0,270.0,195.0
20260811_184731__rp1p25__vinf25__incm30__toff59132__Om90__om0,4.796110707400789,0.5000991360519018,-0.2000661425036239,0.5502877351648362,0,,Uranus,1.6064467192882348,1.25,25.0,-30.0,59132.0,90.0,0.0
20260811_184731__rp0p75__vinf25__inc30__toff59132__Om90__om0,4.795723940445093,0.38157912791220755,0.4483600987030646,0.4367093832370826,1,Neptune,Neptune,2.640986352842558,0.75,25.0,30.0,59132.0,90.0,0.0
20260811_184731__rp0p75__vinf25__incm30__toff59132__Om270__om180,4.7957239398403315,0.38157912783031106,0.4483601000983631,0.4367093831586701,1,Neptune,Neptune,2.6409863527844673,0.75,25.0,-30.0,59132.0,270.0,180.0
20260811_184731__rp1p25__vinf25__inc30__toff59132__Om270__om180,4.794867738070053,0.4998671292975932,-0.1993080482668469,0.5504951417755211,0,,Uranus,1.6064139711625254,1.25,25.0,30.0,59132.0,270.0,180.0
20260811_184731__rp0p25__vinf25__inc90__toff59132__Om0__om45,4.7944579211184735,0.4927247837056758,-0.2568103807999659,0.4620703109982084,0,,Saturn,1.9066257223663456,0.25,25.0,90.0,59132.0,0.0,45.0
20260811_184731__rp0p25__vinf25__incm90__toff59132__Om180__om225,4.794441968524154,0.49279759824524466,-0.256971044318155,0.4620562534346239,0,,Saturn,1.906666283431292,0.25,25.0,-90.0,59132.0,180.0,225.0
20260811_184731__rp0p25__vinf25__incm90__toff59132__Om0__om45,4.793282287131845,0.34595157012284716,0.3990301692492249,0.3830712181706386,1,Saturn,Saturn,2.1046825362372554,0.25,25.0,-90.0,59132.0,0.0,45.0
20260811_184731__rp0p25__vinf25__inc90__toff59132__Om180__om225,4.793280945831196,0.34595132100636944,0.3990302144004692,0.3830708686191759,1,Saturn,Saturn,2.104682537103305,0.25,25.0,90.0,59132.0,180.0,225.0
20260811_184731__rp0p25__vinf25__inc30__toff59132__Om180__om195,4.785848240208576,0.26773913188338827,0.3687061337787832,0.1703125398038461,1,Saturn,Saturn,2.6880177628537383,0.25,25.0,30.0,59132.0,180.0,195.0
20260811_184731__rp0p25__vinf25__incm30__toff59132__Om0__om15,4.785848238498328,0.26773913159120294,0.3687061331009164,0.1703125395831393,1,Saturn,Saturn,2.688017762863582,0.25,25.0,-30.0,59132.0,0.0,15.0
20260811_184731__rp0p5__vinf25__inc60__toff59132__Om0__om210,4.7851743307555425,0.38416820985352873,-0.2420746882053417,0.2218214400017219,0,,Neptune,2.0312352154354842,0.5,25.0,60.0,59132.0,0.0,210.0
20260811_184731__rp0p75__vinf25__inc60__toff59132__Om0__om135,4.784048680618675,0.3366370186487399,-0.1231662195462703,0.2752245178574979,1,Neptune,Neptune,3.2587388947816622,0.75,25.0,60.0,59132.0,0.0,135.0
20260811_184731__rp0p75__vinf25__incm60__toff59132__Om180__om315,4.78404868053522,0.3366370189217415,-0.1231662193944901,0.2752245185000709,1,Neptune,Neptune,3.258738894793061,0.75,25.0,-60.0,59132.0,180.0,315.0
20260811_184731__rp0p5__vinf25__incm60__toff59132__Om180__om30,4.783268264012165,0.38378699602137833,-0.2417945816048593,0.2214146481557267,0,,Neptune,2.031235214902926,0.5,25.0,-60.0,59132.0,180.0,30.0
20260811_184731__rp0p5__vinf25__incm60__toff59132__Om90__om345,4.782061897701075,0.35668747899135633,0.6196765908165837,0.4111330929167622,1,Neptune,Neptune,3.177973253082045,0.5,25.0,-60.0,59132.0,90.0,345.0
20260811_184731__rp0p5__vinf25__inc60__toff59132__Om270__om165,4.78206189741827,0.3566874789845583,0.6196765904509124,0.4111330928801879,1,Neptune,Neptune,3.1779732530870275,0.5,25.0,60.0,59132.0,270.0,165.0
20260811_184731__rp0p25__vinf25__inc30__toff59132__Om90__om15,4.77671626434649,0.29438097648545514,0.3406525677610018,0.3108707355229048,2,"Jupiter,Neptune",Neptune,4.376141211293727,0.25,25.0,30.0,59132.0,90.0,15.0
20260811_184731__rp0p25__vinf25__incm30__toff59132__Om270__om195,4.776716256022431,0.29438097485794246,0.3406525592224799,0.3108707329755605,2,"Jupiter,Neptune",Neptune,4.376141211287794,0.25,25.0,-30.0,59132.0,270.0,195.0
20260811_184731__rp0p5__vinf25__inc60__toff59132__Om270__om150,4.772566284275284,0.3607674796834313,0.7612407160886884,0.4148533421320132,1,Neptune,Neptune,2.646459137612966,0.5,25.0,60.0,59132.0,270.0,150.0
20260811_184731__rp0p5__vinf25__incm60__toff59132__Om90__om330,4.772566282889713,0.36076747945140236,0.7612407154745643,0.4148533424846272,1,Neptune,Neptune,2.6464591376086233,0.5,25.0,-60.0,59132.0,90.0,330.0
20260811_184731__rp0p25__vinf25__inc60__toff59132__Om90__om45,4.769094006342929,0.2603077159555307,0.0329920033088656,0.2681053757340588,2,"Jupiter,Neptune",Neptune,4.517455394517447,0.25,25.0,60.0,59132.0,90.0,45.0
20260811_184731__rp0p25__vinf25__incm60__toff59132__Om270__om225,4.768720845486442,0.2603077094664884,0.032992004427102,0.2681053667521909,2,"Jupiter,Neptune",Neptune,4.5174553549993925,0.25,25.0,-60.0,59132.0,270.0,225.0
20260811_184731__rp1__vinf25__incm90__toff59132__Om270__om225,4.767318221878842,0.36395722286116855,-0.0054530199492182,0.430432936225757,2,"Venus,Neptune",Venus,3.731984788475328,1.0,25.0,-90.0,59132.0,270.0,225.0
20260811_184731__rp1__vinf25__inc90__toff59132__Om90__om45,4.767004112653378,0.36389439915457067,-0.0054693868118678,0.4303091394025592,2,"Venus,Neptune",Venus,3.7319847981674803,1.0,25.0,90.0,59132.0,90.0,45.0
20260811_184731__rp0p25__vinf25__incm30__toff59132__Om90__om165,4.765373690061809,0.36635286633030995,-0.2241995838959684,0.2100076932061265,1,Uranus,Uranus,3.266679353553933,0.25,25.0,-30.0,59132.0,90.0,165.0
20260811_184731__rp0p25__vinf25__inc30__toff59132__Om270__om345,4.765373688357901,0.3663528660195712,-0.2241995837232606,0.210007692819676,1,Uranus,Uranus,3.2666793535504226,0.25,25.0,30.0,59132.0,270.0,345.0
20260811_184731__rp0p25__vinf25__incm60__toff59132__Om270__om210,4.761535713212881,0.298503658112554,0.2656316244204865,0.3132836946406089,2,"Jupiter,Neptune",Neptune,4.4738323145947865,0.25,25.0,-60.0,59132.0,270.0,210.0
20260811_184731__rp0p25__vinf25__inc60__toff59132__Om90__om30,4.7615357025068406,0.2985036559767499,0.2656316180008028,0.3132836916211877,2,"Jupiter,Neptune",Neptune,4.473832314595546,0.25,25.0,60.0,59132.0,90.0,30.0
20260811_184731__rp0p5__vinf25__incm30__toff59132__Om180__om285,4.761489480793471,0.32070688470277176,0.1328332296845494,0.3466661596124177,2,"Jupiter,Neptune",Neptune,4.641705250914088,0.5,25.0,-30.0,59132.0,180.0,285.0
20260811_184731__rp0p5__vinf25__inc30__toff59132__Om0__om105,4.761489384022505,0.3207068851560097,0.1328332280233312,0.346666160391834,2,"Jupiter,Neptune",Neptune,4.641705250973022,0.5,25.0,30.0,59132.0,0.0,105.0
20260811_184731__rp0p5__vinf25__inc30__toff59132__Om90__om150,4.756078211035483,0.33967383269960644,-0.216356754516098,0.1690675769904102,2,"Mars,Uranus",Mars,4.869153110357419,0.5,25.0,30.0,59132.0,90.0,150.0
20260811_184731__rp0p5__vinf25__incm30__toff59132__Om270__om330,4.756078210781814,0.33967383265721485,-0.2163567546229017,0.1690675767664269,2,"Mars,Uranus",Mars,4.869153110380795,0.5,25.0,-30.0,59132.0,270.0,330.0
20260811_184731__rp0p5__vinf25__inc60__toff59132__Om90__om90,4.753998485932442,0.24463905609724648,-0.1245744424188933,0.1273012356991626,1,Neptune,Neptune,2.9393268444211396,0.5,25.0,60.0,59132.0,90.0,90.0
20260811_184731__rp0p5__vinf25__incm60__toff59132__Om270__om270,4.753998356209265,0.24463902998533882,-0.1245744295693809,0.127301213046903,1,Neptune,Neptune,2.939326844504306,0.5,25.0,-60.0,59132.0,270.0,270.0
20260811_184731__rp0p5__vinf25__incm60__toff59132__Om270__om240,4.75375409418609,0.32336941050884527,-0.0959073227361174,0.2803997006929185,2,"Jupiter,Neptune",Neptune,3.8229718473833616,0.5,25.0,-60.0,59132.0,270.0,240.0
20260811_184731__rp0p5__vinf25__inc60__toff59132__Om90__om60,4.75375407940513,0.3233694074891178,-0.0959073049488999,0.280399713409665,2,"Jupiter,Neptune",Neptune,3.8229718473769503,0.5,25.0,60.0,59132.0,90.0,60.0
20260811_184731__rp0p25__vinf25__incm30__toff59132__Om180__om120,4.74623209781042,0.2864731138810454,-0.1441845933898727,0.1677963059144392,1,Uranus,Uranus,2.55329734524843,0.25,25.0,-30.0,59132.0,180.0,120.0
20260811_184731__rp0p25__vinf25__inc30__toff59132__Om0__om300,4.746231612779786,0.2864731146511968,-0.1441845931838962,0.167796307378724,1,Uranus,Uranus,2.553297345266606,0.25,25.0,30.0,59132.0,0.0,300.0
20260811_184731__rp0p5__vinf25__incm90__toff59132__Om180__om15,4.745956866843885,0.35515901228467267,-0.1917891951314181,0.2303205057576679,1,Neptune,Neptune,2.36445809076086,0.5,25.0,-90.0,59132.0,180.0,15.0
20260811_184731__rp0p5__vinf25__inc90__toff59132__Om0__om195,4.745956858905794,0.35515901069735206,-0.1917891933129001,0.2303205049955258,1,Neptune,Neptune,2.3644580907608415,0.5,25.0,90.0,59132.0,0.0,195.0
20260811_184731__rp0p25__vinf25__inc60__toff59132__Om270__om225,4.7457551100644455,0.3673957377682148,-0.2122935513031706,0.2279534577560156,1,Neptune,Neptune,3.1776700600440804,0.25,25.0,60.0,59132.0,270.0,225.0
20260811_184731__rp0p25__vinf25__incm60__toff59132__Om90__om45,4.745755106037192,0.36739573696157596,-0.2122935480890534,0.2279534603610293,1,Neptune,Neptune,3.1776700600499797,0.25,25.0,-60.0,59132.0,90.0,45.0
20260811_184731__rp0p5__vinf25__incm30__toff59132__Om180__om0,4.740663030249261,0.2519421542313246,-0.1285633190473057,0.1332743756633657,1,Neptune,Neptune,3.1461538604111787,0.5,25.0,-30.0,59132.0,180.0,0.0
20260811_184731__rp0p5__vinf25__inc30__toff59132__Om0__om180,4.740663027424107,0.25194215366827993,-0.1285633180899053,0.1332743759411341,1,Neptune,Neptune,3.1461538604105717,0.5,25.0,30.0,59132.0,0.0,180.0
20260811_184731__rp1p25__vinf25__incm30__toff59132__Om90__om30,4.736768933995972,0.39657718752201065,0.8972284064961483,0.3999899451630723,1,Neptune,Neptune,3.447181119430557,1.25,25.0,-30.0,59132.0,90.0,30.0
20260811_184731__rp1p25__vinf25__inc30__toff59132__Om270__om210,4.736765759833879,0.39657719516705237,0.8972284557007383,0.3999899597489565,1,Neptune,Neptune,3.447181118999987,1.25,25.0,30.0,59132.0,270.0,210.0
20260811_184731__rp1__vinf25__inc0__toff59132__Om270__om165,4.7307256413760985,0.44062901962319795,-0.3258545845148882,0.2204323310264156,0,,Uranus,2.001837311775107,1.0,25.0,0.0,59132.0,270.0,165.0
20260811_184731__rp1__vinf25__inc0__toff59132__Om180__om255,4.730412421555432,0.4405819736548366,-0.3258588052817868,0.2203066863938726,0,,Uranus,2.0018379572701157,1.0,25.0,0.0,59132.0,180.0,255.0
20260811_184731__rp1__vinf25__inc0__toff59132__Om0__om75,4.730412421555432,0.4405819736548366,-0.3258588052817868,0.2203066863938726,0,,Uranus,2.0018379572701157,1.0,25.0,0.0,59132.0,0.0,75.0
20260811_184731__rp1__vinf25__inc0__toff59132__Om90__om345,4.730412421555432,0.4405819736548366,-0.3258588052817868,0.2203066863938726,0,,Uranus,2.0018379572701157,1.0,25.0,0.0,59132.0,90.0,345.0
20260811_184731__rp0p25__vinf25__inc60__toff59132__Om270__om105,4.727516457970513,0.326611602568502,0.5614094475496662,0.2900118305948443,0,,Mars,2.009561676294079,0.25,25.0,60.0,59132.0,270.0,105.0
20260811_184731__rp0p25__vinf25__incm60__toff59132__Om90__om285,4.727516453827895,0.326611601894655,0.5614094453280013,0.2900118301386818,0,,Mars,2.009561674244644,0.25,25.0,-60.0,59132.0,90.0,285.0
20260811_184731__rp1p25__vinf25__incm30__toff59132__Om270__om225,4.727104363291007,0.4323205100254768,1.2623279293529557,0.522804189836106,1,Neptune,Neptune,2.899898367853721,1.25,25.0,-30.0,59132.0,270.0,225.0
20260811_184731__rp1p25__vinf25__inc30__toff59132__Om90__om45,4.7271043534301995,0.43232050802408384,1.2623279172394408,0.5228041901165846,1,Neptune,Neptune,2.899898367853863,1.25,25.0,30.0,59132.0,90.0,45.0
20260811_184731__rp0p5__vinf25__incm30__toff59132__Om0__om210,4.723353813042601,0.36862053691675145,-0.2188840057912786,0.2216893646357484,1,Uranus,Neptune,2.0476245109521978,0.5,25.0,-30.0,59132.0,0.0,210.0
20260811_184731__rp0p5__vinf25__inc30__toff59132__Om180__om30,4.723353811944342,0.36862053669382083,-0.2188840056363493,0.2216893643960073,1,Uranus,Neptune,2.0476245109502855,0.5,25.0,30.0,59132.0,180.0,30.0
20260811_184731__rp0p5__vinf25__incm60__toff59132__Om180__om195,4.718143752933498,0.29067913750570623,0.4259737752352491,0.1910984755743627,1,Saturn,Saturn,2.4623103081432896,0.5,25.0,-60.0,59132.0,180.0,195.0
20260811_184731__rp0p5__vinf25__inc60__toff59132__Om0__om15,4.718143752771065,0.29067913742225715,0.425973775071763,0.1910984756682627,1,Saturn,Saturn,2.462310308141584,0.5,25.0,60.0,59132.0,0.0,15.0
20260811_184731__rp0p5__vinf25__incm60__toff59132__Om90__om0,4.713528054631377,0.3125739062530097,0.2942638651565771,0.3330659000120605,2,"Jupiter,Neptune",Neptune,3.8113099622837643,0.5,25.0,-60.0,59132.0,90.0,0.0
20260811_184731__rp0p5__vinf25__inc60__toff59132__Om270__om180,4.713528053438485,0.312573906024498,0.2942638653962012,0.333065899706559,2,"Jupiter,Neptune",Neptune,3.8113099622837168,0.5,25.0,60.0,59132.0,270.0,180.0
20260811_184731__rp0p5__vinf25__inc30__toff59132__Om90__om105,4.7051376821398145,0.34846187579989063,-0.2252812311838853,0.1735079573145101,1,Neptune,Neptune,2.714939741637824,0.5,25.0,30.0,59132.0,90.0,105.0
20260811_184731__rp0p5__vinf25__incm30__toff59132__Om270__om285,4.705137670748179,0.3484618734755264,-0.2252812284016198,0.1735079566963468,1,Neptune,Neptune,2.714939741644289,0.5,25.0,-30.0,59132.0,270.0,285.0
20260811_184731__rp0p75__vinf25__incm60__toff59132__Om270__om210,4.6950784977730216,0.33750474914810824,0.1768068362382265,0.3697499842984902,1,Neptune,Neptune,3.339736519270399,0.75,25.0,-60.0,59132.0,270.0,210.0
20260811_184731__rp0p75__vinf25__inc60__toff59132__Om90__om30,4.6950784911052,0.33750474778721223,0.1768068352537538,0.3697499822671959,1,Neptune,Neptune,3.339736519271967,0.75,25.0,60.0,59132.0,90.0,30.0
20260811_184731__rp1p25__vinf25__incm90__toff59132__Om90__om345,4.685017620224266,0.46710698362297737,-0.2577230278078779,0.393112846108659,1,Neptune,Neptune,2.152998604031,1.25,25.0,-90.0,59132.0,90.0,345.0
20260811_184731__rp1p25__vinf25__inc90__toff59132__Om270__om165,4.684684322666118,0.4670251406847556,-0.2577356743475947,0.3928854918457924,1,Neptune,Neptune,2.153005475449013,1.25,25.0,90.0,59132.0,270.0,165.0
20260811_184731__rp0p5__vinf25__inc60__toff59132__Om0__om90,4.683834790517175,0.409446197239033,0.948207260420784,0.5061888644939223,1,Neptune,Neptune,2.7806932101695834,0.5,25.0,60.0,59132.0,0.0,90.0
20260811_184731__rp0p5__vinf25__incm60__toff59132__Om180__om270,4.683834785227646,0.4094461960766509,0.948207262093954,0.5061888630735882,1,Neptune,Neptune,2.7806932101696256,0.5,25.0,-60.0,59132.0,180.0,270.0
20260811_184731__rp0p25__vinf25__inc0__toff59132__Om90__om285,4.677254508171035,0.29637084824439786,0.4433508360125787,0.2023845747608328,1,Saturn,Saturn,2.8110938305112425,0.25,25.0,0.0,59132.0,90.0,285.0
20260811_184731__rp0p25__vinf25__inc0__toff59132__Om0__om15,4.677254508049604,0.2963708482247792,0.4433508359598134,0.2023845747452601,1,Saturn,Saturn,2.8110938305304503,0.25,25.0,0.0,59132.0,0.0,15.0
20260811_184731__rp0p25__vinf25__inc0__toff59132__Om180__om195,4.677254508049604,0.2963708482247792,0.4433508359598134,0.2023845747452601,1,Saturn,Saturn,2.8110938305304503,0.25,25.0,0.0,59132.0,180.0,195.0
20260811_184731__rp0p25__vinf25__inc0__toff59132__Om270__om105,4.677254508049604,0.2963708482247792,0.4433508359598134,0.2023845747452601,1,Saturn,Saturn,2.8110938305304503,0.25,25.0,0.0,59132.0,270.0,105.0
20260811_184731__rp0p25__vinf25__incm60__toff59132__Om180__om195,4.674593385152006,0.28713464442573006,0.416664379312904,0.1877583696008253,1,Saturn,Saturn,2.665816176188177,0.25,25.0,-60.0,59132.0,180.0,195.0
20260811_184731__rp0p25__vinf25__inc60__toff59132__Om0__om15,4.674593384852113,0.28713464439394343,0.4166643792486918,0.18775836962811,1,Saturn,Saturn,2.665816176163947,0.25,25.0,60.0,59132.0,0.0,15.0
20260811_184731__rp0p75__vinf25__inc30__toff59132__Om0__om240,4.674208498372191,0.29362136874747613,-0.168664884001054,0.1500210759766288,1,Uranus,Uranus,10.049633925631458,0.75,25.0,30.0,59132.0,0.0,240.0
20260811_184731__rp0p75__vinf25__incm30__toff59132__Om180__om60,4.674208498097473,0.2936213686865325,-0.1686648839881738,0.1500210758926684,1,Uranus,Uranus,10.049633925634488,0.75,25.0,-30.0,59132.0,180.0,60.0
20260811_184731__rp0p5__vinf25__incm60__toff59132__Om90__om315,4.673933695946237,0.35036281334093805,0.6725122972566523,0.3493099205438513,1,Neptune,Uranus,2.5432500061822734,0.5,25.0,-60.0,59132.0,90.0,315.0
20260811_184731__rp0p5__vinf25__inc60__toff59132__Om270__om135,4.673933694839091,0.35036281313349904,0.6725122965335951,0.3493099205383719,1,Neptune,Uranus,2.543250006182646,0.5,25.0,60.0,59132.0,270.0,135.0
20260811_184731__rp0p25__vinf25__incm90__toff59132__Om0__om150,4.670151093680717,0.35668348445793135,-0.1419656880291948,0.291402058128851,1,Uranus,Uranus,2.622162210871314,0.25,25.0,-90.0,59132.0,0.0,150.0
20260811_184731__rp0p25__vinf25__inc90__toff59132__Om180__om330,4.670151000308266,0.3566834657901913,-0.1419656097136513,0.2914021087751348,1,Uranus,Uranus,2.6221622108698557,0.25,25.0,90.0,59132.0,180.0,330.0
20260811_184731__rp0p5__vinf25__inc30__toff59132__Om90__om0,4.6651636359435,0.36255068846322364,0.7138469770785721,0.4262471045232655,1,Neptune,Neptune,3.1144973852918127,0.5,25.0,30.0,59132.0,90.0,0.0
20260811_184731__rp0p5__vinf25__incm30__toff59132__Om270__om180,4.665163634668581,0.3625506882792301,0.7138469771683288,0.4262471042922614,1,Neptune,Neptune,3.1144973852974496,0.5,25.0,-30.0,59132.0,270.0,180.0
20260811_184731__rp0p25__vinf25__inc60__toff59132__Om180__om180,4.662928287163325,0.2502435887859479,0.3408556567511963,0.2022522552204563,1,Saturn,Saturn,2.459638017721597,0.25,25.0,60.0,59132.0,180.0,180.0
20260811_184731__rp0p25__vinf25__incm60__toff59132__Om0__om0,4.6629274366270534,0.25024359965091975,0.3408556668315218,0.2022522079812366,1,Saturn,Saturn,2.459638019928167,0.25,25.0,-60.0,59132.0,0.0,0.0
20260811_184731__rp1p25__vinf25__incm90__toff59132__Om270__om210,4.662178343150587,0.4547401779376564,-0.2522390803824035,0.3693226244229189,1,Neptune,Neptune,2.160608960302744,1.25,25.0,-90.0,59132.0,270.0,210.0
20260811_184731__rp0p25__vinf25__incm30__toff59132__Om0__om255,4.657836826626558,0.35513605502698475,-0.2172471755344314,0.1973115051888994,1,Uranus,Uranus,3.0111709212055424,0.25,25.0,-30.0,59132.0,0.0,255.0
20260811_184731__rp0p25__vinf25__inc30__toff59132__Om180__om75,4.657836743516888,0.35513604104961943,-0.2172471714265363,0.1973114836003862,1,Uranus,Uranus,3.011170920827909,0.25,25.0,30.0,59132.0,180.0,75.0
20260811_184731__rp1__vinf25__incm90__toff59132__Om90__om0,4.656294510665302,0.3692396062354889,0.0022203526590466,0.4435210702799155,2,"Venus,Neptune",Venus,2.594689373603143,1.0,25.0,-90.0,59132.0,90.0,0.0
20260811_184731__rp1p25__vinf25__inc90__toff59132__Om90__om30,4.655916482281495,0.4529270820652244,-0.2427944291045031,0.3774869505118554,1,Neptune,Neptune,2.1607526293646875,1.25,25.0,90.0,59132.0,90.0,30.0
20260811_184731__rp1__vinf25__inc90__toff59132__Om270__om180,4.655109597207225,0.3690026238351574,0.0022124974313385,0.4431002999416187,2,"Venus,Neptune",Venus,2.5946891746940337,1.0,25.0,90.0,59132.0,270.0,180.0
20260811_184731__rp0p25__vinf25__inc60__toff59132__Om90__om345,4.652644260002546,0.3540085941054016,0.6936100818874215,0.3611172776392403,1,Neptune,Neptune,2.7868440210226972,0.25,25.0,60.0,59132.0,90.0,345.0
20260811_184731__rp0p25__vinf25__incm60__toff59132__Om270__om165,4.652644255917165,0.3540085932882795,0.6936100791398884,0.3611172778765553,1,Neptune,Neptune,2.78684402102281,0.25,25.0,-60.0,59132.0,270.0,165.0
20260811_184731__rp0p75__vinf25__inc30__toff59132__Om0__om300,4.650415143872255,0.28645947200281374,-0.0763974263123249,0.2403828397812923,0,,Jupiter,2.790244559965461,0.75,25.0,30.0,59132.0,0.0,300.0
20260811_184731__rp0p5__vinf25__inc30__toff59132__Om90__om30,4.647379099803974,0.290418259540259,0.0156627427844956,0.3129921071473017,2,"Jupiter,Neptune",Neptune,4.181634309504486,0.5,25.0,30.0,59132.0,90.0,30.0
20260811_184731__rp0p5__vinf25__incm30__toff59132__Om270__om210,4.647379099595392,0.29041825935705895,0.015662744820785,0.3129921065908054,2,"Jupiter,Neptune",Neptune,4.181634309520988,0.5,25.0,-30.0,59132.0,270.0,210.0
20260811_184731__rp0p75__vinf25__incm30__toff59132__Om180__om120,4.646816774463858,0.28644866421191495,-0.0762640375913159,0.2404977448218157,0,,Jupiter,2.7899969718658246,0.75,25.0,-30.0,59132.0,180.0,120.0
20260811_184731__rp0p25__vinf25__incm90__toff59132__Om0__om210,4.64195491912454,0.34272498434147575,-0.115105471384815,0.2944497496165868,1,Neptune,Neptune,2.8261525761557307,0.25,25.0,-90.0,59132.0,0.0,210.0
20260811_184731__rp0p25__vinf25__inc90__toff59132__Om180__om30,4.641954891719699,0.3427249788589677,-0.1151054673893657,0.2944497439699656,1,Neptune,Neptune,2.826152576156594,0.25,25.0,90.0,59132.0,180.0,30.0
20260811_184731__rp0p25__vinf25__incm30__toff59132__Om180__om285,4.638707432897944,0.27778364019966595,0.1762620015978889,0.2846821163708213,2,"Jupiter,Neptune",Neptune,4.9378774372564775,0.25,25.0,-30.0,59132.0,180.0,285.0
20260811_184731__rp0p25__vinf25__inc30__toff59132__Om0__om105,4.638707432856692,0.2777836400421883,0.17626200164516,0.2846821161612571,2,"Jupiter,Neptune",Neptune,4.937877437260609,0.25,25.0,30.0,59132.0,0.0,105.0
20260811_184731__rp0p5__vinf25__incm60__toff59132__Om270__om210,4.632174854755101,0.29906979317505705,0.1972313381864675,0.313406139443545,1,Neptune,Neptune,3.8788664197363465,0.5,25.0,-60.0,59132.0,270.0,210.0
20260811_184731__rp0p5__vinf25__inc60__toff59132__Om90__om30,4.6321748471988435,0.2990697916563629,0.197231340138085,0.3134061373296514,1,Neptune,Neptune,3.8788664197369678,0.5,25.0,60.0,59132.0,90.0,30.0
20260811_184731__rp0p25__vinf25__inc30__toff59132__Om270__om195,4.630361828953107,0.22924082949712807,0.0765232721381773,0.2244458164053261,3,"Mercury,Jupiter,Neptune",Neptune,4.2697562019535065,0.25,25.0,30.0,59132.0,270.0,195.0
20260811_184731__rp0p25__vinf25__incm30__toff59132__Om90__om15,4.630361827637259,0.2292408291370456,0.0765232712557425,0.2244458159948636,3,"Mercury,Jupiter,Neptune",Neptune,4.26975620195325,0.25,25.0,-30.0,59132.0,90.0,15.0
20260811_184731__rp0p75__vinf25__incm60__toff59132__Om270__om240,4.624613813770632,0.3055643263881974,0.1621997292329696,0.3231939423351535,1,Neptune,Neptune,3.378439915337351,0.75,25.0,-60.0,59132.0,270.0,240.0
20260811_184731__rp0p75__vinf25__inc60__toff59132__Om90__om60,4.62461379179609,0.30556432200119066,0.1621997324442415,0.3231939359780579,1,Neptune,Neptune,3.378439915347366,0.75,25.0,60.0,59132.0,90.0,60.0
20260811_184731__rp0p25__vinf25__inc30__toff59132__Om180__om180,4.6230829944394785,0.23408590851646188,0.2950547854481783,0.1389841338656789,1,Saturn,Neptune,2.6023683713654666,0.25,25.0,30.0,59132.0,180.0,180.0
20260811_184731__rp0p25__vinf25__incm30__toff59132__Om0__om0,4.623082994075629,0.23408590848640998,0.2950547854141493,0.138984133967015,1,Saturn,Neptune,2.6023683713620196,0.25,25.0,-30.0,59132.0,0.0,0.0
20260811_184731__rp1p25__vinf25__incm60__toff59132__Om90__om345,4.623065270114598,0.4251581914782423,-0.2073932476390119,0.3568619481843736,0,,Uranus,1.9674981731359267,1.25,25.0,-60.0,59132.0,90.0,345.0
20260811_184731__rp0p25__vinf25__inc90__toff59132__Om180__om210,4.61854605907131,0.2683677038991467,0.3584129780669961,0.2796965110991127,1,Saturn,Neptune,2.402860871567973,0.25,25.0,90.0,59132.0,180.0,210.0
20260811_184731__rp0p25__vinf25__incm90__toff59132__Om0__om30,4.618546057805833,0.2683677037250831,0.358412978409424,0.2796965109150274,1,Saturn,Neptune,2.402860871568171,0.25,25.0,-90.0,59132.0,0.0,30.0
20260811_184731__rp1p25__vinf25__inc60__toff59132__Om270__om165,4.618496349121684,0.4250906648339979,-0.2074626690422344,0.3566240421969879,0,,Uranus,1.9675451624609082,1.25,25.0,60.0,59132.0,270.0,165.0
20260811_184731__rp1p5__vinf25__inc30__toff59132__Om90__om15,4.617298676700997,0.5068915376304975,2.472672937132937,0.7149986861471163,1,Neptune,Neptune,2.0890491909754405,1.5,25.0,30.0,59132.0,90.0,15.0
20260811_184731__rp1p5__vinf25__incm30__toff59132__Om270__om195,4.617296987760991,0.506891199842424,2.472674958320505,0.7149984004540143,1,Neptune,Neptune,2.0890491909750657,1.5,25.0,-30.0,59132.0,270.0,195.0
20260811_184731__rp0p25__vinf25__inc30__toff59132__Om90__om180,4.61675911718811,0.3293022406533441,-0.205224736954852,0.1648698824900676,1,Uranus,Uranus,3.201764759082575,0.25,25.0,30.0,59132.0,90.0,180.0
20260811_184731__rp0p25__vinf25__incm30__toff59132__Om270__om0,4.616759100550509,0.3293022364046783,-0.2052247262990496,0.164869888888226,1,Uranus,Uranus,3.201764759100586,0.25,25.0,-30.0,59132.0,270.0,0.0
20260811_184731__rp0p25__vinf25__incm30__toff59132__Om0__om45,4.601599502714166,0.40260349490076563,-0.1793060951480074,0.3408348976097282,0,,Saturn,2.0501201686104626,0.25,25.0,-30.0,59132.0,0.0,45.0
20260811_184731__rp0p25__vinf25__inc30__toff59132__Om180__om225,4.60102462909271,0.402453737965176,-0.1791950736234883,0.340646068048538,0,,Saturn,2.05005506866948,0.25,25.0,30.0,59132.0,180.0,225.0
20260811_184731__rp0p5__vinf25__incm30__toff59132__Om0__om15,4.600083254413562,0.27623863386812736,0.3886235040466345,0.1760929443138185,1,Saturn,Saturn,2.3079030621733083,0.5,25.0,-30.0,59132.0,0.0,15.0
20260811_184731__rp0p5__vinf25__inc30__toff59132__Om180__om195,4.600083253448783,0.27623863405989735,0.3886235045618821,0.1760929446384049,1,Saturn,Saturn,2.307903062081621,0.5,25.0,30.0,59132.0,180.0,195.0
20260811_184731__rp0p25__vinf25__inc60__toff59132__Om180__om165,4.597062436362718,0.21101293610262062,0.2637512002441365,0.1902415492746867,1,Saturn,Neptune,2.6487770772580133,0.25,25.0,60.0,59132.0,180.0,165.0
20260811_184731__rp0p25__vinf25__incm60__toff59132__Om0__om345,4.597062428883177,0.21101295880004484,0.2637512359482078,0.1902415266050756,1,Saturn,Neptune,2.64877707714293,0.25,25.0,-60.0,59132.0,0.0,345.0
20260811_184731__rp0p25__vinf25__inc0__toff59132__Om270__om30,4.587710992145909,0.280502330010311,-0.1455415575051081,0.1567785506544314,1,Uranus,Uranus,2.4467363425797477,0.25,25.0,0.0,59132.0,270.0,30.0
20260811_184731__rp0p25__vinf25__inc0__toff59132__Om90__om210,4.587710992012752,0.2805023299745488,-0.145541557349217,0.1567785507810772,1,Uranus,Uranus,2.4467363425876294,0.25,25.0,0.0,59132.0,90.0,210.0
20260811_184731__rp0p25__vinf25__inc0__toff59132__Om0__om300,4.587710992012752,0.2805023299745488,-0.145541557349217,0.1567785507810772,1,Uranus,Uranus,2.4467363425876294,0.25,25.0,0.0,59132.0,0.0,300.0
20260811_184731__rp0p25__vinf25__inc0__toff59132__Om180__om120,4.587710985281724,0.2805023286210771,-0.1455415565669054,0.1567785495739223,1,Uranus,Uranus,2.44673634256667,0.25,25.0,0.0,59132.0,180.0,120.0
20260811_184731__rp0p25__vinf25__inc60__toff59132__Om270__om195,4.580946344245813,0.230318367842754,0.0860881772974376,0.2254070473206006,3,"Mercury,Jupiter,Neptune",Mercury,5.166509782547031,0.25,25.0,60.0,59132.0,270.0,195.0
20260811_184731__rp0p25__vinf25__incm60__toff59132__Om90__om15,4.58094634343969,0.2303183676827806,0.0860881774068494,0.2254070471177832,3,"Mercury,Jupiter,Neptune",Mercury,5.166509782451737,0.25,25.0,-60.0,59132.0,90.0,15.0
20260811_184731__rp0p25__vinf25__inc30__toff59132__Om90__om165,4.580099015500962,0.3502317534824756,-0.2254000283736403,0.1767456626627185,1,Uranus,Uranus,3.3333872697666287,0.25,25.0,30.0,59132.0,90.0,165.0
20260811_184731__rp0p25__vinf25__incm30__toff59132__Om270__om345,4.580099015492842,0.3502317535039712,-0.2254000284467844,0.1767456626032758,1,Uranus,Uranus,3.333387269775236,0.25,25.0,-30.0,59132.0,270.0,345.0
20260811_184731__rp0p75__vinf25__incm30__toff59132__Om180__om240,4.578464565507636,0.41753423463975403,-0.2370512529541255,0.3015390565786181,0,,Uranus,2.614616238670222,0.75,25.0,-30.0,59132.0,180.0,240.0
20260811_184731__rp0p75__vinf25__inc30__toff59132__Om0__om60,4.578338066901686,0.4175348939381877,-0.2370529735770391,0.3015382336794027,0,,Uranus,2.6146156517767842,0.75,25.0,30.0,59132.0,0.0,60.0
20260811_184731__rp0p25__vinf25__incm60__toff59132__Om180__om180,4.578013512829639,0.22802319075457486,0.2838165910062037,0.1375995719545281,1,Saturn,Neptune,3.246476042065038,0.25,25.0,-60.0,59132.0,180.0,180.0
20260811_184731__rp0p25__vinf25__inc60__toff59132__Om0__om0,4.578013512070417,0.22802319059029014,0.2838165907260531,0.1375995720233957,1,Saturn,Neptune,3.2464760420631853,0.25,25.0,60.0,59132.0,0.0,0.0
20260811_184731__rp1p5__vinf25__inc0__toff59132__Om270__om210,4.577732622844356,0.486326805319152,2.170292062979678,0.6783986046638061,1,Neptune,Neptune,2.304287942484876,1.5,25.0,0.0,59132.0,270.0,210.0
20260811_184731__rp1p5__vinf25__inc0__toff59132__Om90__om30,4.5777326226064545,0.4863268052682157,2.1702920634207072,0.6783986046286259,1,Neptune,Neptune,2.3042879424848275,1.5,25.0,0.0,59132.0,90.0,30.0
20260811_184731__rp1p5__vinf25__inc0__toff59132__Om0__om120,4.5777326191641965,0.4863268045784459,2.170292069845515,0.6783986041747113,1,Neptune,Neptune,2.304287942487159,1.5,25.0,0.0,59132.0,0.0,120.0
20260811_184731__rp1p5__vinf25__inc0__toff59132__Om180__om300,4.577732617834138,0.4863268043102992,2.170292072345084,0.6783986039983491,1,Neptune,Neptune,2.304287942485966,1.5,25.0,0.0,59132.0,180.0,300.0
20260811_184731__rp0p25__vinf25__inc30__toff59132__Om270__om0,4.573946379494738,0.3369492361869839,-0.1997279125628047,0.1860494972368115,1,Uranus,Uranus,3.055474593744437,0.25,25.0,30.0,59132.0,270.0,0.0
20260811_184731__rp0p25__vinf25__incm30__toff59132__Om90__om180,4.573946379320136,0.33694923614552125,-0.1997279125358562,0.186049497195402,1,Uranus,Uranus,3.055474593741482,0.25,25.0,-30.0,59132.0,90.0,180.0
20260811_184731__rp0p25__vinf25__incm60__toff59132__Om0__om240,4.568808984686839,0.34580431248500937,-0.180991123153386,0.2260281676964926,1,Uranus,Uranus,2.425325795249508,0.25,25.0,-60.0,59132.0,0.0,240.0
20260811_184731__rp0p25__vinf25__inc60__toff59132__Om180__om60,4.568808984023058,0.34580431234324766,-0.18099112283099,0.2260281678270585,1,Uranus,Uranus,2.4253257952493628,0.25,25.0,60.0,59132.0,180.0,60.0
20260811_184731__rp1p5__vinf25__incm60__toff59132__Om270__om225,4.567447006713618,0.4690681445101046,1.6002259096144544,0.5564520453615164,1,Neptune,Neptune,2.360267065977033,1.5,25.0,-60.0,59132.0,270.0,225.0
20260811_184731__rp1p5__vinf25__inc60__toff59132__Om90__om45,4.567446892148169,0.46906812159662514,1.600225852408308,0.5564520892229541,1,Neptune,Neptune,2.3602670659771174,1.5,25.0,60.0,59132.0,90.0,45.0
20260811_184731__rp0p25__vinf25__incm30__toff59132__Om0__om120,4.560025050450611,0.2945908360092147,-0.0900308474243692,0.239404092097663,1,Neptune,Neptune,3.494051476350359,0.25,25.0,-30.0,59132.0,0.0,120.0
20260811_184731__rp0p25__vinf25__inc30__toff59132__Om180__om300,4.560025047414109,0.29459083540644543,-0.0900308470001608,0.2394040915779312,1,Neptune,Neptune,3.494051476352177,0.25,25.0,30.0,59132.0,180.0,300.0
20260811_184731__rp0p75__vinf25__incm30__toff59132__Om180__om90,4.555740967813321,0.2539407706515186,-0.1356099928634347,0.1280525853412983,2,"Mars,Uranus",Mars,8.889076564924606,0.75,25.0,-30.0,59132.0,180.0,90.0
20260811_184731__rp0p75__vinf25__inc30__toff59132__Om0__om270,4.555740966147095,0.25394077032610424,-0.1356099927941007,0.1280525849441768,2,"Mars,Uranus",Mars,8.88907656455833,0.75,25.0,30.0,59132.0,0.0,270.0
20260811_184731__rp0p5__vinf25__incm90__toff59132__Om180__om315,4.5548649003823325,0.32004706351386597,-0.1141259765997951,0.256102247880481,1,Neptune,Neptune,2.697488465595267,0.5,25.0,-90.0,59132.0,180.0,315.0
20260811_184731__rp0p5__vinf25__inc90__toff59132__Om0__om135,4.554864899692338,0.32004706336675287,-0.1141259763642562,0.2561022478792021,1,Neptune,Neptune,2.6974884655960323,0.5,25.0,90.0,59132.0,0.0,135.0
20260811_184731__rp1__vinf25__inc30__toff59132__Om90__om45,4.552232354735846,0.35257906948783735,0.6049914727056868,0.4045941493514832,1,Neptune,Neptune,3.310330911912714,1.0,25.0,30.0,59132.0,90.0,45.0
20260811_184731__rp1__vinf25__incm30__toff59132__Om270__om225,4.5522323253962025,0.35257906367711295,0.6049914810776699,0.4045941423208346,1,Neptune,Neptune,3.3103309119549005,1.0,25.0,-30.0,59132.0,270.0,225.0
20260811_184731__rp0p5__vinf25__incm30__toff59132__Om90__om120,4.53894559137982,0.37156805882590005,-0.2355522320894097,0.2049035896581192,1,Uranus,Uranus,2.408273090373201,0.5,25.0,-30.0,59132.0,90.0,120.0
20260811_184731__rp0p5__vinf25__inc30__toff59132__Om270__om300,4.538945590219232,0.371568058577108,-0.2355522316018269,0.2049035898323615,1,Uranus,Uranus,2.4082730903674663,0.5,25.0,30.0,59132.0,270.0,300.0
20260811_184731__rp0p5__vinf25__inc0__toff59132__Om180__om60,4.538141985866146,0.35167007950755047,-0.2188838203681511,0.1884109291730052,1,Uranus,Uranus,3.913086463652699,0.5,25.0,0.0,59132.0,180.0,60.0
20260811_184731__rp0p5__vinf25__inc0__toff59132__Om90__om150,4.538141983267497,0.35167007898168395,-0.2188838199459569,0.1884109287313027,1,Uranus,Uranus,3.9130864636710503,0.5,25.0,0.0,59132.0,90.0,150.0
20260811_184731__rp0p5__vinf25__inc0__toff59132__Om0__om240,4.538141981447026,0.3516700786197781,-0.2188838196575439,0.1884109284244203,1,Uranus,Uranus,3.913086463661685,0.5,25.0,0.0,59132.0,0.0,240.0
20260811_184731__rp0p5__vinf25__inc0__toff59132__Om270__om330,4.538141981295068,0.3516700785898941,-0.2188838196333088,0.1884109283996468,1,Uranus,Uranus,3.913086463660665,0.5,25.0,0.0,59132.0,270.0,330.0
20260811_184731__rp0p5__vinf25__inc90__toff59132__Om90__om45,4.538047242387924,0.30889658375958745,0.2516882477243062,0.3271493006658301,1,Neptune,Neptune,3.2806140283190404,0.5,25.0,90.0,59132.0,90.0,45.0
20260811_184731__rp0p5__vinf25__incm90__toff59132__Om270__om225,4.538047242152814,0.30889658371333123,0.2516882450409613,0.3271493005678516,1,Neptune,Neptune,3.280614028319099,0.5,25.0,-90.0,59132.0,270.0,225.0
20260811_184731__rp0p25__vinf25__inc60__toff59132__Om270__om270,4.535557566552432,0.400605904192329,0.8389777961230033,0.4863111673863757,1,Uranus,Uranus,2.5270740433146224,0.25,25.0,60.0,59132.0,270.0,270.0
20260811_184731__rp0p25__vinf25__incm60__toff59132__Om90__om90,4.535557365115419,0.4006058639102351,0.8389744512165936,0.4863108697120817,1,Uranus,Uranus,2.527074043315354,0.25,25.0,-60.0,59132.0,90.0,90.0
20260811_184731__rp0p5__vinf25__incm60__toff59132__Om180__om45,4.530975361162754,0.3666919050917267,-0.2283519627946767,0.2050216981628337,1,Uranus,Uranus,2.5529398115865183,0.5,25.0,-60.0,59132.0,180.0,45.0
20260811_184731__rp0p5__vinf25__inc60__toff59132__Om0__om225,4.53097536052856,0.3666919049621871,-0.2283519626043187,0.2050216981644727,1,Uranus,Uranus,2.5529398115864215,0.5,25.0,60.0,59132.0,0.0,225.0
20260811_184731__rp0p5__vinf25__inc60__toff59132__Om270__om120,4.530110080493534,0.32605712422619576,0.559316141060206,0.2891109535212627,0,,Uranus,2.1894049502998914,0.5,25.0,60.0,59132.0,270.0,120.0
20260811_184731__rp0p5__vinf25__incm60__toff59132__Om90__om300,4.5301100775765715,0.32605712360362055,0.5593161393470921,0.2891109537533169,0,,Uranus,2.1894049502986404,0.5,25.0,-60.0,59132.0,90.0,300.0
20260811_184731__rp1p5__vinf25__inc30__toff59132__Om90__om0,4.528740264426967,0.47467445884848775,-0.3114007610475036,0.333375488470154,0,,Neptune,1.7558881856941486,1.5,25.0,30.0,59132.0,90.0,0.0
20260811_184731__rp0p25__vinf25__inc0__toff59132__Om0__om105,4.526563578215295,0.2546447862538831,0.1619670229222877,0.2546721005074168,2,"Jupiter,Neptune",Neptune,4.437898826360343,0.25,25.0,0.0,59132.0,0.0,105.0
20260811_184731__rp0p25__vinf25__inc0__toff59132__Om180__om285,4.526563578209879,0.25464478625665804,0.1619670228401065,0.2546721005109205,2,"Jupiter,Neptune",Neptune,4.437898826356413,0.25,25.0,0.0,59132.0,180.0,285.0
20260811_184731__rp0p25__vinf25__inc0__toff59132__Om270__om195,4.526563578188508,0.2546447862518679,0.161967023085409,0.2546721005048933,2,"Jupiter,Neptune",Neptune,4.437898826361578,0.25,25.0,0.0,59132.0,270.0,195.0
20260811_184731__rp0p25__vinf25__inc0__toff59132__Om90__om15,4.526563578188508,0.2546447862518679,0.161967023085409,0.2546721005048933,2,"Jupiter,Neptune",Neptune,4.437898826361578,0.25,25.0,0.0,59132.0,90.0,15.0
20260811_184731__rp1p5__vinf25__incm30__toff59132__Om270__om180,4.526252310894772,0.47420862163031124,-0.3103152447455375,0.3338699367211303,0,,Neptune,1.7558371024277868,1.5,25.0,-30.0,59132.0,270.0,180.0
20260811_184731__rp0p5__vinf25__inc90__toff59132__Om0__om210,4.524931848294315,0.34379161170613626,-0.1882144949325223,0.2133588465886144,0,,Neptune,2.051013413474061,0.5,25.0,90.0,59132.0,0.0,210.0
20260811_184731__rp0p5__vinf25__incm90__toff59132__Om180__om30,4.5249318481736704,0.3437916116773964,-0.1882144949610902,0.2133588464995136,0,,Neptune,2.051013413472761,0.5,25.0,-90.0,59132.0,180.0,30.0
20260811_184731__rp0p25__vinf25__inc0__toff59132__Om180__om210,4.523302712652052,0.26566613857579263,0.3662395820436736,0.1772510831247137,1,Saturn,Saturn,2.441806003080537,0.25,25.0,0.0,59132.0,180.0,210.0
20260811_184731__rp0p25__vinf25__inc0__toff59132__Om0__om30,4.523302703448395,0.2656661367370329,0.3662395789429552,0.1772510859586161,1,Saturn,Saturn,2.4418060030819055,0.25,25.0,0.0,59132.0,0.0,30.0
20260811_184731__rp0p25__vinf25__inc0__toff59132__Om270__om120,4.523302699975205,0.26566613603702666,0.3662395777624673,0.1772510870372472,1,Saturn,Saturn,2.4418060030777884,0.25,25.0,0.0,59132.0,270.0,120.0
20260811_184731__rp0p25__vinf25__inc0__toff59132__Om90__om300,4.523302696374115,0.2656661353288215,0.3662395765657295,0.1772510881196923,1,Saturn,Saturn,2.441806003085719,0.25,25.0,0.0,59132.0,90.0,300.0
20260811_184731__rp0p5__vinf25__inc0__toff59132__Om90__om135,4.522544775962742,0.3747079626145918,-0.2390885852995125,0.2063672688105786,1,Uranus,Uranus,2.4797060530771726,0.5,25.0,0.0,59132.0,90.0,135.0
20260811_184731__rp0p5__vinf25__inc0__toff59132__Om270__om315,4.5225447758729755,0.3747079625971245,-0.2390885852812033,0.2063672688004605,1,Uranus,Uranus,2.4797060530775488,0.5,25.0,0.0,59132.0,270.0,315.0
20260811_184731__rp0p5__vinf25__inc0__toff59132__Om180__om45,4.522544775800846,0.37470796258616995,-0.2390885852746225,0.2063672687872206,1,Uranus,Uranus,2.4797060530901343,0.5,25.0,0.0,59132.0,180.0,45.0
20260811_184731__rp0p5__vinf25__inc0__toff59132__Om0__om225,4.522544775800846,0.37470796258616995,-0.2390885852746225,0.2063672687872206,1,Uranus,Uranus,2.4797060530901343,0.5,25.0,0.0,59132.0,0.0,225.0
20260811_184731__rp1p5__vinf25__incm30__toff59132__Om180__om255,4.5220578786966055,0.513949715461589,-0.346920027507305,0.3855806287776904,0,,Earth,1.5264417020632584,1.5,25.0,-30.0,59132.0,180.0,255.0
20260811_184731__rp1p5__vinf25__inc30__toff59132__Om0__om75,4.521783121039955,0.5138717010922521,-0.3469040277378676,0.3853736190497697,0,,Earth,1.5260465018993916,1.5,25.0,30.0,59132.0,0.0,75.0
20260811_184731__rp1__vinf25__incm60__toff59132__Om270__om240,4.517714659887931,0.3884786884306665,0.9457951400642444,0.475880431526434,1,Neptune,Neptune,2.988301498485559,1.0,25.0,-60.0,59132.0,270.0,240.0
20260811_184731__rp1__vinf25__inc60__toff59132__Om90__om60,4.5177142967783395,0.3884786158359242,0.9457949005219218,0.4758805236052965,1,Neptune,Neptune,2.9883014984929357,1.0,25.0,60.0,59132.0,90.0,60.0
20260811_184731__rp0p5__vinf25__incm30__toff59132__Om90__om315,4.5138839029071836,0.32728389594360346,0.565640300312496,0.2943582117374366,0,,Uranus,2.661156496751616,0.5,25.0,-30.0,59132.0,90.0,315.0
20260811_184731__rp0p5__vinf25__inc30__toff59132__Om270__om135,4.513883902440322,0.3272838958383702,0.5656403000986322,0.2943582119281938,0,,Uranus,2.6611564967815973,0.5,25.0,30.0,59132.0,270.0,135.0
20260811_184731__rp0p5__vinf25__incm30__toff59132__Om180__om90,4.510814788985129,0.30908754745411604,-0.1827579762391473,0.1583191115354153,2,"Mars,Uranus",Uranus,2.9614145829529077,0.5,25.0,-30.0,59132.0,180.0,90.0
20260811_184731__rp0p5__vinf25__inc30__toff59132__Om0__om270,4.510814788985129,0.30908754745411604,-0.1827579762391473,0.1583191115354153,2,"Mars,Uranus",Uranus,2.9614145829529077,0.5,25.0,30.0,59132.0,0.0,270.0
20260811_184731__rp1p5__vinf25__inc60__toff59132__Om90__om15,4.50689866982961,0.4710026162468975,-0.2800288271993283,0.3717568585075026,1,Neptune,Neptune,2.0542678827808407,1.5,25.0,60.0,59132.0,90.0,15.0
20260811_184731__rp1p5__vinf25__incm60__toff59132__Om270__om195,4.506477736887904,0.47094245461880213,-0.2800250062775894,0.3716045721956829,1,Neptune,Neptune,2.0542898612637064,1.5,25.0,-60.0,59132.0,270.0,195.0
20260811_184731__rp0p25__vinf25__inc30__toff59132__Om0__om0,4.504100251326139,0.21950881909792033,0.2675325296682583,0.1306049036372865,1,Saturn,Saturn,3.3891438042344144,0.25,25.0,30.0,59132.0,0.0,0.0
20260811_184731__rp0p25__vinf25__incm30__toff59132__Om180__om180,4.5041002451072005,0.21950881864567906,0.2675325288467659,0.1306049034137157,1,Saturn,Saturn,3.3891438043490925,0.25,25.0,-30.0,59132.0,180.0,180.0
20260811_184731__rp0p5__vinf25__incm90__toff59132__Om90__om0,4.503336166402709,0.30819571136264573,0.2449998821788664,0.3261046983289448,1,Neptune,Neptune,3.231258942493679,0.5,25.0,-90.0,59132.0,90.0,0.0
20260811_184731__rp0p5__vinf25__inc90__toff59132__Om270__om180,4.503336165787429,0.3081957112359836,0.244999882520995,0.3261046981574109,1,Neptune,Neptune,3.2312589424930978,0.5,25.0,90.0,59132.0,270.0,180.0
20260811_184731__rp0p5__vinf25__incm60__toff59132__Om270__om225,4.5003031137537155,0.2775074585844821,0.0216812867700236,0.2934290071164472,2,"Jupiter,Neptune",Neptune,3.9966922981677655,0.5,25.0,-60.0,59132.0,270.0,225.0
20260811_184731__rp0p5__vinf25__inc60__toff59132__Om90__om45,4.500303113202786,0.27750745846626806,0.0216812865449317,0.2934290069754969,2,"Jupiter,Neptune",Neptune,3.9966922981671713,0.5,25.0,60.0,59132.0,90.0,45.0
20260811_184731__rp0p5__vinf25__inc90__toff59132__Om270__om150,4.486700505940582,0.30689408580120614,0.4044478697069481,0.3307265866757234,1,Neptune,Neptune,3.1630626195931697,0.5,25.0,90.0,59132.0,270.0,150.0
20260811_184731__rp0p5__vinf25__incm90__toff59132__Om90__om330,4.486700466814774,0.3068940779720053,0.4044478820300702,0.3307265773951292,1,Neptune,Neptune,3.1630626195919898,0.5,25.0,-90.0,59132.0,90.0,330.0
20260811_184731__rp0p25__vinf25__inc30__toff59132__Om270__om90,4.484575860091052,0.26163035886246366,0.3593398429369215,0.183043489984943,1,Saturn,Mercury,2.5470981839950158,0.25,25.0,30.0,59132.0,270.0,90.0
20260811_184731__rp0p25__vinf25__incm30__toff59132__Om90__om270,4.484575849081409,0.2616303567226993,0.359339838620856,0.1830434905707712,1,Saturn,Mercury,2.5470981820416925,0.25,25.0,-30.0,59132.0,90.0,270.0
20260811_184731__rp0p75__vinf25__incm30__toff59132__Om270__om225,4.478900503614231,0.2937676783452414,0.0103215414917837,0.3187379601253518,1,Neptune,Neptune,3.7595750315197565,0.75,25.0,-30.0,59132.0,270.0,225.0
20260811_184731__rp0p75__vinf25__inc30__toff59132__Om90__om45,4.478354146960507,0.2936583355085922,0.0089900928932576,0.3187735207710049,1,Neptune,Neptune,3.759575005055836,0.75,25.0,30.0,59132.0,90.0,45.0
20260811_184731__rp0p5__vinf25__inc30__toff59132__Om90__om165,4.476801439155354,0.3188520404125749,-0.1985486544039215,0.1549602328882999,2,"Mars,Uranus",Mars,3.03202770055002,0.5,25.0,30.0,59132.0,90.0,165.0
20260811_184731__rp0p5__vinf25__incm30__toff59132__Om270__om345,4.476801438783954,0.31885204033833797,-0.1985486543363618,0.1549602328457938,2,"Mars,Uranus",Mars,3.0320277005180833,0.5,25.0,-30.0,59132.0,270.0,345.0
20260811_184731__rp1p5__vinf25__inc60__toff59132__Om270__om165,4.476755000398992,0.4629982037119817,-0.2588941422040149,0.3810064393423327,0,,Uranus,1.8739942849197107,1.5,25.0,60.0,59132.0,270.0,165.0
20260811_184731__rp1p5__vinf25__incm60__toff59132__Om90__om345,4.476154919077101,0.46248186973491656,-0.258701097149988,0.379958661908696,0,,Uranus,1.8740814041715785,1.5,25.0,-60.0,59132.0,90.0,345.0
20260811_184731__rp0p5__vinf25__inc90__toff59132__Om90__om15,4.474427114560951,0.306208867655879,0.4081915697650186,0.3300890477578357,1,Neptune,Neptune,3.1502985797494487,0.5,25.0,90.0,59132.0,90.0,15.0
20260811_184731__rp0p5__vinf25__incm90__toff59132__Om270__om195,4.4744271124170885,0.30620886722478025,0.4081915708062288,0.3300890472731334,1,Neptune,Neptune,3.1502985797487253,0.5,25.0,-90.0,59132.0,270.0,195.0
20260811_184731__rp0p5__vinf25__inc60__toff59132__Om0__om30,4.466278247946756,0.3010558822395902,0.4549460352622175,0.202974959159276,1,Saturn,Saturn,2.219021085998315,0.5,25.0,60.0,59132.0,0.0,30.0
20260811_184731__rp0p5__vinf25__incm60__toff59132__Om180__om210,4.46627824676246,0.30105588206583017,0.4549460348931823,0.2029749593146939,1,Saturn,Saturn,2.219021086004309,0.5,25.0,-60.0,59132.0,180.0,210.0
20260811_184731__rp0p75__vinf25__inc0__toff59132__Om90__om90,4.46387829063293,0.3091883243191071,-0.18211879927781,0.1592991655951472,1,Neptune,Neptune,2.7068578735848257,0.75,25.0,0.0,59132.0,90.0,90.0
20260811_184731__rp0p75__vinf25__inc0__toff59132__Om0__om180,4.46387829063293,0.3091883243191071,-0.18211879927781,0.1592991655951472,1,Neptune,Neptune,2.7068578735848257,0.75,25.0,0.0,59132.0,0.0,180.0
20260811_184731__rp0p75__vinf25__inc0__toff59132__Om180__om0,4.46387829063293,0.3091883243191071,-0.18211879927781,0.1592991655951472,1,Neptune,Neptune,2.7068578735848257,0.75,25.0,0.0,59132.0,180.0,0.0
20260811_184731__rp0p75__vinf25__inc0__toff59132__Om270__om270,4.463878290561249,0.30918832432165383,-0.182118799191821,0.1592991657080624,1,Neptune,Neptune,2.70685787358327,0.75,25.0,0.0,59132.0,270.0,270.0
20260811_184731__rp0p75__vinf25__incm90__toff59132__Om90__om15,4.457903724499981,0.3479667617202527,0.2404236959962823,0.3837331392955425,1,Neptune,Neptune,2.60686820564157,0.75,25.0,-90.0,59132.0,90.0,15.0
20260811_184731__rp0p75__vinf25__inc90__toff59132__Om270__om195,4.457903087462504,0.3479666343074363,0.2404239935166426,0.3837329407186065,1,Neptune,Neptune,2.6068682056409296,0.75,25.0,90.0,59132.0,270.0,195.0
20260811_184731__rp0p75__vinf25__incm90__toff59132__Om270__om240,4.457876053040347,0.3426202865164976,0.2265969319947708,0.3759090715104909,1,Neptune,Neptune,2.6783642383480766,0.75,25.0,-90.0,59132.0,270.0,240.0
20260811_184731__rp0p75__vinf25__inc90__toff59132__Om90__om60,4.457876036829008,0.3426202832846696,0.226596791748367,0.3759090695377931,1,Neptune,Neptune,2.6783642383480117,0.75,25.0,90.0,59132.0,90.0,60.0
20260811_184731__rp0p5__vinf25__incm90__toff59132__Om90__om345,4.45252659310852,0.3174152363822848,0.3578158490058224,0.3419850613021021,1,Neptune,Neptune,3.259693199942325,0.5,25.0,-90.0,59132.0,90.0,345.0
20260811_184731__rp0p5__vinf25__inc90__toff59132__Om270__om165,4.45252658231508,0.31741523422667245,0.3578158397481642,0.3419850579805003,1,Neptune,Neptune,3.2596931999413905,0.5,25.0,90.0,59132.0,270.0,165.0
20260811_184731__rp0p75__vinf25__incm60__toff59132__Om90__om30,4.451577568476786,0.3975797741874374,0.2778739971263656,0.4618371394301313,2,"Jupiter,Neptune",Neptune,3.0434293031643795,0.75,25.0,-60.0,59132.0,90.0,30.0
20260811_184731__rp0p75__vinf25__inc60__toff59132__Om270__om210,4.451573070233316,0.3975788745066131,0.2778769278680598,0.4618355304547782,2,"Jupiter,Neptune",Neptune,3.0434293031414525,0.75,25.0,60.0,59132.0,270.0,210.0
20260811_184731__rp0p25__vinf25__incm60__toff59132__Om180__om210,4.44953685878027,0.23749101906712716,0.303741903457381,0.1503622060189273,1,Saturn,Saturn,2.3795369559519703,0.25,25.0,-60.0,59132.0,180.0,210.0
20260811_184731__rp0p25__vinf25__inc60__toff59132__Om0__om30,4.449536858621243,0.2374910190741933,0.3037419034680745,0.1503622060073099,1,Saturn,Saturn,2.3795369559786095,0.25,25.0,60.0,59132.0,0.0,30.0
20260811_184731__rp0p25__vinf25__inc60__toff59132__Om270__om330,4.447783329444178,0.34168915308234943,-0.1985739440519457,0.19631261058632,1,Uranus,Uranus,3.244313292750618,0.25,25.0,60.0,59132.0,270.0,330.0
20260811_184731__rp0p25__vinf25__incm60__toff59132__Om90__om150,4.4477833292259055,0.3416891530254338,-0.1985739438429081,0.1963126107495435,1,Uranus,Uranus,3.2443132927601512,0.25,25.0,-60.0,59132.0,90.0,150.0
20260811_184731__rp0p25__vinf25__inc60__toff59132__Om270__om315,4.445766460036592,0.33954032089855757,-0.2002312421945937,0.1901830162319688,1,Uranus,Uranus,3.2288276929178372,0.25,25.0,60.0,59132.0,270.0,315.0
20260811_184731__rp0p25__vinf25__incm60__toff59132__Om90__om135,4.445766459273435,0.33954032074336005,-0.200231241666599,0.1901830166284163,1,Uranus,Uranus,3.228827692917708,0.25,25.0,-60.0,59132.0,90.0,135.0
20260811_184731__rp0p25__vinf25__inc0__toff59132__Om0__om0,4.44045612681194,0.22187253801392764,0.2718455484661387,0.1317662557541901,1,Saturn,Saturn,2.9710216599545043,0.25,25.0,0.0,59132.0,0.0,0.0
20260811_184731__rp0p25__vinf25__inc0__toff59132__Om90__om270,4.440456121822812,0.22187253693505063,0.2718455467456658,0.1317662566071987,1,Saturn,Saturn,2.9710216602703747,0.25,25.0,0.0,59132.0,90.0,270.0
20260811_184731__rp0p25__vinf25__inc0__toff59132__Om180__om180,4.440456121822812,0.22187253693505063,0.2718455467456658,0.1317662566071987,1,Saturn,Saturn,2.9710216602703747,0.25,25.0,0.0,59132.0,180.0,180.0
20260811_184731__rp0p25__vinf25__inc0__toff59132__Om270__om90,4.440456121822812,0.22187253693505063,0.2718455467456658,0.1317662566071987,1,Saturn,Saturn,2.9710216602703747,0.25,25.0,0.0,59132.0,270.0,90.0
20260811_184731__rp0p5__vinf25__inc90__toff59132__Om90__om30,4.438449498728851,0.317948983631834,0.3608096752242379,0.3428405350738876,1,Neptune,Neptune,3.2835751881409583,0.5,25.0,90.0,59132.0,90.0,30.0
20260811_184731__rp0p5__vinf25__incm90__toff59132__Om270__om210,4.4384494672534895,0.31794897734276545,0.3608096815401681,0.3428405269152541,1,Neptune,Neptune,3.2835751881429394,0.5,25.0,-90.0,59132.0,270.0,210.0
20260811_184731__rp0p5__vinf25__inc60__toff59132__Om270__om240,4.434764145941225,0.37316023063715853,0.73645473148192,0.441920147610191,1,Neptune,Neptune,2.462003920895542,0.5,25.0,60.0,59132.0,270.0,240.0
20260811_184731__rp0p5__vinf25__incm60__toff59132__Om90__om60,4.434750687701687,0.3731575390207443,0.7364614883822201,0.4419171360056834,1,Neptune,Neptune,2.4620039208981157,0.5,25.0,-60.0,59132.0,90.0,60.0
20260811_184731__rp0p5__vinf25__inc60__toff59132__Om180__om0,4.425675550969264,0.3144781072917612,-0.1356524316327363,0.2234050503135973,1,Neptune,Neptune,2.477819635484143,0.5,25.0,60.0,59132.0,180.0,0.0
20260811_184731__rp0p5__vinf25__incm60__toff59132__Om0__om180,4.425675550610416,0.3144781072264041,-0.1356524315990551,0.2234050502407773,1,Neptune,Neptune,2.477819635487066,0.5,25.0,-60.0,59132.0,0.0,180.0
20260811_184731__rp0p75__vinf25__inc30__toff59132__Om270__om165,4.424924922514888,0.39302190610706517,0.7071534587569298,0.4666944607267745,0,,Uranus,2.1647352685683923,0.75,25.0,30.0,59132.0,270.0,165.0
20260811_184731__rp0p75__vinf25__incm30__toff59132__Om90__om345,4.424924921957896,0.39302190599824993,0.7071534580916526,0.4666944605310968,0,,Uranus,2.164735268568223,0.75,25.0,-30.0,59132.0,90.0,345.0
20260811_184731__rp0p75__vinf25__inc60__toff59132__Om0__om150,4.423382363306655,0.26754234546461914,-0.1170728545762403,0.1692572258043225,1,Neptune,Neptune,3.1378650860640382,0.75,25.0,60.0,59132.0,0.0,150.0
20260811_184731__rp0p75__vinf25__incm60__toff59132__Om180__om330,4.423382360605515,0.26754234492603696,-0.1170728542680457,0.1692572253360784,1,Neptune,Neptune,3.137865086063673,0.75,25.0,-60.0,59132.0,180.0,330.0
20260811_184731__rp0p25__vinf25__inc90__toff59132__Om180__om150,4.422918263232161,0.29576470999261817,0.3879218505478771,0.3154681356397419,0,,Saturn,2.0960220660762556,0.25,25.0,90.0,59132.0,180.0,150.0
20260811_184731__rp0p25__vinf25__incm90__toff59132__Om0__om330,4.422918258455123,0.29576471004648397,0.3879218505219038,0.3154681357060326,0,,Saturn,2.0960220660613516,0.25,25.0,-90.0,59132.0,0.0,330.0
20260811_184731__rp0p5__vinf25__inc30__toff59132__Om180__om45,4.419121583967092,0.3495805766077074,-0.2067389121400621,0.2005636968470339,1,Uranus,Uranus,2.388203538306155,0.5,25.0,30.0,59132.0,180.0,45.0
20260811_184731__rp0p5__vinf25__incm30__toff59132__Om0__om225,4.419121583967092,0.3495805766077074,-0.2067389121400621,0.2005636968470339,1,Uranus,Uranus,2.388203538306155,0.5,25.0,-30.0,59132.0,0.0,225.0
20260811_184731__rp1p5__vinf25__inc60__toff59132__Om270__om180,4.418640235755355,0.5031456377699166,-0.2155319419578198,0.5412133743597288,0,,Neptune,1.7905626282254623,1.5,25.0,60.0,59132.0,270.0,180.0
20260811_184731__rp1p5__vinf25__incm60__toff59132__Om90__om0,4.416720302868262,0.5027605409826968,-0.2141816116450877,0.541707012262389,0,,Neptune,1.7904858058435373,1.5,25.0,-60.0,59132.0,90.0,0.0
20260811_184731__rp0p75__vinf25__inc60__toff59132__Om0__om105,4.412073012406411,0.37596174075475847,0.2997862198699009,0.4262177440245365,1,Neptune,Neptune,2.8678780493414107,0.75,25.0,60.0,59132.0,0.0,105.0
20260811_184731__rp0p75__vinf25__incm60__toff59132__Om180__om285,4.412073012269861,0.37596174076614863,0.2997862200276818,0.4262177440407927,1,Neptune,Neptune,2.867878049345817,0.75,25.0,-60.0,59132.0,180.0,285.0
20260811_184731__rp0p5__vinf25__inc0__toff59132__Om180__om195,4.4112683366550876,0.29586440921782253,0.442734738653414,0.2040911967994432,1,Saturn,Saturn,2.5313870471676845,0.5,25.0,0.0,59132.0,180.0,195.0
20260811_184731__rp0p5__vinf25__inc0__toff59132__Om270__om105,4.4112683366550876,0.29586440921782253,0.442734738653414,0.2040911967994432,1,Saturn,Saturn,2.5313870471676845,0.5,25.0,0.0,59132.0,270.0,105.0
20260811_184731__rp0p5__vinf25__inc0__toff59132__Om90__om285,4.411268330811939,0.2958644083783508,0.4427347362500357,0.2040911957205591,1,Saturn,Saturn,2.531387046975671,0.5,25.0,0.0,59132.0,90.0,285.0
20260811_184731__rp0p5__vinf25__inc0__toff59132__Om0__om15,4.411268329547013,0.2958644080532651,0.4427347353251422,0.204091195319204,1,Saturn,Saturn,2.531387047019169,0.5,25.0,0.0,59132.0,0.0,15.0
20260811_184731__rp0p5__vinf25__incm30__toff59132__Om0__om120,4.40886508327549,0.3033598007529449,-0.0662051506744868,0.2766095034649994,1,Neptune,Neptune,3.0028046076185606,0.5,25.0,-30.0,59132.0,0.0,120.0
20260811_184731__rp0p5__vinf25__inc30__toff59132__Om180__om300,4.408865081459281,0.3033598004148287,-0.0662051504247257,0.2766095031655912,1,Neptune,Neptune,3.002804607638405,0.5,25.0,30.0,59132.0,180.0,300.0
20260811_184731__rp0p5__vinf25__inc0__toff59132__Om90__om15,4.406918040217223,0.30744523499682813,0.1404613862686815,0.3267391255095361,1,Neptune,Neptune,3.89498663587751,0.5,25.0,0.0,59132.0,90.0,15.0
20260811_184731__rp0p5__vinf25__inc0__toff59132__Om270__om195,4.406918038394572,0.3074452350369479,0.1404613859982239,0.3267391255801415,1,Neptune,Neptune,3.8949866358580536,0.5,25.0,0.0,59132.0,270.0,195.0
20260811_184731__rp0p5__vinf25__inc0__toff59132__Om180__om285,4.4069180372330905,0.3074452346792102,0.1404613883883462,0.3267391249515681,1,Neptune,Neptune,3.894986635869501,0.5,25.0,0.0,59132.0,180.0,285.0
20260811_184731__rp0p5__vinf25__inc0__toff59132__Om0__om105,4.406918034998489,0.30744523486454123,0.1404613871503176,0.3267391252771998,1,Neptune,Neptune,3.8949866358431313,0.5,25.0,0.0,59132.0,0.0,105.0
20260811_184731__rp0p5__vinf25__incm30__toff59132__Om90__om15,4.402890591466547,0.2768217579789017,0.0155488709129866,0.2932309266822797,2,"Jupiter,Neptune",Neptune,3.988874567932757,0.5,25.0,-30.0,59132.0,90.0,15.0
20260811_184731__rp0p5__vinf25__inc30__toff59132__Om270__om195,4.402890586802426,0.27682175798614717,0.0155488708992205,0.2932309266944538,2,"Jupiter,Neptune",Neptune,3.988874567926935,0.5,25.0,30.0,59132.0,270.0,195.0
20260811_184731__rp0p5__vinf25__inc60__toff59132__Om270__om285,4.399507820464101,0.3021481929096396,-0.1860372952518015,0.1423552481868562,2,"Saturn,Uranus",Saturn,4.556940118471122,0.5,25.0,60.0,59132.0,270.0,285.0
20260811_184731__rp0p5__vinf25__incm60__toff59132__Om90__om105,4.399507819845315,0.3021481927814081,-0.1860372951903102,0.1423552480494304,2,"Saturn,Uranus",Saturn,4.556940118453133,0.5,25.0,-60.0,59132.0,90.0,105.0
20260811_184731__rp1p5__vinf25__inc30__toff59132__Om270__om165,4.398427619914545,0.45538684070854246,-0.2595454635499686,0.3609010224721532,0,,Uranus,1.4065850355339422,1.5,25.0,30.0,59132.0,270.0,165.0
20260811_184731__rp0p25__vinf25__incm60__toff59132__Om180__om120,4.398074384267215,0.25165639539698254,-0.1375898831832929,0.1223905278354663,1,Uranus,Uranus,2.273872910147397,0.25,25.0,-60.0,59132.0,180.0,120.0
20260811_184731__rp0p25__vinf25__inc60__toff59132__Om0__om300,4.398074384082655,0.251656395273189,-0.1375898831547116,0.1223905276879405,1,Uranus,Uranus,2.2738729101480537,0.25,25.0,60.0,59132.0,0.0,300.0
20260811_184731__rp1p25__vinf25__incm30__toff59132__Om90__om345,4.3977981511238795,0.39616267290056584,-0.2002060341483768,0.3022696334264251,0,,Uranus,1.6884700067163678,1.25,25.0,-30.0,59132.0,90.0,345.0
20260811_184731__rp1p25__vinf25__inc30__toff59132__Om270__om165,4.397155852208257,0.39611714870483383,-0.200419114822514,0.3019107066845741,0,,Uranus,1.688449321155577,1.25,25.0,30.0,59132.0,270.0,165.0
20260811_184731__rp0p25__vinf25__incm30__toff59132__Om0__om60,4.396548964598309,0.419001057644726,1.0735183027877615,0.4553554042099167,0,,Saturn,1.5177443904534778,0.25,25.0,-30.0,59132.0,0.0,60.0
20260811_184731__rp0p25__vinf25__inc30__toff59132__Om180__om240,4.396548683041079,0.41900100132024887,1.0735181547586228,0.4553555098884802,0,,Saturn,1.5177443904523142,0.25,25.0,30.0,59132.0,180.0,240.0
20260811_184731__rp1p5__vinf25__incm30__toff59132__Om90__om345,4.395894012280532,0.4547582064587762,-0.2565827187431635,0.3634277112565047,0,,Uranus,1.4065680218629293,1.5,25.0,-30.0,59132.0,90.0,345.0
20260811_184731__rp0p75__vinf25__incm30__toff59132__Om270__om240,4.395568802766984,0.202122256368439,-0.0138937914105524,0.1838734975790201,1,Neptune,Neptune,3.632775151556764,0.75,25.0,-30.0,59132.0,270.0,240.0
20260811_184731__rp0p75__vinf25__inc30__toff59132__Om90__om60,4.3955687867848585,0.2021222531968056,-0.0138937866702957,0.1838734980216081,1,Neptune,Neptune,3.632775151563068,0.75,25.0,30.0,59132.0,90.0,60.0
20260811_184731__rp0p5__vinf25__inc60__toff59132__Om180__om15,4.389477547053547,0.3159354963552432,-0.142724159531927,0.2179294036467447,1,Neptune,Neptune,2.3573919645456396,0.5,25.0,60.0,59132.0,180.0,15.0
20260811_184731__rp0p5__vinf25__incm60__toff59132__Om0__om195,4.389477546057988,0.31593549615488337,-0.1427241592668106,0.217929403606423,1,Neptune,Neptune,2.3573919645452155,0.5,25.0,-60.0,59132.0,0.0,195.0
20260811_184731__rp0p75__vinf25__inc30__toff59132__Om0__om0,4.383974549209199,0.18380760780291888,0.2058397459760191,0.1032115948510295,2,"Mars,Saturn",Mars,5.07693688514328,0.75,25.0,30.0,59132.0,0.0,0.0
20260811_184731__rp0p75__vinf25__incm30__toff59132__Om180__om180,4.383974546791651,0.18380760735125912,0.2058397453804,0.1032115954577771,2,"Mars,Saturn",Mars,5.076936885177453,0.75,25.0,-30.0,59132.0,180.0,180.0
20260811_184731__rp0p75__vinf25__inc60__toff59132__Om0__om165,4.382297268578719,0.27471300261458764,-0.1434774813112256,0.1501757980543347,1,Neptune,Neptune,2.8999285011369693,0.75,25.0,60.0,59132.0,0.0,165.0
20260811_184731__rp0p75__vinf25__incm60__toff59132__Om180__om345,4.382297267776439,0.274713002457083,-0.1434774812568315,0.1501757978743704,1,Neptune,Neptune,2.899928501136506,0.75,25.0,-60.0,59132.0,180.0,345.0
20260811_184731__rp0p5__vinf25__inc0__toff59132__Om180__om75,4.379691503949039,0.3271530817368176,-0.1989342378580807,0.1692497722877652,1,Uranus,Uranus,3.3495028995094986,0.5,25.0,0.0,59132.0,180.0,75.0
20260811_184731__rp0p5__vinf25__inc0__toff59132__Om270__om345,4.379691503949039,0.3271530817368176,-0.1989342378580807,0.1692497722877652,1,Uranus,Uranus,3.3495028995094986,0.5,25.0,0.0,59132.0,270.0,345.0
20260811_184731__rp0p5__vinf25__inc0__toff59132__Om0__om255,4.379691500107584,0.3271530809412634,-0.1989342365908358,0.169249772507962,1,Uranus,Uranus,3.3495028995062293,0.5,25.0,0.0,59132.0,0.0,255.0
20260811_184731__rp0p5__vinf25__inc0__toff59132__Om90__om165,4.3796914955020245,0.327153080028842,-0.1989342351346591,0.1692497727641206,1,Uranus,Uranus,3.3495028995074887,0.5,25.0,0.0,59132.0,90.0,165.0
20260811_184731__rp0p25__vinf25__inc30__toff59132__Om180__om150,4.37731968778089,0.18217518698475207,0.1452202498443499,0.169425178913961,0,,Neptune,2.6192495381961214,0.25,25.0,30.0,59132.0,180.0,150.0
20260811_184731__rp0p25__vinf25__incm30__toff59132__Om0__om330,4.37731859317709,0.1821764559285471,0.1452224798528264,0.1694266185666545,0,,Neptune,2.619249521661564,0.25,25.0,-30.0,59132.0,0.0,330.0
20260811_184731__rp0p5__vinf25__incm60__toff59132__Om270__om195,4.371689579661133,0.30737093972588775,0.3709219468654464,0.3293405571562315,1,Neptune,Neptune,3.5308597824747565,0.5,25.0,-60.0,59132.0,270.0,195.0
20260811_184731__rp0p5__vinf25__inc60__toff59132__Om90__om15,4.371689578484386,0.30737093948330446,0.3709219456710665,0.3293405567734686,1,Neptune,Neptune,3.530859782474145,0.5,25.0,60.0,59132.0,90.0,15.0
20260811_184731__rp1__vinf25__inc90__toff59132__Om270__om165,4.371660033816151,0.3234847600529113,-0.070401096297468,0.3053589466936433,1,Neptune,Neptune,2.425362331099927,1.0,25.0,90.0,59132.0,270.0,165.0
20260811_184731__rp1__vinf25__incm90__toff59132__Om90__om345,4.371660033654043,0.32348476001516646,-0.070401096660162,0.3053589462893292,1,Neptune,Neptune,2.425362331091706,1.0,25.0,-90.0,59132.0,90.0,345.0
20260811_184731__rp0p5__vinf25__incm60__toff59132__Om180__om60,4.36692697881997,0.34424666678047044,-0.2108913405909928,0.184986692372451,1,Uranus,Uranus,3.4583428313691584,0.5,25.0,-60.0,59132.0,180.0,60.0
20260811_184731__rp0p5__vinf25__inc60__toff59132__Om0__om240,4.366926978102768,0.3442466666436524,-0.2108913403729065,0.1849866924046069,1,Uranus,Uranus,3.4583428313690647,0.5,25.0,60.0,59132.0,0.0,240.0
20260811_184731__rp0p25__vinf25__inc90__toff59132__Om180__om45,4.366559698875956,0.3107292495353401,-0.0902475479591279,0.2650708853787459,1,Neptune,Neptune,2.7065870787207778,0.25,25.0,90.0,59132.0,180.0,45.0
20260811_184731__rp0p25__vinf25__incm90__toff59132__Om0__om225,4.36655968489821,0.31072924673579316,-0.0902475419302598,0.2650708868248739,1,Neptune,Neptune,2.7065870787204336,0.25,25.0,-90.0,59132.0,0.0,225.0
20260811_184731__rp0p25__vinf25__inc60__toff59132__Om0__om90,4.3610243012012955,0.33415619085336773,0.6273892388704537,0.3643819735220999,1,Neptune,Neptune,3.2908049288197403,0.25,25.0,60.0,59132.0,0.0,90.0
20260811_184731__rp0p25__vinf25__incm60__toff59132__Om180__om270,4.361024300921571,0.334156190730101,0.6273892383345437,0.3643819733230793,1,Neptune,Neptune,3.2908049288191794,0.25,25.0,-60.0,59132.0,180.0,270.0
20260811_184731__rp1p25__vinf25__inc0__toff59132__Om90__om345,4.360449527375423,0.4013475275955006,-0.2713137423309022,0.2162668300494168,0,,Uranus,1.6790248504855734,1.25,25.0,0.0,59132.0,90.0,345.0
20260811_184731__rp1p25__vinf25__inc0__toff59132__Om180__om255,4.360449527375423,0.4013475275955006,-0.2713137423309022,0.2162668300494168,0,,Uranus,1.6790248504855734,1.25,25.0,0.0,59132.0,180.0,255.0
20260811_184731__rp1p25__vinf25__inc0__toff59132__Om0__om75,4.360449527375423,0.4013475275955006,-0.2713137423309022,0.2162668300494168,0,,Uranus,1.6790248504855734,1.25,25.0,0.0,59132.0,0.0,75.0
20260811_184731__rp1p25__vinf25__inc0__toff59132__Om270__om165,4.359852188465715,0.4012189637362707,-0.2709777376515724,0.2164900351770199,0,,Uranus,1.6789999516370953,1.25,25.0,0.0,59132.0,270.0,165.0
20260811_184731__rp0p75__vinf25__inc30__toff59132__Om0__om180,4.357727498661779,0.2961966549831246,-0.1819004589641517,0.1376841149703852,1,Neptune,Neptune,2.775747978306559,0.75,25.0,30.0,59132.0,0.0,180.0
20260811_184731__rp0p75__vinf25__incm30__toff59132__Om180__om0,4.357727496849751,0.2961966546311305,-0.1819004587735836,0.1376841146288538,1,Neptune,Neptune,2.7757479783062644,0.75,25.0,-30.0,59132.0,180.0,0.0
20260811_184731__rp0p75__vinf25__inc30__toff59132__Om270__om180,4.352912803944783,0.39022345764285715,0.3737847762029146,0.448568963961244,0,,Uranus,1.7481690593867487,0.75,25.0,30.0,59132.0,270.0,180.0
20260811_184731__rp0p75__vinf25__incm30__toff59132__Om90__om0,4.352681655083622,0.39022112752879523,0.3737821090050596,0.4485652701684149,0,,Uranus,1.7481707822648844,0.75,25.0,-30.0,59132.0,90.0,0.0
20260811_184731__rp0p75__vinf25__inc60__toff59132__Om0__om120,4.351435591680463,0.3452766857468544,-0.0513948822927841,0.359709845771871,1,Neptune,Neptune,3.147210115494365,0.75,25.0,60.0,59132.0,0.0,120.0
20260811_184731__rp0p75__vinf25__incm60__toff59132__Om180__om300,4.351435276645382,0.34527662267554937,-0.0513948200281406,0.3597097912726019,1,Neptune,Neptune,3.147210115546655,0.75,25.0,-60.0,59132.0,180.0,300.0
20260811_184731__rp0p75__vinf25__inc60__toff59132__Om0__om180,4.346373150033312,0.3023735212018297,-0.1710268933492215,0.1616024835012212,1,Neptune,Neptune,2.578377138108688,0.75,25.0,60.0,59132.0,0.0,180.0
20260811_184731__rp0p75__vinf25__incm60__toff59132__Om180__om0,4.3463731492172375,0.30237352104804666,-0.1710268932766394,0.1616024833332746,1,Neptune,Neptune,2.578377138106426,0.75,25.0,-60.0,59132.0,180.0,0.0
20260811_184731__rp1p25__vinf25__inc0__toff59132__Om180__om300,4.342870209001777,0.4279528633104608,1.1482075797306956,0.4725334262098378,1,Neptune,Neptune,2.725675765949284,1.25,25.0,0.0,59132.0,180.0,300.0
20260811_184731__rp1p25__vinf25__inc0__toff59132__Om90__om30,4.342870208933979,0.4279528632941068,1.1482075796153612,0.4725334261953191,1,Neptune,Neptune,2.725675765950415,1.25,25.0,0.0,59132.0,90.0,30.0
20260811_184731__rp1p25__vinf25__inc0__toff59132__Om270__om210,4.342870208255984,0.4279528631703367,1.1482075787487194,0.4725334260893645,1,Neptune,Neptune,2.7256757659469852,1.25,25.0,0.0,59132.0,270.0,210.0
20260811_184731__rp1p25__vinf25__inc0__toff59132__Om0__om120,4.342870192778189,0.42795286008444006,1.1482075570113737,0.472533423365808,1,Neptune,Neptune,2.725675765949675,1.25,25.0,0.0,59132.0,0.0,120.0
20260811_184731__rp0p25__vinf25__incm60__toff59132__Om90__om165,4.340388602946547,0.33025356398593525,-0.1858192135045793,0.1916000479837685,1,Uranus,Uranus,3.090349224083815,0.25,25.0,-60.0,59132.0,90.0,165.0
20260811_184731__rp0p25__vinf25__inc60__toff59132__Om270__om345,4.340388601303047,0.33025356366245295,-0.1858192130752809,0.1916000479403754,1,Uranus,Uranus,3.0903492240817276,0.25,25.0,60.0,59132.0,270.0,345.0
20260811_184731__rp0p75__vinf25__incm60__toff59132__Om90__om0,4.335228572683535,0.31428478356057016,0.1461581102377481,0.3364329920471243,1,Neptune,Neptune,3.1104453472743074,0.75,25.0,-60.0,59132.0,90.0,0.0
20260811_184731__rp0p75__vinf25__inc60__toff59132__Om270__om180,4.335228559790901,0.31428478101776247,0.14615811489224,0.3364329880992652,1,Neptune,Neptune,3.1104453472746725,0.75,25.0,60.0,59132.0,270.0,180.0
20260811_184731__rp0p75__vinf25__inc0__toff59132__Om0__om300,4.3345563065278485,0.27358401332377197,-0.0981306299540467,0.1987099904884189,0,,Jupiter,2.7891207312704775,0.75,25.0,0.0,59132.0,0.0,300.0
20260811_184731__rp0p75__vinf25__inc0__toff59132__Om90__om210,4.3345563065278485,0.27358401332377197,-0.0981306299540467,0.1987099904884189,0,,Jupiter,2.7891207312704775,0.75,25.0,0.0,59132.0,90.0,210.0
20260811_184731__rp0p5__vinf25__inc60__toff59132__Om180__om345,4.334256377379196,0.30397951003024953,-0.1209685289553789,0.2220885392224706,1,Neptune,Neptune,2.4822596460437185,0.5,25.0,60.0,59132.0,180.0,345.0
20260811_184731__rp0p5__vinf25__incm60__toff59132__Om0__om165,4.334256376421301,0.30397950983612565,-0.1209685288244684,0.222088539046812,1,Neptune,Neptune,2.482259646042982,0.5,25.0,-60.0,59132.0,0.0,165.0
20260811_184731__rp0p25__vinf25__incm90__toff59132__Om180__om300,4.332697671759661,0.26867064411869734,-0.0726545624491874,0.2173708407837682,1,Neptune,Neptune,2.893852376041363,0.25,25.0,-90.0,59132.0,180.0,300.0
20260811_184731__rp0p25__vinf25__inc90__toff59132__Om0__om120,4.332697667038997,0.26867064318705564,-0.0726545611257307,0.2173708407262487,1,Neptune,Neptune,2.89385237603803,0.25,25.0,90.0,59132.0,0.0,120.0
20260811_184731__rp0p5__vinf25__incm30__toff59132__Om180__om180,4.331790034920775,0.20837815705894658,0.2472895714977517,0.1222489706812551,1,Saturn,Saturn,3.9515026627368472,0.5,25.0,-30.0,59132.0,180.0,180.0
20260811_184731__rp0p5__vinf25__inc30__toff59132__Om0__om0,4.331790034910128,0.208378157089764,0.2472895715615025,0.1222489707590684,1,Saturn,Saturn,3.951502662715768,0.5,25.0,30.0,59132.0,0.0,0.0
20260811_184731__rp0p25__vinf25__inc90__toff59132__Om0__om345,4.331367665373576,0.16911736191638904,0.1888942943534738,0.1408223727841948,1,Saturn,Mercury,2.19765837868121,0.25,25.0,90.0,59132.0,0.0,345.0
20260811_184731__rp0p25__vinf25__incm90__toff59132__Om180__om165,4.3313676652224675,0.16911736184086518,0.1888942942553545,0.1408223728853955,1,Saturn,Mercury,2.1976583802129097,0.25,25.0,-90.0,59132.0,180.0,165.0
20260811_184731__rp0p5__vinf25__inc30__toff59132__Om270__om255,4.330246151623999,0.23369855751970875,0.1018506881590733,0.2291154544179864,1,Neptune,Neptune,2.9310263091603206,0.5,25.0,30.0,59132.0,270.0,255.0
20260811_184731__rp0p5__vinf25__incm30__toff59132__Om90__om75,4.330246138804282,0.2336985549483487,0.1018507239671521,0.2291154502723054,1,Neptune,Neptune,2.9310263091613677,0.5,25.0,-30.0,59132.0,90.0,75.0
20260811_184731__rp0p25__vinf25__incm90__toff59132__Om270__om165,4.33009534021643,0.2924381151847698,0.4783218207981755,0.317890283538965,1,Neptune,Neptune,2.8978975209628666,0.25,25.0,-90.0,59132.0,270.0,165.0
20260811_184731__rp0p25__vinf25__inc90__toff59132__Om90__om345,4.330095333310134,0.2924381137894947,0.4783218183089855,0.3178902864590804,1,Neptune,Neptune,2.897897520961507,0.25,25.0,90.0,59132.0,90.0,345.0
20260811_184731__rp0p25__vinf25__inc30__toff59132__Om90__om225,4.329533514370328,0.2335227396646014,-0.1155441904989612,0.1218844847299656,1,Uranus,Neptune,2.590929900092428,0.25,25.0,30.0,59132.0,90.0,225.0
20260811_184731__rp0p25__vinf25__incm30__toff59132__Om270__om45,4.329220093169973,0.2335225857485657,-0.1155438427615234,0.1218846624438997,1,Uranus,Neptune,2.590928655803075,0.25,25.0,-30.0,59132.0,270.0,45.0
20260811_184731__rp0p25__vinf25__incm60__toff59132__Om0__om15,4.327030529088876,0.23389926349065007,0.3008452262111633,0.1680953210642145,1,Saturn,Saturn,2.5156896452814905,0.25,25.0,-60.0,59132.0,0.0,15.0
20260811_184731__rp0p25__vinf25__inc60__toff59132__Om180__om195,4.327030527213012,0.2338992631622127,0.3008452256171933,0.1680953211607882,1,Saturn,Saturn,2.515689645318566,0.25,25.0,60.0,59132.0,180.0,195.0
20260811_184731__rp0p75__vinf25__inc90__toff59132__Om270__om180,4.325631568073485,0.31472292147976233,0.1568473336140886,0.3366032661993947,1,Neptune,Neptune,2.7738567555725018,0.75,25.0,90.0,59132.0,270.0,180.0
20260811_184731__rp0p75__vinf25__incm90__toff59132__Om90__om0,4.32563153065183,0.31472291400562163,0.1568473418220172,0.3366032549514086,1,Neptune,Neptune,2.7738567555722833,0.75,25.0,-90.0,59132.0,90.0,0.0
20260811_184731__rp0p5__vinf25__incm90__toff59132__Om0__om0,4.322258178715277,0.25925893327200095,0.365782504185954,0.224486095442735,0,,Neptune,2.5771890686316903,0.5,25.0,-90.0,59132.0,0.0,0.0
20260811_184731__rp0p5__vinf25__inc90__toff59132__Om180__om180,4.322258174791764,0.25925893249921617,0.3657825024582647,0.2244860952225125,0,,Neptune,2.577189068630526,0.5,25.0,90.0,59132.0,180.0,180.0
20260811_184731__rp0p75__vinf25__incm60__toff59132__Om270__om195,4.322187445432656,0.29543983745120184,0.1462235001335227,0.309396314454251,1,Neptune,Neptune,3.0319281640150644,0.75,25.0,-60.0,59132.0,270.0,195.0
20260811_184731__rp0p75__vinf25__inc60__toff59132__Om90__om15,4.322187445432656,0.29543983745120184,0.1462235001335227,0.309396314454251,1,Neptune,Neptune,3.0319281640150644,0.75,25.0,60.0,59132.0,90.0,15.0
20260811_184731__rp1__vinf25__inc0__toff59132__Om0__om120,4.319252049312659,0.31124015597150606,0.1735824790368346,0.3309806743528616,1,Neptune,Neptune,3.1706812600381484,1.0,25.0,0.0,59132.0,0.0,120.0
20260811_184731__rp1__vinf25__inc0__toff59132__Om180__om300,4.319252046692448,0.3112401554746113,0.1735824777386335,0.3309806736754244,1,Neptune,Neptune,3.170681260041887,1.0,25.0,0.0,59132.0,180.0,300.0
20260811_184731__rp1__vinf25__inc0__toff59132__Om270__om210,4.319252040889526,0.3112401541370451,0.1735824742700881,0.330980671851128,1,Neptune,Neptune,3.1706812600226755,1.0,25.0,0.0,59132.0,270.0,210.0
20260811_184731__rp1__vinf25__inc0__toff59132__Om90__om30,4.319252037051752,0.3112401534995505,0.1735824726255205,0.3309806709814115,1,Neptune,Neptune,3.1706812600373784,1.0,25.0,0.0,59132.0,90.0,30.0
20260811_184731__rp1p5__vinf25__inc30__toff59132__Om90__om45,4.313678303356143,0.4015708597293597,0.9942324447619544,0.4630694073231822,1,Neptune,Neptune,2.5844404171286106,1.5,25.0,30.0,59132.0,90.0,45.0
20260811_184731__rp1p5__vinf25__incm30__toff59132__Om270__om225,4.313678301440017,0.4015708593529699,0.9942324436179536,0.4630694078957855,1,Neptune,Neptune,2.5844404171294184,1.5,25.0,-30.0,59132.0,270.0,225.0
20260811_184731__rp0p25__vinf25__inc30__toff59132__Om180__om255,4.311723970105795,0.40760843625103205,0.991128223688176,0.4370737499787224,0,,Neptune,1.885720907994943,0.25,25.0,30.0,59132.0,180.0,255.0
20260811_184731__rp0p25__vinf25__incm30__toff59132__Om0__om75,4.31172396802663,0.4076084357897405,0.9911282219418116,0.4370737503939024,0,,Neptune,1.885720908005653,0.25,25.0,-30.0,59132.0,0.0,75.0
20260811_184731__rp0p75__vinf25__inc0__toff59132__Om90__om105,4.309160649398751,0.32852963449111855,-0.1990690961756233,0.1715550444937242,1,Neptune,Neptune,2.239623709371083,0.75,25.0,0.0,59132.0,90.0,105.0
20260811_184731__rp0p75__vinf25__inc0__toff59132__Om0__om195,4.309160649398751,0.32852963449111855,-0.1990690961756233,0.1715550444937242,1,Neptune,Neptune,2.239623709371083,0.75,25.0,0.0,59132.0,0.0,195.0
20260811_184731__rp0p75__vinf25__inc0__toff59132__Om270__om285,4.309160648274071,0.32852963420578374,-0.1990690956269862,0.1715550446932217,1,Neptune,Neptune,2.2396237093677414,0.75,25.0,0.0,59132.0,270.0,285.0
20260811_184731__rp0p75__vinf25__inc0__toff59132__Om180__om15,4.309160646018072,0.3285296338334434,-0.1990690949232636,0.1715550449376509,1,Neptune,Neptune,2.2396237093709854,0.75,25.0,0.0,59132.0,180.0,15.0
20260811_184731__rp0p75__vinf25__inc90__toff59132__Om90__om45,4.309147327832463,0.3115782618661626,0.1589203779908258,0.3319494289596005,1,Neptune,Neptune,2.8172792277396255,0.75,25.0,90.0,59132.0,90.0,45.0
20260811_184731__rp0p75__vinf25__incm90__toff59132__Om270__om225,4.309147327316502,0.31157826176390324,0.1589203780995364,0.3319494288074452,1,Neptune,Neptune,2.817279227739233,0.75,25.0,-90.0,59132.0,270.0,225.0
20260811_184731__rp1__vinf25__inc90__toff59132__Om90__om30,4.3085130158728,0.3154466588688529,-0.063455378067055,0.2986283603182174,1,Neptune,Neptune,2.448351122013338,1.0,25.0,90.0,59132.0,90.0,30.0
20260811_184731__rp1__vinf25__incm90__toff59132__Om270__om210,4.308512836336108,0.31544662295925396,-0.0634553475994043,0.298628330244015,1,Neptune,Neptune,2.4483511220148513,1.0,25.0,-90.0,59132.0,270.0,210.0
20260811_184731__rp0p75__vinf25__incm30__toff59132__Om180__om15,4.30238564948295,0.3330611601668274,-0.2048379421383683,0.1722310093717613,1,Neptune,Neptune,2.265926126320278,0.75,25.0,-30.0,59132.0,180.0,15.0
20260811_184731__rp0p75__vinf25__inc30__toff59132__Om0__om195,4.3023856490465775,0.33306116007912673,-0.2048379416753963,0.1722310098218084,1,Neptune,Neptune,2.2659261263201413,0.75,25.0,30.0,59132.0,0.0,195.0
20260811_184731__rp0p5__vinf25__incm30__toff59132__Om90__om135,4.2962281522223815,0.356226419050321,-0.2203194054767404,0.1952916646868399,1,Uranus,Uranus,2.5980359955742527,0.5,25.0,-30.0,59132.0,90.0,135.0
20260811_184731__rp0p5__vinf25__inc30__toff59132__Om270__om315,4.296228151966415,0.3562264189804787,-0.2203194054017088,0.1952916646523171,1,Uranus,Uranus,2.598035995575428,0.5,25.0,30.0,59132.0,270.0,315.0
20260811_184731__rp0p75__vinf25__inc30__toff59132__Om270__om270,4.295802597839491,0.3036686664414304,-0.1838289161974878,0.1477447430789849,1,Neptune,Saturn,2.477563652096844,0.75,25.0,30.0,59132.0,270.0,270.0
20260811_184731__rp0p75__vinf25__incm30__toff59132__Om90__om90,4.295802597703009,0.30366866641041235,-0.1838289161258816,0.1477447431177343,1,Neptune,Saturn,2.47756365209751,0.75,25.0,-30.0,59132.0,90.0,90.0
20260811_184731__rp0p25__vinf25__inc60__toff59132__Om270__om210,4.295390794243927,0.27801577154753304,-0.1100108564091127,0.1928238647501111,1,Neptune,Neptune,3.548107518850169,0.25,25.0,60.0,59132.0,270.0,210.0
20260811_184731__rp0p25__vinf25__incm60__toff59132__Om90__om30,4.29539079090859,0.2780157711344073,-0.1100108555527746,0.1928238650385322,1,Neptune,Neptune,3.5481075188490765,0.25,25.0,-60.0,59132.0,90.0,30.0
20260811_184731__rp0p5__vinf25__incm90__toff59132__Om0__om15,4.293322728027577,0.2522587104416254,0.3503114623616788,0.2223500837308944,0,,Neptune,2.5522241026074783,0.5,25.0,-90.0,59132.0,0.0,15.0
20260811_184731__rp0p5__vinf25__inc90__toff59132__Om180__om195,4.2933227277944,0.25225871039831604,0.3503114622683064,0.2223500837213985,0,,Neptune,2.552224102607463,0.5,25.0,90.0,59132.0,180.0,195.0
20260811_184731__rp0p75__vinf25__incm30__toff59132__Om180__om105,4.28871073205361,0.249226066929146,-0.1284348992137122,0.1294786342655329,2,"Mars,Uranus",Mars,3.842364598524782,0.75,25.0,-30.0,59132.0,180.0,105.0
20260811_184731__rp0p75__vinf25__inc30__toff59132__Om0__om285,4.288710731278934,0.2492260667869661,-0.1284348994609323,0.1294786337758787,2,"Mars,Uranus",Mars,3.842364598590601,0.75,25.0,30.0,59132.0,0.0,285.0
20260811_184731__rp0p25__vinf25__incm60__toff59132__Om270__om300,4.287352935758524,0.2686928799468917,-0.1791059396839139,0.0970606339218279,1,Uranus,Uranus,2.189272328915922,0.25,25.0,-60.0,59132.0,270.0,300.0
20260811_184731__rp0p25__vinf25__inc60__toff59132__Om90__om120,4.287352775761731,0.26869284793144804,-0.1791059202436437,0.0970606091690056,1,Uranus,Uranus,2.1892723289045253,0.25,25.0,60.0,59132.0,90.0,120.0
20260811_184731__rp0p25__vinf25__incm60__toff59132__Om270__om30,4.279755068321294,0.2700415432412855,-0.1416235873281095,0.1451608556151996,1,Uranus,Uranus,2.8626807016823115,0.25,25.0,-60.0,59132.0,270.0,30.0
20260811_184731__rp0p25__vinf25__inc60__toff59132__Om90__om210,4.279755047277074,0.2700415433522909,-0.1416235875614983,0.1451608555119449,1,Uranus,Uranus,2.8626807016801155,0.25,25.0,60.0,59132.0,90.0,210.0
20260811_184731__rp0p75__vinf25__incm30__toff59132__Om180__om195,4.275985489956037,0.2693657148455223,0.3745895272967959,0.1789998500254616,1,Saturn,Saturn,2.665706049418149,0.75,25.0,-30.0,59132.0,180.0,195.0
20260811_184731__rp0p75__vinf25__inc30__toff59132__Om0__om15,4.275985486114208,0.2693657140615552,0.3745895259119972,0.1789998510637538,1,Saturn,Saturn,2.665706049367074,0.75,25.0,30.0,59132.0,0.0,15.0
20260811_184731__rp0p5__vinf25__incm90__toff59132__Om180__om180,4.275684753377039,0.23376489104975937,0.2962203524457932,0.147445035386684,0,,Neptune,2.445382991402012,0.5,25.0,-90.0,59132.0,180.0,180.0
20260811_184731__rp0p5__vinf25__inc90__toff59132__Om0__om0,4.275684752620222,0.23376489092900873,0.2962203522281098,0.1474450354074419,0,,Neptune,2.4453829914092906,0.5,25.0,90.0,59132.0,0.0,0.0
20260811_184731__rp1__vinf25__incm60__toff59132__Om180__om285,4.269498730486914,0.38864847021694665,0.4015620061749515,0.4463957234626352,1,Neptune,Neptune,2.427498756366361,1.0,25.0,-60.0,59132.0,180.0,285.0
20260811_184731__rp1__vinf25__inc60__toff59132__Om0__om105,4.2694987298923035,0.3886484701141819,0.4015620064980981,0.4463957233077811,1,Neptune,Neptune,2.4274987563673016,1.0,25.0,60.0,59132.0,0.0,105.0
20260811_184731__rp0p75__vinf25__inc0__toff59132__Om180__om120,4.26249209468669,0.2668354276668741,-0.0952906557506111,0.1916064523386961,0,,Jupiter,2.7892291153318682,0.75,25.0,0.0,59132.0,180.0,120.0
20260811_184731__rp0p5__vinf25__incm30__toff59132__Om180__om105,4.2621453892668395,0.287140307554929,-0.1624162226184593,0.1471577861250237,1,Uranus,Uranus,2.565001033566943,0.5,25.0,-30.0,59132.0,180.0,105.0
20260811_184731__rp0p5__vinf25__inc30__toff59132__Om0__om285,4.262145327202417,0.2871403076090217,-0.1624162227913904,0.1471577860013398,1,Uranus,Uranus,2.565001033572244,0.5,25.0,30.0,59132.0,0.0,285.0
20260811_184731__rp1p25__vinf25__inc0__toff59132__Om270__om180,4.260130856183181,0.3723602789446218,0.3866450058553835,0.4211924857408705,1,Venus,Venus,2.5041395052756408,1.25,25.0,0.0,59132.0,270.0,180.0
20260811_184731__rp1p25__vinf25__inc0__toff59132__Om180__om270,4.260130856183181,0.3723602789446218,0.3866450058553835,0.4211924857408705,1,Venus,Venus,2.5041395052756408,1.25,25.0,0.0,59132.0,180.0,270.0
20260811_184731__rp1p25__vinf25__inc0__toff59132__Om90__om0,4.260130852087699,0.37236027813098044,0.3866450055593932,0.4211924845085794,1,Venus,Venus,2.5041395052938014,1.25,25.0,0.0,59132.0,90.0,0.0
20260811_184731__rp1p25__vinf25__inc0__toff59132__Om0__om90,4.260130852087699,0.37236027813098044,0.3866450055593932,0.4211924845085794,1,Venus,Venus,2.5041395052938014,1.25,25.0,0.0,59132.0,0.0,90.0
20260811_184731__rp0p25__vinf25__inc30__toff59132__Om180__om135,4.258105525139657,0.24545951402814195,-0.1585934856510608,0.0880020630068898,0,,Neptune,2.276863165234014,0.25,25.0,30.0,59132.0,180.0,135.0
20260811_184731__rp0p25__vinf25__incm30__toff59132__Om0__om315,4.258101080642312,0.24545849408253087,-0.158590467591662,0.0880043212167551,0,,Neptune,2.276863161292341,0.25,25.0,-30.0,59132.0,0.0,315.0
20260811_184731__rp0p5__vinf25__inc60__toff59132__Om180__om30,4.25791323591036,0.3100854683652848,-0.1446154358839276,0.205890443422424,1,Neptune,Neptune,2.150535835843767,0.5,25.0,60.0,59132.0,180.0,30.0
20260811_184731__rp0p5__vinf25__incm60__toff59132__Om0__om210,4.257913235319876,0.31008546824731026,-0.1446154354665799,0.2058904437016763,1,Neptune,Neptune,2.1505358358441278,0.5,25.0,-60.0,59132.0,0.0,210.0
20260811_184731__rp0p75__vinf25__inc0__toff59132__Om270__om30,4.2557526353853214,0.26909988220397696,-0.0957736809454646,0.1944633956122605,0,,Jupiter,2.7887368734305573,0.75,25.0,0.0,59132.0,270.0,30.0
20260811_184731__rp0p5__vinf25__inc30__toff59132__Om0__om300,4.252382070083369,0.2577892020430478,-0.1178005569809073,0.1539779416872724,1,Uranus,Neptune,2.3763490329370733,0.5,25.0,30.0,59132.0,0.0,300.0
20260811_184731__rp0p5__vinf25__incm30__toff59132__Om180__om120,4.252379377385941,0.25778847661223364,-0.1178009916048389,0.1539763935555869,1,Uranus,Neptune,2.376349027961873,0.5,25.0,-30.0,59132.0,180.0,120.0
20260811_184731__rp1p5__vinf25__inc60__toff59132__Om90__om30,4.247339335945587,0.4143743958461862,0.0472370792477933,0.5177420790586139,1,Neptune,Neptune,2.240734390449844,1.5,25.0,60.0,59132.0,90.0,30.0
20260811_184731__rp0p25__vinf25__inc90__toff59132__Om90__om60,4.2454624155042575,0.2679799751377827,0.1855962634413334,0.271825783431294,1,Neptune,Neptune,3.3438452425398135,0.25,25.0,90.0,59132.0,90.0,60.0
20260811_184731__rp0p25__vinf25__incm90__toff59132__Om270__om240,4.245462413191102,0.26797997463049217,0.1855962593223322,0.2718257827522455,1,Neptune,Neptune,3.3438452425421206,0.25,25.0,-90.0,59132.0,270.0,240.0
20260811_184731__rp0p5__vinf25__inc30__toff59132__Om180__om180,4.244636681183398,0.22347806115180205,0.2744670601557294,0.130794988306119,0,,Neptune,2.331822618191939,0.5,25.0,30.0,59132.0,180.0,180.0
20260811_184731__rp0p5__vinf25__incm30__toff59132__Om0__om0,4.244636677845458,0.2234780605226337,0.2744670589276184,0.1307949876318232,0,,Neptune,2.331822618195407,0.5,25.0,-30.0,59132.0,0.0,0.0
20260811_184731__rp1p5__vinf25__incm60__toff59132__Om270__om210,4.24402428091506,0.41369179429140157,0.0444135475434824,0.5170191357941654,1,Neptune,Neptune,2.240769803263607,1.5,25.0,-60.0,59132.0,270.0,210.0
20260811_184731__rp0p5__vinf25__inc0__toff59132__Om180__om120,4.242534662146236,0.28610523019588197,-0.1581824487443003,0.1506288167728808,1,Uranus,Neptune,2.3001684673752587,0.5,25.0,0.0,59132.0,180.0,120.0
20260811_184731__rp0p5__vinf25__inc0__toff59132__Om90__om210,4.242529976300657,0.2861043296909427,-0.1581813741393662,0.1506286711439693,1,Uranus,Neptune,2.300168467776517,0.5,25.0,0.0,59132.0,90.0,210.0
20260811_184731__rp0p5__vinf25__inc0__toff59132__Om0__om300,4.242529976300657,0.2861043296909427,-0.1581813741393662,0.1506286711439693,1,Uranus,Neptune,2.300168467776517,0.5,25.0,0.0,59132.0,0.0,300.0
20260811_184731__rp0p5__vinf25__inc0__toff59132__Om270__om30,4.242523368176336,0.2861030583125775,-0.1581798407900005,0.1506284850378721,1,Uranus,Neptune,2.3001684683288657,0.5,25.0,0.0,59132.0,270.0,30.0
20260811_184731__rp0p5__vinf25__incm90__toff59132__Om180__om195,4.242157733387684,0.2673063485138254,0.3688826541134534,0.174266493783385,1,Saturn,Saturn,2.1553169313301948,0.5,25.0,-90.0,59132.0,180.0,195.0
20260811_184731__rp0p5__vinf25__inc90__toff59132__Om0__om15,4.242157732906596,0.26730634856146357,0.3688826541970299,0.1742664937210543,1,Saturn,Saturn,2.1553169313415745,0.5,25.0,90.0,59132.0,0.0,15.0
20260811_184731__rp0p5__vinf25__inc30__toff59132__Om90__om180,4.240874098420788,0.29593202361887655,-0.1774957708846596,0.1428240769756456,1,Uranus,Uranus,2.730425284930619,0.5,25.0,30.0,59132.0,90.0,180.0
20260811_184731__rp0p5__vinf25__incm30__toff59132__Om270__om0,4.240874090170039,0.29593202221051784,-0.177495769958099,0.1428240758117739,1,Uranus,Uranus,2.730425284930722,0.5,25.0,-30.0,59132.0,270.0,0.0
20260811_184731__rp0p5__vinf25__inc90__toff59132__Om0__om225,4.23882540123409,0.3285346847911668,-0.1817063830042852,0.1936520950547279,1,Uranus,Uranus,2.243188087810677,0.5,25.0,90.0,59132.0,0.0,225.0
20260811_184731__rp0p5__vinf25__incm90__toff59132__Om180__om45,4.2388254009165,0.3285346847244805,-0.181706382984087,0.1936520949605871,1,Uranus,Uranus,2.2431880878119275,0.5,25.0,-90.0,59132.0,180.0,45.0
20260811_184731__rp0p75__vinf25__inc90__toff59132__Om90__om75,4.237579878206111,0.3772396544712968,0.5193260818961917,0.4332281443135042,1,Neptune,Neptune,2.3100467238203546,0.75,25.0,90.0,59132.0,90.0,75.0
20260811_184731__rp0p75__vinf25__incm90__toff59132__Om270__om255,4.237579668356954,0.37723961253690835,0.5193270120296064,0.4332281296607828,1,Neptune,Neptune,2.310046723816782,0.75,25.0,-90.0,59132.0,270.0,255.0
20260811_184731__rp0p5__vinf25__inc60__toff59132__Om270__om210,4.23546658146181,0.32331626220715376,-0.1206272763725843,0.2547839988542572,1,Neptune,Neptune,3.286629431177649,0.5,25.0,60.0,59132.0,270.0,210.0
20260811_184731__rp0p5__vinf25__incm60__toff59132__Om90__om30,4.235466578447742,0.3233162615848915,-0.1206272761413437,0.2547839980368669,1,Neptune,Neptune,3.2866294311729143,0.5,25.0,-60.0,59132.0,90.0,30.0
20260811_184731__rp0p25__vinf25__incm90__toff59132__Om90__om300,4.226477254461249,0.2958705084181352,0.4897689432572462,0.3228363972606212,1,Neptune,Neptune,2.9510645687852284,0.25,25.0,-90.0,59132.0,90.0,300.0
20260811_184731__rp0p25__vinf25__inc90__toff59132__Om270__om120,4.226477254412714,0.29587050840445234,0.4897689432252788,0.3228363972728121,1,Neptune,Neptune,2.951064568786146,0.25,25.0,90.0,59132.0,270.0,120.0
20260811_184731__rp0p5__vinf25__inc60__toff59132__Om0__om0,4.224931401291264,0.219489482414386,0.267145129365581,0.1286632834017131,1,Saturn,Saturn,2.2713447024232143,0.5,25.0,60.0,59132.0,0.0,0.0
20260811_184731__rp0p5__vinf25__incm60__toff59132__Om180__om180,4.224931399657324,0.21948948208880073,0.2671451287087286,0.128663282875895,1,Saturn,Saturn,2.271344702419307,0.5,25.0,-60.0,59132.0,180.0,180.0
20260811_184731__rp0p5__vinf25__inc90__toff59132__Om90__om60,4.221280515029973,0.2808692196677216,0.1312042344507485,0.2897368559314375,1,Neptune,Neptune,3.029089741797788,0.5,25.0,90.0,59132.0,90.0,60.0
20260811_184731__rp0p5__vinf25__incm90__toff59132__Om270__om240,4.221280502537345,0.28086921716194896,0.1312042213791827,0.2897368529651575,1,Neptune,Neptune,3.0290897417964953,0.5,25.0,-90.0,59132.0,270.0,240.0
20260811_184731__rp0p75__vinf25__inc0__toff59132__Om180__om345,4.21633422063803,0.2372872557457299,-0.1276729952763065,0.1133174815509661,1,Neptune,Neptune,3.122954167837011,0.75,25.0,0.0,59132.0,180.0,345.0
20260811_184731__rp0p75__vinf25__inc0__toff59132__Om90__om75,4.21633422063803,0.2372872557457299,-0.1276729952763065,0.1133174815509661,1,Neptune,Neptune,3.122954167837011,0.75,25.0,0.0,59132.0,90.0,75.0
20260811_184731__rp0p75__vinf25__inc0__toff59132__Om270__om255,4.21633422063803,0.2372872557457299,-0.1276729952763065,0.1133174815509661,1,Neptune,Neptune,3.122954167837011,0.75,25.0,0.0,59132.0,270.0,255.0
20260811_184731__rp0p75__vinf25__inc0__toff59132__Om0__om165,4.216334218025708,0.2372872552417802,-0.1276729949859093,0.1133174811772263,1,Neptune,Neptune,3.122954167838879,0.75,25.0,0.0,59132.0,0.0,165.0
20260811_184731__rp0p5__vinf25__inc60__toff59132__Om180__om180,4.210465028841,0.23638126952772204,0.3042378871226964,0.1622650101940543,0,,Neptune,2.4692090968862512,0.5,25.0,60.0,59132.0,180.0,180.0
20260811_184731__rp0p5__vinf25__incm60__toff59132__Om0__om0,4.210465026981279,0.23638126915728497,0.3042378864360321,0.1622650102368283,0,,Neptune,2.4692090968886515,0.5,25.0,-60.0,59132.0,0.0,0.0
20260811_184731__rp0p25__vinf25__incm60__toff59132__Om90__om180,4.207807211194906,0.30939018257618267,-0.1658380777233341,0.1797581398537449,1,Uranus,Uranus,2.903756509434821,0.25,25.0,-60.0,59132.0,90.0,180.0
20260811_184731__rp0p25__vinf25__inc60__toff59132__Om270__om0,4.207807210944537,0.30939018241442934,-0.1658380776211852,0.1797581397029029,1,Uranus,Uranus,2.903756509436822,0.25,25.0,60.0,59132.0,270.0,0.0
20260811_184731__rp0p75__vinf25__incm60__toff59132__Om180__om15,4.202281629003577,0.3126402337463556,-0.1810252323339043,0.1666022350481988,1,Neptune,Neptune,2.178043775766923,0.75,25.0,-60.0,59132.0,180.0,15.0
20260811_184731__rp0p75__vinf25__inc60__toff59132__Om0__om195,4.202281627297092,0.3126402334123194,-0.1810252321640507,0.1666022346858725,1,Neptune,Neptune,2.1780437757664624,0.75,25.0,60.0,59132.0,0.0,195.0
20260811_184731__rp0p75__vinf25__incm30__toff59132__Om270__om0,4.199745557840263,0.24297739161887402,-0.1329622436739539,0.1152507009025359,2,"Mars,Uranus",Mars,5.911642808400683,0.75,25.0,-30.0,59132.0,270.0,0.0
20260811_184731__rp0p75__vinf25__inc30__toff59132__Om90__om180,4.19974555780707,0.24297739161290957,-0.1329622436691756,0.1152507008995785,2,"Mars,Uranus",Mars,5.911642808334136,0.75,25.0,30.0,59132.0,90.0,180.0
20260811_184731__rp1__vinf25__incm60__toff59132__Om180__om270,4.199166332852191,0.43697829785547343,0.767671043422879,0.5339020463324547,0,,Neptune,1.9713511351177433,1.0,25.0,-60.0,59132.0,180.0,270.0
20260811_184731__rp1__vinf25__inc60__toff59132__Om0__om90,4.199166330837725,0.43697829745065514,0.7676710436617197,0.5339020457337265,0,,Neptune,1.9713511351203568,1.0,25.0,60.0,59132.0,0.0,90.0
20260811_184731__rp0p75__vinf25__inc30__toff59132__Om0__om210,4.195559106267751,0.32980664330151244,-0.200483463079339,0.1720197784660342,0,,Neptune,1.7825295488703774,0.75,25.0,30.0,59132.0,0.0,210.0
20260811_184731__rp0p75__vinf25__incm30__toff59132__Om180__om30,4.195559104481042,0.32980664294588086,-0.2004834626452313,0.1720197783887013,0,,Neptune,1.782529548869761,0.75,25.0,-30.0,59132.0,180.0,30.0
20260811_184731__rp1p5__vinf25__incm90__toff59132__Om90__om345,4.193717894446863,0.424120122127319,-0.2240440556421417,0.3336172469780739,0,,Neptune,1.907205632553091,1.5,25.0,-90.0,59132.0,90.0,345.0
20260811_184731__rp1p5__vinf25__inc90__toff59132__Om270__om165,4.193141779762259,0.42398337747647646,-0.2238503355613131,0.3335544269792011,0,,Neptune,1.9072039920373112,1.5,25.0,90.0,59132.0,270.0,165.0
20260811_184731__rp0p75__vinf25__incm30__toff59132__Om0__om180,4.189336013225919,0.28364051499696163,-0.145065546411985,0.162278548285967,1,Neptune,Neptune,2.433721205733767,0.75,25.0,-30.0,59132.0,0.0,180.0
20260811_184731__rp0p75__vinf25__inc30__toff59132__Om180__om0,4.189336010842416,0.28364051451726263,-0.1450655458913192,0.162278548136115,1,Neptune,Neptune,2.433721205733774,0.75,25.0,30.0,59132.0,180.0,0.0
20260811_184731__rp0p75__vinf25__inc30__toff59132__Om270__om120,4.188608895493851,0.3063548146843757,0.4776466667813291,0.2277506710413342,0,,Uranus,2.269487685935425,0.75,25.0,30.0,59132.0,270.0,120.0
20260811_184731__rp0p75__vinf25__incm30__toff59132__Om90__om300,4.188608884550973,0.30635481242082946,0.47764666200563,0.2277506736191207,0,,Uranus,2.269487685937391,0.75,25.0,-30.0,59132.0,90.0,300.0
20260811_184731__rp0p5__vinf25__inc0__toff59132__Om270__om0,4.188366288059857,0.3012900737458617,-0.1777021689379428,0.1514869352605981,1,Uranus,Uranus,2.8671527243963397,0.5,25.0,0.0,59132.0,270.0,0.0
20260811_184731__rp0p5__vinf25__inc0__toff59132__Om0__om270,4.188366288059857,0.3012900737458617,-0.1777021689379428,0.1514869352605981,1,Uranus,Uranus,2.8671527243963397,0.5,25.0,0.0,59132.0,0.0,270.0
20260811_184731__rp0p5__vinf25__inc0__toff59132__Om90__om180,4.188366288059857,0.3012900737458617,-0.1777021689379428,0.1514869352605981,1,Uranus,Uranus,2.8671527243963397,0.5,25.0,0.0,59132.0,90.0,180.0
20260811_184731__rp0p5__vinf25__inc0__toff59132__Om180__om90,4.188366288059857,0.3012900737458617,-0.1777021689379428,0.1514869352605981,1,Uranus,Uranus,2.8671527243963397,0.5,25.0,0.0,59132.0,180.0,90.0
20260811_184731__rp0p75__vinf25__incm30__toff59132__Om0__om90,4.182992917329995,0.503128871468114,1.957693312360179,0.687878317404071,0,,Neptune,1.7895092953207352,0.75,25.0,-30.0,59132.0,0.0,90.0
20260811_184731__rp0p75__vinf25__inc30__toff59132__Om180__om270,4.1829929169492495,0.5031288713931362,1.9576933131615464,0.68787831734911,0,,Neptune,1.7895092953211889,0.75,25.0,30.0,59132.0,180.0,270.0
20260811_184731__rp0p5__vinf25__incm90__toff59132__Om90__om15,4.1810604738723995,0.2784643183421497,0.1263369936238799,0.2866300518379292,1,Neptune,Neptune,2.9665394268227354,0.5,25.0,-90.0,59132.0,90.0,15.0
20260811_184731__rp0p5__vinf25__inc90__toff59132__Om270__om195,4.1810604707461305,0.27846431772364433,0.1263369953419636,0.2866300509319333,1,Neptune,Neptune,2.9665394268226324,0.5,25.0,90.0,59132.0,270.0,195.0
20260811_184731__rp0p75__vinf25__inc0__toff59132__Om270__om120,4.179670453271455,0.3002559132501571,0.4536083501555173,0.2046780648887493,0,,Uranus,2.167163487232574,0.75,25.0,0.0,59132.0,270.0,120.0
20260811_184731__rp0p75__vinf25__inc0__toff59132__Om90__om300,4.179670452776889,0.30025591311254707,0.453608349731493,0.2046780646496285,0,,Uranus,2.1671634872324157,0.75,25.0,0.0,59132.0,90.0,300.0
20260811_184731__rp0p75__vinf25__inc0__toff59132__Om0__om30,4.179670451911575,0.30025591303375476,0.4536083494888688,0.2046780645131584,0,,Uranus,2.1671634872322803,0.75,25.0,0.0,59132.0,0.0,30.0
20260811_184731__rp0p75__vinf25__inc0__toff59132__Om180__om210,4.1796704506789695,0.30025591272829094,0.4536083485480476,0.2046780639835111,0,,Uranus,2.1671634872323176,0.75,25.0,0.0,59132.0,180.0,210.0
20260811_184731__rp1__vinf25__inc90__toff59132__Om90__om75,4.178141508582096,0.4557343121273477,1.4949033655565889,0.5551492554347778,1,Neptune,Neptune,2.068109138039601,1.0,25.0,90.0,59132.0,90.0,75.0
20260811_184731__rp1__vinf25__incm90__toff59132__Om270__om255,4.178141420956084,0.4557342946218144,1.4949032692338888,0.555149268673712,1,Neptune,Neptune,2.06810913803574,1.0,25.0,-90.0,59132.0,270.0,255.0
20260811_184731__rp0p75__vinf25__inc30__toff59132__Om180__om345,4.170034868485184,0.2692049858629612,-0.1245012758042485,0.1635003687691576,1,Neptune,Neptune,2.6484774335911774,0.75,25.0,30.0,59132.0,180.0,345.0
20260811_184731__rp0p75__vinf25__incm30__toff59132__Om0__om165,4.17003486478364,0.26920498512029917,-0.1245012750333749,0.1635003685107762,1,Neptune,Neptune,2.6484774335913217,0.75,25.0,-30.0,59132.0,0.0,165.0
20260811_184731__rp0p25__vinf25__incm30__toff59132__Om90__om195,4.162384824178228,0.2989926370988586,-0.1712564541023475,0.1556823420152577,1,Uranus,Uranus,2.678422112124692,0.25,25.0,-30.0,59132.0,90.0,195.0
20260811_184731__rp0p25__vinf25__inc30__toff59132__Om270__om15,4.162384823680543,0.2989926370008746,-0.1712564540524357,0.155682341914208,1,Uranus,Uranus,2.678422112122864,0.25,25.0,30.0,59132.0,270.0,15.0
20260811_184731__rp0p25__vinf25__inc90__toff59132__Om270__om195,4.156802764954802,0.26297563810999636,0.1741579450235187,0.2653266081481509,1,Neptune,Neptune,3.276420182734909,0.25,25.0,90.0,59132.0,270.0,195.0
20260811_184731__rp0p25__vinf25__incm90__toff59132__Om90__om15,4.15680274251754,0.26297563361226484,0.174157935287467,0.2653266023433806,1,Neptune,Neptune,3.2764201827337405,0.25,25.0,-90.0,59132.0,90.0,15.0
20260811_184731__rp0p75__vinf25__incm60__toff59132__Om90__om345,4.149681122244315,0.2951832406554474,0.2724981315579647,0.3090478895124448,1,Neptune,Neptune,2.5876950074115395,0.75,25.0,-60.0,59132.0,90.0,345.0
20260811_184731__rp0p75__vinf25__inc60__toff59132__Om270__om165,4.149681120728488,0.2951832403437222,0.2724981294627243,0.3090478890375696,1,Neptune,Neptune,2.5876950074128393,0.75,25.0,60.0,59132.0,270.0,165.0
20260811_184731__rp0p5__vinf25__inc60__toff59132__Om90__om0,4.149539014045667,0.28134890610856833,0.4219954438177301,0.3002076716743474,1,Neptune,Neptune,3.018728841465458,0.5,25.0,60.0,59132.0,90.0,0.0
20260811_184731__rp0p5__vinf25__incm60__toff59132__Om270__om180,4.149539013511928,0.2813489060014916,0.4219954429912446,0.3002076714781991,1,Neptune,Neptune,3.0187288414653,0.5,25.0,-60.0,59132.0,270.0,180.0
20260811_184731__rp0p5__vinf25__inc30__toff59132__Om180__om210,4.149023665013843,0.2717227062005965,0.3778575038769763,0.1727068178851124,1,Saturn,Saturn,2.2333238982350583,0.5,25.0,30.0,59132.0,180.0,210.0
20260811_184731__rp0p5__vinf25__incm30__toff59132__Om0__om30,4.14902366486632,0.2717227062162396,0.3778575039134882,0.1727068178954403,1,Saturn,Saturn,2.2333238982430546,0.5,25.0,-30.0,59132.0,0.0,30.0
20260811_184731__rp0p25__vinf25__incm30__toff59132__Om0__om345,4.1448473609004495,0.15920444509204784,0.1664149380369511,0.063817700851607,0,,Neptune,2.738217129946586,0.25,25.0,-30.0,59132.0,0.0,345.0
20260811_184731__rp0p25__vinf25__inc30__toff59132__Om180__om165,4.1448473593556425,0.15920444479533694,0.1664149376016143,0.0638177004791413,0,,Neptune,2.7382171299475973,0.25,25.0,30.0,59132.0,180.0,165.0
20260811_184731__rp0p5__vinf25__incm30__toff59132__Om90__om150,4.1443800763434275,0.33577424390809724,-0.2013870430870797,0.1817312727656796,1,Uranus,Uranus,2.7700100832685517,0.5,25.0,-30.0,59132.0,90.0,150.0
20260811_184731__rp0p5__vinf25__inc30__toff59132__Om270__om330,4.144380073000044,0.33577424324210914,-0.2013870421191342,0.1817312728032989,1,Uranus,Uranus,2.770010083262388,0.5,25.0,30.0,59132.0,270.0,330.0
20260811_184731__rp0p25__vinf25__incm60__toff59132__Om180__om285,4.143955875185021,0.2278505645192892,0.1483512988818661,0.2215545552866658,1,Neptune,Neptune,3.8683451524800687,0.25,25.0,-60.0,59132.0,180.0,285.0
20260811_184731__rp0p25__vinf25__inc60__toff59132__Om0__om105,4.143955874995872,0.2278505644801196,0.1483512978148483,0.2215545552316226,1,Neptune,Neptune,3.8683451524825228,0.25,25.0,60.0,59132.0,0.0,105.0
20260811_184731__rp1p25__vinf25__inc60__toff59132__Om90__om60,4.142462822382475,0.3609123640427186,0.7198476692786256,0.3627850941754575,1,Neptune,Neptune,2.637083711697229,1.25,25.0,60.0,59132.0,90.0,60.0
20260811_184731__rp1p25__vinf25__incm60__toff59132__Om270__om240,4.142462768293221,0.3609123532354838,0.719847634108446,0.3627851001845312,1,Neptune,Neptune,2.6370837116976023,1.25,25.0,-60.0,59132.0,270.0,240.0
20260811_184731__rp0p75__vinf25__incm90__toff59132__Om270__om210,4.1418046757620175,0.2842557571554142,0.1641116539083432,0.2935062382466779,1,Neptune,Neptune,2.814050860969495,0.75,25.0,-90.0,59132.0,270.0,210.0
20260811_184731__rp0p75__vinf25__inc90__toff59132__Om90__om30,4.1418046451588175,0.2842557510338675,0.1641116622603134,0.2935062298041023,1,Neptune,Neptune,2.814050860969286,0.75,25.0,90.0,59132.0,90.0,30.0
20260811_184731__rp0p5__vinf25__inc0__toff59132__Om90__om270,4.140422355073106,0.21183065953026703,0.2531616198555951,0.1230699347637955,1,Saturn,Saturn,2.5645689473655393,0.5,25.0,0.0,59132.0,90.0,270.0
20260811_184731__rp0p5__vinf25__inc0__toff59132__Om180__om180,4.140422355073106,0.21183065953026703,0.2531616198555951,0.1230699347637955,1,Saturn,Saturn,2.5645689473655393,0.5,25.0,0.0,59132.0,180.0,180.0
20260811_184731__rp0p5__vinf25__inc0__toff59132__Om270__om90,4.140422355073106,0.21183065953026703,0.2531616198555951,0.1230699347637955,1,Saturn,Saturn,2.5645689473655393,0.5,25.0,0.0,59132.0,270.0,90.0
20260811_184731__rp0p5__vinf25__inc0__toff59132__Om0__om0,4.140422353999444,0.21183065928790482,0.2531616194623244,0.1230699348329554,1,Saturn,Saturn,2.5645689473935467,0.5,25.0,0.0,59132.0,0.0,0.0
20260811_184731__rp0p5__vinf25__incm60__toff59132__Om180__om75,4.137291896470832,0.32014951386857843,-0.1928405410820771,0.1646674527944756,1,Uranus,Uranus,3.1479141043420134,0.5,25.0,-60.0,59132.0,180.0,75.0
20260811_184731__rp0p5__vinf25__inc60__toff59132__Om0__om255,4.137291894372347,0.3201495134397678,-0.1928405404380376,0.1646674528677958,1,Uranus,Uranus,3.1479141043444496,0.5,25.0,60.0,59132.0,0.0,255.0
20260811_184731__rp0p25__vinf25__inc0__toff59132__Om90__om225,4.1362079396346925,0.20934767556301048,-0.0784041288856027,0.1298998499693338,0,,Neptune,2.6822531764768343,0.25,25.0,0.0,59132.0,90.0,225.0
20260811_184731__rp0p25__vinf25__inc0__toff59132__Om270__om45,4.1362079396346925,0.20934767556301048,-0.0784041288856027,0.1298998499693338,0,,Neptune,2.6822531764768343,0.25,25.0,0.0,59132.0,270.0,45.0
20260811_184731__rp0p25__vinf25__inc0__toff59132__Om0__om315,4.136198629869143,0.2093465472148032,-0.0784175469652517,0.1298843498156292,0,,Neptune,2.6822531676660684,0.25,25.0,0.0,59132.0,0.0,315.0
20260811_184731__rp0p25__vinf25__inc0__toff59132__Om180__om135,4.136198629869143,0.2093465472148032,-0.0784175469652517,0.1298843498156292,0,,Neptune,2.6822531676660684,0.25,25.0,0.0,59132.0,180.0,135.0
20260811_184731__rp0p75__vinf25__incm90__toff59132__Om90__om345,4.131014727428501,0.28608926252251066,0.160575678719622,0.2960650606796287,1,Neptune,Neptune,2.7943719151927557,0.75,25.0,-90.0,59132.0,90.0,345.0
20260811_184731__rp0p75__vinf25__inc90__toff59132__Om270__om165,4.1310147250210925,0.2860892620495385,0.1605756825099252,0.2960650599592732,1,Neptune,Neptune,2.794371915191034,0.75,25.0,90.0,59132.0,270.0,165.0
20260811_184731__rp0p5__vinf25__incm90__toff59132__Om90__om315,4.130806769141076,0.27853583935606996,0.3765177789658614,0.2933048166019856,1,Neptune,Neptune,2.930062839368576,0.5,25.0,-90.0,59132.0,90.0,315.0
20260811_184731__rp0p5__vinf25__inc90__toff59132__Om270__om135,4.130806760721543,0.27853583767918155,0.3765177807931904,0.2933048146891768,1,Neptune,Neptune,2.930062839369094,0.5,25.0,90.0,59132.0,270.0,135.0
20260811_184731__rp0p25__vinf25__inc90__toff59132__Om0__om255,4.1195335102833,0.33693577588270474,-0.1979813534658494,0.1882833999520252,1,Uranus,Uranus,2.681448802175197,0.25,25.0,90.0,59132.0,0.0,255.0
20260811_184731__rp0p25__vinf25__incm90__toff59132__Om180__om75,4.11953351005363,0.33693577587834,-0.197981353458896,0.1882833999529673,1,Uranus,Uranus,2.6814488021663783,0.25,25.0,-90.0,59132.0,180.0,75.0
20260811_184731__rp0p5__vinf25__incm60__toff59132__Om90__om15,4.113351377780106,0.257599301215077,0.0284941046888719,0.264873618588096,2,"Jupiter,Neptune",Neptune,3.6360223298511976,0.5,25.0,-60.0,59132.0,90.0,15.0
20260811_184731__rp0p5__vinf25__inc60__toff59132__Om270__om195,4.1133513766286445,0.2575993009759803,0.0284941049055827,0.264873618240081,2,"Jupiter,Neptune",Neptune,3.636022329851059,0.5,25.0,60.0,59132.0,270.0,195.0
20260811_184731__rp1p5__vinf25__inc90__toff59132__Om90__om30,4.113199908420124,0.41734271242329535,-0.222447433797676,0.3203378476270384,0,,Neptune,1.9171892850926842,1.5,25.0,90.0,59132.0,90.0,30.0
20260811_184731__rp1p5__vinf25__incm90__toff59132__Om270__om210,4.113199907710034,0.41734271235909215,-0.2224474337679198,0.3203378475213093,0,,Neptune,1.9171892850126906,1.5,25.0,-90.0,59132.0,270.0,210.0
20260811_184731__rp0p5__vinf25__inc90__toff59132__Om90__om0,4.109557151492082,0.2762976953674061,0.3749834946279898,0.290471102628946,1,Neptune,Neptune,2.888975227142602,0.5,25.0,90.0,59132.0,90.0,0.0
20260811_184731__rp0p5__vinf25__incm90__toff59132__Om270__om180,4.109557141888903,0.2762976934452885,0.3749834975780429,0.2904711005107987,1,Neptune,Neptune,2.888975227142647,0.5,25.0,-90.0,59132.0,270.0,180.0
20260811_184731__rp0p5__vinf25__incm30__toff59132__Om0__om90,4.104684123515253,0.4070210667845518,1.0315452526586395,0.5093563596584744,1,Neptune,Neptune,2.1481181420303415,0.5,25.0,-30.0,59132.0,0.0,90.0
20260811_184731__rp0p5__vinf25__inc30__toff59132__Om180__om270,4.104684114215479,0.4070210649043015,1.0315452593183236,0.5093563577610446,1,Neptune,Neptune,2.1481181420250786,0.5,25.0,30.0,59132.0,180.0,270.0
20260811_184731__rp0p5__vinf25__inc0__toff59132__Om0__om285,4.099506513331842,0.27530104485871343,-0.1557135429554722,0.1365369072197258,1,Uranus,Uranus,2.4854531196298812,0.5,25.0,0.0,59132.0,0.0,285.0
20260811_184731__rp0p5__vinf25__inc0__toff59132__Om270__om15,4.099506508900182,0.27530104493797575,-0.1557135421060907,0.1365369083690708,1,Uranus,Uranus,2.4854531196326564,0.5,25.0,0.0,59132.0,270.0,15.0
20260811_184731__rp0p5__vinf25__inc0__toff59132__Om180__om105,4.09950650826905,0.2753010448957468,-0.1557135425381626,0.1365369077814336,1,Uranus,Uranus,2.4854531196314453,0.5,25.0,0.0,59132.0,180.0,105.0
20260811_184731__rp0p5__vinf25__inc0__toff59132__Om90__om195,4.09950650826905,0.2753010448957468,-0.1557135425381626,0.1365369077814336,1,Uranus,Uranus,2.4854531196314453,0.5,25.0,0.0,59132.0,90.0,195.0
20260811_184731__rp0p5__vinf25__incm60__toff59132__Om0__om15,4.0930154347207255,0.2525056297566893,0.3390678712699518,0.1770904860464769,1,Saturn,Neptune,2.302608639128994,0.5,25.0,-60.0,59132.0,0.0,15.0
20260811_184731__rp0p5__vinf25__inc60__toff59132__Om180__om195,4.093015434169871,0.25250562964771756,0.3390678710547489,0.1770904860634755,1,Saturn,Neptune,2.302608639129158,0.5,25.0,60.0,59132.0,180.0,195.0
20260811_184731__rp0p75__vinf25__incm30__toff59132__Om90__om105,4.0927795174733665,0.3144811840181553,-0.1895064848099492,0.1590256579803798,0,,Saturn,2.034186814475411,0.75,25.0,-30.0,59132.0,90.0,105.0
20260811_184731__rp0p75__vinf25__inc30__toff59132__Om270__om285,4.09277951722243,0.3144811839631077,-0.1895064847596257,0.1590256579492248,0,,Saturn,2.0341868145389457,0.75,25.0,30.0,59132.0,270.0,285.0
20260811_184731__rp0p5__vinf25__incm30__toff59132__Om0__om240,4.090405628345501,0.3273310178774238,-0.1924942550955872,0.1778891912712829,1,Uranus,Uranus,2.904605244517167,0.5,25.0,-30.0,59132.0,0.0,240.0
20260811_184731__rp0p5__vinf25__inc30__toff59132__Om180__om60,4.090405627399257,0.32733101768801837,-0.1924942547598201,0.1778891913614879,1,Uranus,Uranus,2.9046052445168975,0.5,25.0,30.0,59132.0,180.0,60.0
20260811_184731__rp1__vinf25__incm60__toff59132__Om90__om345,4.089502312139155,0.27496199627599216,-0.0177228380135736,0.2775855407267407,1,Neptune,Neptune,2.213861140146893,1.0,25.0,-60.0,59132.0,90.0,345.0
20260811_184731__rp1__vinf25__inc60__toff59132__Om270__om165,4.0895023095228495,0.2749619957547536,-0.0177228366403688,0.2775855411664193,1,Neptune,Neptune,2.2138611401563164,1.0,25.0,60.0,59132.0,270.0,165.0
20260811_184731__rp0p5__vinf25__incm60__toff59132__Om0__om150,4.088546586873274,0.2797468106499517,-0.0941500820686638,0.2121937663936697,1,Neptune,Neptune,2.393522649289911,0.5,25.0,-60.0,59132.0,0.0,150.0
20260811_184731__rp0p5__vinf25__inc60__toff59132__Om180__om330,4.0885465856414935,0.27974681041057553,-0.0941500818042992,0.2121937663020181,1,Neptune,Neptune,2.393522649291142,0.5,25.0,60.0,59132.0,180.0,330.0
20260811_184731__rp0p25__vinf25__inc60__toff59132__Om90__om195,4.0843564705101825,0.2820216879083474,-0.1584372083446106,0.1438139424545877,1,Uranus,Uranus,2.9884116339330298,0.25,25.0,60.0,59132.0,90.0,195.0
20260811_184731__rp0p25__vinf25__incm60__toff59132__Om270__om15,4.0843564695981645,0.28202168772071307,-0.1584372082298967,0.1438139422958183,1,Uranus,Uranus,2.988411633930729,0.25,25.0,-60.0,59132.0,270.0,15.0
20260811_184731__rp1__vinf25__incm30__toff59132__Om90__om0,4.083310205752613,0.37714449070411665,0.0357604975859079,0.4507980293083873,0,,Uranus,1.6741846848967747,1.0,25.0,-30.0,59132.0,90.0,0.0
20260811_184731__rp0p25__vinf25__incm60__toff59132__Om0__om330,4.08248115760086,0.18016199053220322,0.0792790351577265,0.1665996372781685,0,,Neptune,2.331283867875768,0.25,25.0,-60.0,59132.0,0.0,330.0
20260811_184731__rp1__vinf25__inc30__toff59132__Om270__om180,4.082122323454184,0.37690142454492637,0.0356255508514137,0.450389450202647,0,,Uranus,1.6741804578086583,1.0,25.0,30.0,59132.0,270.0,180.0
20260811_184731__rp0p75__vinf25__incm30__toff59132__Om0__om150,4.080446056848752,0.26194615526279447,-0.0987525771740135,0.1807547477203158,1,Neptune,Neptune,2.7490569050497315,0.75,25.0,-30.0,59132.0,0.0,150.0
20260811_184731__rp0p75__vinf25__inc30__toff59132__Om180__om330,4.080446056443627,0.26194615518875,-0.0987525770898969,0.1807547477008039,1,Neptune,Neptune,2.7490569050516167,0.75,25.0,30.0,59132.0,180.0,330.0
20260811_184731__rp0p5__vinf25__incm60__toff59132__Om180__om285,4.079762414282202,0.2950720891182646,0.1692350739403793,0.3082523326605107,1,Neptune,Neptune,3.3488342339193573,0.5,25.0,-60.0,59132.0,180.0,285.0
20260811_184731__rp0p5__vinf25__inc60__toff59132__Om0__om105,4.079762413119256,0.2950720891279856,0.1692350739381302,0.308252332674045,1,Neptune,Neptune,3.348834233920105,0.5,25.0,60.0,59132.0,0.0,105.0
20260811_184731__rp0p75__vinf25__incm30__toff59132__Om180__om75,4.07659920523523,0.2718879687499199,-0.1511721016289474,0.1367010144680306,1,Uranus,Uranus,3.493715115095901,0.75,25.0,-30.0,59132.0,180.0,75.0
20260811_184731__rp0p75__vinf25__inc30__toff59132__Om0__om255,4.076599202677212,0.27188796824551154,-0.1511721012967519,0.1367010140870101,1,Uranus,Uranus,3.493715115096516,0.75,25.0,30.0,59132.0,0.0,255.0
20260811_184731__rp0p25__vinf25__inc90__toff59132__Om180__om315,4.074146828023714,0.2987362238061135,-0.1050134020544437,0.2305785892599309,1,Uranus,Uranus,2.571012831966946,0.25,25.0,90.0,59132.0,180.0,315.0
20260811_184731__rp0p25__vinf25__incm90__toff59132__Om0__om135,4.074146585258113,0.29873617479831094,-0.1050131887823963,0.2305787337278316,1,Uranus,Uranus,2.571012831972281,0.25,25.0,-90.0,59132.0,0.0,135.0
20260811_184731__rp0p25__vinf25__inc30__toff59132__Om180__om210,4.070027595426457,0.18887959899791418,0.2166723385643071,0.1258884319120145,1,Saturn,Saturn,2.4445146745406556,0.25,25.0,30.0,59132.0,180.0,210.0
20260811_184731__rp0p25__vinf25__incm30__toff59132__Om0__om30,4.0700275898035,0.18887959789552847,0.2166723369596223,0.1258884326305619,1,Saturn,Saturn,2.444514674666271,0.25,25.0,-30.0,59132.0,0.0,30.0
20260811_184731__rp0p5__vinf25__incm90__toff59132__Om180__om270,4.06981064881896,0.4534718173031016,1.6088011032233531,0.6084341091458981,0,,Neptune,1.637246287424504,0.5,25.0,-90.0,59132.0,180.0,270.0
20260811_184731__rp0p5__vinf25__inc90__toff59132__Om0__om90,4.069810647674635,0.4534718170682648,1.6088011058779297,0.608434109033468,0,,Neptune,1.637246287421032,0.5,25.0,90.0,59132.0,0.0,90.0
20260811_184731__rp0p25__vinf25__inc90__toff59132__Om0__om330,4.069775635591984,0.10766945112382267,0.0255209424869456,0.0923522437981737,0,,Neptune,2.5506716087548726,0.25,25.0,90.0,59132.0,0.0,330.0
20260811_184731__rp0p75__vinf25__incm30__toff59132__Om0__om195,4.068996454668406,0.2890657582239542,-0.1536919830983233,0.1607573031020119,1,Neptune,Neptune,2.121272198134547,0.75,25.0,-30.0,59132.0,0.0,195.0
20260811_184731__rp0p75__vinf25__inc30__toff59132__Om180__om15,4.068996454521544,0.2890657581915742,-0.1536919829437827,0.1607573032337925,1,Neptune,Neptune,2.1212721981347338,0.75,25.0,30.0,59132.0,180.0,15.0
20260811_184731__rp0p25__vinf25__incm90__toff59132__Om180__om150,4.068549896437986,0.10758030668027305,0.0255573346561611,0.0922654203177924,0,,Neptune,2.5506708016362607,0.25,25.0,-90.0,59132.0,180.0,150.0
20260811_184731__rp0p75__vinf25__incm30__toff59132__Om270__om270,4.067581786480705,0.24715632267147397,-0.1420267465687639,0.1105960950934318,1,Neptune,Neptune,2.8808908522603027,0.75,25.0,-30.0,59132.0,270.0,270.0
20260811_184731__rp0p75__vinf25__inc30__toff59132__Om90__om90,4.067581783097437,0.24715632199039386,-0.1420267462202509,0.1105960945197451,1,Neptune,Neptune,2.880890852262408,0.75,25.0,30.0,59132.0,90.0,90.0
20260811_184731__rp0p5__vinf25__incm30__toff59132__Om270__om165,4.065097850066543,0.30649628374739457,0.5081577034895365,0.2987597911456583,1,Neptune,Neptune,2.3704394386910876,0.5,25.0,-30.0,59132.0,270.0,165.0
20260811_184731__rp0p5__vinf25__inc30__toff59132__Om90__om345,4.065097849778436,0.30649628369688414,0.508157703323112,0.2987597910869263,1,Neptune,Neptune,2.3704394386914442,0.5,25.0,30.0,59132.0,90.0,345.0
20260811_184731__rp0p25__vinf25__inc60__toff59132__Om180__om150,4.0644121092050245,0.1796937141599546,0.0781357236519654,0.1660949156215191,0,,Neptune,2.331358943576734,0.25,25.0,60.0,59132.0,180.0,150.0
20260811_184731__rp0p25__vinf25__inc60__toff59132__Om90__om180,4.062839269124353,0.28514360513075676,-0.1688577620252298,0.136028634210937,1,Uranus,Uranus,3.0582121609644526,0.25,25.0,60.0,59132.0,90.0,180.0
20260811_184731__rp0p25__vinf25__incm60__toff59132__Om270__om0,4.062839269041396,0.28514360512321113,-0.1688577620234098,0.1360286342010717,1,Uranus,Uranus,3.0582121609767707,0.25,25.0,-60.0,59132.0,270.0,0.0
20260811_184731__rp1p5__vinf25__inc0__toff59132__Om270__om165,4.059910424314477,0.38863214405531443,-0.2385304517636428,0.2361977050275664,0,,Uranus,1.422493020215755,1.5,25.0,0.0,59132.0,270.0,165.0
20260811_184731__rp1p5__vinf25__inc0__toff59132__Om90__om345,4.056588635822042,0.38796780913400664,-0.2380298107939632,0.2354851922768731,0,,Uranus,1.4224930220804342,1.5,25.0,0.0,59132.0,90.0,345.0
20260811_184731__rp1p5__vinf25__inc0__toff59132__Om0__om75,4.056588635822042,0.38796780913400664,-0.2380298107939632,0.2354851922768731,0,,Uranus,1.4224930220804342,1.5,25.0,0.0,59132.0,0.0,75.0
20260811_184731__rp1p5__vinf25__inc0__toff59132__Om180__om255,4.056588635822042,0.38796780913400664,-0.2380298107939632,0.2354851922768731,0,,Uranus,1.4224930220804342,1.5,25.0,0.0,59132.0,180.0,255.0
20260811_184731__rp0p5__vinf25__incm90__toff59132__Om0__om345,4.056532508456455,0.24389128690456371,0.3314676182410457,0.2161632682073625,0,,Neptune,2.4031214601906594,0.5,25.0,-90.0,59132.0,0.0,345.0
20260811_184731__rp0p5__vinf25__inc90__toff59132__Om180__om165,4.056532505120629,0.24389128617077957,0.331467616723294,0.2161632680754463,0,,Neptune,2.4031214601894186,0.5,25.0,90.0,59132.0,180.0,165.0
20260811_184731__rp0p5__vinf25__incm60__toff59132__Om90__om45,4.054752910485619,0.29872208914802034,-0.1216034563019056,0.2128530021834814,1,Neptune,Neptune,2.8934406008618163,0.5,25.0,-60.0,59132.0,90.0,45.0
20260811_184731__rp0p5__vinf25__inc60__toff59132__Om270__om225,4.054752905111829,0.2987220889100851,-0.1216034558381553,0.212853002304052,1,Neptune,Neptune,2.8934406007467715,0.5,25.0,60.0,59132.0,270.0,225.0
20260811_184731__rp0p25__vinf25__inc60__toff59132__Om90__om225,4.053537197536484,0.24220129731373305,-0.1172345600579487,0.1321419704712467,1,Uranus,Uranus,2.6541792299868048,0.25,25.0,60.0,59132.0,90.0,225.0
20260811_184731__rp0p25__vinf25__incm60__toff59132__Om270__om45,4.053537195929638,0.2422012972079233,-0.1172345594135523,0.1321419710449742,1,Uranus,Uranus,2.6541792299464224,0.25,25.0,-60.0,59132.0,270.0,45.0
20260811_184731__rp0p5__vinf25__incm90__toff59132__Om0__om30,4.051816290540227,0.23062387048087932,0.3049508953780048,0.2148428971384633,0,,Neptune,2.3559532273032584,0.5,25.0,-90.0,59132.0,0.0,30.0
20260811_184731__rp0p5__vinf25__inc90__toff59132__Om180__om210,4.051816290197138,0.23062387040878188,0.3049508952230021,0.2148428970676218,0,,Neptune,2.355953227303305,0.5,25.0,90.0,59132.0,180.0,210.0
20260811_184731__rp1p25__vinf25__incm30__toff59132__Om180__om105,4.046320817945004,0.14022704694505456,-0.0608442918057162,0.0665017337402574,1,Mars,Mars,8.309676428388544,1.25,25.0,-30.0,59132.0,180.0,105.0
20260811_184731__rp1p25__vinf25__inc30__toff59132__Om0__om285,4.039942538363375,0.14022855627621936,-0.06084984044673,0.0664975583098595,1,Mars,Mars,8.308594350745926,1.25,25.0,30.0,59132.0,0.0,285.0
20260811_184731__rp0p5__vinf25__incm30__toff59132__Om180__om135,4.034117383736715,0.197106027533011,-0.0946423587873185,0.0969228381060095,0,,Jupiter,2.9382282683436185,0.5,25.0,-30.0,59132.0,180.0,135.0
20260811_184731__rp0p5__vinf25__inc30__toff59132__Om0__om315,4.034117372561638,0.1971060250761168,-0.0946423574125623,0.0969228365142187,0,,Jupiter,2.938228268346909,0.5,25.0,30.0,59132.0,0.0,315.0
20260811_184731__rp0p5__vinf25__incm60__toff59132__Om0__om225,4.0316603819707835,0.2964138969815199,-0.1417144700215927,0.1866294104600666,0,,Uranus,1.9228680797701752,0.5,25.0,-60.0,59132.0,0.0,225.0
20260811_184731__rp0p5__vinf25__inc60__toff59132__Om180__om45,4.031660381930011,0.29641389697350934,-0.1417144700516344,0.1866294104125774,0,,Uranus,1.922868079769437,0.5,25.0,60.0,59132.0,180.0,45.0
20260811_184731__rp1__vinf25__incm90__toff59132__Om90__om30,4.030896815252052,0.4359978788567005,1.275769682326072,0.517721044136175,0,,Neptune,2.0001586254446373,1.0,25.0,-90.0,59132.0,90.0,30.0
20260811_184731__rp1__vinf25__inc90__toff59132__Om270__om210,4.030896133946159,0.43599774259619684,1.2757682649946285,0.5177207604236912,0,,Neptune,2.000158625443802,1.0,25.0,90.0,59132.0,270.0,210.0
20260811_184731__rp0p75__vinf25__inc0__toff59132__Om90__om330,4.023953490761834,0.34243040378467104,-0.1778709308550191,0.2235875368601826,0,,Uranus,2.2758699243196476,0.75,25.0,0.0,59132.0,90.0,330.0
20260811_184731__rp0p75__vinf25__inc0__toff59132__Om180__om240,4.023858551039936,0.3424114235632113,-0.1778547926464683,0.2235721936103426,0,,Uranus,2.2758699243391307,0.75,25.0,0.0,59132.0,180.0,240.0
20260811_184731__rp0p75__vinf25__inc0__toff59132__Om0__om60,4.0238549931933925,0.3424107076800324,-0.1778543223097555,0.2235714467074262,0,,Uranus,2.2758699243258715,0.75,25.0,0.0,59132.0,0.0,60.0
20260811_184731__rp0p75__vinf25__inc0__toff59132__Om270__om150,4.0238549931933925,0.3424107076800324,-0.1778543223097555,0.2235714467074262,0,,Uranus,2.2758699243258715,0.75,25.0,0.0,59132.0,270.0,150.0
20260811_184731__rp1__vinf25__incm30__toff59132__Om90__om45,4.023778128478678,0.2681514594983232,0.3727423693125803,0.18165778713455,2,"Jupiter,Neptune",Neptune,3.018880461318792,1.0,25.0,-30.0,59132.0,90.0,45.0
20260811_184731__rp1__vinf25__inc30__toff59132__Om270__om225,4.0237781250219165,0.2681514588051558,0.3727423672251956,0.1816577849820137,2,"Jupiter,Neptune",Neptune,3.0188804613203084,1.0,25.0,30.0,59132.0,270.0,225.0
20260811_184731__rp0p25__vinf25__incm90__toff59132__Om0__om315,4.0214370226208125,0.2214362302245804,0.2850507033648425,0.2029852397059915,0,,Saturn,1.7349696496328681,0.25,25.0,-90.0,59132.0,0.0,315.0
20260811_184731__rp0p25__vinf25__inc90__toff59132__Om180__om135,4.021437021184358,0.22143622974880622,0.2850507025356393,0.202985239942848,0,,Saturn,1.7349696496335698,0.25,25.0,90.0,59132.0,180.0,135.0
20260811_184731__rp0p75__vinf25__inc30__toff59132__Om90__om105,4.016797922264422,0.2979081278277971,-0.1800849431344453,0.1428347670189831,1,Neptune,Neptune,2.3741214144468152,0.75,25.0,30.0,59132.0,90.0,105.0
20260811_184731__rp0p75__vinf25__incm30__toff59132__Om270__om285,4.016797920177177,0.29790812739521705,-0.1800849418512445,0.1428347679234998,1,Neptune,Neptune,2.374121414446945,0.75,25.0,-30.0,59132.0,270.0,285.0
20260811_184731__rp0p75__vinf25__incm90__toff59132__Om90__om30,4.014886966841425,0.3822346918477304,0.5778673337904433,0.4434967528183022,1,Neptune,Neptune,2.242188064110872,0.75,25.0,-90.0,59132.0,90.0,30.0
20260811_184731__rp0p75__vinf25__inc90__toff59132__Om270__om210,4.014886867876891,0.38223467208660633,0.5778672943162609,0.4434967223967698,1,Neptune,Neptune,2.2421880641096625,0.75,25.0,90.0,59132.0,270.0,210.0
20260811_184731__rp0p5__vinf25__inc60__toff59132__Om0__om300,4.011749662204007,0.25044252511733495,-0.1206795044919503,0.1400562547615323,0,,Jupiter,2.2895275964080204,0.5,25.0,60.0,59132.0,0.0,300.0
20260811_184731__rp0p5__vinf25__incm60__toff59132__Om180__om120,4.011749660947053,0.25044252484702073,-0.1206795026374133,0.1400562564588419,0,,Jupiter,2.2895275964514066,0.5,25.0,-60.0,59132.0,180.0,120.0
20260811_184731__rp0p5__vinf25__inc0__toff59132__Om270__om45,4.008939561105528,0.19867530665258665,-0.0940808971080144,0.0995188435253359,0,,Jupiter,2.962011473573387,0.5,25.0,0.0,59132.0,270.0,45.0
20260811_184731__rp0p5__vinf25__inc0__toff59132__Om90__om225,4.008939561105528,0.19867530665258665,-0.0940808971080144,0.0995188435253359,0,,Jupiter,2.962011473573387,0.5,25.0,0.0,59132.0,90.0,225.0
20260811_184731__rp0p5__vinf25__inc0__toff59132__Om180__om135,4.008939560526513,0.19867530647994608,-0.0940808969621214,0.0995188434663888,0,,Jupiter,2.9620114735770775,0.5,25.0,0.0,59132.0,180.0,135.0
20260811_184731__rp0p5__vinf25__inc0__toff59132__Om0__om315,4.008939560526513,0.19867530647994608,-0.0940808969621214,0.0995188434663888,0,,Jupiter,2.9620114735770775,0.5,25.0,0.0,59132.0,0.0,315.0
20260811_184731__rp0p5__vinf25__incm30__toff59132__Om270__om15,4.007245715899945,0.2635857615366527,-0.1522674803012857,0.1226886075611468,1,Uranus,Uranus,2.5111576573219976,0.5,25.0,-30.0,59132.0,270.0,15.0
20260811_184731__rp0p5__vinf25__inc30__toff59132__Om90__om195,4.007245704047444,0.2635857603322137,-0.1522674792098707,0.12268860705341,1,Uranus,Uranus,2.5111576573408567,0.5,25.0,30.0,59132.0,90.0,195.0
20260811_184731__rp0p75__vinf25__inc30__toff59132__Om270__om255,3.9980578648753102,0.23628806801618582,-0.1307345800032405,0.1083602533781228,1,Neptune,Neptune,2.581496908877954,0.75,25.0,30.0,59132.0,270.0,255.0
20260811_184731__rp0p75__vinf25__incm30__toff59132__Om90__om75,3.9980578642914475,0.23628806791293225,-0.1307345798321469,0.1083602534321831,1,Neptune,Neptune,2.581496908878218,0.75,25.0,-30.0,59132.0,90.0,75.0
20260811_184731__rp0p25__vinf25__inc30__toff59132__Om180__om90,3.9961322405517987,0.311154465608784,-0.1893535756592741,0.153460669964905,1,Uranus,Uranus,2.6912385621985195,0.25,25.0,30.0,59132.0,180.0,90.0
20260811_184731__rp0p25__vinf25__incm30__toff59132__Om0__om270,3.9961322378613495,0.31115446539806035,-0.1893535756284914,0.1534606696409438,1,Uranus,Uranus,2.6912385621870283,0.25,25.0,-30.0,59132.0,0.0,270.0
20260811_184731__rp0p5__vinf25__inc60__toff59132__Om180__om165,3.9927754359452705,0.19197110186347513,0.2222452677522158,0.1310773168886277,0,,Neptune,2.483738857869612,0.5,25.0,60.0,59132.0,180.0,165.0
20260811_184731__rp0p5__vinf25__incm60__toff59132__Om0__om345,3.992775433262553,0.1919711017279966,0.2222452675404193,0.1310773168957942,0,,Neptune,2.483738857872078,0.5,25.0,-60.0,59132.0,0.0,345.0
20260811_184731__rp0p5__vinf25__incm60__toff59132__Om180__om90,3.992437983802544,0.29277271807039906,-0.1732604711290061,0.1429305965835735,1,Uranus,Uranus,2.725612540694737,0.5,25.0,-60.0,59132.0,180.0,90.0
20260811_184731__rp0p5__vinf25__inc60__toff59132__Om0__om270,3.9924379830741565,0.29277271798847576,-0.1732604708603782,0.1429305967845835,1,Uranus,Uranus,2.7256125406937617,0.5,25.0,60.0,59132.0,0.0,270.0
20260811_184731__rp0p5__vinf25__inc60__toff59132__Om180__om270,3.984953209583877,0.49082362793490825,2.098485346677258,0.6799628481987191,0,,Moon,1.4949454264875777,0.5,25.0,60.0,59132.0,180.0,270.0
20260811_184731__rp0p5__vinf25__incm60__toff59132__Om0__om90,3.984953200002863,0.4908236260161164,2.098485439438121,0.6799628505391585,0,,Moon,1.4949459536245373,0.5,25.0,-60.0,59132.0,0.0,90.0
20260811_184731__rp0p75__vinf25__inc30__toff59132__Om270__om105,3.9784256763643975,0.2815490187211585,0.4078804575947871,0.200210360496794,0,,Uranus,1.850025165281651,0.75,25.0,30.0,59132.0,270.0,105.0
20260811_184731__rp0p75__vinf25__incm30__toff59132__Om90__om285,3.9784256763305628,0.28154901870469284,0.4078804575504501,0.2002103604754864,0,,Uranus,1.8500251652802746,0.75,25.0,-30.0,59132.0,90.0,285.0
20260811_184731__rp0p25__vinf25__inc30__toff59132__Om90__om315,3.977671776631678,0.31157009995440843,0.48659853221924,0.2165863120701045,0,,Saturn,1.770842889136537,0.25,25.0,30.0,59132.0,90.0,315.0
20260811_184731__rp0p25__vinf25__incm30__toff59132__Om270__om135,3.977671775950636,0.3115700998085255,0.4865985321058578,0.2165863127248845,0,,Saturn,1.7708428891361676,0.25,25.0,-30.0,59132.0,270.0,135.0
20260811_184731__rp0p5__vinf25__inc60__toff59132__Om270__om105,3.9766627115366058,0.28270356431132354,0.419132871441577,0.2264056788820141,0,,Uranus,1.6311697854207312,0.5,25.0,60.0,59132.0,270.0,105.0
20260811_184731__rp0p5__vinf25__incm60__toff59132__Om90__om285,3.97666270166886,0.28270356105629335,0.419132860024389,0.2264056676739284,0,,Uranus,1.631169785433764,0.5,25.0,-60.0,59132.0,90.0,285.0
20260811_184731__rp1p5__vinf25__inc30__toff59132__Om0__om135,3.975398288945121,0.3530613826674438,0.6955605180303249,0.3685113280554615,1,Neptune,Neptune,3.287033463748035,1.5,25.0,30.0,59132.0,0.0,135.0
20260811_184731__rp1p5__vinf25__incm30__toff59132__Om180__om315,3.975398283859382,0.3530613815892097,0.6955605142361828,0.368511328166728,1,Neptune,Neptune,3.2870334637465035,1.5,25.0,-30.0,59132.0,180.0,315.0
20260811_184731__rp0p5__vinf25__incm30__toff59132__Om90__om270,3.973507628912693,0.24212963119966424,0.3148608815685202,0.1610025030600476,0,,Saturn,1.9765445325664701,0.5,25.0,-30.0,59132.0,90.0,270.0
20260811_184731__rp0p5__vinf25__inc30__toff59132__Om270__om90,3.973507628912693,0.24212963119966424,0.3148608815685202,0.1610025030600476,0,,Saturn,1.9765445325664701,0.5,25.0,30.0,59132.0,270.0,90.0
20260811_184731__rp0p25__vinf25__incm90__toff59132__Om270__om30,3.9701311209976167,0.2757826943527266,-0.1305606889158567,0.166707573559175,1,Uranus,Uranus,3.0133632001921957,0.25,25.0,-90.0,59132.0,270.0,30.0
20260811_184731__rp0p25__vinf25__inc90__toff59132__Om90__om210,3.970131108789721,0.27578269191014493,-0.1305606873868312,0.1667075715297504,1,Uranus,Uranus,3.0133632001919635,0.25,25.0,90.0,59132.0,90.0,210.0
20260811_184731__rp0p25__vinf25__inc30__toff59132__Om0__om330,3.9616247974273766,0.15910090891441883,-0.0355838094817451,0.1129541466280567,0,,Jupiter,2.9749339252302693,0.25,25.0,30.0,59132.0,0.0,330.0
20260811_184731__rp0p25__vinf25__incm30__toff59132__Om180__om150,3.961624788892163,0.15910090699180326,-0.0355838060332649,0.1129541478591139,0,,Jupiter,2.974933925434111,0.25,25.0,-30.0,59132.0,180.0,150.0
20260811_184731__rp0p5__vinf25__incm30__toff59132__Om90__om165,3.9586950455721857,0.3130631704617636,-0.1814119423092679,0.1668457345426266,1,Uranus,Uranus,2.7996449887698938,0.5,25.0,-30.0,59132.0,90.0,165.0
20260811_184731__rp0p5__vinf25__inc30__toff59132__Om270__om345,3.9586950448548333,0.3130631703127953,-0.1814119422128803,0.1668457344067366,1,Uranus,Uranus,2.799644988768464,0.5,25.0,30.0,59132.0,270.0,345.0
20260811_184731__rp0p5__vinf25__inc60__toff59132__Om180__om255,3.958108991945295,0.5259845550230491,2.400890533295853,0.7337169003273197,0,,Moon,1.827545739555667,0.5,25.0,60.0,59132.0,180.0,255.0
20260811_184731__rp0p5__vinf25__incm60__toff59132__Om0__om75,3.9581086982325537,0.5259844962813285,2.40089064418495,0.7337168361135021,0,,Moon,1.8275667779465075,0.5,25.0,-60.0,59132.0,0.0,75.0
20260811_184731__rp0p75__vinf25__inc30__toff59132__Om0__om45,3.956605817354644,0.24874464275473696,0.3254320839290386,0.1514831603682408,0,,Uranus,2.492051072516695,0.75,25.0,30.0,59132.0,0.0,45.0
20260811_184731__rp0p75__vinf25__incm30__toff59132__Om180__om225,3.9566053538172454,0.24874464215011843,0.3254320833626171,0.1514831629712765,0,,Uranus,2.492051072504119,0.75,25.0,-30.0,59132.0,180.0,225.0
20260811_184731__rp0p5__vinf25__inc30__toff59132__Om90__om210,3.9477181795754857,0.23681896705474267,-0.1270844676383581,0.1133384367878833,1,Uranus,Neptune,2.298184409041947,0.5,25.0,30.0,59132.0,90.0,210.0
20260811_184731__rp0p5__vinf25__incm30__toff59132__Om270__om30,3.9477181787936835,0.23681896692670334,-0.1270844675294021,0.1133384367336723,1,Uranus,Neptune,2.2981844090422245,0.5,25.0,-30.0,59132.0,270.0,30.0
20260811_184731__rp0p25__vinf25__inc60__toff59132__Om90__om165,3.9445599830382956,0.27836768275043405,-0.1705103067000157,0.1231622036735456,1,Uranus,Uranus,3.0120497083867876,0.25,25.0,60.0,59132.0,90.0,165.0
20260811_184731__rp0p25__vinf25__incm60__toff59132__Om270__om345,3.944559979907971,0.27836768214494434,-0.1705103049025337,0.1231622049651445,1,Uranus,Uranus,3.0120497083918933,0.25,25.0,-60.0,59132.0,270.0,345.0
20260811_184731__rp0p25__vinf25__inc90__toff59132__Om270__om345,3.9423051965969034,0.27202215884663733,-0.1279675424144986,0.1638776146253874,1,Uranus,Uranus,3.0115404833374217,0.25,25.0,90.0,59132.0,270.0,345.0
20260811_184731__rp0p25__vinf25__incm90__toff59132__Om90__om165,3.942305194472884,0.2720221584111986,-0.1279675421242779,0.1638776142890803,1,Uranus,Uranus,3.011540483334377,0.25,25.0,-90.0,59132.0,90.0,165.0
20260811_184731__rp1p25__vinf25__incm30__toff59132__Om180__om120,3.9402834954003314,0.13197364249693672,-0.052662025236543,0.0661541719670101,2,"Mars,Jupiter",Mars,7.147916607238676,1.25,25.0,-30.0,59132.0,180.0,120.0
20260811_184731__rp1p25__vinf25__inc30__toff59132__Om0__om300,3.940283487909613,0.13197364099892336,-0.0526620243673749,0.0661541712752216,2,"Mars,Jupiter",Mars,7.14791660724413,1.25,25.0,30.0,59132.0,0.0,300.0
20260811_184731__rp0p75__vinf25__inc30__toff59132__Om270__om135,3.93959885457606,0.2604411140227414,0.3578897948744785,0.1868881112655893,0,,Uranus,2.4723623869898033,0.75,25.0,30.0,59132.0,270.0,135.0
20260811_184731__rp0p75__vinf25__incm30__toff59132__Om90__om315,3.9395988515453175,0.26044111337622367,0.357889793387356,0.1868881107592145,0,,Uranus,2.472362386989772,0.75,25.0,-30.0,59132.0,90.0,315.0
20260811_184731__rp0p25__vinf25__inc90__toff59132__Om270__om105,3.9383253650527053,0.2407841441569468,0.3224816726770542,0.2447058572277328,1,Neptune,Neptune,2.3891453619626555,0.25,25.0,90.0,59132.0,270.0,105.0
20260811_184731__rp0p25__vinf25__incm90__toff59132__Om90__om285,3.938325334415026,0.2407841430934809,0.3224816737168886,0.2447058560904829,1,Neptune,Neptune,2.3891453619631022,0.25,25.0,-90.0,59132.0,90.0,285.0
20260811_184731__rp1p5__vinf25__incm30__toff59132__Om90__om30,3.930064703968453,0.3258195871905864,0.5394420712314937,0.2498602843202862,1,Neptune,Neptune,3.7627982018820347,1.5,25.0,-30.0,59132.0,90.0,30.0
20260811_184731__rp1p5__vinf25__inc30__toff59132__Om270__om210,3.930064701414702,0.32581958668913863,0.5394420701708241,0.2498602850646476,1,Neptune,Neptune,3.762798201875789,1.5,25.0,30.0,59132.0,270.0,210.0
20260811_184731__rp0p25__vinf25__incm90__toff59132__Om270__om15,3.9296213514319405,0.2619148342879471,-0.1265215229498744,0.150285409234619,1,Uranus,Uranus,3.0388016050269258,0.25,25.0,-90.0,59132.0,270.0,15.0
20260811_184731__rp0p25__vinf25__inc90__toff59132__Om90__om195,3.9296213512126177,0.26191483424467643,-0.1265215226812773,0.15028540947454,1,Uranus,Uranus,3.038801605027085,0.25,25.0,90.0,59132.0,90.0,195.0
20260811_184731__rp1__vinf25__incm30__toff59132__Om270__om165,3.9282010824003866,0.31348917046492164,-0.1723419172978182,0.1788368592690744,0,,Uranus,2.3186940856552845,1.0,25.0,-30.0,59132.0,270.0,165.0
20260811_184731__rp1__vinf25__inc30__toff59132__Om90__om345,3.9282010787364956,0.3134891697371469,-0.1723419151682822,0.1788368606296256,0,,Uranus,2.31869408565516,1.0,25.0,30.0,59132.0,90.0,345.0
20260811_184731__rp0p25__vinf25__incm90__toff59132__Om0__om240,3.9266602417392447,0.2683869727335423,-0.0623246273606244,0.2270722874088866,1,Neptune,Neptune,2.4603466963466105,0.25,25.0,-90.0,59132.0,0.0,240.0
20260811_184731__rp0p25__vinf25__inc90__toff59132__Om180__om60,3.9266602417248175,0.26838697272300444,-0.0623246272712649,0.2270722874799789,1,Neptune,Neptune,2.460346696346295,0.25,25.0,90.0,59132.0,180.0,60.0
20260811_184731__rp1p25__vinf25__inc0__toff59132__Om90__om45,3.9247775611145377,0.2860844126559012,0.4314990044090562,0.2389681019636117,1,Neptune,Neptune,2.934425605827614,1.25,25.0,0.0,59132.0,90.0,45.0
20260811_184731__rp1p25__vinf25__inc0__toff59132__Om180__om315,3.924777555176736,0.2860844114693794,0.431499001454526,0.238968101685761,1,Neptune,Neptune,2.9344256058273133,1.25,25.0,0.0,59132.0,180.0,315.0
20260811_184731__rp1p25__vinf25__inc0__toff59132__Om0__om135,3.9247775546538977,0.2860844113643939,0.4314990011964074,0.2389681016705497,1,Neptune,Neptune,2.9344256058281566,1.25,25.0,0.0,59132.0,0.0,135.0
20260811_184731__rp1p25__vinf25__inc0__toff59132__Om270__om225,3.9247775508769536,0.28608441060863515,0.4314989993124497,0.2389681014877254,1,Neptune,Neptune,2.934425605827238,1.25,25.0,0.0,59132.0,270.0,225.0
20260811_184731__rp1__vinf25__incm30__toff59132__Om180__om0,3.922553298433143,0.243655200665166,-0.1332803521984117,0.1158497960219098,1,Neptune,Neptune,2.4769294786529845,1.0,25.0,-30.0,59132.0,180.0,0.0
20260811_184731__rp1__vinf25__inc30__toff59132__Om0__om180,3.9225532984065503,0.24365520066344293,-0.1332803521856546,0.1158497960343217,1,Neptune,Neptune,2.4769294786527465,1.0,25.0,30.0,59132.0,0.0,180.0
20260811_184731__rp0p25__vinf25__inc60__toff59132__Om0__om330,3.9198965554521252,0.11020804201913352,0.0041081823830814,0.0955193636220624,0,,Neptune,2.792903270219594,0.25,25.0,60.0,59132.0,0.0,330.0
20260811_184731__rp0p25__vinf25__incm60__toff59132__Om180__om150,3.919882215908703,0.11020495117289945,0.0041046039907283,0.0955164869804785,0,,Neptune,2.7929032142880006,0.25,25.0,-60.0,59132.0,180.0,150.0
20260811_184731__rp1p25__vinf25__incm60__toff59132__Om90__om30,3.919195217759163,0.35855978610040895,0.6650912348677168,0.2957691224833924,1,Neptune,Neptune,2.6303826164549022,1.25,25.0,-60.0,59132.0,90.0,30.0
20260811_184731__rp1p25__vinf25__inc60__toff59132__Om270__om210,3.91919511637977,0.35855976582390076,0.6650911784157344,0.2957691401974422,1,Neptune,Neptune,2.6303826164552895,1.25,25.0,60.0,59132.0,270.0,210.0
20260811_184731__rp0p25__vinf25__inc60__toff59132__Om0__om315,3.9185367986405732,0.15043799905392755,-0.097794714922456,0.0375794972242542,0,,Neptune,2.519041056558107,0.25,25.0,60.0,59132.0,0.0,315.0
20260811_184731__rp0p25__vinf25__incm60__toff59132__Om180__om135,3.9185365267184658,0.15043793887975349,-0.0977948362618303,0.0375792915348393,0,,Neptune,2.519041056007387,0.25,25.0,-60.0,59132.0,180.0,135.0
20260811_184731__rp0p75__vinf25__incm30__toff59132__Om270__om255,3.917766109141972,0.15968339684878674,-0.0657866830708078,0.0829725138053215,1,Neptune,Neptune,3.31213879831889,0.75,25.0,-30.0,59132.0,270.0,255.0
20260811_184731__rp0p75__vinf25__inc30__toff59132__Om90__om75,3.9177661024236046,0.15968339580077914,-0.0657866825707386,0.0829725131354927,1,Neptune,Neptune,3.312138798322646,0.75,25.0,30.0,59132.0,90.0,75.0
20260811_184731__rp0p25__vinf25__inc0__toff59132__Om270__om60,3.9130378262481758,0.13691533426572747,-0.0190817549823957,0.1048397056832943,0,,Jupiter,2.9783394201943034,0.25,25.0,0.0,59132.0,270.0,60.0
20260811_184731__rp0p25__vinf25__inc0__toff59132__Om90__om240,3.9130374257176745,0.13691533353785512,-0.0190817525932037,0.1048397072078384,0,,Jupiter,2.9783394253093585,0.25,25.0,0.0,59132.0,90.0,240.0
20260811_184731__rp0p25__vinf25__inc0__toff59132__Om0__om330,3.913036108876484,0.13691534749486442,-0.0190817926818781,0.1048396834683,0,,Jupiter,2.9783394420154563,0.25,25.0,0.0,59132.0,0.0,330.0
20260811_184731__rp0p25__vinf25__inc0__toff59132__Om180__om150,3.9130360493309273,0.13691529679340414,-0.0190816743597554,0.104839743498965,0,,Jupiter,2.9783394397753558,0.25,25.0,0.0,59132.0,180.0,150.0
20260811_184731__rp0p75__vinf25__incm60__toff59132__Om180__om30,3.9126308849223066,0.3090483270403605,-0.178500806672929,0.1636058979056449,0,,Neptune,1.7539902057985415,0.75,25.0,-60.0,59132.0,180.0,30.0
20260811_184731__rp0p75__vinf25__inc60__toff59132__Om0__om210,3.912630884756208,0.3090483270072861,-0.17850080673971,0.1636058977656915,0,,Neptune,1.753990205799061,0.75,25.0,60.0,59132.0,0.0,210.0
20260811_184731__rp0p25__vinf25__incm90__toff59132__Om270__om150,3.910250617281763,0.2354422629208299,0.3098907922866353,0.2376678652970548,1,Neptune,Neptune,2.3269915613242405,0.25,25.0,-90.0,59132.0,270.0,150.0
20260811_184731__rp0p25__vinf25__inc90__toff59132__Om90__om330,3.910250614231212,0.23544226213834302,0.3098907896492956,0.2376678642110531,1,Neptune,Neptune,2.3269915613259977,0.25,25.0,90.0,59132.0,90.0,330.0
20260811_184731__rp0p25__vinf25__inc90__toff59132__Om90__om225,3.9060668813581736,0.27648341108628616,-0.1261875125510452,0.1727137572619356,1,Uranus,Uranus,2.870546523918266,0.25,25.0,90.0,59132.0,90.0,225.0
20260811_184731__rp0p25__vinf25__incm90__toff59132__Om270__om45,3.906066880406619,0.2764834108879885,-0.1261875119091986,0.1727137576758314,1,Uranus,Uranus,2.87054652391587,0.25,25.0,-90.0,59132.0,270.0,45.0
20260811_184731__rp0p75__vinf25__incm60__toff59132__Om180__om210,3.903601859851908,0.28351047644447896,0.4066001049032145,0.1820761428312968,0,,Saturn,2.0400297086139436,0.75,25.0,-60.0,59132.0,180.0,210.0
20260811_184731__rp0p75__vinf25__inc60__toff59132__Om0__om30,3.903601859376353,0.2835104763492287,0.406600104683681,0.1820761428167116,0,,Saturn,2.0400297086129915,0.75,25.0,60.0,59132.0,0.0,30.0
20260811_184731__rp0p25__vinf25__incm90__toff59132__Om90__om150,3.902944523294653,0.25962303149474214,-0.1229748885326302,0.150890387624552,1,Uranus,Uranus,3.0606376870157117,0.25,25.0,-90.0,59132.0,90.0,150.0
20260811_184731__rp0p25__vinf25__inc90__toff59132__Om270__om330,3.902944523189305,0.2596230314780268,-0.1229748884564491,0.1508903876855544,1,Uranus,Uranus,3.060637687016491,0.25,25.0,90.0,59132.0,270.0,330.0
20260811_184731__rp0p75__vinf25__inc0__toff59132__Om180__om195,3.9020250221370327,0.2643654621325185,0.3618687668833472,0.1712230708600533,1,Saturn,Saturn,2.3708964357738997,0.75,25.0,0.0,59132.0,180.0,195.0
20260811_184731__rp0p75__vinf25__inc0__toff59132__Om270__om105,3.9020250221370327,0.2643654621325185,0.3618687668833472,0.1712230708600533,1,Saturn,Saturn,2.3708964357738997,0.75,25.0,0.0,59132.0,270.0,105.0
20260811_184731__rp0p75__vinf25__inc0__toff59132__Om90__om285,3.9020250188241237,0.26436546148583434,0.3618687654704459,0.1712230706293571,1,Saturn,Saturn,2.3708964357705993,0.75,25.0,0.0,59132.0,90.0,285.0
20260811_184731__rp0p75__vinf25__inc0__toff59132__Om0__om15,3.9020250184206655,0.26436546139957073,0.3618687652815261,0.1712230705969236,1,Saturn,Saturn,2.370896435771931,0.75,25.0,0.0,59132.0,0.0,15.0
20260811_184731__rp0p5__vinf25__inc90__toff59132__Om0__om240,3.8962857052341597,0.3079011302655606,-0.1719410675574899,0.1697898338991649,1,Uranus,Uranus,2.639154877771366,0.5,25.0,90.0,59132.0,0.0,240.0
20260811_184731__rp0p5__vinf25__incm90__toff59132__Om180__om60,3.896285705224931,0.3079011302725358,-0.1719410676008451,0.1697898338576655,1,Uranus,Uranus,2.639154877768477,0.5,25.0,-90.0,59132.0,180.0,60.0
20260811_184731__rp1p25__vinf25__incm60__toff59132__Om270__om180,3.8954251135394204,0.2884179650792557,-0.1351716138057149,0.1812479643937483,0,,Neptune,1.9920769835228591,1.25,25.0,-60.0,59132.0,270.0,180.0
20260811_184731__rp1p25__vinf25__inc60__toff59132__Om90__om0,3.8954251131068203,0.28841796499371464,-0.1351716137731766,0.1812479642947254,0,,Neptune,1.9920769835233745,1.25,25.0,60.0,59132.0,90.0,0.0
20260811_184731__rp0p25__vinf25__incm30__toff59132__Om270__om105,3.8943847070931525,0.2272483504329217,0.2783370244804865,0.1163233591882685,1,Saturn,Saturn,2.5536630352954193,0.25,25.0,-30.0,59132.0,270.0,105.0
20260811_184731__rp0p25__vinf25__inc30__toff59132__Om90__om285,3.894384706929539,0.22724835039947922,0.2783370244261199,0.1163233592106507,1,Saturn,Saturn,2.5536630352953855,0.25,25.0,30.0,59132.0,90.0,285.0
20260811_184731__rp0p5__vinf25__inc60__toff59132__Om0__om285,3.8942582676847097,0.2610653564050288,-0.1494002131824471,0.1223345908110144,1,Uranus,Uranus,2.292734435032829,0.5,25.0,60.0,59132.0,0.0,285.0
20260811_184731__rp0p5__vinf25__incm60__toff59132__Om180__om105,3.8942582658476423,0.26106535602856534,-0.1494002135515872,0.1223345898017812,1,Uranus,Uranus,2.2927344350325134,0.5,25.0,-60.0,59132.0,180.0,105.0
20260811_184731__rp0p75__vinf25__inc30__toff59132__Om90__om120,3.8918636572363248,0.30841328913642463,-0.1885738141033124,0.1497498770912783,0,,Neptune,1.8774518117533743,0.75,25.0,30.0,59132.0,90.0,120.0
20260811_184731__rp0p75__vinf25__incm30__toff59132__Om270__om300,3.891863657167232,0.30841328912760885,-0.1885738140013003,0.1497498772072798,0,,Neptune,1.8774518117550054,0.75,25.0,-30.0,59132.0,270.0,300.0
20260811_184731__rp1__vinf25__inc0__toff59132__Om180__om315,3.889202982864884,0.2113767518615292,0.2512707824954078,0.116361754513216,1,Neptune,Neptune,3.2499761336824586,1.0,25.0,0.0,59132.0,180.0,315.0
20260811_184731__rp1__vinf25__inc0__toff59132__Om0__om135,3.8892029822616463,0.21137675174491738,0.2512707822990797,0.1163617544967697,1,Neptune,Neptune,3.2499761336835147,1.0,25.0,0.0,59132.0,0.0,135.0
20260811_184731__rp1__vinf25__inc0__toff59132__Om270__om225,3.8892029812094613,0.21137675152149119,0.2512707819210195,0.116361754453957,1,Neptune,Neptune,3.249976133685594,1.0,25.0,0.0,59132.0,270.0,225.0
20260811_184731__rp1__vinf25__inc0__toff59132__Om90__om45,3.8892029764119975,0.21137675056595356,0.2512707803073829,0.1163617542900924,1,Neptune,Neptune,3.249976133685549,1.0,25.0,0.0,59132.0,90.0,45.0
20260811_184731__rp0p5__vinf25__incm90__toff59132__Om180__om165,3.887637072733235,0.16850597335511827,0.1827740778988392,0.0967156023941631,0,,Neptune,2.510703003754826,0.5,25.0,-90.0,59132.0,180.0,165.0
20260811_184731__rp0p5__vinf25__inc90__toff59132__Om0__om345,3.8876370683909203,0.1685059724899419,0.1827740766287017,0.0967156019907938,0,,Neptune,2.510703003754009,0.5,25.0,90.0,59132.0,0.0,345.0
20260811_184731__rp0p25__vinf25__incm90__toff59132__Om90__om180,3.8836096061948444,0.2724478432779827,-0.1226238814302395,0.1705182419859316,1,Uranus,Uranus,2.843031637452631,0.25,25.0,-90.0,59132.0,90.0,180.0
20260811_184731__rp0p25__vinf25__inc90__toff59132__Om270__om0,3.8836096033259144,0.2724478426985762,-0.1226238811556296,0.1705182414099797,1,Uranus,Uranus,2.843031637454457,0.25,25.0,90.0,59132.0,270.0,0.0
20260811_184731__rp0p75__vinf25__inc90__toff59132__Om0__om180,3.883021462474579,0.24447292397185572,-0.1040989321796849,0.1498611195997162,1,Neptune,Neptune,2.2906181187354955,0.75,25.0,90.0,59132.0,0.0,180.0
20260811_184731__rp0p75__vinf25__incm90__toff59132__Om180__om0,3.88302146229044,0.24447292393592032,-0.1040989319574301,0.1498611197903599,1,Neptune,Neptune,2.290618118735428,0.75,25.0,-90.0,59132.0,180.0,0.0
20260811_184731__rp0p75__vinf25__incm30__toff59132__Om0__om135,3.881787991256488,0.26574851243572084,-0.0651283679696512,0.2205016517215946,1,Neptune,Neptune,2.7457022337424446,0.75,25.0,-30.0,59132.0,0.0,135.0
20260811_184731__rp0p75__vinf25__inc30__toff59132__Om180__om315,3.8817879908530872,0.26574851235614766,-0.0651283678556347,0.2205016517171817,1,Neptune,Neptune,2.7457022337411363,0.75,25.0,30.0,59132.0,180.0,315.0
20260811_184731__rp0p75__vinf25__inc60__toff59132__Om270__om150,3.879946441871065,0.250920580240167,0.318506394053654,0.256155611462845,1,Neptune,Uranus,2.6779582214010493,0.75,25.0,60.0,59132.0,270.0,150.0
20260811_184731__rp0p75__vinf25__incm60__toff59132__Om90__om330,3.8799464387774147,0.25092057961975667,0.3185063947648142,0.2561556107848727,1,Neptune,Uranus,2.677958221400384,0.75,25.0,-60.0,59132.0,90.0,330.0
20260811_184731__rp0p75__vinf25__incm90__toff59132__Om90__om330,3.877995160588764,0.25312286379368887,0.1697411177860152,0.2527707652985795,1,Neptune,Neptune,2.7166449045195438,0.75,25.0,-90.0,59132.0,90.0,330.0
20260811_184731__rp0p75__vinf25__inc90__toff59132__Om270__om150,3.877995142219391,0.2531228601231843,0.1697411237234495,0.2527707607083492,1,Neptune,Neptune,2.7166449045185534,0.75,25.0,90.0,59132.0,270.0,150.0
20260811_184731__rp0p75__vinf25__inc30__toff59132__Om90__om150,3.8777178290482066,0.2816723262380207,-0.165693269688106,0.1343931080363114,0,,Mars,2.0973325546621115,0.75,25.0,30.0,59132.0,90.0,150.0
20260811_184731__rp0p75__vinf25__incm30__toff59132__Om270__om330,3.8777178276404,0.28167232596042524,-0.1656932694443156,0.1343931078953363,0,,Mars,2.0973325546615804,0.75,25.0,-30.0,59132.0,270.0,330.0
20260811_184731__rp0p5__vinf25__incm90__toff59132__Om180__om210,3.8768928861216145,0.24800515434766404,0.3265540084504618,0.162383169181017,0,,Saturn,2.1176093336209005,0.5,25.0,-90.0,59132.0,180.0,210.0
20260811_184731__rp0p5__vinf25__inc90__toff59132__Om0__om30,3.8768928860884193,0.2480051543419805,0.3265540084411685,0.1623831691887454,0,,Saturn,2.117609333619915,0.5,25.0,90.0,59132.0,0.0,30.0
20260811_184731__rp0p75__vinf25__inc60__toff59132__Om90__om75,3.8743517698272383,0.20729665613240886,0.1302066289223619,0.1972205500458387,1,Neptune,Neptune,3.0544390483728354,0.75,25.0,60.0,59132.0,90.0,75.0
20260811_184731__rp0p75__vinf25__incm60__toff59132__Om270__om255,3.874351768995801,0.2072966559597644,0.1302066293150193,0.1972205498495523,1,Neptune,Neptune,3.054439048374906,0.75,25.0,-60.0,59132.0,270.0,255.0
20260811_184731__rp0p75__vinf25__incm90__toff59132__Om270__om195,3.869942298949219,0.25186614019702547,0.1748790037902817,0.2512296800417059,1,Neptune,Neptune,2.712376820792404,0.75,25.0,-90.0,59132.0,270.0,195.0
20260811_184731__rp0p75__vinf25__inc90__toff59132__Om90__om15,3.869942293325567,0.25186613904581323,0.1748790020317202,0.2512296785833364,1,Neptune,Neptune,2.712376820791674,0.75,25.0,90.0,59132.0,90.0,15.0
20260811_184731__rp1p25__vinf25__incm60__toff59132__Om180__om285,3.868761216808845,0.36228116744662364,0.5426770859905353,0.4133979923977592,1,Neptune,Neptune,2.0765583196813218,1.25,25.0,-60.0,59132.0,180.0,285.0
20260811_184731__rp1p25__vinf25__inc60__toff59132__Om0__om105,3.8687612129824482,0.3622811666911613,0.5426770858811146,0.4133979913470628,1,Neptune,Neptune,2.0765583196835142,1.25,25.0,60.0,59132.0,0.0,105.0
20260811_184731__rp0p5__vinf25__inc90__toff59132__Om180__om150,3.8659724211596647,0.2103888530471,0.2618824784805612,0.1860862832286951,0,,Neptune,1.9893854457687912,0.5,25.0,90.0,59132.0,180.0,150.0
20260811_184731__rp0p5__vinf25__incm90__toff59132__Om0__om330,3.8659724197496903,0.21038885276701305,0.261882478061522,0.1860862836130006,0,,Neptune,1.9893854457699405,0.5,25.0,-90.0,59132.0,0.0,330.0
20260811_184731__rp0p25__vinf25__inc30__toff59132__Om90__om300,3.8642614441648617,0.28288141499139685,0.4032150494329508,0.1757340507644542,0,,Saturn,2.150547863751448,0.25,25.0,30.0,59132.0,90.0,300.0
20260811_184731__rp0p25__vinf25__incm30__toff59132__Om270__om120,3.864261444030279,0.2828814149610618,0.4032150493784766,0.1757340508079973,0,,Saturn,2.150547863747874,0.25,25.0,-30.0,59132.0,270.0,120.0
20260811_184731__rp0p5__vinf25__incm60__toff59132__Om0__om30,3.8624481225697878,0.2278570840286011,0.2890640306831781,0.1652234153571624,0,,Saturn,2.0901757074655243,0.5,25.0,-60.0,59132.0,0.0,30.0
20260811_184731__rp0p5__vinf25__inc60__toff59132__Om180__om210,3.8624481134616078,0.22785708221048268,0.2890640273441603,0.1652234152835587,0,,Saturn,2.0901757074663685,0.5,25.0,60.0,59132.0,180.0,210.0
20260811_184731__rp0p25__vinf25__inc60__toff59132__Om180__om300,3.8586954330392897,0.25000541062132325,-0.0638767763714823,0.1992541200692392,1,Neptune,Neptune,2.2290200751531954,0.25,25.0,60.0,59132.0,180.0,300.0
20260811_184731__rp0p25__vinf25__incm60__toff59132__Om0__om120,3.858695432285936,0.2500054105023344,-0.0638767754156223,0.1992541208439239,1,Neptune,Neptune,2.2290200751635325,0.25,25.0,-60.0,59132.0,0.0,120.0
20260811_184731__rp0p75__vinf25__inc60__toff59132__Om0__om15,3.857497198243363,0.25868509778761106,0.3480868339092134,0.1633154278486308,1,Saturn,Saturn,2.253548482317425,0.75,25.0,60.0,59132.0,0.0,15.0
20260811_184731__rp0p75__vinf25__incm60__toff59132__Om180__om195,3.8574971963827656,0.25868509742447227,0.3480868331536221,0.1633154277809401,1,Saturn,Saturn,2.2535484823115652,0.75,25.0,-60.0,59132.0,180.0,195.0
20260811_184731__rp0p5__vinf25__inc60__toff59132__Om270__om315,3.857133089179201,0.3080743179479371,-0.1798523340607576,0.1602511929392304,1,Uranus,Uranus,2.6059519799367643,0.5,25.0,60.0,59132.0,270.0,315.0
20260811_184731__rp0p5__vinf25__incm60__toff59132__Om90__om135,3.8571330881380286,0.30807431773031585,-0.1798523333801798,0.1602511934231547,1,Uranus,Uranus,2.605951979941454,0.5,25.0,-60.0,59132.0,90.0,135.0
20260811_184731__rp0p75__vinf25__incm90__toff59132__Om180__om15,3.8564369104737426,0.25677088537463993,-0.1192415722813957,0.1508782899460897,0,,Neptune,2.0808170001455975,0.75,25.0,-90.0,59132.0,180.0,15.0
20260811_184731__rp0p75__vinf25__inc90__toff59132__Om0__om195,3.8564369099984597,0.2567708852806989,-0.1192415722503902,0.1508782898430696,0,,Neptune,2.0808170001447617,0.75,25.0,90.0,59132.0,0.0,195.0
20260811_184731__rp0p75__vinf25__incm60__toff59132__Om90__om300,3.856156924598616,0.25899866959881396,0.3600106463772677,0.2058327553558802,0,,Uranus,2.180119479244546,0.75,25.0,-60.0,59132.0,90.0,300.0
20260811_184731__rp0p75__vinf25__inc60__toff59132__Om270__om120,3.8561569216512823,0.2589986690054189,0.3600106448970396,0.2058327545374734,0,,Uranus,2.180119479245152,0.75,25.0,60.0,59132.0,270.0,120.0
20260811_184731__rp0p75__vinf25__inc0__toff59132__Om0__om210,3.8527594404248062,0.32299964082299404,-0.193295050663921,0.169128587363896,0,,Neptune,1.7797163910412868,0.75,25.0,0.0,59132.0,0.0,210.0
20260811_184731__rp0p75__vinf25__inc0__toff59132__Om180__om30,3.8527594402025325,0.32299964077429855,-0.1932950504362409,0.169128587570531,0,,Neptune,1.7797163910419571,0.75,25.0,0.0,59132.0,180.0,30.0
20260811_184731__rp0p75__vinf25__inc0__toff59132__Om90__om120,3.852759439670427,0.32299964066179304,-0.1932950499210008,0.1691285880340457,0,,Neptune,1.7797163910465619,0.75,25.0,0.0,59132.0,90.0,120.0
20260811_184731__rp0p75__vinf25__inc0__toff59132__Om270__om300,3.852759439658038,0.32299964067009823,-0.193295049952315,0.1691285880084824,0,,Neptune,1.7797163910424412,0.75,25.0,0.0,59132.0,270.0,300.0
20260811_184731__rp0p75__vinf25__inc0__toff59132__Om180__om330,3.850695872565008,0.13560649064670074,-0.049176714796891,0.0736109600429624,1,Neptune,Neptune,3.4581787008225464,0.75,25.0,0.0,59132.0,180.0,330.0
20260811_184731__rp0p75__vinf25__inc0__toff59132__Om270__om240,3.8506958697096842,0.13560649009826245,-0.0491767129913763,0.0736109613061052,1,Neptune,Neptune,3.45817870080871,0.75,25.0,0.0,59132.0,270.0,240.0
20260811_184731__rp0p75__vinf25__inc0__toff59132__Om90__om60,3.8506958661403,0.13560648935859823,-0.0491767106662186,0.0736109628971156,1,Neptune,Neptune,3.4581787008191505,0.75,25.0,0.0,59132.0,90.0,60.0
20260811_184731__rp0p75__vinf25__inc0__toff59132__Om0__om150,3.850695858725274,0.13560648789074578,-0.0491767059615504,0.0736109661470721,1,Neptune,Neptune,3.4581787008123483,0.75,25.0,0.0,59132.0,0.0,150.0
20260811_184731__rp1__vinf25__inc30__toff59132__Om90__om60,3.8491254814755265,0.1880760581824325,0.222769269769722,0.1759431664123585,1,Neptune,Neptune,3.2406520869317905,1.0,25.0,30.0,59132.0,90.0,60.0
20260811_184731__rp1__vinf25__incm30__toff59132__Om270__om240,3.849125458100145,0.18807605351209503,0.2227692619591098,0.1759431643531704,1,Neptune,Neptune,3.240652086930387,1.0,25.0,-30.0,59132.0,270.0,240.0
20260811_184731__rp0p5__vinf25__inc90__toff59132__Om90__om345,3.848867493213289,0.23711471886199098,0.2950900190326352,0.2385119931400642,1,Neptune,Neptune,2.5115041016732107,0.5,25.0,90.0,59132.0,90.0,345.0
20260811_184731__rp0p5__vinf25__incm90__toff59132__Om270__om165,3.8488674928134907,0.23711471879319848,0.2950900191447211,0.2385119930688665,1,Neptune,Neptune,2.5115041016753987,0.5,25.0,-90.0,59132.0,270.0,165.0
20260811_184731__rp1__vinf25__inc60__toff59132__Om0__om120,3.847134206836255,0.2772031701209406,0.1696269157872713,0.2839577413503547,1,Neptune,Neptune,2.7531974562452532,1.0,25.0,60.0,59132.0,0.0,120.0
20260811_184731__rp1__vinf25__incm60__toff59132__Om180__om300,3.846599251118595,0.2770958721361015,0.1703230615312668,0.2838088816159686,1,Neptune,Neptune,2.75319738622127,1.0,25.0,-60.0,59132.0,180.0,300.0
20260811_184731__rp0p25__vinf25__inc60__toff59132__Om0__om345,3.846562017972672,0.12844914793963125,0.1269017824939559,0.0594731024660232,0,,Neptune,2.7920855491532754,0.25,25.0,60.0,59132.0,0.0,345.0
20260811_184731__rp0p25__vinf25__incm60__toff59132__Om180__om165,3.8465619734969643,0.1284491392775791,0.1269017713779271,0.0594730936545057,0,,Neptune,2.7920855491408796,0.25,25.0,-60.0,59132.0,180.0,165.0
20260811_184731__rp1__vinf25__incm30__toff59132__Om180__om330,3.8448011550638914,0.1576273205969389,0.1645190195864129,0.0659368937460716,2,"Jupiter,Neptune",Neptune,3.3564858167129747,1.0,25.0,-30.0,59132.0,180.0,330.0
20260811_184731__rp1__vinf25__inc30__toff59132__Om0__om150,3.8448011295867883,0.15762731548245168,0.1645190130083812,0.0659368962389097,2,"Jupiter,Neptune",Neptune,3.3564858167100637,1.0,25.0,30.0,59132.0,0.0,150.0
20260811_184731__rp0p5__vinf25__inc90__toff59132__Om0__om300,3.842229985966757,0.1668542369799602,-0.0768853564673578,0.0794771833854452,1,Mars,Mars,3.532912816893567,0.5,25.0,90.0,59132.0,0.0,300.0
20260811_184731__rp0p5__vinf25__incm90__toff59132__Om180__om120,3.8422299681552943,0.1668542362605923,-0.0768853559740723,0.0794771830753768,1,Mars,Mars,3.532912680589719,0.5,25.0,-90.0,59132.0,180.0,120.0
20260811_184731__rp0p75__vinf25__inc30__toff59132__Om180__om195,3.842049526803949,0.24550544686146783,0.3185078003670319,0.1485691249030624,0,,Saturn,2.0489150354762264,0.75,25.0,30.0,59132.0,180.0,195.0
20260811_184731__rp0p75__vinf25__incm30__toff59132__Om0__om15,3.8420495265688945,0.24550544681797515,0.318507800270939,0.1485691248471293,0,,Saturn,2.0489150354775996,0.75,25.0,-30.0,59132.0,0.0,15.0
20260811_184731__rp0p5__vinf25__incm90__toff59132__Om90__om300,3.8394142432870106,0.23953118563094464,0.3008771373695854,0.2416915876766747,1,Neptune,Neptune,2.5585883782857697,0.5,25.0,-90.0,59132.0,90.0,300.0
20260811_184731__rp0p5__vinf25__inc90__toff59132__Om270__om120,3.8394142424931927,0.23953118548200897,0.3008771375952169,0.241691587520992,1,Neptune,Neptune,2.5585883782840493,0.5,25.0,90.0,59132.0,270.0,120.0
20260811_184731__rp0p75__vinf25__incm30__toff59132__Om270__om15,3.8372553629032318,0.22420271369063807,-0.1164213410915105,0.1081089560696093,2,"Mars,Uranus",Mars,2.2701021353022663,0.75,25.0,-30.0,59132.0,270.0,15.0
20260811_184731__rp0p75__vinf25__inc30__toff59132__Om90__om195,3.8372553616456075,0.22420271343551662,-0.1164213405257188,0.1081089563647936,2,"Mars,Uranus",Mars,2.2701021353039486,0.75,25.0,30.0,59132.0,90.0,195.0
20260811_184731__rp1p5__vinf25__incm30__toff59132__Om90__om15,3.836302752150371,0.4580246850982474,1.1302312393257266,0.348406396845008,0,,Moon,1.4985985646186164,1.5,25.0,-30.0,59132.0,90.0,15.0
20260811_184731__rp1p5__vinf25__inc30__toff59132__Om270__om195,3.83630275089582,0.45802468484840453,1.1302312380252326,0.3484063968330768,0,,Moon,1.4985986637874125,1.5,25.0,30.0,59132.0,270.0,195.0
20260811_184731__rp0p75__vinf25__inc30__toff59132__Om90__om345,3.832195474528201,0.26107657341724794,-0.1114142097227232,0.1658536761780666,0,,Uranus,2.204218298951568,0.75,25.0,30.0,59132.0,90.0,345.0
20260811_184731__rp0p75__vinf25__incm30__toff59132__Om270__om165,3.8321862054882057,0.2610747196442765,-0.1114130332428969,0.1658522296462037,0,,Uranus,2.204218298952151,0.75,25.0,-30.0,59132.0,270.0,165.0
20260811_184731__rp1p5__vinf25__incm60__toff59132__Om90__om15,3.83177538454819,0.3716019581339284,0.7176862920704791,0.3071053779978076,1,Neptune,Neptune,2.00613945818303,1.5,25.0,-60.0,59132.0,90.0,15.0
20260811_184731__rp1p5__vinf25__inc60__toff59132__Om270__om195,3.8317753168518025,0.37160194459583745,0.7176862447298432,0.3071053791056276,1,Neptune,Neptune,2.006139458182759,1.5,25.0,60.0,59132.0,270.0,195.0
20260811_184731__rp1__vinf25__inc0__toff59132__Om270__om270,3.8261599761916365,0.24058437346700476,-0.1245106448349223,0.1216069648491389,1,Neptune,Neptune,2.3990754028204675,1.0,25.0,0.0,59132.0,270.0,270.0
20260811_184731__rp1__vinf25__inc0__toff59132__Om90__om90,3.8261599761848863,0.24058437347284156,-0.1245106448004725,0.1216069648968115,1,Neptune,Neptune,2.3990754028206025,1.0,25.0,0.0,59132.0,90.0,90.0
20260811_184731__rp1__vinf25__inc0__toff59132__Om180__om0,3.8261599761848863,0.24058437347284156,-0.1245106448004725,0.1216069648968115,1,Neptune,Neptune,2.3990754028206025,1.0,25.0,0.0,59132.0,180.0,0.0
20260811_184731__rp1__vinf25__inc0__toff59132__Om0__om180,3.8261599761848863,0.24058437347284156,-0.1245106448004725,0.1216069648968115,1,Neptune,Neptune,2.3990754028206025,1.0,25.0,0.0,59132.0,0.0,180.0
20260811_184731__rp0p25__vinf25__incm60__toff59132__Om0__om255,3.825405019536186,0.29706580376696784,-0.1551625269686279,0.1719975402259667,1,Uranus,Uranus,2.10077844091241,0.25,25.0,-60.0,59132.0,0.0,255.0
20260811_184731__rp0p25__vinf25__inc60__toff59132__Om180__om75,3.825405018875005,0.29706580363561486,-0.1551625267970992,0.171997540214281,1,Uranus,Uranus,2.100778440911754,0.25,25.0,60.0,59132.0,180.0,75.0
20260811_184731__rp1__vinf25__incm30__toff59132__Om180__om75,3.824944391472751,0.217317296141736,-0.1079457166820323,0.1083906810492076,1,Uranus,Uranus,3.728099649975347,1.0,25.0,-30.0,59132.0,180.0,75.0
20260811_184731__rp1__vinf25__inc30__toff59132__Om0__om255,3.824944389287553,0.21731729570514252,-0.1079457147901683,0.1083906825797652,1,Uranus,Uranus,3.7280996499752335,1.0,25.0,30.0,59132.0,0.0,255.0
20260811_184731__rp0p5__vinf25__inc30__toff59132__Om90__om300,3.824627277148234,0.2748896099117863,0.3822458008979902,0.1642282129090635,0,,Saturn,2.0588022243206727,0.5,25.0,30.0,59132.0,90.0,300.0
20260811_184731__rp0p5__vinf25__incm30__toff59132__Om270__om120,3.8246272752686785,0.2748896095394276,0.3822458001986671,0.1642282132670511,0,,Saturn,2.0588022243416173,0.5,25.0,-30.0,59132.0,270.0,120.0
20260811_184731__rp0p75__vinf25__inc90__toff59132__Om0__om165,3.823239334556965,0.22587086912044613,-0.0796743763250767,0.1502375615349305,1,Neptune,Neptune,2.4174609840292174,0.75,25.0,90.0,59132.0,0.0,165.0
20260811_184731__rp0p75__vinf25__incm90__toff59132__Om180__om345,3.8232393337891617,0.22587086896749034,-0.0796743753305392,0.1502375623636109,1,Neptune,Neptune,2.4174609840280263,0.75,25.0,-90.0,59132.0,180.0,345.0
20260811_184731__rp0p75__vinf25__inc0__toff59132__Om0__om285,3.8224962368163675,0.23614290700775223,-0.118861046889297,0.1217888697893435,1,Uranus,Uranus,2.2227700626494853,0.75,25.0,0.0,59132.0,0.0,285.0
20260811_184731__rp0p75__vinf25__inc0__toff59132__Om180__om105,3.822496236147089,0.2361429068911494,-0.1188610467495019,0.1217888697846477,1,Uranus,Uranus,2.222770062655525,0.75,25.0,0.0,59132.0,180.0,105.0
20260811_184731__rp0p75__vinf25__inc0__toff59132__Om90__om195,3.822496236147089,0.2361429068911494,-0.1188610467495019,0.1217888697846477,1,Uranus,Uranus,2.222770062655525,0.75,25.0,0.0,59132.0,90.0,195.0
20260811_184731__rp0p75__vinf25__inc0__toff59132__Om270__om15,3.8224962353920255,0.23614290672465205,-0.1188610464677089,0.1217888698709463,1,Uranus,Uranus,2.2227700626525118,0.75,25.0,0.0,59132.0,270.0,15.0
20260811_184731__rp0p25__vinf25__incm30__toff59132__Om270__om90,3.8220761423933047,0.13709119451670168,0.1360096154624613,0.0411982601082007,1,Saturn,Saturn,3.984306870437711,0.25,25.0,-30.0,59132.0,270.0,90.0
20260811_184731__rp0p25__vinf25__inc30__toff59132__Om90__om270,3.8220761417895637,0.13709119443307025,0.1360096153667357,0.041198260194845,1,Saturn,Saturn,3.9843068704406894,0.25,25.0,30.0,59132.0,90.0,270.0
20260811_184731__rp0p75__vinf25__incm30__toff59132__Om270__om345,3.820462687676204,0.26262637389269683,-0.1507261951719493,0.1230942550779789,1,Uranus,Uranus,2.387446004407219,0.75,25.0,-30.0,59132.0,270.0,345.0
20260811_184731__rp0p75__vinf25__inc30__toff59132__Om90__om165,3.8204626875172405,0.262626373855183,-0.1507261949985648,0.1230942552298781,1,Uranus,Uranus,2.3874460044079737,0.75,25.0,30.0,59132.0,90.0,165.0
20260811_184731__rp0p75__vinf25__inc30__toff59132__Om0__om225,3.8124483289790385,0.3130044611169626,-0.1855227350535672,0.1615507773579308,0,,Mars,1.5744973740011587,0.75,25.0,30.0,59132.0,0.0,225.0
20260811_184731__rp0p75__vinf25__incm30__toff59132__Om180__om45,3.8124483289790385,0.3130044611169626,-0.1855227350535672,0.1615507773579308,0,,Mars,1.5744973740011587,0.75,25.0,-30.0,59132.0,180.0,45.0
20260811_184731__rp0p25__vinf25__incm30__toff59132__Om90__om210,3.810474872103066,0.24280675374997648,-0.1325254420881569,0.1155158475894296,1,Uranus,Uranus,2.2469151795956632,0.25,25.0,-30.0,59132.0,90.0,210.0
20260811_184731__rp0p25__vinf25__inc30__toff59132__Om270__om30,3.810474865054256,0.24280675232274085,-0.1325254409195155,0.1155158469111711,1,Uranus,Uranus,2.2469151795980227,0.25,25.0,30.0,59132.0,270.0,30.0
20260811_184731__rp0p75__vinf25__incm30__toff59132__Om270__om315,3.8092450632155446,0.2991094786659824,-0.1797724303486797,0.14523269779129,0,,Neptune,1.3994775170440812,0.75,25.0,-30.0,59132.0,270.0,315.0
20260811_184731__rp0p75__vinf25__inc30__toff59132__Om90__om135,3.8092450630421997,0.29910947863154563,-0.1797724303584679,0.1452326977214392,0,,Neptune,1.39947751704511,0.75,25.0,30.0,59132.0,90.0,135.0
20260811_184731__rp0p5__vinf25__incm30__toff59132__Om0__om315,3.802994812825652,0.16024294193675248,-0.0624388071621023,0.0871062298825254,0,,Jupiter,2.548249556581432,0.5,25.0,-30.0,59132.0,0.0,315.0
20260811_184731__rp0p5__vinf25__inc60__toff59132__Om270__om300,3.802789759039867,0.31353010374029155,-0.1901907083018121,0.1564949080859444,1,Uranus,Uranus,2.4937269269676414,0.5,25.0,60.0,59132.0,270.0,300.0
20260811_184731__rp0p5__vinf25__incm60__toff59132__Om90__om120,3.8027897589818265,0.3135301037271414,-0.1901907082347474,0.1564949081493649,1,Uranus,Uranus,2.4937269269685136,0.5,25.0,-60.0,59132.0,90.0,120.0
20260811_184731__rp0p75__vinf25__incm60__toff59132__Om90__om315,3.8017649606095465,0.25160123124657846,0.3481572752963348,0.2194440677678293,0,,Uranus,2.400422439317845,0.75,25.0,-60.0,59132.0,90.0,315.0
20260811_184731__rp0p75__vinf25__inc60__toff59132__Om270__om135,3.801764958534915,0.25160123081847724,0.3481572744538569,0.2194440679577262,0,,Uranus,2.4004224393174556,0.75,25.0,60.0,59132.0,270.0,135.0
20260811_184731__rp0p5__vinf25__inc60__toff59132__Om270__om330,3.8007149967939924,0.29543122468858896,-0.1641628686066183,0.1585010158456637,1,Uranus,Uranus,2.6544874005326786,0.5,25.0,60.0,59132.0,270.0,330.0
20260811_184731__rp0p5__vinf25__incm60__toff59132__Om90__om150,3.8007149961431628,0.2954312245587856,-0.1641628685283144,0.1585010157279184,1,Uranus,Uranus,2.654487400532142,0.5,25.0,-60.0,59132.0,90.0,150.0
20260811_184731__rp0p5__vinf25__inc30__toff59132__Om180__om75,3.791237234275105,0.30082499444045524,-0.1760028679650743,0.1528367198465478,1,Uranus,Uranus,2.785960837677443,0.5,25.0,30.0,59132.0,180.0,75.0
20260811_184731__rp0p5__vinf25__incm30__toff59132__Om0__om255,3.7912372331056856,0.30082499420996595,-0.1760028675690065,0.1528367199561391,1,Uranus,Uranus,2.7859608376768024,0.5,25.0,-30.0,59132.0,0.0,255.0
20260811_184731__rp0p5__vinf25__inc30__toff59132__Om270__om0,3.7899005767856284,0.287906984331236,-0.1610373133427507,0.1500680460859773,1,Uranus,Uranus,2.588779438299173,0.5,25.0,30.0,59132.0,270.0,0.0
20260811_184731__rp0p5__vinf25__incm30__toff59132__Om90__om180,3.789900576738732,0.28790698431948275,-0.1610373132280714,0.1500680462061971,1,Uranus,Uranus,2.5887794383003593,0.5,25.0,-30.0,59132.0,90.0,180.0
20260811_184731__rp0p25__vinf25__incm60__toff59132__Om0__om30,3.7870691341231764,0.17272487187725472,0.1101369883412629,0.1584692744313178,1,Saturn,Saturn,2.447908175617407,0.25,25.0,-60.0,59132.0,0.0,30.0
20260811_184731__rp0p25__vinf25__inc60__toff59132__Om180__om210,3.787069132161035,0.17272487151876764,0.1101369498905294,0.1584692735529896,1,Saturn,Saturn,2.447908175641943,0.25,25.0,60.0,59132.0,180.0,210.0
20260811_184731__rp0p5__vinf25__incm60__toff59132__Om270__om165,3.782706571960973,0.2591210658564818,0.3682584521329916,0.2341643149515857,1,Neptune,Neptune,2.407715853519345,0.5,25.0,-60.0,59132.0,270.0,165.0
20260811_184731__rp0p5__vinf25__inc60__toff59132__Om90__om345,3.7827065700300446,0.25912106547908326,0.3682584511429202,0.2341643143639281,1,Neptune,Neptune,2.4077158535206857,0.5,25.0,60.0,59132.0,90.0,345.0
20260811_184731__rp0p75__vinf25__incm30__toff59132__Om90__om120,3.780514704777172,0.304155587176654,-0.178573380484115,0.1552119143038603,0,,Uranus,1.9624129374371244,0.75,25.0,-30.0,59132.0,90.0,120.0
20260811_184731__rp0p75__vinf25__inc30__toff59132__Om270__om300,3.780514704530612,0.3041555871273084,-0.1785733804458791,0.155211914268587,0,,Uranus,1.962412937436995,0.75,25.0,30.0,59132.0,270.0,300.0
20260811_184731__rp0p5__vinf25__incm90__toff59132__Om180__om300,3.7781990862483856,0.23233888700563593,-0.0031203747514135,0.2316677332827124,1,Neptune,Neptune,2.4583011106141384,0.5,25.0,-90.0,59132.0,180.0,300.0
20260811_184731__rp0p5__vinf25__inc90__toff59132__Om0__om120,3.77819908505354,0.23233888679951725,-0.0031203745898783,0.2316677331547086,1,Neptune,Neptune,2.4583011106217554,0.5,25.0,90.0,59132.0,0.0,120.0
20260811_184731__rp1p5__vinf25__inc30__toff59132__Om270__om180,3.7779788436380324,0.37851610818244213,-0.1274520161827534,0.3484296173611266,0,,Uranus,1.5037045117108099,1.5,25.0,30.0,59132.0,270.0,180.0
20260811_184731__rp1p5__vinf25__incm30__toff59132__Om90__om0,3.7779777700247887,0.37851589346249864,-0.1274530739166902,0.3484281104316597,0,,Uranus,1.5037045117106085,1.5,25.0,-30.0,59132.0,90.0,0.0
20260811_184731__rp0p75__vinf25__inc30__toff59132__Om180__om30,3.7701003437065026,0.28721146106570955,-0.1540863918646785,0.1573120438579204,0,,Neptune,1.7808151913258787,0.75,25.0,30.0,59132.0,180.0,30.0
20260811_184731__rp0p75__vinf25__incm30__toff59132__Om0__om210,3.7701003431087834,0.28721146095015887,-0.154086391828671,0.1573120437158137,0,,Neptune,1.7808151913266683,0.75,25.0,-30.0,59132.0,0.0,210.0
20260811_184731__rp1p25__vinf25__inc90__toff59132__Om90__om15,3.769789283510675,0.267840367405138,-0.104270930214803,0.1836009857462339,1,Neptune,Neptune,2.0902782601835934,1.25,25.0,90.0,59132.0,90.0,15.0
20260811_184731__rp1p25__vinf25__incm90__toff59132__Om270__om195,3.769789265720064,0.26784036384550874,-0.1042709266848204,0.1836009842105871,1,Neptune,Neptune,2.090278260184109,1.25,25.0,-90.0,59132.0,270.0,195.0
20260811_184731__rp0p5__vinf25__inc60__toff59132__Om90__om120,3.766256736644791,0.23352309084795925,-0.1595416405971885,0.06964669872329,0,,Neptune,1.8217589561242056,0.5,25.0,60.0,59132.0,90.0,120.0
20260811_184731__rp0p5__vinf25__incm60__toff59132__Om270__om300,3.7662567301672305,0.23352308961881152,-0.1595416393597273,0.069646698529629,0,,Neptune,1.8217589561264895,0.5,25.0,-60.0,59132.0,270.0,300.0
20260811_184731__rp0p25__vinf25__incm60__toff59132__Om270__om330,3.7648532122031133,0.25068523788963226,-0.1577462511740899,0.0967149152411348,1,Uranus,Uranus,2.8777671106699905,0.25,25.0,-60.0,59132.0,270.0,330.0
20260811_184731__rp0p25__vinf25__inc60__toff59132__Om90__om150,3.7648531771415534,0.2506852308852054,-0.1577462459428584,0.0967149113649575,1,Uranus,Uranus,2.8777671106609346,0.25,25.0,60.0,59132.0,90.0,150.0
20260811_184731__rp0p25__vinf25__incm90__toff59132__Om270__om60,3.763778262315309,0.26356334682208976,-0.1145603401050955,0.1660843930888706,1,Uranus,Uranus,2.6630664507816078,0.25,25.0,-90.0,59132.0,270.0,60.0
20260811_184731__rp0p25__vinf25__inc90__toff59132__Om90__om240,3.7637782616726705,0.2635633466935677,-0.1145603399241709,0.1660843930969066,1,Uranus,Uranus,2.6630664507816655,0.25,25.0,90.0,59132.0,90.0,240.0
20260811_184731__rp0p75__vinf25__incm60__toff59132__Om180__om120,3.763690110521311,0.1589829270534904,-0.0792487690840368,0.067841448979295,0,,Jupiter,2.6002083489406846,0.75,25.0,-60.0,59132.0,180.0,120.0
20260811_184731__rp0p75__vinf25__inc0__toff59132__Om270__om135,3.7593800635120944,0.23761551358304556,0.3017220614651471,0.1398183676640161,0,,Uranus,2.2420917275681522,0.75,25.0,0.0,59132.0,270.0,135.0
20260811_184731__rp0p75__vinf25__inc0__toff59132__Om90__om315,3.7593800635120944,0.23761551358304556,0.3017220614651471,0.1398183676640161,0,,Uranus,2.2420917275681522,0.75,25.0,0.0,59132.0,90.0,315.0
20260811_184731__rp0p75__vinf25__inc0__toff59132__Om0__om45,3.759379129394506,0.23761532354577847,0.3017217342357675,0.1398184838381911,0,,Uranus,2.242091727572598,0.75,25.0,0.0,59132.0,0.0,45.0
20260811_184731__rp0p75__vinf25__inc0__toff59132__Om180__om225,3.759377669571292,0.23761503720111696,0.3017212417608416,0.1398186616622811,0,,Uranus,2.2420917275667467,0.75,25.0,0.0,59132.0,180.0,225.0
20260811_184731__rp0p5__vinf25__inc90__toff59132__Om180__om15,3.7589611688698374,0.24337957420971465,-0.0408821740225947,0.2122130358167296,1,Neptune,Neptune,2.4219778723920538,0.5,25.0,90.0,59132.0,180.0,15.0
20260811_184731__rp0p5__vinf25__incm90__toff59132__Om0__om195,3.758961166529133,0.24337957374050348,-0.0408821737444857,0.2122130354380325,1,Neptune,Neptune,2.421977872392998,0.5,25.0,-90.0,59132.0,0.0,195.0
20260811_184731__rp1p25__vinf25__inc60__toff59132__Om0__om120,3.757261556281787,0.2992806972474315,0.4889236388392722,0.3275430125995108,1,Neptune,Neptune,2.418127225908364,1.25,25.0,60.0,59132.0,0.0,120.0
20260811_184731__rp1p25__vinf25__incm60__toff59132__Om180__om300,3.7572615508850933,0.299280696177969,0.4889236410370779,0.3275430114811611,1,Neptune,Neptune,2.4181272259057076,1.25,25.0,-60.0,59132.0,180.0,300.0
20260811_184731__rp0p5__vinf25__inc60__toff59132__Om0__om315,3.7542107337536903,0.17413448705778212,-0.0787293848300683,0.0860607270844553,0,,Jupiter,2.5250652767620974,0.5,25.0,60.0,59132.0,0.0,315.0
20260811_184731__rp1__vinf25__incm30__toff59132__Om180__om120,3.750634744254397,0.16368403058198697,-0.0725816987242569,0.0803899555732233,1,Mars,Mars,4.202306364663765,1.0,25.0,-30.0,59132.0,180.0,120.0
20260811_184731__rp1__vinf25__inc30__toff59132__Om0__om300,3.7506347440218004,0.16368403053816286,-0.0725816992535786,0.0803899549604943,1,Mars,Mars,4.20230636466025,1.0,25.0,30.0,59132.0,0.0,300.0
20260811_184731__rp0p75__vinf25__incm30__toff59132__Om180__om135,3.7477791507830363,0.15615781755805008,-0.0689554550905289,0.0756313086934906,1,Jupiter,Jupiter,3.3837656027092633,0.75,25.0,-30.0,59132.0,180.0,135.0
20260811_184731__rp0p75__vinf25__inc30__toff59132__Om0__om315,3.747779148304953,0.156157817062168,-0.0689554548908655,0.0756313083433552,1,Jupiter,Jupiter,3.383765602709427,0.75,25.0,30.0,59132.0,0.0,315.0
20260811_184731__rp1__vinf25__inc30__toff59132__Om270__om165,3.7427578561352766,0.2402055639333056,0.0155017170797132,0.2429536574162371,0,,Uranus,1.9618316166760268,1.0,25.0,30.0,59132.0,270.0,165.0
20260811_184731__rp1__vinf25__incm30__toff59132__Om90__om345,3.7427578555828713,0.2402055638191393,0.0155017171687742,0.2429536572565531,0,,Uranus,1.9618316166750183,1.0,25.0,-30.0,59132.0,90.0,345.0
20260811_184731__rp0p75__vinf25__inc30__toff59132__Om180__om210,3.737073770821569,0.2560278752191007,0.3406033015066899,0.1548652089587738,0,,Saturn,1.9717789009512057,0.75,25.0,30.0,59132.0,180.0,210.0
20260811_184731__rp0p75__vinf25__incm30__toff59132__Om0__om30,3.7370737681001023,0.25602787467312055,0.3406033003319039,0.154865208622783,0,,Saturn,1.9717789009503879,0.75,25.0,-30.0,59132.0,0.0,30.0
20260811_184731__rp0p5__vinf25__inc30__toff59132__Om180__om135,3.7349426048439303,0.16017845637699843,-0.0622483877956703,0.0872308513468871,0,,Jupiter,2.5467624310787063,0.5,25.0,30.0,59132.0,180.0,135.0
20260811_184731__rp0p25__vinf25__inc30__toff59132__Om0__om345,3.7305898945562666,0.10153380694261054,0.0948206114242719,0.0415329413292553,1,Saturn,Neptune,2.838418231935077,0.25,25.0,30.0,59132.0,0.0,345.0
20260811_184731__rp0p25__vinf25__incm30__toff59132__Om180__om165,3.730589885383152,0.10153380499814789,0.0948206093979012,0.0415329431874298,1,Saturn,Neptune,2.8384182318664273,0.25,25.0,-30.0,59132.0,180.0,165.0
20260811_184731__rp0p25__vinf25__incm60__toff59132__Om90__om195,3.7268359921037266,0.2751229732985204,-0.1386676875262434,0.1564081698699107,1,Uranus,Uranus,2.6040207195269174,0.25,25.0,-60.0,59132.0,90.0,195.0
20260811_184731__rp0p25__vinf25__inc60__toff59132__Om270__om15,3.7268359912352773,0.2751229731151285,-0.1386676873531164,0.1564081697869329,1,Uranus,Uranus,2.6040207195269307,0.25,25.0,60.0,59132.0,270.0,15.0
20260811_184731__rp0p5__vinf25__incm90__toff59132__Om0__om45,3.726472684304951,0.2067511781141548,0.2483311317986339,0.2013131133127866,0,,Neptune,2.0056688372878604,0.5,25.0,-90.0,59132.0,0.0,45.0
20260811_184731__rp0p5__vinf25__inc90__toff59132__Om180__om225,3.7264726833651003,0.20675117790934416,0.2483311324006222,0.2013131131295202,0,,Neptune,2.0056688372875286,0.5,25.0,90.0,59132.0,180.0,225.0
20260811_184731__rp1p25__vinf25__inc90__toff59132__Om270__om150,3.7237848334964694,0.27682310114969266,-0.1114776413368132,0.189418224209866,1,Neptune,Neptune,2.094735245279062,1.25,25.0,90.0,59132.0,270.0,150.0
20260811_184731__rp1p25__vinf25__incm90__toff59132__Om90__om330,3.723784802500844,0.2768230949487661,-0.1114776375107997,0.1894182188666652,1,Neptune,Neptune,2.0947352452790122,1.25,25.0,-90.0,59132.0,90.0,330.0
20260811_184731__rp0p25__vinf25__inc30__toff59132__Om180__om105,3.722831452594785,0.2575394967678349,-0.1549859736280434,0.1102858170155647,1,Uranus,Uranus,2.3337351438891503,0.25,25.0,30.0,59132.0,180.0,105.0
20260811_184731__rp0p25__vinf25__incm30__toff59132__Om0__om285,3.7228314525040367,0.2575394967072905,-0.1549859735821506,0.1102858169809614,1,Uranus,Uranus,2.333735143866357,0.25,25.0,-30.0,59132.0,0.0,285.0
20260811_184731__rp0p25__vinf25__incm90__toff59132__Om90__om135,3.7206281688689398,0.22878535891106325,-0.1049206330313813,0.1271866189736322,1,Uranus,Uranus,3.029320674131968,0.25,25.0,-90.0,59132.0,90.0,135.0
20260811_184731__rp0p25__vinf25__inc90__toff59132__Om270__om315,3.720628167909835,0.22878535871888941,-0.1049206328677794,0.1271866188915429,1,Uranus,Uranus,3.029320674132799,0.25,25.0,90.0,59132.0,270.0,315.0
20260811_184731__rp0p75__vinf25__inc90__toff59132__Om0__om15,3.7206234043320574,0.23467620603286768,0.297106095269405,0.1436572355490528,0,,Neptune,1.9845194981030945,0.75,25.0,90.0,59132.0,0.0,15.0
20260811_184731__rp0p75__vinf25__incm90__toff59132__Om180__om195,3.7206234039577577,0.23467620595909036,0.2971060951205305,0.1436572354856324,0,,Neptune,1.9845194981030723,0.75,25.0,-90.0,59132.0,180.0,195.0
20260811_184731__rp0p5__vinf25__incm30__toff59132__Om270__om45,3.7131165174646754,0.1980353302004792,-0.0932894713083624,0.0995743245010428,0,,Neptune,2.5348048702893053,0.5,25.0,-30.0,59132.0,270.0,45.0
20260811_184731__rp0p5__vinf25__inc30__toff59132__Om90__om225,3.7131165174646754,0.1980353302004792,-0.0932894713083624,0.0995743245010428,0,,Neptune,2.5348048702893053,0.5,25.0,30.0,59132.0,90.0,225.0
20260811_184731__rp0p5__vinf25__inc60__toff59132__Om180__om60,3.712766807772041,0.2731991197447123,-0.1333152664422668,0.1596023608074992,1,Uranus,Uranus,2.180246308814507,0.5,25.0,60.0,59132.0,180.0,60.0
20260811_184731__rp0p5__vinf25__incm60__toff59132__Om0__om240,3.7127668077560596,0.2731991197419759,-0.1333152664239135,0.1596023608242822,1,Uranus,Uranus,2.1802463088145334,0.5,25.0,-60.0,59132.0,0.0,240.0
20260811_184731__rp0p5__vinf25__incm60__toff59132__Om180__om135,3.7088956404521998,0.16287037042907263,-0.0741133327275598,0.0778216851391893,0,,Jupiter,2.5272443463402032,0.5,25.0,-60.0,59132.0,180.0,135.0
20260811_184731__rp0p5__vinf25__inc30__toff59132__Om90__om315,3.707590647271107,0.27551072066580073,0.3831458690459087,0.1627007640166025,0,,Saturn,1.6366162415896233,0.5,25.0,30.0,59132.0,90.0,315.0
20260811_184731__rp0p5__vinf25__incm30__toff59132__Om270__om135,3.707590646774964,0.27551072056011283,0.3831458688638428,0.1627007641758843,0,,Saturn,1.6366162415896484,0.5,25.0,-30.0,59132.0,270.0,135.0
20260811_184731__rp1__vinf25__incm30__toff59132__Om90__om90,3.7072383314155335,0.23825092133495654,-0.1297690339695794,0.112248956576184,0,,Saturn,2.4112241949547863,1.0,25.0,-30.0,59132.0,90.0,90.0
20260811_184731__rp1__vinf25__inc30__toff59132__Om270__om270,3.7072383308816406,0.2382509212289941,-0.1297690340338938,0.1122489563519205,0,,Saturn,2.411224194954662,1.0,25.0,30.0,59132.0,270.0,270.0
20260811_184731__rp0p5__vinf25__inc60__toff59132__Om90__om135,3.7059213146248933,0.273811260481431,-0.180785271738686,0.1029086698876791,0,,Uranus,1.988107929810381,0.5,25.0,60.0,59132.0,90.0,135.0
20260811_184731__rp0p5__vinf25__incm60__toff59132__Om270__om315,3.705921313368906,0.27381126024039304,-0.1807852714760596,0.1029086698466822,0,,Uranus,1.9881079298085824,0.5,25.0,-60.0,59132.0,270.0,315.0
20260811_184731__rp0p5__vinf25__incm60__toff59132__Om90__om165,3.701903891102189,0.2801859924222539,-0.1486059902360146,0.1526744574144156,1,Uranus,Uranus,2.5656526361841956,0.5,25.0,-60.0,59132.0,90.0,165.0
20260811_184731__rp0p5__vinf25__inc60__toff59132__Om270__om345,3.701903891101574,0.2801859924268988,-0.1486059894033852,0.1526744584057794,1,Uranus,Uranus,2.5656526361849648,0.5,25.0,60.0,59132.0,270.0,345.0
20260811_184731__rp0p25__vinf25__inc90__toff59132__Om0__om30,3.701694592099411,0.14430413838543146,0.1400015603619905,0.1299438313139392,1,Saturn,Saturn,2.3890233646640393,0.25,25.0,90.0,59132.0,0.0,30.0
20260811_184731__rp0p25__vinf25__incm90__toff59132__Om180__om210,3.701694588312015,0.14430413756934862,0.1400015613100133,0.1299438305456679,1,Saturn,Saturn,2.389023364684144,0.25,25.0,-90.0,59132.0,180.0,210.0
20260811_184731__rp0p5__vinf25__inc60__toff59132__Om90__om195,3.701488446154264,0.2530248357888973,-0.1358332609453846,0.126448493868879,1,Uranus,Uranus,2.4834019578778563,0.5,25.0,60.0,59132.0,90.0,195.0
20260811_184731__rp0p5__vinf25__incm60__toff59132__Om270__om15,3.701488439922586,0.2530248345420656,-0.1358332600665052,0.1264484930666183,1,Uranus,Uranus,2.4834019578773825,0.5,25.0,-60.0,59132.0,270.0,15.0
20260811_184731__rp0p25__vinf25__inc90__toff59132__Om90__om180,3.698905018260687,0.22776630409665669,-0.104875442042772,0.1258484980946045,1,Uranus,Uranus,2.9894222279425504,0.25,25.0,90.0,59132.0,90.0,180.0
20260811_184731__rp0p25__vinf25__incm90__toff59132__Om270__om0,3.698905013318625,0.22776630311143248,-0.1048754415983207,0.1258484972435391,1,Uranus,Uranus,2.9894222279421583,0.25,25.0,-90.0,59132.0,270.0,0.0
20260811_184731__rp1__vinf25__inc60__toff59132__Om90__om0,3.6973374236464123,0.2598405105520903,-0.0814147332062158,0.1956947135228813,1,Neptune,Neptune,2.2677359798213788,1.0,25.0,60.0,59132.0,90.0,0.0
20260811_184731__rp1__vinf25__incm60__toff59132__Om270__om180,3.697337398416305,0.25984050551175913,-0.0814147299218638,0.1956947095759667,1,Neptune,Neptune,2.2677359798155203,1.0,25.0,-60.0,59132.0,270.0,180.0
20260811_184731__rp1__vinf25__incm30__toff59132__Om270__om15,3.696749766771787,0.18086130302601042,-0.0848275147920359,0.0875525301617727,1,Mars,Mars,4.204025895865843,1.0,25.0,-30.0,59132.0,270.0,15.0
20260811_184731__rp1__vinf25__inc30__toff59132__Om90__om195,3.6967497665123528,0.18086130297198577,-0.084827514103326,0.0875525308411142,1,Mars,Mars,4.2040258959479475,1.0,25.0,30.0,59132.0,90.0,195.0
20260811_184731__rp1p25__vinf25__inc30__toff59132__Om90__om210,3.6956306679222886,0.12849334931573908,-0.0492869052786675,0.0659572685896874,1,Mars,Mars,10.725465340544815,1.25,25.0,30.0,59132.0,90.0,210.0
20260811_184731__rp1p25__vinf25__incm30__toff59132__Om270__om30,3.6956306678501916,0.12849334928681314,-0.0492869052648979,0.0659572685734327,1,Mars,Mars,10.725465342228095,1.25,25.0,-30.0,59132.0,270.0,30.0
20260811_184731__rp1p5__vinf25__incm90__toff59132__Om270__om225,3.6953740195842695,0.3414066158160749,-0.0300811853185182,0.3714192050693262,0,,Neptune,1.8764528647604493,1.5,25.0,-90.0,59132.0,270.0,225.0
20260811_184731__rp1p5__vinf25__inc90__toff59132__Om90__om45,3.695373857759132,0.3414065834546199,-0.0300811671712712,0.3714191653265328,0,,Neptune,1.8764528647605834,1.5,25.0,90.0,59132.0,90.0,45.0
20260811_184731__rp0p25__vinf25__inc60__toff59132__Om180__om255,3.6935353652784624,0.33235039843633823,0.5912499481820382,0.3133670396630558,1,Venus,Venus,3.593485632101516,0.25,25.0,60.0,59132.0,180.0,255.0
20260811_184731__rp0p25__vinf25__incm60__toff59132__Om0__om75,3.6935353170510714,0.3323503887905577,0.5912499258122258,0.3133670531129139,1,Venus,Venus,3.5934856319160273,0.25,25.0,-60.0,59132.0,0.0,75.0
20260811_184731__rp0p75__vinf25__incm30__toff59132__Om180__om345,3.6906534145817305,0.1362776624557925,-0.0625436099547377,0.0604412265039038,1,Neptune,Neptune,3.2659155422648514,0.75,25.0,-30.0,59132.0,180.0,345.0
20260811_184731__rp0p75__vinf25__inc30__toff59132__Om0__om165,3.690653402260283,0.1362776599743157,-0.0625436130561115,0.0604412205597247,1,Neptune,Neptune,3.265915542264494,0.75,25.0,30.0,59132.0,0.0,165.0
20260811_184731__rp0p25__vinf25__incm90__toff59132__Om90__om195,3.6877199967192853,0.25753908905561124,-0.1081374639000348,0.164236706145098,1,Uranus,Uranus,2.6025041840280525,0.25,25.0,-90.0,59132.0,90.0,195.0
20260811_184731__rp0p25__vinf25__inc90__toff59132__Om270__om15,3.6877199965693057,0.2575390890254935,-0.1081374638934895,0.1642367061082604,1,Uranus,Uranus,2.602504184028715,0.25,25.0,90.0,59132.0,270.0,15.0
20260811_184731__rp0p5__vinf25__inc90__toff59132__Om90__om75,3.6867920301844146,0.24257828871230408,0.0567448392881596,0.2424938953014568,1,Neptune,Neptune,2.5590836225021523,0.5,25.0,90.0,59132.0,90.0,75.0
20260811_184731__rp0p5__vinf25__incm90__toff59132__Om270__om255,3.686791973575459,0.24257827739579021,0.0567448536488802,0.2424938796501259,1,Neptune,Neptune,2.559083622502236,0.5,25.0,-90.0,59132.0,270.0,255.0
20260811_184731__rp0p75__vinf25__inc60__toff59132__Om0__om300,3.685851450619687,0.16126951216268182,-0.0800054632994795,0.0696501409572012,0,,Jupiter,2.6006966282229573,0.75,25.0,60.0,59132.0,0.0,300.0
20260811_184731__rp0p25__vinf25__incm30__toff59132__Om270__om60,3.6843651088272424,0.13899217777676445,-0.0517854309449739,0.0745689226072939,0,,Neptune,2.6856362583173206,0.25,25.0,-30.0,59132.0,270.0,60.0
20260811_184731__rp0p25__vinf25__inc30__toff59132__Om90__om240,3.684365100177246,0.13899217607975853,-0.0517854301164424,0.074568921628845,0,,Neptune,2.6856362583211,0.25,25.0,30.0,59132.0,90.0,240.0
20260811_184731__rp0p75__vinf25__incm90__toff59132__Om0__om0,3.683161929630227,0.1989526543421739,0.2375850309903361,0.157779782349495,0,,Neptune,2.453148212014635,0.75,25.0,-90.0,59132.0,0.0,0.0
20260811_184731__rp0p75__vinf25__inc90__toff59132__Om180__om180,3.683161927215055,0.19895265385926633,0.2375850301043208,0.1577797817782002,0,,Neptune,2.4531482120148196,0.75,25.0,90.0,59132.0,180.0,180.0
20260811_184731__rp1p25__vinf25__inc30__toff59132__Om90__om60,3.681610175767142,0.216335515450104,0.273241957733409,0.1904189724424258,1,Neptune,Neptune,2.893271938296173,1.25,25.0,30.0,59132.0,90.0,60.0
20260811_184731__rp1p25__vinf25__incm30__toff59132__Om270__om240,3.6816101757533035,0.21633551544791263,0.2732419577269288,0.1904189724293647,1,Neptune,Neptune,2.8932719382971803,1.25,25.0,-30.0,59132.0,270.0,240.0
20260811_184731__rp0p5__vinf25__incm90__toff59132__Om0__om180,3.681278431238507,0.2297014447401527,-0.0325006607718336,0.2017271780553033,1,Neptune,Neptune,2.3087362700916527,0.5,25.0,-90.0,59132.0,0.0,180.0
20260811_184731__rp0p5__vinf25__inc90__toff59132__Om180__om0,3.6812784252745177,0.22970144358899777,-0.0325006600989973,0.2017271771670629,1,Neptune,Neptune,2.3087362700890433,0.5,25.0,90.0,59132.0,180.0,0.0
20260811_184731__rp0p5__vinf25__incm90__toff59132__Om0__om210,3.6808213030473818,0.24031872598499712,-0.039978389206714,0.2089029630311699,1,Neptune,Neptune,2.4345178329342643,0.5,25.0,-90.0,59132.0,0.0,210.0
20260811_184731__rp0p5__vinf25__inc90__toff59132__Om180__om30,3.6808212983107804,0.24031872503798235,-0.0399783885627988,0.2089029623542654,1,Neptune,Neptune,2.4345178329338597,0.5,25.0,90.0,59132.0,180.0,30.0
20260811_184731__rp1__vinf25__inc0__toff59132__Om270__om15,3.6766469031825704,0.2529141877571557,-0.181828127693752,0.0693985730701414,1,Uranus,Jupiter,2.281279536564459,1.0,25.0,0.0,59132.0,270.0,15.0
20260811_184731__rp0p75__vinf25__inc0__toff59132__Om0__om270,3.676618867569269,0.24746255281949583,-0.1328812100182879,0.1217917313020373,1,Uranus,Uranus,2.6828456285576032,0.75,25.0,0.0,59132.0,0.0,270.0
20260811_184731__rp0p75__vinf25__inc0__toff59132__Om180__om90,3.676618867569269,0.24746255281949583,-0.1328812100182879,0.1217917313020373,1,Uranus,Uranus,2.6828456285576032,0.75,25.0,0.0,59132.0,180.0,90.0
20260811_184731__rp0p75__vinf25__inc0__toff59132__Om90__om180,3.676618867569269,0.24746255281949583,-0.1328812100182879,0.1217917313020373,1,Uranus,Uranus,2.6828456285576032,0.75,25.0,0.0,59132.0,90.0,180.0
20260811_184731__rp0p75__vinf25__inc0__toff59132__Om270__om0,3.676618867569269,0.24746255281949583,-0.1328812100182879,0.1217917313020373,1,Uranus,Uranus,2.6828456285576032,0.75,25.0,0.0,59132.0,270.0,0.0
20260811_184731__rp0p5__vinf25__incm60__toff59132__Om270__om0,3.6765711054027372,0.26786731197443064,-0.1550418430498843,0.1258576277120188,1,Uranus,Uranus,2.5291588100408284,0.5,25.0,-60.0,59132.0,270.0,0.0
20260811_184731__rp0p5__vinf25__inc60__toff59132__Om90__om180,3.676571095721805,0.2678673100371316,-0.1550418417140699,0.1258576263619663,1,Uranus,Uranus,2.5291588100386506,0.5,25.0,60.0,59132.0,90.0,180.0
20260811_184731__rp1__vinf25__inc0__toff59132__Om0__om285,3.676547422702991,0.25289431703466836,-0.1818153042984804,0.0693855336671557,1,Uranus,Jupiter,2.281279548751855,1.0,25.0,0.0,59132.0,0.0,285.0
20260811_184731__rp1__vinf25__inc0__toff59132__Om180__om105,3.676491629289893,0.2528831523320235,-0.1818083176537029,0.0693779214509564,1,Uranus,Jupiter,2.281279545821774,1.0,25.0,0.0,59132.0,180.0,105.0
20260811_184731__rp1__vinf25__inc0__toff59132__Om90__om195,3.676491629289893,0.2528831523320235,-0.1818083176537029,0.0693779214509564,1,Uranus,Jupiter,2.281279545821774,1.0,25.0,0.0,59132.0,90.0,195.0
20260811_184731__rp0p75__vinf25__incm30__toff59132__Om0__om105,3.6727646657556576,0.34002587956081914,0.328659894460558,0.3723611176338187,1,Neptune,Neptune,2.258830391689103,0.75,25.0,-30.0,59132.0,0.0,105.0
20260811_184731__rp0p75__vinf25__inc30__toff59132__Om180__om285,3.6727646627912938,0.34002587896552283,0.3286598957689611,0.3723611168108381,1,Neptune,Neptune,2.258830391690394,0.75,25.0,30.0,59132.0,180.0,285.0
20260811_184731__rp0p5__vinf25__incm90__toff59132__Om90__om30,3.671242751668159,0.23938780681287622,0.056804436912114,0.2383675619215334,1,Neptune,Neptune,2.4919132469662815,0.5,25.0,-90.0,59132.0,90.0,30.0
20260811_184731__rp0p5__vinf25__inc90__toff59132__Om270__om210,3.6712426501621542,0.23938778650521544,0.0568044670090869,0.2383675337965029,1,Neptune,Neptune,2.4919132469670324,0.5,25.0,90.0,59132.0,270.0,210.0
20260811_184731__rp0p5__vinf25__incm60__toff59132__Om270__om285,3.6682036922728614,0.17590490534487147,-0.1212209657316911,0.0404302335291328,1,Neptune,Neptune,2.372409316124313,0.5,25.0,-60.0,59132.0,270.0,285.0
20260811_184731__rp0p5__vinf25__inc60__toff59132__Om90__om105,3.6682036837534886,0.17590490359414024,-0.1212209664340988,0.0404302305684338,1,Neptune,Neptune,2.3724093161152595,0.5,25.0,60.0,59132.0,90.0,105.0
20260811_184731__rp0p5__vinf25__inc30__toff59132__Om90__om270,3.6540496072155477,0.13276121144943856,0.1311594485525476,0.046763453982272,1,Saturn,Saturn,5.115759409746437,0.5,25.0,30.0,59132.0,90.0,270.0
20260811_184731__rp0p5__vinf25__incm30__toff59132__Om270__om90,3.6540496072155477,0.13276121144943856,0.1311594485525476,0.046763453982272,1,Saturn,Saturn,5.115759409746437,0.5,25.0,-30.0,59132.0,270.0,90.0
20260811_184731__rp0p25__vinf25__incm90__toff59132__Om180__om135,3.6536385652837993,0.10287307039615369,-0.013115599398155,0.0760674403486967,0,,Jupiter,2.230825148017157,0.25,25.0,-90.0,59132.0,180.0,135.0
20260811_184731__rp0p25__vinf25__inc90__toff59132__Om0__om315,3.653638562466298,0.10287306972986204,-0.013115598825149,0.0760674402532936,0,,Jupiter,2.23082514799884,0.25,25.0,90.0,59132.0,0.0,315.0
20260811_184731__rp0p75__vinf25__inc0__toff59132__Om90__om150,3.6529699159259623,0.28767911634904597,-0.1637896216519367,0.1463493696958587,1,Uranus,Uranus,3.2982575948081436,0.75,25.0,0.0,59132.0,90.0,150.0
20260811_184731__rp0p75__vinf25__inc0__toff59132__Om270__om330,3.652969915285791,0.2876791162233742,-0.1637896214336494,0.1463493697601146,1,Uranus,Uranus,3.2982575948074735,0.75,25.0,0.0,59132.0,270.0,330.0
20260811_184731__rp0p75__vinf25__inc0__toff59132__Om0__om240,3.6529699152150608,0.2876791162043257,-0.1637896214003619,0.1463493697700994,1,Uranus,Uranus,3.2982575948076773,0.75,25.0,0.0,59132.0,0.0,240.0
20260811_184731__rp0p75__vinf25__inc0__toff59132__Om180__om60,3.652969915064207,0.28767911617195263,-0.1637896213448242,0.1463493697858046,1,Uranus,Uranus,3.2982575948077226,0.75,25.0,0.0,59132.0,180.0,60.0
20260811_184731__rp1__vinf25__incm60__toff59132__Om180__om0,3.6529590889462105,0.22099614276316218,-0.1058597653834032,0.1156213822021221,1,Neptune,Neptune,2.283051217628155,1.0,25.0,-60.0,59132.0,180.0,0.0
20260811_184731__rp1__vinf25__inc60__toff59132__Om0__om180,3.652959088877706,0.2209961427534859,-0.1058597653131176,0.1156213822670249,1,Neptune,Neptune,2.283051217628741,1.0,25.0,60.0,59132.0,0.0,180.0
20260811_184731__rp0p75__vinf25__incm30__toff59132__Om270__om30,3.65276232534623,0.1983471013288912,-0.0962065631546121,0.0967747041127843,0,,Neptune,2.19037124717268,0.75,25.0,-30.0,59132.0,270.0,30.0
20260811_184731__rp0p75__vinf25__inc30__toff59132__Om90__om210,3.652762324326061,0.19834710112589024,-0.0962065630196101,0.0967747040041988,0,,Neptune,2.190371247172779,0.75,25.0,30.0,59132.0,90.0,210.0
20260811_184731__rp1__vinf25__inc30__toff59132__Om0__om270,3.6510718869280026,0.20575055340648152,-0.0967583282704661,0.1056195532872486,1,Uranus,Uranus,2.601838279454287,1.0,25.0,30.0,59132.0,0.0,270.0
20260811_184731__rp1__vinf25__incm30__toff59132__Om180__om90,3.6510718868766916,0.20575055339520995,-0.0967583282591161,0.105619553285163,1,Uranus,Uranus,2.6018382794542605,1.0,25.0,-30.0,59132.0,180.0,90.0
20260811_184731__rp0p75__vinf25__incm60__toff59132__Om0__om15,3.651006259716207,0.21737165507728295,0.2655825169712135,0.1401412404599029,0,,Neptune,2.1655805732720226,0.75,25.0,-60.0,59132.0,0.0,15.0
20260811_184731__rp0p75__vinf25__inc60__toff59132__Om180__om195,3.651006257525447,0.2173716546326495,0.2655825162599766,0.1401412407701162,0,,Neptune,2.165580573271765,0.75,25.0,60.0,59132.0,180.0,195.0
20260811_184731__rp0p25__vinf25__inc60__toff59132__Om90__om135,3.648998066247497,0.21265194570594856,-0.1418825676690518,0.0626482113950998,1,Uranus,Uranus,2.5604891257867317,0.25,25.0,60.0,59132.0,90.0,135.0
20260811_184731__rp0p25__vinf25__incm60__toff59132__Om270__om315,3.648997841679611,0.21265190076937765,-0.141882521686002,0.0626482070373962,1,Uranus,Uranus,2.560489125780818,0.25,25.0,-60.0,59132.0,270.0,315.0
20260811_184731__rp0p75__vinf25__inc90__toff59132__Om180__om195,3.648316237869672,0.19107506434377325,0.2242784084986054,0.1542346314844687,0,,Neptune,2.4133957603080756,0.75,25.0,90.0,59132.0,180.0,195.0
20260811_184731__rp0p75__vinf25__incm90__toff59132__Om0__om15,3.6483162360848342,0.19107506400596846,0.2242784080280003,0.1542346319352376,0,,Neptune,2.413395760307966,0.75,25.0,-90.0,59132.0,0.0,15.0
20260811_184731__rp0p75__vinf25__incm90__toff59132__Om180__om30,3.6471445566211687,0.25943859503120303,-0.1254832791719994,0.1477867868698385,0,,Neptune,1.79126862153499,0.75,25.0,-90.0,59132.0,180.0,30.0
20260811_184731__rp0p75__vinf25__inc90__toff59132__Om0__om210,3.6471445557088433,0.2594385948489696,-0.1254832780701433,0.1477867878476943,0,,Neptune,1.7912686215348887,0.75,25.0,90.0,59132.0,0.0,210.0
20260811_184731__rp0p5__vinf25__inc60__toff59132__Om270__om270,3.646986595257723,0.24291648117304177,-0.1390908951620586,0.1079629506257015,0,,Uranus,1.9525590510674609,0.5,25.0,60.0,59132.0,270.0,270.0
20260811_184731__rp0p5__vinf25__incm60__toff59132__Om90__om90,3.6469865949870837,0.24291648111997644,-0.1390908949196176,0.1079629508365899,0,,Uranus,1.9525590510678597,0.5,25.0,-60.0,59132.0,90.0,90.0
20260811_184731__rp1__vinf25__inc30__toff59132__Om0__om30,3.6464133984957403,0.2633808245721451,0.361805377330033,0.1786100583591532,0,,Uranus,2.1138954200332805,1.0,25.0,30.0,59132.0,0.0,30.0
20260811_184731__rp1__vinf25__incm30__toff59132__Om180__om210,3.646413396593702,0.26338082421731024,0.3618053766101982,0.1786100584465609,0,,Uranus,2.1138954200334616,1.0,25.0,-30.0,59132.0,180.0,210.0
20260811_184731__rp1__vinf25__inc0__toff59132__Om0__om195,3.644102334637557,0.25755367667887175,-0.1391199765798956,0.129283296085004,0,,Neptune,1.9827082495288628,1.0,25.0,0.0,59132.0,0.0,195.0
20260811_184731__rp1__vinf25__inc0__toff59132__Om90__om105,3.644102334637557,0.25755367667887175,-0.1391199765798956,0.129283296085004,0,,Neptune,1.9827082495288628,1.0,25.0,0.0,59132.0,90.0,105.0
20260811_184731__rp1__vinf25__inc0__toff59132__Om180__om15,3.6441023329602587,0.25755367634042464,-0.1391199763666513,0.1292832958328783,0,,Neptune,1.9827082495297692,1.0,25.0,0.0,59132.0,180.0,15.0
20260811_184731__rp1__vinf25__inc0__toff59132__Om270__om285,3.644102330625746,0.25755367587445416,-0.1391199760729956,0.129283295485828,0,,Neptune,1.9827082495293964,1.0,25.0,0.0,59132.0,270.0,285.0
20260811_184731__rp1__vinf25__inc0__toff59132__Om0__om165,3.6427176776690295,0.1735186006625365,-0.0747461831585243,0.0895770578028782,1,Neptune,Neptune,2.782719472945778,1.0,25.0,0.0,59132.0,0.0,165.0
20260811_184731__rp1__vinf25__inc0__toff59132__Om180__om345,3.6427176761769173,0.17351860037279596,-0.0747461827461317,0.0895770578981217,1,Neptune,Neptune,2.78271947294757,1.0,25.0,0.0,59132.0,180.0,345.0
20260811_184731__rp1__vinf25__inc0__toff59132__Om90__om75,3.6427176761769173,0.17351860037279596,-0.0747461827461317,0.0895770578981217,1,Neptune,Neptune,2.78271947294757,1.0,25.0,0.0,59132.0,90.0,75.0
20260811_184731__rp1__vinf25__inc0__toff59132__Om270__om255,3.6427176761769173,0.17351860037279596,-0.0747461827461317,0.0895770578981217,1,Neptune,Neptune,2.78271947294757,1.0,25.0,0.0,59132.0,270.0,255.0
20260811_184731__rp1p5__vinf25__inc30__toff59132__Om0__om285,3.6412286808166527,0.11157931091108446,-0.0395484511694382,0.058511311632714,1,Mars,Mars,10.729872012019339,1.5,25.0,30.0,59132.0,0.0,285.0
20260811_184731__rp1p5__vinf25__incm30__toff59132__Om180__om105,3.641228680604228,0.11157931086795131,-0.0395484511310109,0.0585113116283463,1,Mars,Mars,10.729872012114843,1.5,25.0,-30.0,59132.0,180.0,105.0
20260811_184731__rp0p75__vinf25__inc30__toff59132__Om270__om240,3.6381900774319114,0.1654497032559098,0.1207428273215677,0.1509165621760018,1,Neptune,Neptune,2.95564810951999,0.75,25.0,30.0,59132.0,270.0,240.0
20260811_184731__rp0p75__vinf25__incm30__toff59132__Om90__om60,3.638189275509343,0.16544954289126887,0.1207425848895699,0.1509163876313854,1,Neptune,Neptune,2.9556481095333016,0.75,25.0,-30.0,59132.0,90.0,60.0
20260811_184731__rp0p5__vinf25__inc60__toff59132__Om180__om315,3.6376928295785627,0.23216392442005776,-0.0436055065922028,0.1945231184569463,1,Neptune,Neptune,2.17870154776141,0.5,25.0,60.0,59132.0,180.0,315.0
20260811_184731__rp0p5__vinf25__incm60__toff59132__Om0__om135,3.637692827365893,0.23216392397733565,-0.0436055062608895,0.194523118183409,1,Neptune,Neptune,2.1787015477615177,0.5,25.0,-60.0,59132.0,0.0,135.0
20260811_184731__rp0p25__vinf25__incm60__toff59132__Om270__om60,3.6374920147823584,0.1984906160370571,-0.0855119135671726,0.1085583128879617,1,Uranus,Uranus,2.3232690502028515,0.25,25.0,-60.0,59132.0,270.0,60.0
20260811_184731__rp0p25__vinf25__inc60__toff59132__Om90__om240,3.637492014519716,0.19849061599475926,-0.0855119135585729,0.1085583128439346,1,Uranus,Uranus,2.323269050198972,0.25,25.0,60.0,59132.0,90.0,240.0
20260811_184731__rp0p5__vinf25__incm60__toff59132__Om270__om30,3.637021446682852,0.23563074130286832,-0.1167689921782398,0.1234361865068431,1,Uranus,Uranus,2.382974798107308,0.5,25.0,-60.0,59132.0,270.0,30.0
20260811_184731__rp0p5__vinf25__inc60__toff59132__Om90__om210,3.637021444064275,0.23563074077923316,-0.1167689919192823,0.1234361860686461,1,Uranus,Uranus,2.382974798107797,0.5,25.0,60.0,59132.0,90.0,210.0
20260811_184731__rp0p75__vinf25__inc30__toff59132__Om180__om300,3.636885717002423,0.2633684977530348,0.025385940418349,0.2731194793687549,1,Neptune,Neptune,2.5811856959152086,0.75,25.0,30.0,59132.0,180.0,300.0
20260811_184731__rp0p75__vinf25__incm30__toff59132__Om0__om120,3.6368857037623212,0.2633684951150257,0.025385931327564,0.2731194767344991,1,Neptune,Neptune,2.5811856959146655,0.75,25.0,-30.0,59132.0,0.0,120.0
20260811_184731__rp0p5__vinf25__incm30__toff59132__Om90__om195,3.6356881322704355,0.25615656643615314,-0.1390622494697561,0.127281527171439,1,Uranus,Uranus,2.27104260109261,0.5,25.0,-30.0,59132.0,90.0,195.0
20260811_184731__rp0p5__vinf25__inc30__toff59132__Om270__om15,3.6356881316402383,0.2561565663119493,-0.1390622493363981,0.1272815271442395,1,Uranus,Uranus,2.271042601091963,0.5,25.0,30.0,59132.0,270.0,15.0
20260811_184731__rp0p75__vinf25__inc90__toff59132__Om0__om150,3.631013797472245,0.2045026685502224,-0.0444543516842894,0.1580266967736633,1,Neptune,Neptune,2.4317025835558215,0.75,25.0,90.0,59132.0,0.0,150.0
20260811_184731__rp0p75__vinf25__incm90__toff59132__Om180__om330,3.6310137974103007,0.20450266854892912,-0.0444543518456107,0.1580266966150636,1,Neptune,Neptune,2.4317025835526893,0.75,25.0,-90.0,59132.0,180.0,330.0
20260811_184731__rp1__vinf25__inc30__toff59132__Om0__om45,3.6272143851034353,0.22704340208936005,0.2826758198871771,0.1407045676247932,0,,Uranus,2.4965252819825894,1.0,25.0,30.0,59132.0,0.0,45.0
20260811_184731__rp1__vinf25__incm30__toff59132__Om180__om225,3.6272143776653705,0.2270434006157849,0.2826758168496087,0.1407045655589957,0,,Uranus,2.4965252819835255,1.0,25.0,-30.0,59132.0,180.0,225.0
20260811_184731__rp0p75__vinf25__incm30__toff59132__Om0__om225,3.625631375575156,0.2781318282530744,-0.1508947396298526,0.1467380152474596,0,,Uranus,1.8148365138922748,0.75,25.0,-30.0,59132.0,0.0,225.0
20260811_184731__rp0p75__vinf25__inc30__toff59132__Om180__om45,3.625631375575156,0.2781318282530744,-0.1508947396298526,0.1467380152474596,0,,Uranus,1.8148365138922748,0.75,25.0,30.0,59132.0,180.0,45.0
20260811_184731__rp0p25__vinf25__inc30__toff59132__Om180__om120,3.6248910935633614,0.18469747342455556,-0.1132355738469242,0.060534875674532,0,,Uranus,2.0083808604691473,0.25,25.0,30.0,59132.0,180.0,120.0
20260811_184731__rp0p25__vinf25__incm30__toff59132__Om0__om300,3.6248910932236162,0.18469747334533168,-0.1132355731533862,0.0605348763756804,0,,Uranus,2.0083808604710387,0.25,25.0,-30.0,59132.0,0.0,300.0
20260811_184731__rp0p5__vinf25__inc30__toff59132__Om0__om45,3.624306904730818,0.16035430553326252,0.1746422136872559,0.1264445082274835,0,,Uranus,2.532698916215107,0.5,25.0,30.0,59132.0,0.0,45.0
20260811_184731__rp0p5__vinf25__incm30__toff59132__Om180__om225,3.624306899879839,0.16035430584113888,0.1746422140296487,0.1264445074147128,0,,Uranus,2.532698916215056,0.5,25.0,-30.0,59132.0,180.0,225.0
20260811_184731__rp1p5__vinf25__inc30__toff59132__Om0__om300,3.6166018519722503,0.1032472238168211,-0.0355348896074348,0.054283563006489,1,Mars,Mars,11.832448293796219,1.5,25.0,30.0,59132.0,0.0,300.0
20260811_184731__rp1p5__vinf25__incm30__toff59132__Om180__om120,3.6166018516292366,0.10324722374820722,-0.0355348898243438,0.05428356271951,1,Mars,Mars,11.832448293793785,1.5,25.0,-30.0,59132.0,180.0,120.0
20260811_184731__rp1__vinf25__inc30__toff59132__Om0__om165,3.6140713660155113,0.15402485825700343,-0.0698740997813243,0.072248659195961,1,Neptune,Neptune,2.9310012200840534,1.0,25.0,30.0,59132.0,0.0,165.0
20260811_184731__rp1__vinf25__incm30__toff59132__Om180__om345,3.614071365564013,0.15402485816255326,-0.0698740997196207,0.0722486591549995,1,Neptune,Neptune,2.9310012200835716,1.0,25.0,-30.0,59132.0,180.0,345.0
20260811_184731__rp0p5__vinf25__inc60__toff59132__Om90__om165,3.6076517897482976,0.2780138428916055,-0.1705502264904032,0.1225522388821007,1,Uranus,Uranus,2.41877834483059,0.5,25.0,60.0,59132.0,90.0,165.0
20260811_184731__rp0p5__vinf25__incm60__toff59132__Om270__om345,3.6076517880695116,0.2780138425527494,-0.1705502262755123,0.1225522386151546,1,Uranus,Uranus,2.418778344829669,0.5,25.0,-60.0,59132.0,270.0,345.0
20260811_184731__rp0p75__vinf25__incm60__toff59132__Om180__om45,3.6068495604761455,0.2971863799862369,-0.1687087691349201,0.1558312014073126,0,,Uranus,1.733913401335719,0.75,25.0,-60.0,59132.0,180.0,45.0
20260811_184731__rp0p75__vinf25__inc60__toff59132__Om0__om225,3.606849560323134,0.2971863799558093,-0.1687087690122541,0.1558312015078629,0,,Uranus,1.7339134013358408,0.75,25.0,60.0,59132.0,0.0,225.0
20260811_184731__rp0p75__vinf25__incm60__toff59132__Om270__om180,3.600372103067729,0.21696067134084387,0.10810676243316,0.2086096212042266,1,Neptune,Neptune,2.6076477723669735,0.75,25.0,-60.0,59132.0,270.0,180.0
20260811_184731__rp0p75__vinf25__inc60__toff59132__Om90__om0,3.600372095281833,0.21696066980840142,0.1081067604192199,0.2086096194012602,1,Neptune,Neptune,2.6076477723627387,0.75,25.0,60.0,59132.0,90.0,0.0
20260811_184731__rp0p75__vinf25__incm60__toff59132__Om180__om105,3.60002245650793,0.21959229255649143,-0.1131935186085135,0.1055399737806331,1,Uranus,Uranus,2.0647537519944565,0.75,25.0,-60.0,59132.0,180.0,105.0
20260811_184731__rp0p75__vinf25__inc60__toff59132__Om0__om285,3.6000224518604256,0.21959229253168092,-0.1131935185847206,0.1055399737742145,1,Uranus,Uranus,2.064753751988975,0.75,25.0,60.0,59132.0,0.0,285.0
20260811_184731__rp1__vinf25__incm30__toff59132__Om90__om300,3.5989238244017336,0.25339251316529865,0.340658347337352,0.1763022410862339,0,,Uranus,2.118194368177773,1.0,25.0,-30.0,59132.0,90.0,300.0
20260811_184731__rp1__vinf25__inc30__toff59132__Om270__om120,3.598923821997525,0.25339251268828517,0.3406583462092759,0.176302240429903,0,,Uranus,2.1181943681783815,1.0,25.0,30.0,59132.0,270.0,120.0
20260811_184731__rp0p25__vinf25__inc60__toff59132__Om270__om285,3.5988108513138632,0.17845325480291108,-0.0272595147002221,0.1431313486799116,1,Uranus,Uranus,2.8766180562816914,0.25,25.0,60.0,59132.0,270.0,285.0
20260811_184731__rp0p25__vinf25__incm60__toff59132__Om90__om105,3.5988102192994016,0.1784531283979857,-0.0272593295131308,0.1431313777216222,1,Uranus,Uranus,2.876618056279795,0.25,25.0,-60.0,59132.0,90.0,105.0
20260811_184731__rp0p75__vinf25__incm30__toff59132__Om270__om105,3.597937430310841,0.19273252276340871,0.217895909696952,0.0925751485850163,1,Saturn,Saturn,3.2400333072686505,0.75,25.0,-30.0,59132.0,270.0,105.0
20260811_184731__rp0p75__vinf25__inc30__toff59132__Om90__om285,3.597937430147237,0.19273252276163758,0.2178959096943303,0.0925751485856471,1,Saturn,Saturn,3.2400333072640586,0.75,25.0,30.0,59132.0,90.0,285.0
20260811_184731__rp0p25__vinf25__incm60__toff59132__Om90__om270,3.593381176639997,0.24419059522673286,0.3246647059565596,0.1859359452537105,0,,Mars,1.8146515660149676,0.25,25.0,-60.0,59132.0,90.0,270.0
20260811_184731__rp0p25__vinf25__inc60__toff59132__Om270__om90,3.5933811758289096,0.24419059505808927,0.3246647055676069,0.185935945017245,0,,Mars,1.8146515665479863,0.25,25.0,60.0,59132.0,270.0,90.0
20260811_184731__rp0p5__vinf25__incm30__toff59132__Om0__om345,3.5921521986252567,0.13833487184267954,0.1405625289811979,0.0777699798515083,0,,Neptune,2.583106987663683,0.5,25.0,-30.0,59132.0,0.0,345.0
20260811_184731__rp0p5__vinf25__inc30__toff59132__Om180__om165,3.592152195941049,0.13833487132806976,0.1405625283761434,0.0777699803786107,0,,Neptune,2.583106987662648,0.5,25.0,30.0,59132.0,180.0,165.0
20260811_184731__rp0p75__vinf25__inc90__toff59132__Om0__om0,3.5918528591280268,0.20012346594903302,0.2339074978347847,0.1225845241535332,0,,Neptune,2.3061236915380614,0.75,25.0,90.0,59132.0,0.0,0.0
20260811_184731__rp0p75__vinf25__incm90__toff59132__Om180__om180,3.5918528589544563,0.20012346591444788,0.2339074977680409,0.1225845240811649,0,,Neptune,2.306123691537787,0.75,25.0,-90.0,59132.0,180.0,180.0
20260811_184731__rp0p75__vinf25__inc60__toff59132__Om180__om180,3.590805348270705,0.1990572497801475,0.2334490457105072,0.130656868186192,0,,Neptune,2.3782632087253313,0.75,25.0,60.0,59132.0,180.0,180.0
20260811_184731__rp0p75__vinf25__incm60__toff59132__Om0__om0,3.5908053465680863,0.19905724940379876,0.2334490451773671,0.1306568686516153,0,,Neptune,2.378263208725758,0.75,25.0,-60.0,59132.0,0.0,0.0
20260811_184731__rp0p5__vinf25__inc60__toff59132__Om90__om150,3.5905266516020893,0.284576352979086,-0.1822826830433445,0.1181602554134994,1,Uranus,Uranus,2.253097355840536,0.5,25.0,60.0,59132.0,90.0,150.0
20260811_184731__rp0p5__vinf25__incm60__toff59132__Om270__om330,3.590526640681827,0.28457635079317933,-0.1822826814056862,0.1181602539854665,1,Uranus,Uranus,2.253097355838677,0.5,25.0,-60.0,59132.0,270.0,330.0
20260811_184731__rp1__vinf25__incm30__toff59132__Om90__om75,3.589235913256024,0.19720339127608652,-0.1013564365816022,0.0896346016404441,1,Neptune,Neptune,2.2971654366986938,1.0,25.0,-30.0,59132.0,90.0,75.0
20260811_184731__rp1__vinf25__inc30__toff59132__Om270__om255,3.5892359073169446,0.1972033900910345,-0.1013564356013017,0.0896346012313239,1,Neptune,Neptune,2.2971654366987413,1.0,25.0,30.0,59132.0,270.0,255.0
20260811_184731__rp0p75__vinf25__inc30__toff59132__Om270__om150,3.587981339050996,0.22797697064516997,0.3010054673853514,0.2199200649968573,0,,Uranus,2.4750657280482455,0.75,25.0,30.0,59132.0,270.0,150.0
20260811_184731__rp0p75__vinf25__incm30__toff59132__Om90__om330,3.587981336488766,0.22797697012547136,0.3010054665286158,0.2199200656220317,0,,Uranus,2.475065728047404,0.75,25.0,-30.0,59132.0,90.0,330.0
20260811_184731__rp0p75__vinf25__incm30__toff59132__Om0__om0,3.576768181754412,0.19222499366995807,0.2198935857269038,0.1121664115150414,0,,Neptune,2.2067220441504065,0.75,25.0,-30.0,59132.0,0.0,0.0
20260811_184731__rp0p75__vinf25__inc30__toff59132__Om180__om180,3.5767681810245633,0.1922249935366309,0.2198935855111913,0.1121664114519583,0,,Neptune,2.206722044148563,0.75,25.0,30.0,59132.0,180.0,180.0
20260811_184731__rp0p75__vinf25__incm90__toff59132__Om180__om210,3.572258878289749,0.2326242733737533,0.2925834954328584,0.1399314864842554,0,,Saturn,1.8330159504518668,0.75,25.0,-90.0,59132.0,180.0,210.0
20260811_184731__rp0p75__vinf25__inc90__toff59132__Om0__om30,3.572258876515316,0.2326242730186221,0.2925834948213194,0.139931486654441,0,,Saturn,1.8330159504521792,0.75,25.0,90.0,59132.0,0.0,30.0
20260811_184731__rp1__vinf25__incm30__toff59132__Om270__om270,3.5666138444903934,0.19487025931231555,-0.0934207703058217,0.0954492219543269,1,Neptune,Neptune,2.561854742399728,1.0,25.0,-30.0,59132.0,270.0,270.0
20260811_184731__rp1__vinf25__inc30__toff59132__Om90__om90,3.5666138444770943,0.19487025931108456,-0.0934207697522948,0.0954492225581444,1,Neptune,Neptune,2.5618547423995124,1.0,25.0,30.0,59132.0,90.0,90.0
20260811_184731__rp0p5__vinf25__inc30__toff59132__Om180__om285,3.565575421454421,0.27499395711423164,0.2019798462199534,0.2810671566743929,1,Neptune,Neptune,2.6651981665747675,0.5,25.0,30.0,59132.0,180.0,285.0
20260811_184731__rp0p5__vinf25__incm30__toff59132__Om0__om105,3.5655754214049207,0.274993957106296,0.2019798462262195,0.2810671566640973,1,Neptune,Neptune,2.6651981665725475,0.5,25.0,-30.0,59132.0,0.0,105.0
20260811_184731__rp1__vinf25__incm30__toff59132__Om270__om0,3.5619506599410338,0.19603580434325238,-0.0962343441668447,0.0938272177146113,1,Uranus,Mars,2.9121169568346756,1.0,25.0,-30.0,59132.0,270.0,0.0
20260811_184731__rp1__vinf25__inc30__toff59132__Om90__om180,3.561950659274403,0.19603580412201585,-0.0962343439270588,0.0938272176999148,1,Uranus,Mars,2.9121169603685315,1.0,25.0,30.0,59132.0,90.0,180.0
20260811_184731__rp1__vinf25__incm90__toff59132__Om90__om330,3.561377622440638,0.22104552308956957,-0.0137159858586889,0.2076984688414139,1,Neptune,Neptune,2.3731174930739196,1.0,25.0,-90.0,59132.0,90.0,330.0
20260811_184731__rp1__vinf25__inc90__toff59132__Om270__om150,3.5613776216704216,0.22104552293523255,-0.0137159839961178,0.2076984703200323,1,Neptune,Neptune,2.373117493073586,1.0,25.0,90.0,59132.0,270.0,150.0
20260811_184731__rp1__vinf25__incm60__toff59132__Om180__om15,3.5583877145976843,0.24046009766349652,-0.1220051742432993,0.1242887527269713,0,,Neptune,1.9244594673353497,1.0,25.0,-60.0,59132.0,180.0,15.0
20260811_184731__rp1__vinf25__inc60__toff59132__Om0__om195,3.5583877126160157,0.24046009726608056,-0.1220051735794225,0.1242887529201699,0,,Neptune,1.924459467335362,1.0,25.0,60.0,59132.0,0.0,195.0
20260811_184731__rp0p75__vinf25__inc90__toff59132__Om90__om0,3.556916575715158,0.21605273491066418,0.175701648937297,0.2081832141702822,1,Neptune,Neptune,2.5081914936817555,0.75,25.0,90.0,59132.0,90.0,0.0
20260811_184731__rp0p75__vinf25__incm90__toff59132__Om270__om180,3.5569165729092127,0.21605273435387232,0.1757016499191478,0.2081832135569548,1,Neptune,Neptune,2.508191493682342,0.75,25.0,-90.0,59132.0,270.0,180.0
20260811_184731__rp0p75__vinf25__inc0__toff59132__Om0__om225,3.556083164762674,0.3074509648715201,-0.1800443976055304,0.1589483710842839,0,,Uranus,1.4604156148486607,0.75,25.0,0.0,59132.0,0.0,225.0
20260811_184731__rp0p75__vinf25__inc0__toff59132__Om180__om45,3.556083164762674,0.3074509648715201,-0.1800443976055304,0.1589483710842839,0,,Uranus,1.4604156148486607,0.75,25.0,0.0,59132.0,180.0,45.0
20260811_184731__rp0p75__vinf25__inc0__toff59132__Om270__om315,3.5560831644810427,0.3074509648139688,-0.1800443975652063,0.1589483710370399,0,,Uranus,1.4604156148482594,0.75,25.0,0.0,59132.0,270.0,315.0
20260811_184731__rp0p75__vinf25__inc0__toff59132__Om90__om135,3.556083157285619,0.30745096337308947,-0.1800443965574801,0.1589483698519015,0,,Uranus,1.4604156148481315,0.75,25.0,0.0,59132.0,90.0,135.0
20260811_184731__rp1__vinf25__inc0__toff59132__Om180__om210,3.5554789272052103,0.2532028798254241,0.3374511803546339,0.1649545666897909,0,,Saturn,1.9906603335609803,1.0,25.0,0.0,59132.0,180.0,210.0
20260811_184731__rp1__vinf25__inc0__toff59132__Om0__om30,3.555478925946298,0.2532028795733062,0.3374511799871563,0.1649545672415254,0,,Saturn,1.9906603335610074,1.0,25.0,0.0,59132.0,0.0,30.0
20260811_184731__rp1__vinf25__inc0__toff59132__Om90__om300,3.5554789259430604,0.25320287957187315,0.3374511799851686,0.1649545672450717,0,,Saturn,1.9906603335609439,1.0,25.0,0.0,59132.0,90.0,300.0
20260811_184731__rp1__vinf25__inc0__toff59132__Om270__om120,3.5554789255940342,0.2532028795027463,0.3374511798843543,0.1649545673961149,0,,Saturn,1.990660333561145,1.0,25.0,0.0,59132.0,270.0,120.0
20260811_184731__rp0p5__vinf25__incm60__toff59132__Om270__om150,3.553802516754922,0.2449552858688474,0.3258959970964538,0.1847783750171158,0,,Neptune,1.7262987385008042,0.5,25.0,-60.0,59132.0,270.0,150.0
20260811_184731__rp0p5__vinf25__inc60__toff59132__Om90__om330,3.5538025148178054,0.24495528548376969,0.3258959961880118,0.1847783743998164,0,,Neptune,1.7262987385015442,0.5,25.0,60.0,59132.0,90.0,330.0
20260811_184731__rp0p5__vinf25__inc30__toff59132__Om90__om285,3.545446745311294,0.21974839351782918,0.2644381077751799,0.1111531298717725,1,Saturn,Saturn,2.6470751571393256,0.5,25.0,30.0,59132.0,90.0,285.0
20260811_184731__rp0p5__vinf25__incm30__toff59132__Om270__om105,3.545446744549509,0.21974839337621607,0.2644381075527923,0.1111531299758818,1,Saturn,Saturn,2.64707515713435,0.5,25.0,-30.0,59132.0,270.0,105.0
20260811_184731__rp1p25__vinf25__incm30__toff59132__Om270__om165,3.53667584607426,0.2544854823344239,-0.1331241131311861,0.1317394418588804,0,,Uranus,2.377929639750244,1.25,25.0,-30.0,59132.0,270.0,165.0
20260811_184731__rp1p25__vinf25__inc30__toff59132__Om90__om345,3.5366758456538565,0.2544854822504586,-0.1331241130706876,0.1317394418056086,0,,Uranus,2.3779296397503513,1.25,25.0,30.0,59132.0,90.0,345.0
20260811_184731__rp1__vinf25__incm60__toff59132__Om180__om345,3.5333920265028276,0.1728688481880752,-0.0656848261642686,0.098332342308003,1,Neptune,Neptune,2.5741608485293423,1.0,25.0,-60.0,59132.0,180.0,345.0
20260811_184731__rp1__vinf25__inc60__toff59132__Om0__om165,3.5333920264580057,0.17286884818005177,-0.0656848261664179,0.0983323422963439,1,Neptune,Neptune,2.574160848529455,1.0,25.0,60.0,59132.0,0.0,165.0
20260811_184731__rp0p75__vinf25__incm90__toff59132__Om90__om315,3.528072699731487,0.21718054479089588,0.1723601091764851,0.2093925011302784,1,Neptune,Neptune,2.5337253997916407,0.75,25.0,-90.0,59132.0,90.0,315.0
20260811_184731__rp0p75__vinf25__inc90__toff59132__Om270__om135,3.5280726977473487,0.21718054440626805,0.1723601059175356,0.2093925005969672,1,Neptune,Neptune,2.533725399792042,0.75,25.0,90.0,59132.0,270.0,135.0
20260811_184731__rp1p25__vinf25__incm30__toff59132__Om180__om330,3.527311756022911,0.13011685030335102,0.1328310942002787,0.1093121835796795,2,"Jupiter,Neptune",Neptune,3.0735119368157773,1.25,25.0,-30.0,59132.0,180.0,330.0
20260811_184731__rp1p25__vinf25__inc30__toff59132__Om0__om150,3.5273117546603645,0.13011685005321766,0.132831093907925,0.1093121838451676,2,"Jupiter,Neptune",Neptune,3.0735119368111583,1.25,25.0,30.0,59132.0,0.0,150.0
20260811_184731__rp1__vinf25__incm30__toff59132__Om270__om285,3.522382964221906,0.23912857146428532,-0.1275107076357363,0.116101604674489,1,Neptune,Neptune,2.1083984817374737,1.0,25.0,-30.0,59132.0,270.0,285.0
20260811_184731__rp1__vinf25__inc30__toff59132__Om90__om105,3.522382964134236,0.2391285714537618,-0.1275107074701943,0.1161016048505637,1,Neptune,Neptune,2.1083984817368044,1.0,25.0,30.0,59132.0,90.0,105.0
20260811_184731__rp1p25__vinf25__incm30__toff59132__Om180__om90,3.5200537839934967,0.17356971992662681,-0.0678174935008616,0.096933222543912,1,Uranus,Uranus,2.512575630735403,1.25,25.0,-30.0,59132.0,180.0,90.0
20260811_184731__rp1p25__vinf25__inc30__toff59132__Om0__om270,3.5200537839094626,0.17356971991068632,-0.0678174933298841,0.0969332227037792,1,Uranus,Uranus,2.5125756307325564,1.25,25.0,30.0,59132.0,0.0,270.0
20260811_184731__rp1p5__vinf25__inc0__toff59132__Om0__om135,3.5196788528097827,0.27907356555246954,0.4299930522635794,0.2823540547329383,1,Neptune,Neptune,2.616995280108049,1.5,25.0,0.0,59132.0,0.0,135.0
20260811_184731__rp1p5__vinf25__inc0__toff59132__Om180__om315,3.5196788527877754,0.27907356554966667,0.4299930522559055,0.2823540547307507,1,Neptune,Neptune,2.616995280108215,1.5,25.0,0.0,59132.0,180.0,315.0
20260811_184731__rp1p5__vinf25__inc0__toff59132__Om90__om45,3.5196788515769444,0.2790735653068691,0.4299930516903648,0.2823540548139479,1,Neptune,Neptune,2.616995280107707,1.5,25.0,0.0,59132.0,90.0,45.0
20260811_184731__rp1p5__vinf25__inc0__toff59132__Om270__om225,3.519678850505884,0.279073565092704,0.4299930511913875,0.2823540548869788,1,Neptune,Neptune,2.6169952801084126,1.5,25.0,0.0,59132.0,270.0,225.0
20260811_184731__rp0p5__vinf25__inc60__toff59132__Om270__om0,3.5189160044233283,0.25718319831946623,-0.130705493668876,0.1384995228918904,1,Uranus,Uranus,2.4114361136032287,0.5,25.0,60.0,59132.0,270.0,0.0
20260811_184731__rp0p5__vinf25__incm60__toff59132__Om90__om180,3.5189160043686303,0.2571831983067248,-0.1307054931301008,0.1384995234918941,1,Uranus,Uranus,2.411436113603306,0.5,25.0,-60.0,59132.0,90.0,180.0
20260811_184731__rp0p75__vinf25__inc60__toff59132__Om0__om240,3.518419538027378,0.27904414352209694,-0.1565888978873715,0.1413438320862202,1,Uranus,Uranus,3.0259701623937514,0.75,25.0,60.0,59132.0,0.0,240.0
20260811_184731__rp0p75__vinf25__incm60__toff59132__Om180__om60,3.518419535908638,0.2790441430947992,-0.156588897617424,0.1413438317396479,1,Uranus,Uranus,3.0259701623931656,0.75,25.0,-60.0,59132.0,180.0,60.0
20260811_184731__rp1__vinf25__inc90__toff59132__Om90__om15,3.514378480391238,0.2142269745592642,-0.0080568207802702,0.2041385987253933,1,Neptune,Neptune,2.3691098416802574,1.0,25.0,90.0,59132.0,90.0,15.0
20260811_184731__rp1__vinf25__incm90__toff59132__Om270__om195,3.5143784629530086,0.2142269710669053,-0.0080568187216376,0.2041385961832774,1,Neptune,Neptune,2.3691098416811003,1.0,25.0,-90.0,59132.0,270.0,195.0
20260811_184731__rp0p5__vinf25__inc90__toff59132__Om180__om45,3.5139783444312034,0.22841953003621765,-0.0355837819351554,0.1971581110701894,1,Neptune,Neptune,2.3189460709487597,0.5,25.0,90.0,59132.0,180.0,45.0
20260811_184731__rp0p5__vinf25__incm90__toff59132__Om0__om225,3.5139783424801054,0.2284195296443553,-0.0355837820632788,0.1971581104349052,1,Neptune,Neptune,2.318946070949289,0.5,25.0,-90.0,59132.0,0.0,225.0
20260811_184731__rp1p25__vinf25__inc30__toff59132__Om90__om225,3.5132504609390125,0.10886968867304368,-0.035473787469983,0.0599201070428873,1,Mars,Mars,8.425586016937343,1.25,25.0,30.0,59132.0,90.0,225.0
20260811_184731__rp1p25__vinf25__incm30__toff59132__Om270__om45,3.5132504602919457,0.10886968854274512,-0.0354737865167317,0.059920107874158,1,Mars,Mars,8.425586017065104,1.25,25.0,-30.0,59132.0,270.0,45.0
20260811_184731__rp1__vinf25__incm30__toff59132__Om270__om30,3.511697912892406,0.16157505566085342,-0.0694577741204465,0.0812721555415466,1,Mars,Mars,2.966535437569119,1.0,25.0,-30.0,59132.0,270.0,30.0
20260811_184731__rp1__vinf25__inc30__toff59132__Om90__om210,3.5116979127354444,0.16157505562871866,-0.0694577739253181,0.0812721557107354,1,Mars,Mars,2.9665354375646267,1.0,25.0,30.0,59132.0,90.0,210.0
20260811_184731__rp1p5__vinf25__incm60__toff59132__Om180__om285,3.509771996365754,0.32038372635124573,0.4777444712263793,0.3531238951931819,0,,Neptune,1.7945956848565179,1.5,25.0,-60.0,59132.0,180.0,285.0
20260811_184731__rp1p5__vinf25__inc60__toff59132__Om0__om105,3.509771995289336,0.3203837261338966,0.4777444717222766,0.3531238949493485,0,,Neptune,1.7945956848564117,1.5,25.0,60.0,59132.0,0.0,105.0
20260811_184731__rp1p25__vinf25__inc30__toff59132__Om0__om255,3.5096000953166135,0.16912739356352594,-0.0739943991441774,0.0852130356391529,1,Uranus,Uranus,4.320813759691171,1.25,25.0,30.0,59132.0,0.0,255.0
20260811_184731__rp1p25__vinf25__incm30__toff59132__Om180__om75,3.5096000945510823,0.1691273934587949,-0.0739943986111969,0.0852130360827684,1,Uranus,Uranus,4.320813759700676,1.25,25.0,-30.0,59132.0,180.0,75.0
20260811_184731__rp0p5__vinf25__inc0__toff59132__Om180__om225,3.5032207039761087,0.15454345296544586,0.1658292704993255,0.119547269935749,0,,Uranus,2.284996231303296,0.5,25.0,0.0,59132.0,180.0,225.0
20260811_184731__rp0p5__vinf25__inc0__toff59132__Om0__om45,3.5032206687791825,0.1545434446370533,0.1658292590730129,0.1195472699101453,0,,Uranus,2.2849962313029852,0.5,25.0,0.0,59132.0,0.0,45.0
20260811_184731__rp0p5__vinf25__inc0__toff59132__Om90__om315,3.5032203280750513,0.15454336239620042,0.1658291455188459,0.1195472627445035,0,,Uranus,2.284996231314381,0.5,25.0,0.0,59132.0,90.0,315.0
20260811_184731__rp0p5__vinf25__inc0__toff59132__Om270__om135,3.5032203280750513,0.15454336239620042,0.1658291455188459,0.1195472627445035,0,,Uranus,2.284996231314381,0.5,25.0,0.0,59132.0,270.0,135.0
20260811_184731__rp0p25__vinf25__incm90__toff59132__Om180__om255,3.4999634979491443,0.35962071936951023,0.7045506530883431,0.3484370524693343,0,,Neptune,1.3187978265648308,0.25,25.0,-90.0,59132.0,180.0,255.0
20260811_184731__rp0p25__vinf25__inc90__toff59132__Om0__om75,3.4999634636933097,0.35962071249535554,0.704550625177098,0.3484370479718574,0,,Neptune,1.3187978265611207,0.25,25.0,90.0,59132.0,0.0,75.0
20260811_184731__rp1p25__vinf25__incm30__toff59132__Om90__om45,3.4990340062350973,0.1829227730179522,0.2034796151128212,0.0952600708783775,2,"Jupiter,Neptune",Jupiter,3.1112771944892006,1.25,25.0,-30.0,59132.0,90.0,45.0
20260811_184731__rp1p25__vinf25__inc30__toff59132__Om270__om225,3.499034005276441,0.18292277282313218,0.2034796148539305,0.0952600711099876,2,"Jupiter,Neptune",Jupiter,3.1112771944903934,1.25,25.0,30.0,59132.0,270.0,225.0
20260811_184731__rp0p75__vinf25__inc30__toff59132__Om270__om315,3.4945539014206424,0.28934143752649294,-0.1637890717020613,0.149034174829376,1,Uranus,Uranus,2.1712353314618706,0.75,25.0,30.0,59132.0,270.0,315.0
20260811_184731__rp0p75__vinf25__incm30__toff59132__Om90__om135,3.4945539000605623,0.28934143724876915,-0.1637890705712114,0.1490341757605371,1,Uranus,Uranus,2.1712353314622392,0.75,25.0,-30.0,59132.0,90.0,135.0
20260811_184731__rp0p5__vinf25__inc60__toff59132__Om270__om255,3.4929317474070585,0.19836498182285553,0.1149303979402086,0.1868992319200305,0,,Neptune,2.048884236382386,0.5,25.0,60.0,59132.0,270.0,255.0
20260811_184731__rp0p5__vinf25__incm60__toff59132__Om90__om75,3.492931440954167,0.19836492053724525,0.1149304752807497,0.1868991623093471,0,,Neptune,2.048884236382283,0.5,25.0,-60.0,59132.0,90.0,75.0
20260811_184731__rp0p75__vinf25__inc0__toff59132__Om0__om255,3.4907462924446886,0.2674323146049184,-0.1485392275818904,0.1330088617371275,1,Uranus,Uranus,3.3401328644987847,0.75,25.0,0.0,59132.0,0.0,255.0
20260811_184731__rp0p75__vinf25__inc0__toff59132__Om270__om345,3.4907462901766726,0.26743231415361685,-0.1485392272605886,0.1330088614317601,1,Uranus,Uranus,3.3401328645011152,0.75,25.0,0.0,59132.0,270.0,345.0
20260811_184731__rp0p75__vinf25__inc0__toff59132__Om180__om75,3.4907462901766726,0.26743231415361685,-0.1485392272605886,0.1330088614317601,1,Uranus,Uranus,3.3401328645011152,0.75,25.0,0.0,59132.0,180.0,75.0
20260811_184731__rp0p75__vinf25__inc0__toff59132__Om90__om165,3.49074628910453,0.2674323139341503,-0.148539227105759,0.1330088612815695,1,Uranus,Uranus,3.340132864500288,0.75,25.0,0.0,59132.0,90.0,165.0
20260811_184731__rp0p5__vinf25__incm30__toff59132__Om0__om270,3.489293713148414,0.26798819020465403,-0.1578830065752364,0.1225877969317791,1,Uranus,Uranus,2.417389592719784,0.5,25.0,-30.0,59132.0,0.0,270.0
20260811_184731__rp0p5__vinf25__inc30__toff59132__Om180__om90,3.489293713148414,0.26798819020465403,-0.1578830065752364,0.1225877969317791,1,Uranus,Uranus,2.417389592719784,0.5,25.0,30.0,59132.0,180.0,90.0
20260811_184731__rp1p5__vinf25__inc30__toff59132__Om0__om150,3.4860165891342216,0.15224104037435013,0.1273516983754533,0.1374275241872279,2,"Jupiter,Neptune",Jupiter,3.287920513457189,1.5,25.0,30.0,59132.0,0.0,150.0
20260811_184731__rp1p5__vinf25__incm30__toff59132__Om180__om330,3.486016583139893,0.1522410391724106,0.1273516994121547,0.1374275229984709,2,"Jupiter,Neptune",Jupiter,3.287920513457618,1.5,25.0,-30.0,59132.0,180.0,330.0
20260811_184731__rp0p75__vinf25__incm30__toff59132__Om0__om300,3.4856493782625595,0.15090682427714217,-0.0656885330265538,0.0731762659272383,0,,Jupiter,2.530897389026463,0.75,25.0,-30.0,59132.0,0.0,300.0
20260811_184731__rp0p25__vinf25__inc30__toff59132__Om180__om270,3.485420918417253,0.29137647617913964,0.4580714721399493,0.2752226747429391,1,Neptune,Neptune,2.557790536807961,0.25,25.0,30.0,59132.0,180.0,270.0
20260811_184731__rp0p25__vinf25__incm30__toff59132__Om0__om90,3.4854209183166454,0.2913764761807744,0.4580714721442694,0.2752226747433328,1,Neptune,Neptune,2.557790536804248,0.25,25.0,-30.0,59132.0,0.0,90.0
20260811_184731__rp0p75__vinf25__incm60__toff59132__Om0__om195,3.4839018851501207,0.21502873364377292,-0.0742401687056729,0.1415758679988074,0,,Neptune,2.0988860559755356,0.75,25.0,-60.0,59132.0,0.0,195.0
20260811_184731__rp0p75__vinf25__inc60__toff59132__Om180__om15,3.4839018844458187,0.21502873350301424,-0.0742401685064494,0.1415758680216867,0,,Neptune,2.0988860559777525,0.75,25.0,60.0,59132.0,180.0,15.0
20260811_184731__rp0p75__vinf25__incm90__toff59132__Om0__om345,3.481302841985052,0.18385330705609956,0.2140476536342036,0.1622277648426902,0,,Neptune,2.2807429493509686,0.75,25.0,-90.0,59132.0,0.0,345.0
20260811_184731__rp0p75__vinf25__inc90__toff59132__Om180__om165,3.4813028401194237,0.18385330668324842,0.2140476529947396,0.1622277644537108,0,,Neptune,2.2807429493511,0.75,25.0,90.0,59132.0,180.0,165.0
20260811_184731__rp0p75__vinf25__inc60__toff59132__Om90__om120,3.481121862631321,0.23131257680499456,-0.1464650846291441,0.0826623972529236,0,,Neptune,1.5785794499290549,0.75,25.0,60.0,59132.0,90.0,120.0
20260811_184731__rp0p75__vinf25__incm60__toff59132__Om270__om300,3.481121861559508,0.2313125765834278,-0.1464650842446949,0.0826623974092023,0,,Neptune,1.5785794499298662,0.75,25.0,-60.0,59132.0,270.0,300.0
20260811_184731__rp0p25__vinf25__inc60__toff59132__Om180__om240,3.4797841789319293,0.2631327566973104,-0.074505490572593,0.2074377196729857,0,,Venus,1.781461176522585,0.25,25.0,60.0,59132.0,180.0,240.0
20260811_184731__rp0p75__vinf25__inc90__toff59132__Om0__om225,3.4784159152264493,0.25560652941768863,-0.1279146103278599,0.1393749359418248,0,,Uranus,1.7588725650091297,0.75,25.0,90.0,59132.0,0.0,225.0
20260811_184731__rp0p75__vinf25__incm90__toff59132__Om180__om45,3.4784159134148633,0.2556065290541968,-0.1279146100892403,0.1393749356806363,0,,Uranus,1.7588725650090835,0.75,25.0,-90.0,59132.0,180.0,45.0
20260811_184731__rp1p5__vinf25__incm60__toff59132__Om180__om300,3.4760088494333337,0.32192497624091543,0.5644043798904163,0.3619732572780276,1,Neptune,Neptune,2.0994765511240643,1.5,25.0,-60.0,59132.0,180.0,300.0
20260811_184731__rp1p5__vinf25__inc60__toff59132__Om0__om120,3.476008795091672,0.32192496535961695,0.5644044000246632,0.3619732454172651,1,Neptune,Neptune,2.0994765511213878,1.5,25.0,60.0,59132.0,0.0,120.0
20260811_184731__rp0p25__vinf25__incm60__toff59132__Om0__om60,3.4747894199908513,0.2621386932849882,-0.0737257863279479,0.2067748353243636,0,,Venus,1.781455289957388,0.25,25.0,-60.0,59132.0,0.0,60.0
20260811_184731__rp1__vinf25__inc30__toff59132__Om0__om15,3.4697545613779406,0.22427653905368297,0.2783525238459471,0.1437953243655597,1,Saturn,Saturn,2.703091298573947,1.0,25.0,30.0,59132.0,0.0,15.0
20260811_184731__rp1__vinf25__incm30__toff59132__Om180__om195,3.4697545612681306,0.22427653903353495,0.2783525238141872,0.1437953243861549,1,Saturn,Saturn,2.7030912985738573,1.0,25.0,-30.0,59132.0,180.0,195.0
20260811_184731__rp0p25__vinf25__inc90__toff59132__Om0__om270,3.4657514651066785,0.2848574774124989,-0.1682507508352652,0.136321700028647,1,Uranus,Uranus,2.317618741687958,0.25,25.0,90.0,59132.0,0.0,270.0
20260811_184731__rp0p25__vinf25__incm90__toff59132__Om180__om90,3.465751462865387,0.2848574769535545,-0.168250750094642,0.1363217002095733,1,Uranus,Uranus,2.3176187416809415,0.25,25.0,-90.0,59132.0,180.0,90.0
20260811_184731__rp1__vinf25__incm60__toff59132__Om90__om330,3.4637443591042603,0.18418929208887944,0.0668274515864061,0.1713466078778265,0,,Uranus,2.4057390992958614,1.0,25.0,-60.0,59132.0,90.0,330.0
20260811_184731__rp1__vinf25__inc60__toff59132__Om270__om150,3.4637443583672254,0.18418929194721403,0.0668274503779439,0.1713466077483971,0,,Uranus,2.4057390992986805,1.0,25.0,60.0,59132.0,270.0,150.0
20260811_184731__rp0p5__vinf25__incm60__toff59132__Om0__om330,3.462731409195432,0.12309355886475379,0.1219446754842988,0.0797932175848893,0,,Neptune,2.2962891834119405,0.5,25.0,-60.0,59132.0,0.0,330.0
20260811_184731__rp0p5__vinf25__inc60__toff59132__Om180__om150,3.462731404828009,0.12309355799471271,0.1219446745127167,0.0797932186105241,0,,Neptune,2.2962891834153423,0.5,25.0,60.0,59132.0,180.0,150.0
20260811_184731__rp0p5__vinf25__inc90__toff59132__Om0__om255,3.4611221789022126,0.2804287627039214,-0.1598720603769109,0.1395501918826089,1,Uranus,Uranus,2.427910107211714,0.5,25.0,90.0,59132.0,0.0,255.0
20260811_184731__rp0p5__vinf25__incm90__toff59132__Om180__om75,3.4611221786723676,0.280428762662546,-0.1598720604317487,0.1395501917504801,1,Uranus,Uranus,2.427910107211734,0.5,25.0,-90.0,59132.0,180.0,75.0
20260811_184731__rp0p25__vinf25__incm30__toff59132__Om0__om105,3.4607754202175705,0.19139273064519235,0.1189952234704779,0.1790517050651567,1,Neptune,Neptune,3.1128271071389664,0.25,25.0,-30.0,59132.0,0.0,105.0
20260811_184731__rp0p25__vinf25__inc30__toff59132__Om180__om285,3.4607754195516454,0.19139273045186306,0.1189952220357132,0.1790517048359748,1,Neptune,Neptune,3.1128271071366385,0.25,25.0,30.0,59132.0,180.0,285.0
20260811_184731__rp1__vinf25__inc60__toff59132__Om0__om135,3.4604804908158675,0.1621334106148201,0.1016438488873506,0.147078481765843,1,Neptune,Neptune,2.8487417994394537,1.0,25.0,60.0,59132.0,0.0,135.0
20260811_184731__rp1__vinf25__incm60__toff59132__Om180__om315,3.4604804884879496,0.16213341014888477,0.1016438481666478,0.1470784812655566,1,Neptune,Neptune,2.8487417994514193,1.0,25.0,-60.0,59132.0,180.0,315.0
20260811_184731__rp0p75__vinf25__incm60__toff59132__Om180__om90,3.458345515316382,0.23982775584664903,-0.1306481343307745,0.113459345524406,1,Uranus,Uranus,2.471154625148439,0.75,25.0,-60.0,59132.0,180.0,90.0
20260811_184731__rp0p75__vinf25__inc60__toff59132__Om0__om270,3.4583455152625984,0.23982775583041652,-0.1306481343164333,0.1134593455180522,1,Uranus,Uranus,2.471154625148416,0.75,25.0,60.0,59132.0,0.0,270.0
20260811_184731__rp0p5__vinf25__inc30__toff59132__Om90__om330,3.457039937903562,0.21649341282981535,0.2578394197375234,0.1048266976282965,0,,Uranus,1.6878043823497206,0.5,25.0,30.0,59132.0,90.0,330.0
20260811_184731__rp0p5__vinf25__incm30__toff59132__Om270__om150,3.4570399315447906,0.21649341155316498,0.2578394173749266,0.1048266963162517,0,,Uranus,1.6878043823524094,0.5,25.0,-30.0,59132.0,270.0,150.0
20260811_184731__rp0p5__vinf25__incm30__toff59132__Om0__om300,3.456392191261515,0.18704664501285329,-0.0916097981538467,0.0877160174441336,0,,Jupiter,2.0666377122076436,0.5,25.0,-30.0,59132.0,0.0,300.0
20260811_184731__rp0p5__vinf25__inc30__toff59132__Om180__om120,3.4563921856217026,0.1870466442078977,-0.0916097977337209,0.087716016913787,0,,Jupiter,2.066637712212399,0.5,25.0,30.0,59132.0,180.0,120.0
20260811_184731__rp0p75__vinf25__incm60__toff59132__Om0__om30,3.455941131616461,0.2046757533479928,0.2425839614318082,0.1306940315554061,0,,Neptune,1.8044053016690587,0.75,25.0,-60.0,59132.0,0.0,30.0
20260811_184731__rp0p75__vinf25__inc60__toff59132__Om180__om210,3.4559411312523984,0.20467575326576223,0.2425839612847441,0.1306940314807234,0,,Neptune,1.8044053016691213,0.75,25.0,60.0,59132.0,180.0,210.0
20260811_184731__rp0p25__vinf25__inc60__toff59132__Om180__om135,3.446832028780947,0.10031164620212916,0.0688527089672769,0.085330227243112,0,,Jupiter,1.9246587582561205,0.25,25.0,60.0,59132.0,180.0,135.0
20260811_184731__rp0p25__vinf25__incm60__toff59132__Om0__om315,3.446832024026393,0.10031164598420186,0.0688527090514316,0.0853302270421494,0,,Jupiter,1.9246587582588597,0.25,25.0,-60.0,59132.0,0.0,315.0
20260811_184731__rp1p25__vinf25__inc60__toff59132__Om270__om150,3.4446234961457067,0.21677662089604186,-0.0570802800557486,0.1612225851173442,0,,Uranus,2.204004327131519,1.25,25.0,60.0,59132.0,270.0,150.0
20260811_184731__rp1p25__vinf25__incm60__toff59132__Om90__om330,3.4446234961237887,0.21677662089118618,-0.057080279988203,0.1612225851781182,0,,Uranus,2.204004327131088,1.25,25.0,-60.0,59132.0,90.0,330.0
20260811_184731__rp1__vinf25__inc0__toff59132__Om180__om75,3.437212990163548,0.21229859876056584,-0.1050314952825554,0.1050049728651097,1,Uranus,Uranus,3.391214759223233,1.0,25.0,0.0,59132.0,180.0,75.0
20260811_184731__rp1__vinf25__inc0__toff59132__Om270__om345,3.437212990163548,0.21229859876056584,-0.1050314952825554,0.1050049728651097,1,Uranus,Uranus,3.391214759223233,1.0,25.0,0.0,59132.0,270.0,345.0
20260811_184731__rp1__vinf25__inc0__toff59132__Om90__om165,3.43721298725002,0.21229859817684055,-0.1050314948318759,0.1050049725998673,1,Uranus,Uranus,3.391214759223168,1.0,25.0,0.0,59132.0,90.0,165.0
20260811_184731__rp1__vinf25__inc0__toff59132__Om0__om255,3.4372129763265487,0.2122985959927606,-0.105031493145959,0.1050049716070347,1,Uranus,Uranus,3.391214759223229,1.0,25.0,0.0,59132.0,0.0,255.0
20260811_184731__rp1__vinf25__inc60__toff59132__Om90__om75,3.4368425512537133,0.18416129725475408,0.2152313293672166,0.1670753813503986,1,Neptune,Neptune,2.73439838002549,1.0,25.0,60.0,59132.0,90.0,75.0
20260811_184731__rp1__vinf25__incm60__toff59132__Om270__om255,3.436842474565818,0.18416128191960374,0.2152313038049761,0.1670753713951488,1,Neptune,Neptune,2.734398380024511,1.0,25.0,-60.0,59132.0,270.0,255.0
20260811_184731__rp0p5__vinf25__incm90__toff59132__Om0__om165,3.4359080313785246,0.19194415759106695,-0.0110734749188663,0.1741469860099843,0,,Neptune,2.115386195157747,0.5,25.0,-90.0,59132.0,0.0,165.0
20260811_184731__rp0p5__vinf25__inc90__toff59132__Om180__om345,3.435907984834806,0.19194414827955728,-0.0110734704954927,0.1741469789340457,0,,Neptune,2.1153861951568596,0.5,25.0,90.0,59132.0,180.0,345.0
20260811_184731__rp0p75__vinf25__inc30__toff59132__Om180__om120,3.4355768786309593,0.13710803320188453,-0.0638294193452204,0.0599801737590448,0,,Jupiter,2.530461108194765,0.75,25.0,30.0,59132.0,180.0,120.0
20260811_184731__rp1p25__vinf25__incm30__toff59132__Om180__om0,3.4325789328371155,0.19113199868130898,-0.084099970984822,0.1008909991430366,1,Neptune,Neptune,2.2457154107423105,1.25,25.0,-30.0,59132.0,180.0,0.0
20260811_184731__rp1p25__vinf25__inc30__toff59132__Om0__om180,3.4325789323176115,0.19113199857594268,-0.084099971718306,0.100890998225831,1,Neptune,Neptune,2.2457154107426147,1.25,25.0,30.0,59132.0,0.0,180.0
20260811_184731__rp1__vinf25__inc60__toff59132__Om0__om30,3.4314416490616986,0.23809155932173168,0.3039674399266564,0.1461986561540622,0,,Saturn,1.8501464155951777,1.0,25.0,60.0,59132.0,0.0,30.0
20260811_184731__rp1__vinf25__incm60__toff59132__Om180__om210,3.4314416364786116,0.23809155823283365,0.3039674381433942,0.1461986573040736,0,,Saturn,1.850146415596241,1.0,25.0,-60.0,59132.0,180.0,210.0
20260811_184731__rp0p5__vinf25__inc90__toff59132__Om90__om210,3.43066214934046,0.23045368511216208,-0.1023086453182618,0.1323265893412564,1,Uranus,Uranus,2.47304045484837,0.5,25.0,90.0,59132.0,90.0,210.0
20260811_184731__rp0p5__vinf25__incm90__toff59132__Om270__om30,3.4306621484141515,0.23045368492698765,-0.1023086454720698,0.1323265889202075,1,Uranus,Uranus,2.4730404548481832,0.5,25.0,-90.0,59132.0,270.0,30.0
20260811_184731__rp1p5__vinf25__incm60__toff59132__Om180__om90,3.42572626003617,0.2530604681083759,-0.0926391492582836,0.1743230536328948,1,Uranus,Uranus,2.204205737993622,1.5,25.0,-60.0,59132.0,180.0,90.0
20260811_184731__rp1p5__vinf25__inc60__toff59132__Om0__om270,3.4256673663689816,0.2530467770931417,-0.0926374313906528,0.1743052452521933,1,Uranus,Uranus,2.2042059523091635,1.5,25.0,60.0,59132.0,0.0,270.0
20260811_184731__rp0p5__vinf25__inc60__toff59132__Om0__om345,3.425274381076869,0.11627847414445912,0.1126321645696458,0.0615319114384312,0,,Neptune,2.5730973804046506,0.5,25.0,60.0,59132.0,0.0,345.0
20260811_184731__rp0p5__vinf25__incm60__toff59132__Om180__om165,3.425274376729816,0.11627847326516337,0.1126321635089787,0.0615319108407575,0,,Neptune,2.5730973804057844,0.5,25.0,-60.0,59132.0,180.0,165.0
20260811_184731__rp0p5__vinf25__inc90__toff59132__Om0__om105,3.4248552049902967,0.2731049274926382,0.2743523420722856,0.2806074826072811,1,Neptune,Neptune,2.1000114323757617,0.5,25.0,90.0,59132.0,0.0,105.0
20260811_184731__rp0p5__vinf25__incm90__toff59132__Om180__om285,3.424855203646998,0.2731049272200517,0.2743523419302515,0.2806074822582496,1,Neptune,Neptune,2.100011432374414,0.5,25.0,-90.0,59132.0,180.0,285.0
20260811_184731__rp0p75__vinf25__incm60__toff59132__Om180__om180,3.420733166559532,0.19111148765940764,0.2177731233088707,0.1093640732475578,0,,Neptune,2.106181674630064,0.75,25.0,-60.0,59132.0,180.0,180.0
20260811_184731__rp0p75__vinf25__inc60__toff59132__Om0__om0,3.4207331621335033,0.19111148677283418,0.2177731220091779,0.1093640737165182,0,,Neptune,2.1061816746292235,0.75,25.0,60.0,59132.0,0.0,0.0
20260811_184731__rp0p75__vinf25__incm30__toff59132__Om270__om45,3.418461652000475,0.16402799439198182,-0.0697196893985351,0.0838162744247758,0,,Neptune,2.381992602781802,0.75,25.0,-30.0,59132.0,270.0,45.0
20260811_184731__rp0p75__vinf25__inc30__toff59132__Om90__om225,3.418461652000475,0.16402799439198182,-0.0697196893985351,0.0838162744247758,0,,Neptune,2.381992602781802,0.75,25.0,30.0,59132.0,90.0,225.0
20260811_184731__rp0p75__vinf25__inc60__toff59132__Om180__om0,3.41811532955746,0.19691316302075781,-0.0554284749812183,0.1377630813624154,1,Neptune,Neptune,2.174889695896056,0.75,25.0,60.0,59132.0,180.0,0.0
20260811_184731__rp0p75__vinf25__incm60__toff59132__Om0__om180,3.4181153254646977,0.1969131622012457,-0.0554284742411217,0.1377630810920699,1,Neptune,Neptune,2.174889695897012,0.75,25.0,-60.0,59132.0,0.0,180.0
20260811_184731__rp1__vinf25__inc0__toff59132__Om270__om105,3.4165242602741928,0.2191763229992805,0.2682350980880964,0.1375744549431009,1,Saturn,Saturn,2.2452003719016793,1.0,25.0,0.0,59132.0,270.0,105.0
20260811_184731__rp1__vinf25__inc0__toff59132__Om180__om195,3.4165242602741928,0.2191763229992805,0.2682350980880964,0.1375744549431009,1,Saturn,Saturn,2.2452003719016793,1.0,25.0,0.0,59132.0,180.0,195.0
20260811_184731__rp1__vinf25__inc0__toff59132__Om0__om15,3.4165242602495463,0.21917632300113588,0.268235098068411,0.1375744548186742,1,Saturn,Saturn,2.2452003719038967,1.0,25.0,0.0,59132.0,0.0,15.0
20260811_184731__rp1__vinf25__inc0__toff59132__Om90__om285,3.4165242602149375,0.21917632299371276,0.2682350981087084,0.1375744551075343,1,Saturn,Saturn,2.245200371903952,1.0,25.0,0.0,59132.0,90.0,285.0
20260811_184731__rp1p5__vinf25__incm90__toff59132__Om90__om0,3.4115807997418663,0.3090002202788308,0.0179304656670112,0.3406934341445025,0,,Neptune,1.855643558145246,1.5,25.0,-90.0,59132.0,90.0,0.0
20260811_184731__rp1p5__vinf25__inc90__toff59132__Om270__om180,3.411580773457594,0.3090002152570641,0.017930453346148,0.3406934282806329,0,,Neptune,1.8556435581313406,1.5,25.0,90.0,59132.0,270.0,180.0
20260811_184731__rp1p5__vinf25__incm60__toff59132__Om90__om330,3.4115271487346175,0.2523309167885573,-0.1052324282339531,0.1598396524439864,0,,Uranus,1.8842269823554396,1.5,25.0,-60.0,59132.0,90.0,330.0
20260811_184731__rp1p5__vinf25__inc60__toff59132__Om270__om150,3.4115271459835563,0.2523309162369619,-0.1052324278903905,0.1598396520220209,0,,Uranus,1.8842269823620992,1.5,25.0,60.0,59132.0,270.0,150.0
20260811_184731__rp0p75__vinf25__incm60__toff59132__Om180__om225,3.410574457329708,0.21952522345988712,0.2660656717422532,0.1223686371296772,0,,Uranus,1.859119532127151,0.75,25.0,-60.0,59132.0,180.0,225.0
20260811_184731__rp0p75__vinf25__inc60__toff59132__Om0__om45,3.4105744569248952,0.2195252233722653,0.2660656715716601,0.1223686370170366,0,,Uranus,1.859119532127146,0.75,25.0,60.0,59132.0,0.0,45.0
20260811_184731__rp0p75__vinf25__incm90__toff59132__Om0__om30,3.4089772765744817,0.1658799325749041,0.1834052906098545,0.1342843067894182,0,,Neptune,2.283262622851659,0.75,25.0,-90.0,59132.0,0.0,30.0
20260811_184731__rp0p75__vinf25__inc90__toff59132__Om180__om210,3.4089772737291737,0.1658799320027722,0.1834052898405563,0.1342843072542389,0,,Neptune,2.2832626228522517,0.75,25.0,90.0,59132.0,180.0,210.0
20260811_184731__rp1__vinf25__inc30__toff59132__Om180__om0,3.408599605659771,0.193375841604325,-0.0788111565495756,0.109305250075662,1,Neptune,Neptune,2.1513422044259483,1.0,25.0,30.0,59132.0,180.0,0.0
20260811_184731__rp1__vinf25__incm30__toff59132__Om0__om180,3.408599604908966,0.1933758414519087,-0.078811154897244,0.1093052516357142,1,Neptune,Neptune,2.1513422044262382,1.0,25.0,-30.0,59132.0,0.0,180.0
20260811_184731__rp1__vinf25__inc0__toff59132__Om180__om225,3.40691462217837,0.2151833655835912,0.2600498127116916,0.1302009556412899,0,,Uranus,2.1590638271880866,1.0,25.0,0.0,59132.0,180.0,225.0
20260811_184731__rp1__vinf25__inc0__toff59132__Om0__om45,3.406914562195656,0.21518335008506015,0.2600497873361275,0.1302009611602213,0,,Uranus,2.159063827176371,1.0,25.0,0.0,59132.0,0.0,45.0
20260811_184731__rp1__vinf25__inc0__toff59132__Om90__om315,3.406914549816219,0.21518334880187945,0.2600497853575146,0.1302009623098637,0,,Uranus,2.159063827180385,1.0,25.0,0.0,59132.0,90.0,315.0
20260811_184731__rp1__vinf25__inc0__toff59132__Om270__om135,3.406914549816219,0.21518334880187945,0.2600497853575146,0.1302009623098637,0,,Uranus,2.159063827180385,1.0,25.0,0.0,59132.0,270.0,135.0
20260811_184731__rp0p5__vinf25__inc30__toff59132__Om180__om105,3.402441862897776,0.2271158920166354,-0.132864361066231,0.0930938732861425,0,,Uranus,2.014567690809564,0.5,25.0,30.0,59132.0,180.0,105.0
20260811_184731__rp0p5__vinf25__incm30__toff59132__Om0__om285,3.4024418624527906,0.2271158919241732,-0.1328643610267987,0.0930938732051121,0,,Uranus,2.0145676908103347,0.5,25.0,-30.0,59132.0,0.0,285.0
20260811_184731__rp0p25__vinf25__inc90__toff59132__Om90__om75,3.4002772403303663,0.19746200595903968,0.0363494871880817,0.1879378099432127,1,Neptune,Neptune,2.7923454866116146,0.25,25.0,90.0,59132.0,90.0,75.0
20260811_184731__rp0p25__vinf25__incm90__toff59132__Om270__om255,3.4002772376080435,0.19746200542034778,0.0363494820232576,0.1879378096120215,1,Neptune,Neptune,2.7923454866096553,0.25,25.0,-90.0,59132.0,270.0,255.0
20260811_184731__rp1__vinf25__incm30__toff59132__Om0__om195,3.397823754199611,0.2129545204962395,-0.0963514930762063,0.1154153905811134,0,,Neptune,1.9088432036429666,1.0,25.0,-30.0,59132.0,0.0,195.0
20260811_184731__rp1__vinf25__inc30__toff59132__Om180__om15,3.3978237530917665,0.2129545202792127,-0.0963514927226519,0.115415390682067,0,,Neptune,1.908843203643154,1.0,25.0,30.0,59132.0,180.0,15.0
20260811_184731__rp1__vinf25__incm30__toff59132__Om270__om345,3.3946136571307983,0.20896873863780285,-0.1077090257694859,0.0976578161579837,0,,Uranus,2.0247355966565324,1.0,25.0,-30.0,59132.0,270.0,345.0
20260811_184731__rp1__vinf25__inc30__toff59132__Om90__om165,3.394613656587354,0.20896873852938905,-0.1077090255246208,0.0976578162910792,0,,Uranus,2.024735596656493,1.0,25.0,30.0,59132.0,90.0,165.0
20260811_184731__rp0p5__vinf25__inc30__toff59132__Om270__om30,3.3939288876062923,0.2093020354840866,-0.1097460874059536,0.0958038937125525,0,,Neptune,1.942117339162778,0.5,25.0,30.0,59132.0,270.0,30.0
20260811_184731__rp0p5__vinf25__incm30__toff59132__Om90__om210,3.393928883388095,0.20930203463809535,-0.109746086858807,0.095803893223105,0,,Neptune,1.9421173391636002,0.5,25.0,-30.0,59132.0,90.0,210.0
20260811_184731__rp0p75__vinf25__inc30__toff59132__Om90__om315,3.393787209503727,0.24704551920105774,0.3191507680854665,0.1384116101649727,0,,Uranus,1.617588948902195,0.75,25.0,30.0,59132.0,90.0,315.0
20260811_184731__rp0p75__vinf25__incm30__toff59132__Om270__om135,3.393787205374086,0.24704551837668967,0.3191507667071319,0.1384116110342819,0,,Uranus,1.6175889489020276,0.75,25.0,-30.0,59132.0,270.0,135.0
20260811_184731__rp1__vinf25__incm30__toff59132__Om90__om285,3.3924079888868808,0.23331249924694175,0.2974357277176062,0.1572230190093513,0,,Uranus,1.7680418262869333,1.0,25.0,-30.0,59132.0,90.0,285.0
20260811_184731__rp1__vinf25__inc30__toff59132__Om270__om105,3.3924079884889355,0.23331249909094456,0.29743572710972,0.1572230174958936,0,,Uranus,1.7680418262866933,1.0,25.0,30.0,59132.0,270.0,105.0
20260811_184731__rp1p5__vinf25__inc60__toff59132__Om90__om60,3.392199942718525,0.2523178299298578,0.3450025700244284,0.2018388325022316,1,Neptune,Neptune,2.3670570971205267,1.5,25.0,60.0,59132.0,90.0,60.0
20260811_184731__rp1p5__vinf25__incm60__toff59132__Om270__om240,3.392199942673713,0.2523178299183028,0.3450025700048774,0.2018388325184742,1,Neptune,Neptune,2.3670570971204823,1.5,25.0,-60.0,59132.0,270.0,240.0
20260811_184731__rp1__vinf25__incm30__toff59132__Om180__om15,3.3908797319661583,0.26904105037003856,-0.1484884031956613,0.1355281013934278,0,,Neptune,2.0165047054520358,1.0,25.0,-30.0,59132.0,180.0,15.0
20260811_184731__rp1__vinf25__inc30__toff59132__Om0__om195,3.3908797308201244,0.26904105013912794,-0.1484884031477307,0.13552810109695,0,,Neptune,2.016504705452228,1.0,25.0,30.0,59132.0,0.0,195.0
20260811_184731__rp0p5__vinf25__inc90__toff59132__Om90__om195,3.390439366583472,0.22987819282745342,-0.108383970679073,0.1248563890671136,1,Uranus,Uranus,2.509959945872707,0.5,25.0,90.0,59132.0,90.0,195.0
20260811_184731__rp0p5__vinf25__incm90__toff59132__Om270__om15,3.3904393637729298,0.2298781922638391,-0.1083839703767807,0.1248563886302671,1,Uranus,Uranus,2.5099599458726822,0.5,25.0,-90.0,59132.0,270.0,15.0
20260811_184731__rp0p5__vinf25__inc90__toff59132__Om180__om240,3.3903669735913846,0.20075601962751444,0.2082581000526423,0.1923284404040151,0,,Neptune,1.5137610374496147,0.5,25.0,90.0,59132.0,180.0,240.0
20260811_184731__rp0p5__vinf25__incm90__toff59132__Om0__om60,3.3903669733464605,0.2007560195770113,0.2082580995924178,0.1923284403241166,0,,Neptune,1.5137610374498172,0.5,25.0,-90.0,59132.0,0.0,60.0
20260811_184731__rp0p5__vinf25__incm90__toff59132__Om0__om315,3.38968993509989,0.16408640445097994,0.18255043021602,0.1489305595339733,0,,Jupiter,1.6260944866858722,0.5,25.0,-90.0,59132.0,0.0,315.0
20260811_184731__rp0p5__vinf25__inc90__toff59132__Om180__om135,3.38968993325134,0.16408640408195335,0.1825504297732204,0.1489305603034465,0,,Jupiter,1.6260944866876732,0.5,25.0,90.0,59132.0,180.0,135.0
20260811_184731__rp1p25__vinf25__incm30__toff59132__Om180__om345,3.3886020818215865,0.13253826580736378,-0.0315959809416016,0.0880422090859929,1,Neptune,Neptune,2.668655104786369,1.25,25.0,-30.0,59132.0,180.0,345.0
20260811_184731__rp1p25__vinf25__inc30__toff59132__Om0__om165,3.388602080195323,0.1325382654816492,-0.0315959807311535,0.088042208951314,1,Neptune,Neptune,2.668655104785544,1.25,25.0,30.0,59132.0,0.0,165.0
20260811_184731__rp0p25__vinf25__incm90__toff59132__Om180__om105,3.3856300831007378,0.21653875755976737,-0.1301382613956145,0.0819091237090372,0,,Uranus,1.9899579641210972,0.25,25.0,-90.0,59132.0,180.0,105.0
20260811_184731__rp0p25__vinf25__inc90__toff59132__Om0__om285,3.3856300818534812,0.21653875730998615,-0.1301382608642746,0.0819091239991467,0,,Uranus,1.9899579641174903,0.25,25.0,90.0,59132.0,0.0,285.0
20260811_184731__rp0p75__vinf25__inc30__toff59132__Om270__om345,3.384356426680859,0.2531827277541131,-0.1335766934012364,0.1293045915668344,1,Uranus,Uranus,2.4035025593154367,0.75,25.0,30.0,59132.0,270.0,345.0
20260811_184731__rp0p75__vinf25__incm30__toff59132__Om90__om165,3.38435642523077,0.2531827274671852,-0.1335766932280422,0.1293045913475278,1,Uranus,Uranus,2.4035025593156085,0.75,25.0,-30.0,59132.0,90.0,165.0
20260811_184731__rp0p75__vinf25__incm60__toff59132__Om270__om315,3.3842703152302964,0.24745358821204688,-0.1534565284288374,0.0972422380888775,0,,Mars,1.666476784617052,0.75,25.0,-60.0,59132.0,270.0,315.0
20260811_184731__rp0p75__vinf25__inc60__toff59132__Om90__om135,3.3842703123883933,0.24745358764886624,-0.1534565281276821,0.0972422376346264,0,,Mars,1.666476784634531,0.75,25.0,60.0,59132.0,90.0,135.0
20260811_184731__rp0p75__vinf25__incm90__toff59132__Om180__om285,3.383797945748959,0.30931337860665475,0.3392450287450953,0.330312118378061,0,,Neptune,1.7909969684425613,0.75,25.0,-90.0,59132.0,180.0,285.0
20260811_184731__rp0p75__vinf25__inc90__toff59132__Om0__om105,3.3837979452924793,0.3093133785141626,0.339245028570002,0.3303121182472323,0,,Neptune,1.7909969684411398,0.75,25.0,90.0,59132.0,0.0,105.0
20260811_184731__rp0p75__vinf25__inc30__toff59132__Om180__om60,3.3812244133042584,0.2627989824008001,-0.1419090729538952,0.1338430733183069,1,Uranus,Uranus,2.467414294749531,0.75,25.0,30.0,59132.0,180.0,60.0
20260811_184731__rp0p75__vinf25__incm30__toff59132__Om0__om240,3.381224412884787,0.2627989823159891,-0.1419090728485617,0.1338430733146696,1,Uranus,Uranus,2.467414294749807,0.75,25.0,-30.0,59132.0,0.0,240.0
20260811_184731__rp1__vinf25__incm30__toff59132__Om90__om315,3.3810939568886047,0.2029434016600967,0.2405436690828716,0.1356150196187888,0,,Uranus,2.2244261938492604,1.0,25.0,-30.0,59132.0,90.0,315.0
20260811_184731__rp1__vinf25__inc30__toff59132__Om270__om135,3.3810939464574057,0.20294339958245072,0.2405436658715981,0.1356150207936544,0,,Uranus,2.224426193849074,1.0,25.0,30.0,59132.0,270.0,135.0
20260811_184731__rp0p5__vinf25__inc90__toff59132__Om270__om345,3.374918863337429,0.22479366510334345,-0.0970545405093687,0.1303629271349425,1,Uranus,Uranus,2.4666767832942167,0.5,25.0,90.0,59132.0,270.0,345.0
20260811_184731__rp0p5__vinf25__incm90__toff59132__Om90__om165,3.3749188630247,0.22479366504202838,-0.0970545402766137,0.1303629273043932,1,Uranus,Uranus,2.466676783295305,0.5,25.0,-90.0,59132.0,90.0,165.0
20260811_184731__rp0p75__vinf25__inc30__toff59132__Om270__om330,3.374598152747154,0.2721906309954303,-0.148813916672059,0.1399811294563014,1,Uranus,Uranus,2.378267593297126,0.75,25.0,30.0,59132.0,270.0,330.0
20260811_184731__rp0p75__vinf25__incm30__toff59132__Om90__om150,3.374598146260272,0.27219062969587093,-0.1488139158821945,0.1399811283909871,1,Uranus,Uranus,2.3782675932982498,0.75,25.0,-30.0,59132.0,90.0,150.0
20260811_184731__rp0p75__vinf25__inc0__toff59132__Om270__om90,3.3713984637655434,0.18442426332957035,0.2072240402438222,0.1066684100570146,0,,Saturn,2.0716078688341186,0.75,25.0,0.0,59132.0,270.0,90.0
20260811_184731__rp0p75__vinf25__inc0__toff59132__Om90__om270,3.3713984637655434,0.18442426332957035,0.2072240402438222,0.1066684100570146,0,,Saturn,2.0716078688341186,0.75,25.0,0.0,59132.0,90.0,270.0
20260811_184731__rp0p75__vinf25__inc0__toff59132__Om180__om180,3.3713984637655434,0.18442426332957035,0.2072240402438222,0.1066684100570146,0,,Saturn,2.0716078688341186,0.75,25.0,0.0,59132.0,180.0,180.0
20260811_184731__rp0p75__vinf25__inc0__toff59132__Om0__om0,3.3713984574127234,0.18442426204238557,0.2072240381283526,0.1066684087063532,0,,Saturn,2.0716078688362227,0.75,25.0,0.0,59132.0,0.0,0.0
20260811_184731__rp0p25__vinf25__inc0__toff59132__Om270__om75,3.37130651173237,0.10894475106359075,0.1034554215807926,0.0488523331936379,0,,Neptune,2.8482300415449666,0.25,25.0,0.0,59132.0,270.0,75.0
20260811_184731__rp0p25__vinf25__inc0__toff59132__Om180__om165,3.371305587826012,0.10894457976225952,0.103455228115472,0.0488523211143185,0,,Neptune,2.8482300022343505,0.25,25.0,0.0,59132.0,180.0,165.0
20260811_184731__rp0p25__vinf25__inc0__toff59132__Om0__om345,3.3713044174507396,0.10894436552781167,0.1034549861202019,0.0488523052994866,0,,Neptune,2.8482299544489718,0.25,25.0,0.0,59132.0,0.0,345.0
20260811_184731__rp0p25__vinf25__inc0__toff59132__Om90__om255,3.3713044174507396,0.10894436552781167,0.1034549861202019,0.0488523052994866,0,,Neptune,2.8482299544489718,0.25,25.0,0.0,59132.0,90.0,255.0
20260811_184731__rp0p5__vinf25__inc90__toff59132__Om270__om330,3.371265787144497,0.22776801657958476,-0.1053762264867449,0.1252993967260481,1,Uranus,Uranus,2.511475903200144,0.5,25.0,90.0,59132.0,270.0,330.0
20260811_184731__rp0p5__vinf25__incm90__toff59132__Om90__om150,3.3712657840713804,0.22776801596174834,-0.1053762261714726,0.1252993962327584,1,Uranus,Uranus,2.511475903201429,0.5,25.0,-90.0,59132.0,90.0,150.0
20260811_184731__rp0p25__vinf25__inc90__toff59132__Om270__om300,3.3710423153884714,0.17089885848752415,-0.0560212792536682,0.1059807165011445,1,Uranus,Uranus,2.8748203774626506,0.25,25.0,90.0,59132.0,270.0,300.0
20260811_184731__rp0p25__vinf25__incm90__toff59132__Om90__om120,3.371042312666069,0.1708988579414427,-0.0560212784059096,0.1059807167300334,1,Uranus,Uranus,2.8748203774642027,0.25,25.0,-90.0,59132.0,90.0,120.0
20260811_184731__rp1p25__vinf25__incm60__toff59132__Om180__om315,3.364982054357269,0.20839093149673005,0.2615038556773909,0.2029127399913587,1,Neptune,Neptune,2.5461004373227754,1.25,25.0,-60.0,59132.0,180.0,315.0
20260811_184731__rp1p25__vinf25__inc60__toff59132__Om0__om135,3.364982052801789,0.20839093118390117,0.2615038552208905,0.2029127404986964,1,Neptune,Neptune,2.5461004373206175,1.25,25.0,60.0,59132.0,0.0,135.0
20260811_184731__rp1__vinf25__inc30__toff59132__Om0__om0,3.3639374702890867,0.14789876636588262,0.1537912291277218,0.0880594460225426,1,Saturn,Saturn,3.167479421720887,1.0,25.0,30.0,59132.0,0.0,0.0
20260811_184731__rp1__vinf25__incm30__toff59132__Om180__om180,3.36393726725052,0.14789876700705318,0.1537912299748113,0.0880594460832742,1,Saturn,Saturn,3.1674794217975006,1.0,25.0,-30.0,59132.0,180.0,180.0
20260811_184731__rp0p5__vinf25__inc60__toff59132__Om90__om225,3.3575164046804304,0.20854397599735197,-0.0938726312005621,0.1123711460069508,1,Uranus,Uranus,2.196577961052939,0.5,25.0,60.0,59132.0,90.0,225.0
20260811_184731__rp0p5__vinf25__incm60__toff59132__Om270__om45,3.357516403192406,0.20854397569656183,-0.0938726311137726,0.1123711457119912,1,Uranus,Uranus,2.1965779610535896,0.5,25.0,-60.0,59132.0,270.0,45.0
20260811_184731__rp0p25__vinf25__inc60__toff59132__Om90__om315,3.3568605098127042,0.2578678605112953,0.352629077833689,0.1872343501573139,0,,Neptune,1.2020524434307245,0.25,25.0,60.0,59132.0,90.0,315.0
20260811_184731__rp0p25__vinf25__incm60__toff59132__Om270__om135,3.356860509790299,0.2578678605065529,0.3526290778207303,0.1872343501454497,0,,Neptune,1.2020524434272744,0.25,25.0,-60.0,59132.0,270.0,135.0
20260811_184731__rp0p75__vinf25__inc90__toff59132__Om0__om135,3.35423533273012,0.19015866600948367,0.0078079709995538,0.1813430625856626,1,Neptune,Neptune,2.3444892665014105,0.75,25.0,90.0,59132.0,0.0,135.0
20260811_184731__rp0p75__vinf25__incm90__toff59132__Om180__om315,3.3542353315431592,0.19015866575809884,0.0078079699773953,0.1813430623742863,1,Neptune,Neptune,2.344489266501074,0.75,25.0,-90.0,59132.0,180.0,315.0
20260811_184731__rp0p75__vinf25__incm60__toff59132__Om0__om345,3.3530614188497614,0.15525835450783143,0.1655932933698537,0.1078765805256587,0,,Neptune,2.3544773416108127,0.75,25.0,-60.0,59132.0,0.0,345.0
20260811_184731__rp0p75__vinf25__inc60__toff59132__Om180__om165,3.3530614177616895,0.1552583542951692,0.165593293096815,0.1078765806894191,0,,Neptune,2.354477341610068,0.75,25.0,60.0,59132.0,180.0,165.0
20260811_184731__rp1__vinf25__inc60__toff59132__Om0__om15,3.3529531886380655,0.2152799395438969,0.2601682878684715,0.1299420522807929,0,,Saturn,1.9401221797694586,1.0,25.0,60.0,59132.0,0.0,15.0
20260811_184731__rp1__vinf25__incm60__toff59132__Om180__om195,3.3529531882446224,0.21527993947272347,0.2601682877374799,0.1299420522243544,0,,Saturn,1.9401221797711266,1.0,25.0,-60.0,59132.0,180.0,195.0
20260811_184731__rp1p5__vinf25__inc30__toff59132__Om0__om270,3.3512109421300416,0.1469693824412583,-0.0336501605858033,0.1014577503161479,1,Uranus,Uranus,2.4305775938430427,1.5,25.0,30.0,59132.0,0.0,270.0
20260811_184731__rp1p5__vinf25__incm30__toff59132__Om180__om90,3.351074071582893,0.1469420229411142,-0.0336325035304632,0.1014453528692687,1,Uranus,Uranus,2.4305775019565545,1.5,25.0,-30.0,59132.0,180.0,90.0
20260811_184731__rp0p75__vinf25__inc30__toff59132__Om180__om255,3.3505481947670854,0.3321629622136557,0.2978861868399122,0.3604941226873091,0,,Neptune,1.2615262962758398,0.75,25.0,30.0,59132.0,180.0,255.0
20260811_184731__rp0p75__vinf25__incm30__toff59132__Om0__om75,3.3505481935254413,0.3321629619629202,0.297886184076701,0.3604941222824536,0,,Neptune,1.2615262962745888,0.75,25.0,-30.0,59132.0,0.0,75.0
20260811_184731__rp0p75__vinf25__inc90__toff59132__Om0__om120,3.349887098103663,0.23527841951312414,0.1042729808339085,0.23101900050909,1,Neptune,Neptune,2.1093010317099568,0.75,25.0,90.0,59132.0,0.0,120.0
20260811_184731__rp0p75__vinf25__incm90__toff59132__Om180__om300,3.3498870964069987,0.23527841915717815,0.1042729809249159,0.2310190000630941,1,Neptune,Neptune,2.1093010317089003,0.75,25.0,-90.0,59132.0,180.0,300.0
20260811_184731__rp1__vinf25__inc30__toff59132__Om0__om240,3.3495324650734792,0.23323349663602724,-0.1189886775563772,0.1175930409893516,0,,Mars,1.3532579708985182,1.0,25.0,30.0,59132.0,0.0,240.0
20260811_184731__rp1__vinf25__incm30__toff59132__Om180__om60,3.349532463614369,0.23323349634570156,-0.1189886773952163,0.1175930407692156,0,,Mars,1.353257970904961,1.0,25.0,-30.0,59132.0,180.0,60.0
20260811_184731__rp0p75__vinf25__incm90__toff59132__Om180__om270,3.349121974086243,0.38269592994987783,0.6729362326723739,0.4500888431766282,0,,Neptune,1.3524239658569792,0.75,25.0,-90.0,59132.0,180.0,270.0
20260811_184731__rp0p75__vinf25__inc90__toff59132__Om0__om90,3.349121973698793,0.3826959298725824,0.6729362307571433,0.4500888429396773,0,,Neptune,1.3524239658580117,0.75,25.0,90.0,59132.0,0.0,90.0
20260811_184731__rp1__vinf25__inc0__toff59132__Om180__om30,3.3485302846087937,0.25442794900828586,-0.1351068871140681,0.1293540767027056,0,,Neptune,1.5872393362075712,1.0,25.0,0.0,59132.0,180.0,30.0
20260811_184731__rp1__vinf25__inc0__toff59132__Om90__om120,3.3485302844270888,0.2544279489715792,-0.1351068869140925,0.1293540768813809,0,,Neptune,1.5872393362058868,1.0,25.0,0.0,59132.0,90.0,120.0
20260811_184731__rp1__vinf25__inc0__toff59132__Om270__om300,3.348530284232234,0.2544279489286548,-0.135106886679737,0.1293540770909104,0,,Neptune,1.58723933620554,1.0,25.0,0.0,59132.0,270.0,300.0
20260811_184731__rp1__vinf25__inc0__toff59132__Om0__om210,3.3485302839463706,0.25442794887370207,-0.1351068863678326,0.1293540773729714,0,,Neptune,1.5872393362061799,1.0,25.0,0.0,59132.0,0.0,210.0
20260811_184731__rp0p75__vinf25__incm30__toff59132__Om90__om270,3.347894900095437,0.20890820948364852,0.2499286260439951,0.1327727058470331,0,,Saturn,1.7106538268859741,0.75,25.0,-30.0,59132.0,90.0,270.0
20260811_184731__rp0p75__vinf25__inc30__toff59132__Om270__om90,3.347894896835516,0.20890820883440323,0.2499286248277418,0.1327727050547884,0,,Saturn,1.710653826886348,0.75,25.0,30.0,59132.0,270.0,90.0
20260811_184731__rp0p75__vinf25__incm60__toff59132__Om0__om225,3.3412309103960096,0.2222434976901861,-0.0928935483935656,0.131431519895737,0,,Saturn,1.6352772729565817,0.75,25.0,-60.0,59132.0,0.0,225.0
20260811_184731__rp0p75__vinf25__inc60__toff59132__Om180__om45,3.341230909157451,0.22224349744184654,-0.0928935482640498,0.131431519703358,0,,Saturn,1.6352772729565195,0.75,25.0,60.0,59132.0,180.0,45.0
20260811_184731__rp0p75__vinf25__incm60__toff59132__Om0__om210,3.3405406450186232,0.2216673587592585,-0.0854703298654404,0.1385681260315465,0,,Neptune,1.893609244301735,0.75,25.0,-60.0,59132.0,0.0,210.0
20260811_184731__rp0p75__vinf25__inc60__toff59132__Om180__om30,3.340540643915646,0.2216673586120948,-0.0854703297178578,0.1385681259919663,0,,Neptune,1.89360924430253,0.75,25.0,60.0,59132.0,180.0,30.0
20260811_184731__rp1__vinf25__incm30__toff59132__Om180__om30,3.340017774681704,0.26337133051371975,-0.1430491698725606,0.1333618297731143,0,,Neptune,1.5801435472778815,1.0,25.0,-30.0,59132.0,180.0,30.0
20260811_184731__rp1__vinf25__inc30__toff59132__Om0__om210,3.340017772982234,0.26337133017551734,-0.1430491696666019,0.1333618295063786,0,,Neptune,1.5801435472777985,1.0,25.0,30.0,59132.0,0.0,210.0
20260811_184731__rp0p75__vinf25__incm30__toff59132__Om90__om180,3.3358633216502733,0.23421614364610827,-0.1191164898634281,0.1188134505149741,1,Uranus,Uranus,2.296290160536664,0.75,25.0,-30.0,59132.0,90.0,180.0
20260811_184731__rp0p75__vinf25__inc30__toff59132__Om270__om0,3.3358633215130165,0.23421614361566287,-0.119116489821728,0.1188134505199032,1,Uranus,Uranus,2.2962901605365382,0.75,25.0,30.0,59132.0,270.0,0.0
20260811_184731__rp1p25__vinf25__inc30__toff59132__Om0__om315,3.3351600741473155,0.10735882844776173,-0.0359299751905873,0.0579543578179559,1,Mars,Mars,9.468788298628775,1.25,25.0,30.0,59132.0,0.0,315.0
20260811_184731__rp1p25__vinf25__incm30__toff59132__Om180__om135,3.3351600734717306,0.10735882831127573,-0.0359299750562426,0.0579543578179056,1,Mars,Mars,9.468788298684052,1.25,25.0,-30.0,59132.0,180.0,135.0
20260811_184731__rp0p75__vinf25__incm90__toff59132__Om270__om270,3.333570678450531,0.30442470011997036,0.4684275080731054,0.3322019197691011,0,,Neptune,1.8384289385700119,0.75,25.0,-90.0,59132.0,270.0,270.0
20260811_184731__rp0p75__vinf25__inc90__toff59132__Om90__om90,3.3335700334104206,0.3044245711150777,0.4684276217582303,0.3322017680357741,0,,Neptune,1.8384289385726704,0.75,25.0,90.0,59132.0,90.0,90.0
20260811_184731__rp1__vinf25__incm60__toff59132__Om180__om30,3.3319604532118996,0.24214092895648476,-0.1241166395724129,0.1242645715844648,0,,Neptune,1.5493932819470364,1.0,25.0,-60.0,59132.0,180.0,30.0
20260811_184731__rp1__vinf25__inc60__toff59132__Om0__om210,3.331960449206849,0.24214092815390792,-0.1241166386718415,0.1242645714725999,0,,Neptune,1.5493932819470095,1.0,25.0,60.0,59132.0,0.0,210.0
20260811_184731__rp0p75__vinf25__incm60__toff59132__Om180__om75,3.330101428551715,0.260556715038038,-0.1437912092384324,0.1282567443712569,1,Uranus,Uranus,3.0381913509788174,0.75,25.0,-60.0,59132.0,180.0,75.0
20260811_184731__rp0p75__vinf25__inc60__toff59132__Om0__om255,3.330101427297249,0.2605567147873916,-0.1437912086522279,0.1282567446897891,1,Uranus,Uranus,3.0381913509789253,0.75,25.0,60.0,59132.0,0.0,255.0
20260811_184731__rp1p5__vinf25__inc30__toff59132__Om0__om255,3.3244198373185307,0.1322843633740152,-0.0482464646410172,0.0710274501725441,1,Uranus,Uranus,5.60562302946167,1.5,25.0,30.0,59132.0,0.0,255.0
20260811_184731__rp1p5__vinf25__incm30__toff59132__Om180__om75,3.3244198240913825,0.1322843626243836,-0.0482464638451567,0.0710274501928025,1,Uranus,Uranus,5.605623028938561,1.5,25.0,-30.0,59132.0,180.0,75.0
20260811_184731__rp0p25__vinf25__inc60__toff59132__Om270__om30,3.3231863388991574,0.22210993564630774,-0.1023319798979167,0.1210050361361003,1,Uranus,Uranus,2.20308683128861,0.25,25.0,60.0,59132.0,270.0,30.0
20260811_184731__rp0p25__vinf25__incm60__toff59132__Om90__om210,3.323186336579398,0.22210993518242986,-0.1023319797270918,0.1210050357016472,1,Uranus,Uranus,2.203086831288497,0.25,25.0,-60.0,59132.0,90.0,210.0
20260811_184731__rp1p5__vinf25__inc90__toff59132__Om270__om150,3.3213693173450562,0.2626062034118229,-0.1215295807371529,0.1569342093553741,0,,Neptune,1.8697028169150818,1.5,25.0,90.0,59132.0,270.0,150.0
20260811_184731__rp1p5__vinf25__incm90__toff59132__Om90__om330,3.321369317077221,0.26260620336246726,-0.1215295808180875,0.1569342091914415,0,,Neptune,1.8697028169152041,1.5,25.0,-90.0,59132.0,90.0,330.0
20260811_184731__rp0p5__vinf25__inc90__toff59132__Om90__om225,3.320507673467575,0.22231615871330399,-0.0915309208501561,0.1329892169571247,1,Uranus,Uranus,2.3570679648352293,0.5,25.0,90.0,59132.0,90.0,225.0
20260811_184731__rp0p5__vinf25__incm90__toff59132__Om270__om45,3.3205076690623585,0.22231615783052272,-0.0915309201976499,0.1329892164779315,1,Uranus,Uranus,2.357067964835511,0.5,25.0,-90.0,59132.0,270.0,45.0
20260811_184731__rp0p5__vinf25__incm90__toff59132__Om270__om0,3.319532878507612,0.22540745668708118,-0.1137241479195947,0.112792455532682,1,Uranus,Uranus,2.4402152499333396,0.5,25.0,-90.0,59132.0,270.0,0.0
20260811_184731__rp0p5__vinf25__inc90__toff59132__Om90__om180,3.319532878301517,0.22540745664561174,-0.1137241479119813,0.1127924554848843,1,Uranus,Uranus,2.440215249935845,0.5,25.0,90.0,59132.0,90.0,180.0
20260811_184731__rp1p5__vinf25__inc30__toff59132__Om270__om150,3.317326969253464,0.22942554337036736,-0.0866389749308232,0.1477321624831017,0,,Uranus,1.899123123367943,1.5,25.0,30.0,59132.0,270.0,150.0
20260811_184731__rp1p5__vinf25__incm30__toff59132__Om90__om330,3.317326968631133,0.22942554322268385,-0.0866389746520267,0.1477321625769872,0,,Uranus,1.8991231233669774,1.5,25.0,-30.0,59132.0,90.0,330.0
20260811_184731__rp0p25__vinf25__inc30__toff59132__Om270__om75,3.3128349317949177,0.1483335920681083,0.1533537711551177,0.0773137512147741,0,,Saturn,1.8305644283075369,0.25,25.0,30.0,59132.0,270.0,75.0
20260811_184731__rp0p25__vinf25__incm30__toff59132__Om90__om255,3.3128349294534716,0.14833359157919784,0.1533537704804842,0.0773137508195728,0,,Saturn,1.8305644283033207,0.25,25.0,-30.0,59132.0,90.0,255.0
20260811_184731__rp1__vinf25__inc30__toff59132__Om180__om195,3.311156855648493,0.20038879428487483,0.2331860224389425,0.1151687856214369,0,,Saturn,1.7666159623763018,1.0,25.0,30.0,59132.0,180.0,195.0
20260811_184731__rp1__vinf25__incm30__toff59132__Om0__om15,3.311156855324551,0.20038879421993624,0.2331860223453111,0.1151687856870347,0,,Saturn,1.7666159623768434,1.0,25.0,-30.0,59132.0,0.0,15.0
20260811_184731__rp0p25__vinf25__inc90__toff59132__Om90__om255,3.30838692406496,0.24000893393349587,-0.0928536359974456,0.1556760751788139,1,Uranus,Uranus,2.3185936876601168,0.25,25.0,90.0,59132.0,90.0,255.0
20260811_184731__rp0p25__vinf25__incm90__toff59132__Om270__om75,3.3083869239800245,0.24000893391211425,-0.0928536359788567,0.1556760751688079,1,Uranus,Uranus,2.318593687647723,0.25,25.0,-90.0,59132.0,270.0,75.0
20260811_184731__rp1__vinf25__inc60__toff59132__Om270__om225,3.3072700547822693,0.23412201158861812,0.3026735122993566,0.1746016697452866,2,"Jupiter,Neptune",Neptune,2.4175345247428996,1.0,25.0,60.0,59132.0,270.0,225.0
20260811_184731__rp1__vinf25__incm60__toff59132__Om90__om45,3.3072700023906743,0.234122001122157,0.3026734954615878,0.1746016829488124,2,"Jupiter,Neptune",Neptune,2.4175345247451148,1.0,25.0,-60.0,59132.0,90.0,45.0
20260811_184731__rp1p25__vinf25__inc30__toff59132__Om90__om240,3.3034154424582463,0.07647369430513974,-0.014939827464237,0.0493544425401646,1,Mars,Mars,7.820320566616014,1.25,25.0,30.0,59132.0,90.0,240.0
20260811_184731__rp1p25__vinf25__incm30__toff59132__Om270__om60,3.3034154424472932,0.07647369430508928,-0.0149398273736136,0.0493544426290519,1,Mars,Mars,7.82032056648131,1.25,25.0,-30.0,59132.0,270.0,60.0
20260811_184731__rp0p25__vinf25__inc90__toff59132__Om90__om165,3.2999059541573996,0.16461791690748562,-0.0510959568480521,0.1037382745860944,1,Uranus,Uranus,2.873693850196091,0.25,25.0,90.0,59132.0,90.0,165.0
20260811_184731__rp0p25__vinf25__incm90__toff59132__Om270__om345,3.299905946917895,0.16461791546030477,-0.0510959536421448,0.1037382761754744,1,Uranus,Uranus,2.87369385019626,0.25,25.0,-90.0,59132.0,270.0,345.0
20260811_184731__rp1p25__vinf25__inc0__toff59132__Om270__om270,3.298482762213855,0.18068521506323426,-0.0748010212970708,0.0980585448275254,1,Neptune,Neptune,2.1656612279201566,1.25,25.0,0.0,59132.0,270.0,270.0
20260811_184731__rp1p25__vinf25__inc0__toff59132__Om90__om90,3.298482760771457,0.18068521477433142,-0.0748010206860847,0.0980585451261924,1,Neptune,Neptune,2.1656612279205594,1.25,25.0,0.0,59132.0,90.0,90.0
20260811_184731__rp1p25__vinf25__inc0__toff59132__Om0__om180,3.298482760771457,0.18068521477433142,-0.0748010206860847,0.0980585451261924,1,Neptune,Neptune,2.1656612279205594,1.25,25.0,0.0,59132.0,0.0,180.0
20260811_184731__rp1p25__vinf25__inc0__toff59132__Om180__om0,3.298482760771457,0.18068521477433142,-0.0748010206860847,0.0980585451261924,1,Neptune,Neptune,2.1656612279205594,1.25,25.0,0.0,59132.0,180.0,0.0
20260811_184731__rp0p5__vinf25__incm90__toff59132__Om270__om270,3.2978189721626125,0.21021780495495318,0.0750807094375133,0.2013083174532447,1,Neptune,Mercury,2.2329689410523725,0.5,25.0,-90.0,59132.0,270.0,270.0
20260811_184731__rp0p5__vinf25__inc90__toff59132__Om90__om90,3.2978189191259037,0.210217794401105,0.0750806847843187,0.2013083056780977,1,Neptune,Mercury,2.2329689392062346,0.5,25.0,90.0,59132.0,90.0,90.0
20260811_184731__rp1__vinf25__incm30__toff59132__Om0__om120,3.2965902628358927,0.2455476257137891,0.1697728964697779,0.2433127266730483,1,Neptune,Neptune,2.2672284266935936,1.0,25.0,-30.0,59132.0,0.0,120.0
20260811_184731__rp1__vinf25__inc30__toff59132__Om180__om300,3.2965902558628604,0.24554762432254026,0.1697728980604557,0.2433127249668342,1,Neptune,Neptune,2.2672284266941767,1.0,25.0,30.0,59132.0,180.0,300.0
20260811_184731__rp1__vinf25__inc30__toff59132__Om180__om285,3.295377815136904,0.3123296920256928,0.2932052272736961,0.3327032424863314,0,,Neptune,1.9625760108923176,1.0,25.0,30.0,59132.0,180.0,285.0
20260811_184731__rp1__vinf25__incm30__toff59132__Om0__om105,3.2953778134249294,0.3123296916876114,0.2932052277894391,0.3327032420387154,0,,Neptune,1.9625760108910495,1.0,25.0,-30.0,59132.0,0.0,105.0
20260811_184731__rp1__vinf25__inc60__toff59132__Om270__om270,3.2952364534044856,0.1959866578321778,-0.1112718379679044,0.076929115267374,1,Saturn,Saturn,4.485788209878652,1.0,25.0,60.0,59132.0,270.0,270.0
20260811_184731__rp1__vinf25__incm60__toff59132__Om90__om90,3.29523644722848,0.19598665659614642,-0.1112718371818479,0.076929114595095,1,Saturn,Saturn,4.485788209871722,1.0,25.0,-60.0,59132.0,90.0,90.0
20260811_184731__rp1__vinf25__incm30__toff59132__Om90__om105,3.2929664677039407,0.24536263209481715,-0.132889547012303,0.1187555076361264,0,,Neptune,1.5823034589424358,1.0,25.0,-30.0,59132.0,90.0,105.0
20260811_184731__rp1__vinf25__inc30__toff59132__Om270__om285,3.29296646253023,0.24536263105933065,-0.1328895461800325,0.1187555071160732,0,,Neptune,1.5823034589426006,1.0,25.0,30.0,59132.0,270.0,285.0
20260811_184731__rp0p5__vinf25__inc90__toff59132__Om270__om315,3.2928571431509948,0.22397688866358575,-0.1116596707654077,0.1131713912014186,1,Uranus,Uranus,2.456868633623133,0.5,25.0,90.0,59132.0,270.0,315.0
20260811_184731__rp0p5__vinf25__incm90__toff59132__Om90__om135,3.2928571424241717,0.22397688851740166,-0.1116596704206914,0.1131713913900561,1,Uranus,Uranus,2.456868633621205,0.5,25.0,-90.0,59132.0,90.0,135.0
20260811_184731__rp0p25__vinf25__inc90__toff59132__Om270__om30,3.2892845183509785,0.23236416273457602,-0.0874067821985025,0.1509122582353375,1,Uranus,Uranus,2.29958149818318,0.25,25.0,90.0,59132.0,270.0,30.0
20260811_184731__rp0p25__vinf25__incm90__toff59132__Om90__om210,3.2892845167701275,0.23236416242203298,-0.0874067822728906,0.1509122577312645,1,Uranus,Uranus,2.2995814981840157,0.25,25.0,-90.0,59132.0,90.0,210.0
20260811_184731__rp0p5__vinf25__inc90__toff59132__Om0__om60,3.2866005284548416,0.357679701020191,-0.125461825416888,0.310884361448902,0,,Saturn,1.2812028109368248,0.5,25.0,90.0,59132.0,0.0,60.0
20260811_184731__rp0p75__vinf25__inc60__toff59132__Om90__om195,3.286591511003806,0.21078650924884573,-0.1018450502274344,0.1065561230019794,1,Uranus,Uranus,2.156900733591849,0.75,25.0,60.0,59132.0,90.0,195.0
20260811_184731__rp0p75__vinf25__incm60__toff59132__Om270__om15,3.2865915074403906,0.21078650853977254,-0.1018450497864271,0.1065561225630156,1,Uranus,Uranus,2.15690073359178,0.75,25.0,-60.0,59132.0,270.0,15.0
20260811_184731__rp0p5__vinf25__incm90__toff59132__Om180__om240,3.286351524525644,0.3576299001644059,-0.1253905786208872,0.3108664514930945,0,,Saturn,1.2812028109458773,0.5,25.0,-90.0,59132.0,180.0,240.0
20260811_184731__rp1__vinf25__incm60__toff59132__Om180__om105,3.2853863306634654,0.15891721420564905,-0.0172025699610993,0.1304429971286849,0,,Jupiter,2.284562485119241,1.0,25.0,-60.0,59132.0,180.0,105.0
20260811_184731__rp0p25__vinf25__inc90__toff59132__Om0__om60,3.2852771456543755,0.29688542615102026,0.4593109780886083,0.2423646454321422,0,,Saturn,1.3899374761212377,0.25,25.0,90.0,59132.0,0.0,60.0
20260811_184731__rp0p25__vinf25__incm90__toff59132__Om180__om240,3.2852750273102256,0.2968850024614902,0.459309987184351,0.2423648380233702,0,,Saturn,1.3899374761253087,0.25,25.0,-90.0,59132.0,180.0,240.0
20260811_184731__rp1__vinf25__inc60__toff59132__Om0__om285,3.283424963972583,0.15852607961239362,-0.0179249966489212,0.1293266245072935,0,,Jupiter,2.284554352552573,1.0,25.0,60.0,59132.0,0.0,285.0
20260811_184731__rp0p5__vinf25__inc90__toff59132__Om180__om60,3.282608939478087,0.20858173261038837,-0.0291157896709632,0.1777850201454237,1,Neptune,Neptune,2.0841491879537366,0.5,25.0,90.0,59132.0,180.0,60.0
20260811_184731__rp0p5__vinf25__incm90__toff59132__Om0__om240,3.282608938097197,0.2085817323334701,-0.0291157895429631,0.1777850199189847,1,Neptune,Neptune,2.0841491879538694,0.5,25.0,-90.0,59132.0,0.0,240.0
20260811_184731__rp0p25__vinf25__inc30__toff59132__Om270__om45,3.281676008437814,0.14857786327733755,-0.0752701723411018,0.0603693658324923,0,,Neptune,2.062035522514362,0.25,25.0,30.0,59132.0,270.0,45.0
20260811_184731__rp0p25__vinf25__incm30__toff59132__Om90__om225,3.2816759967527522,0.14857786095316677,-0.0752701711384423,0.0603693645341961,0,,Neptune,2.0620355225163243,0.25,25.0,-30.0,59132.0,90.0,225.0
20260811_184731__rp1p5__vinf25__inc60__toff59132__Om90__om0,3.28165858564902,0.2540814963093111,-0.1226598912338866,0.1431080635794797,0,,Neptune,1.770964310134543,1.5,25.0,60.0,59132.0,90.0,0.0
20260811_184731__rp1p5__vinf25__incm60__toff59132__Om270__om180,3.281658583030537,0.25408149578410955,-0.1226598888293908,0.1431080655267198,0,,Neptune,1.7709643101353028,1.5,25.0,-60.0,59132.0,270.0,180.0
20260811_184731__rp0p75__vinf25__inc60__toff59132__Om0__om60,3.2787128810165496,0.23418832954019608,-0.0969994989174837,0.1431998180362319,0,,Uranus,1.82004477238433,0.75,25.0,60.0,59132.0,0.0,60.0
20260811_184731__rp0p75__vinf25__incm60__toff59132__Om180__om240,3.2787128737995306,0.23418832808708526,-0.0969994984501184,0.1431998165411573,0,,Uranus,1.8200447723846587,0.75,25.0,-60.0,59132.0,180.0,240.0
20260811_184731__rp0p5__vinf25__inc90__toff59132__Om270__om0,3.2779612950781085,0.21571206949315316,-0.0872542290337219,0.1288206318299696,1,Uranus,Uranus,2.349774190159451,0.5,25.0,90.0,59132.0,270.0,0.0
20260811_184731__rp0p5__vinf25__incm90__toff59132__Om90__om180,3.2779612946784664,0.2157120694128472,-0.0872542286052437,0.1288206321807032,1,Uranus,Uranus,2.3497741901592004,0.5,25.0,-90.0,59132.0,90.0,180.0
20260811_184731__rp0p75__vinf25__incm60__toff59132__Om90__om285,3.2772971947012532,0.23282812230074773,0.2997514112572882,0.1723270239685782,0,,Uranus,1.6499202765370358,0.75,25.0,-60.0,59132.0,90.0,285.0
20260811_184731__rp0p75__vinf25__inc60__toff59132__Om270__om105,3.277297194671964,0.23282812229315672,0.2997514112452303,0.172327023978567,0,,Uranus,1.6499202765368528,0.75,25.0,60.0,59132.0,270.0,105.0
20260811_184731__rp1__vinf25__incm30__toff59132__Om270__om45,3.2766198601541507,0.1344277629694461,-0.0509741843138139,0.0705070634785842,0,,Neptune,2.267463893277724,1.0,25.0,-30.0,59132.0,270.0,45.0
20260811_184731__rp1__vinf25__inc30__toff59132__Om90__om225,3.2766198589623827,0.13442776271092788,-0.0509741839065801,0.0705070636217871,0,,Neptune,2.267463893277858,1.0,25.0,30.0,59132.0,90.0,225.0
20260811_184731__rp0p75__vinf25__inc90__toff59132__Om0__om345,3.2755637252658483,0.13986667879413556,0.1433467510716527,0.0875532369956359,0,,Neptune,2.387371191975604,0.75,25.0,90.0,59132.0,0.0,345.0
20260811_184731__rp0p75__vinf25__incm90__toff59132__Om180__om165,3.275563658919174,0.13986666270097098,0.1433467291152433,0.0875532208739992,0,,Neptune,2.387371191954161,0.75,25.0,-90.0,59132.0,180.0,165.0
20260811_184731__rp1__vinf25__incm30__toff59132__Om0__om165,3.275120770219636,0.1591050876744414,-0.0447909686087515,0.1038303212451807,1,Neptune,Neptune,2.3437751605284975,1.0,25.0,-30.0,59132.0,0.0,165.0
20260811_184731__rp1__vinf25__inc30__toff59132__Om180__om345,3.2751207614145885,0.15910508591394293,-0.0447909677040628,0.1038303201694068,1,Neptune,Neptune,2.3437751605277946,1.0,25.0,30.0,59132.0,180.0,345.0
20260811_184731__rp1p25__vinf25__inc60__toff59132__Om0__om75,3.273898403822388,0.25953953981777406,-0.1557071418847991,0.112406006856613,0,,Neptune,1.2917080371761571,1.25,25.0,60.0,59132.0,0.0,75.0
20260811_184731__rp1p25__vinf25__incm60__toff59132__Om180__om255,3.273898403566717,0.2595395397679866,-0.1557071415934775,0.1124060071373561,0,,Neptune,1.291708037175964,1.25,25.0,-60.0,59132.0,180.0,255.0
20260811_184731__rp0p5__vinf25__incm90__toff59132__Om180__om150,3.2737543167863263,0.07983265818487538,0.0721994137605034,0.048964816066462,0,,Neptune,2.4427003307119213,0.5,25.0,-90.0,59132.0,180.0,150.0
20260811_184731__rp0p5__vinf25__inc90__toff59132__Om0__om330,3.2737543161486373,0.07983265804458385,0.0721994136043443,0.0489648157573203,0,,Neptune,2.442700330711795,0.5,25.0,90.0,59132.0,0.0,330.0
20260811_184731__rp0p75__vinf25__incm60__toff59132__Om270__om0,3.265700587157421,0.22236441184875744,-0.1185576267231895,0.1031876973923233,1,Uranus,Uranus,2.1471487855234628,0.75,25.0,-60.0,59132.0,270.0,0.0
20260811_184731__rp0p75__vinf25__inc60__toff59132__Om90__om180,3.265700586091702,0.22236441163637913,-0.1185576265337188,0.1031876973211036,1,Uranus,Uranus,2.1471487855255664,0.75,25.0,60.0,59132.0,90.0,180.0
20260811_184731__rp0p5__vinf25__inc60__toff59132__Om270__om15,3.265223840450541,0.22717947680053335,-0.1081417792268611,0.1214408968963124,1,Uranus,Uranus,2.166709805133305,0.5,25.0,60.0,59132.0,270.0,15.0
20260811_184731__rp0p5__vinf25__incm60__toff59132__Om90__om195,3.2652238399227986,0.22717947669912733,-0.1081417789837941,0.1214408970279976,1,Uranus,Uranus,2.1667098051332694,0.5,25.0,-60.0,59132.0,90.0,195.0
20260811_184731__rp1__vinf25__inc60__toff59132__Om0__om150,3.262138000619338,0.10870059015353285,0.0128051308321818,0.093707237575226,1,Neptune,Neptune,2.7747197595610897,1.0,25.0,60.0,59132.0,0.0,150.0
20260811_184731__rp1__vinf25__incm60__toff59132__Om180__om330,3.262137999560524,0.10870058991641658,0.0128051301462662,0.0937072373678789,1,Neptune,Neptune,2.7747197595613624,1.0,25.0,-60.0,59132.0,180.0,330.0
20260811_184731__rp1__vinf25__inc0__toff59132__Om90__om135,3.2588242194411103,0.24298105835011502,-0.1268495078783721,0.1223303440346759,0,,Saturn,2.0602829093840653,1.0,25.0,0.0,59132.0,90.0,135.0
20260811_184731__rp1__vinf25__inc0__toff59132__Om0__om225,3.2588242189817973,0.2429810582536951,-0.1268495071458509,0.1223303447386851,0,,Saturn,2.060282909438684,1.0,25.0,0.0,59132.0,0.0,225.0
20260811_184731__rp1__vinf25__inc0__toff59132__Om180__om45,3.2588242189817973,0.2429810582536951,-0.1268495071458509,0.1223303447386851,0,,Saturn,2.060282909438684,1.0,25.0,0.0,59132.0,180.0,45.0
20260811_184731__rp1__vinf25__inc0__toff59132__Om270__om315,3.258824218844371,0.24298105822743912,-0.1268495069465695,0.1223303449301742,0,,Saturn,2.0602829094455095,1.0,25.0,0.0,59132.0,270.0,315.0
20260811_184731__rp0p75__vinf25__incm60__toff59132__Om270__om30,3.258537641247151,0.1931080561994573,-0.0865757979174401,0.1006797968616262,1,Uranus,Uranus,2.0515701054657502,0.75,25.0,-60.0,59132.0,270.0,30.0
20260811_184731__rp0p75__vinf25__inc60__toff59132__Om90__om210,3.258537637207364,0.1931080553894761,-0.0865757974226099,0.1006797963873261,1,Uranus,Uranus,2.051570105465693,0.75,25.0,60.0,59132.0,90.0,210.0
20260811_184731__rp0p75__vinf25__inc60__toff59132__Om90__om150,3.25788497127288,0.24305311436276159,-0.1476115814388837,0.0979653802790391,0,,Uranus,1.8767130689560985,0.75,25.0,60.0,59132.0,90.0,150.0
20260811_184731__rp0p75__vinf25__incm60__toff59132__Om270__om330,3.257884971203368,0.2430531143473255,-0.1476115813122168,0.0979653804099375,0,,Uranus,1.8767130689566542,0.75,25.0,-60.0,59132.0,270.0,330.0
20260811_184731__rp1p5__vinf25__inc0__toff59132__Om0__om270,3.2531107491325937,0.16971418247906978,0.0124080559586575,0.1575131550680623,1,Uranus,Uranus,2.349311065482421,1.5,25.0,0.0,59132.0,0.0,270.0
20260811_184731__rp1p5__vinf25__inc0__toff59132__Om270__om0,3.2531107491325937,0.16971418247906978,0.0124080559586575,0.1575131550680623,1,Uranus,Uranus,2.349311065482421,1.5,25.0,0.0,59132.0,270.0,0.0
20260811_184731__rp1p5__vinf25__inc0__toff59132__Om90__om180,3.2531107491325937,0.16971418247906978,0.0124080559586575,0.1575131550680623,1,Uranus,Uranus,2.349311065482421,1.5,25.0,0.0,59132.0,90.0,180.0
20260811_184731__rp1p5__vinf25__inc0__toff59132__Om180__om90,3.2531107491325937,0.16971418247906978,0.0124080559586575,0.1575131550680623,1,Uranus,Uranus,2.349311065482421,1.5,25.0,0.0,59132.0,180.0,90.0
20260811_184731__rp1__vinf25__inc30__toff59132__Om180__om210,3.252295481859183,0.2110463490417595,0.2521710094000716,0.1249484867269537,0,,Saturn,1.78568258876914,1.0,25.0,30.0,59132.0,180.0,210.0
20260811_184731__rp1__vinf25__incm30__toff59132__Om0__om30,3.25229547864363,0.21104634840408779,0.2521710084045344,0.1249484871328079,0,,Saturn,1.7856825887701506,1.0,25.0,-30.0,59132.0,0.0,30.0
20260811_184731__rp0p75__vinf25__incm60__toff59132__Om90__om165,3.2494057007259807,0.22469218116353631,-0.1083555087148171,0.117828329341319,1,Uranus,Uranus,2.2242326751978534,0.75,25.0,-60.0,59132.0,90.0,165.0
20260811_184731__rp0p75__vinf25__inc60__toff59132__Om270__om345,3.249405698510391,0.22469218071870378,-0.1083555077696787,0.117828329790215,1,Uranus,Uranus,2.2242326751977632,0.75,25.0,60.0,59132.0,270.0,345.0
20260811_184731__rp0p75__vinf25__incm90__toff59132__Om90__om300,3.24913660256321,0.18513878149622398,0.1638625801590171,0.1732716357329668,1,Neptune,Neptune,2.2327454155151614,0.75,25.0,-90.0,59132.0,90.0,300.0
20260811_184731__rp0p75__vinf25__inc90__toff59132__Om270__om120,3.249136602292943,0.18513878144407295,0.1638625802128871,0.1732716356787441,1,Neptune,Neptune,2.232745415515261,0.75,25.0,90.0,59132.0,270.0,120.0
20260811_184731__rp0p25__vinf25__inc90__toff59132__Om270__om210,3.2488389487196416,0.19026731120898593,0.0282550409947365,0.1799884795603479,1,Neptune,Neptune,2.7232006136880593,0.25,25.0,90.0,59132.0,270.0,210.0
20260811_184731__rp0p25__vinf25__incm90__toff59132__Om90__om30,3.2488388804093797,0.19026730054621566,0.0282550476564414,0.1799884667131948,1,Neptune,Neptune,2.723200613652075,0.25,25.0,-90.0,59132.0,90.0,30.0
20260811_184731__rp1p5__vinf25__incm90__toff59132__Om270__om195,3.2481285823769595,0.2537278793579727,-0.1166159444362965,0.1493646681615023,0,,Neptune,1.8725594492320041,1.5,25.0,-90.0,59132.0,270.0,195.0
20260811_184731__rp1p5__vinf25__inc90__toff59132__Om90__om15,3.2481285814684404,0.2537278796199419,-0.1166159447509641,0.1493646681921578,0,,Neptune,1.8725594492165114,1.5,25.0,90.0,59132.0,90.0,15.0
20260811_184731__rp1__vinf25__incm90__toff59132__Om180__om195,3.2441145887310703,0.189906281608089,0.2158250959656117,0.1086885902299736,0,,Neptune,1.8737836458011077,1.0,25.0,-90.0,59132.0,180.0,195.0
20260811_184731__rp1__vinf25__inc90__toff59132__Om0__om15,3.244114588629971,0.1899062815859683,0.215825095931896,0.1086885902315011,0,,Neptune,1.8737836458010562,1.0,25.0,90.0,59132.0,0.0,15.0
20260811_184731__rp0p75__vinf25__inc90__toff59132__Om90__om345,3.2437788094513644,0.18466422959956522,0.1624344869058412,0.1727040635347516,1,Neptune,Neptune,2.1924198549432297,0.75,25.0,90.0,59132.0,90.0,345.0
20260811_184731__rp0p75__vinf25__incm90__toff59132__Om270__om165,3.2437788088940374,0.18466422949059644,0.1624344870284285,0.1727040634218294,1,Neptune,Neptune,2.192419854943499,0.75,25.0,-90.0,59132.0,270.0,165.0
20260811_184731__rp0p75__vinf25__inc30__toff59132__Om270__om15,3.2435709582883483,0.2086185960939043,-0.1053736217883032,0.099812919528265,0,,Uranus,2.015543908072221,0.75,25.0,30.0,59132.0,270.0,15.0
20260811_184731__rp0p75__vinf25__incm30__toff59132__Om90__om195,3.2435709580330854,0.20861859604407976,-0.1053736218564107,0.09981291938744,0,,Uranus,2.0155439080724724,0.75,25.0,-30.0,59132.0,90.0,195.0
20260811_184731__rp0p75__vinf25__incm90__toff59132__Om0__om330,3.2428312886073005,0.15523558561925613,0.1662955803048785,0.14219630507468,0,,Neptune,1.8857430492396465,0.75,25.0,-90.0,59132.0,0.0,330.0
20260811_184731__rp0p75__vinf25__inc90__toff59132__Om180__om150,3.2428312865847717,0.15523558523372225,0.1662955781117353,0.1421963045666749,0,,Neptune,1.8857430492402094,0.75,25.0,90.0,59132.0,180.0,150.0
20260811_184731__rp0p25__vinf25__incm90__toff59132__Om0__om105,3.2423632372124116,0.24172393757814015,0.3252338450107767,0.2085549152399888,1,Uranus,Uranus,2.350738441401398,0.25,25.0,-90.0,59132.0,0.0,105.0
20260811_184731__rp0p25__vinf25__inc90__toff59132__Om180__om285,3.242363218386707,0.24172393381138965,0.3252338367686006,0.2085549122367409,1,Uranus,Uranus,2.3507384414021955,0.25,25.0,90.0,59132.0,180.0,285.0
20260811_184731__rp0p75__vinf25__inc60__toff59132__Om180__om345,3.2410447405016045,0.16894633773125087,-0.0263769390576517,0.1330074437910099,1,Neptune,Neptune,2.1772483218820002,0.75,25.0,60.0,59132.0,180.0,345.0
20260811_184731__rp0p75__vinf25__incm60__toff59132__Om0__om165,3.241044740009899,0.16894633763284414,-0.026376938555237,0.1330074441594612,1,Neptune,Neptune,2.1772483218821863,0.75,25.0,-60.0,59132.0,0.0,165.0
20260811_184731__rp1__vinf25__incm30__toff59132__Om270__om255,3.2388228663989715,0.08612906260131221,0.003321938993042,0.0725605301472353,1,Neptune,Neptune,2.9505251875108223,1.0,25.0,-30.0,59132.0,270.0,255.0
20260811_184731__rp1__vinf25__inc30__toff59132__Om90__om75,3.238822866045785,0.08612906254731115,0.0033219389427475,0.0725605300987437,1,Neptune,Neptune,2.950525187509382,1.0,25.0,30.0,59132.0,90.0,75.0
20260811_184731__rp1__vinf25__inc30__toff59132__Om90__om120,3.2354487361324455,0.2474566015153695,-0.1355009124704682,0.118728294496287,0,,Neptune,1.6503776730230004,1.0,25.0,30.0,59132.0,90.0,120.0
20260811_184731__rp1__vinf25__incm30__toff59132__Om270__om300,3.235448735666513,0.24745660142329282,-0.1355009120089957,0.1187282949029395,0,,Neptune,1.65037767302075,1.0,25.0,-30.0,59132.0,270.0,300.0
20260811_184731__rp0p75__vinf25__inc60__toff59132__Om270__om330,3.235395946374112,0.2387401674092701,-0.12105960486365,0.1229378243952016,1,Uranus,Uranus,2.250131387589398,0.75,25.0,60.0,59132.0,270.0,330.0
20260811_184731__rp0p75__vinf25__incm60__toff59132__Om90__om150,3.2353959454735097,0.2387401672297753,-0.1210596046708314,0.1229378243616378,1,Uranus,Uranus,2.2501313875895,0.75,25.0,-60.0,59132.0,90.0,150.0
20260811_184731__rp0p5__vinf25__inc30__toff59132__Om90__om240,3.232988080566727,0.12272561015065742,-0.0451821355171846,0.0641479221225007,0,,Neptune,2.5431568942887526,0.5,25.0,30.0,59132.0,90.0,240.0
20260811_184731__rp0p5__vinf25__incm30__toff59132__Om270__om60,3.2329880796689996,0.1227256100014988,-0.0451821351149684,0.0641479223792647,0,,Neptune,2.5431568942898704,0.5,25.0,-30.0,59132.0,270.0,60.0
20260811_184731__rp0p75__vinf25__incm60__toff59132__Om270__om345,3.2236856798922364,0.232279564580029,-0.1330515302317052,0.1000352649996958,1,Uranus,Uranus,2.0702506409320596,0.75,25.0,-60.0,59132.0,270.0,345.0
20260811_184731__rp0p75__vinf25__inc60__toff59132__Om90__om165,3.223685679732224,0.23227956455314225,-0.1330515302184984,0.1000352649776922,1,Uranus,Uranus,2.070250640932379,0.75,25.0,60.0,59132.0,90.0,165.0
20260811_184731__rp1p5__vinf25__incm30__toff59132__Om270__om165,3.222803418393853,0.22143714660558883,-0.1069672362439082,0.1149843844937909,0,,Uranus,2.3885389356245463,1.5,25.0,-30.0,59132.0,270.0,165.0
20260811_184731__rp1p5__vinf25__inc30__toff59132__Om90__om345,3.2228034182130054,0.22143714656768268,-0.106967236018503,0.1149843846932261,0,,Uranus,2.388538935625208,1.5,25.0,30.0,59132.0,90.0,345.0
20260811_184731__rp1__vinf25__incm60__toff59132__Om90__om300,3.222205317966204,0.19465491530135823,0.229005166815024,0.1476619872763299,0,,Uranus,2.055079728777881,1.0,25.0,-60.0,59132.0,90.0,300.0
20260811_184731__rp1__vinf25__inc60__toff59132__Om270__om120,3.2222053155510992,0.19465491481910976,0.229005166110415,0.147661987730541,0,,Uranus,2.0550797287777636,1.0,25.0,60.0,59132.0,270.0,120.0
20260811_184731__rp1p25__vinf25__inc0__toff59132__Om90__om60,3.2170288426023688,0.1231559471785238,0.096669172246257,0.1076192742388108,1,Neptune,Neptune,2.7830670599922542,1.25,25.0,0.0,59132.0,90.0,60.0
20260811_184731__rp1p25__vinf25__inc0__toff59132__Om0__om150,3.2170288407478935,0.1231559468106043,0.0966691719412856,0.1076192738748277,1,Neptune,Neptune,2.7830670599903335,1.25,25.0,0.0,59132.0,0.0,150.0
20260811_184731__rp1p25__vinf25__inc0__toff59132__Om270__om240,3.2170288405879144,0.12315594677512065,0.0966691719105824,0.1076192738396879,1,Neptune,Neptune,2.7830670599934453,1.25,25.0,0.0,59132.0,270.0,240.0
20260811_184731__rp1p25__vinf25__inc0__toff59132__Om180__om330,3.217028840155079,0.12315594669067113,0.0966691718405973,0.1076192737561424,1,Neptune,Neptune,2.783067059993725,1.25,25.0,0.0,59132.0,180.0,330.0
20260811_184731__rp1__vinf25__inc30__toff59132__Om180__om30,3.2163175240193462,0.21900693244978506,-0.1040887337131469,0.1149225473421148,0,,Neptune,1.5803176829144538,1.0,25.0,30.0,59132.0,180.0,30.0
20260811_184731__rp1__vinf25__incm30__toff59132__Om0__om210,3.2163175239335358,0.21900693243478256,-0.1040887336082023,0.1149225474380503,0,,Neptune,1.580317682914565,1.0,25.0,-30.0,59132.0,0.0,210.0
20260811_184731__rp0p25__vinf25__incm90__toff59132__Om180__om120,3.2117542266686083,0.12206624415968989,-0.0775274202889036,0.0291929025149026,0,,Uranus,1.6769757331688488,0.25,25.0,-90.0,59132.0,180.0,120.0
20260811_184731__rp0p25__vinf25__inc90__toff59132__Om0__om300,3.211754224630802,0.12206624372702833,-0.0775274200958753,0.0291929022719764,0,,Uranus,1.6769757331819328,0.25,25.0,90.0,59132.0,0.0,300.0
20260811_184731__rp0p75__vinf25__inc90__toff59132__Om0__om240,3.2085372102485126,0.24405972254139352,-0.1254653065682365,0.1254558728017916,1,Uranus,Uranus,2.3329978719501345,0.75,25.0,90.0,59132.0,0.0,240.0
20260811_184731__rp0p75__vinf25__incm90__toff59132__Om180__om60,3.208537209225266,0.24405972233853718,-0.1254653063271725,0.1254558727879298,1,Uranus,Uranus,2.3329978719499356,0.75,25.0,-90.0,59132.0,180.0,60.0
20260811_184731__rp1p5__vinf25__incm60__toff59132__Om180__om315,3.207590244593139,0.22216944231553765,0.2751878334650516,0.2201967687307442,1,Neptune,Neptune,2.248951317214871,1.5,25.0,-60.0,59132.0,180.0,315.0
20260811_184731__rp1p5__vinf25__inc60__toff59132__Om0__om135,3.2075902425312037,0.222169441902664,0.2751878320966908,0.220196768173588,1,Neptune,Neptune,2.248951317215463,1.5,25.0,60.0,59132.0,0.0,135.0
20260811_184731__rp0p75__vinf25__inc90__toff59132__Om270__om225,3.206014495505145,0.2961262290077543,0.4529803843965917,0.3206974687016825,0,,Neptune,1.758334556895791,0.75,25.0,90.0,59132.0,270.0,225.0
20260811_184731__rp0p75__vinf25__incm90__toff59132__Om90__om45,3.206014147751342,0.2961261594571077,0.4529801896057283,0.3206973675083274,0,,Neptune,1.7583345568954785,0.75,25.0,-90.0,59132.0,90.0,45.0
20260811_184731__rp1p25__vinf25__inc30__toff59132__Om0__om330,3.205513836695053,0.06856176904199893,-0.0079949576674903,0.0489597252547937,1,Mars,Mars,7.045572091251891,1.25,25.0,30.0,59132.0,0.0,330.0
20260811_184731__rp1p25__vinf25__incm30__toff59132__Om180__om150,3.2055138364346316,0.06856176898760495,-0.0079949575395255,0.048959725330263,1,Mars,Mars,7.045572091351435,1.25,25.0,-30.0,59132.0,180.0,150.0
20260811_184731__rp0p5__vinf25__inc60__toff59132__Om90__om300,3.2046882385947115,0.17224548470147735,0.1865509047903125,0.0835860645541037,1,Mars,Mars,13.080527934310567,0.5,25.0,60.0,59132.0,90.0,300.0
20260811_184731__rp0p5__vinf25__incm60__toff59132__Om270__om120,3.204688236769784,0.17224548434237713,0.1865509042343526,0.0835860641564675,1,Mars,Mars,13.080527934191963,0.5,25.0,-60.0,59132.0,270.0,120.0
20260811_184731__rp1__vinf25__incm90__toff59132__Om90__om315,3.2040543050787007,0.1660024418791202,0.0463491805378545,0.1517407539558929,1,Neptune,Neptune,2.220358244771899,1.0,25.0,-90.0,59132.0,90.0,315.0
20260811_184731__rp1__vinf25__inc90__toff59132__Om270__om135,3.204054298438238,0.16600244055498942,0.0463491807705117,0.1517407525014066,1,Neptune,Neptune,2.2203582447719628,1.0,25.0,90.0,59132.0,270.0,135.0
20260811_184731__rp1p5__vinf25__inc30__toff59132__Om0__om60,3.2008843762657415,0.1774150123450386,-0.052268009869261,0.1174136838480792,0,,Uranus,2.58853505431328,1.5,25.0,30.0,59132.0,0.0,60.0
20260811_184731__rp1p5__vinf25__incm30__toff59132__Om180__om240,3.200884366256756,0.17741501033695772,-0.0522680086736054,0.1174136826853371,0,,Uranus,2.5885350543142134,1.5,25.0,-30.0,59132.0,180.0,240.0
20260811_184731__rp1p25__vinf25__inc0__toff59132__Om180__om75,3.200402322040497,0.1669739082479111,-0.072089305320012,0.0847225552607319,1,Uranus,Uranus,3.489885004914725,1.25,25.0,0.0,59132.0,180.0,75.0
20260811_184731__rp1p25__vinf25__inc0__toff59132__Om270__om345,3.200402322040497,0.1669739082479111,-0.072089305320012,0.0847225552607319,1,Uranus,Uranus,3.489885004914725,1.25,25.0,0.0,59132.0,270.0,345.0
20260811_184731__rp1p25__vinf25__inc0__toff59132__Om90__om165,3.2004023197776887,0.16697390779517943,-0.0720893049456612,0.0847225551308364,1,Uranus,Uranus,3.4898850049146644,1.25,25.0,0.0,59132.0,90.0,165.0
20260811_184731__rp1p25__vinf25__inc0__toff59132__Om0__om255,3.2004023111829056,0.16697390607639176,-0.0720893035234765,0.0847225546387154,1,Uranus,Uranus,3.4898850049146324,1.25,25.0,0.0,59132.0,0.0,255.0
20260811_184731__rp1p5__vinf25__incm30__toff59132__Om270__om45,3.1993485906129235,0.08559960743443785,-0.0251502456462462,0.0477249832219095,1,Mars,Mars,6.993734166262312,1.5,25.0,-30.0,59132.0,270.0,45.0
20260811_184731__rp1p5__vinf25__inc30__toff59132__Om90__om225,3.1993485893975313,0.08559960719130025,-0.0251502453988469,0.0477249832400537,1,Mars,Mars,6.9937341662634545,1.5,25.0,30.0,59132.0,90.0,225.0
20260811_184731__rp1p25__vinf25__inc0__toff59132__Om0__om285,3.1975386684062874,0.15366468808960693,-0.0799687320966926,0.0610052472307103,0,,Jupiter,2.722257697195266,1.25,25.0,0.0,59132.0,0.0,285.0
20260811_184731__rp1p25__vinf25__inc0__toff59132__Om180__om105,3.197535742897254,0.15366466705460674,-0.0799686060761432,0.0610053602546011,0,,Jupiter,2.722257686371413,1.25,25.0,0.0,59132.0,180.0,105.0
20260811_184731__rp1p25__vinf25__inc0__toff59132__Om90__om195,3.197535742897254,0.15366466705460674,-0.0799686060761432,0.0610053602546011,0,,Jupiter,2.722257686371413,1.25,25.0,0.0,59132.0,90.0,195.0
20260811_184731__rp1p25__vinf25__inc0__toff59132__Om270__om15,3.1975330138329703,0.15366472871499728,-0.0799688664002383,0.0610051473895984,0,,Jupiter,2.722257674956116,1.25,25.0,0.0,59132.0,270.0,15.0
20260811_184731__rp1__vinf25__incm30__toff59132__Om180__om45,3.196709466494106,0.24876817482773328,-0.1312488548729954,0.1255727455016131,0,,Neptune,1.2094522134557928,1.0,25.0,-30.0,59132.0,180.0,45.0
20260811_184731__rp1__vinf25__inc30__toff59132__Om0__om225,3.196709465662207,0.24876817473255222,-0.1312488548110646,0.125572745435441,0,,Neptune,1.2094522134554728,1.0,25.0,30.0,59132.0,0.0,225.0
20260811_184731__rp1__vinf25__inc0__toff59132__Om90__om180,3.196236591163049,0.19936094697084822,-0.0954886413501464,0.0988465592132559,1,Uranus,Uranus,2.4903231141153688,1.0,25.0,0.0,59132.0,90.0,180.0
20260811_184731__rp1__vinf25__inc0__toff59132__Om180__om90,3.196236591163049,0.19936094697084822,-0.0954886413501464,0.0988465592132559,1,Uranus,Uranus,2.4903231141153688,1.0,25.0,0.0,59132.0,180.0,90.0
20260811_184731__rp1__vinf25__inc0__toff59132__Om270__om0,3.196236591163049,0.19936094697084822,-0.0954886413501464,0.0988465592132559,1,Uranus,Uranus,2.4903231141153688,1.0,25.0,0.0,59132.0,270.0,0.0
20260811_184731__rp1__vinf25__inc0__toff59132__Om0__om270,3.196236591163049,0.19936094697084822,-0.0954886413501464,0.0988465592132559,1,Uranus,Uranus,2.4903231141153688,1.0,25.0,0.0,59132.0,0.0,270.0
20260811_184731__rp1__vinf25__inc0__toff59132__Om270__om30,3.195355172751478,0.15572274441974024,-0.0711991688275325,0.0727588958587289,0,,Neptune,2.1955644753991606,1.0,25.0,0.0,59132.0,270.0,30.0
20260811_184731__rp1__vinf25__inc0__toff59132__Om180__om120,3.195355171814257,0.15572274423094662,-0.0711991683827315,0.0727588961180016,0,,Neptune,2.1955644753986197,1.0,25.0,0.0,59132.0,180.0,120.0
20260811_184731__rp1__vinf25__inc0__toff59132__Om90__om210,3.1953551710919172,0.1557227440897232,-0.0711991680556467,0.0727588963059478,0,,Neptune,2.195564475398763,1.0,25.0,0.0,59132.0,90.0,210.0
20260811_184731__rp1__vinf25__inc0__toff59132__Om0__om300,3.1953551710919172,0.1557227440897232,-0.0711991680556467,0.0727588963059478,0,,Neptune,2.195564475398763,1.0,25.0,0.0,59132.0,0.0,300.0
20260811_184731__rp1p25__vinf25__inc30__toff59132__Om270__om255,3.193403128894597,0.14987253456644706,-0.0589829605315928,0.079037496949312,1,Neptune,Saturn,2.2409006046489086,1.25,25.0,30.0,59132.0,270.0,255.0
20260811_184731__rp1p25__vinf25__incm30__toff59132__Om90__om75,3.193403128894597,0.14987253456644706,-0.0589829605315928,0.079037496949312,1,Neptune,Saturn,2.2409006046489086,1.25,25.0,-30.0,59132.0,90.0,75.0
20260811_184731__rp0p75__vinf25__incm60__toff59132__Om270__om285,3.1920332080103404,0.16830997047059051,-0.1056156848286321,0.0494185945054519,1,Neptune,Neptune,2.0853138346843494,0.75,25.0,-60.0,59132.0,270.0,285.0
20260811_184731__rp0p75__vinf25__inc60__toff59132__Om90__om105,3.192033207109719,0.16830997027209085,-0.1056156842880701,0.0494185948873981,1,Neptune,Neptune,2.0853138346873097,0.75,25.0,60.0,59132.0,90.0,105.0
20260811_184731__rp1__vinf25__inc0__toff59132__Om270__om330,3.190851497306098,0.22818807937166835,-0.1158209619964312,0.1142221993443171,0,,Uranus,1.882895719115652,1.0,25.0,0.0,59132.0,270.0,330.0
20260811_184731__rp1__vinf25__inc0__toff59132__Om180__om60,3.190851496496774,0.22818807920865508,-0.1158209619052137,0.1142221992240796,0,,Uranus,1.8828957191157245,1.0,25.0,0.0,59132.0,180.0,60.0
20260811_184731__rp1__vinf25__inc0__toff59132__Om0__om240,3.1908514949072346,0.22818807889190557,-0.1158209617275339,0.1142221989909394,0,,Uranus,1.8828957191155278,1.0,25.0,0.0,59132.0,0.0,240.0
20260811_184731__rp1__vinf25__inc0__toff59132__Om90__om150,3.190851491323292,0.2281880781740673,-0.1158209613246136,0.1142221984628658,0,,Uranus,1.8828957191153186,1.0,25.0,0.0,59132.0,90.0,150.0
20260811_184731__rp1p25__vinf25__inc0__toff59132__Om270__om0,3.1886688887805485,0.1700218871169943,-0.0669044346920173,0.093727086982261,1,Uranus,Uranus,2.4025799977971802,1.25,25.0,0.0,59132.0,270.0,0.0
20260811_184731__rp1p25__vinf25__inc0__toff59132__Om0__om270,3.1886688887805485,0.1700218871169943,-0.0669044346920173,0.093727086982261,1,Uranus,Uranus,2.4025799977971802,1.25,25.0,0.0,59132.0,0.0,270.0
20260811_184731__rp1p25__vinf25__inc0__toff59132__Om90__om180,3.1886688887805485,0.1700218871169943,-0.0669044346920173,0.093727086982261,1,Uranus,Uranus,2.4025799977971802,1.25,25.0,0.0,59132.0,90.0,180.0
20260811_184731__rp1p25__vinf25__inc0__toff59132__Om180__om90,3.1886688887805485,0.1700218871169943,-0.0669044346920173,0.093727086982261,1,Uranus,Uranus,2.4025799977971802,1.25,25.0,0.0,59132.0,180.0,90.0
20260811_184731__rp1__vinf25__inc30__toff59132__Om90__om150,3.186320300615915,0.2248449475393445,-0.1190723599712487,0.1059673139486299,0,,Uranus,1.533519613768954,1.0,25.0,30.0,59132.0,90.0,150.0
20260811_184731__rp1__vinf25__incm30__toff59132__Om270__om330,3.186320296267552,0.22484494667423816,-0.1190723593203821,0.1059673135132745,0,,Uranus,1.5335196137693952,1.0,25.0,-30.0,59132.0,270.0,330.0
20260811_184731__rp0p25__vinf25__inc90__toff59132__Om0__om90,3.1855731999926276,0.25550350993990223,0.3558849315924409,0.2177259547476303,0,,Neptune,1.9585546327166785,0.25,25.0,90.0,59132.0,0.0,90.0
20260811_184731__rp0p25__vinf25__incm90__toff59132__Om180__om270,3.1855731966138014,0.25550350926216925,0.3558849304142372,0.2177259556735682,0,,Neptune,1.958554632716883,0.25,25.0,-90.0,59132.0,180.0,270.0
20260811_184731__rp1p25__vinf25__incm30__toff59132__Om90__om330,3.184751288527832,0.16858246325852413,-0.0408996912437168,0.1184747159177716,0,,Uranus,2.2070138390897207,1.25,25.0,-30.0,59132.0,90.0,330.0
20260811_184731__rp1p25__vinf25__inc30__toff59132__Om270__om150,3.1847512645169695,0.168582458458099,-0.0408996886807927,0.1184747129366893,0,,Uranus,2.207013839087428,1.25,25.0,30.0,59132.0,270.0,150.0
20260811_184731__rp1__vinf25__inc90__toff59132__Om90__om0,3.1843423965616613,0.16405664828945124,0.0490162739113902,0.1495384021913732,1,Neptune,Neptune,2.196385634969632,1.0,25.0,90.0,59132.0,90.0,0.0
20260811_184731__rp1__vinf25__incm90__toff59132__Om270__om180,3.184342395237822,0.16405664802616263,0.0490162733078062,0.1495384019229357,1,Neptune,Neptune,2.196385634969646,1.0,25.0,-90.0,59132.0,270.0,180.0
20260811_184731__rp1p5__vinf25__inc30__toff59132__Om90__om60,3.182712082933736,0.19152184812604234,0.2274105736007957,0.1700135752079551,1,Neptune,Neptune,2.5873842878989217,1.5,25.0,30.0,59132.0,90.0,60.0
20260811_184731__rp1p5__vinf25__incm30__toff59132__Om270__om240,3.1827120784692107,0.1915218472331097,0.2274105720356357,0.1700135744264081,1,Neptune,Neptune,2.587384287898705,1.5,25.0,-30.0,59132.0,270.0,240.0
20260811_184731__rp1p25__vinf25__inc30__toff59132__Om0__om30,3.1787746480360366,0.20947711092224253,0.2516613658210836,0.1373754038778646,0,,Saturn,1.9276513679191953,1.25,25.0,30.0,59132.0,0.0,30.0
20260811_184731__rp1p25__vinf25__incm30__toff59132__Om180__om210,3.178774645132921,0.20947711033849423,0.2516613647173821,0.1373754031461019,0,,Saturn,1.927651367919621,1.25,25.0,-30.0,59132.0,180.0,210.0
20260811_184731__rp0p25__vinf25__inc90__toff59132__Om0__om105,3.178436032115047,0.16675356539826883,0.0989614558481556,0.1519521090565796,1,Neptune,Neptune,2.496775840913338,0.25,25.0,90.0,59132.0,0.0,105.0
20260811_184731__rp0p25__vinf25__incm90__toff59132__Om180__om285,3.1784360225148216,0.1667535634493615,0.09896145790291,0.1519521069936081,1,Neptune,Neptune,2.4967758409111678,0.25,25.0,-90.0,59132.0,180.0,285.0
20260811_184731__rp0p75__vinf25__inc60__toff59132__Om270__om315,3.1763076435086526,0.2493892801769825,-0.1341022630426842,0.1231619530990817,1,Uranus,Uranus,2.1988637349878637,0.75,25.0,60.0,59132.0,270.0,315.0
20260811_184731__rp0p75__vinf25__incm60__toff59132__Om90__om135,3.1763076408801663,0.2493892796551066,-0.1341022625484986,0.1231619529166589,1,Uranus,Uranus,2.1988637349873477,0.75,25.0,-60.0,59132.0,90.0,135.0
20260811_184731__rp0p5__vinf25__incm90__toff59132__Om90__om285,3.1750086418120436,0.1954421014988818,0.2141224659228396,0.1868701073917895,1,Neptune,Neptune,2.0915244572414062,0.5,25.0,-90.0,59132.0,90.0,285.0
20260811_184731__rp0p5__vinf25__inc90__toff59132__Om270__om105,3.175008634478514,0.19544210003580081,0.2141224619578884,0.1868701055786583,1,Neptune,Neptune,2.091524457241116,0.5,25.0,90.0,59132.0,270.0,105.0
20260811_184731__rp1p25__vinf25__inc0__toff59132__Om0__om165,3.1745724737742624,0.13006738532035875,-0.0281628344764692,0.0888344720083495,1,Neptune,Neptune,2.5113009709428145,1.25,25.0,0.0,59132.0,0.0,165.0
20260811_184731__rp1p25__vinf25__inc0__toff59132__Om180__om345,3.1745724690470167,0.130067384379087,-0.0281628340038445,0.0888344714898006,1,Neptune,Neptune,2.5113009709427225,1.25,25.0,0.0,59132.0,180.0,345.0
20260811_184731__rp1p25__vinf25__inc0__toff59132__Om270__om255,3.1745724690470167,0.130067384379087,-0.0281628340038445,0.0888344714898006,1,Neptune,Neptune,2.5113009709427225,1.25,25.0,0.0,59132.0,270.0,255.0
20260811_184731__rp1p25__vinf25__inc0__toff59132__Om90__om75,3.1745724690470167,0.130067384379087,-0.0281628340038445,0.0888344714898006,1,Neptune,Neptune,2.5113009709427225,1.25,25.0,0.0,59132.0,90.0,75.0
20260811_184731__rp0p75__vinf25__inc30__toff59132__Om180__om75,3.174074998118286,0.24240502860543237,-0.1320783925984451,0.115462642395435,1,Uranus,Uranus,2.692958462944901,0.75,25.0,30.0,59132.0,180.0,75.0
20260811_184731__rp0p75__vinf25__incm30__toff59132__Om0__om255,3.1740749919528053,0.24240502736902886,-0.1320783913286941,0.1154626421084935,1,Uranus,Uranus,2.692958462944613,0.75,25.0,-30.0,59132.0,0.0,255.0
20260811_184731__rp0p25__vinf25__incm90__toff59132__Om0__om255,3.1695336332321924,0.2105510388119372,-0.0240300242556986,0.1849948035113917,1,Neptune,Neptune,2.071530005678485,0.25,25.0,-90.0,59132.0,0.0,255.0
20260811_184731__rp0p25__vinf25__inc90__toff59132__Om180__om75,3.1695336224813557,0.21055103665508998,-0.0240300227318289,0.1849948022192521,1,Neptune,Neptune,2.0715300056788837,0.25,25.0,90.0,59132.0,180.0,75.0
20260811_184731__rp1__vinf25__inc60__toff59132__Om180__om195,3.1692557500844645,0.1698666686095124,0.1852959559637869,0.1017931241782585,0,,Neptune,2.0601472199592052,1.0,25.0,60.0,59132.0,180.0,195.0
20260811_184731__rp1__vinf25__incm60__toff59132__Om0__om15,3.169255655643349,0.1698666498095874,0.1852959318188493,0.1017931469378624,0,,Neptune,2.060147219959009,1.0,25.0,-60.0,59132.0,0.0,15.0
20260811_184731__rp0p75__vinf25__inc0__toff59132__Om0__om315,3.168871681447672,0.14575113304316534,-0.0646698230238692,0.0685285233547456,0,,Neptune,2.53192436315595,0.75,25.0,0.0,59132.0,0.0,315.0
20260811_184731__rp0p75__vinf25__inc0__toff59132__Om180__om135,3.168871681447672,0.14575113304316534,-0.0646698230238692,0.0685285233547456,0,,Neptune,2.53192436315595,0.75,25.0,0.0,59132.0,180.0,135.0
20260811_184731__rp0p75__vinf25__inc0__toff59132__Om270__om45,3.1688716772294896,0.14575113221522382,-0.0646698224497851,0.0685285230467059,0,,Neptune,2.5319243631561514,0.75,25.0,0.0,59132.0,270.0,45.0
20260811_184731__rp0p75__vinf25__inc0__toff59132__Om90__om225,3.1688716772294896,0.14575113221522382,-0.0646698224497851,0.0685285230467059,0,,Neptune,2.5319243631561514,0.75,25.0,0.0,59132.0,90.0,225.0
20260811_184731__rp1__vinf25__inc0__toff59132__Om90__om60,3.166536872101464,0.058460332383774,0.0509864965258376,0.04694686557284,1,Neptune,Neptune,3.089415541674419,1.0,25.0,0.0,59132.0,90.0,60.0
20260811_184731__rp1__vinf25__inc0__toff59132__Om180__om330,3.166536870868936,0.05846033199551906,0.0509864961425162,0.046946865128335,1,Neptune,Neptune,3.089415541672944,1.0,25.0,0.0,59132.0,180.0,330.0
20260811_184731__rp1__vinf25__inc0__toff59132__Om0__om150,3.166536870469675,0.0584603320704687,0.0509864962169536,0.0469468652299108,1,Neptune,Neptune,3.089415541674778,1.0,25.0,0.0,59132.0,0.0,150.0
20260811_184731__rp1__vinf25__inc0__toff59132__Om270__om240,3.1665368692947564,0.05846033179526118,0.0509864959450035,0.0469468649062522,1,Neptune,Neptune,3.089415541671766,1.0,25.0,0.0,59132.0,270.0,240.0
20260811_184731__rp1__vinf25__incm60__toff59132__Om180__om120,3.1636108359189246,0.14502935479361956,-0.0658470789971823,0.0664904491322374,0,,Neptune,2.0905288194320346,1.0,25.0,-60.0,59132.0,180.0,120.0
20260811_184731__rp1__vinf25__inc60__toff59132__Om0__om300,3.1636108357970807,0.14502935477124987,-0.0658470787879432,0.0664904493287648,0,,Neptune,2.090528819431993,1.0,25.0,60.0,59132.0,0.0,300.0
20260811_184731__rp0p25__vinf25__inc90__toff59132__Om180__om120,3.1619398154263,0.1880579657068003,0.1792792198982843,0.1770753444363869,0,,Mercury,2.620303492389647,0.25,25.0,90.0,59132.0,180.0,120.0
20260811_184731__rp0p25__vinf25__incm90__toff59132__Om0__om300,3.1619394437084676,0.18805789137320195,0.1792790974332726,0.1770752586126285,0,,Mercury,2.6203034919791524,0.25,25.0,-90.0,59132.0,0.0,300.0
20260811_184731__rp1p25__vinf25__incm30__toff59132__Om90__om90,3.1609632841919084,0.181249401814298,-0.0844159798518897,0.0884662847526614,0,,Saturn,1.7693425918600512,1.25,25.0,-30.0,59132.0,90.0,90.0
20260811_184731__rp1p25__vinf25__inc30__toff59132__Om270__om270,3.160963282917816,0.18124940155729688,-0.0844159799749559,0.0884662843090324,0,,Saturn,1.7693425918600894,1.25,25.0,30.0,59132.0,270.0,270.0
20260811_184731__rp1__vinf25__inc60__toff59132__Om0__om75,3.160776824178516,0.20519004106700692,-0.1627376950111662,0.0266254256553085,0,,Neptune,1.4766381584767012,1.0,25.0,60.0,59132.0,0.0,75.0
20260811_184731__rp1__vinf25__incm60__toff59132__Om180__om255,3.1607767063048877,0.20519001749447244,-0.1627376828483975,0.0266254098816124,0,,Neptune,1.4766381584737007,1.0,25.0,-60.0,59132.0,180.0,255.0
20260811_184731__rp1p5__vinf25__incm30__toff59132__Om180__om135,3.160359128638045,0.0842550557361742,-0.025028100415152,0.046583774541494,1,Mars,Mars,8.563947819083282,1.5,25.0,-30.0,59132.0,180.0,135.0
20260811_184731__rp1p5__vinf25__inc30__toff59132__Om0__om315,3.160359121716346,0.08425505435127366,-0.0250280993549897,0.0465837743010205,1,Mars,Mars,8.563947819111322,1.5,25.0,30.0,59132.0,0.0,315.0
20260811_184731__rp1__vinf25__inc60__toff59132__Om90__om195,3.159578640630174,0.1656200517087518,-0.0719746700752417,0.0832726447479241,0,,Uranus,1.9021232200384923,1.0,25.0,60.0,59132.0,90.0,195.0
20260811_184731__rp1__vinf25__incm60__toff59132__Om270__om15,3.159578638149315,0.16562005121208465,-0.0719746696781349,0.0832726445930973,0,,Uranus,1.9021232200376301,1.0,25.0,-60.0,59132.0,270.0,15.0
20260811_184731__rp1p25__vinf25__inc0__toff59132__Om270__om285,3.1590420002625863,0.19706882944767218,-0.0904756411336067,0.1014177544106239,0,,Neptune,1.7841978120648008,1.25,25.0,0.0,59132.0,270.0,285.0
20260811_184731__rp1p25__vinf25__inc0__toff59132__Om180__om15,3.1590420000345345,0.19706882939957054,-0.0904756407188024,0.1014177548000871,0,,Neptune,1.7841978120648112,1.25,25.0,0.0,59132.0,180.0,15.0
20260811_184731__rp1p25__vinf25__inc0__toff59132__Om0__om195,3.159041999698121,0.19706882933298878,-0.0904756401324788,0.1014177553523645,0,,Neptune,1.784197812064925,1.25,25.0,0.0,59132.0,0.0,195.0
20260811_184731__rp1p25__vinf25__inc0__toff59132__Om90__om105,3.159041999698121,0.19706882933298878,-0.0904756401324788,0.1014177553523645,0,,Neptune,1.784197812064925,1.25,25.0,0.0,59132.0,90.0,105.0
20260811_184731__rp1__vinf25__incm30__toff59132__Om180__om135,3.158885992357922,0.13091260860891585,-0.0514022549814445,0.0663305669697461,0,,Neptune,2.542928762337982,1.0,25.0,-30.0,59132.0,180.0,135.0
20260811_184731__rp1__vinf25__inc30__toff59132__Om0__om315,3.1588859877725,0.13091260769141475,-0.0514022532353539,0.0663305678001634,0,,Neptune,2.5429287623382453,1.0,25.0,30.0,59132.0,0.0,315.0
20260811_184731__rp1__vinf25__inc60__toff59132__Om0__om225,3.157538730699081,0.2344684722604027,-0.1191413723207327,0.1191363537117162,0,,Saturn,1.7636253013588223,1.0,25.0,60.0,59132.0,0.0,225.0
20260811_184731__rp1__vinf25__incm60__toff59132__Om180__om45,3.1575387256687124,0.23446847125264608,-0.119141371805688,0.1191363528929257,0,,Saturn,1.7636253015504,1.0,25.0,-60.0,59132.0,180.0,45.0
20260811_184731__rp0p75__vinf25__inc60__toff59132__Om270__om0,3.156244140477903,0.20670838187740945,-0.0935104336621203,0.1103946473709061,1,Uranus,Uranus,2.0832338524188985,0.75,25.0,60.0,59132.0,270.0,0.0
20260811_184731__rp0p75__vinf25__incm60__toff59132__Om90__om180,3.156244139399772,0.20670838166249214,-0.0935104332406993,0.1103946475517111,1,Uranus,Uranus,2.0832338524188705,0.75,25.0,-60.0,59132.0,90.0,180.0
20260811_184731__rp1__vinf25__incm30__toff59132__Om270__om105,3.153905245961154,0.15709841193892485,0.164579738925129,0.0735861759039901,1,Saturn,Saturn,4.560627071722022,1.0,25.0,-30.0,59132.0,270.0,105.0
20260811_184731__rp1__vinf25__inc30__toff59132__Om90__om285,3.153905237759977,0.15709841030074792,0.1645797369308298,0.0735861778936129,1,Saturn,Saturn,4.5606270717203685,1.0,25.0,30.0,59132.0,90.0,285.0
20260811_184731__rp1__vinf25__inc60__toff59132__Om90__om210,3.1529332177975364,0.1547519605389233,-0.0616814384323486,0.0816816041009821,0,,Neptune,1.9245060280232669,1.0,25.0,60.0,59132.0,90.0,210.0
20260811_184731__rp1__vinf25__incm60__toff59132__Om270__om30,3.152933211284105,0.15475195923623383,-0.0616814377356486,0.0816816033623618,0,,Neptune,1.9245060280233268,1.0,25.0,-60.0,59132.0,270.0,30.0
20260811_184731__rp1__vinf25__inc30__toff59132__Om270__om345,3.1497793312870495,0.20039375152336578,-0.0931081362729683,0.1027575970682305,1,Uranus,Uranus,2.1620360940986565,1.0,25.0,30.0,59132.0,270.0,345.0
20260811_184731__rp1__vinf25__incm30__toff59132__Om90__om165,3.1497793304556967,0.20039375135781295,-0.0931081361101344,0.1027575970354519,1,Uranus,Uranus,2.1620360940989847,1.0,25.0,-30.0,59132.0,90.0,165.0
20260811_184731__rp0p75__vinf25__incm30__toff59132__Om0__om285,3.148968729907053,0.18627688832003222,-0.1017997782875601,0.0754830927681212,0,,Uranus,1.8101009650841962,0.75,25.0,-30.0,59132.0,0.0,285.0
20260811_184731__rp0p75__vinf25__inc30__toff59132__Om180__om105,3.1489687243729882,0.18627688721196292,-0.101799777689424,0.0754830920707924,0,,Uranus,1.8101009650848687,0.75,25.0,30.0,59132.0,180.0,105.0
20260811_184731__rp1__vinf25__incm30__toff59132__Om0__om135,3.148099546474773,0.17537320432011547,0.0834417935358659,0.1612705204165049,1,Neptune,Neptune,2.416492091713586,1.0,25.0,-30.0,59132.0,0.0,135.0
20260811_184731__rp1__vinf25__inc30__toff59132__Om180__om315,3.148099545357761,0.17537320409411017,0.0834417934065304,0.1612705201696167,1,Neptune,Neptune,2.4164920917118433,1.0,25.0,30.0,59132.0,180.0,315.0
20260811_184731__rp1p25__vinf25__incm30__toff59132__Om180__om225,3.1473168703868466,0.1754909726668615,0.1955008810112052,0.1187273271396323,0,,Uranus,2.239618212109633,1.25,25.0,-30.0,59132.0,180.0,225.0
20260811_184731__rp1p25__vinf25__inc30__toff59132__Om0__om45,3.147316864292694,0.17549097145023784,0.1955008792390945,0.118727327284347,0,,Uranus,2.2396182121096886,1.25,25.0,30.0,59132.0,0.0,45.0
20260811_184731__rp0p75__vinf25__incm60__toff59132__Om270__om45,3.147010676410533,0.1704339664058022,-0.0688993334301193,0.092119936236884,0,,Neptune,2.0036170805820714,0.75,25.0,-60.0,59132.0,270.0,45.0
20260811_184731__rp0p75__vinf25__inc60__toff59132__Om90__om225,3.1470106763568024,0.1704339663901149,-0.0688993334216714,0.0921199362273962,0,,Neptune,2.003617080581873,0.75,25.0,60.0,59132.0,90.0,225.0
20260811_184731__rp0p5__vinf25__inc60__toff59132__Om180__om225,3.146923890956604,0.16640897112343045,0.1759352966153539,0.1540932120423863,0,,Saturn,1.822015923896675,0.5,25.0,60.0,59132.0,180.0,225.0
20260811_184731__rp0p5__vinf25__incm60__toff59132__Om0__om45,3.146923890113596,0.16640897095730695,0.1759352964101223,0.1540932118603586,0,,Saturn,1.822015923897085,0.5,25.0,-60.0,59132.0,0.0,45.0
20260811_184731__rp1__vinf25__incm60__toff59132__Om180__om75,3.146005180323065,0.20734750253900475,-0.1026973697057196,0.1011380487815327,1,Uranus,Uranus,3.1025823424214827,1.0,25.0,-60.0,59132.0,180.0,75.0
20260811_184731__rp1__vinf25__inc60__toff59132__Om0__om255,3.1460051799629456,0.20734750246581993,-0.1026973696625884,0.1011380487344998,1,Uranus,Uranus,3.1025823424214654,1.0,25.0,60.0,59132.0,0.0,255.0
20260811_184731__rp1p25__vinf25__inc0__toff59132__Om0__om300,3.144703155127397,0.12524076368569456,-0.0503941577797507,0.0614081003532083,1,Mars,Mars,2.145280256914686,1.25,25.0,0.0,59132.0,0.0,300.0
20260811_184731__rp1p25__vinf25__inc0__toff59132__Om90__om210,3.144703155127397,0.12524076368569456,-0.0503941577797507,0.0614081003532083,1,Mars,Mars,2.145280256914686,1.25,25.0,0.0,59132.0,90.0,210.0
20260811_184731__rp1p25__vinf25__inc0__toff59132__Om270__om30,3.1447031503325142,0.12524076272662787,-0.0503941562928937,0.0614081008870386,1,Mars,Mars,2.1452802569076055,1.25,25.0,0.0,59132.0,270.0,30.0
20260811_184731__rp1p25__vinf25__inc0__toff59132__Om180__om120,3.144703150017825,0.12524076266386205,-0.050394156198625,0.0614081009188379,1,Mars,Mars,2.145280256906322,1.25,25.0,0.0,59132.0,180.0,120.0
20260811_184731__rp0p5__vinf25__incm60__toff59132__Om0__om255,3.1331622544227553,0.24145271987313818,-0.1221469064628838,0.1255322404728821,0,,Uranus,1.9564533050607626,0.5,25.0,-60.0,59132.0,0.0,255.0
20260811_184731__rp0p5__vinf25__inc60__toff59132__Om180__om75,3.1331622536731842,0.24145271972453158,-0.1221469058806981,0.1255322409241505,0,,Uranus,1.956453305060702,0.5,25.0,60.0,59132.0,180.0,75.0
20260811_184731__rp0p5__vinf25__inc0__toff59132__Om270__om75,3.132769018419812,0.09797207690060519,0.0914714804011062,0.0516490808047403,0,,Neptune,2.7308471396882696,0.5,25.0,0.0,59132.0,270.0,75.0
20260811_184731__rp0p5__vinf25__inc0__toff59132__Om90__om255,3.132769008793098,0.09797207495245679,0.0914714781938675,0.0516490791109189,0,,Neptune,2.7308471396885956,0.5,25.0,0.0,59132.0,90.0,255.0
20260811_184731__rp0p5__vinf25__inc0__toff59132__Om0__om345,3.132769008793098,0.09797207495245679,0.0914714781938675,0.0516490791109189,0,,Neptune,2.7308471396885956,0.5,25.0,0.0,59132.0,0.0,345.0
20260811_184731__rp0p5__vinf25__inc0__toff59132__Om180__om165,3.132769006532528,0.09797207449947581,0.0914714776804729,0.0516490787138036,0,,Neptune,2.7308471396877207,0.5,25.0,0.0,59132.0,180.0,165.0
20260811_184731__rp0p5__vinf25__incm60__toff59132__Om90__om270,3.1283798835547487,0.2134815877997477,0.2604107885541608,0.1485718943695906,0,,Mars,1.3805554200504049,0.5,25.0,-60.0,59132.0,90.0,270.0
20260811_184731__rp0p5__vinf25__inc60__toff59132__Om270__om90,3.1283798821225814,0.21348158749319476,0.2604107880511329,0.1485718944969569,0,,Mars,1.380555420484205,0.5,25.0,60.0,59132.0,270.0,90.0
20260811_184731__rp0p5__vinf25__incm60__toff59132__Om270__om60,3.128299697190679,0.16352780443295023,-0.0630672638832549,0.0902085075491322,0,,Neptune,2.0091212240423895,0.5,25.0,-60.0,59132.0,270.0,60.0
20260811_184731__rp0p5__vinf25__inc60__toff59132__Om90__om240,3.128299692535949,0.16352780350273857,-0.0630672635277469,0.0902085068509895,0,,Neptune,2.0091212240417238,0.5,25.0,60.0,59132.0,90.0,240.0
20260811_184731__rp1p5__vinf25__incm30__toff59132__Om180__om345,3.128027753635169,0.10709704623106168,-0.0028529505863371,0.0899773312985038,2,"Jupiter,Neptune",Neptune,2.455890601200373,1.5,25.0,-30.0,59132.0,180.0,345.0
20260811_184731__rp1p5__vinf25__inc30__toff59132__Om0__om165,3.1280277430820314,0.10709704409388306,-0.0028529493877286,0.0899773303391973,2,"Jupiter,Neptune",Neptune,2.4558906012017903,1.5,25.0,30.0,59132.0,0.0,165.0
20260811_184731__rp1__vinf25__incm30__toff59132__Om0__om225,3.126542779548404,0.21554256475709413,-0.1024902924926589,0.1120906992746131,0,,Uranus,1.4818735682877577,1.0,25.0,-30.0,59132.0,0.0,225.0
20260811_184731__rp1__vinf25__inc30__toff59132__Om180__om45,3.126542779504052,0.21554256474832797,-0.1024902924199553,0.11209069934322,0,,Uranus,1.4818735682876834,1.0,25.0,30.0,59132.0,180.0,45.0
20260811_184731__rp0p5__vinf25__inc90__toff59132__Om270__om300,3.124886745517622,0.20833429066494577,-0.1088870581308226,0.0955075988933013,1,Uranus,Uranus,2.339657656137459,0.5,25.0,90.0,59132.0,270.0,300.0
20260811_184731__rp0p5__vinf25__incm90__toff59132__Om90__om120,3.1248867453934426,0.20833429063746747,-0.1088870581338071,0.0955075988541264,1,Uranus,Uranus,2.3396576561342304,0.5,25.0,-90.0,59132.0,90.0,120.0
20260811_184731__rp0p5__vinf25__incm90__toff59132__Om270__om345,3.1235896494928,0.2082305194969319,-0.1108622640825148,0.0931454443737726,1,Uranus,Uranus,2.300868643021706,0.5,25.0,-90.0,59132.0,270.0,345.0
20260811_184731__rp0p5__vinf25__inc90__toff59132__Om90__om165,3.1235896479691503,0.20823051918989047,-0.1108622639951506,0.0931454440719449,1,Uranus,Uranus,2.3008686430225165,0.5,25.0,90.0,59132.0,90.0,165.0
20260811_184731__rp1__vinf25__inc60__toff59132__Om90__om180,3.1227127253720437,0.17400978449968507,-0.0847438950715402,0.0794300165696606,0,,Uranus,1.8599369073627576,1.0,25.0,60.0,59132.0,90.0,180.0
20260811_184731__rp1__vinf25__incm60__toff59132__Om270__om0,3.122712725232251,0.17400978447323162,-0.0847438949643111,0.0794300166545714,0,,Uranus,1.8599369073629286,1.0,25.0,-60.0,59132.0,270.0,0.0
20260811_184731__rp0p5__vinf25__inc90__toff59132__Om90__om240,3.120457111856867,0.2062698522568326,-0.0786211677696404,0.1257285453258342,1,Uranus,Uranus,2.1853634287912045,0.5,25.0,90.0,59132.0,90.0,240.0
20260811_184731__rp0p5__vinf25__incm90__toff59132__Om270__om60,3.1204571082809682,0.20626985154147642,-0.0786211673628345,0.1257285448393857,1,Uranus,Uranus,2.1853634287912582,0.5,25.0,-90.0,59132.0,270.0,60.0
20260811_184731__rp0p5__vinf25__inc90__toff59132__Om180__om330,3.117212478126226,0.15199581859173183,0.0319194411944402,0.1371342270114483,1,Uranus,Uranus,2.120202712872324,0.5,25.0,90.0,59132.0,180.0,330.0
20260811_184731__rp0p5__vinf25__incm90__toff59132__Om0__om150,3.117212448741334,0.15199581272484838,0.0319194546474256,0.137134220248509,1,Uranus,Uranus,2.1202027128705034,0.5,25.0,-90.0,59132.0,0.0,150.0
20260811_184731__rp1__vinf25__incm60__toff59132__Om90__om315,3.1161493351385374,0.15685589990076865,0.1715458078071329,0.1428994726358636,0,,Uranus,2.2499346443194495,1.0,25.0,-60.0,59132.0,90.0,315.0
20260811_184731__rp1__vinf25__inc60__toff59132__Om270__om135,3.116149332451651,0.1568558993654707,0.1715458070644394,0.142899472725528,0,,Uranus,2.249934644319297,1.0,25.0,60.0,59132.0,270.0,135.0
20260811_184731__rp0p75__vinf25__incm60__toff59132__Om90__om105,3.113495745303506,0.261858539121797,-0.1568099939846478,0.1145567614753655,0,,Uranus,1.8758440354237926,0.75,25.0,-60.0,59132.0,90.0,105.0
20260811_184731__rp0p75__vinf25__inc60__toff59132__Om270__om285,3.1134957424158354,0.26185853854433505,-0.1568099935041379,0.1145567611890571,0,,Uranus,1.8758440354236479,0.75,25.0,60.0,59132.0,270.0,285.0
20260811_184731__rp1p5__vinf25__inc60__toff59132__Om0__om75,3.1133943181091714,0.271928199029382,-0.1428706932159208,0.1465928155007746,0,,Neptune,1.1125856012273792,1.5,25.0,60.0,59132.0,0.0,75.0
20260811_184731__rp1p5__vinf25__incm60__toff59132__Om180__om255,3.1133943131686608,0.27192819804191026,-0.1428706924255277,0.1465928149094831,0,,Neptune,1.1125856012260733,1.5,25.0,-60.0,59132.0,180.0,255.0
20260811_184731__rp1p25__vinf25__inc30__toff59132__Om90__om180,3.113153755667767,0.15195718556674942,-0.0657122254478747,0.0743255210791798,0,,Mars,2.100132513376787,1.25,25.0,30.0,59132.0,90.0,180.0
20260811_184731__rp1p25__vinf25__incm30__toff59132__Om270__om0,3.1131537547563957,0.15195718538439035,-0.0657122247479349,0.0743255216119193,0,,Mars,2.100132513376691,1.25,25.0,-30.0,59132.0,270.0,0.0
20260811_184731__rp0p5__vinf25__incm60__toff59132__Om180__om225,3.1125368862011604,0.13495835168581416,0.1398092200911213,0.1192786095816805,0,,Uranus,1.8924904712256723,0.5,25.0,-60.0,59132.0,180.0,225.0
20260811_184731__rp0p5__vinf25__inc60__toff59132__Om0__om45,3.112536874932138,0.13495834942946164,0.1398092169355188,0.1192786065828378,0,,Uranus,1.8924904712219668,0.5,25.0,60.0,59132.0,0.0,45.0
20260811_184731__rp1__vinf25__inc90__toff59132__Om0__om30,3.1111618197945985,0.1890126827528293,0.2134770998752614,0.1016135498121144,0,,Saturn,1.6108926920412505,1.0,25.0,90.0,59132.0,0.0,30.0
20260811_184731__rp1__vinf25__incm90__toff59132__Om180__om210,3.111161817100154,0.18901268221420783,0.2134770989958035,0.1016135493756045,0,,Saturn,1.610892692041141,1.0,25.0,-90.0,59132.0,180.0,210.0
20260811_184731__rp0p75__vinf25__incm30__toff59132__Om270__om120,3.1093813441807328,0.24323405555087454,0.3119454132143088,0.1385440182171927,0,,Saturn,2.013250850591194,0.75,25.0,-30.0,59132.0,270.0,120.0
20260811_184731__rp0p75__vinf25__inc30__toff59132__Om90__om300,3.1093813415971683,0.24323405503205933,0.3119454123484261,0.1385440187279622,0,,Saturn,2.0132508505902473,0.75,25.0,30.0,59132.0,90.0,300.0
20260811_184731__rp0p75__vinf25__incm60__toff59132__Om90__om120,3.1061276832519975,0.25877581465439736,-0.1474095868024548,0.1212869081419657,1,Uranus,Uranus,2.0571623764339884,0.75,25.0,-60.0,59132.0,90.0,120.0
20260811_184731__rp0p75__vinf25__inc60__toff59132__Om270__om300,3.106127682082681,0.2587758144229965,-0.147409586348185,0.121286908339446,1,Uranus,Uranus,2.057162376434358,0.75,25.0,60.0,59132.0,270.0,300.0
20260811_184731__rp1p25__vinf25__incm30__toff59132__Om180__om195,3.1048291265252113,0.1754893787972029,0.1947075696398853,0.1124174264754518,1,Saturn,Saturn,2.7890868944096847,1.25,25.0,-30.0,59132.0,180.0,195.0
20260811_184731__rp1p25__vinf25__inc30__toff59132__Om0__om15,3.1048291226747464,0.17548937802560785,0.1947075684892824,0.1124174263118475,1,Saturn,Saturn,2.7890868944100484,1.25,25.0,30.0,59132.0,0.0,15.0
20260811_184731__rp1p25__vinf25__inc30__toff59132__Om90__om90,3.1041171151611215,0.1492407721939815,-0.0523407426008359,0.0851861441303131,1,Neptune,Neptune,2.322156535724704,1.25,25.0,30.0,59132.0,90.0,90.0
20260811_184731__rp1p25__vinf25__incm30__toff59132__Om270__om270,3.1041171142401813,0.1492407720099906,-0.0523407428848116,0.0851861436363603,1,Neptune,Neptune,2.322156535724585,1.25,25.0,-30.0,59132.0,270.0,270.0
20260811_184731__rp1__vinf25__incm30__toff59132__Om90__om120,3.103988585073899,0.23829190833195604,-0.1248932737885925,0.1179315105958587,0,,Uranus,1.6950242762138135,1.0,25.0,-30.0,59132.0,90.0,120.0
20260811_184731__rp1__vinf25__inc30__toff59132__Om270__om300,3.1039885774548304,0.23829190680659246,-0.1248932725852657,0.1179315098272705,0,,Uranus,1.6950242762142285,1.0,25.0,30.0,59132.0,270.0,300.0
20260811_184731__rp0p5__vinf25__incm60__toff59132__Om0__om120,3.10392608980174,0.19366489988220909,0.0642782877773288,0.1822342995367078,0,,Neptune,1.8596729488296126,0.5,25.0,-60.0,59132.0,0.0,120.0
20260811_184731__rp0p5__vinf25__inc60__toff59132__Om180__om300,3.1039260805735545,0.19366489803618933,0.0642782864950398,0.1822342974471412,0,,Neptune,1.8596729488317512,0.5,25.0,60.0,59132.0,180.0,300.0
20260811_184731__rp1p25__vinf25__inc0__toff59132__Om90__om300,3.103289191529898,0.19968905412034396,0.2338251464556052,0.1265446152337457,0,,Saturn,1.8814493896427884,1.25,25.0,0.0,59132.0,90.0,300.0
20260811_184731__rp1p25__vinf25__inc0__toff59132__Om0__om30,3.103288892175069,0.1996890071508842,0.2338250847202426,0.1265447037397755,0,,Saturn,1.8814493887752406,1.25,25.0,0.0,59132.0,0.0,30.0
20260811_184731__rp1p25__vinf25__inc0__toff59132__Om180__om210,3.1032872983780573,0.19968867597573167,0.2338245761837251,0.1265448569743166,0,,Saturn,1.881449389609584,1.25,25.0,0.0,59132.0,180.0,210.0
20260811_184731__rp1p25__vinf25__inc0__toff59132__Om270__om120,3.103285534472234,0.19968832971571923,0.2338240583194145,0.1265451061151501,0,,Saturn,1.8814493891705477,1.25,25.0,0.0,59132.0,270.0,120.0
20260811_184731__rp0p5__vinf25__incm60__toff59132__Om0__om315,3.1023374187063446,0.10983416987590133,0.037996843023314,0.0942334645382034,0,,Jupiter,2.1143681330050828,0.5,25.0,-60.0,59132.0,0.0,315.0
20260811_184731__rp0p5__vinf25__inc60__toff59132__Om180__om135,3.102337322477339,0.10983416673638584,0.0379968361555956,0.0942334615907233,0,,Jupiter,2.114368133284333,0.5,25.0,60.0,59132.0,180.0,135.0
20260811_184731__rp1p25__vinf25__inc60__toff59132__Om0__om180,3.0991130828937514,0.15870021340718998,-0.0591548309397199,0.0887592307535347,1,Neptune,Neptune,2.0563158242015684,1.25,25.0,60.0,59132.0,0.0,180.0
20260811_184731__rp1p25__vinf25__incm60__toff59132__Om180__om0,3.0991130802489684,0.1587002128742672,-0.0591548306459693,0.0887592304534074,1,Neptune,Neptune,2.056315824204177,1.25,25.0,-60.0,59132.0,180.0,0.0
20260811_184731__rp1__vinf25__inc90__toff59132__Om0__om180,3.09821699543843,0.15231195909659506,-0.0419934938941738,0.0990467734637041,0,,Neptune,2.0386725483391355,1.0,25.0,90.0,59132.0,0.0,180.0
20260811_184731__rp1__vinf25__incm90__toff59132__Om180__om0,3.098216994761537,0.15231195896048677,-0.041993493799777,0.0990467734074064,0,,Neptune,2.03867254834197,1.0,25.0,-90.0,59132.0,180.0,0.0
20260811_184731__rp0p5__vinf25__incm90__toff59132__Om90__om195,3.0978101618692477,0.20052960036476802,-0.0746639465125516,0.1225968371305,1,Uranus,Uranus,2.1368910076954304,0.5,25.0,-90.0,59132.0,90.0,195.0
20260811_184731__rp0p5__vinf25__inc90__toff59132__Om270__om15,3.097810160961639,0.20052960018266133,-0.0746639454999892,0.1225968379585394,1,Uranus,Uranus,2.136891007695902,0.5,25.0,90.0,59132.0,270.0,15.0
20260811_184731__rp1__vinf25__inc90__toff59132__Om0__om120,3.094843301412549,0.2192942004304659,0.183184699387033,0.2121569915853819,0,,Neptune,1.8532698562344836,1.0,25.0,90.0,59132.0,0.0,120.0
20260811_184731__rp1__vinf25__incm90__toff59132__Om180__om300,3.094843301302112,0.21929420041277564,0.1831846994591471,0.2121569915671717,0,,Neptune,1.8532698562344516,1.0,25.0,-90.0,59132.0,180.0,300.0
20260811_184731__rp0p5__vinf25__inc60__toff59132__Om90__om315,3.0931431767301687,0.22103005116407495,0.2718471944158495,0.1396472737348419,0,,Neptune,1.045400379584364,0.5,25.0,60.0,59132.0,90.0,315.0
20260811_184731__rp0p5__vinf25__incm60__toff59132__Om270__om135,3.093143171768433,0.22103005016835503,0.2718471926672458,0.1396472736916822,0,,Neptune,1.0454003795839526,0.5,25.0,-60.0,59132.0,270.0,135.0
20260811_184731__rp0p5__vinf25__incm30__toff59132__Om180__om150,3.093012823626988,0.08176970771845922,-0.0255278921830762,0.0437593855895738,0,,Neptune,2.7646077252262304,0.5,25.0,-30.0,59132.0,180.0,150.0
20260811_184731__rp0p5__vinf25__inc30__toff59132__Om0__om330,3.0930128231986083,0.08176970764041736,-0.0255278921480739,0.043759385551798,0,,Neptune,2.764607725224347,0.5,25.0,30.0,59132.0,0.0,330.0
20260811_184731__rp1__vinf25__incm90__toff59132__Om0__om0,3.0929939335343613,0.13953728719403144,0.1451614915399633,0.112918351690025,0,,Neptune,2.274110196370832,1.0,25.0,-90.0,59132.0,0.0,0.0
20260811_184731__rp1__vinf25__inc90__toff59132__Om180__om180,3.092993931037415,0.13953728671358556,0.1451614909487594,0.1129183520523667,0,,Neptune,2.274110196370465,1.0,25.0,90.0,59132.0,180.0,180.0
20260811_184731__rp1__vinf25__inc60__toff59132__Om180__om180,3.09276196279721,0.15532778481219844,0.1649374438817085,0.1005968649486595,0,,Neptune,2.2160193145448943,1.0,25.0,60.0,59132.0,180.0,180.0
20260811_184731__rp1__vinf25__incm60__toff59132__Om0__om0,3.0927619587529414,0.15532778400685182,0.1649374429180191,0.1005968662074174,0,,Neptune,2.2160193145444933,1.0,25.0,-60.0,59132.0,0.0,0.0
20260811_184731__rp1__vinf25__incm30__toff59132__Om270__om315,3.0911809766958687,0.2390680195200801,-0.1302043279871607,0.1128986764637467,0,,Neptune,1.22515271457333,1.0,25.0,-30.0,59132.0,270.0,315.0
20260811_184731__rp1__vinf25__inc30__toff59132__Om90__om135,3.0911809756757815,0.23906801931793398,-0.1302043277251219,0.1128986764819594,0,,Neptune,1.2251527145734178,1.0,25.0,30.0,59132.0,90.0,135.0
20260811_184731__rp1__vinf25__inc30__toff59132__Om270__om330,3.088915286634755,0.21353913647387196,-0.1037943068596877,0.1080083022635091,1,Uranus,Uranus,2.0539068374991545,1.0,25.0,30.0,59132.0,270.0,330.0
20260811_184731__rp1__vinf25__incm30__toff59132__Om90__om150,3.088915284892954,0.21353913612451855,-0.1037943047143018,0.1080083041803202,1,Uranus,Uranus,2.0539068374992686,1.0,25.0,-30.0,59132.0,90.0,150.0
20260811_184731__rp1__vinf25__inc60__toff59132__Om0__om45,3.0834664052625875,0.19733984131973906,0.2275651132102883,0.1099843327538251,0,,Uranus,1.7937658234914657,1.0,25.0,60.0,59132.0,0.0,45.0
20260811_184731__rp1__vinf25__incm60__toff59132__Om180__om225,3.083466403953894,0.19733984105835983,0.2275651127583161,0.1099843324828615,0,,Uranus,1.7937658234913811,1.0,25.0,-60.0,59132.0,180.0,225.0
20260811_184731__rp0p75__vinf25__inc60__toff59132__Om270__om270,3.082459210604899,0.24494953273956183,-0.1489701043294925,0.0990617489494704,0,,Uranus,1.5644038862514384,0.75,25.0,60.0,59132.0,270.0,270.0
20260811_184731__rp0p75__vinf25__incm60__toff59132__Om90__om90,3.08245920930802,0.24494953247138165,-0.1489701041581654,0.0990617487685044,0,,Uranus,1.5644038862509657,0.75,25.0,-60.0,59132.0,90.0,90.0
20260811_184731__rp0p75__vinf25__incm60__toff59132__Om270__om165,3.075686048857529,0.15433790623533272,0.1529125157377363,0.140604339331512,1,Neptune,Neptune,2.0790785110646817,0.75,25.0,-60.0,59132.0,270.0,165.0
20260811_184731__rp0p75__vinf25__inc60__toff59132__Om90__om345,3.0756860487197057,0.15433790621696314,0.1529125157174061,0.1406043393119656,1,Neptune,Neptune,2.0790785110645653,0.75,25.0,60.0,59132.0,90.0,345.0
20260811_184731__rp1__vinf25__incm30__toff59132__Om90__om180,3.0744956557825427,0.18475620648302638,-0.0853676984664851,0.0916965857452951,1,Uranus,Uranus,2.060951788172295,1.0,25.0,-30.0,59132.0,90.0,180.0
20260811_184731__rp1__vinf25__inc30__toff59132__Om270__om0,3.0744956157674395,0.18475619848033636,-0.0853676899464732,0.0916965851882787,1,Uranus,Uranus,2.0609517881722916,1.0,25.0,30.0,59132.0,270.0,0.0
20260811_184731__rp0p25__vinf25__incm90__toff59132__Om270__om270,3.0727266952856285,0.17655431790786777,-0.0446929197980044,0.1239693167701888,1,Neptune,Neptune,2.238026389131538,0.25,25.0,-90.0,59132.0,270.0,270.0
20260811_184731__rp0p25__vinf25__inc90__toff59132__Om90__om90,3.0727266372589375,0.17655430630483585,-0.0446929130032833,0.1239693099074217,1,Neptune,Neptune,2.238026389136464,0.25,25.0,90.0,59132.0,90.0,90.0
20260811_184731__rp1p25__vinf25__inc30__toff59132__Om90__om195,3.07266871250095,0.1425183178970471,-0.0590624408748797,0.0708598740849413,0,,Mars,1.8378446488227282,1.25,25.0,30.0,59132.0,90.0,195.0
20260811_184731__rp1p25__vinf25__incm30__toff59132__Om270__om15,3.0726687123251484,0.14251831786262262,-0.0590624408476022,0.070859874075812,0,,Mars,1.8378446488097104,1.25,25.0,-30.0,59132.0,270.0,15.0
20260811_184731__rp0p75__vinf25__inc30__toff59132__Om180__om225,3.0696692667149184,0.1988483775976259,0.2299088326181887,0.1097343790354652,0,,Saturn,1.6790345228224741,0.75,25.0,30.0,59132.0,180.0,225.0
20260811_184731__rp0p75__vinf25__incm30__toff59132__Om0__om45,3.0696692615376326,0.1988483765623514,0.2299088307834883,0.1097343777331273,0,,Saturn,1.6790345228229648,0.75,25.0,-30.0,59132.0,0.0,45.0
20260811_184731__rp1__vinf25__inc90__toff59132__Om0__om210,3.0693035083797193,0.19125621498222864,-0.0792537650465687,0.1062146924110437,0,,Neptune,1.596762401273813,1.0,25.0,90.0,59132.0,0.0,210.0
20260811_184731__rp1__vinf25__incm90__toff59132__Om180__om30,3.069303507973911,0.19125621490049843,-0.0792537643031812,0.1062146930988827,0,,Neptune,1.596762401273746,1.0,25.0,-90.0,59132.0,180.0,30.0
20260811_184731__rp1__vinf25__incm30__toff59132__Om0__om150,3.0690689006529164,0.13061053375002432,0.0127509862551907,0.1155890061807019,1,Neptune,Neptune,2.4258625049724634,1.0,25.0,-30.0,59132.0,0.0,150.0
20260811_184731__rp1__vinf25__inc30__toff59132__Om180__om330,3.0690689000603655,0.1306105336315131,0.0127509860380458,0.1155890060691594,1,Neptune,Neptune,2.4258625049726357,1.0,25.0,30.0,59132.0,180.0,330.0
20260811_184731__rp1__vinf25__incm90__toff59132__Om180__om180,3.068267244582665,0.1594340467433218,0.1701960407530792,0.0972852984608548,0,,Neptune,2.166521441879092,1.0,25.0,-90.0,59132.0,180.0,180.0
20260811_184731__rp1__vinf25__inc90__toff59132__Om0__om0,3.068267244391898,0.15943404670460304,0.1701960407045301,0.0972852985041778,0,,Neptune,2.1665214418792518,1.0,25.0,90.0,59132.0,0.0,0.0
20260811_184731__rp1p25__vinf25__incm30__toff59132__Om90__om300,3.0668142134927976,0.19447913455735294,0.2263298783879447,0.1319243395819378,0,,Uranus,2.0947483975095085,1.25,25.0,-30.0,59132.0,90.0,300.0
20260811_184731__rp1p25__vinf25__inc30__toff59132__Om270__om120,3.0668142071425644,0.19447913328425337,0.2263298761765216,0.1319243383002888,0,,Uranus,2.094748397509227,1.25,25.0,30.0,59132.0,270.0,120.0
20260811_184731__rp1p25__vinf25__inc90__toff59132__Om90__om75,3.0664091600952363,0.2690976286910318,0.3859968433587381,0.2199974312042349,0,,Neptune,1.8427764520432763,1.25,25.0,90.0,59132.0,90.0,75.0
20260811_184731__rp1p25__vinf25__incm90__toff59132__Om270__om255,3.066408910074892,0.26909757869107215,0.3859967566068624,0.2199975117546873,0,,Neptune,1.84277645204393,1.25,25.0,-90.0,59132.0,270.0,255.0
20260811_184731__rp1p5__vinf25__incm30__toff59132__Om270__om30,3.0663914135572456,0.0986021242158725,-0.032829502476492,0.0524665725868716,1,Mars,Mars,4.442127298981209,1.5,25.0,-30.0,59132.0,270.0,30.0
20260811_184731__rp1p5__vinf25__inc30__toff59132__Om90__om210,3.0663914050053833,0.0986021225055894,-0.0328295016959114,0.0524665717090027,1,Mars,Mars,4.442127298969277,1.5,25.0,30.0,59132.0,90.0,210.0
20260811_184731__rp0p5__vinf25__inc90__toff59132__Om90__om330,3.0658409528751847,0.19144862544047797,0.2060731544760908,0.1821019983939423,1,Neptune,Neptune,2.030758067011895,0.5,25.0,90.0,59132.0,90.0,330.0
20260811_184731__rp0p5__vinf25__incm90__toff59132__Om270__om150,3.065840949713362,0.1914486248275967,0.2060731541699886,0.182101997717848,1,Neptune,Neptune,2.030758067013654,0.5,25.0,-90.0,59132.0,270.0,150.0
20260811_184731__rp0p75__vinf25__inc30__toff59132__Om180__om165,3.0636470101375117,0.1167769462618582,0.1137290116845154,0.0693335797642733,0,,Neptune,2.46019371390938,0.75,25.0,30.0,59132.0,180.0,165.0
20260811_184731__rp0p75__vinf25__incm30__toff59132__Om0__om345,3.0636470075602533,0.11677694589320506,0.1137290112349495,0.0693335794870395,0,,Neptune,2.4601937139106957,0.75,25.0,-30.0,59132.0,0.0,345.0
20260811_184731__rp1__vinf25__incm30__toff59132__Om270__om75,3.0564278297499503,0.04922012707162694,0.0217498505154126,0.0395576767086088,1,Mars,Mars,6.149171127445412,1.0,25.0,-30.0,59132.0,270.0,75.0
20260811_184731__rp1__vinf25__inc30__toff59132__Om90__om255,3.0564278261690974,0.04922012635676085,0.0217498496618545,0.0395576761035766,1,Mars,Mars,6.1491711275675005,1.0,25.0,30.0,59132.0,90.0,255.0
20260811_184731__rp1__vinf25__inc60__toff59132__Om90__om225,3.0544522990990854,0.13659582486017982,-0.0488752807300199,0.0749780145820163,0,,Neptune,1.9163420448343884,1.0,25.0,60.0,59132.0,90.0,225.0
20260811_184731__rp1__vinf25__incm60__toff59132__Om270__om45,3.054452298913967,0.13659582482299165,-0.0488752806443475,0.0749780146298321,0,,Neptune,1.9163420448344728,1.0,25.0,-60.0,59132.0,270.0,45.0
20260811_184731__rp0p75__vinf25__incm60__toff59132__Om0__om120,3.0498415256328792,0.20075058107497332,0.1544161741549733,0.1901700474663348,0,,Neptune,1.5932820000000132,0.75,25.0,-60.0,59132.0,0.0,120.0
20260811_184731__rp0p75__vinf25__inc60__toff59132__Om180__om300,3.0498415252659035,0.20075058100832818,0.1544161740370674,0.1901700473883701,0,,Neptune,1.5932820000011678,0.75,25.0,60.0,59132.0,180.0,300.0
20260811_184731__rp0p75__vinf25__incm60__toff59132__Om270__om150,3.048486960105604,0.18326183679516825,0.2083016222084907,0.1276912034278314,0,,Neptune,1.5011003547165858,0.75,25.0,-60.0,59132.0,270.0,150.0
20260811_184731__rp0p75__vinf25__inc60__toff59132__Om90__om330,3.0484869481107255,0.18326183440171684,0.2083016187113896,0.1276912044822048,0,,Neptune,1.5011003547164457,0.75,25.0,60.0,59132.0,90.0,330.0
20260811_184731__rp1__vinf25__incm90__toff59132__Om0__om15,3.048439413306795,0.1301772157692121,0.1321437914795623,0.0998369866894619,0,,Neptune,2.3395216401670673,1.0,25.0,-90.0,59132.0,0.0,15.0
20260811_184731__rp1__vinf25__inc90__toff59132__Om180__om195,3.048439411155808,0.13017721533864873,0.132143790911703,0.0998369863028311,0,,Neptune,2.3395216401672956,1.0,25.0,90.0,59132.0,180.0,195.0
20260811_184731__rp1p25__vinf25__incm30__toff59132__Om0__om120,3.048233597616131,0.23421556794845533,0.2556009575877532,0.2326827066166371,0,,Neptune,1.9896973704982372,1.25,25.0,-30.0,59132.0,0.0,120.0
20260811_184731__rp1p25__vinf25__inc30__toff59132__Om180__om300,3.0482335955501996,0.23421556753732867,0.2556009580930661,0.2326827061682147,0,,Neptune,1.989697370498081,1.25,25.0,30.0,59132.0,180.0,300.0
20260811_184731__rp0p75__vinf25__incm30__toff59132__Om90__om210,3.047191669334892,0.16949691079074886,-0.0824979558280813,0.076528238620091,0,,Neptune,1.8768730986309072,0.75,25.0,-30.0,59132.0,90.0,210.0
20260811_184731__rp0p75__vinf25__inc30__toff59132__Om270__om30,3.047191666685175,0.16949691025766445,-0.0824979554907416,0.0765282383585707,0,,Neptune,1.876873098630972,0.75,25.0,30.0,59132.0,270.0,30.0
20260811_184731__rp1__vinf25__incm30__toff59132__Om270__om60,3.0470759343545004,0.0899255681822035,-0.0214620616212963,0.0554750624963774,1,Mars,Mars,2.4122212876133826,1.0,25.0,-30.0,59132.0,270.0,60.0
20260811_184731__rp1__vinf25__inc30__toff59132__Om90__om240,3.047075927598192,0.08992556683185296,-0.0214620608462973,0.0554750619814282,1,Mars,Mars,2.4122212876118274,1.0,25.0,30.0,59132.0,90.0,240.0
20260811_184731__rp0p5__vinf25__incm90__toff59132__Om180__om90,3.0440641281798806,0.24265501821789406,-0.1421741100901744,0.1039234000840636,1,Uranus,Uranus,2.0317838699692645,0.5,25.0,-90.0,59132.0,180.0,90.0
20260811_184731__rp0p5__vinf25__inc90__toff59132__Om0__om270,3.0440641280637823,0.24265501819833551,-0.1421741099780694,0.1039234001897321,1,Uranus,Uranus,2.0317838699689754,0.5,25.0,90.0,59132.0,0.0,270.0
20260811_184731__rp0p75__vinf25__incm60__toff59132__Om0__om240,3.0438983249898652,0.211453143269871,-0.0937614885931433,0.1162682830412622,0,,Uranus,1.8853167737828351,0.75,25.0,-60.0,59132.0,0.0,240.0
20260811_184731__rp0p75__vinf25__inc60__toff59132__Om180__om60,3.0438983246522677,0.2114531432027745,-0.093761488534539,0.116268283017361,0,,Uranus,1.8853167737825336,0.75,25.0,60.0,59132.0,180.0,60.0
20260811_184731__rp0p5__vinf25__incm90__toff59132__Om180__om105,3.0434380412179878,0.19100302863797136,-0.1150390242151061,0.0663186653099023,0,,Uranus,1.6756365923586967,0.5,25.0,-90.0,59132.0,180.0,105.0
20260811_184731__rp0p5__vinf25__inc90__toff59132__Om0__om285,3.043438039246972,0.1910030282493516,-0.1150390240194456,0.0663186650471674,0,,Uranus,1.6756365923566408,0.5,25.0,90.0,59132.0,0.0,285.0
20260811_184731__rp1p25__vinf25__incm30__toff59132__Om270__om285,3.040556463784098,0.18517700923152922,-0.0839948774202912,0.0936899953015683,0,,Neptune,1.9042354216528734,1.25,25.0,-30.0,59132.0,270.0,285.0
20260811_184731__rp1p25__vinf25__inc30__toff59132__Om90__om105,3.040556460503855,0.1851770085743509,-0.0839948769816697,0.093689994972089,0,,Neptune,1.9042354216542057,1.25,25.0,30.0,59132.0,90.0,105.0
20260811_184731__rp1p25__vinf25__incm60__toff59132__Om180__om15,3.0392627823427265,0.17901693964920398,-0.0758346577723028,0.0949632031650987,0,,Neptune,1.73724704241888,1.25,25.0,-60.0,59132.0,180.0,15.0
20260811_184731__rp1p25__vinf25__inc60__toff59132__Om0__om195,3.0392627810054917,0.17901693938192903,-0.0758346571502517,0.0949632035046906,0,,Neptune,1.7372470424183435,1.25,25.0,60.0,59132.0,0.0,195.0
20260811_184731__rp1p25__vinf25__inc60__toff59132__Om0__om150,3.038216390800507,0.12889300351581087,0.0822545780416607,0.1129112459158907,1,Neptune,Neptune,2.4815575570230766,1.25,25.0,60.0,59132.0,0.0,150.0
20260811_184731__rp1p25__vinf25__incm60__toff59132__Om180__om330,3.038216387926755,0.1288930029412047,0.0822545785523686,0.1129112453569522,1,Neptune,Neptune,2.481557557023009,1.25,25.0,-60.0,59132.0,180.0,330.0
20260811_184731__rp1__vinf25__inc30__toff59132__Om0__om330,3.0346043179251314,0.07612937137073095,-0.0110254765484556,0.0528654792476481,1,Mars,Mars,3.7039798386584417,1.0,25.0,30.0,59132.0,0.0,330.0
20260811_184731__rp1__vinf25__incm30__toff59132__Om180__om150,3.0346043177563513,0.07612937133645856,-0.0110254767447408,0.0528654790252105,1,Mars,Mars,3.7039798386515326,1.0,25.0,-30.0,59132.0,180.0,150.0
20260811_184731__rp0p75__vinf25__incm60__toff59132__Om0__om150,3.0337501039266854,0.14708049073092655,0.0154679668052813,0.1326362591853597,1,Neptune,Neptune,2.080543197743195,0.75,25.0,-60.0,59132.0,0.0,150.0
20260811_184731__rp0p75__vinf25__inc60__toff59132__Om180__om330,3.0337500975366942,0.1470804894539225,0.0154679697277434,0.1326362576797216,1,Neptune,Neptune,2.080543197743338,0.75,25.0,60.0,59132.0,180.0,330.0
20260811_184731__rp0p75__vinf25__inc60__toff59132__Om0__om315,3.032192847697479,0.12388197187428404,-0.0534929426894457,0.0567786624211551,0,,Neptune,2.436796392707131,0.75,25.0,60.0,59132.0,0.0,315.0
20260811_184731__rp0p75__vinf25__incm60__toff59132__Om180__om135,3.0321928457901888,0.12388197150165253,-0.0534929422556205,0.056778662483946,0,,Neptune,2.436796392706773,0.75,25.0,-60.0,59132.0,180.0,135.0
20260811_184731__rp0p75__vinf25__incm30__toff59132__Om270__om150,3.030207183290808,0.14022811758152906,0.140101836505459,0.0438963351886792,0,,Uranus,1.938004830823584,0.75,25.0,-30.0,59132.0,270.0,150.0
20260811_184731__rp0p75__vinf25__inc30__toff59132__Om90__om330,3.030207152763815,0.14022811148424222,0.1401018290552748,0.0438963366835356,0,,Uranus,1.9380048308244104,0.75,25.0,30.0,59132.0,90.0,330.0
20260811_184731__rp1p5__vinf25__inc90__toff59132__Om90__om60,3.02741252004341,0.25131432491717554,0.3438924027708515,0.2055083636692251,0,,Neptune,1.7866680192447557,1.5,25.0,90.0,59132.0,90.0,60.0
20260811_184731__rp1p5__vinf25__incm90__toff59132__Om270__om240,3.0274125027239465,0.25131432145526683,0.3438923946559108,0.2055083598542635,0,,Neptune,1.7866680192451048,1.5,25.0,-90.0,59132.0,270.0,240.0
20260811_184731__rp1p25__vinf25__inc90__toff59132__Om90__om0,3.0254333585029833,0.13551755552580108,-0.0117113500845505,0.1103909516824991,0,,Uranus,2.6794531985551737,1.25,25.0,90.0,59132.0,90.0,0.0
20260811_184731__rp1p25__vinf25__incm90__toff59132__Om270__om180,3.0254333564269853,0.13551755510980887,-0.0117113502768398,0.1103909510645141,0,,Uranus,2.6794531985891727,1.25,25.0,-90.0,59132.0,270.0,180.0
20260811_184731__rp1p25__vinf25__incm30__toff59132__Om180__om240,3.0239303500651946,0.12168260921052414,-0.0307820408025782,0.0775741609064301,0,,Uranus,2.6070357113597376,1.25,25.0,-30.0,59132.0,180.0,240.0
20260811_184731__rp1p25__vinf25__inc30__toff59132__Om0__om60,3.0239303496503513,0.12168260911954461,-0.0307820405921988,0.0775741610218146,0,,Uranus,2.6070357113605973,1.25,25.0,30.0,59132.0,0.0,60.0
20260811_184731__rp1__vinf25__inc30__toff59132__Om270__om315,3.0234925507742902,0.22589912548441263,-0.1135046938503782,0.1137080192205813,0,,Uranus,1.8810983788228324,1.0,25.0,30.0,59132.0,270.0,315.0
20260811_184731__rp1__vinf25__incm30__toff59132__Om90__om135,3.023492548382348,0.2258991250060086,-0.1135046941154913,0.1137080182714779,0,,Uranus,1.881098378823109,1.0,25.0,-30.0,59132.0,90.0,135.0
20260811_184731__rp0p75__vinf25__inc30__toff59132__Om90__om240,3.022174965026492,0.10612253982125168,-0.0311500254531563,0.0615335918590631,0,,Neptune,2.423230087535175,0.75,25.0,30.0,59132.0,90.0,240.0
20260811_184731__rp0p75__vinf25__incm30__toff59132__Om270__om60,3.0221748009136897,0.10612250669486048,-0.0311499925895174,0.0615335919655734,0,,Neptune,2.4232300875353525,0.75,25.0,-30.0,59132.0,270.0,60.0
20260811_184731__rp1__vinf25__incm90__toff59132__Om180__om315,3.020832628661621,0.17217288136195458,0.1173210748099503,0.1579867248751691,1,Neptune,Neptune,2.0521057143118924,1.0,25.0,-90.0,59132.0,180.0,315.0
20260811_184731__rp1__vinf25__inc90__toff59132__Om0__om135,3.0208326269352606,0.1721728810085218,0.1173210744550828,0.1579867244902424,1,Neptune,Neptune,2.0521057143101453,1.0,25.0,90.0,59132.0,0.0,135.0
20260811_184731__rp1__vinf25__inc0__toff59132__Om270__om90,3.020345483818085,0.15024901506845723,0.156875862298823,0.0879391121799775,0,,Neptune,1.8204456334882728,1.0,25.0,0.0,59132.0,270.0,90.0
20260811_184731__rp1__vinf25__inc0__toff59132__Om180__om180,3.020345483818085,0.15024901506845723,0.156875862298823,0.0879391121799775,0,,Neptune,1.8204456334882728,1.0,25.0,0.0,59132.0,180.0,180.0
20260811_184731__rp1__vinf25__inc0__toff59132__Om90__om270,3.020345483818085,0.15024901506845723,0.156875862298823,0.0879391121799775,0,,Neptune,1.8204456334882728,1.0,25.0,0.0,59132.0,90.0,270.0
20260811_184731__rp1__vinf25__inc0__toff59132__Om0__om0,3.0203454745763185,0.15024901321909245,0.1568758598552985,0.0879391122025937,0,,Neptune,1.820445633488657,1.0,25.0,0.0,59132.0,0.0,0.0
20260811_184731__rp1__vinf25__incm60__toff59132__Om180__om60,3.018624978901808,0.2210897613924949,-0.1111147138879726,0.1098888810479178,1,Uranus,Uranus,2.173032056044473,1.0,25.0,-60.0,59132.0,180.0,60.0
20260811_184731__rp1__vinf25__inc60__toff59132__Om0__om240,3.018624977145119,0.22108976104113898,-0.1111147133290351,0.1098888812026891,1,Uranus,Uranus,2.1730320560446574,1.0,25.0,60.0,59132.0,0.0,240.0
20260811_184731__rp1p5__vinf25__incm30__toff59132__Om90__om45,3.018571739260075,0.14623789127503362,0.1542748557038257,0.116223000089197,1,Neptune,Neptune,2.6828255891602684,1.5,25.0,-30.0,59132.0,90.0,45.0
20260811_184731__rp1p5__vinf25__inc30__toff59132__Om270__om225,3.018571737152954,0.14623789085418626,0.1542748551037883,0.1162229996726916,1,Neptune,Neptune,2.682825589160433,1.5,25.0,30.0,59132.0,270.0,225.0
20260811_184731__rp0p75__vinf25__incm90__toff59132__Om270__om30,3.0174589450805027,0.1823835867543782,-0.0720383486867431,0.1030109848793572,1,Uranus,Uranus,2.1240576232123947,0.75,25.0,-90.0,59132.0,270.0,30.0
20260811_184731__rp0p75__vinf25__inc90__toff59132__Om90__om210,3.017458938716481,0.1823835854816462,-0.0720383478863052,0.1030109841863406,1,Uranus,Uranus,2.124057623212482,0.75,25.0,90.0,59132.0,90.0,210.0
20260811_184731__rp1__vinf25__inc30__toff59132__Om180__om180,3.01596123605484,0.1561171955929002,0.1649379990632021,0.0901524205659414,0,,Neptune,2.082108534760693,1.0,25.0,30.0,59132.0,180.0,180.0
20260811_184731__rp1__vinf25__incm30__toff59132__Om0__om0,3.0159612349413454,0.15611719536491567,0.1649379987828892,0.0901524208368841,0,,Neptune,2.0821085347610038,1.0,25.0,-30.0,59132.0,0.0,0.0
20260811_184731__rp0p75__vinf25__inc90__toff59132__Om180__om225,3.008148672188325,0.1286986765489686,0.130497098504518,0.1022759532914825,0,,Neptune,1.952179832057268,0.75,25.0,90.0,59132.0,180.0,225.0
20260811_184731__rp0p75__vinf25__incm90__toff59132__Om0__om45,3.008148670817171,0.1286986762747324,0.1304970981840655,0.1022759535495127,0,,Neptune,1.952179832057328,0.75,25.0,-90.0,59132.0,0.0,45.0
20260811_184731__rp1__vinf25__incm60__toff59132__Om180__om180,3.007368903515193,0.15578965524840374,0.1644444185933714,0.0896463020190593,0,,Neptune,1.9694175489722592,1.0,25.0,-60.0,59132.0,180.0,180.0
20260811_184731__rp1__vinf25__inc60__toff59132__Om0__om0,3.0073689032484845,0.1557896551944011,0.1644444185377876,0.0896463021889091,0,,Neptune,1.969417548972574,1.0,25.0,60.0,59132.0,0.0,0.0
20260811_184731__rp1__vinf25__inc60__toff59132__Om90__om165,3.006899799440986,0.18513974108161632,-0.0963457837279292,0.0801596323688461,0,,Uranus,1.7696923930552486,1.0,25.0,60.0,59132.0,90.0,165.0
20260811_184731__rp1__vinf25__incm60__toff59132__Om270__om345,3.0068997992716415,0.18513974104893643,-0.0963457837065103,0.080159632352449,0,,Uranus,1.7696923930551818,1.0,25.0,-60.0,59132.0,270.0,345.0
20260811_184731__rp1p25__vinf25__inc0__toff59132__Om90__om285,3.003168437730745,0.17182567644215885,0.1885880147927369,0.105884996177267,0,,Saturn,2.0422002892448967,1.25,25.0,0.0,59132.0,90.0,285.0
20260811_184731__rp1p25__vinf25__inc0__toff59132__Om180__om195,3.0031684368456704,0.1718256762684007,0.1885880145495478,0.1058849962356333,0,,Saturn,2.0422002892460216,1.25,25.0,0.0,59132.0,180.0,195.0
20260811_184731__rp1p25__vinf25__inc0__toff59132__Om270__om105,3.0031684368456704,0.1718256762684007,0.1885880145495478,0.1058849962356333,0,,Saturn,2.0422002892460216,1.25,25.0,0.0,59132.0,270.0,105.0
20260811_184731__rp1p25__vinf25__inc0__toff59132__Om0__om15,3.003168436266434,0.17182567615422958,0.1885880143895396,0.1058849962721793,0,,Saturn,2.042200289245631,1.25,25.0,0.0,59132.0,0.0,15.0
20260811_184731__rp0p75__vinf25__incm60__toff59132__Om0__om135,3.001006495337721,0.16359560944073445,0.0740847631194784,0.1485735831534539,0,,Neptune,1.9038881032582913,0.75,25.0,-60.0,59132.0,0.0,135.0
20260811_184731__rp0p75__vinf25__inc60__toff59132__Om180__om315,3.0010064953283773,0.163595609440212,0.0740847630236954,0.1485735831537049,0,,Neptune,1.9038881032580428,0.75,25.0,60.0,59132.0,180.0,315.0
20260811_184731__rp0p75__vinf25__inc60__toff59132__Om270__om15,3.000354981095224,0.18031212141081535,-0.0783198853248315,0.0938756207501654,0,,Uranus,1.868433364476631,0.75,25.0,60.0,59132.0,270.0,15.0
20260811_184731__rp0p75__vinf25__incm60__toff59132__Om90__om195,3.0003549808404677,0.18031212136032573,-0.0783198852973834,0.0938756207186949,0,,Uranus,1.8684333644767386,0.75,25.0,-60.0,59132.0,90.0,195.0
20260811_184731__rp0p75__vinf25__incm90__toff59132__Om270__om15,2.9979145014389896,0.18577056819674015,-0.0801549824174966,0.098528198181767,1,Uranus,Uranus,2.147907465190112,0.75,25.0,-90.0,59132.0,270.0,15.0
20260811_184731__rp0p75__vinf25__inc90__toff59132__Om90__om195,2.997914501302897,0.18577056817032303,-0.0801549823626324,0.0985281982080842,1,Uranus,Uranus,2.1479074651900505,0.75,25.0,90.0,59132.0,90.0,195.0
20260811_184731__rp0p5__vinf25__incm90__toff59132__Om0__om75,2.997434553862232,0.20594567696128216,0.2115315554220099,0.198223651005661,0,,Uranus,1.622237414880456,0.5,25.0,-90.0,59132.0,0.0,75.0
20260811_184731__rp0p5__vinf25__inc90__toff59132__Om180__om255,2.9974345537778135,0.20594567694431146,0.2115315554396567,0.1982236509877688,0,,Uranus,1.6222374148807837,0.5,25.0,90.0,59132.0,180.0,255.0
20260811_184731__rp0p5__vinf25__inc90__toff59132__Om90__om105,2.9971952842326663,0.21007082924388595,0.1639152768728159,0.2009857442125081,0,,Neptune,1.4996841986975542,0.5,25.0,90.0,59132.0,90.0,105.0
20260811_184731__rp0p5__vinf25__incm90__toff59132__Om270__om285,2.9971950952851367,0.21007079148462396,0.1639153342323743,0.2009857025261755,0,,Neptune,1.4996841986977207,0.5,25.0,-90.0,59132.0,270.0,285.0
20260811_184731__rp1p5__vinf25__inc0__toff59132__Om0__om150,2.9961785031745984,0.14175761248847718,0.109743317561377,0.1262910213761156,1,Neptune,Neptune,2.544145624126626,1.5,25.0,0.0,59132.0,0.0,150.0
20260811_184731__rp1p5__vinf25__inc0__toff59132__Om270__om240,2.9961785021166367,0.1417576122744939,0.1097433179524737,0.1262910211725024,1,Neptune,Neptune,2.544145624126637,1.5,25.0,0.0,59132.0,270.0,240.0
20260811_184731__rp1p5__vinf25__inc0__toff59132__Om90__om60,2.9961784997515535,0.14175761180299476,0.1097433188401654,0.1262910207245742,1,Neptune,Neptune,2.544145624127119,1.5,25.0,0.0,59132.0,90.0,60.0
20260811_184731__rp1p5__vinf25__inc0__toff59132__Om180__om330,2.9961784996549974,0.14175761178019955,0.1097433188715392,0.1262910207025979,1,Neptune,Neptune,2.544145624126696,1.5,25.0,0.0,59132.0,180.0,330.0
20260811_184731__rp1p25__vinf25__incm30__toff59132__Om270__om255,2.9960976412433027,0.09770875323298651,0.0334672680337261,0.0827406964663769,1,Neptune,Neptune,2.6715480602088992,1.25,25.0,-30.0,59132.0,270.0,255.0
20260811_184731__rp1p25__vinf25__inc30__toff59132__Om90__om75,2.996097641135017,0.09770875321201859,0.0334672680526711,0.0827406964464876,1,Neptune,Neptune,2.6715480602092034,1.25,25.0,30.0,59132.0,90.0,75.0
20260811_184731__rp0p5__vinf25__incm60__toff59132__Om0__om105,2.994268041398432,0.27387409374806293,0.3661854492673811,0.2868964334815895,0,,Neptune,1.444622972682598,0.5,25.0,-60.0,59132.0,0.0,105.0
20260811_184731__rp0p5__vinf25__inc60__toff59132__Om180__om285,2.9942680402375608,0.2738740935172429,0.3661854497073321,0.2868964332335238,0,,Neptune,1.444622972686856,0.5,25.0,60.0,59132.0,180.0,285.0
20260811_184731__rp0p75__vinf25__inc90__toff59132__Om270__om345,2.994166970623493,0.17951486633178113,-0.0687484563580148,0.1030123955367311,1,Uranus,Uranus,2.1167493451463635,0.75,25.0,90.0,59132.0,270.0,345.0
20260811_184731__rp0p75__vinf25__incm90__toff59132__Om90__om165,2.9941669699313866,0.17951486619280474,-0.0687484559869231,0.1030123957579041,1,Uranus,Uranus,2.1167493451464536,0.75,25.0,-90.0,59132.0,90.0,165.0
20260811_184731__rp1p5__vinf25__inc0__toff59132__Om90__om165,2.991085057551878,0.12826209564987365,-0.0474793020788097,0.0675696373794691,1,Uranus,Uranus,3.6262719265230783,1.5,25.0,0.0,59132.0,90.0,165.0
20260811_184731__rp1p5__vinf25__inc0__toff59132__Om270__om345,2.991085056776103,0.1282620954949579,-0.0474793015385988,0.067569637770247,1,Uranus,Uranus,3.62627192652291,1.5,25.0,0.0,59132.0,270.0,345.0
20260811_184731__rp1p5__vinf25__inc0__toff59132__Om180__om75,2.991085056776103,0.1282620954949579,-0.0474793015385988,0.067569637770247,1,Uranus,Uranus,3.62627192652291,1.5,25.0,0.0,59132.0,180.0,75.0
20260811_184731__rp1p5__vinf25__inc0__toff59132__Om0__om255,2.991085055493617,0.12826209523854318,-0.0474793006456288,0.0675696384158481,1,Uranus,Uranus,3.6262719265231773,1.5,25.0,0.0,59132.0,0.0,255.0
20260811_184731__rp0p75__vinf25__incm30__toff59132__Om0__om270,2.989633264476554,0.2174840406353699,-0.1192657779926761,0.0958092624003061,1,Uranus,Uranus,2.18091831861995,0.75,25.0,-30.0,59132.0,0.0,270.0
20260811_184731__rp0p75__vinf25__inc30__toff59132__Om180__om90,2.9896332610464604,0.21748403994831686,-0.1192657773388395,0.0958092622301591,1,Uranus,Uranus,2.1809183186198315,0.75,25.0,30.0,59132.0,180.0,90.0
20260811_184731__rp1p5__vinf25__incm30__toff59132__Om270__om60,2.987870278884347,0.06211241392487915,-0.0103507516013261,0.0409178890375545,1,Mars,Mars,5.386552313442281,1.5,25.0,-30.0,59132.0,270.0,60.0
20260811_184731__rp1p5__vinf25__inc30__toff59132__Om90__om240,2.987870276051961,0.06211241335886903,-0.0103507512420719,0.0409178888883387,1,Mars,Mars,5.386552313420478,1.5,25.0,30.0,59132.0,90.0,240.0
20260811_184731__rp0p25__vinf25__incm90__toff59132__Om0__om120,2.987497021923251,0.13777145692907386,-0.0019683721377984,0.1218698928706483,1,Uranus,Uranus,2.482585597028547,0.25,25.0,-90.0,59132.0,0.0,120.0
20260811_184731__rp0p25__vinf25__inc90__toff59132__Om180__om300,2.9874970210813254,0.13777145681058786,-0.0019683713245303,0.1218698934991302,1,Uranus,Uranus,2.4825855970248734,0.25,25.0,90.0,59132.0,180.0,300.0
20260811_184731__rp1__vinf25__inc30__toff59132__Om90__om315,2.987050121486056,0.2039290371163776,0.2388237256198974,0.1148433927412925,0,,Uranus,1.6175941224169217,1.0,25.0,30.0,59132.0,90.0,315.0
20260811_184731__rp1__vinf25__incm30__toff59132__Om270__om135,2.9870501213897698,0.2039290370953205,0.2388237255925306,0.1148433927834372,0,,Uranus,1.6175941224169263,1.0,25.0,-30.0,59132.0,270.0,135.0
20260811_184731__rp0p75__vinf25__inc60__toff59132__Om270__om255,2.9865582245036846,0.16971016861861168,-0.1000336442568147,0.0574134281475348,0,,Neptune,1.7759823128425463,0.75,25.0,60.0,59132.0,270.0,255.0
20260811_184731__rp0p75__vinf25__incm60__toff59132__Om90__om75,2.986558223915016,0.16971016849237391,-0.1000336432150845,0.0574134291714743,0,,Neptune,1.775982312843386,0.75,25.0,-60.0,59132.0,90.0,75.0
20260811_184731__rp1__vinf25__inc60__toff59132__Om270__om345,2.986498147433446,0.17489795364388308,-0.0748865029840027,0.091060888899789,0,,Uranus,1.97740122603431,1.0,25.0,60.0,59132.0,270.0,345.0
20260811_184731__rp1__vinf25__incm60__toff59132__Om90__om165,2.9864969511403094,0.1748977317495652,-0.0748862403069841,0.0910609044494797,0,,Uranus,1.977401226015627,1.0,25.0,-60.0,59132.0,90.0,165.0
20260811_184731__rp1__vinf25__inc90__toff59132__Om0__om195,2.983516233994102,0.1769961024035166,-0.0654140559632705,0.1034836455504061,0,,Neptune,1.8474768251889642,1.0,25.0,90.0,59132.0,0.0,195.0
20260811_184731__rp1__vinf25__incm90__toff59132__Om180__om15,2.9835162337961085,0.1769961023592136,-0.0654140559535424,0.1034836455079739,0,,Neptune,1.8474768251926619,1.0,25.0,-90.0,59132.0,180.0,15.0
20260811_184731__rp0p75__vinf25__inc90__toff59132__Om270__om330,2.982896822899802,0.1854906795297631,-0.0782256339965655,0.1002408471643325,1,Uranus,Uranus,2.152355408565462,0.75,25.0,90.0,59132.0,270.0,330.0
20260811_184731__rp0p75__vinf25__incm90__toff59132__Om90__om150,2.9828968227893595,0.1854906795056908,-0.0782256335187503,0.1002408476425392,1,Uranus,Uranus,2.15235540856519,0.75,25.0,-90.0,59132.0,90.0,150.0
20260811_184731__rp0p25__vinf25__incm60__toff59132__Om0__om90,2.982808271768426,0.22135057480407855,0.2787028777643142,0.1723585758891349,0,,Uranus,1.2286005805150224,0.25,25.0,-60.0,59132.0,0.0,90.0
20260811_184731__rp0p25__vinf25__inc60__toff59132__Om180__om270,2.9828082437920687,0.22135056920786395,0.2787028693955292,0.1723585844667015,0,,Uranus,1.228600580514946,0.25,25.0,60.0,59132.0,180.0,270.0
20260811_184731__rp0p25__vinf25__incm60__toff59132__Om270__om75,2.979692885494824,0.12295685041580795,-0.04021914958635,0.0694337287704536,0,,Uranus,1.9641520197989024,0.25,25.0,-60.0,59132.0,270.0,75.0
20260811_184731__rp0p25__vinf25__inc60__toff59132__Om90__om255,2.979692884200259,0.12295685015790762,-0.0402191489068943,0.0694337291911431,0,,Uranus,1.964152019798965,0.25,25.0,60.0,59132.0,90.0,255.0
20260811_184731__rp1p25__vinf25__inc30__toff59132__Om180__om315,2.9790733311468633,0.18035719321883795,0.1708976494959174,0.1684398889736638,1,Neptune,Neptune,2.141535386716539,1.25,25.0,30.0,59132.0,180.0,315.0
20260811_184731__rp1p25__vinf25__incm30__toff59132__Om0__om135,2.9790733298539034,0.18035719296146066,0.1708976499598643,0.1684398887205399,1,Neptune,Neptune,2.1415353867138918,1.25,25.0,-30.0,59132.0,0.0,135.0
20260811_184731__rp1__vinf25__inc60__toff59132__Om270__om330,2.978694070608027,0.18676797807702814,-0.0839610570833244,0.0956705361988086,0,,Uranus,1.9953671863434381,1.0,25.0,60.0,59132.0,270.0,330.0
20260811_184731__rp1__vinf25__incm60__toff59132__Om90__om150,2.9786940681960488,0.1867679775938083,-0.0839610542159303,0.0956705386905161,0,,Uranus,1.9953671863433622,1.0,25.0,-60.0,59132.0,90.0,150.0
20260811_184731__rp1p5__vinf25__inc90__toff59132__Om270__om195,2.9782964889857473,0.241314890661961,0.3196354775909632,0.1885381069036793,0,,Neptune,1.744844552908289,1.5,25.0,90.0,59132.0,270.0,195.0
20260811_184731__rp1p5__vinf25__incm90__toff59132__Om90__om15,2.9782964356143724,0.2413148800546144,0.319635459483388,0.1885381181213664,0,,Neptune,1.7448445529082817,1.5,25.0,-90.0,59132.0,90.0,15.0
20260811_184731__rp0p5__vinf25__inc90__toff59132__Om270__om240,2.976124666064899,0.2127415595323143,0.1739944968428149,0.2043266620785844,0,,Neptune,1.4017967707071508,0.5,25.0,90.0,59132.0,270.0,240.0
20260811_184731__rp0p5__vinf25__incm90__toff59132__Om90__om60,2.9761245435018173,0.21274153501720505,0.173994434535086,0.2043266321168875,0,,Neptune,1.4017967707067602,0.5,25.0,-90.0,59132.0,90.0,60.0
20260811_184731__rp1p5__vinf25__inc30__toff59132__Om270__om255,2.976040646535306,0.12328345418505805,-0.0382460631813245,0.0717623413046237,0,,Saturn,2.393175621279601,1.5,25.0,30.0,59132.0,270.0,255.0
20260811_184731__rp1p5__vinf25__incm30__toff59132__Om90__om75,2.9760406438339335,0.12328345364509109,-0.0382460626951944,0.071762341236301,0,,Saturn,2.3931756212800526,1.5,25.0,-30.0,59132.0,90.0,75.0
20260811_184731__rp1__vinf25__inc90__toff59132__Om180__om165,2.9756570539976686,0.13097925379538375,0.1343852650134597,0.115049782630328,0,,Neptune,2.1120595461688523,1.0,25.0,90.0,59132.0,180.0,165.0
20260811_184731__rp1__vinf25__incm90__toff59132__Om0__om345,2.9756570488347713,0.13097925276342712,0.1343852638678698,0.1150497845503719,0,,Neptune,2.1120595461690446,1.0,25.0,-90.0,59132.0,0.0,345.0
20260811_184731__rp1p25__vinf25__inc60__toff59132__Om0__om270,2.9748135184618025,0.17490092549935388,-0.0657810975190282,0.1006244864570065,1,Uranus,Uranus,2.271868321748821,1.25,25.0,60.0,59132.0,0.0,270.0
20260811_184731__rp1p25__vinf25__incm60__toff59132__Om180__om90,2.9748135161335827,0.1749009250354907,-0.0657810974876725,0.1006244859422224,1,Uranus,Uranus,2.2718683217487676,1.25,25.0,-60.0,59132.0,180.0,90.0
20260811_184731__rp0p5__vinf25__incm30__toff59132__Om90__om255,2.974388056985931,0.1328549665473103,0.1330048177249722,0.0689461595261815,0,,Mars,1.6881890765471723,0.5,25.0,-30.0,59132.0,90.0,255.0
20260811_184731__rp0p5__vinf25__inc30__toff59132__Om270__om75,2.9743880479604106,0.13285496492406623,0.133004815881406,0.0689461615113981,0,,Mars,1.6881890653536145,0.5,25.0,30.0,59132.0,270.0,75.0
20260811_184731__rp1p25__vinf25__inc60__toff59132__Om90__om210,2.973502583317617,0.12179563873373185,-0.0426765384302698,0.0657419763897327,0,,Mars,2.251135550487623,1.25,25.0,60.0,59132.0,90.0,210.0
20260811_184731__rp1p25__vinf25__incm60__toff59132__Om270__om30,2.9735025822015575,0.12179563851173623,-0.0426765383024437,0.0657419762907034,0,,Mars,2.251135550509892,1.25,25.0,-60.0,59132.0,270.0,30.0
20260811_184731__rp1p25__vinf25__incm30__toff59132__Om180__om15,2.969970970004577,0.20646503320422457,-0.0963355977331648,0.1070026220646422,0,,Neptune,1.8152178766507694,1.25,25.0,-30.0,59132.0,180.0,15.0
20260811_184731__rp1p25__vinf25__inc30__toff59132__Om0__om195,2.969970969865532,0.20646503317661793,-0.0963355977109913,0.10700262205329,0,,Neptune,1.8152178766506923,1.25,25.0,30.0,59132.0,0.0,195.0
20260811_184731__rp1p25__vinf25__inc60__toff59132__Om0__om30,2.969585415439991,0.18412971057599367,0.2072921671284545,0.110491637981873,0,,Saturn,1.6977880981208422,1.25,25.0,60.0,59132.0,0.0,30.0
20260811_184731__rp1p25__vinf25__incm60__toff59132__Om180__om210,2.9695854152150485,0.18412971052908852,0.2072921670335424,0.1104916378006849,0,,Saturn,1.6977880981210147,1.25,25.0,-60.0,59132.0,180.0,210.0
20260811_184731__rp0p75__vinf25__inc90__toff59132__Om180__om0,2.961526505294034,0.13335029577474714,0.051595119926019,0.1172982076891705,0,,Neptune,2.0694058789525727,0.75,25.0,90.0,59132.0,180.0,0.0
20260811_184731__rp0p75__vinf25__incm90__toff59132__Om0__om180,2.96152648380775,0.13335029147634844,0.0515951223723504,0.1172982033159031,0,,Neptune,2.0694058789529053,0.75,25.0,-90.0,59132.0,0.0,180.0
20260811_184731__rp0p75__vinf25__inc90__toff59132__Om180__om15,2.9609193069005943,0.14649663732285387,0.0270810465835805,0.1314922614969702,1,Neptune,Neptune,2.1496517359100245,0.75,25.0,90.0,59132.0,180.0,15.0
20260811_184731__rp0p75__vinf25__incm90__toff59132__Om0__om195,2.9609193068943354,0.14649663732138535,0.0270810465812937,0.1314922614955119,1,Neptune,Neptune,2.1496517359093743,0.75,25.0,-90.0,59132.0,0.0,195.0
20260811_184731__rp1__vinf25__inc60__toff59132__Om180__om210,2.96089815517309,0.1576335805992905,0.1666476393451658,0.0868202373790936,0,,Neptune,1.7341997129937936,1.0,25.0,60.0,59132.0,180.0,210.0
20260811_184731__rp1__vinf25__incm60__toff59132__Om0__om30,2.9608981500925626,0.15763357958307844,0.1666476378618785,0.0868202363400284,0,,Neptune,1.73419971299364,1.0,25.0,-60.0,59132.0,0.0,30.0
20260811_184731__rp1p25__vinf25__inc60__toff59132__Om0__om165,2.9604035045772843,0.11286610744345109,-0.0141094322808797,0.0849500042462021,1,Neptune,Neptune,2.3155390190391096,1.25,25.0,60.0,59132.0,0.0,165.0
20260811_184731__rp1p25__vinf25__incm60__toff59132__Om180__om345,2.9604035045764157,0.1128661074460216,-0.0141094323753371,0.0849500041578805,1,Neptune,Neptune,2.315539019038463,1.25,25.0,-60.0,59132.0,180.0,345.0
20260811_184731__rp0p25__vinf25__incm90__toff59132__Om90__om45,2.9558953715155796,0.17387675216161072,-0.0488617358304018,0.1166849307653738,1,Neptune,Neptune,2.1210516389245475,0.25,25.0,-90.0,59132.0,90.0,45.0
20260811_184731__rp0p25__vinf25__inc90__toff59132__Om270__om225,2.9558953147481244,0.1738767408261688,-0.0488617286960008,0.1166849246825626,1,Neptune,Neptune,2.1210516389245817,0.25,25.0,90.0,59132.0,270.0,225.0
20260811_184731__rp0p5__vinf25__inc30__toff59132__Om180__om225,2.9539206148614827,0.13797496948726676,0.1270819965641322,0.1231249794058226,0,,Saturn,1.8380054692443988,0.5,25.0,30.0,59132.0,180.0,225.0
20260811_184731__rp0p5__vinf25__incm30__toff59132__Om0__om45,2.9539206142528642,0.1379749693607983,0.1270819964494894,0.1231249792765355,0,,Saturn,1.8380054692365817,0.5,25.0,-30.0,59132.0,0.0,45.0
20260811_184731__rp1p25__vinf25__incm60__toff59132__Om180__om75,2.95287087334659,0.16207999818469215,-0.0706505486346845,0.08059068007324,1,Uranus,Uranus,3.143681292801359,1.25,25.0,-60.0,59132.0,180.0,75.0
20260811_184731__rp1p25__vinf25__inc60__toff59132__Om0__om255,2.952870870233456,0.16207999756177924,-0.070650548146577,0.0805906798743817,1,Uranus,Uranus,3.143681292801259,1.25,25.0,60.0,59132.0,0.0,255.0
20260811_184731__rp0p5__vinf25__incm30__toff59132__Om90__om225,2.9526992556498426,0.12987013064794725,-0.0641416392009325,0.0518924763719476,0,,Neptune,1.9990130310782446,0.5,25.0,-30.0,59132.0,90.0,225.0
20260811_184731__rp0p5__vinf25__inc30__toff59132__Om270__om45,2.9526992556498426,0.12987013064794725,-0.0641416392009325,0.0518924763719476,0,,Neptune,1.9990130310782446,0.5,25.0,30.0,59132.0,270.0,45.0
20260811_184731__rp0p25__vinf25__inc90__toff59132__Om270__om285,2.9515119766143356,0.15223030374225274,0.0593638443440113,0.1366704899124081,1,Uranus,Uranus,2.635809579807519,0.25,25.0,90.0,59132.0,270.0,285.0
20260811_184731__rp0p25__vinf25__incm90__toff59132__Om90__om105,2.9515117467892207,0.15223025776322924,0.0593639044830022,0.1366704406834323,1,Uranus,Uranus,2.635809579808705,0.25,25.0,-90.0,59132.0,90.0,105.0
20260811_184731__rp0p5__vinf25__inc90__toff59132__Om0__om315,2.948477370061873,0.050400328264810654,0.0201907879360655,0.0405570334861999,0,,Jupiter,2.2155254468346546,0.5,25.0,90.0,59132.0,0.0,315.0
20260811_184731__rp0p5__vinf25__incm90__toff59132__Om180__om135,2.9484770428984017,0.05040024860811789,0.0201907499357177,0.0405569659588276,0,,Jupiter,2.2155254456430447,0.5,25.0,-90.0,59132.0,180.0,135.0
20260811_184731__rp0p75__vinf25__incm90__toff59132__Om270__om45,2.9434870988412616,0.1720448993710663,-0.062362057565754,0.1008110120030774,1,Uranus,Uranus,2.02462646706494,0.75,25.0,-90.0,59132.0,270.0,45.0
20260811_184731__rp0p75__vinf25__inc90__toff59132__Om90__om225,2.9434870974814897,0.17204489909902723,-0.0623620575709921,0.10081101167932,1,Uranus,Uranus,2.024626467064981,0.75,25.0,90.0,59132.0,90.0,225.0
20260811_184731__rp0p5__vinf25__inc90__toff59132__Om270__om225,2.941081189416007,0.2097396704564868,0.0849161297440003,0.2004530465603909,0,,Neptune,1.9387358856379138,0.5,25.0,90.0,59132.0,270.0,225.0
20260811_184731__rp0p5__vinf25__incm90__toff59132__Om90__om45,2.941081157226167,0.2097396639644744,0.0849161109837878,0.2004530393323548,0,,Neptune,1.9387358856267292,0.5,25.0,-90.0,59132.0,90.0,45.0
20260811_184731__rp1__vinf25__incm90__toff59132__Om180__om345,2.9405980431481638,0.11833478630499704,-0.0058341695423687,0.0983044105773943,1,Neptune,Neptune,2.1498848804566535,1.0,25.0,-90.0,59132.0,180.0,345.0
20260811_184731__rp1__vinf25__inc90__toff59132__Om0__om165,2.940598042703704,0.11833478621586203,-0.0058341692530936,0.098304410760635,1,Neptune,Neptune,2.1498848804568036,1.0,25.0,90.0,59132.0,0.0,165.0
20260811_184731__rp0p75__vinf25__incm90__toff59132__Om0__om210,2.9404738823585426,0.15206306779487636,0.0077213058629722,0.13840506230459,1,Neptune,Neptune,2.1406212938309115,0.75,25.0,-90.0,59132.0,0.0,210.0
20260811_184731__rp0p75__vinf25__inc90__toff59132__Om180__om30,2.940473880387306,0.15206306740220324,0.0077213059832411,0.1384050618736676,1,Neptune,Neptune,2.1406212938307343,0.75,25.0,90.0,59132.0,180.0,30.0
20260811_184731__rp1__vinf25__incm90__toff59132__Om180__om330,2.9390461666929393,0.13291169974530612,0.0469596223464413,0.1169153474620371,1,Neptune,Neptune,2.1540429217648054,1.0,25.0,-90.0,59132.0,180.0,330.0
20260811_184731__rp1__vinf25__inc90__toff59132__Om0__om150,2.939046166118736,0.13291169963132235,0.046959622349939,0.116915347346603,1,Neptune,Neptune,2.154042921764714,1.0,25.0,90.0,59132.0,0.0,150.0
20260811_184731__rp1p5__vinf25__inc30__toff59132__Om0__om330,2.9382139609546134,0.0595085081505707,-0.0069079985032735,0.041982195736481,1,Mars,Mars,5.025164510603359,1.5,25.0,30.0,59132.0,0.0,330.0
20260811_184731__rp1p5__vinf25__incm30__toff59132__Om180__om150,2.9382139545725394,0.05950850687413799,-0.0069079977209659,0.0419821953769336,1,Mars,Mars,5.025164510634909,1.5,25.0,-30.0,59132.0,180.0,150.0
20260811_184731__rp1__vinf25__inc60__toff59132__Om0__om270,2.9376941318123677,0.1925538575440771,-0.0938380458737155,0.0920962127135328,1,Uranus,Uranus,2.3236369937804473,1.0,25.0,60.0,59132.0,0.0,270.0
20260811_184731__rp1__vinf25__incm60__toff59132__Om180__om90,2.937694131618037,0.19255385750621623,-0.093838045646573,0.0920962129153159,1,Uranus,Uranus,2.323636993780526,1.0,25.0,-60.0,59132.0,180.0,90.0
20260811_184731__rp1p25__vinf25__inc0__toff59132__Om180__om30,2.93550806637432,0.1970170588145974,-0.0899562453678042,0.1019157445396105,0,,Neptune,1.4089737339394461,1.25,25.0,0.0,59132.0,180.0,30.0
20260811_184731__rp1p25__vinf25__inc0__toff59132__Om90__om120,2.935508066329998,0.19701705880597395,-0.0899562453614336,0.1019157445356701,0,,Neptune,1.4089737339394406,1.25,25.0,0.0,59132.0,90.0,120.0
20260811_184731__rp1p25__vinf25__inc0__toff59132__Om0__om210,2.9355080652194587,0.19701705858337,-0.0899562452008201,0.1019157444297956,0,,Neptune,1.4089737339394195,1.25,25.0,0.0,59132.0,0.0,210.0
20260811_184731__rp1p25__vinf25__inc0__toff59132__Om270__om300,2.9355080600272085,0.1970170575460028,-0.089956244448119,0.1019157439409756,0,,Neptune,1.4089737339394732,1.25,25.0,0.0,59132.0,270.0,300.0
20260811_184731__rp0p75__vinf25__inc60__toff59132__Om90__om240,2.9350950167441603,0.13353056672267608,-0.0460296208339349,0.0746135688619423,0,,Neptune,1.9278943253634062,0.75,25.0,60.0,59132.0,90.0,240.0
20260811_184731__rp0p75__vinf25__incm60__toff59132__Om270__om60,2.9350950157039533,0.13353056651478265,-0.0460296208665967,0.0746135686079044,0,,Neptune,1.9278943253634515,0.75,25.0,-60.0,59132.0,270.0,60.0
20260811_184731__rp1p25__vinf25__inc60__toff59132__Om0__om210,2.9350083581915527,0.1842580958234278,-0.0814174773737692,0.0953379544801373,0,,Saturn,1.530747048780436,1.25,25.0,60.0,59132.0,0.0,210.0
20260811_184731__rp1p25__vinf25__incm60__toff59132__Om180__om30,2.935008356110379,0.18425809540705618,-0.0814174771436355,0.0953379542204087,0,,Saturn,1.5307470487802175,1.25,25.0,-60.0,59132.0,180.0,30.0
20260811_184731__rp1__vinf25__inc30__toff59132__Om270__om150,2.930804296540959,0.10781189589859742,0.0472514088507626,0.0922271781229693,0,,Uranus,2.3168248565606717,1.0,25.0,30.0,59132.0,270.0,150.0
20260811_184731__rp1__vinf25__incm30__toff59132__Om90__om330,2.930804218764072,0.10781188466382972,0.0472514151510078,0.0922271673737657,0,,Uranus,2.3168248565576643,1.0,25.0,-30.0,59132.0,90.0,330.0
20260811_184731__rp1__vinf25__inc90__toff59132__Om0__om225,2.9270811869654905,0.19481697801546408,-0.0862927591246438,0.1031143580543569,0,,Uranus,1.4394693946839174,1.0,25.0,90.0,59132.0,0.0,225.0
20260811_184731__rp1__vinf25__incm90__toff59132__Om180__om45,2.927081186563837,0.19481697793501643,-0.0862927589950917,0.1031143580932838,0,,Uranus,1.439469394683999,1.0,25.0,-90.0,59132.0,180.0,45.0
20260811_184731__rp0p75__vinf25__incm90__toff59132__Om90__om180,2.926927323306746,0.16860256672393956,-0.0599518160267391,0.0992869579013669,1,Uranus,Uranus,2.014114067894,0.75,25.0,-90.0,59132.0,90.0,180.0
20260811_184731__rp0p75__vinf25__inc90__toff59132__Om270__om0,2.9269273187606677,0.1686025658155009,-0.059951815557552,0.0992869573310869,1,Uranus,Uranus,2.0141140678934537,0.75,25.0,90.0,59132.0,270.0,0.0
20260811_184731__rp1p25__vinf25__incm30__toff59132__Om90__om315,2.926831912354266,0.13848676217749828,0.1432831006076204,0.1070624212216797,0,,Uranus,2.4520443495879998,1.25,25.0,-30.0,59132.0,90.0,315.0
20260811_184731__rp1p25__vinf25__inc30__toff59132__Om270__om135,2.9268319103202005,0.13848676176883568,0.1432831000528144,0.1070624208998605,0,,Uranus,2.452044349588144,1.25,25.0,30.0,59132.0,270.0,135.0
20260811_184731__rp1__vinf25__inc60__toff59132__Om90__om240,2.9251083242615756,0.10582441257161433,-0.0324834070171442,0.0599024036493758,0,,Mars,2.23003946299613,1.0,25.0,60.0,59132.0,90.0,240.0
20260811_184731__rp1__vinf25__incm60__toff59132__Om270__om60,2.925108323741151,0.1058244124668475,-0.0324834073041208,0.0599024032577018,0,,Mars,2.2300394629929103,1.0,25.0,-60.0,59132.0,270.0,60.0
20260811_184731__rp1p25__vinf25__incm30__toff59132__Om90__om285,2.9248048618108076,0.1812617320165094,0.2042139727860478,0.1197651254406983,0,,Uranus,1.7261547266913522,1.25,25.0,-30.0,59132.0,90.0,285.0
20260811_184731__rp1p25__vinf25__inc30__toff59132__Om270__om105,2.924804853325683,0.18126173032399745,0.2042139704632043,0.1197651270944984,0,,Uranus,1.7261547266913024,1.25,25.0,30.0,59132.0,270.0,105.0
20260811_184731__rp1p25__vinf25__inc60__toff59132__Om0__om15,2.922185565731785,0.167408965339341,0.1814666517721118,0.0988325866228078,0,,Saturn,1.7556995344199273,1.25,25.0,60.0,59132.0,0.0,15.0
20260811_184731__rp1p25__vinf25__incm60__toff59132__Om180__om195,2.9221855642581804,0.1674089650423027,0.1814666513128754,0.0988325862725285,0,,Saturn,1.7556995344194655,1.25,25.0,-60.0,59132.0,180.0,195.0
20260811_184731__rp1p25__vinf25__inc60__toff59132__Om90__om75,2.921366444246993,0.139931703677871,0.1451055409878273,0.1065733167111161,1,Neptune,Neptune,2.4556154684126685,1.25,25.0,60.0,59132.0,90.0,75.0
20260811_184731__rp1p25__vinf25__incm60__toff59132__Om270__om255,2.9213664431354203,0.13993170345632774,0.1451055408501093,0.1065733183815547,1,Neptune,Neptune,2.4556154684137823,1.25,25.0,-60.0,59132.0,270.0,255.0
20260811_184731__rp0p25__vinf25__inc90__toff59132__Om270__om270,2.9188719323604055,0.18979336809747174,0.1462572226952859,0.1777674132925949,1,Uranus,Uranus,2.329107357504611,0.25,25.0,90.0,59132.0,270.0,270.0
20260811_184731__rp0p25__vinf25__incm90__toff59132__Om90__om90,2.918871927715327,0.18979336716767456,0.1462572236108813,0.1777674122937523,1,Uranus,Uranus,2.329107357504039,0.25,25.0,-90.0,59132.0,90.0,90.0
20260811_184731__rp0p75__vinf25__incm60__toff59132__Om270__om270,2.9184628059466875,0.07910000838777823,-0.0074436524270655,0.059059924611412,1,Neptune,Neptune,2.6048953118987965,0.75,25.0,-60.0,59132.0,270.0,270.0
20260811_184731__rp0p75__vinf25__inc60__toff59132__Om90__om90,2.9184627619767505,0.07909999956295047,-0.0074436484180588,0.0590599203730936,1,Neptune,Neptune,2.604895311902777,0.75,25.0,60.0,59132.0,90.0,90.0
20260811_184731__rp1p25__vinf25__inc0__toff59132__Om180__om225,2.9167058592476667,0.16441912403586645,0.1783711152234065,0.1086880783613788,0,,Uranus,1.8184512917077043,1.25,25.0,0.0,59132.0,180.0,225.0
20260811_184731__rp1p25__vinf25__inc0__toff59132__Om0__om45,2.916705858579385,0.164419123869081,0.1783711149653887,0.1086880781543728,0,,Uranus,1.8184512917051499,1.25,25.0,0.0,59132.0,0.0,45.0
20260811_184731__rp1p25__vinf25__inc0__toff59132__Om270__om135,2.9167058547061644,0.16441912309006762,0.1783711137727935,0.1086880772988107,0,,Uranus,1.8184512917043887,1.25,25.0,0.0,59132.0,270.0,135.0
20260811_184731__rp1p25__vinf25__inc0__toff59132__Om90__om315,2.9167058547061644,0.16441912309006762,0.1783711137727935,0.1086880772988107,0,,Uranus,1.8184512917043887,1.25,25.0,0.0,59132.0,90.0,315.0
20260811_184731__rp1p25__vinf25__inc60__toff59132__Om90__om225,2.9133157234973206,0.10581912339067719,-0.0329808387981048,0.0593976816772753,0,,Mars,2.5781320189371493,1.25,25.0,60.0,59132.0,90.0,225.0
20260811_184731__rp1p25__vinf25__incm60__toff59132__Om270__om45,2.913315721544738,0.10581912300004653,-0.0329808386148611,0.0593976814747649,0,,Mars,2.5781320189395682,1.25,25.0,-60.0,59132.0,270.0,45.0
20260811_184731__rp1p25__vinf25__incm30__toff59132__Om270__om345,2.912040977750131,0.16215126871620203,-0.0726839529379441,0.0785155674837666,0,,Uranus,1.7034907609949916,1.25,25.0,-30.0,59132.0,270.0,345.0
20260811_184731__rp1p25__vinf25__inc30__toff59132__Om90__om165,2.9120409774477367,0.16215126865776835,-0.0726839526589904,0.0785155677131494,0,,Uranus,1.70349076099456,1.25,25.0,30.0,59132.0,90.0,165.0
20260811_184731__rp0p25__vinf25__inc60__toff59132__Om180__om90,2.9114735025687586,0.23053003470742334,-0.121456536327942,0.1110403575413922,0,,Uranus,1.7556030636212268,0.25,25.0,60.0,59132.0,180.0,90.0
20260811_184731__rp0p25__vinf25__incm60__toff59132__Om0__om270,2.911473499858543,0.23053003417315468,-0.121456535997832,0.1110403571808558,0,,Uranus,1.755603063621344,0.25,25.0,-60.0,59132.0,0.0,270.0
20260811_184731__rp0p25__vinf25__inc90__toff59132__Om270__om90,2.911324364923769,0.18229171351888582,0.1794786230564452,0.1709013554778019,0,,Neptune,1.7855555882934988,0.25,25.0,90.0,59132.0,270.0,90.0
20260811_184731__rp0p25__vinf25__incm90__toff59132__Om90__om270,2.9113243533872155,0.18229171122498808,0.1794786159980052,0.1709013526920742,0,,Neptune,1.7855555882936565,0.25,25.0,-90.0,59132.0,90.0,270.0
20260811_184731__rp0p25__vinf25__incm90__toff59132__Om270__om315,2.9110422061464245,0.1817737455018662,0.1350518223736411,0.1687150866737113,1,Uranus,Uranus,2.2505630881718734,0.25,25.0,-90.0,59132.0,270.0,315.0
20260811_184731__rp0p25__vinf25__inc90__toff59132__Om90__om135,2.9110421906248596,0.18177374248195213,0.1350518248542692,0.1687150834536765,1,Uranus,Uranus,2.2505630881593017,0.25,25.0,90.0,59132.0,90.0,135.0
20260811_184731__rp1__vinf25__inc60__toff59132__Om270__om0,2.9109428744557158,0.16194004723662836,-0.065540972242938,0.0858076308929849,0,,Uranus,1.8409467830999753,1.0,25.0,60.0,59132.0,270.0,0.0
20260811_184731__rp1__vinf25__incm60__toff59132__Om90__om180,2.9109428744512202,0.16194004723521838,-0.0655409720809178,0.0858076310609221,0,,Uranus,1.8409467830998252,1.0,25.0,-60.0,59132.0,90.0,180.0
20260811_184731__rp1p25__vinf25__inc60__toff59132__Om0__om285,2.9096210539539475,0.1201149038446235,-0.0411168559296002,0.0655964717856816,0,,Jupiter,2.4253834989227046,1.25,25.0,60.0,59132.0,0.0,285.0
20260811_184731__rp1p25__vinf25__incm60__toff59132__Om180__om105,2.9096207988141924,0.12011487569788061,-0.0411168570769719,0.065596441712528,0,,Jupiter,2.42538349544317,1.25,25.0,-60.0,59132.0,180.0,105.0
20260811_184731__rp1p25__vinf25__incm60__toff59132__Om270__om15,2.9053671782568027,0.1298737032096304,-0.0499952142516634,0.0666825450511061,0,,Mars,1.917333572158611,1.25,25.0,-60.0,59132.0,270.0,15.0
20260811_184731__rp1p25__vinf25__inc60__toff59132__Om90__om195,2.9053671688797555,0.12987370133350806,-0.0499952133098726,0.0666825440407137,0,,Mars,1.9173335721268265,1.25,25.0,60.0,59132.0,90.0,195.0
20260811_184731__rp0p75__vinf25__incm90__toff59132__Om180__om120,2.905227207406589,0.11342188349977564,-0.0632986894808087,0.0356379905000993,0,,Jupiter,2.2773019512282375,0.75,25.0,-90.0,59132.0,180.0,120.0
20260811_184731__rp0p75__vinf25__inc90__toff59132__Om0__om300,2.9052272057354083,0.11342188387710139,-0.0632986894822065,0.0356379908845923,0,,Jupiter,2.277301951268619,0.75,25.0,90.0,59132.0,0.0,300.0
20260811_184731__rp0p75__vinf25__incm30__toff59132__Om270__om90,2.903656648422083,0.1152080335087557,0.1103563777372417,0.0454195212994896,0,,Neptune,1.876808791874887,0.75,25.0,-30.0,59132.0,270.0,90.0
20260811_184731__rp0p75__vinf25__inc30__toff59132__Om90__om270,2.9036566464228817,0.11520803310427091,0.1103563772996426,0.0454195217066596,0,,Neptune,1.8768087918741156,0.75,25.0,30.0,59132.0,90.0,270.0
20260811_184731__rp1__vinf25__incm30__toff59132__Om90__om195,2.902627727343976,0.16518621260941355,-0.0749236308905824,0.0796348288628036,0,,Uranus,1.795274033591269,1.0,25.0,-30.0,59132.0,90.0,195.0
20260811_184731__rp1__vinf25__inc30__toff59132__Om270__om15,2.902627726082008,0.16518621235656425,-0.0749236307627855,0.0796348287059737,0,,Uranus,1.7952740335910216,1.0,25.0,30.0,59132.0,270.0,15.0
20260811_184731__rp0p5__vinf25__incm30__toff59132__Om0__om330,2.902239241980179,0.043172986688079625,0.0305960575829872,0.0345472808590603,0,,Neptune,2.556110092504508,0.5,25.0,-30.0,59132.0,0.0,330.0
20260811_184731__rp0p5__vinf25__inc30__toff59132__Om180__om150,2.9022392398861854,0.04317298628851441,0.0305960569761648,0.0345472805205772,0,,Neptune,2.5561100925038267,0.5,25.0,30.0,59132.0,180.0,150.0
20260811_184731__rp1p5__vinf25__incm60__toff59132__Om90__om30,2.90191098824499,0.20596951732080848,0.241528490815596,0.1110714361299781,1,Neptune,Neptune,2.383442324471465,1.5,25.0,-60.0,59132.0,90.0,30.0
20260811_184731__rp1p5__vinf25__inc60__toff59132__Om270__om210,2.901910981038361,0.2059695158795291,0.2415284886728378,0.1110714373573012,1,Neptune,Neptune,2.383442324471533,1.5,25.0,60.0,59132.0,270.0,210.0
20260811_184731__rp0p5__vinf25__inc60__toff59132__Om270__om30,2.901311366838808,0.17906528425453166,-0.0783657844809063,0.0923293523447728,0,,Uranus,1.7741321401391479,0.5,25.0,60.0,59132.0,270.0,30.0
20260811_184731__rp0p5__vinf25__incm60__toff59132__Om90__om210,2.9013113635904144,0.1790652836062025,-0.0783657842552053,0.0923293518080093,0,,Uranus,1.774132140140394,0.5,25.0,-60.0,59132.0,90.0,210.0
20260811_184731__rp1__vinf25__inc30__toff59132__Om0__om60,2.9009800949660045,0.09507407507906701,-0.0501553025169524,0.0312270611697387,0,,Uranus,2.5099506264966043,1.0,25.0,30.0,59132.0,0.0,60.0
20260811_184731__rp1__vinf25__incm30__toff59132__Om180__om240,2.900980089778241,0.09507407403360182,-0.0501553010544614,0.0312270616836176,0,,Uranus,2.5099506264958924,1.0,25.0,-30.0,59132.0,180.0,240.0
20260811_184731__rp1p25__vinf25__incm30__toff59132__Om270__om105,2.89385952798427,0.11931371575982948,0.1159030531087957,0.0575065613315452,1,Saturn,Saturn,5.934664084512768,1.25,25.0,-30.0,59132.0,270.0,105.0
20260811_184731__rp1p25__vinf25__inc30__toff59132__Om90__om285,2.8938595271043877,0.1193137155852797,0.1159030529207977,0.0575065615723378,1,Saturn,Saturn,5.934664084521943,1.25,25.0,30.0,59132.0,90.0,285.0
20260811_184731__rp0p5__vinf25__inc60__toff59132__Om0__om330,2.8930149739411632,0.0435168859301721,0.0010797422465401,0.0349006795706734,0,,Neptune,2.669748261655605,0.5,25.0,60.0,59132.0,0.0,330.0
20260811_184731__rp0p5__vinf25__incm60__toff59132__Om180__om150,2.893014964299226,0.043516884020106346,0.0010797422674405,0.0349006779604489,0,,Neptune,2.669748261654785,0.5,25.0,-60.0,59132.0,180.0,150.0
20260811_184731__rp0p75__vinf25__incm90__toff59132__Om180__om75,2.891181674317253,0.22508720197784907,-0.1196351530950943,0.1056549567261942,1,Uranus,Uranus,2.366867064405485,0.75,25.0,-90.0,59132.0,180.0,75.0
20260811_184731__rp0p75__vinf25__inc90__toff59132__Om0__om255,2.891181672976174,0.22508720170768964,-0.1196351529256263,0.1056549565516187,1,Uranus,Uranus,2.3668670644053935,0.75,25.0,90.0,59132.0,0.0,255.0
20260811_184731__rp1p25__vinf25__inc90__toff59132__Om270__om210,2.8889560694101943,0.25004439511976057,0.3391964630236542,0.1973456953409819,0,,Neptune,1.7844232580483856,1.25,25.0,90.0,59132.0,270.0,210.0
20260811_184731__rp1p25__vinf25__incm90__toff59132__Om90__om30,2.8889559366923674,0.25004436857828133,0.3391964155718207,0.1973457209471051,0,,Neptune,1.7844232580479469,1.25,25.0,-90.0,59132.0,90.0,30.0
20260811_184731__rp0p75__vinf25__incm90__toff59132__Om270__om0,2.8852844207610877,0.18515143450372185,-0.0875494397899721,0.0898170554878848,1,Uranus,Uranus,2.076856751325788,0.75,25.0,-90.0,59132.0,270.0,0.0
20260811_184731__rp0p75__vinf25__inc90__toff59132__Om90__om180,2.885284420673611,0.18515143448428548,-0.0875494395381377,0.0898170557374248,1,Uranus,Uranus,2.076856751325841,0.75,25.0,90.0,59132.0,90.0,180.0
20260811_184731__rp0p75__vinf25__incm60__toff59132__Om0__om330,2.882769440831257,0.09472051905140133,0.0876928141420748,0.0806867081373467,0,,Neptune,2.191294517361412,0.75,25.0,-60.0,59132.0,0.0,330.0
20260811_184731__rp0p75__vinf25__inc60__toff59132__Om180__om150,2.8827694359750335,0.09472051807944701,0.0876928141178573,0.0806867072530518,0,,Neptune,2.191294517362045,0.75,25.0,60.0,59132.0,180.0,150.0
20260811_184731__rp1p25__vinf25__inc30__toff59132__Om270__om285,2.8827045258119623,0.1857052334437821,-0.0875602481260181,0.0904824841513184,0,,Neptune,1.4123566105067293,1.25,25.0,30.0,59132.0,270.0,285.0
20260811_184731__rp1p25__vinf25__incm30__toff59132__Om90__om105,2.882704525771793,0.1857052334351083,-0.0875602481069194,0.0904824841614254,0,,Neptune,1.4123566105067444,1.25,25.0,-30.0,59132.0,90.0,105.0
20260811_184731__rp0p25__vinf25__inc30__toff59132__Om90__om255,2.8816145457217375,0.028930712346474225,0.0236821537622567,0.0171529794302905,0,,Neptune,2.541118903602092,0.25,25.0,30.0,59132.0,90.0,255.0
20260811_184731__rp0p25__vinf25__incm30__toff59132__Om270__om75,2.881614539428236,0.028930711103230762,0.0236821526947422,0.0171529791674638,0,,Neptune,2.54111890359962,0.25,25.0,-30.0,59132.0,270.0,75.0
20260811_184731__rp0p75__vinf25__inc90__toff59132__Om270__om315,2.8798136923162723,0.18312956637759176,-0.0848170862655895,0.0903115493925253,1,Uranus,Uranus,2.0805961961746626,0.75,25.0,90.0,59132.0,270.0,315.0
20260811_184731__rp0p75__vinf25__incm90__toff59132__Om90__om135,2.879813692061596,0.1831295663267907,-0.0848170862305376,0.0903115493686708,1,Uranus,Uranus,2.080596196174389,0.75,25.0,-90.0,59132.0,90.0,135.0
20260811_184731__rp0p25__vinf25__inc90__toff59132__Om90__om150,2.8791668071601912,0.15756452051759715,0.0700202833777591,0.1421802214666288,1,Uranus,Uranus,2.5950727524751547,0.25,25.0,90.0,59132.0,90.0,150.0
20260811_184731__rp0p25__vinf25__incm90__toff59132__Om270__om330,2.8791667319502796,0.1575645054750303,0.0700202470410419,0.1421802058397739,1,Uranus,Uranus,2.5950727524756276,0.25,25.0,-90.0,59132.0,270.0,330.0
20260811_184731__rp0p75__vinf25__incm60__toff59132__Om0__om45,2.877672962290277,0.16237432725283626,0.1750397321933873,0.1044825070320689,0,,Saturn,1.5963161026126487,0.75,25.0,-60.0,59132.0,0.0,45.0
20260811_184731__rp0p75__vinf25__inc60__toff59132__Om180__om225,2.877672959894096,0.16237432677334762,0.1750397314817081,0.1044825066356583,0,,Saturn,1.5963161026126134,0.75,25.0,60.0,59132.0,180.0,225.0
20260811_184731__rp1p5__vinf25__incm30__toff59132__Om180__om0,2.876105223450826,0.142811565869746,-0.0456794700027982,0.0849303606103241,1,Neptune,Neptune,2.054270180684149,1.5,25.0,-30.0,59132.0,180.0,0.0
20260811_184731__rp1p5__vinf25__inc30__toff59132__Om0__om180,2.8761052222779244,0.14281156563457353,-0.045679469834128,0.0849303605260183,1,Neptune,Neptune,2.0542701806846972,1.5,25.0,30.0,59132.0,0.0,180.0
20260811_184731__rp0p75__vinf25__inc60__toff59132__Om0__om345,2.8739289012264866,0.10032944202158539,0.0945363806642621,0.0607521368646162,0,,Neptune,2.4872691529639934,0.75,25.0,60.0,59132.0,0.0,345.0
20260811_184731__rp0p75__vinf25__incm60__toff59132__Om180__om165,2.8739288992468834,0.10032944160696677,0.0945363802218778,0.0607521371345339,0,,Neptune,2.487269152964055,0.75,25.0,-60.0,59132.0,180.0,165.0
20260811_184731__rp1p5__vinf25__inc0__toff59132__Om180__om240,2.8719505321440675,0.15112712937322337,-0.0347875701602116,0.1048865815133553,0,,Uranus,2.0065678717763746,1.5,25.0,0.0,59132.0,180.0,240.0
20260811_184731__rp1p5__vinf25__inc0__toff59132__Om90__om330,2.8719505299465125,0.15112712890103314,-0.034787569626916,0.10488658151916,0,,Uranus,2.0065678717760305,1.5,25.0,0.0,59132.0,90.0,330.0
20260811_184731__rp1p5__vinf25__inc0__toff59132__Om0__om60,2.871950527465799,0.15112712834613387,-0.0347875690197621,0.1048865815067321,0,,Uranus,2.0065678717752284,1.5,25.0,0.0,59132.0,0.0,60.0
20260811_184731__rp1p5__vinf25__inc0__toff59132__Om270__om150,2.871950527465799,0.15112712834613387,-0.0347875690197621,0.1048865815067321,0,,Uranus,2.0065678717752284,1.5,25.0,0.0,59132.0,270.0,150.0
20260811_184731__rp1__vinf25__incm60__toff59132__Om90__om135,2.8653955277463687,0.1939903416686977,-0.0938333604480311,0.0938957101388875,0,,Uranus,1.9423398816402166,1.0,25.0,-60.0,59132.0,90.0,135.0
20260811_184731__rp1__vinf25__inc60__toff59132__Om270__om315,2.8653955264488626,0.19399034141127153,-0.0938333595456867,0.0938957108051035,0,,Uranus,1.9423398816401312,1.0,25.0,60.0,59132.0,270.0,315.0
20260811_184731__rp1__vinf25__incm60__toff59132__Om0__om195,2.861931876313081,0.13462154122104159,-0.0288758584276906,0.092914931276829,0,,Neptune,1.8534807910810995,1.0,25.0,-60.0,59132.0,0.0,195.0
20260811_184731__rp1__vinf25__inc60__toff59132__Om180__om15,2.86193187479385,0.13462154091763395,-0.0288758576491142,0.092914931720454,0,,Neptune,1.853480791081001,1.0,25.0,60.0,59132.0,180.0,15.0
20260811_184731__rp1__vinf25__incm30__toff59132__Om0__om240,2.8618046358296096,0.20679016016765706,-0.0990014265295285,0.1044989040086516,0,,Uranus,1.9918784795123559,1.0,25.0,-30.0,59132.0,0.0,240.0
20260811_184731__rp1__vinf25__inc30__toff59132__Om180__om60,2.8618046320263044,0.20679015940670278,-0.0990014260028976,0.1044989036046507,0,,Uranus,1.9918784795124254,1.0,25.0,30.0,59132.0,180.0,60.0
20260811_184731__rp1p5__vinf25__inc30__toff59132__Om270__om240,2.860700525738869,0.08885594677236666,0.0208086770284797,0.0746520886220751,2,"Jupiter,Neptune",Jupiter,2.4506775954228104,1.5,25.0,30.0,59132.0,270.0,240.0
20260811_184731__rp1p5__vinf25__incm30__toff59132__Om90__om60,2.8607005244398813,0.08885594651403662,0.0208086768820644,0.0746520883852779,2,"Jupiter,Neptune",Jupiter,2.4506775954232496,1.5,25.0,-30.0,59132.0,90.0,60.0
20260811_184731__rp1p25__vinf25__incm30__toff59132__Om90__om165,2.859673785839933,0.15596784622676446,-0.0649043220185012,0.0796831579504289,0,,Uranus,1.9160188273998415,1.25,25.0,-30.0,59132.0,90.0,165.0
20260811_184731__rp1p25__vinf25__inc30__toff59132__Om270__om345,2.8596737857917622,0.15596784619532306,-0.0649043219971802,0.0796831579372814,0,,Uranus,1.9160188273998349,1.25,25.0,30.0,59132.0,270.0,345.0
20260811_184731__rp1p25__vinf25__inc30__toff59132__Om180__om195,2.856094027126049,0.15342811773683349,0.160778849761865,0.084668180605668,0,,Neptune,1.6830073442818414,1.25,25.0,30.0,59132.0,180.0,195.0
20260811_184731__rp1p25__vinf25__incm30__toff59132__Om0__om15,2.856094026744735,0.15342811766111092,0.160778849654091,0.0846681805368302,0,,Neptune,1.6830073442818345,1.25,25.0,-30.0,59132.0,0.0,15.0
20260811_184731__rp1p25__vinf25__inc30__toff59132__Om0__om210,2.8543688049618066,0.20284769051098103,-0.0950187325297755,0.1037987018299828,0,,Neptune,1.423801212133704,1.25,25.0,30.0,59132.0,0.0,210.0
20260811_184731__rp1p25__vinf25__incm30__toff59132__Om180__om30,2.854368803926561,0.20284769030380942,-0.0950187324005025,0.1037987017064816,0,,Neptune,1.4238012121301433,1.25,25.0,-30.0,59132.0,180.0,30.0
20260811_184731__rp0p25__vinf25__incm90__toff59132__Om90__om75,2.853912445688061,0.08535650238576926,0.0155545676053284,0.0715185067893379,1,Mercury,Mercury,3.1953751879355923,0.25,25.0,-90.0,59132.0,90.0,75.0
20260811_184731__rp0p25__vinf25__inc90__toff59132__Om270__om255,2.8539121750263594,0.0853564480967572,0.0155546181537645,0.0715184557227893,1,Mercury,Mercury,3.195375194916378,0.25,25.0,90.0,59132.0,270.0,255.0
20260811_184731__rp1p5__vinf25__inc0__toff59132__Om270__om270,2.8530627452905843,0.1314607942774367,-0.0399843553645536,0.0785441599948422,0,,Neptune,1.9835858830533195,1.5,25.0,0.0,59132.0,270.0,270.0
20260811_184731__rp1p5__vinf25__inc0__toff59132__Om90__om90,2.8530627435244993,0.1314607939243223,-0.0399843551890919,0.0785441597993582,0,,Neptune,1.9835858830543025,1.5,25.0,0.0,59132.0,90.0,90.0
20260811_184731__rp1p5__vinf25__inc0__toff59132__Om180__om0,2.8530627435244993,0.1314607939243223,-0.0399843551890919,0.0785441597993582,0,,Neptune,1.9835858830543025,1.5,25.0,0.0,59132.0,180.0,0.0
20260811_184731__rp1p5__vinf25__inc0__toff59132__Om0__om180,2.8530627435244993,0.1314607939243223,-0.0399843551890919,0.0785441597993582,0,,Neptune,1.9835858830543025,1.5,25.0,0.0,59132.0,0.0,180.0
20260811_184731__rp1p25__vinf25__incm30__toff59132__Om90__om60,2.8527271722161047,0.07570178733041684,0.0087444251006704,0.0628537978441209,1,Neptune,Neptune,2.4271797105413,1.25,25.0,-30.0,59132.0,90.0,60.0
20260811_184731__rp1p25__vinf25__inc30__toff59132__Om270__om240,2.8527271713819227,0.07570178716529646,0.0087444255136065,0.0628537976853851,1,Neptune,Neptune,2.4271797105409822,1.25,25.0,30.0,59132.0,270.0,240.0
20260811_184731__rp0p5__vinf25__inc90__toff59132__Om180__om315,2.85207346293196,0.1317352257320349,0.1046873388020178,0.1162042122688203,1,Uranus,Uranus,2.1683287798056634,0.5,25.0,90.0,59132.0,180.0,315.0
20260811_184731__rp0p5__vinf25__incm90__toff59132__Om0__om135,2.8520734484253403,0.13173522282774772,0.1046873406765375,0.1162042094719936,1,Uranus,Uranus,2.168328779804829,0.5,25.0,-90.0,59132.0,0.0,135.0
20260811_184731__rp0p75__vinf25__inc90__toff59132__Om180__om45,2.851104108599589,0.15405734121981243,-0.0038621204530547,0.1375338788061285,0,,Neptune,2.0405333158495313,0.75,25.0,90.0,59132.0,180.0,45.0
20260811_184731__rp0p75__vinf25__incm90__toff59132__Om0__om225,2.851104101954249,0.15405733989145992,-0.0038621195135226,0.1375338782232738,0,,Neptune,2.040533315849678,0.75,25.0,-90.0,59132.0,0.0,225.0
20260811_184731__rp1__vinf25__incm30__toff59132__Om90__om270,2.848192150934748,0.1700024096321626,0.1859025709772445,0.1053057307573245,0,,Saturn,1.5040003796938146,1.0,25.0,-30.0,59132.0,90.0,270.0
20260811_184731__rp1__vinf25__inc30__toff59132__Om270__om90,2.8481921504784986,0.17000240953987886,0.1859025708381626,0.1053057306972628,0,,Saturn,1.5040003796938128,1.0,25.0,30.0,59132.0,270.0,90.0
20260811_184731__rp1__vinf25__incm60__toff59132__Om0__om345,2.842887046619304,0.11814950660272205,0.116505403023264,0.0864113671365832,0,,Neptune,2.214531446147319,1.0,25.0,-60.0,59132.0,0.0,345.0
20260811_184731__rp1__vinf25__inc60__toff59132__Om180__om165,2.8428870455734705,0.11814950640088413,0.1165054028073878,0.0864113674816788,0,,Neptune,2.2145314461469505,1.0,25.0,60.0,59132.0,180.0,165.0
20260811_184731__rp0p5__vinf25__incm30__toff59132__Om180__om165,2.842318248213589,0.08879771203258514,0.0814312115503504,0.0471293308677872,0,,Neptune,2.7918393602596154,0.5,25.0,-30.0,59132.0,180.0,165.0
20260811_184731__rp0p5__vinf25__inc30__toff59132__Om0__om345,2.842318244571536,0.08879771128451532,0.0814312107359355,0.0471293302861158,0,,Neptune,2.791839360262923,0.5,25.0,30.0,59132.0,0.0,345.0
20260811_184731__rp1p25__vinf25__inc90__toff59132__Om270__om135,2.83769809546573,0.140302389575232,-0.0155744835320466,0.1117766947110591,0,,Neptune,1.9843478036792943,1.25,25.0,90.0,59132.0,270.0,135.0
20260811_184731__rp1p25__vinf25__incm90__toff59132__Om90__om315,2.8376980902482423,0.14030238853122315,-0.0155744828827191,0.1117766942196498,0,,Neptune,1.98434780367856,1.25,25.0,-90.0,59132.0,90.0,315.0
20260811_184731__rp0p75__vinf25__incm90__toff59132__Om180__om105,2.8358825951539632,0.15534149084768814,-0.0909918734807637,0.0507983774481399,0,,Jupiter,1.6457710042151938,0.75,25.0,-90.0,59132.0,180.0,105.0
20260811_184731__rp0p75__vinf25__inc90__toff59132__Om0__om285,2.83588259458301,0.1553414910238857,-0.0909918738195078,0.0507983772727422,0,,Jupiter,1.6457710042137732,0.75,25.0,90.0,59132.0,0.0,285.0
20260811_184731__rp0p5__vinf25__inc90__toff59132__Om270__om285,2.8333122999809075,0.17696426642507773,-0.0941737344391069,0.0726281668474236,1,Uranus,Uranus,2.1098432481486658,0.5,25.0,90.0,59132.0,270.0,285.0
20260811_184731__rp0p5__vinf25__incm90__toff59132__Om90__om105,2.8333122994867517,0.17696426632791884,-0.0941737341646036,0.072628167034413,1,Uranus,Uranus,2.1098432481470297,0.5,25.0,-90.0,59132.0,90.0,105.0
20260811_184731__rp1__vinf25__inc90__toff59132__Om90__om210,2.8330521472157515,0.1401197317173045,-0.0491137927694729,0.0785240123242144,0,,Uranus,1.8834007576228577,1.0,25.0,90.0,59132.0,90.0,210.0
20260811_184731__rp1__vinf25__incm90__toff59132__Om270__om30,2.8330521445135095,0.14011973117673135,-0.0491137925919248,0.0785240119218371,0,,Uranus,1.8834007576226868,1.0,25.0,-90.0,59132.0,270.0,30.0
20260811_184731__rp1p5__vinf25__inc0__toff59132__Om270__om30,2.8322730744910944,0.09927381883950755,-0.0357333007613273,0.0501859445730275,1,Mars,Mars,2.5044812027993837,1.5,25.0,0.0,59132.0,270.0,30.0
20260811_184731__rp1p5__vinf25__inc0__toff59132__Om90__om210,2.83227307385891,0.09927381871311451,-0.0357333007634943,0.0501859444474373,1,Mars,Mars,2.5044812028006085,1.5,25.0,0.0,59132.0,90.0,210.0
20260811_184731__rp1p5__vinf25__inc0__toff59132__Om0__om300,2.83227307385891,0.09927381871311451,-0.0357333007634943,0.0501859444474373,1,Mars,Mars,2.5044812028006085,1.5,25.0,0.0,59132.0,0.0,300.0
20260811_184731__rp1p5__vinf25__inc0__toff59132__Om180__om120,2.8322730718587534,0.09927381831328544,-0.0357333007666591,0.0501859440538891,1,Mars,Mars,2.504481202800059,1.5,25.0,0.0,59132.0,180.0,120.0
20260811_184731__rp1p25__vinf25__incm30__toff59132__Om0__om210,2.8310762764835875,0.16266470917060147,-0.0651968522183328,0.0869980289962676,0,,Saturn,1.6257474494709048,1.25,25.0,-30.0,59132.0,0.0,210.0
20260811_184731__rp1p25__vinf25__inc30__toff59132__Om180__om30,2.8310762764694086,0.1626647091676236,-0.0651968521229571,0.0869980290925445,0,,Saturn,1.6257474494708364,1.25,25.0,30.0,59132.0,180.0,30.0
20260811_184731__rp0p75__vinf25__incm90__toff59132__Om270__om60,2.8290455445396123,0.15780330114981841,-0.0530795292598971,0.0939852857473062,0,,Uranus,1.886344720625557,0.75,25.0,-90.0,59132.0,270.0,60.0
20260811_184731__rp0p75__vinf25__inc90__toff59132__Om90__om240,2.829045532102077,0.15780329866198434,-0.053079527958105,0.0939852842717617,0,,Uranus,1.8863447206254527,0.75,25.0,90.0,59132.0,90.0,240.0
20260811_184731__rp1__vinf25__inc90__toff59132__Om270__om345,2.8258961513066576,0.13798217310416686,-0.0459435370476756,0.079452757586928,0,,Uranus,1.8741291855951019,1.0,25.0,90.0,59132.0,270.0,345.0
20260811_184731__rp1__vinf25__incm90__toff59132__Om90__om165,2.8258961488503247,0.13798217261251322,-0.0459435370436744,0.07945275706352,0,,Uranus,1.8741291855947226,1.0,25.0,-90.0,59132.0,90.0,165.0
20260811_184731__rp1p25__vinf25__inc30__toff59132__Om180__om0,2.8257157143181537,0.12699022322747072,-0.0353796271807724,0.0784800261907282,0,,Neptune,1.9317966227006955,1.25,25.0,30.0,59132.0,180.0,0.0
20260811_184731__rp1p25__vinf25__incm30__toff59132__Om0__om180,2.825715713451456,0.12699022305403795,-0.0353796269831354,0.0784800262076945,0,,Neptune,1.9317966227011105,1.25,25.0,-30.0,59132.0,0.0,180.0
20260811_184731__rp1p25__vinf25__inc30__toff59132__Om0__om240,2.8222853421702685,0.18023136020927885,-0.0795608001387359,0.0924542355968811,0,,Mars,0.9892627000479591,1.25,25.0,30.0,59132.0,0.0,240.0
20260811_184731__rp1p25__vinf25__incm30__toff59132__Om180__om60,2.8222853398092336,0.18023135905491935,-0.079560798111811,0.0924542363741133,0,,Mars,0.9892627107898881,1.25,25.0,-30.0,59132.0,180.0,60.0
20260811_184731__rp1p25__vinf25__incm30__toff59132__Om0__om30,2.822204459360249,0.16065151519822174,0.1707628479783484,0.0868872030630558,0,,Saturn,1.5704022345257844,1.25,25.0,-30.0,59132.0,0.0,30.0
20260811_184731__rp1p25__vinf25__inc30__toff59132__Om180__om210,2.822204459147251,0.16065151508008385,0.1707628478327411,0.086887203214534,0,,Saturn,1.5704022345251218,1.25,25.0,30.0,59132.0,180.0,210.0
20260811_184731__rp0p75__vinf25__inc60__toff59132__Om270__om240,2.818938327004285,0.13800994967491165,0.117876816445093,0.1228126513335071,1,Neptune,Neptune,2.186445026083537,0.75,25.0,60.0,59132.0,270.0,240.0
20260811_184731__rp0p75__vinf25__incm60__toff59132__Om90__om60,2.8189383258356315,0.1380099494356275,0.1178768163873774,0.1228126510946276,1,Neptune,Neptune,2.1864450260842494,0.75,25.0,-60.0,59132.0,90.0,60.0
20260811_184731__rp1p25__vinf25__incm90__toff59132__Om180__om105,2.818693713955242,0.155688831677028,-0.0404187910811886,0.1043659455892703,0,,Jupiter,2.079812065125643,1.25,25.0,-90.0,59132.0,180.0,105.0
20260811_184731__rp1p25__vinf25__inc90__toff59132__Om0__om285,2.8166142100654987,0.15568453904052906,-0.0404165335844228,0.1043634058077838,0,,Jupiter,2.0798017252466754,1.25,25.0,90.0,59132.0,0.0,285.0
20260811_184731__rp1__vinf25__incm60__toff59132__Om270__om330,2.8165887578203135,0.19247215565689255,-0.1074676887047441,0.0768131007344612,0,,Uranus,1.5755871494462108,1.0,25.0,-60.0,59132.0,270.0,330.0
20260811_184731__rp1__vinf25__inc60__toff59132__Om90__om150,2.8165887568343924,0.19247215546072183,-0.1074676881287148,0.0768131011399866,0,,Uranus,1.5755871494460487,1.0,25.0,60.0,59132.0,90.0,150.0
20260811_184731__rp1__vinf25__inc30__toff59132__Om0__om345,2.8142996555949047,0.06380708054833431,0.0542754961853698,0.052388151380418,1,Mars,Mars,4.843037910161042,1.0,25.0,30.0,59132.0,0.0,345.0
20260811_184731__rp1__vinf25__incm30__toff59132__Om180__om165,2.814299655574697,0.06380708054581873,0.0542754962933246,0.0523881513806867,1,Mars,Mars,4.843037910184369,1.0,25.0,-30.0,59132.0,180.0,165.0
20260811_184731__rp1p5__vinf25__inc60__toff59132__Om0__om150,2.8109220445612983,0.13416933002304504,0.0974817435006941,0.1184162651799731,1,Neptune,Neptune,2.2573924467073083,1.5,25.0,60.0,59132.0,0.0,150.0
20260811_184731__rp1p5__vinf25__incm60__toff59132__Om180__om330,2.8109220404848587,0.13416932920624244,0.0974817442223024,0.1184162643874438,1,Neptune,Neptune,2.257392446708307,1.5,25.0,-60.0,59132.0,180.0,330.0
20260811_184731__rp1p5__vinf25__inc30__toff59132__Om0__om15,2.8094044824668645,0.1309462426164362,0.1319656973086914,0.0856015104580719,1,Saturn,Saturn,2.991378898728387,1.5,25.0,30.0,59132.0,0.0,15.0
20260811_184731__rp1p5__vinf25__incm30__toff59132__Om180__om195,2.809404470365053,0.1309462401968103,0.1319656942670112,0.0856015098858951,1,Saturn,Saturn,2.991378898729451,1.5,25.0,-30.0,59132.0,180.0,195.0
20260811_184731__rp1__vinf25__inc60__toff59132__Om270__om105,2.8077709608591195,0.18300269303318695,0.208148233642485,0.1294595157659828,0,,Uranus,1.5807399871210315,1.0,25.0,60.0,59132.0,270.0,105.0
20260811_184731__rp1__vinf25__incm60__toff59132__Om90__om285,2.8077709605702883,0.18300269297200655,0.2081482336758929,0.1294595166945451,0,,Uranus,1.580739987121028,1.0,25.0,-60.0,59132.0,90.0,285.0
20260811_184731__rp0p75__vinf25__incm90__toff59132__Om180__om225,2.8067614172869586,0.18022649808905558,0.2005883432637053,0.1037957874916986,0,,Saturn,1.5630010994297667,0.75,25.0,-90.0,59132.0,180.0,225.0
20260811_184731__rp0p75__vinf25__inc90__toff59132__Om0__om45,2.8067614121396196,0.18022649706194394,0.2005883415937331,0.1037957863169767,0,,Saturn,1.563001099429326,0.75,25.0,90.0,59132.0,0.0,45.0
20260811_184731__rp0p75__vinf25__incm90__toff59132__Om90__om195,2.8058793233736044,0.1516939719710264,-0.0492127773150691,0.0910905771171438,0,,Uranus,1.8297080064909619,0.75,25.0,-90.0,59132.0,90.0,195.0
20260811_184731__rp0p75__vinf25__inc90__toff59132__Om270__om15,2.805879315633387,0.1516939704227146,-0.0492127765190443,0.0910905762081186,0,,Uranus,1.8297080064909292,0.75,25.0,90.0,59132.0,270.0,15.0
20260811_184731__rp1__vinf25__inc90__toff59132__Om180__om210,2.8034301997197058,0.10470129911578396,0.1000292766205693,0.0718505532972948,0,,Neptune,2.174705321451014,1.0,25.0,90.0,59132.0,180.0,210.0
20260811_184731__rp1__vinf25__incm90__toff59132__Om0__om30,2.8034301993389823,0.10470129903982196,0.1000292765239555,0.0718505531061042,0,,Neptune,2.174705321450296,1.0,25.0,-90.0,59132.0,0.0,30.0
20260811_184731__rp1__vinf25__incm60__toff59132__Om0__om210,2.803120916030622,0.15536124560655803,-0.047638366567089,0.0967677952475922,0,,Neptune,1.6759487755802702,1.0,25.0,-60.0,59132.0,0.0,210.0
20260811_184731__rp1__vinf25__inc60__toff59132__Om180__om30,2.8031209139679656,0.15536124519439873,-0.0476383660434144,0.0967677953157481,0,,Neptune,1.6759487755803544,1.0,25.0,60.0,59132.0,180.0,30.0
20260811_184731__rp1__vinf25__inc90__toff59132__Om90__om195,2.8010168841098073,0.1426042170659579,-0.0546690531821016,0.0755125249821975,0,,Uranus,1.8783016405438644,1.0,25.0,90.0,59132.0,90.0,195.0
20260811_184731__rp1__vinf25__incm90__toff59132__Om270__om15,2.8010167946294313,0.1426041990715137,-0.0546690268888266,0.0755125325353334,0,,Uranus,1.878301640544145,1.0,25.0,-90.0,59132.0,270.0,15.0
20260811_184731__rp1p5__vinf25__inc0__toff59132__Om270__om255,2.7996018093288435,0.0971298601398954,0.0013239453925938,0.0829856072983534,1,Neptune,Neptune,2.2964307448569197,1.5,25.0,0.0,59132.0,270.0,255.0
20260811_184731__rp1p5__vinf25__inc0__toff59132__Om180__om345,2.7996018093288435,0.0971298601398954,0.0013239453925938,0.0829856072983534,1,Neptune,Neptune,2.2964307448569197,1.5,25.0,0.0,59132.0,180.0,345.0
20260811_184731__rp1p5__vinf25__inc0__toff59132__Om90__om75,2.7996018093288435,0.0971298601398954,0.0013239453925938,0.0829856072983534,1,Neptune,Neptune,2.2964307448569197,1.5,25.0,0.0,59132.0,90.0,75.0
20260811_184731__rp1p5__vinf25__inc0__toff59132__Om0__om165,2.7996018093197637,0.09712986013781644,0.0013239453967394,0.0829856072962046,1,Neptune,Neptune,2.2964307448575,1.5,25.0,0.0,59132.0,0.0,165.0
20260811_184731__rp1p25__vinf25__inc90__toff59132__Om0__om15,2.79896244946413,0.14363780894491143,0.1472542949555583,0.0770765069739679,0,,Neptune,1.787568851413332,1.25,25.0,90.0,59132.0,0.0,15.0
20260811_184731__rp1p25__vinf25__incm90__toff59132__Om180__om195,2.7989624488471883,0.14363780882110433,0.1472542948117886,0.077076507144873,0,,Neptune,1.7875688514131514,1.25,25.0,-90.0,59132.0,180.0,195.0
20260811_184731__rp0p75__vinf25__inc30__toff59132__Om180__om135,2.7985941213969507,0.08929233983048464,-0.0355960782491636,0.0406922645327024,0,,Neptune,2.2428327532406787,0.75,25.0,30.0,59132.0,180.0,135.0
20260811_184731__rp0p75__vinf25__incm30__toff59132__Om0__om315,2.7985941209150553,0.08929233973373979,-0.0355960781540805,0.0406922645372421,0,,Neptune,2.242832753240518,0.75,25.0,-30.0,59132.0,0.0,315.0
20260811_184731__rp0p5__vinf25__incm90__toff59132__Om270__om330,2.798235517780503,0.1708162060413914,-0.0909232579282768,0.0688799179697151,1,Uranus,Uranus,2.0532766014717705,0.5,25.0,-90.0,59132.0,270.0,330.0
20260811_184731__rp0p5__vinf25__inc90__toff59132__Om90__om150,2.798235517558452,0.17081620599517855,-0.0909232576786193,0.0688799181902768,1,Uranus,Uranus,2.053276601471149,0.5,25.0,90.0,59132.0,90.0,150.0
20260811_184731__rp0p5__vinf25__inc90__toff59132__Om90__om255,2.797726021814507,0.17870943711323567,-0.0594948272104037,0.1116112172399513,0,,Uranus,1.877849993854366,0.5,25.0,90.0,59132.0,90.0,255.0
20260811_184731__rp0p5__vinf25__incm90__toff59132__Om270__om75,2.7977260199280467,0.178709436739555,-0.0594948269238273,0.1116112170895754,0,,Uranus,1.877849993854321,0.5,25.0,-90.0,59132.0,270.0,75.0
20260811_184731__rp0p75__vinf25__incm90__toff59132__Om0__om315,2.797257197861436,0.12872862648581473,0.1078443438843864,0.1133622544574529,0,,Neptune,1.3208260690431515,0.75,25.0,-90.0,59132.0,0.0,315.0
20260811_184731__rp0p75__vinf25__inc90__toff59132__Om180__om135,2.797257195615663,0.12872862603965093,0.1078443447790423,0.1133622540522868,0,,Neptune,1.3208260690428344,0.75,25.0,90.0,59132.0,180.0,135.0
20260811_184731__rp1p25__vinf25__incm30__toff59132__Om90__om15,2.79518385515655,0.17560045744314937,0.1459153688327529,0.1623887348998802,0,,Neptune,1.1721065083428723,1.25,25.0,-30.0,59132.0,90.0,15.0
20260811_184731__rp1p25__vinf25__inc30__toff59132__Om270__om195,2.795183492261235,0.17560038484904164,0.1459154315253322,0.1623886596734829,0,,Neptune,1.172106508346843,1.25,25.0,30.0,59132.0,270.0,195.0
20260811_184731__rp1p5__vinf25__incm30__toff59132__Om180__om210,2.7946703049821155,0.15225214568152903,0.1612563162060251,0.1053066845478959,0,,Uranus,1.935888338163576,1.5,25.0,-30.0,59132.0,180.0,210.0
20260811_184731__rp1p5__vinf25__inc30__toff59132__Om0__om30,2.794670304807209,0.1522521456496199,0.1612563161627959,0.1053066845455865,0,,Uranus,1.9358883381636303,1.5,25.0,30.0,59132.0,0.0,30.0
20260811_184731__rp1p25__vinf25__incm60__toff59132__Om270__om0,2.7920271432184034,0.13570612473146437,-0.0574003630826164,0.0652189839102669,0,,Uranus,1.6599066452449067,1.25,25.0,-60.0,59132.0,270.0,0.0
20260811_184731__rp1p25__vinf25__inc60__toff59132__Om90__om180,2.7920270820933157,0.13570610665052524,-0.0574003502587291,0.0652189778714241,0,,Uranus,1.6599066452118034,1.25,25.0,60.0,59132.0,90.0,180.0
20260811_184731__rp1__vinf25__inc30__toff59132__Om90__om300,2.7915827866449368,0.20062115935381525,0.2327357950363567,0.1098209750314765,0,,Saturn,2.021142486133747,1.0,25.0,30.0,59132.0,90.0,300.0
20260811_184731__rp1__vinf25__incm30__toff59132__Om270__om120,2.791582783606108,0.20062115875121503,0.2327357941583329,0.1098209755630875,0,,Saturn,2.0211424861332947,1.0,25.0,-30.0,59132.0,270.0,120.0
20260811_184731__rp1__vinf25__incm90__toff59132__Om270__om45,2.7905572071769105,0.13291927682948979,-0.0425793317618249,0.0774667751156502,0,,Uranus,1.7918921898281135,1.0,25.0,-90.0,59132.0,270.0,45.0
20260811_184731__rp1__vinf25__inc90__toff59132__Om90__om225,2.7905572070770055,0.1329192768095191,-0.0425793317453117,0.0774667751112073,0,,Uranus,1.7918921898281135,1.0,25.0,90.0,59132.0,90.0,225.0
20260811_184731__rp1__vinf25__incm90__toff59132__Om90__om180,2.79021947469602,0.12973213314966872,-0.0402208928807079,0.0764880583297606,0,,Uranus,1.7642545333402224,1.0,25.0,-90.0,59132.0,90.0,180.0
20260811_184731__rp1__vinf25__inc90__toff59132__Om270__om0,2.79021946835131,0.1297321318804171,-0.040220891690788,0.0764880581967479,0,,Uranus,1.7642545333400328,1.0,25.0,90.0,59132.0,270.0,0.0
20260811_184731__rp1__vinf25__inc0__toff59132__Om270__om45,2.789770129897837,0.12114980225329629,-0.0464225227186958,0.061248423206724,0,,Neptune,2.4181358230586896,1.0,25.0,0.0,59132.0,270.0,45.0
20260811_184731__rp1__vinf25__inc0__toff59132__Om90__om225,2.789770129897837,0.12114980225329629,-0.0464225227186958,0.061248423206724,0,,Neptune,2.4181358230586896,1.0,25.0,0.0,59132.0,90.0,225.0
20260811_184731__rp1__vinf25__inc0__toff59132__Om0__om315,2.7897701297762425,0.12114980222922435,-0.046422522551704,0.0612484233531942,0,,Neptune,2.4181358230587806,1.0,25.0,0.0,59132.0,0.0,315.0
20260811_184731__rp1__vinf25__inc0__toff59132__Om180__om135,2.7897701297762425,0.12114980222922435,-0.046422522551704,0.0612484233531942,0,,Neptune,2.4181358230587806,1.0,25.0,0.0,59132.0,180.0,135.0
20260811_184731__rp1__vinf25__inc90__toff59132__Om270__om330,2.7897329045525927,0.14205349750726998,-0.0529878413452161,0.0766465533307767,0,,Uranus,1.8806437962516904,1.0,25.0,90.0,59132.0,270.0,330.0
20260811_184731__rp1__vinf25__incm90__toff59132__Om90__om150,2.789732898586742,0.14205349631432937,-0.0529878407383761,0.0766465526587583,0,,Uranus,1.88064379625159,1.0,25.0,-90.0,59132.0,90.0,150.0
20260811_184731__rp1__vinf25__incm90__toff59132__Om270__om165,2.786287020195389,0.13788108888487413,0.0832480810872767,0.1218761123617153,0,,Neptune,1.9274744389446965,1.0,25.0,-90.0,59132.0,270.0,165.0
20260811_184731__rp1__vinf25__inc90__toff59132__Om90__om345,2.786287017720678,0.13788108838939328,0.0832480818464872,0.1218761118717917,0,,Neptune,1.9274744389448668,1.0,25.0,90.0,59132.0,90.0,345.0
20260811_184731__rp0p5__vinf25__inc90__toff59132__Om0__om45,2.785311295080522,0.14601674210522303,0.1299149843528274,0.1312309816719831,0,,Saturn,1.7659474356779794,0.5,25.0,90.0,59132.0,0.0,45.0
20260811_184731__rp0p5__vinf25__incm90__toff59132__Om180__om225,2.7853112944920615,0.1460167419868447,0.1299149843963706,0.1312309815549688,0,,Saturn,1.7659474356785767,0.5,25.0,-90.0,59132.0,180.0,225.0
20260811_184731__rp1p25__vinf25__incm30__toff59132__Om270__om300,2.781105892341463,0.19183374055629734,-0.0910941401567003,0.0941986094070186,0,,Neptune,1.4717449601563906,1.25,25.0,-30.0,59132.0,270.0,300.0
20260811_184731__rp1p25__vinf25__inc30__toff59132__Om90__om120,2.781105886227432,0.19183373933336748,-0.0910941394866825,0.0941986086168098,0,,Neptune,1.4717449601565855,1.25,25.0,30.0,59132.0,90.0,120.0
20260811_184731__rp0p75__vinf25__inc90__toff59132__Om180__om345,2.78082981679825,0.12047983644860423,0.0828062318145069,0.1047067069659025,0,,Neptune,1.874333711518825,0.75,25.0,90.0,59132.0,180.0,345.0
20260811_184731__rp0p75__vinf25__incm90__toff59132__Om0__om165,2.7808298158921145,0.12047983626626754,0.0828062302804027,0.1047067067601673,0,,Neptune,1.8743337115190126,0.75,25.0,-90.0,59132.0,0.0,165.0
20260811_184731__rp1p25__vinf25__inc30__toff59132__Om180__om330,2.7803528763905536,0.12391895426945297,0.0725799191253148,0.1079033323091088,1,Neptune,Neptune,2.166578064338927,1.25,25.0,30.0,59132.0,180.0,330.0
20260811_184731__rp1p25__vinf25__incm30__toff59132__Om0__om150,2.7803528744589823,0.12391895388285776,0.0725799188656893,0.1079033319279358,1,Neptune,Neptune,2.1665780643390753,1.25,25.0,-30.0,59132.0,0.0,150.0
20260811_184731__rp1__vinf25__incm90__toff59132__Om90__om300,2.778824154536264,0.1392034764603076,0.079680452075819,0.1231752736038628,0,,Neptune,1.9638115425875329,1.0,25.0,-90.0,59132.0,90.0,300.0
20260811_184731__rp1__vinf25__inc90__toff59132__Om270__om120,2.77882415161707,0.13920347587555584,0.0796804527987612,0.1231752730185433,0,,Neptune,1.96381154258694,1.0,25.0,90.0,59132.0,270.0,120.0
20260811_184731__rp1__vinf25__inc60__toff59132__Om90__om345,2.7780928433155787,0.11902770816778606,0.0550478909653419,0.103044223642929,0,,Uranus,1.898901007828607,1.0,25.0,60.0,59132.0,90.0,345.0
20260811_184731__rp1__vinf25__incm60__toff59132__Om270__om165,2.7780928423866165,0.11902770797169941,0.0550478907314516,0.1030442234517898,0,,Uranus,1.898901007828802,1.0,25.0,-60.0,59132.0,270.0,165.0
20260811_184731__rp0p75__vinf25__inc90__toff59132__Om0__om330,2.773198994674984,0.06356082458900708,0.0551169488981372,0.0521956929369993,0,,Neptune,2.388236433659824,0.75,25.0,90.0,59132.0,0.0,330.0
20260811_184731__rp0p75__vinf25__incm90__toff59132__Om180__om150,2.773198986756056,0.06356082300683642,0.0551169472973273,0.0521956915399105,0,,Neptune,2.3882364336593165,0.75,25.0,-90.0,59132.0,180.0,150.0
20260811_184731__rp1p5__vinf25__incm60__toff59132__Om180__om75,2.7731413729269656,0.12513091740077906,-0.0463259606036339,0.0654759550561419,1,Uranus,Uranus,3.223372933085142,1.5,25.0,-60.0,59132.0,180.0,75.0
20260811_184731__rp1p5__vinf25__inc60__toff59132__Om0__om255,2.7731413722500884,0.1251309172655243,-0.0463259599808081,0.0654759555527572,1,Uranus,Uranus,3.223372933085436,1.5,25.0,60.0,59132.0,0.0,255.0
20260811_184731__rp1p25__vinf25__incm30__toff59132__Om0__om285,2.772702442486829,0.1331766169577495,-0.1022900882950227,0.0132222913992605,0,,Jupiter,2.4173854524918372,1.25,25.0,-30.0,59132.0,0.0,285.0
20260811_184731__rp0p5__vinf25__incm90__toff59132__Om90__om210,2.7712504618219826,0.17205091840831727,-0.0559732005883318,0.107371695446852,0,,Uranus,1.8524957699919908,0.5,25.0,-90.0,59132.0,90.0,210.0
20260811_184731__rp0p5__vinf25__inc90__toff59132__Om270__om30,2.7712504617067513,0.17205091838554468,-0.0559732006224091,0.1073716953855807,0,,Uranus,1.8524957699920253,0.5,25.0,90.0,59132.0,270.0,30.0
20260811_184731__rp1p25__vinf25__inc30__toff59132__Om270__om0,2.7703769478698366,0.14440199661543468,-0.059111121835201,0.072869562859531,0,,Uranus,1.8822271402374031,1.25,25.0,30.0,59132.0,270.0,0.0
20260811_184731__rp1p25__vinf25__incm30__toff59132__Om90__om180,2.77037694760837,0.14440199656310135,-0.0591111217384644,0.0728695629029402,0,,Uranus,1.8822271402373874,1.25,25.0,-30.0,59132.0,90.0,180.0
20260811_184731__rp0p25__vinf25__incm90__toff59132__Om270__om285,2.7703294736783657,0.14242130252778276,-0.0606079206121594,0.069139656840653,0,,Neptune,1.6651433768343766,0.25,25.0,-90.0,59132.0,270.0,285.0
20260811_184731__rp0p25__vinf25__inc90__toff59132__Om90__om105,2.770329473427803,0.14242130247611115,-0.0606079200792323,0.0691396573418438,0,,Neptune,1.6651433768421195,0.25,25.0,90.0,59132.0,90.0,105.0
20260811_184731__rp1p25__vinf25__inc90__toff59132__Om0__om135,2.769569276515731,0.1600845042219986,0.137985245624988,0.14584265603922,0,,Neptune,1.8251761533671136,1.25,25.0,90.0,59132.0,0.0,135.0
20260811_184731__rp1p25__vinf25__incm90__toff59132__Om180__om315,2.7695692759283923,0.16008450410531946,0.1379852456411231,0.1458426559194291,0,,Neptune,1.8251761533667192,1.25,25.0,-90.0,59132.0,180.0,315.0
20260811_184731__rp1p5__vinf25__incm30__toff59132__Om270__om15,2.767672034785066,0.10930501515955142,-0.0394626601931704,0.0563159607859952,0,,Mars,1.857088168290023,1.5,25.0,-30.0,59132.0,270.0,15.0
20260811_184731__rp1p5__vinf25__inc30__toff59132__Om90__om195,2.7676720333894327,0.10930501488104943,-0.039462659579846,0.0563159611308644,0,,Mars,1.8570881682675882,1.5,25.0,30.0,59132.0,90.0,195.0
20260811_184731__rp1p25__vinf25__incm30__toff59132__Om90__om150,2.7589046544115803,0.16410129877864432,-0.068841828882226,0.0848260471439137,0,,Uranus,1.7975560668177997,1.25,25.0,-30.0,59132.0,90.0,150.0
20260811_184731__rp1p25__vinf25__inc30__toff59132__Om270__om330,2.7589046534577895,0.16410129858831854,-0.068841828642895,0.0848260471764912,0,,Uranus,1.7975560668178852,1.25,25.0,30.0,59132.0,270.0,330.0
20260811_184731__rp1__vinf25__incm60__toff59132__Om90__om195,2.7564856768134227,0.14146888450417588,-0.0559322202035293,0.0729704796911454,0,,Uranus,1.633528493899657,1.0,25.0,-60.0,59132.0,90.0,195.0
20260811_184731__rp1__vinf25__inc60__toff59132__Om270__om15,2.7564856725925133,0.14146888366105909,-0.0559322191510427,0.072970479865192,0,,Uranus,1.6335284938997907,1.0,25.0,60.0,59132.0,270.0,15.0
20260811_184731__rp0p75__vinf25__inc90__toff59132__Om180__om330,2.7550738180621064,0.12019774887961773,0.1174343852759866,0.1055178495797627,0,,Uranus,1.7790057316943704,0.75,25.0,90.0,59132.0,180.0,330.0
20260811_184731__rp0p75__vinf25__incm90__toff59132__Om0__om150,2.7550738151823784,0.12019774830587059,0.11743437538814,0.1055178486124494,0,,Uranus,1.7790057316935435,0.75,25.0,-90.0,59132.0,0.0,150.0
20260811_184731__rp1__vinf25__incm60__toff59132__Om0__om225,2.754871369502795,0.1633123235882446,-0.0589318016773057,0.0942421764729261,0,,Neptune,1.4258218868301629,1.0,25.0,-60.0,59132.0,0.0,225.0
20260811_184731__rp1__vinf25__inc60__toff59132__Om180__om45,2.7548713658216495,0.16331232285221214,-0.058931800949151,0.0942421763805702,0,,Neptune,1.425821886830271,1.0,25.0,60.0,59132.0,180.0,45.0
20260811_184731__rp1__vinf25__inc60__toff59132__Om0__om315,2.752622006088093,0.10688079558215985,-0.039565007311502,0.0537919211288414,0,,Neptune,2.357193091846604,1.0,25.0,60.0,59132.0,0.0,315.0
20260811_184731__rp1__vinf25__incm60__toff59132__Om180__om135,2.7526220000029875,0.10688079436856639,-0.0395650057818747,0.0537919214783513,0,,Neptune,2.35719309184657,1.0,25.0,-60.0,59132.0,180.0,135.0
20260811_184731__rp1__vinf25__incm30__toff59132__Om90__om60,2.749176245688722,0.027774314351464022,-0.0044511727188393,0.0175317834222955,1,Neptune,Neptune,2.651011985972411,1.0,25.0,-30.0,59132.0,90.0,60.0
20260811_184731__rp1__vinf25__inc30__toff59132__Om270__om240,2.7491762437190843,0.02777431395409453,-0.0044511722248218,0.0175317835832798,1,Neptune,Neptune,2.6510119859721843,1.0,25.0,30.0,59132.0,270.0,240.0
20260811_184731__rp1__vinf25__incm60__toff59132__Om90__om120,2.7485821750015953,0.20017895736461425,-0.1031966217782798,0.0913651888597553,0,,Uranus,1.8092630415261663,1.0,25.0,-60.0,59132.0,90.0,120.0
20260811_184731__rp1__vinf25__inc60__toff59132__Om270__om300,2.748582174158822,0.2001789571953364,-0.1031966201207339,0.0913651904924641,0,,Uranus,1.8092630415262196,1.0,25.0,60.0,59132.0,270.0,300.0
20260811_184731__rp0p75__vinf25__inc30__toff59132__Om0__om330,2.7430218850015313,0.08203080885429945,-0.0182002852965078,0.0512789534533882,0,,Neptune,2.7212910476322447,0.75,25.0,30.0,59132.0,0.0,330.0
20260811_184731__rp0p75__vinf25__incm30__toff59132__Om180__om150,2.743021883370062,0.08203080853206074,-0.0182002851229651,0.051278953324728,0,,Neptune,2.72129104763301,0.75,25.0,-30.0,59132.0,180.0,150.0
20260811_184731__rp1p25__vinf25__incm60__toff59132__Om90__om315,2.7423665728506545,0.11894197045501714,0.0729178846927228,0.1030616053251862,0,,Uranus,2.152658333304144,1.25,25.0,-60.0,59132.0,90.0,315.0
20260811_184731__rp1p25__vinf25__inc60__toff59132__Om270__om135,2.742366572624226,0.11894197040768047,0.0729178843192269,0.1030616052746641,0,,Uranus,2.1526583333039957,1.25,25.0,60.0,59132.0,270.0,135.0
20260811_184731__rp1__vinf25__incm60__toff59132__Om270__om285,2.740887100546103,0.1591041520221207,-0.0847393857540823,0.0620088993932319,0,,Neptune,1.8542211038492449,1.0,25.0,-60.0,59132.0,270.0,285.0
20260811_184731__rp1__vinf25__inc60__toff59132__Om90__om105,2.7408870987775065,0.15910415166381878,-0.0847393854780702,0.0620088992835455,0,,Neptune,1.8542211038507068,1.0,25.0,60.0,59132.0,90.0,105.0
20260811_184731__rp1__vinf25__inc30__toff59132__Om180__om225,2.7398891106576375,0.17293736401525206,0.1881963556514297,0.0892078331131654,0,,Saturn,1.5462964060848146,1.0,25.0,30.0,59132.0,180.0,225.0
20260811_184731__rp1__vinf25__incm30__toff59132__Om0__om45,2.739889108469704,0.17293736357691167,0.1881963550210116,0.0892078330753166,0,,Saturn,1.5462964060848345,1.0,25.0,-30.0,59132.0,0.0,45.0
20260811_184731__rp1__vinf25__inc60__toff59132__Om90__om120,2.738556169491865,0.19405483379708346,-0.1109233100764526,0.0748813350544048,0,,Neptune,1.3946567345059606,1.0,25.0,60.0,59132.0,90.0,120.0
20260811_184731__rp1__vinf25__incm60__toff59132__Om270__om300,2.738556165513878,0.1940548330015053,-0.1109233096649088,0.0748813345189245,0,,Neptune,1.3946567345058383,1.0,25.0,-60.0,59132.0,270.0,300.0
20260811_184731__rp0p25__vinf25__inc90__toff59132__Om90__om315,2.7365581328265076,0.17678694370976866,0.1660896245473976,0.164435607831879,0,,Neptune,1.700493627628607,0.25,25.0,90.0,59132.0,90.0,315.0
20260811_184731__rp0p25__vinf25__incm90__toff59132__Om270__om135,2.7365581171608193,0.1767869405456179,0.1660896206892576,0.1644356043126616,0,,Neptune,1.7004936276261957,0.25,25.0,-90.0,59132.0,270.0,135.0
20260811_184731__rp1p25__vinf25__inc30__toff59132__Om0__om225,2.736510950287859,0.19155728452694282,-0.087232256769018,0.0980455638457172,0,,Neptune,1.083921203808493,1.25,25.0,30.0,59132.0,0.0,225.0
20260811_184731__rp1p25__vinf25__incm30__toff59132__Om180__om45,2.736510946393574,0.19155728374718603,-0.0872322557040976,0.0980455640293047,0,,Neptune,1.0839212038085098,1.25,25.0,-30.0,59132.0,180.0,45.0
20260811_184731__rp0p5__vinf25__inc0__toff59132__Om90__om240,2.735452288381264,0.06723912678739591,-0.0164103170185356,0.0395276466304247,0,,Neptune,2.728149528037667,0.5,25.0,0.0,59132.0,90.0,240.0
20260811_184731__rp0p5__vinf25__inc0__toff59132__Om0__om330,2.7354522881173997,0.06723912673017735,-0.0164103164474425,0.0395276471436057,0,,Neptune,2.7281495280382373,0.5,25.0,0.0,59132.0,0.0,330.0
20260811_184731__rp0p5__vinf25__inc0__toff59132__Om180__om150,2.735452287978865,0.06723912672857663,-0.0164103164302299,0.0395276471591841,0,,Neptune,2.7281495280387937,0.5,25.0,0.0,59132.0,180.0,150.0
20260811_184731__rp0p5__vinf25__inc0__toff59132__Om270__om60,2.7354522877544154,0.06723912668386255,-0.016410316037996,0.0395276475067798,0,,Neptune,2.7281495280387884,0.5,25.0,0.0,59132.0,270.0,60.0
20260811_184731__rp1__vinf25__inc90__toff59132__Om180__om150,2.734484855117384,0.11485823753591451,0.1056974150504613,0.0999893134708373,0,,Neptune,1.7609761666479047,1.0,25.0,90.0,59132.0,180.0,150.0
20260811_184731__rp1__vinf25__incm90__toff59132__Om0__om330,2.7344848546593057,0.11485823744240148,0.1056974151766348,0.0999893133873048,0,,Neptune,1.7609761666479258,1.0,25.0,-90.0,59132.0,0.0,330.0
20260811_184731__rp1__vinf25__incm30__toff59132__Om270__om150,2.7339275943441046,0.11333692445550872,0.1089722289774778,0.0574371079212616,0,,Uranus,1.9494777814554023,1.0,25.0,-30.0,59132.0,270.0,150.0
20260811_184731__rp1__vinf25__inc30__toff59132__Om90__om330,2.733927593369119,0.11333692425733254,0.1089722287586471,0.0574371080572991,0,,Uranus,1.949477781455768,1.0,25.0,30.0,59132.0,90.0,330.0
20260811_184731__rp1__vinf25__inc90__toff59132__Om0__om345,2.733397084281356,0.10962244049106343,0.1057296352502853,0.0737173361924009,0,,Neptune,2.249754666348997,1.0,25.0,90.0,59132.0,0.0,345.0
20260811_184731__rp1__vinf25__incm90__toff59132__Om180__om165,2.7333970824893425,0.10962244013429233,0.1057296348643183,0.07371733656057,0,,Neptune,2.2497546663480277,1.0,25.0,-90.0,59132.0,180.0,165.0
20260811_184731__rp1p5__vinf25__incm30__toff59132__Om270__om0,2.732933030193232,0.11616423540728787,-0.0425494049723792,0.0600982647112448,0,,Uranus,1.6873813982245647,1.5,25.0,-30.0,59132.0,270.0,0.0
20260811_184731__rp1p5__vinf25__inc30__toff59132__Om90__om180,2.7329330301869605,0.11616423540615872,-0.0425494049687903,0.0600982647137556,0,,Uranus,1.687381398224571,1.5,25.0,30.0,59132.0,90.0,180.0
20260811_184731__rp1p5__vinf25__inc0__toff59132__Om180__om15,2.731819927387556,0.14639965095738555,-0.0549857356254614,0.079338147385572,0,,Neptune,1.6449011353736454,1.5,25.0,0.0,59132.0,180.0,15.0
20260811_184731__rp1p5__vinf25__inc0__toff59132__Om0__om195,2.731819927152214,0.14639965091033053,-0.0549857352221869,0.0793381477497439,0,,Neptune,1.6449011353792091,1.5,25.0,0.0,59132.0,0.0,195.0
20260811_184731__rp1p5__vinf25__inc0__toff59132__Om90__om105,2.731819927152214,0.14639965091033053,-0.0549857352221869,0.0793381477497439,0,,Neptune,1.6449011353792091,1.5,25.0,0.0,59132.0,90.0,105.0
20260811_184731__rp1p5__vinf25__inc0__toff59132__Om270__om285,2.7318199267860357,0.14639965083720435,-0.0549857345702459,0.0793381483417062,0,,Neptune,1.6449011353765064,1.5,25.0,0.0,59132.0,270.0,285.0
20260811_184731__rp1__vinf25__incm90__toff59132__Om180__om285,2.7303464072113206,0.23760786215425525,0.1868051709912542,0.2338984383482072,0,,Neptune,1.5473923982844429,1.0,25.0,-90.0,59132.0,180.0,285.0
20260811_184731__rp1__vinf25__inc90__toff59132__Om0__om105,2.7303464069309693,0.2376078620966847,0.1868051708546848,0.2338984382755781,0,,Neptune,1.5473923982841995,1.0,25.0,90.0,59132.0,0.0,105.0
20260811_184731__rp1p5__vinf25__inc0__toff59132__Om90__om225,2.729657724568486,0.0797140425554679,-0.0237272120873498,0.0436465353502652,1,Mars,Mars,2.781790699681334,1.5,25.0,0.0,59132.0,90.0,225.0
20260811_184731__rp1p5__vinf25__inc0__toff59132__Om270__om45,2.729657724568486,0.0797140425554679,-0.0237272120873498,0.0436465353502652,1,Mars,Mars,2.781790699681334,1.5,25.0,0.0,59132.0,270.0,45.0
20260811_184731__rp1p5__vinf25__inc0__toff59132__Om180__om135,2.729657717685857,0.07971404117897546,-0.0237272105296252,0.0436465356278594,1,Mars,Mars,2.781790699679041,1.5,25.0,0.0,59132.0,180.0,135.0
20260811_184731__rp1p5__vinf25__inc0__toff59132__Om0__om315,2.729657717685857,0.07971404117897546,-0.0237272105296252,0.0436465356278594,1,Mars,Mars,2.781790699679041,1.5,25.0,0.0,59132.0,0.0,315.0
20260811_184731__rp1__vinf25__incm30__toff59132__Om0__om300,2.7234813528750146,0.11498174038331599,-0.0590963761626156,0.0417022512602426,0,,Jupiter,1.9018322655141122,1.0,25.0,-30.0,59132.0,0.0,300.0
20260811_184731__rp1__vinf25__inc30__toff59132__Om180__om120,2.723479474727712,0.11498174074873664,-0.059096374963484,0.0417022529030415,0,,Jupiter,1.9018322636723834,1.0,25.0,30.0,59132.0,180.0,120.0
20260811_184731__rp1p25__vinf25__inc30__toff59132__Om180__om15,2.7232771485046032,0.15164392870885973,-0.0559907121387553,0.0841016722677074,0,,Neptune,1.6979828774001553,1.25,25.0,30.0,59132.0,180.0,15.0
20260811_184731__rp1p25__vinf25__incm30__toff59132__Om0__om195,2.7232771477839774,0.15164392856455505,-0.0559907122619495,0.0841016719801581,0,,Neptune,1.6979828774001275,1.25,25.0,-30.0,59132.0,0.0,195.0
20260811_184731__rp0p25__vinf25__incm90__toff59132__Om270__om90,2.7222519131859233,0.19882535302335444,-0.0606331745522742,0.1348903543952796,0,,Uranus,1.8907310857600645,0.25,25.0,-90.0,59132.0,270.0,90.0
20260811_184731__rp0p25__vinf25__inc90__toff59132__Om90__om270,2.7222519107193457,0.1988253525293581,-0.0606331743015789,0.1348903540347939,0,,Uranus,1.8907310857609076,0.25,25.0,90.0,59132.0,90.0,270.0
20260811_184731__rp1__vinf25__inc90__toff59132__Om0__om240,2.7207121534807603,0.18921821066441596,-0.0875298031382966,0.0948311087577236,0,,Uranus,1.9263777845828098,1.0,25.0,90.0,59132.0,0.0,240.0
20260811_184731__rp1__vinf25__incm90__toff59132__Om180__om60,2.7207121516691655,0.18921821030315858,-0.0875298027784806,0.0948311087016465,0,,Uranus,1.9263777845827565,1.0,25.0,-90.0,59132.0,180.0,60.0
20260811_184731__rp1__vinf25__inc90__toff59132__Om0__om300,2.717250427094652,0.08744610597339599,-0.044820555583931,0.029439311216585,0,,Jupiter,1.6659338717268408,1.0,25.0,90.0,59132.0,0.0,300.0
20260811_184731__rp1__vinf25__incm90__toff59132__Om180__om120,2.717250386783527,0.08744610480978056,-0.0448205545420666,0.0294393111889841,0,,Jupiter,1.6659338717377188,1.0,25.0,-90.0,59132.0,180.0,120.0
20260811_184731__rp1p25__vinf25__inc0__toff59132__Om90__om225,2.716343857298858,0.10021916508591609,-0.0335056102291052,0.0533619784325963,0,,Neptune,2.39729615812578,1.25,25.0,0.0,59132.0,90.0,225.0
20260811_184731__rp1p25__vinf25__inc0__toff59132__Om270__om45,2.716343857298858,0.10021916508591609,-0.0335056102291052,0.0533619784325963,0,,Neptune,2.39729615812578,1.25,25.0,0.0,59132.0,270.0,45.0
20260811_184731__rp1p25__vinf25__inc0__toff59132__Om0__om315,2.7163438387092675,0.10021916136764857,-0.0335056081125079,0.0533619769335533,0,,Neptune,2.3972961581256564,1.25,25.0,0.0,59132.0,0.0,315.0
20260811_184731__rp1p25__vinf25__inc0__toff59132__Om180__om135,2.7163438387092675,0.10021916136764857,-0.0335056081125079,0.0533619769335533,0,,Neptune,2.3972961581256564,1.25,25.0,0.0,59132.0,180.0,135.0
20260811_184731__rp1__vinf25__incm30__toff59132__Om0__om90,2.716200097872026,0.2669029515583873,0.192264024019236,0.2704866933134625,0,,Neptune,1.510389610230588,1.0,25.0,-30.0,59132.0,0.0,90.0
20260811_184731__rp1__vinf25__inc30__toff59132__Om180__om270,2.7162000907750183,0.2669029501361757,0.192264020905018,0.2704866914533441,0,,Neptune,1.510389610230546,1.0,25.0,30.0,59132.0,180.0,270.0
20260811_184731__rp1p25__vinf25__inc30__toff59132__Om180__om105,2.7159136706877782,0.11126935673573163,-0.041231923433029,0.0564860242800329,0,,Jupiter,2.4161300964424473,1.25,25.0,30.0,59132.0,180.0,105.0
20260811_184731__rp1__vinf25__incm60__toff59132__Om270__om315,2.7153967549694498,0.19848462217043275,-0.1140261554521636,0.0769629315077763,0,,Uranus,1.3151067727932468,1.0,25.0,-60.0,59132.0,270.0,315.0
20260811_184731__rp1__vinf25__inc60__toff59132__Om90__om135,2.715396751971526,0.19848462157020325,-0.1140261550488609,0.0769629312027199,0,,Uranus,1.3151067727931967,1.0,25.0,60.0,59132.0,90.0,135.0
20260811_184731__rp1p25__vinf25__incm60__toff59132__Om90__om300,2.713981180884958,0.1383140965119461,0.1431541903873042,0.1081261389052279,0,,Uranus,1.9800979845043132,1.25,25.0,-60.0,59132.0,90.0,300.0
20260811_184731__rp1p25__vinf25__inc60__toff59132__Om270__om120,2.7139811799347973,0.13831409632453592,0.1431541901421028,0.1081261388629578,0,,Uranus,1.9800979845043307,1.25,25.0,60.0,59132.0,270.0,120.0
20260811_184731__rp1__vinf25__inc30__toff59132__Om180__om75,2.713807431330803,0.1913576840748664,-0.0936439735856216,0.0908194000950112,1,Uranus,Uranus,2.6172476866205505,1.0,25.0,30.0,59132.0,180.0,75.0
20260811_184731__rp1__vinf25__incm30__toff59132__Om0__om255,2.7138074294880665,0.19135768370730286,-0.0936439731255311,0.0908194001424336,1,Uranus,Uranus,2.6172476866204044,1.0,25.0,-30.0,59132.0,0.0,255.0
20260811_184731__rp0p5__vinf25__inc60__toff59132__Om180__om240,2.7115780519506627,0.21860908471916077,0.1149695350662901,0.2105046194422301,0,,Saturn,1.4273551441813015,0.5,25.0,60.0,59132.0,180.0,240.0
20260811_184731__rp0p5__vinf25__incm60__toff59132__Om0__om60,2.7115780473820656,0.21860908379719493,0.1149695334291275,0.2105046183559571,0,,Saturn,1.42735514418078,0.5,25.0,-60.0,59132.0,0.0,60.0
20260811_184731__rp1p25__vinf25__incm60__toff59132__Om90__om165,2.7100552328865586,0.13445942868871977,-0.0500968799696517,0.0714426340994065,0,,Uranus,1.7691168320473265,1.25,25.0,-60.0,59132.0,90.0,165.0
20260811_184731__rp1p25__vinf25__inc60__toff59132__Om270__om345,2.7100552321466203,0.1344594285405357,-0.0500968790911625,0.0714426348435192,0,,Uranus,1.7691168320473185,1.25,25.0,60.0,59132.0,270.0,345.0
20260811_184731__rp1__vinf25__inc60__toff59132__Om180__om330,2.7095911506637327,0.12094353082834054,0.0763775447773958,0.1050483065447895,0,,Neptune,1.8539430420964564,1.0,25.0,60.0,59132.0,180.0,330.0
20260811_184731__rp1__vinf25__incm60__toff59132__Om0__om150,2.7095911490639373,0.12094353050929368,0.0763775461028465,0.1050483062539557,0,,Neptune,1.8539430420967573,1.0,25.0,-60.0,59132.0,0.0,150.0
20260811_184731__rp1p5__vinf25__inc30__toff59132__Om0__om195,2.708851732222863,0.1537157866423404,-0.0590159730613081,0.0832883900697532,0,,Neptune,1.6558206749540187,1.5,25.0,30.0,59132.0,0.0,195.0
20260811_184731__rp1p5__vinf25__incm30__toff59132__Om180__om15,2.7088517275897144,0.15371578571570071,-0.0590159725738568,0.0832883895371022,0,,Neptune,1.655820674954232,1.5,25.0,-30.0,59132.0,180.0,15.0
20260811_184731__rp1p25__vinf25__inc0__toff59132__Om180__om60,2.7087576303576366,0.1779320512110725,-0.0781548542291706,0.0911972057441711,0,,Uranus,1.076125524468775,1.25,25.0,0.0,59132.0,180.0,60.0
20260811_184731__rp1p25__vinf25__inc0__toff59132__Om0__om240,2.708757623846304,0.17793204990923642,-0.0781548535411625,0.0911972049211515,0,,Uranus,1.0761255244686547,1.25,25.0,0.0,59132.0,0.0,240.0
20260811_184731__rp1p25__vinf25__inc0__toff59132__Om90__om150,2.7087576162198794,0.17793204838374024,-0.078154852735115,0.0911972039565608,0,,Uranus,1.0761255244684798,1.25,25.0,0.0,59132.0,90.0,150.0
20260811_184731__rp1p25__vinf25__inc0__toff59132__Om270__om330,2.708757614664213,0.17793204807241436,-0.0781548525702634,0.0911972037600808,0,,Uranus,1.0761255244685732,1.25,25.0,0.0,59132.0,270.0,330.0
20260811_184731__rp0p75__vinf25__inc90__toff59132__Om180__om60,2.708294609976007,0.14992873434054632,-0.0110709965560895,0.1263535260256983,0,,Neptune,1.8123846925756018,0.75,25.0,90.0,59132.0,180.0,60.0
20260811_184731__rp0p75__vinf25__incm90__toff59132__Om0__om240,2.7082946098284664,0.14992873431177597,-0.0110709963423561,0.1263535261947405,0,,Neptune,1.812384692575858,0.75,25.0,-90.0,59132.0,0.0,240.0
20260811_184731__rp1__vinf25__inc90__toff59132__Om270__om15,2.707600170242516,0.11343742646794248,-0.0320943480517292,0.0678904282975047,0,,Mars,1.7712878582870788,1.0,25.0,90.0,59132.0,270.0,15.0
20260811_184731__rp1__vinf25__incm90__toff59132__Om90__om195,2.70760016781114,0.11343742598151557,-0.0320943480501021,0.0678904278094128,0,,Mars,1.7712878582889027,1.0,25.0,-90.0,59132.0,90.0,195.0
20260811_184731__rp1p25__vinf25__incm60__toff59132__Om0__om15,2.706409538537432,0.12288828727011718,0.1209182060951771,0.0689211488298553,0,,Neptune,1.940581086572736,1.25,25.0,-60.0,59132.0,0.0,15.0
20260811_184731__rp1p25__vinf25__inc60__toff59132__Om180__om195,2.706409537477814,0.1228882870577881,0.1209182058428427,0.0689211488427743,0,,Neptune,1.9405810865727369,1.25,25.0,60.0,59132.0,180.0,195.0
20260811_184731__rp1p25__vinf25__incm60__toff59132__Om180__om120,2.7054439677432893,0.11483939983408409,-0.0464145517503389,0.0547893688549344,0,,Neptune,2.043546382521148,1.25,25.0,-60.0,59132.0,180.0,120.0
20260811_184731__rp1p25__vinf25__inc60__toff59132__Om0__om300,2.7054439663714893,0.1148393995600661,-0.046414552070734,0.0547893682463864,0,,Neptune,2.043546382521168,1.25,25.0,60.0,59132.0,0.0,300.0
20260811_184731__rp0p25__vinf25__incm90__toff59132__Om90__om225,2.70406542918448,0.18730976026707385,-0.052461888483918,0.1290157970548659,0,,Uranus,1.8530219222735924,0.25,25.0,-90.0,59132.0,90.0,225.0
20260811_184731__rp0p25__vinf25__inc90__toff59132__Om270__om45,2.704065424643539,0.18730975935943486,-0.0524618879786445,0.1290157964663065,0,,Uranus,1.8530219222738709,0.25,25.0,90.0,59132.0,270.0,45.0
20260811_184731__rp1p5__vinf25__inc0__toff59132__Om180__om210,2.703780680565796,0.14472791511651334,0.15040914184308,0.0963079013770121,0,,Saturn,1.777988142208968,1.5,25.0,0.0,59132.0,180.0,210.0
20260811_184731__rp1p5__vinf25__inc0__toff59132__Om270__om120,2.7037806766535266,0.14472791433301263,0.15040914089808,0.0963079022235915,0,,Saturn,1.777988142209077,1.5,25.0,0.0,59132.0,270.0,120.0
20260811_184731__rp1p5__vinf25__inc0__toff59132__Om0__om30,2.7037806759721486,0.14472791419463418,0.1504091407328404,0.0963079023911263,0,,Saturn,1.777988142209599,1.5,25.0,0.0,59132.0,0.0,30.0
20260811_184731__rp1p5__vinf25__inc0__toff59132__Om90__om300,2.703780675206477,0.14472791404331736,0.1504091405479796,0.0963079025291167,0,,Saturn,1.777988142208831,1.5,25.0,0.0,59132.0,90.0,300.0
20260811_184731__rp1p5__vinf25__incm30__toff59132__Om90__om90,2.7029047524504595,0.1331329205004185,-0.0492148612720476,0.0709356734242406,0,,Neptune,1.5807686128291527,1.5,25.0,-30.0,59132.0,90.0,90.0
20260811_184731__rp1p5__vinf25__inc30__toff59132__Om270__om270,2.7029047445016086,0.13313291891043072,-0.0492148595073269,0.070935673544577,0,,Neptune,1.5807686128290432,1.5,25.0,30.0,59132.0,270.0,270.0
20260811_184731__rp1p5__vinf25__incm30__toff59132__Om270__om270,2.702702019090091,0.11242081631439318,-0.0267973133215242,0.0721326216367337,1,Neptune,Neptune,2.1018416563825055,1.5,25.0,-30.0,59132.0,270.0,270.0
20260811_184731__rp1p5__vinf25__inc30__toff59132__Om90__om90,2.702702018243029,0.11242081614576752,-0.0267973121089762,0.0721326226661862,1,Neptune,Neptune,2.101841656382735,1.5,25.0,30.0,59132.0,90.0,90.0
20260811_184731__rp1p5__vinf25__inc0__toff59132__Om180__om270,2.702603716310296,0.1579683694628072,0.0107174959106749,0.1446287281738991,0,,Neptune,1.5877618798728714,1.5,25.0,0.0,59132.0,180.0,270.0
20260811_184731__rp1p5__vinf25__inc0__toff59132__Om270__om180,2.702603716310296,0.1579683694628072,0.0107174959106749,0.1446287281738991,0,,Neptune,1.5877618798728714,1.5,25.0,0.0,59132.0,270.0,180.0
20260811_184731__rp1p5__vinf25__inc0__toff59132__Om90__om0,2.7026037080506096,0.15796836781488827,0.0107174958028349,0.144628726381483,0,,Neptune,1.5877618798736126,1.5,25.0,0.0,59132.0,90.0,0.0
20260811_184731__rp1p5__vinf25__inc0__toff59132__Om0__om90,2.7026037080506096,0.15796836781488827,0.0107174958028349,0.144628726381483,0,,Neptune,1.5877618798736126,1.5,25.0,0.0,59132.0,0.0,90.0
20260811_184731__rp1__vinf25__incm60__toff59132__Om0__om180,2.70181740170858,0.10457991179920993,-0.0032400005794923,0.0871580437899507,0,,Neptune,1.9571657013147643,1.0,25.0,-60.0,59132.0,0.0,180.0
20260811_184731__rp1__vinf25__inc60__toff59132__Om180__om0,2.7018174008319344,0.1045799116246803,-0.0032400003869678,0.0871580438021765,0,,Neptune,1.9571657013141084,1.0,25.0,60.0,59132.0,180.0,0.0
20260811_184731__rp0p75__vinf25__inc60__toff59132__Om270__om30,2.6983351987838846,0.13980868615135625,-0.0570410867653268,0.0700177812245964,0,,Uranus,1.529752202565767,0.75,25.0,60.0,59132.0,270.0,30.0
20260811_184731__rp0p75__vinf25__incm60__toff59132__Om90__om210,2.698335191293977,0.1398086846530675,-0.0570410857899638,0.0700177806151699,0,,Uranus,1.52975220256584,0.75,25.0,-60.0,59132.0,90.0,210.0
20260811_184731__rp1p25__vinf25__inc0__toff59132__Om270__om150,2.6954353513627147,0.09251140795099132,-0.0083672821020144,0.0706869951684417,0,,Uranus,2.0781156240141136,1.25,25.0,0.0,59132.0,270.0,150.0
20260811_184731__rp1p25__vinf25__inc0__toff59132__Om0__om60,2.6954353513627147,0.09251140795099132,-0.0083672821020144,0.0706869951684417,0,,Uranus,2.0781156240141136,1.25,25.0,0.0,59132.0,0.0,60.0
20260811_184731__rp1p25__vinf25__inc0__toff59132__Om90__om330,2.6954353485127696,0.09251140751481711,-0.0083672816474018,0.0706869951916958,0,,Uranus,2.0781156240136567,1.25,25.0,0.0,59132.0,90.0,330.0
20260811_184731__rp1p25__vinf25__inc0__toff59132__Om180__om240,2.6954353482950113,0.09251140750870245,-0.0083672816050516,0.0706869952265841,0,,Uranus,2.0781156240133867,1.25,25.0,0.0,59132.0,180.0,240.0
20260811_184731__rp1p5__vinf25__incm30__toff59132__Om0__om135,2.69446097634899,0.1653927019592986,0.1509464799199734,0.1518427635178286,0,,Neptune,1.9098428969670085,1.5,25.0,-30.0,59132.0,0.0,135.0
20260811_184731__rp1p5__vinf25__inc30__toff59132__Om180__om315,2.6944609657192333,0.1653926998325996,0.150946482043964,0.1518427613981894,0,,Neptune,1.9098428969673777,1.5,25.0,30.0,59132.0,180.0,315.0
20260811_184731__rp1p25__vinf25__inc90__toff59132__Om0__om210,2.693342673084072,0.1402963064171623,-0.0488118065610052,0.0790231194317657,0,,Saturn,1.6471753111924303,1.25,25.0,90.0,59132.0,0.0,210.0
20260811_184731__rp1p25__vinf25__incm90__toff59132__Om180__om30,2.6933426713329327,0.14029630606690832,-0.0488118062678483,0.0790231193527023,0,,Saturn,1.6471753111924454,1.25,25.0,-90.0,59132.0,180.0,30.0
20260811_184731__rp1p5__vinf25__incm30__toff59132__Om270__om255,2.6922004237363764,0.09596761062998378,0.0416961080276615,0.081062946891607,1,Neptune,Neptune,2.4170903788328113,1.5,25.0,-30.0,59132.0,270.0,255.0
20260811_184731__rp1p5__vinf25__inc30__toff59132__Om90__om75,2.692200423702448,0.0959676106228273,0.0416961080395917,0.0810629468849136,1,Neptune,Neptune,2.417090378834204,1.5,25.0,30.0,59132.0,90.0,75.0
20260811_184731__rp1p25__vinf25__incm30__toff59132__Om270__om75,2.69160515185457,0.04576743978993529,0.0165356272521918,0.0366509967689769,1,Mars,Mars,3.1180521738995757,1.25,25.0,-30.0,59132.0,270.0,75.0
20260811_184731__rp1p25__vinf25__inc30__toff59132__Om90__om255,2.6916051515579014,0.04576743972948468,0.016535627310963,0.0366509967180114,1,Mars,Mars,3.118052173916832,1.25,25.0,30.0,59132.0,90.0,255.0
20260811_184731__rp0p5__vinf25__incm90__toff59132__Om0__om120,2.691588703711722,0.1677270418207555,0.1885898497510557,0.1549125147080305,1,Uranus,Uranus,2.069142241067959,0.5,25.0,-90.0,59132.0,0.0,120.0
20260811_184731__rp0p5__vinf25__inc90__toff59132__Om180__om300,2.691588655945907,0.16772703226989819,0.1885898359654138,0.1549125169307634,1,Uranus,Uranus,2.069142241067613,0.5,25.0,90.0,59132.0,180.0,300.0
20260811_184731__rp1__vinf25__inc90__toff59132__Om90__om240,2.691303580212349,0.1193373022006468,-0.0359028395987581,0.0700625563191928,0,,Uranus,1.6319312953276524,1.0,25.0,90.0,59132.0,90.0,240.0
20260811_184731__rp1__vinf25__incm90__toff59132__Om270__om60,2.6913035801825043,0.11933730219488331,-0.0359028393470214,0.0700625565660382,0,,Uranus,1.6319312953276501,1.0,25.0,-90.0,59132.0,270.0,60.0
20260811_184731__rp1p5__vinf25__incm30__toff59132__Om180__om225,2.6896544741602613,0.11616378800360201,0.1151724377668846,0.1013331870526983,0,,Uranus,2.2528329994375884,1.5,25.0,-30.0,59132.0,180.0,225.0
20260811_184731__rp1p5__vinf25__inc30__toff59132__Om0__om45,2.6896544633709976,0.11616378607976861,0.1151724355816589,0.1013331886071457,0,,Uranus,2.252832999436568,1.5,25.0,30.0,59132.0,0.0,45.0
20260811_184731__rp1p25__vinf25__inc60__toff59132__Om0__om0,2.6879465580010424,0.11843701413743457,0.1159027897392844,0.0726745201910579,0,,Neptune,1.9022535479744236,1.25,25.0,60.0,59132.0,0.0,0.0
20260811_184731__rp1p25__vinf25__incm60__toff59132__Om180__om180,2.6879465532884947,0.11843701319524927,0.115902788691958,0.072674521113126,0,,Neptune,1.9022535479729021,1.25,25.0,-60.0,59132.0,180.0,180.0
20260811_184731__rp1__vinf25__incm90__toff59132__Om90__om135,2.6878553862303423,0.14270125556564808,-0.0604269999361998,0.0696347218173077,0,,Uranus,1.8297765945879119,1.0,25.0,-90.0,59132.0,90.0,135.0
20260811_184731__rp1__vinf25__inc90__toff59132__Om270__om315,2.6878553825550178,0.1427012548110009,-0.0604269995263678,0.0696347214213091,0,,Uranus,1.8297765945905453,1.0,25.0,90.0,59132.0,270.0,315.0
20260811_184731__rp1__vinf25__inc60__toff59132__Om180__om345,2.6868561718230004,0.10400794753998104,0.032132964450387,0.0887207053502691,0,,Neptune,1.9645074564851497,1.0,25.0,60.0,59132.0,180.0,345.0
20260811_184731__rp1__vinf25__incm60__toff59132__Om0__om165,2.686856171499895,0.10400794747819898,0.0321329643751951,0.088720705292381,0,,Neptune,1.9645074564853893,1.0,25.0,-60.0,59132.0,0.0,165.0
20260811_184731__rp0p75__vinf25__inc90__toff59132__Om270__om300,2.684126429128858,0.17774264962885739,-0.0914773584104731,0.0765402229015013,0,,Uranus,1.9627076755649744,0.75,25.0,90.0,59132.0,270.0,300.0
20260811_184731__rp0p75__vinf25__incm90__toff59132__Om90__om120,2.684126424638112,0.17774264873091383,-0.0914773579663801,0.0765402223089805,0,,Uranus,1.9627076755652406,0.75,25.0,-90.0,59132.0,90.0,120.0
20260811_184731__rp1p25__vinf25__inc30__toff59132__Om270__om315,2.6839433523701706,0.17310591236709827,-0.0750572800435156,0.0887592513692769,0,,Uranus,1.6628769052016084,1.25,25.0,30.0,59132.0,270.0,315.0
20260811_184731__rp1p25__vinf25__incm30__toff59132__Om90__om135,2.6839433510067523,0.17310591209491347,-0.0750572798400969,0.0887592512639531,0,,Uranus,1.6628769052016306,1.25,25.0,-30.0,59132.0,90.0,135.0
20260811_184731__rp1p25__vinf25__incm30__toff59132__Om0__om165,2.682934663750411,0.09461285787706938,0.0042805454028674,0.0804818566938338,1,Neptune,Neptune,2.1013125240573,1.25,25.0,-30.0,59132.0,0.0,165.0
20260811_184731__rp1p25__vinf25__inc30__toff59132__Om180__om345,2.6829346584512335,0.09461285681794587,0.0042805443386616,0.0804818557296096,1,Neptune,Neptune,2.1013125240580557,1.25,25.0,30.0,59132.0,180.0,345.0
20260811_184731__rp0p25__vinf25__inc90__toff59132__Om270__om240,2.6809049864037124,0.13505999787663853,-0.060009020999724,0.0617970196747517,0,,Neptune,1.56251324934169,0.25,25.0,90.0,59132.0,270.0,240.0
20260811_184731__rp0p25__vinf25__incm90__toff59132__Om90__om60,2.6809049812681773,0.13505999685783351,-0.0600090204824396,0.0617970191238444,0,,Neptune,1.5625132493447156,0.25,25.0,-90.0,59132.0,90.0,60.0
20260811_184731__rp0p75__vinf25__inc90__toff59132__Om90__om165,2.680412437902895,0.17896215613659497,-0.0932161109503274,0.0760955943780602,0,,Uranus,1.9221254274680264,0.75,25.0,90.0,59132.0,90.0,165.0
20260811_184731__rp0p75__vinf25__incm90__toff59132__Om270__om345,2.6804124375145166,0.17896215606000995,-0.093216110955726,0.0760955942795696,0,,Uranus,1.9221254274676067,0.75,25.0,-90.0,59132.0,270.0,345.0
20260811_184731__rp1__vinf25__inc60__toff59132__Om270__om255,2.679728807233515,0.16030050230642395,-0.0912037440182138,0.0562637271214474,0,,Neptune,1.5652751908933797,1.0,25.0,60.0,59132.0,270.0,255.0
20260811_184731__rp1__vinf25__incm60__toff59132__Om90__om75,2.679728805105897,0.1603005018818812,-0.0912037436380064,0.0562637270525579,0,,Neptune,1.565275190893396,1.0,25.0,-60.0,59132.0,90.0,75.0
20260811_184731__rp1__vinf25__incm90__toff59132__Om270__om0,2.677760524335169,0.14008949126828946,-0.0602052447471903,0.0670216467318938,0,,Uranus,1.7997097108719073,1.0,25.0,-90.0,59132.0,270.0,0.0
20260811_184731__rp1__vinf25__inc90__toff59132__Om90__om180,2.677760522857193,0.14008949096975773,-0.0602052445766236,0.0670216465862234,0,,Uranus,1.7997097108723004,1.0,25.0,90.0,59132.0,90.0,180.0
20260811_184731__rp1p25__vinf25__inc60__toff59132__Om0__om315,2.677543599486789,0.08857113498920109,-0.0291540735773453,0.0465234076598206,0,,Neptune,2.3227339674740204,1.25,25.0,60.0,59132.0,0.0,315.0
20260811_184731__rp1p25__vinf25__incm60__toff59132__Om180__om135,2.6775435993601318,0.08857113495489305,-0.0291540735927842,0.0465234076117345,0,,Neptune,2.3227339674739094,1.25,25.0,-60.0,59132.0,180.0,135.0
20260811_184731__rp1p25__vinf25__inc30__toff59132__Om90__om150,2.6766934284652706,0.1745346267736221,-0.0813086014900924,0.0837670915945399,0,,Uranus,1.253032490634227,1.25,25.0,30.0,59132.0,90.0,150.0
20260811_184731__rp1p25__vinf25__incm30__toff59132__Om270__om330,2.6766934262664126,0.1745346263331006,-0.0813086012984725,0.0837670912772228,0,,Uranus,1.253032490634251,1.25,25.0,-30.0,59132.0,270.0,330.0
20260811_184731__rp0p75__vinf25__incm90__toff59132__Om90__om285,2.675036360789848,0.15049212249259672,0.1346649341397904,0.135920892219417,0,,Neptune,1.856279808729929,0.75,25.0,-90.0,59132.0,90.0,285.0
20260811_184731__rp0p75__vinf25__inc90__toff59132__Om270__om105,2.67503633482041,0.15049211729252887,0.1346649350335106,0.1359208869984223,0,,Neptune,1.856279808729488,0.75,25.0,90.0,59132.0,270.0,105.0
20260811_184731__rp1__vinf25__inc60__toff59132__Om180__om315,2.6747943705219677,0.14893462818960965,0.1214068431440221,0.1338728616850968,0,,Neptune,1.6589006349179967,1.0,25.0,60.0,59132.0,180.0,315.0
20260811_184731__rp1__vinf25__incm60__toff59132__Om0__om135,2.674794367484414,0.1489346275803376,0.1214068437719116,0.1338728610876413,0,,Neptune,1.6589006349181412,1.0,25.0,-60.0,59132.0,0.0,135.0
20260811_184731__rp1p25__vinf25__incm60__toff59132__Om180__om225,2.6717669679889324,0.14780267716840045,0.1540433269081539,0.0920709920811217,0,,Uranus,1.701054872926243,1.25,25.0,-60.0,59132.0,180.0,225.0
20260811_184731__rp1p25__vinf25__inc60__toff59132__Om0__om45,2.6717669674384004,0.14780267705782496,0.1540433268081168,0.0920709925616655,0,,Uranus,1.7010548729265014,1.25,25.0,60.0,59132.0,0.0,45.0
20260811_184731__rp1p5__vinf25__incm30__toff59132__Om270__om285,2.6712769491139783,0.14105912349007324,-0.0525290115147463,0.0760392741674076,0,,Neptune,1.7359213462193583,1.5,25.0,-30.0,59132.0,270.0,285.0
20260811_184731__rp1p5__vinf25__inc30__toff59132__Om90__om105,2.671276938919796,0.1410591214521233,-0.0525290103886758,0.0760392731164116,0,,Neptune,1.735921346219285,1.5,25.0,30.0,59132.0,90.0,105.0
20260811_184731__rp1p25__vinf25__incm60__toff59132__Om90__om150,2.6692160703018475,0.14064803502849874,-0.0557035139659822,0.0723160364335119,0,,Uranus,1.7983612111069693,1.25,25.0,-60.0,59132.0,90.0,150.0
20260811_184731__rp1p25__vinf25__inc60__toff59132__Om270__om330,2.669215946501952,0.14064801026747295,-0.0557034929778862,0.0723160313169549,0,,Uranus,1.7983612111068137,1.25,25.0,60.0,59132.0,270.0,330.0
20260811_184731__rp0p75__vinf25__inc30__toff59132__Om0__om345,2.667727551375524,0.07628364074083606,0.0687224880110785,0.0525548973974692,0,,Neptune,2.29343237400506,0.75,25.0,30.0,59132.0,0.0,345.0
20260811_184731__rp0p75__vinf25__incm30__toff59132__Om180__om165,2.66772755053804,0.07628364056785006,0.0687224878334328,0.0525548973425407,0,,Neptune,2.293432374005185,0.75,25.0,-30.0,59132.0,180.0,165.0
20260811_184731__rp0p75__vinf25__incm90__toff59132__Om180__om90,2.663923391400703,0.19709327690567227,-0.1089666534883229,0.080952664537692,0,,Uranus,1.86266514473306,0.75,25.0,-90.0,59132.0,180.0,90.0
20260811_184731__rp0p75__vinf25__inc90__toff59132__Om0__om270,2.663923390175213,0.1970932766595386,-0.1089666534023215,0.0809526643224423,0,,Uranus,1.8626651447329674,0.75,25.0,90.0,59132.0,0.0,270.0
20260811_184731__rp0p25__vinf25__inc30__toff59132__Om270__om60,2.663699361626648,0.031533061316943854,0.0123827256266745,-0.0127661315108741,0,,Neptune,2.006742593254325,0.25,25.0,30.0,59132.0,270.0,60.0
20260811_184731__rp0p25__vinf25__incm30__toff59132__Om90__om240,2.663699358474889,0.03153306076092309,0.0123827251316245,-0.0127661315387782,0,,Neptune,2.0067425932534784,0.25,25.0,-30.0,59132.0,90.0,240.0
20260811_184731__rp1p25__vinf25__inc60__toff59132__Om180__om180,2.6636228151385413,0.11409887351163593,0.110835396687449,0.0727976990871813,0,,Neptune,2.080679821321009,1.25,25.0,60.0,59132.0,180.0,180.0
20260811_184731__rp1p25__vinf25__incm60__toff59132__Om0__om0,2.6636228151255557,0.11409887350715422,0.1108353966985561,0.0727976993385276,0,,Neptune,2.0806798213210036,1.25,25.0,-60.0,59132.0,0.0,0.0
20260811_184731__rp0p5__vinf25__incm90__toff59132__Om0__om255,2.6614381048623077,0.17343857240034735,-0.0161115895614749,0.147846646784425,0,,Neptune,1.722432005067172,0.5,25.0,-90.0,59132.0,0.0,255.0
20260811_184731__rp0p5__vinf25__inc90__toff59132__Om180__om75,2.6614380887764977,0.17343856918385708,-0.016111587786469,0.1478466447533302,0,,Neptune,1.722432005067075,0.5,25.0,90.0,59132.0,180.0,75.0
20260811_184731__rp1p25__vinf25__incm30__toff59132__Om90__om120,2.6588720063282,0.17990014530597379,-0.0816891421792995,0.089775419077768,0,,Uranus,1.500957506823531,1.25,25.0,-30.0,59132.0,90.0,120.0
20260811_184731__rp1p25__vinf25__inc30__toff59132__Om270__om300,2.6588720045305383,0.1799001449460406,-0.0816891420747336,0.0897754187568674,0,,Uranus,1.5009575068234964,1.25,25.0,30.0,59132.0,270.0,300.0
20260811_184731__rp1p25__vinf25__inc0__toff59132__Om0__om0,2.658051668968419,0.1144736340968914,0.1112039938866212,0.0717685533235999,0,,Neptune,1.7271977738907747,1.25,25.0,0.0,59132.0,0.0,0.0
20260811_184731__rp1p25__vinf25__inc0__toff59132__Om180__om180,2.6580516652241197,0.11447363334784916,0.1112039930507301,0.0717685538580112,0,,Neptune,1.727197773890812,1.25,25.0,0.0,59132.0,180.0,180.0
20260811_184731__rp1p25__vinf25__inc0__toff59132__Om270__om90,2.6580516652241197,0.11447363334784916,0.1112039930507301,0.0717685538580112,0,,Neptune,1.727197773890812,1.25,25.0,0.0,59132.0,270.0,90.0
20260811_184731__rp1p25__vinf25__inc0__toff59132__Om90__om270,2.6580516652241197,0.11447363334784916,0.1112039930507301,0.0717685538580112,0,,Neptune,1.727197773890812,1.25,25.0,0.0,59132.0,90.0,270.0
20260811_184731__rp1p25__vinf25__incm90__toff59132__Om180__om210,2.655764093666543,0.13954179143770917,0.1413395850703208,0.068965292742226,0,,Saturn,1.440984817754627,1.25,25.0,-90.0,59132.0,180.0,210.0
20260811_184731__rp1p25__vinf25__inc90__toff59132__Om0__om30,2.6557640926804784,0.13954179124113822,0.1413395848390887,0.0689652929365331,0,,Saturn,1.4409848177545723,1.25,25.0,90.0,59132.0,0.0,30.0
20260811_184731__rp1p25__vinf25__inc0__toff59132__Om180__om150,2.65524983279656,0.06205607943850509,-0.0040051642778149,0.047038011605046,0,,Neptune,2.4764159876454244,1.25,25.0,0.0,59132.0,180.0,150.0
20260811_184731__rp1p25__vinf25__inc0__toff59132__Om270__om60,2.6552498303146175,0.06205607894203096,-0.0040051636588122,0.0470380117652197,0,,Neptune,2.4764159876454146,1.25,25.0,0.0,59132.0,270.0,60.0
20260811_184731__rp1p25__vinf25__inc0__toff59132__Om90__om240,2.6552498274351928,0.06205607836648722,-0.0040051629406939,0.0470380119514166,0,,Neptune,2.476415987645539,1.25,25.0,0.0,59132.0,90.0,240.0
20260811_184731__rp1p25__vinf25__inc0__toff59132__Om0__om330,2.655249825676873,0.06205607801493511,-0.0040051625018923,0.047038012065306,0,,Neptune,2.4764159876453613,1.25,25.0,0.0,59132.0,0.0,330.0
20260811_184731__rp0p75__vinf25__inc0__toff59132__Om0__om345,2.6551911647757143,0.08430340933071283,0.0770812372580193,0.0552012036862326,0,,Neptune,2.447467900396558,0.75,25.0,0.0,59132.0,0.0,345.0
20260811_184731__rp0p75__vinf25__inc0__toff59132__Om90__om255,2.6551911647757143,0.08430340933071283,0.0770812372580193,0.0552012036862326,0,,Neptune,2.447467900396558,0.75,25.0,0.0,59132.0,90.0,255.0
20260811_184731__rp0p75__vinf25__inc0__toff59132__Om270__om75,2.6551911594321904,0.08430340825980623,0.0770812361358795,0.0552012035658554,0,,Neptune,2.4474679003953828,0.75,25.0,0.0,59132.0,270.0,75.0
20260811_184731__rp0p75__vinf25__inc0__toff59132__Om180__om165,2.655191154858825,0.08430340735632616,0.077081235189154,0.0552012034637924,0,,Neptune,2.447467900396138,0.75,25.0,0.0,59132.0,180.0,165.0
20260811_184731__rp1p5__vinf25__inc60__toff59132__Om0__om180,2.6546778787225347,0.11228493235269549,-0.0281206632429688,0.0706867341051379,0,,Neptune,1.87550533419465,1.5,25.0,60.0,59132.0,0.0,180.0
20260811_184731__rp1p5__vinf25__incm60__toff59132__Om180__om0,2.654677878073056,0.11228493222198989,-0.0281206634803231,0.0706867337389106,0,,Neptune,1.875505334195212,1.5,25.0,-60.0,59132.0,180.0,0.0
20260811_184731__rp1p25__vinf25__incm60__toff59132__Om180__om270,2.65093832370137,0.1800472968566057,0.0059987560761852,0.1697161564881704,0,,Neptune,1.672379037806176,1.25,25.0,-60.0,59132.0,180.0,270.0
20260811_184731__rp1p25__vinf25__inc60__toff59132__Om0__om90,2.6509383169340595,0.1800472954995215,0.0059987570125558,0.1697161548519071,0,,Neptune,1.6723790377874215,1.25,25.0,60.0,59132.0,0.0,90.0
20260811_184731__rp1__vinf25__incm60__toff59132__Om270__om75,2.6486722368776845,0.057173784140867996,-0.0084782894191191,0.0384060973046824,1,Mars,Mars,3.4533317475407297,1.0,25.0,-60.0,59132.0,270.0,75.0
20260811_184731__rp1__vinf25__inc60__toff59132__Om90__om255,2.6486722297198853,0.05717378271917589,-0.008478288577262,0.0384060968847469,1,Mars,Mars,3.453331747032147,1.0,25.0,60.0,59132.0,90.0,255.0
20260811_184731__rp1p25__vinf25__incm90__toff59132__Om180__om300,2.64679202823223,0.177377310851835,0.1496922143643474,0.1644133109268303,0,,Neptune,1.6366788607811118,1.25,25.0,-90.0,59132.0,180.0,300.0
20260811_184731__rp1p25__vinf25__inc90__toff59132__Om0__om120,2.6467920260424647,0.1773773104165235,0.1496922136821544,0.1644133104381842,0,,Neptune,1.6366788607806257,1.25,25.0,90.0,59132.0,0.0,120.0
20260811_184731__rp1p25__vinf25__inc0__toff59132__Om0__om225,2.644248390916811,0.18645718197348354,-0.084284449721935,0.0949422550669004,0,,Uranus,1.094030188849091,1.25,25.0,0.0,59132.0,0.0,225.0
20260811_184731__rp1p25__vinf25__inc0__toff59132__Om180__om45,2.644248390916811,0.18645718197348354,-0.084284449721935,0.0949422550669004,0,,Uranus,1.094030188849091,1.25,25.0,0.0,59132.0,180.0,45.0
20260811_184731__rp1p25__vinf25__inc0__toff59132__Om90__om135,2.644248388712003,0.18645718153328558,-0.0842844493399448,0.0949422549394238,0,,Uranus,1.0940301888490713,1.25,25.0,0.0,59132.0,90.0,135.0
20260811_184731__rp1p25__vinf25__inc0__toff59132__Om270__om315,2.644248387837454,0.18645718135864597,-0.0842844491882753,0.094942254888982,0,,Uranus,1.0940301888490735,1.25,25.0,0.0,59132.0,270.0,315.0
20260811_184731__rp0p75__vinf25__incm90__toff59132__Om90__om210,2.6415046315814674,0.12681985347806896,-0.0357888983000997,0.0778937927079892,0,,Uranus,1.543858880557117,0.75,25.0,-90.0,59132.0,90.0,210.0
20260811_184731__rp0p75__vinf25__inc90__toff59132__Om270__om30,2.641504631331842,0.126819853427716,-0.035788897725997,0.0778937932296026,0,,Uranus,1.5438588805572824,0.75,25.0,90.0,59132.0,270.0,30.0
20260811_184731__rp0p75__vinf25__inc60__toff59132__Om0__om330,2.6407008312751787,0.05486640214890146,0.0044252878116236,0.0445271624805405,0,,Neptune,2.5744281136862996,0.75,25.0,60.0,59132.0,0.0,330.0
20260811_184731__rp0p75__vinf25__incm60__toff59132__Om180__om150,2.640700827480122,0.05486640139125556,0.0044252868497257,0.0445271618433727,0,,Neptune,2.5744281136863782,0.75,25.0,-60.0,59132.0,180.0,150.0
20260811_184731__rp1p25__vinf25__incm90__toff59132__Om180__om180,2.63931397533391,0.12020189471400845,0.118044538830519,0.0734821853631378,0,,Neptune,2.0237976618406193,1.25,25.0,-90.0,59132.0,180.0,180.0
20260811_184731__rp1p25__vinf25__inc90__toff59132__Om0__om0,2.639313974024404,0.12020189445418733,0.1180445385154521,0.0734821852628,0,,Neptune,2.0237976618412423,1.25,25.0,90.0,59132.0,0.0,0.0
20260811_184731__rp0p25__vinf25__incm60__toff59132__Om0__om105,2.6391982330759594,0.13885639422784873,0.0710406904373045,0.1227820067073502,0,,Neptune,1.7791610777410665,0.25,25.0,-60.0,59132.0,0.0,105.0
20260811_184731__rp0p25__vinf25__inc60__toff59132__Om180__om285,2.6391981983745265,0.13885638729005245,0.0710406983163073,0.1227819996833365,0,,Neptune,1.7791610777329958,0.25,25.0,60.0,59132.0,180.0,285.0
20260811_184731__rp1p25__vinf25__inc60__toff59132__Om0__om240,2.63858757538995,0.17159433958394577,-0.0751824022056051,0.0868444104235566,0,,Uranus,1.4675518054191008,1.25,25.0,60.0,59132.0,0.0,240.0
20260811_184731__rp1p25__vinf25__incm60__toff59132__Om180__om60,2.638587575152001,0.17159433953569964,-0.0751824021655275,0.0868444104094017,0,,Uranus,1.4675518054184882,1.25,25.0,-60.0,59132.0,180.0,60.0
20260811_184731__rp1p25__vinf25__inc90__toff59132__Om270__om345,2.637905249265568,0.10364851957063444,-0.0305024694255598,0.0597408926323192,0,,Uranus,1.6993987247273548,1.25,25.0,90.0,59132.0,270.0,345.0
20260811_184731__rp1p25__vinf25__incm90__toff59132__Om90__om165,2.6379052425727214,0.10364851823207998,-0.0305024685378775,0.0597408922039342,0,,Uranus,1.699398724727328,1.25,25.0,-90.0,59132.0,90.0,165.0
20260811_184731__rp1p25__vinf25__incm90__toff59132__Om180__om330,2.6377928062787412,0.11932048128517932,0.0823025321048606,0.1035775271791552,0,,Neptune,1.9236236231365984,1.25,25.0,-90.0,59132.0,180.0,330.0
20260811_184731__rp1p25__vinf25__inc90__toff59132__Om0__om150,2.637792805515873,0.11932048113247733,0.08230253235924,0.1035775270368147,0,,Neptune,1.9236236231364177,1.25,25.0,90.0,59132.0,0.0,150.0
20260811_184731__rp1p25__vinf25__incm60__toff59132__Om90__om180,2.6358361574172924,0.1255296974310809,-0.0456778813149983,0.0665543535518745,0,,Uranus,1.6533112887679198,1.25,25.0,-60.0,59132.0,90.0,180.0
20260811_184731__rp1p25__vinf25__inc60__toff59132__Om270__om0,2.635836153908652,0.12552969672975706,-0.0456778809716875,0.0665543531716705,0,,Uranus,1.653311288767984,1.25,25.0,60.0,59132.0,270.0,0.0
20260811_184731__rp0p75__vinf25__inc90__toff59132__Om90__om255,2.633363262954795,0.13351861971462647,-0.0395451062031443,0.0811588730743701,0,,Uranus,1.6185132835499496,0.75,25.0,90.0,59132.0,90.0,255.0
20260811_184731__rp0p75__vinf25__incm90__toff59132__Om270__om75,2.6333632627815353,0.13351861967943696,-0.0395451064647857,0.081158872774362,0,,Uranus,1.6185132835491458,0.75,25.0,-90.0,59132.0,270.0,75.0
20260811_184731__rp0p5__vinf25__incm30__toff59132__Om270__om75,2.630875897286228,0.03632630760056484,0.0284720621514732,0.0288815935904826,0,,Neptune,2.3756702784522123,0.5,25.0,-30.0,59132.0,270.0,75.0
20260811_184731__rp0p5__vinf25__inc30__toff59132__Om90__om255,2.630875895244607,0.036326307180935664,0.0284720616792412,0.0288815932415271,0,,Neptune,2.3756702784524575,0.5,25.0,30.0,59132.0,90.0,255.0
20260811_184731__rp1p5__vinf25__inc60__toff59132__Om90__om210,2.6272044628894013,0.09202172564408771,-0.0288037327593454,0.0501635677360226,0,,Mars,1.895919194441601,1.5,25.0,60.0,59132.0,90.0,210.0
20260811_184731__rp1p5__vinf25__incm60__toff59132__Om270__om30,2.6272044627120756,0.09202172560866563,-0.0288037325488621,0.0501635679131721,0,,Mars,1.8959191944436538,1.5,25.0,-60.0,59132.0,270.0,30.0
20260811_184731__rp1p5__vinf25__inc0__toff59132__Om0__om15,2.6252830975881314,0.12693907151967582,0.1266188006535259,0.0800887186596674,0,,Saturn,1.761377219862443,1.5,25.0,0.0,59132.0,0.0,15.0
20260811_184731__rp1p5__vinf25__inc0__toff59132__Om90__om285,2.6252830863585914,0.12693906927509735,0.1266187980190928,0.0800887199661726,0,,Saturn,1.761377219863008,1.5,25.0,0.0,59132.0,90.0,285.0
20260811_184731__rp1p5__vinf25__inc0__toff59132__Om270__om105,2.625283085648828,0.1269390691333925,0.1266187978527705,0.0800887200485862,0,,Saturn,1.7613772198639557,1.5,25.0,0.0,59132.0,270.0,105.0
20260811_184731__rp1p5__vinf25__inc0__toff59132__Om180__om195,2.625283085648828,0.1269390691333925,0.1266187978527705,0.0800887200485862,0,,Saturn,1.7613772198639557,1.5,25.0,0.0,59132.0,180.0,195.0
20260811_184731__rp1p25__vinf25__incm90__toff59132__Om270__om30,2.621547483956702,0.1051174693735085,-0.0323250549739372,0.0593624288929812,0,,Uranus,1.6983320982973067,1.25,25.0,-90.0,59132.0,270.0,30.0
20260811_184731__rp1p25__vinf25__inc90__toff59132__Om90__om210,2.6215474838921287,0.10511746936033604,-0.0323250549957546,0.0593624288580733,0,,Uranus,1.6983320982972712,1.25,25.0,90.0,59132.0,90.0,210.0
20260811_184731__rp0p25__vinf25__inc60__toff59132__Om90__om300,2.6193051906496465,0.18973784288923476,0.21513273549363,0.1055801880513008,0,,Saturn,1.2587371791444522,0.25,25.0,60.0,59132.0,90.0,300.0
20260811_184731__rp0p25__vinf25__incm60__toff59132__Om270__om120,2.6193051884426897,0.1897378424385072,0.2151327347959241,0.1055801879913041,0,,Saturn,1.2587371791456028,0.25,25.0,-60.0,59132.0,270.0,120.0
20260811_184731__rp1p5__vinf25__inc60__toff59132__Om0__om165,2.6161359862828646,0.09140139924626714,0.0129548015260331,0.0771914667600573,1,Neptune,Neptune,2.0999291513967524,1.5,25.0,60.0,59132.0,0.0,165.0
20260811_184731__rp1p5__vinf25__incm60__toff59132__Om180__om345,2.6161359852780386,0.09140139904570146,0.01295480122904,0.0771914665801229,1,Neptune,Neptune,2.0999291513971063,1.5,25.0,-60.0,59132.0,180.0,345.0
20260811_184731__rp0p5__vinf25__incm90__toff59132__Om0__om90,2.6155897605720035,0.21787045907552932,0.2398624122511704,0.2131078616391897,0,,Uranus,1.7938521558527103,0.5,25.0,-90.0,59132.0,0.0,90.0
20260811_184731__rp0p5__vinf25__inc90__toff59132__Om180__om270,2.6155897600569302,0.21787045897322257,0.2398624125356711,0.2131078615406984,0,,Uranus,1.793852155853355,0.5,25.0,90.0,59132.0,180.0,270.0
20260811_184731__rp0p75__vinf25__inc90__toff59132__Om90__om330,2.6137616989471493,0.1492943828154358,0.1317751996168649,0.1345994447336435,0,,Neptune,1.778819010267582,0.75,25.0,90.0,59132.0,90.0,330.0
20260811_184731__rp0p75__vinf25__incm90__toff59132__Om270__om150,2.61376169313559,0.1492943816530776,0.1317752013369938,0.1345994436258878,0,,Neptune,1.7788190102673196,0.75,25.0,-90.0,59132.0,270.0,150.0
20260811_184731__rp1p25__vinf25__incm90__toff59132__Om0__om0,2.612782364002605,0.09226986379156162,0.0863604045899805,0.0728035579496926,0,,Neptune,2.1408698293434614,1.25,25.0,-90.0,59132.0,0.0,0.0
20260811_184731__rp1p25__vinf25__inc90__toff59132__Om180__om180,2.6127823638324985,0.09226986375659316,0.086360404577502,0.072803558461605,0,,Neptune,2.1408698293443633,1.25,25.0,90.0,59132.0,180.0,180.0
20260811_184731__rp1p5__vinf25__inc30__toff59132__Om270__om120,2.6091295806391432,0.13865180510385922,0.1429280635774931,0.1005923491725715,0,,Uranus,1.9553419244014716,1.5,25.0,30.0,59132.0,270.0,120.0
20260811_184731__rp1p5__vinf25__incm30__toff59132__Om90__om300,2.609129580166135,0.13865180501050836,0.1429280634428246,0.100592349002445,0,,Uranus,1.9553419244016936,1.5,25.0,-30.0,59132.0,90.0,300.0
20260811_184731__rp0p75__vinf25__inc0__toff59132__Om180__om150,2.6081116361475036,0.071197009080488,-0.0106967832777813,0.0487029693982715,0,,Neptune,2.6721238653169563,0.75,25.0,0.0,59132.0,180.0,150.0
20260811_184731__rp0p75__vinf25__inc0__toff59132__Om90__om240,2.608111621576329,0.07119700615908085,-0.0106967818819391,0.0487029681196673,0,,Neptune,2.6721238653179826,0.75,25.0,0.0,59132.0,90.0,240.0
20260811_184731__rp0p75__vinf25__inc0__toff59132__Om270__om60,2.6081115866911264,0.07119699917553518,-0.0106967785457171,0.0487029650627087,0,,Neptune,2.6721238653176904,0.75,25.0,0.0,59132.0,270.0,60.0
20260811_184731__rp0p75__vinf25__inc0__toff59132__Om0__om330,2.6081115842612492,0.07119699869638116,-0.0106967783164741,0.0487029648532953,0,,Neptune,2.67212386531729,0.75,25.0,0.0,59132.0,0.0,330.0
20260811_184731__rp0p75__vinf25__incm30__toff59132__Om0__om330,2.6047916302245406,0.053948436542641386,0.0249060108196513,0.0435772959442347,0,,Neptune,2.4772030142037296,0.75,25.0,-30.0,59132.0,0.0,330.0
20260811_184731__rp0p75__vinf25__inc30__toff59132__Om180__om150,2.604791627209698,0.05394843594566861,0.0249060111526476,0.0435772954355154,0,,Neptune,2.477203014203981,0.75,25.0,30.0,59132.0,180.0,150.0
20260811_184731__rp1__vinf25__inc60__toff59132__Om90__om330,2.603728161279517,0.13432505726876948,0.1369980349620537,0.0955889929670398,0,,Uranus,1.5311380897453624,1.0,25.0,60.0,59132.0,90.0,330.0
20260811_184731__rp1__vinf25__incm60__toff59132__Om270__om150,2.6037281607348746,0.13432505715890225,0.1369980348210123,0.0955889929365903,0,,Uranus,1.5311380897452647,1.0,25.0,-60.0,59132.0,270.0,150.0
20260811_184731__rp1__vinf25__incm30__toff59132__Om90__om210,2.60210106245919,0.13552867396452878,-0.0596293090474235,0.0626984398263837,0,,Neptune,1.8392075629010494,1.0,25.0,-30.0,59132.0,90.0,210.0
20260811_184731__rp1__vinf25__inc30__toff59132__Om270__om30,2.602101060966773,0.13552867366486482,-0.059629308924735,0.0626984396330131,0,,Neptune,1.839207562901099,1.0,25.0,30.0,59132.0,270.0,30.0
20260811_184731__rp1p5__vinf25__incm30__toff59132__Om0__om120,2.6004335380551353,0.19028626172248309,0.1827923144283435,0.1796463046709063,0,,Neptune,1.7645364277964952,1.5,25.0,-30.0,59132.0,0.0,120.0
20260811_184731__rp1p5__vinf25__inc30__toff59132__Om180__om300,2.6004335374920378,0.1902862616096604,0.1827923142396762,0.1796463045399607,0,,Neptune,1.764536427796523,1.5,25.0,30.0,59132.0,180.0,300.0
20260811_184731__rp0p5__vinf25__incm60__toff59132__Om270__om75,2.5978124845005897,0.09603794051627645,-0.0255111149187652,0.0573072788082525,0,,Neptune,1.7194139930514343,0.5,25.0,-60.0,59132.0,270.0,75.0
20260811_184731__rp0p5__vinf25__inc60__toff59132__Om90__om255,2.5978124843464845,0.09603794048792236,-0.0255111149383728,0.0573072787614334,0,,Neptune,1.7194139930515298,0.5,25.0,60.0,59132.0,90.0,255.0
20260811_184731__rp1p5__vinf25__incm30__toff59132__Om90__om315,2.594175888414699,0.10652382652563384,0.07112170984961,0.091180092840021,0,,Uranus,2.1987591284498675,1.5,25.0,-30.0,59132.0,90.0,315.0
20260811_184731__rp1p5__vinf25__inc30__toff59132__Om270__om135,2.5941758438655667,0.10652381761879448,0.0711217203037576,0.0911800846317183,0,,Uranus,2.1987591284494874,1.5,25.0,30.0,59132.0,270.0,135.0
20260811_184731__rp1p25__vinf25__incm60__toff59132__Om90__om45,2.5933953940075702,0.11277777226406539,0.1078035997893399,0.0489858951838999,2,"Jupiter,Neptune",Jupiter,2.3282292493161862,1.25,25.0,-60.0,59132.0,90.0,45.0
20260811_184731__rp1p25__vinf25__inc60__toff59132__Om270__om225,2.59339539319234,0.11277777210059954,0.1078035995927891,0.0489858950180897,2,"Jupiter,Neptune",Jupiter,2.328229249316872,1.25,25.0,60.0,59132.0,270.0,225.0
20260811_184731__rp1__vinf25__incm60__toff59132__Om0__om240,2.5928761705201984,0.16241998272145405,-0.0658119575077404,0.0860739602312914,0,,Uranus,1.5830323067412426,1.0,25.0,-60.0,59132.0,0.0,240.0
20260811_184731__rp1__vinf25__inc60__toff59132__Om180__om60,2.5928761703069734,0.16241998267874275,-0.0658119577050613,0.0860739599757561,0,,Uranus,1.5830323067412477,1.0,25.0,60.0,59132.0,180.0,60.0
20260811_184731__rp0p75__vinf25__inc90__toff59132__Om180__om315,2.592807482723398,0.12871156309433401,0.1284274813074598,0.1141528919344114,0,,Uranus,1.8787939451820992,0.75,25.0,90.0,59132.0,180.0,315.0
20260811_184731__rp0p75__vinf25__incm90__toff59132__Om0__om135,2.592807476578585,0.12871156186510965,0.1284274793223424,0.1141528906587762,0,,Uranus,1.8787939451812263,0.75,25.0,-90.0,59132.0,0.0,135.0
20260811_184731__rp1p25__vinf25__inc0__toff59132__Om270__om75,2.592197390743865,0.06096533187663021,0.0432568914084813,0.0497390601624626,0,,Neptune,1.9097638212134163,1.25,25.0,0.0,59132.0,270.0,75.0
20260811_184731__rp1p25__vinf25__inc0__toff59132__Om0__om345,2.5921973214977125,0.06096533043440281,0.0432568926378634,0.0497390589413269,0,,Neptune,1.9097638212136592,1.25,25.0,0.0,59132.0,0.0,345.0
20260811_184731__rp1p25__vinf25__inc0__toff59132__Om90__om255,2.5921973214977125,0.06096533043440281,0.0432568926378634,0.0497390589413269,0,,Neptune,1.9097638212136592,1.25,25.0,0.0,59132.0,90.0,255.0
20260811_184731__rp1p25__vinf25__inc0__toff59132__Om180__om165,2.592197171731866,0.06096533328463945,0.0432568902067694,0.0497390613546035,0,,Neptune,1.909763821214091,1.25,25.0,0.0,59132.0,180.0,165.0
20260811_184731__rp0p25__vinf25__incm60__toff59132__Om90__om225,2.590775542033933,0.13633135861710566,-0.0500889461554771,0.0734514081375544,0,,Uranus,1.6623420567747695,0.25,25.0,-60.0,59132.0,90.0,225.0
20260811_184731__rp0p25__vinf25__inc60__toff59132__Om270__om45,2.590775541935775,0.136331358597037,-0.050088945583665,0.0734514087026718,0,,Uranus,1.6623420567739688,0.25,25.0,60.0,59132.0,270.0,45.0
20260811_184731__rp1p25__vinf25__inc90__toff59132__Om90__om225,2.5907395026642144,0.09961769573875807,-0.0287239143250795,0.057574461395308,0,,Uranus,1.6309178301177851,1.25,25.0,90.0,59132.0,90.0,225.0
20260811_184731__rp1p25__vinf25__incm90__toff59132__Om270__om45,2.590739502542491,0.09961769571444905,-0.02872391422903,0.0575744614675712,0,,Uranus,1.6309178301178096,1.25,25.0,-90.0,59132.0,270.0,45.0
20260811_184731__rp1p25__vinf25__incm90__toff59132__Om90__om180,2.5906854607471166,0.09667066309976574,-0.0262203570718747,0.0572125307176993,0,,Mars,1.652734825326482,1.25,25.0,-90.0,59132.0,90.0,180.0
20260811_184731__rp1p25__vinf25__inc90__toff59132__Om270__om0,2.5906854578534193,0.09667066251984098,-0.0262203565105776,0.0572125307160993,0,,Mars,1.6527348253267844,1.25,25.0,90.0,59132.0,270.0,0.0
20260811_184731__rp1p5__vinf25__incm60__toff59132__Om180__om135,2.589978782330429,0.06972807772845147,-0.0188237172673159,0.0393801361787026,0,,Neptune,2.244802613460634,1.5,25.0,-60.0,59132.0,180.0,135.0
20260811_184731__rp1p5__vinf25__inc60__toff59132__Om0__om315,2.589978782086784,0.06972807767901104,-0.0188237170416613,0.0393801363579289,0,,Neptune,2.244802613460644,1.5,25.0,60.0,59132.0,0.0,315.0
20260811_184731__rp1p5__vinf25__inc60__toff59132__Om0__om30,2.5892614648183314,0.1343305779743384,0.1360619794804908,0.0841586329366875,0,,Saturn,1.5797086191902876,1.5,25.0,60.0,59132.0,0.0,30.0
20260811_184731__rp1p5__vinf25__incm60__toff59132__Om180__om210,2.589261459036889,0.1343305769149856,0.136061978137847,0.0841586327256595,0,,Saturn,1.579708619203741,1.5,25.0,-60.0,59132.0,180.0,210.0
20260811_184731__rp0p75__vinf25__inc60__toff59132__Om180__om75,2.588183811396729,0.19042093228465604,-0.0910865616249849,0.0924533025971596,0,,Uranus,1.8597662682009575,0.75,25.0,60.0,59132.0,180.0,75.0
20260811_184731__rp0p75__vinf25__incm60__toff59132__Om0__om255,2.588183803167931,0.19042093063988141,-0.0910865606763047,0.0924533015936838,0,,Uranus,1.859766268200856,0.75,25.0,-60.0,59132.0,0.0,255.0
20260811_184731__rp0p75__vinf25__incm60__toff59132__Om0__om105,2.583266148364752,0.2429598742534976,0.2437083420406233,0.2423409572483703,0,,Neptune,1.20408944119874,0.75,25.0,-60.0,59132.0,0.0,105.0
20260811_184731__rp0p75__vinf25__inc60__toff59132__Om180__om285,2.5832661454916206,0.2429598736789172,0.2437083417810744,0.2423409565525376,0,,Neptune,1.2040894411987535,0.75,25.0,60.0,59132.0,180.0,285.0
20260811_184731__rp1p25__vinf25__incm30__toff59132__Om270__om135,2.5822269901909545,0.15552069883750935,0.1644216195407034,0.0929927413612422,0,,Uranus,1.579032187481379,1.25,25.0,-30.0,59132.0,270.0,135.0
20260811_184731__rp1p25__vinf25__inc30__toff59132__Om90__om315,2.5822269748314515,0.1555206459840052,0.1644215285855613,0.0929925490639955,0,,Uranus,1.5790321884743457,1.25,25.0,30.0,59132.0,90.0,315.0
20260811_184731__rp1p25__vinf25__inc60__toff59132__Om90__om165,2.5820507473156225,0.14106614548190177,-0.0663077456180307,0.0616561095344057,0,,Uranus,1.5690796784999934,1.25,25.0,60.0,59132.0,90.0,165.0
20260811_184731__rp1p25__vinf25__incm60__toff59132__Om270__om345,2.5820504110029585,0.14106606546776562,-0.0663077777272507,0.061655988121495,0,,Uranus,1.5690796790854953,1.25,25.0,-60.0,59132.0,270.0,345.0
20260811_184731__rp1p25__vinf25__inc30__toff59132__Om90__om135,2.581627564511261,0.1853603307414027,-0.0871406363038808,0.0905157516746511,0,,Neptune,1.0873944005539578,1.25,25.0,30.0,59132.0,90.0,135.0
20260811_184731__rp1p25__vinf25__incm30__toff59132__Om270__om315,2.581627558865054,0.18536032961200027,-0.0871406346094687,0.0905157521310195,0,,Neptune,1.0873944005538874,1.25,25.0,-30.0,59132.0,270.0,315.0
20260811_184731__rp1__vinf25__incm30__toff59132__Om0__om285,2.580441286919105,0.10084303008789834,-0.0735561198922946,0.0118039042091314,0,,Jupiter,2.113653695094988,1.0,25.0,-30.0,59132.0,0.0,285.0
20260811_184731__rp1__vinf25__inc30__toff59132__Om180__om105,2.5804412843792894,0.10084302958846995,-0.0735561195487769,0.0118039040878548,0,,Jupiter,2.1136536950987126,1.0,25.0,30.0,59132.0,180.0,105.0
20260811_184731__rp1__vinf25__incm30__toff59132__Om0__om345,2.5802339001782495,0.09288228535699665,0.0866059139012184,0.0643966928319284,0,,Neptune,2.281148953455538,1.0,25.0,-30.0,59132.0,0.0,345.0
20260811_184731__rp1__vinf25__inc30__toff59132__Om180__om165,2.580233900048721,0.09288228533287976,0.0866059138817351,0.0643966929638824,0,,Neptune,2.2811489534550127,1.0,25.0,30.0,59132.0,180.0,165.0
20260811_184731__rp0p75__vinf25__inc30__toff59132__Om270__om45,2.579322907129746,0.10737540172099401,-0.0478540230090287,0.0457708202898017,0,,Neptune,1.913420202272471,0.75,25.0,30.0,59132.0,270.0,45.0
20260811_184731__rp0p75__vinf25__incm30__toff59132__Om90__om225,2.579322907129746,0.10737540172099401,-0.0478540230090287,0.0457708202898017,0,,Neptune,1.913420202272471,0.75,25.0,-30.0,59132.0,90.0,225.0
20260811_184731__rp1p25__vinf25__inc90__toff59132__Om270__om330,2.578758813679271,0.10666529504792865,-0.0348876014507382,0.058317239529266,0,,Uranus,1.683835694708984,1.25,25.0,90.0,59132.0,270.0,330.0
20260811_184731__rp1p25__vinf25__incm90__toff59132__Om90__om150,2.578758810166488,0.10666529434504539,-0.0348876010712573,0.0583172392142194,0,,Uranus,1.6838356947088955,1.25,25.0,-90.0,59132.0,90.0,150.0
20260811_184731__rp1p25__vinf25__inc30__toff59132__Om180__om285,2.5775122375160504,0.22819115051863564,0.1864307416706713,0.2226550825120245,0,,Neptune,1.7032545738217921,1.25,25.0,30.0,59132.0,180.0,285.0
20260811_184731__rp1p25__vinf25__incm30__toff59132__Om0__om105,2.577512237499649,0.2281911505137356,0.1864307416416052,0.2226550825054149,0,,Neptune,1.7032545738214655,1.25,25.0,-30.0,59132.0,0.0,105.0
20260811_184731__rp1p25__vinf25__inc30__toff59132__Om180__om45,2.5749999994979813,0.16432034090637354,-0.0686376038962457,0.0852935960267463,0,,Uranus,1.272448650255565,1.25,25.0,30.0,59132.0,180.0,45.0
20260811_184731__rp1p25__vinf25__incm30__toff59132__Om0__om225,2.574999998150706,0.16432034063675732,-0.0686376026173799,0.0852935970615619,0,,Uranus,1.2724486502554588,1.25,25.0,-30.0,59132.0,0.0,225.0
20260811_184731__rp1__vinf25__incm60__toff59132__Om180__om165,2.573191212399527,0.07922587855507794,0.0719547054906676,0.0583259440977658,0,,Neptune,2.256164190134215,1.0,25.0,-60.0,59132.0,180.0,165.0
20260811_184731__rp1__vinf25__inc60__toff59132__Om0__om345,2.573191206163991,0.07922587731023928,0.0719547042188651,0.0583259442913393,0,,Neptune,2.256164190133743,1.0,25.0,60.0,59132.0,0.0,345.0
20260811_184731__rp1__vinf25__inc60__toff59132__Om90__om90,2.568266468446927,0.0657214300694207,-0.0047832777958686,0.0495329225682045,1,Neptune,Neptune,2.330379054094054,1.0,25.0,60.0,59132.0,90.0,90.0
20260811_184731__rp1__vinf25__incm60__toff59132__Om270__om270,2.5682664684305028,0.06572143005345432,-0.0047832778695594,0.0495329224828183,1,Neptune,Neptune,2.3303790540954714,1.0,25.0,-60.0,59132.0,270.0,270.0
20260811_184731__rp1__vinf25__incm30__toff59132__Om0__om270,2.567033080332007,0.17345956000295473,-0.086691702024324,0.0766568255550455,1,Uranus,Uranus,2.0588745334992624,1.0,25.0,-30.0,59132.0,0.0,270.0
20260811_184731__rp1__vinf25__inc30__toff59132__Om180__om90,2.5670330779208284,0.1734595595209678,-0.0866917017008054,0.0766568253347519,1,Uranus,Uranus,2.0588745334993277,1.0,25.0,30.0,59132.0,180.0,90.0
20260811_184731__rp1p5__vinf25__inc30__toff59132__Om270__om345,2.566909135670185,0.11882490221617097,-0.0425376925085255,0.0628284497052342,0,,Uranus,1.7209171734609614,1.5,25.0,30.0,59132.0,270.0,345.0
20260811_184731__rp1p5__vinf25__incm30__toff59132__Om90__om165,2.5669091282746974,0.11882490073698507,-0.0425376908595603,0.0628284498690449,0,,Uranus,1.720917173460886,1.5,25.0,-30.0,59132.0,90.0,165.0
20260811_184731__rp1__vinf25__incm60__toff59132__Om90__om105,2.5652996408071047,0.2029147412971828,-0.1113939064151591,0.0856498292964464,0,,Uranus,1.6084396266503664,1.0,25.0,-60.0,59132.0,90.0,105.0
20260811_184731__rp1__vinf25__inc60__toff59132__Om270__om285,2.5652996405303776,0.20291474124247205,-0.1113939063502333,0.0856498292996213,0,,Uranus,1.608439626650421,1.0,25.0,60.0,59132.0,270.0,285.0
20260811_184731__rp1p5__vinf25__incm60__toff59132__Om180__om15,2.564974735685176,0.13111674375858037,-0.0448774518727675,0.0732307324173647,0,,Neptune,1.5795152067843035,1.5,25.0,-60.0,59132.0,180.0,15.0
20260811_184731__rp1p5__vinf25__inc60__toff59132__Om0__om195,2.564974729407834,0.1311167425025571,-0.0448774512476168,0.0732307317275914,0,,Neptune,1.579515206784381,1.5,25.0,60.0,59132.0,0.0,195.0
20260811_184731__rp1p25__vinf25__incm60__toff59132__Om90__om90,2.564907575882914,0.14990473899265483,-0.0753019764691255,0.0618183203718561,0,,Saturn,1.4049658488503658,1.25,25.0,-60.0,59132.0,90.0,90.0
20260811_184731__rp1p25__vinf25__inc60__toff59132__Om270__om270,2.564907575805523,0.1499047389776218,-0.075301976420893,0.0618183204069572,0,,Saturn,1.4049658488502463,1.25,25.0,60.0,59132.0,270.0,270.0
20260811_184731__rp1p25__vinf25__incm60__toff59132__Om180__om45,2.56424400752339,0.17942655386615566,-0.0786663095201491,0.0924422126029985,0,,Uranus,1.187036525207299,1.25,25.0,-60.0,59132.0,180.0,45.0
20260811_184731__rp1p25__vinf25__inc60__toff59132__Om0__om225,2.564244007520803,0.1794265538655609,-0.0786663093908335,0.0924422127402659,0,,Uranus,1.1870365252073194,1.25,25.0,60.0,59132.0,0.0,225.0
20260811_184731__rp1p5__vinf25__inc0__toff59132__Om180__om30,2.563398181385324,0.14590703537470662,-0.055974946457041,0.0777755816125216,0,,Saturn,1.349561724855854,1.5,25.0,0.0,59132.0,180.0,30.0
20260811_184731__rp1p5__vinf25__inc0__toff59132__Om90__om120,2.5633981805789956,0.1459070352132518,-0.0559749466975548,0.0777755811865652,0,,Saturn,1.3495617248559761,1.5,25.0,0.0,59132.0,90.0,120.0
20260811_184731__rp1p5__vinf25__inc0__toff59132__Om0__om210,2.5633981803365637,0.14590703516465486,-0.0559749467747359,0.0777755810534055,0,,Saturn,1.3495617248563216,1.5,25.0,0.0,59132.0,0.0,210.0
20260811_184731__rp1p5__vinf25__inc0__toff59132__Om270__om300,2.563398179824639,0.14590703506288044,-0.0559749469263585,0.0777755807848872,0,,Saturn,1.3495617248548089,1.5,25.0,0.0,59132.0,270.0,300.0
20260811_184731__rp1p5__vinf25__incm30__toff59132__Om0__om210,2.5619990588931274,0.11884566616009394,-0.0396055010213423,0.0658270591780748,0,,Saturn,1.593274093526737,1.5,25.0,-30.0,59132.0,0.0,210.0
20260811_184731__rp1p5__vinf25__inc30__toff59132__Om180__om30,2.561999058526724,0.11884566608704437,-0.0396055009849374,0.0658270591401732,0,,Saturn,1.593274093526386,1.5,25.0,30.0,59132.0,180.0,30.0
20260811_184731__rp1p5__vinf25__inc60__toff59132__Om0__om210,2.5617003486979852,0.13666508469942407,-0.0497420920729684,0.0741646187087353,0,,Saturn,1.5512055323366682,1.5,25.0,60.0,59132.0,0.0,210.0
20260811_184731__rp1p5__vinf25__incm60__toff59132__Om180__om30,2.5617003485453167,0.1366650846685981,-0.0497420918369601,0.0741646189175907,0,,Saturn,1.5512055323366674,1.5,25.0,-60.0,59132.0,180.0,30.0
20260811_184731__rp1p5__vinf25__inc60__toff59132__Om90__om195,2.5610371275285515,0.09678903595039226,-0.0321977390503966,0.0513424614417143,0,,Mars,1.6099189670041008,1.5,25.0,60.0,59132.0,90.0,195.0
20260811_184731__rp1p5__vinf25__incm60__toff59132__Om270__om15,2.561037126584398,0.09678903576142202,-0.0321977384698366,0.0513424618435216,0,,Mars,1.6099189670072478,1.5,25.0,-60.0,59132.0,270.0,15.0
20260811_184731__rp1__vinf25__inc0__toff59132__Om0__om330,2.5592945094543946,0.06902353237949367,-0.0068346525328925,0.0504992334824492,0,,Neptune,2.615876738121561,1.0,25.0,0.0,59132.0,0.0,330.0
20260811_184731__rp1__vinf25__inc0__toff59132__Om270__om60,2.5592945031268846,0.06902353111510579,-0.0068346517870043,0.0504992330702268,0,,Neptune,2.6158767381214547,1.0,25.0,0.0,59132.0,270.0,60.0
20260811_184731__rp1__vinf25__inc0__toff59132__Om180__om150,2.5592945007800494,0.06902353064395364,-0.006834651509465,0.0504992329162291,0,,Neptune,2.6158767381214414,1.0,25.0,0.0,59132.0,180.0,150.0
20260811_184731__rp1__vinf25__inc0__toff59132__Om90__om240,2.5592944940392544,0.06902352929577268,-0.0068346507147848,0.050499232476069,0,,Neptune,2.6158767381212287,1.0,25.0,0.0,59132.0,90.0,240.0
20260811_184731__rp1p25__vinf25__incm30__toff59132__Om0__om0,2.5587843926397467,0.11877096865415948,0.1161883125602186,0.0710914913590187,0,,Neptune,1.9659940240553124,1.25,25.0,-30.0,59132.0,0.0,0.0
20260811_184731__rp1p25__vinf25__inc30__toff59132__Om180__om180,2.5587843856127006,0.1187709672490791,0.1161883109978515,0.0710914927263352,0,,Neptune,1.9659940240570837,1.25,25.0,30.0,59132.0,180.0,180.0
20260811_184731__rp1p25__vinf25__inc90__toff59132__Om0__om180,2.557597467839011,0.09164063058000742,-0.0089971800767539,0.0692565675797831,0,,Neptune,1.8472288999673283,1.25,25.0,90.0,59132.0,0.0,180.0
20260811_184731__rp1p25__vinf25__incm90__toff59132__Om180__om0,2.5575974623865347,0.09164062948979568,-0.0089971794632908,0.0692565671383948,0,,Neptune,1.847228899966888,1.25,25.0,-90.0,59132.0,180.0,0.0
20260811_184731__rp1p25__vinf25__incm90__toff59132__Om270__om15,2.5565904359819296,0.10642361350835607,-0.0358900663484037,0.0570654232021989,0,,Uranus,1.669038973485911,1.25,25.0,-90.0,59132.0,270.0,15.0
20260811_184731__rp1p25__vinf25__inc90__toff59132__Om90__om195,2.556590435957811,0.10642361350330787,-0.03589006610825,0.0570654234398822,0,,Uranus,1.6690389734859348,1.25,25.0,90.0,59132.0,90.0,195.0
20260811_184731__rp1p5__vinf25__inc90__toff59132__Om270__om135,2.5559991940570925,0.12989055399050164,-0.0357536758581612,0.0811344827775172,0,,Neptune,1.767226205554445,1.5,25.0,90.0,59132.0,270.0,135.0
20260811_184731__rp1p5__vinf25__incm90__toff59132__Om90__om315,2.555999193485555,0.12989055387532789,-0.0357536749801664,0.0811344835331885,0,,Neptune,1.7672262055547534,1.5,25.0,-90.0,59132.0,90.0,315.0
20260811_184731__rp0p75__vinf25__inc60__toff59132__Om270__om90,2.553137684848217,0.17593388371892443,0.1956440308347568,0.1146877536285803,0,,Saturn,1.0458596694363687,0.75,25.0,60.0,59132.0,270.0,90.0
20260811_184731__rp0p75__vinf25__incm60__toff59132__Om90__om270,2.5531376848326808,0.17593388371674215,0.1956440308323185,0.1146877536346928,0,,Saturn,1.045859669436231,0.75,25.0,-60.0,59132.0,90.0,270.0
20260811_184731__rp1p5__vinf25__incm90__toff59132__Om270__om180,2.552451012496578,0.12282954770624843,-0.0296843772015873,0.0798385957432409,0,,Neptune,1.7550648256527575,1.5,25.0,-90.0,59132.0,270.0,180.0
20260811_184731__rp1p5__vinf25__inc90__toff59132__Om90__om0,2.552451012490688,0.12282954770454292,-0.0296843771979337,0.0798385957451019,0,,Neptune,1.7550648256527719,1.5,25.0,90.0,59132.0,90.0,0.0
20260811_184731__rp1p5__vinf25__incm60__toff59132__Om180__om195,2.5516140056730494,0.1228626656305733,0.1211768058099956,0.0729708336724856,0,,Saturn,1.526054816010754,1.5,25.0,-60.0,59132.0,180.0,195.0
20260811_184731__rp1p5__vinf25__inc60__toff59132__Om0__om15,2.5516140056730494,0.1228626656305733,0.1211768058099956,0.0729708336724856,0,,Saturn,1.526054816010754,1.5,25.0,60.0,59132.0,0.0,15.0
20260811_184731__rp0p75__vinf25__inc90__toff59132__Om0__om315,2.5507362291130162,0.046442112870917304,-0.0137781407142202,0.0239110360350157,0,,Neptune,2.0915522242558415,0.75,25.0,90.0,59132.0,0.0,315.0
20260811_184731__rp0p75__vinf25__incm90__toff59132__Om180__om135,2.550736228940875,0.046442112830431835,-0.013778140678106,0.0239110360362447,0,,Neptune,2.0915522242554525,0.75,25.0,-90.0,59132.0,180.0,135.0
20260811_184731__rp0p75__vinf25__incm30__toff59132__Om270__om75,2.5472248859675726,0.04659507088671038,0.0274383379176011,0.037371649873926,0,,Neptune,2.2208459976460353,0.75,25.0,-30.0,59132.0,270.0,75.0
20260811_184731__rp0p75__vinf25__inc30__toff59132__Om90__om255,2.5472248832197657,0.04659507032992698,0.0274383370746683,0.0373716494014385,0,,Neptune,2.2208459976458728,0.75,25.0,30.0,59132.0,90.0,255.0
20260811_184731__rp1p5__vinf25__inc60__toff59132__Om90__om225,2.5457787421424283,0.0810137782913294,-0.0221168349112845,0.0464572744049062,0,,Neptune,1.9421501865720163,1.5,25.0,60.0,59132.0,90.0,225.0
20260811_184731__rp1p5__vinf25__incm60__toff59132__Om270__om45,2.545778741625771,0.0810137781879244,-0.0221168347375818,0.0464572744814276,0,,Neptune,1.9421501865724518,1.5,25.0,-60.0,59132.0,270.0,45.0
20260811_184731__rp1p5__vinf25__incm30__toff59132__Om0__om150,2.545568820341159,0.11449991753496908,0.0782404944721831,0.098872476148712,0,,Neptune,1.952780275050956,1.5,25.0,-30.0,59132.0,0.0,150.0
20260811_184731__rp1p5__vinf25__inc30__toff59132__Om180__om330,2.545568817663638,0.11449991699970712,0.0782404936819348,0.0988724756224755,0,,Neptune,1.9527802750504595,1.5,25.0,30.0,59132.0,180.0,330.0
20260811_184731__rp1__vinf25__inc90__toff59132__Om0__om285,2.545534362136818,0.10813254921528521,-0.0690317495323136,0.0240801919464104,0,,Jupiter,2.085348620731058,1.0,25.0,90.0,59132.0,0.0,285.0
20260811_184731__rp1__vinf25__incm90__toff59132__Om180__om105,2.545534356642329,0.10813254812192301,-0.0690317485594691,0.0240801918934909,0,,Jupiter,2.085348620731108,1.0,25.0,-90.0,59132.0,180.0,105.0
20260811_184731__rp1p25__vinf25__inc90__toff59132__Om0__om195,2.5437121718063556,0.11891984986825396,-0.0323721510751465,0.0731681235303381,0,,Neptune,1.6622690738887398,1.25,25.0,90.0,59132.0,0.0,195.0
20260811_184731__rp1p25__vinf25__incm90__toff59132__Om180__om15,2.54371216915324,0.11891984933758351,-0.0323721507005243,0.0731681233625931,0,,Neptune,1.6622690738887227,1.25,25.0,-90.0,59132.0,180.0,15.0
20260811_184731__rp1p5__vinf25__inc0__toff59132__Om0__om330,2.5430124064891553,0.053086340021498396,-0.0027896182673576,0.0403868426416469,0,,Neptune,2.3071569781187975,1.5,25.0,0.0,59132.0,0.0,330.0
20260811_184731__rp1p5__vinf25__inc0__toff59132__Om90__om240,2.543012406001443,0.0530863399240198,-0.0027896180826574,0.0403868427362067,0,,Neptune,2.3071569781188375,1.5,25.0,0.0,59132.0,90.0,240.0
20260811_184731__rp1p5__vinf25__inc0__toff59132__Om180__om150,2.5430124036207857,0.053086339447518505,-0.002789617175285,0.0403868432028027,0,,Neptune,2.30715697811879,1.5,25.0,0.0,59132.0,180.0,150.0
20260811_184731__rp1p5__vinf25__inc0__toff59132__Om270__om60,2.5430124026585967,0.05308633925452237,-0.0027896168097124,0.0403868433899113,0,,Neptune,2.307156978118803,1.5,25.0,0.0,59132.0,270.0,60.0
20260811_184731__rp1p5__vinf25__inc30__toff59132__Om90__om165,2.540516207052489,0.12496940870207035,-0.0488715962644231,0.0626946362343423,0,,Uranus,1.4556865487079618,1.5,25.0,30.0,59132.0,90.0,165.0
20260811_184731__rp1p5__vinf25__incm30__toff59132__Om270__om345,2.540516205141189,0.12496940831950587,-0.0488715957270146,0.0626946363885937,0,,Uranus,1.455686548708069,1.5,25.0,-30.0,59132.0,270.0,345.0
20260811_184731__rp1p25__vinf25__incm30__toff59132__Om270__om120,2.538685333870051,0.15642792266341582,0.1646981398102073,0.083671385459492,0,,Saturn,2.090456508079438,1.25,25.0,-30.0,59132.0,270.0,120.0
20260811_184731__rp1p25__vinf25__inc30__toff59132__Om90__om300,2.538685330079754,0.15642792190709123,0.1646981388895524,0.0836713864199572,0,,Saturn,2.0904565080795767,1.25,25.0,30.0,59132.0,90.0,300.0
20260811_184731__rp0p25__vinf25__incm90__toff59132__Om0__om270,2.533992164074419,0.16757931358139075,0.0256118640193353,0.1543518775898152,0,,Neptune,1.5498077843979574,0.25,25.0,-90.0,59132.0,0.0,270.0
20260811_184731__rp0p25__vinf25__inc90__toff59132__Om180__om90,2.533992162846387,0.16757931333845263,0.0256118639204,0.1543518773258252,0,,Neptune,1.549807784398322,0.25,25.0,90.0,59132.0,180.0,90.0
20260811_184731__rp1p5__vinf25__inc30__toff59132__Om270__om105,2.533778888784687,0.13507751763534265,0.1374734220283743,0.089902770377295,0,,Uranus,1.6203810550026398,1.5,25.0,30.0,59132.0,270.0,105.0
20260811_184731__rp1p5__vinf25__incm30__toff59132__Om90__om285,2.5337788885527317,0.13507751759252307,0.1374734219675858,0.0899027702945735,0,,Uranus,1.620381055002565,1.5,25.0,-30.0,59132.0,90.0,285.0
20260811_184731__rp1p25__vinf25__inc90__toff59132__Om0__om165,2.531423726656917,0.08911935860004827,0.0293071980048688,0.0747813961678398,0,,Neptune,1.9309897849302973,1.25,25.0,90.0,59132.0,0.0,165.0
20260811_184731__rp1p25__vinf25__incm90__toff59132__Om180__om345,2.5314237265904844,0.08911935858686325,0.0293071981367601,0.0747813961543965,0,,Neptune,1.9309897849297224,1.25,25.0,-90.0,59132.0,180.0,345.0
20260811_184731__rp1__vinf25__inc90__toff59132__Om180__om30,2.5303071593040602,0.09943154843724443,0.0238244883593187,0.0845074076795572,0,,Neptune,1.92439977945457,1.0,25.0,90.0,59132.0,180.0,30.0
20260811_184731__rp1__vinf25__incm90__toff59132__Om0__om210,2.5303071572046476,0.09943154801715284,0.0238244888300306,0.0845074072722298,0,,Neptune,1.9243997794545313,1.0,25.0,-90.0,59132.0,0.0,210.0
20260811_184731__rp1p25__vinf25__inc60__toff59132__Om270__om315,2.5282508479122225,0.14567472619422078,-0.0627809163254546,0.0704308459854906,0,,Uranus,1.7076329971536748,1.25,25.0,60.0,59132.0,270.0,315.0
20260811_184731__rp1p25__vinf25__incm60__toff59132__Om90__om135,2.528250847797951,0.14567472617164687,-0.0627809165263318,0.0704308457498016,0,,Uranus,1.7076329971537463,1.25,25.0,-60.0,59132.0,90.0,135.0
20260811_184731__rp1p25__vinf25__inc90__toff59132__Om180__om195,2.5276172158236574,0.07946887208639113,0.0720457883892812,0.0544009988754474,0,,Neptune,2.1791341312204864,1.25,25.0,90.0,59132.0,180.0,195.0
20260811_184731__rp1p25__vinf25__incm90__toff59132__Om0__om15,2.5276172139855597,0.07946887171873179,0.0720457880174151,0.0544009990111367,0,,Neptune,2.179134131220545,1.25,25.0,-90.0,59132.0,0.0,15.0
20260811_184731__rp1p25__vinf25__incm30__toff59132__Om0__om255,2.527604791032194,0.14927971536226287,-0.0658360128513068,0.0712074212532426,1,Uranus,Uranus,2.5719608674161383,1.25,25.0,-30.0,59132.0,0.0,255.0
20260811_184731__rp1p25__vinf25__inc30__toff59132__Om180__om75,2.52760479101942,0.14927971536004742,-0.0658360128368762,0.0712074212659962,1,Uranus,Uranus,2.571960867416136,1.25,25.0,30.0,59132.0,180.0,75.0
20260811_184731__rp1p25__vinf25__inc60__toff59132__Om90__om345,2.525472504832523,0.0980657162041404,0.0130033698850312,0.0834728410806278,0,,Uranus,2.018316298993105,1.25,25.0,60.0,59132.0,90.0,345.0
20260811_184731__rp1p25__vinf25__incm60__toff59132__Om270__om165,2.525472504661253,0.0980657161681787,0.0130033701329949,0.083472841039272,0,,Uranus,2.018316299136532,1.25,25.0,-60.0,59132.0,270.0,165.0
20260811_184731__rp1p25__vinf25__incm90__toff59132__Om0__om345,2.524315932294492,0.09136359805752026,0.0818213553193364,0.0774495538472708,0,,Neptune,1.9696510129415663,1.25,25.0,-90.0,59132.0,0.0,345.0
20260811_184731__rp1p25__vinf25__inc90__toff59132__Om180__om165,2.524315932249927,0.09136359804859176,0.0818213552508083,0.0774495538370314,0,,Neptune,1.969651012942002,1.25,25.0,90.0,59132.0,180.0,165.0
20260811_184731__rp1p25__vinf25__inc60__toff59132__Om0__om330,2.524013883557885,0.05458261374829355,0.0044747234699727,0.0442812529160155,0,,Neptune,2.3358803599806217,1.25,25.0,60.0,59132.0,0.0,330.0
20260811_184731__rp1p25__vinf25__incm60__toff59132__Om180__om150,2.5240138835563606,0.05458261374864409,0.0044747234693446,0.0442812529163292,0,,Neptune,2.335880359980616,1.25,25.0,-60.0,59132.0,180.0,150.0
20260811_184731__rp1p5__vinf25__inc0__toff59132__Om90__om315,2.5188593693518047,0.10913413722544811,0.1063294662907653,0.0923965478299225,0,,Uranus,1.919692067070057,1.5,25.0,0.0,59132.0,90.0,315.0
20260811_184731__rp1p5__vinf25__inc0__toff59132__Om270__om135,2.5188593693518047,0.10913413722544811,0.1063294662907653,0.0923965478299225,0,,Uranus,1.919692067070057,1.5,25.0,0.0,59132.0,270.0,135.0
20260811_184731__rp1p5__vinf25__inc0__toff59132__Om180__om225,2.518859369107817,0.10913413717738324,0.1063294662332562,0.0923965477999782,0,,Uranus,1.919692067070347,1.5,25.0,0.0,59132.0,180.0,225.0
20260811_184731__rp1p5__vinf25__inc0__toff59132__Om0__om45,2.518859360832083,0.10913413552165353,0.1063294642524762,0.092396546773057,0,,Uranus,1.9196920670705326,1.5,25.0,0.0,59132.0,0.0,45.0
20260811_184731__rp1__vinf25__incm30__toff59132__Om0__om315,2.513764056111409,0.07759468156154323,-0.0260818733162716,0.039327598555415,0,,Neptune,2.191973574625086,1.0,25.0,-30.0,59132.0,0.0,315.0
20260811_184731__rp1__vinf25__inc30__toff59132__Om180__om135,2.5137640550870843,0.07759468135727107,-0.0260818732256089,0.0393275984576361,0,,Neptune,2.191973574625083,1.0,25.0,30.0,59132.0,180.0,135.0
20260811_184731__rp1p25__vinf25__incm60__toff59132__Om270__om60,2.5119946964296513,0.08182166215220708,-0.0214892610248736,0.0478321231051163,0,,Neptune,1.7607817635625107,1.25,25.0,-60.0,59132.0,270.0,60.0
20260811_184731__rp1p25__vinf25__inc60__toff59132__Om90__om240,2.511994687821667,0.08182166043025192,-0.0214892603155989,0.047832122205656,0,,Neptune,1.7607817635625267,1.25,25.0,60.0,59132.0,90.0,240.0
20260811_184731__rp0p5__vinf25__inc90__toff59132__Om180__om120,2.5082773479123843,0.1392241532156779,0.0983625060175997,0.1234720942343033,0,,Jupiter,1.2431838370635826,0.5,25.0,90.0,59132.0,180.0,120.0
20260811_184731__rp0p5__vinf25__incm90__toff59132__Om0__om300,2.508277347221875,0.1392241530756249,0.0983625063109224,0.1234720941002474,0,,Jupiter,1.2431838370640405,0.5,25.0,-90.0,59132.0,0.0,300.0
20260811_184731__rp1p25__vinf25__inc60__toff59132__Om180__om210,2.5078334765361836,0.11019442138196538,0.1049616924282877,0.0504652179474509,0,,Neptune,1.641986810030803,1.25,25.0,60.0,59132.0,180.0,210.0
20260811_184731__rp1p25__vinf25__incm60__toff59132__Om0__om30,2.5078334732749274,0.11019442072979677,0.1049616916785604,0.0504652177457329,0,,Neptune,1.6419868100306314,1.25,25.0,-60.0,59132.0,0.0,30.0
20260811_184731__rp0p5__vinf25__incm60__toff59132__Om0__om270,2.5041564222185415,0.19362610797439483,-0.1051725948740891,0.0808527516326006,0,,Uranus,1.5113148436849746,0.5,25.0,-60.0,59132.0,0.0,270.0
20260811_184731__rp0p5__vinf25__inc60__toff59132__Om180__om90,2.504156420350144,0.19362610759865906,-0.1051725946860387,0.080852751371588,0,,Uranus,1.5113148436854376,0.5,25.0,60.0,59132.0,180.0,90.0
20260811_184731__rp1p25__vinf25__incm30__toff59132__Om90__om195,2.503182710880825,0.12910585286960202,-0.0525643016493312,0.0632204785525279,0,,Uranus,1.6371481092470435,1.25,25.0,-30.0,59132.0,90.0,195.0
20260811_184731__rp1p25__vinf25__inc30__toff59132__Om270__om15,2.5031827074434765,0.1291058521821324,-0.0525643012880722,0.0632204782014752,0,,Uranus,1.6371481092470157,1.25,25.0,30.0,59132.0,270.0,15.0
20260811_184731__rp1__vinf25__inc30__toff59132__Om90__om270,2.5023894404151457,0.09357997235902935,0.0862297914010722,0.0414552930684669,0,,Mars,1.8089304900052048,1.0,25.0,30.0,59132.0,90.0,270.0
20260811_184731__rp1__vinf25__incm30__toff59132__Om270__om90,2.502389439144468,0.09357997210695092,0.0862297911192736,0.0414552927978651,0,,Mars,1.80893048990597,1.0,25.0,-30.0,59132.0,270.0,90.0
20260811_184731__rp1__vinf25__incm90__toff59132__Om270__om75,2.502149628451023,0.09731824146229019,-0.0251333042353874,0.0589183884748459,0,,Mars,2.087070444058648,1.0,25.0,-90.0,59132.0,270.0,75.0
20260811_184731__rp1__vinf25__inc90__toff59132__Om90__om255,2.5021496224890383,0.09731824026985084,-0.025133303629261,0.0589183879236616,0,,Mars,2.087070444060197,1.0,25.0,90.0,59132.0,90.0,255.0
20260811_184731__rp1__vinf25__inc60__toff59132__Om180__om300,2.499194967991059,0.1661346170278395,0.1336579982466884,0.1519883745598495,0,,Neptune,1.3738404945449751,1.0,25.0,60.0,59132.0,180.0,300.0
20260811_184731__rp1__vinf25__incm60__toff59132__Om0__om120,2.4991949656351515,0.16613461655994757,0.1336579987220595,0.1519883740841145,0,,Neptune,1.373840494545234,1.0,25.0,-60.0,59132.0,0.0,120.0
20260811_184731__rp1__vinf25__incm60__toff59132__Om180__om150,2.498045097756011,0.05791215146951623,0.0043895167850306,0.0471677510048732,0,,Neptune,2.4172942401573128,1.0,25.0,-60.0,59132.0,180.0,150.0
20260811_184731__rp1__vinf25__inc60__toff59132__Om0__om330,2.4980450837391563,0.05791214866208328,0.0043895138671418,0.0471677486191337,0,,Neptune,2.4172942401573883,1.0,25.0,60.0,59132.0,0.0,330.0
20260811_184731__rp0p75__vinf25__inc30__toff59132__Om270__om75,2.496940771193583,0.11309140033880809,0.108822394114702,0.0595276895939653,0,,Saturn,1.2736077194482354,0.75,25.0,30.0,59132.0,270.0,75.0
20260811_184731__rp0p75__vinf25__incm30__toff59132__Om90__om255,2.4969407711648306,0.11309140032714594,0.1088223941010729,0.0595276895901762,0,,Saturn,1.2736077194483977,0.75,25.0,-30.0,59132.0,90.0,255.0
20260811_184731__rp0p75__vinf25__inc60__toff59132__Om90__om255,2.496628765786948,0.07311149776923995,-0.0146574407424602,0.0465619295146418,0,,Neptune,1.6454694968643482,0.75,25.0,60.0,59132.0,90.0,255.0
20260811_184731__rp0p75__vinf25__incm60__toff59132__Om270__om75,2.496628762775018,0.07311149716668157,-0.0146574403655449,0.046561929336911,0,,Neptune,1.6454694968643255,0.75,25.0,-60.0,59132.0,270.0,75.0
20260811_184731__rp1p25__vinf25__incm90__toff59132__Om180__om45,2.493588817588952,0.14601322706635878,-0.0558827966659918,0.0779874683875838,0,,Uranus,1.221348984534464,1.25,25.0,-90.0,59132.0,180.0,45.0
20260811_184731__rp1p25__vinf25__inc90__toff59132__Om0__om225,2.4935888155672337,0.1460132266620664,-0.0558827964781449,0.0779874681376245,0,,Uranus,1.2213489845344319,1.25,25.0,90.0,59132.0,0.0,225.0
20260811_184731__rp1p5__vinf25__inc30__toff59132__Om0__om210,2.4908231444496955,0.15135496799612802,-0.0592591181066114,0.0803992631358341,0,,Neptune,1.2898606417321394,1.5,25.0,30.0,59132.0,0.0,210.0
20260811_184731__rp1p5__vinf25__incm30__toff59132__Om180__om30,2.4908231437887673,0.15135496786414335,-0.0592591180885597,0.0803992630075443,0,,Neptune,1.289860641731933,1.5,25.0,-30.0,59132.0,180.0,30.0
20260811_184731__rp1__vinf25__incm90__toff59132__Om180__om225,2.48554021891415,0.1492023654718796,0.1539699416360235,0.0717731071666242,0,,Saturn,1.4148062435647957,1.0,25.0,-90.0,59132.0,180.0,225.0
20260811_184731__rp1__vinf25__inc90__toff59132__Om0__om45,2.485540215061916,0.14920236470070633,0.1539699406154674,0.0717731070013484,0,,Saturn,1.4148062435649202,1.0,25.0,90.0,59132.0,0.0,45.0
20260811_184731__rp1p5__vinf25__incm60__toff59132__Om90__om315,2.4855391877306534,0.09783699381522393,0.0212050141229794,0.0830507968204614,0,,Uranus,2.030130386759526,1.5,25.0,-60.0,59132.0,90.0,315.0
20260811_184731__rp1p5__vinf25__inc60__toff59132__Om270__om135,2.4855391862135736,0.09783699351062687,0.021205013791575,0.0830507965394169,0,,Uranus,2.030130386759521,1.5,25.0,60.0,59132.0,270.0,135.0
20260811_184731__rp1__vinf25__inc0__toff59132__Om270__om75,2.485307521166367,0.06622298963575318,0.0587309870722291,0.0542325044907551,0,,Neptune,2.1217452123876375,1.0,25.0,0.0,59132.0,270.0,75.0
20260811_184731__rp1__vinf25__inc0__toff59132__Om180__om165,2.4853075209289113,0.06622298954417227,0.0587309869845126,0.05423250456309,0,,Neptune,2.121745212387856,1.0,25.0,0.0,59132.0,180.0,165.0
20260811_184731__rp1__vinf25__inc0__toff59132__Om90__om255,2.4853075205387802,0.06622298947559516,0.0587309869188258,0.0542325046171489,0,,Neptune,2.1217452123878644,1.0,25.0,0.0,59132.0,90.0,255.0
20260811_184731__rp1__vinf25__inc0__toff59132__Om0__om345,2.4853075205387802,0.06622298947559516,0.0587309869188258,0.0542325046171489,0,,Neptune,2.1217452123878644,1.0,25.0,0.0,59132.0,0.0,345.0
20260811_184731__rp0p75__vinf25__incm90__toff59132__Om0__om60,2.484663465226912,0.08599808438086225,0.0792962318857398,0.0650981483446792,0,,Neptune,1.50783602648292,0.75,25.0,-90.0,59132.0,0.0,60.0
20260811_184731__rp0p75__vinf25__inc90__toff59132__Om180__om240,2.4846634617716217,0.08599808368999748,0.0792962311873713,0.0650981490222626,0,,Neptune,1.5078360264828188,0.75,25.0,90.0,59132.0,180.0,240.0
20260811_184731__rp1p5__vinf25__incm60__toff59132__Om180__om240,2.483889877576042,0.12408549109809008,-0.0180444907245856,0.0924946618818446,0,,Uranus,1.5444814611700606,1.5,25.0,-60.0,59132.0,180.0,240.0
20260811_184731__rp1p5__vinf25__inc60__toff59132__Om0__om60,2.4838898759024004,0.12408549069761401,-0.0180444905159496,0.0924946616727822,0,,Uranus,1.5444814611711952,1.5,25.0,60.0,59132.0,0.0,60.0
20260811_184731__rp1p5__vinf25__incm60__toff59132__Om270__om255,2.4831270522977738,0.09698429465421475,0.0912677704164569,0.0683909891094137,1,Neptune,Neptune,2.2064750403842432,1.5,25.0,-60.0,59132.0,270.0,255.0
20260811_184731__rp1p5__vinf25__inc60__toff59132__Om90__om75,2.483127046898811,0.09698429357497369,0.0912677691758331,0.0683909879972862,1,Neptune,Neptune,2.2064750403840785,1.5,25.0,60.0,59132.0,90.0,75.0
20260811_184731__rp1__vinf25__inc90__toff59132__Om270__om300,2.4812097497055916,0.13651853691768412,-0.0659386240551093,0.0571087530286043,0,,Uranus,1.6809737594112255,1.0,25.0,90.0,59132.0,270.0,300.0
20260811_184731__rp1__vinf25__incm90__toff59132__Om90__om120,2.4812097493793424,0.1365185368529418,-0.0659386236636629,0.0571087533743946,0,,Uranus,1.6809737594108378,1.0,25.0,-90.0,59132.0,90.0,120.0
20260811_184731__rp1p25__vinf25__incm60__toff59132__Om0__om210,2.480722685179183,0.10709694231055596,-0.0249943096137811,0.0686155557591064,0,,Saturn,1.616225082256936,1.25,25.0,-60.0,59132.0,0.0,210.0
20260811_184731__rp1p25__vinf25__inc60__toff59132__Om180__om30,2.4807226762848598,0.10709694053166557,-0.0249943087494125,0.0686155548538253,0,,Saturn,1.6162250822567112,1.25,25.0,60.0,59132.0,180.0,30.0
20260811_184731__rp1p5__vinf25__inc30__toff59132__Om90__om120,2.479870721765269,0.14566805144636136,-0.0590247431238253,0.0743493780752599,0,,Neptune,1.3378656132696278,1.5,25.0,30.0,59132.0,90.0,120.0
20260811_184731__rp1p5__vinf25__incm30__toff59132__Om270__om300,2.4798707206492727,0.14566805122280588,-0.0590247429697139,0.0743493779898988,0,,Neptune,1.3378656132695652,1.5,25.0,-30.0,59132.0,270.0,300.0
20260811_184731__rp1p5__vinf25__inc30__toff59132__Om180__om195,2.4792127549298226,0.11066905455458996,0.1061211931015776,0.0606527450976459,0,,Neptune,1.5842426230605815,1.5,25.0,30.0,59132.0,180.0,195.0
20260811_184731__rp1p5__vinf25__incm30__toff59132__Om0__om15,2.4792127518659344,0.11066905394186022,0.1061211924115589,0.0606527452352433,0,,Neptune,1.5842426230605573,1.5,25.0,-30.0,59132.0,0.0,15.0
20260811_184731__rp1p5__vinf25__incm30__toff59132__Om90__om120,2.4790989346207444,0.134906813865672,-0.052262241045071,0.0696916166968009,0,,Saturn,1.6804798483217849,1.5,25.0,-30.0,59132.0,90.0,120.0
20260811_184731__rp1p5__vinf25__inc30__toff59132__Om270__om300,2.479098934535242,0.1349068138490274,-0.0522622412710549,0.0696916164459031,0,,Saturn,1.680479848319602,1.5,25.0,30.0,59132.0,270.0,300.0
20260811_184731__rp1p5__vinf25__inc30__toff59132__Om270__om285,2.4779614775529084,0.13598201195611875,-0.0525198427641853,0.0705765012968734,0,,Neptune,1.2918238120956913,1.5,25.0,30.0,59132.0,270.0,285.0
20260811_184731__rp1p5__vinf25__incm30__toff59132__Om90__om105,2.4779614700565453,0.13598201045713623,-0.0525198418613132,0.0705765006219956,0,,Neptune,1.2918238120956114,1.5,25.0,-30.0,59132.0,90.0,105.0
20260811_184731__rp0p5__vinf25__inc90__toff59132__Om180__om285,2.4751321351429016,0.2064328649079154,0.2422052549210515,0.200560176602218,0,,Uranus,1.9435258931979786,0.5,25.0,90.0,59132.0,180.0,285.0
20260811_184731__rp0p5__vinf25__incm90__toff59132__Om0__om105,2.475132133719999,0.2064328646225956,0.2422052540570652,0.200560176233797,0,,Uranus,1.9435258931970636,0.5,25.0,-90.0,59132.0,0.0,105.0
20260811_184731__rp1p5__vinf25__inc30__toff59132__Om270__om330,2.472361141982326,0.12562118842295808,-0.0458343475932514,0.0664898124123022,0,,Uranus,1.6263098481272258,1.5,25.0,30.0,59132.0,270.0,330.0
20260811_184731__rp1p5__vinf25__incm30__toff59132__Om90__om150,2.472361141937823,0.1256211884131976,-0.0458343475935306,0.0664898124018395,0,,Uranus,1.626309848127308,1.5,25.0,-30.0,59132.0,90.0,150.0
20260811_184731__rp1__vinf25__incm90__toff59132__Om90__om210,2.4712820650664833,0.09187116618204504,-0.0220970883054096,0.0566973133629503,0,,Mars,2.0411628243113746,1.0,25.0,-90.0,59132.0,90.0,210.0
20260811_184731__rp1__vinf25__inc90__toff59132__Om270__om30,2.4712820647188156,0.0918711661127062,-0.0220970880471592,0.0566973135521987,0,,Mars,2.041162824310166,1.0,25.0,90.0,59132.0,270.0,30.0
20260811_184731__rp0p75__vinf25__incm60__toff59132__Om270__om135,2.471261729980146,0.18189140087666952,0.2033580231176338,0.1060981324404629,0,,Saturn,0.9718033297133233,0.75,25.0,-60.0,59132.0,270.0,135.0
20260811_184731__rp0p75__vinf25__inc60__toff59132__Om90__om315,2.471261726674382,0.18189140021236266,0.2033580222315988,0.106098133234201,0,,Saturn,0.9718033297131947,0.75,25.0,60.0,59132.0,90.0,315.0
20260811_184731__rp1p25__vinf25__incm30__toff59132__Om0__om300,2.470740464586692,0.09234782622179873,-0.0392005135201659,0.0399379833847136,0,,Neptune,1.820222903369105,1.25,25.0,-30.0,59132.0,0.0,300.0
20260811_184731__rp1p25__vinf25__inc30__toff59132__Om180__om120,2.470740464584302,0.09234782622146873,-0.0392005135270474,0.0399379833773442,0,,Neptune,1.8202229033691637,1.25,25.0,30.0,59132.0,180.0,120.0
20260811_184731__rp1__vinf25__inc90__toff59132__Om0__om255,2.4609210034768725,0.1756114312887748,-0.0848753661881994,0.0811957517652365,1,Uranus,Uranus,2.2846174731662456,1.0,25.0,90.0,59132.0,0.0,255.0
20260811_184731__rp1__vinf25__incm90__toff59132__Om180__om75,2.460921003212775,0.1756114312375057,-0.0848753661696721,0.0811957517241288,1,Uranus,Uranus,2.2846174731661737,1.0,25.0,-90.0,59132.0,180.0,75.0
20260811_184731__rp1__vinf25__inc90__toff59132__Om90__om165,2.4606031123147725,0.13509993405349166,-0.0659461231139605,0.0555707656374252,0,,Uranus,1.6697403570157208,1.0,25.0,90.0,59132.0,90.0,165.0
20260811_184731__rp1__vinf25__incm90__toff59132__Om270__om345,2.460603111797857,0.13509993394882033,-0.0659461230183221,0.0555707656263661,0,,Uranus,1.6697403570151492,1.0,25.0,-90.0,59132.0,270.0,345.0
20260811_184731__rp1__vinf25__inc90__toff59132__Om180__om15,2.4604721241131537,0.08947496731136015,0.0435654590360742,0.075059510095097,0,,Neptune,1.9252685251228627,1.0,25.0,90.0,59132.0,180.0,15.0
20260811_184731__rp1__vinf25__incm90__toff59132__Om0__om195,2.4604721238475316,0.08947496725787836,0.0435654586992634,0.0750595100451478,0,,Neptune,1.925268525122829,1.0,25.0,-90.0,59132.0,0.0,195.0
20260811_184731__rp1p25__vinf25__inc60__toff59132__Om270__om15,2.4565990630285452,0.1100575927167083,-0.0394607944011689,0.0570718246185991,0,,Uranus,1.4585049322168664,1.25,25.0,60.0,59132.0,270.0,15.0
20260811_184731__rp1p25__vinf25__incm60__toff59132__Om90__om195,2.456599060353203,0.11005759218158179,-0.03946079335899,0.0570718251413294,0,,Uranus,1.4585049322168495,1.25,25.0,-60.0,59132.0,90.0,195.0
20260811_184731__rp1p25__vinf25__incm30__toff59132__Om90__om270,2.455539003220332,0.1312440667469126,0.1320379548746671,0.081859544166685,0,,Saturn,1.2991961614850382,1.25,25.0,-30.0,59132.0,90.0,270.0
20260811_184731__rp1p25__vinf25__inc30__toff59132__Om270__om90,2.4555390010458105,0.1312440663127234,0.132037954340274,0.0818595441980144,0,,Saturn,1.2991961614856338,1.25,25.0,30.0,59132.0,270.0,90.0
20260811_184731__rp1p25__vinf25__inc60__toff59132__Om90__om105,2.4538771266335972,0.1334474420113061,-0.0591928367800479,0.0609255229990125,0,,Neptune,1.6613451412613844,1.25,25.0,60.0,59132.0,90.0,105.0
20260811_184731__rp1p25__vinf25__incm60__toff59132__Om270__om285,2.4538771265587203,0.13344744199767622,-0.0591928367078886,0.0609255230600713,0,,Neptune,1.6613451412612823,1.25,25.0,-60.0,59132.0,270.0,285.0
20260811_184731__rp1__vinf25__inc60__toff59132__Om270__om30,2.452868006196973,0.10905280432717207,-0.0413950836847419,0.054094329530803,0,,Mars,1.4906982818978092,1.0,25.0,60.0,59132.0,270.0,30.0
20260811_184731__rp1__vinf25__incm60__toff59132__Om90__om210,2.4528679603295904,0.10905279515476629,-0.0413950772910346,0.0540943268746973,0,,Mars,1.4906982818666403,1.0,25.0,-60.0,59132.0,90.0,210.0
20260811_184731__rp1p25__vinf25__inc30__toff59132__Om0__om345,2.4524487872943608,0.06021262116024787,0.0402169200711667,0.0490508855372247,0,,Mars,2.0794659876345563,1.25,25.0,30.0,59132.0,0.0,345.0
20260811_184731__rp1p25__vinf25__incm30__toff59132__Om180__om165,2.4524487845646767,0.06021262061811091,0.0402169208439205,0.0490508850811673,0,,Mars,2.079465987534803,1.25,25.0,-30.0,59132.0,180.0,165.0
20260811_184731__rp1p5__vinf25__incm60__toff59132__Om180__om120,2.4505516392125446,0.089428445840638,-0.0322946823224008,0.0441724726417876,0,,Neptune,1.9901157407717025,1.5,25.0,-60.0,59132.0,180.0,120.0
20260811_184731__rp1p5__vinf25__inc60__toff59132__Om0__om300,2.4505516379319414,0.08942844558434336,-0.0322946811996917,0.0441724735330013,0,,Neptune,1.9901157407716181,1.5,25.0,60.0,59132.0,0.0,300.0
20260811_184731__rp1p25__vinf25__inc90__toff59132__Om270__om315,2.44693372687063,0.10514738640810709,-0.0394464982636382,0.0521905868240516,0,,Uranus,1.634840549439415,1.25,25.0,90.0,59132.0,270.0,315.0
20260811_184731__rp1p25__vinf25__incm90__toff59132__Om90__om135,2.4469337261422472,0.1051473862628907,-0.0394464978350747,0.0521905871167441,0,,Uranus,1.6348405494393952,1.25,25.0,-90.0,59132.0,90.0,135.0
20260811_184731__rp0p75__vinf25__incm90__toff59132__Om90__om105,2.446894258343068,0.16396468958844987,-0.0940688445181145,0.05733435861548,0,,Uranus,1.729927143802731,0.75,25.0,-90.0,59132.0,90.0,105.0
20260811_184731__rp0p75__vinf25__inc90__toff59132__Om270__om285,2.4468942564888305,0.16396468921669322,-0.0940688442465039,0.0573343584841791,0,,Uranus,1.7299271438023862,0.75,25.0,90.0,59132.0,270.0,285.0
20260811_184731__rp1p5__vinf25__incm30__toff59132__Om90__om180,2.4441112610569373,0.11081482457946731,-0.0390809556415316,0.058217552431424,0,,Uranus,1.725481394615166,1.5,25.0,-30.0,59132.0,90.0,180.0
20260811_184731__rp1p5__vinf25__inc30__toff59132__Om270__om0,2.4441112606858137,0.11081482450499294,-0.039080955640272,0.0582175523579107,0,,Uranus,1.7254813946151788,1.5,25.0,30.0,59132.0,270.0,0.0
20260811_184731__rp1p25__vinf25__inc30__toff59132__Om90__om330,2.443191010785921,0.08266420083987024,0.0726712277929694,0.0693662968021041,0,,Uranus,1.915104682509707,1.25,25.0,30.0,59132.0,90.0,330.0
20260811_184731__rp1p25__vinf25__incm30__toff59132__Om270__om150,2.4431910101744494,0.08266420071679115,0.0726712280121998,0.0693662966987885,0,,Uranus,1.915104682509963,1.25,25.0,-30.0,59132.0,270.0,150.0
20260811_184731__rp1__vinf25__inc90__toff59132__Om180__om330,2.4396070978348225,0.09009675197597009,0.0839973533940036,0.0723766421233773,0,,Saturn,1.5758872918573996,1.0,25.0,90.0,59132.0,180.0,330.0
20260811_184731__rp1__vinf25__incm90__toff59132__Om0__om150,2.4396070919217143,0.0900967507928486,0.0839973521340465,0.0723766423432873,0,,Saturn,1.5758872918574482,1.0,25.0,-90.0,59132.0,0.0,150.0
20260811_184731__rp1p25__vinf25__inc60__toff59132__Om0__om345,2.4394402977138014,0.06267807075586972,0.0524537708506168,0.0513775585268793,0,,Neptune,2.106009339718373,1.25,25.0,60.0,59132.0,0.0,345.0
20260811_184731__rp1p25__vinf25__incm60__toff59132__Om180__om165,2.4394402966351434,0.06267807053983328,0.052453771825356,0.0513775583623548,0,,Neptune,2.1060093397183213,1.25,25.0,-60.0,59132.0,180.0,165.0
20260811_184731__rp1__vinf25__incm90__toff59132__Om180__om150,2.4357955467082393,0.06001198392480513,0.0405569589770603,0.0488828991572457,0,,Neptune,2.24074870707421,1.0,25.0,-90.0,59132.0,180.0,150.0
20260811_184731__rp1__vinf25__inc90__toff59132__Om0__om330,2.4357955412774404,0.06001198283637549,0.0405569579226371,0.0488828982092043,0,,Neptune,2.240748707074115,1.0,25.0,90.0,59132.0,0.0,330.0
20260811_184731__rp1p5__vinf25__inc30__toff59132__Om180__om15,2.4343399910754573,0.10702791780769061,-0.0309147770110221,0.0626656048177344,0,,Neptune,1.5486396554643256,1.5,25.0,30.0,59132.0,180.0,15.0
20260811_184731__rp1p5__vinf25__incm30__toff59132__Om0__om195,2.4343399907962615,0.10702791775214829,-0.0309147766905931,0.0626656050829928,0,,Neptune,1.5486396554643609,1.5,25.0,-30.0,59132.0,0.0,195.0
20260811_184731__rp1__vinf25__inc60__toff59132__Om180__om150,2.434006935810976,0.07163958887260043,0.0634919957101421,0.0593980777900636,0,,Neptune,2.073253290285913,1.0,25.0,60.0,59132.0,180.0,150.0
20260811_184731__rp1__vinf25__incm60__toff59132__Om0__om330,2.4340069330243135,0.07163958831701021,0.0634919960707701,0.0593980773151114,0,,Neptune,2.073253290285983,1.0,25.0,-60.0,59132.0,0.0,330.0
20260811_184731__rp1p5__vinf25__incm30__toff59132__Om0__om30,2.4322804147617774,0.11308051522424598,0.1089113260082762,0.0611330350064027,0,,Saturn,1.429711314470239,1.5,25.0,-30.0,59132.0,0.0,30.0
20260811_184731__rp1p5__vinf25__inc30__toff59132__Om180__om210,2.4322804106380893,0.11308051439968543,0.1089113250501389,0.0611330348408189,0,,Saturn,1.4297113144700373,1.5,25.0,30.0,59132.0,180.0,210.0
20260811_184731__rp1__vinf25__incm90__toff59132__Om0__om165,2.429037246772112,0.08818466629255031,0.0816769081347518,0.0665125190602604,0,,Neptune,1.6825145363298943,1.0,25.0,-90.0,59132.0,0.0,165.0
20260811_184731__rp1__vinf25__inc90__toff59132__Om180__om345,2.429037240622371,0.0881846650629385,0.0816769068085915,0.0665125186602933,0,,Neptune,1.6825145363302614,1.0,25.0,90.0,59132.0,180.0,345.0
20260811_184731__rp1p5__vinf25__inc60__toff59132__Om0__om330,2.4266486709866784,0.04735077208193655,0.002299904367694,0.0381251121329843,0,,Neptune,2.1984217018102052,1.5,25.0,60.0,59132.0,0.0,330.0
20260811_184731__rp1p5__vinf25__incm60__toff59132__Om180__om150,2.426648668547398,0.047350771605443924,0.002299904784547,0.0381251117210629,0,,Neptune,2.198421701810297,1.5,25.0,-60.0,59132.0,180.0,150.0
20260811_184731__rp0p75__vinf25__incm90__toff59132__Om270__om330,2.4247396087010618,0.16063051015702326,-0.0932185979065198,0.0544044908042693,0,,Uranus,1.6999133317090018,0.75,25.0,-90.0,59132.0,270.0,330.0
20260811_184731__rp0p75__vinf25__inc90__toff59132__Om90__om150,2.4247396036087183,0.16063050913949847,-0.093218597421781,0.0544044901660294,0,,Uranus,1.6999133317083959,0.75,25.0,90.0,59132.0,90.0,150.0
20260811_184731__rp1__vinf25__incm90__toff59132__Om0__om45,2.4231905273126695,0.0663532641476005,0.0582696126562413,0.0359519939214565,0,,Neptune,1.8795446214054718,1.0,25.0,-90.0,59132.0,0.0,45.0
20260811_184731__rp1__vinf25__inc90__toff59132__Om180__om225,2.4231905265491136,0.0663532639956083,0.0582696125124554,0.0359519940524351,0,,Neptune,1.8795446214054343,1.0,25.0,90.0,59132.0,180.0,225.0
20260811_184731__rp1p25__vinf25__incm60__toff59132__Om0__om135,2.4225494439922137,0.11575729250754664,0.0895261468859999,0.1003257253437178,0,,Neptune,1.4752459605581125,1.25,25.0,-60.0,59132.0,0.0,135.0
20260811_184731__rp1p25__vinf25__inc60__toff59132__Om180__om315,2.422549441101802,0.11575729193099486,0.0895261481799939,0.1003257248280011,0,,Neptune,1.4752459605578505,1.25,25.0,60.0,59132.0,180.0,315.0
20260811_184731__rp1__vinf25__incm60__toff59132__Om0__om45,2.4199043329038283,0.11938122813405802,0.1160362877618369,0.0583081960929932,0,,Saturn,1.3893412287540157,1.0,25.0,-60.0,59132.0,0.0,45.0
20260811_184731__rp1__vinf25__inc60__toff59132__Om180__om225,2.419904332609196,0.11938122807485323,0.1160362876994364,0.0583081961954601,0,,Saturn,1.389341228754921,1.0,25.0,60.0,59132.0,180.0,225.0
20260811_184731__rp1p25__vinf25__inc90__toff59132__Om270__om120,2.419309227008924,0.1025962181830307,0.0374983344555422,0.0873173521857364,0,,Neptune,1.749454996538493,1.25,25.0,90.0,59132.0,270.0,120.0
20260811_184731__rp1p25__vinf25__incm90__toff59132__Om90__om300,2.419309225889364,0.10259621795912241,0.0374983343791385,0.0873173519740384,0,,Neptune,1.7494549965392818,1.25,25.0,-90.0,59132.0,90.0,300.0
20260811_184731__rp1p5__vinf25__inc60__toff59132__Om270__om345,2.4189185941041504,0.10094625695754227,-0.0325118488566817,0.0550740282729317,0,,Uranus,1.5991786966784816,1.5,25.0,60.0,59132.0,270.0,345.0
20260811_184731__rp1p5__vinf25__incm60__toff59132__Om90__om165,2.418918593346301,0.10094625680562136,-0.0325118487750009,0.0550740282064674,0,,Uranus,1.5991786966784534,1.5,25.0,-60.0,59132.0,90.0,165.0
20260811_184731__rp1p5__vinf25__inc60__toff59132__Om90__om180,2.4185640736472553,0.09922388139073596,-0.035951989660386,0.0499154260584536,0,,Uranus,1.5154507949555913,1.5,25.0,60.0,59132.0,90.0,180.0
20260811_184731__rp1p5__vinf25__incm60__toff59132__Om270__om0,2.4185640713585594,0.09922388093361066,-0.0359519895027803,0.049915425772042,0,,Uranus,1.5154507949554668,1.5,25.0,-60.0,59132.0,270.0,0.0
20260811_184731__rp1p25__vinf25__inc90__toff59132__Om90__om180,2.416152033784828,0.10272504095604154,-0.0382701244483576,0.0509942235807224,0,,Uranus,1.6188645830425612,1.25,25.0,90.0,59132.0,90.0,180.0
20260811_184731__rp1p25__vinf25__incm90__toff59132__Om270__om0,2.416152002100288,0.1027250351164436,-0.0382701162551135,0.0509942261640301,0,,Uranus,1.6188645830585722,1.25,25.0,-90.0,59132.0,270.0,0.0
20260811_184731__rp1p25__vinf25__incm90__toff59132__Om270__om60,2.4148283284876166,0.08851836259477883,-0.0231295385152554,0.0524903251932687,0,,Mars,1.6502894683720668,1.25,25.0,-90.0,59132.0,270.0,60.0
20260811_184731__rp1p25__vinf25__inc90__toff59132__Om90__om240,2.414828328213906,0.08851836253990583,-0.0231295382810687,0.052490325373765,0,,Mars,1.6502894683673217,1.25,25.0,90.0,59132.0,90.0,240.0
20260811_184731__rp1p25__vinf25__incm60__toff59132__Om90__om285,2.4143406586444547,0.13877847406339347,0.1426832842542481,0.0959220511976472,0,,Uranus,1.557094038014603,1.25,25.0,-60.0,59132.0,90.0,285.0
20260811_184731__rp1p25__vinf25__inc60__toff59132__Om270__om105,2.4143406573765267,0.13877847380593897,0.1426832839328303,0.0959220512905581,0,,Uranus,1.5570940380145128,1.25,25.0,60.0,59132.0,270.0,105.0
20260811_184731__rp1__vinf25__inc90__toff59132__Om90__om90,2.4132708919384487,0.19631746998031127,0.2351394156350922,0.1694488930734942,0,,Neptune,1.6626385115189999,1.0,25.0,90.0,59132.0,90.0,90.0
20260811_184731__rp1__vinf25__incm90__toff59132__Om270__om270,2.413270874886894,0.19631746656914473,0.2351394094617674,0.1694488895564283,0,,Neptune,1.6626385115189473,1.0,25.0,-90.0,59132.0,270.0,270.0
20260811_184731__rp1p25__vinf25__incm30__toff59132__Om0__om240,2.4128653728149607,0.1600612043872809,-0.0689537173068589,0.0800718522518411,0,,Uranus,1.5672565798888092,1.25,25.0,-30.0,59132.0,0.0,240.0
20260811_184731__rp1p25__vinf25__inc30__toff59132__Om180__om60,2.412865369241654,0.16006120367270452,-0.0689537161615484,0.0800718526445902,0,,Uranus,1.5672565798885898,1.25,25.0,30.0,59132.0,180.0,60.0
20260811_184731__rp1__vinf25__inc0__toff59132__Om270__om150,2.412105163478083,0.025830899020293008,-0.017565761179735,0.0028960585579208,0,,Uranus,2.224299268035775,1.0,25.0,0.0,59132.0,270.0,150.0
20260811_184731__rp1__vinf25__inc0__toff59132__Om0__om60,2.412105163478083,0.025830899020293008,-0.017565761179735,0.0028960585579208,0,,Uranus,2.224299268035775,1.0,25.0,0.0,59132.0,0.0,60.0
20260811_184731__rp1__vinf25__inc0__toff59132__Om90__om330,2.412105143813273,0.025830895080983372,-0.0175657595312622,0.0028960570032483,0,,Uranus,2.2242992680380422,1.0,25.0,0.0,59132.0,90.0,330.0
20260811_184731__rp1__vinf25__inc0__toff59132__Om180__om240,2.4121051250419714,0.025830891332264547,-0.0175657579605338,0.0028960555258232,0,,Uranus,2.2242992680385267,1.0,25.0,0.0,59132.0,180.0,240.0
20260811_184731__rp1p5__vinf25__inc90__toff59132__Om0__om15,2.4112890744305355,0.10114666640643048,0.0949594019349725,0.0519624145821612,0,,Neptune,1.6794326879674117,1.5,25.0,90.0,59132.0,0.0,15.0
20260811_184731__rp1p5__vinf25__incm90__toff59132__Om180__om195,2.4112890742412136,0.10114666636816033,0.0949594018950558,0.0519624146218182,0,,Neptune,1.6794326879675026,1.5,25.0,-90.0,59132.0,180.0,195.0
20260811_184731__rp1p25__vinf25__inc60__toff59132__Om180__om165,2.4107526291979107,0.0875008720682392,0.0809177959985273,0.0658003219909351,0,,Neptune,2.084188362763503,1.25,25.0,60.0,59132.0,180.0,165.0
20260811_184731__rp1p25__vinf25__incm60__toff59132__Om0__om345,2.4107526272900004,0.08750087168811914,0.0809177955929277,0.065800321937681,0,,Neptune,2.0841883627636055,1.25,25.0,-60.0,59132.0,0.0,345.0
20260811_184731__rp1p25__vinf25__incm30__toff59132__Om180__om180,2.410676438422759,0.1143371305370146,0.1110933512988444,0.0725065652673802,0,,Neptune,1.6042641637538142,1.25,25.0,-30.0,59132.0,180.0,180.0
20260811_184731__rp1p25__vinf25__inc30__toff59132__Om0__om0,2.410676430090557,0.11433712887183722,0.1110933494622431,0.0725065667896736,0,,Neptune,1.6042641637542099,1.25,25.0,30.0,59132.0,0.0,0.0
20260811_184731__rp1p25__vinf25__inc90__toff59132__Om90__om345,2.410317080972018,0.102433074908715,0.0389707257896029,0.0871510657212012,0,,Neptune,1.709652915066365,1.25,25.0,90.0,59132.0,90.0,345.0
20260811_184731__rp1p25__vinf25__incm90__toff59132__Om270__om165,2.410317080701865,0.10243307485591176,0.0389707257241233,0.0871510656716511,0,,Neptune,1.7096529150663793,1.25,25.0,-90.0,59132.0,270.0,165.0
20260811_184731__rp1p5__vinf25__incm30__toff59132__Om180__om45,2.407776596823274,0.1444387461999554,-0.0557224034344162,0.0764269677484847,0,,Neptune,0.986099537264782,1.5,25.0,-30.0,59132.0,180.0,45.0
20260811_184731__rp1p5__vinf25__inc30__toff59132__Om0__om225,2.4077765884873097,0.14443874453267608,-0.0557224026129939,0.0764269667731943,0,,Neptune,0.9860995372647885,1.5,25.0,30.0,59132.0,0.0,225.0
20260811_184731__rp1p25__vinf25__incm30__toff59132__Om0__om270,2.40651481990111,0.13703577660580243,-0.0600469843729342,0.0638828400178192,0,,Uranus,1.9858187963682754,1.25,25.0,-30.0,59132.0,0.0,270.0
20260811_184731__rp1p25__vinf25__inc30__toff59132__Om180__om90,2.4065148144370756,0.13703577551252868,-0.0600469838270054,0.0638828394111033,0,,Uranus,1.9858187963683018,1.25,25.0,30.0,59132.0,180.0,90.0
20260811_184731__rp1p25__vinf25__incm60__toff59132__Om90__om120,2.404659329037238,0.15006035944706905,-0.0692277705597975,0.068487833536091,0,,Uranus,1.5966728683023665,1.25,25.0,-60.0,59132.0,90.0,120.0
20260811_184731__rp1p25__vinf25__inc60__toff59132__Om270__om300,2.4046593288127074,0.1500603594016388,-0.0692277711195265,0.0684878328908898,0,,Uranus,1.5966728683023947,1.25,25.0,60.0,59132.0,270.0,300.0
20260811_184731__rp1__vinf25__incm30__toff59132__Om0__om330,2.398907389690263,0.05504028533091205,0.020826911008292,0.0445120707672481,0,,Neptune,2.363269746098689,1.0,25.0,-30.0,59132.0,0.0,330.0
20260811_184731__rp1__vinf25__inc30__toff59132__Om180__om150,2.3989073890625034,0.05504028520813607,0.0208269110827544,0.0445120706618473,0,,Neptune,2.363269746098343,1.0,25.0,30.0,59132.0,180.0,150.0
20260811_184731__rp0p25__vinf25__inc90__toff59132__Om180__om105,2.3978896764078304,0.1666398951808176,0.0922182583972136,0.1517911075033285,0,,Neptune,0.9651865830491583,0.25,25.0,90.0,59132.0,180.0,105.0
20260811_184731__rp0p25__vinf25__incm90__toff59132__Om0__om285,2.397889670926965,0.16663989408046742,0.0922182619229928,0.151791106337881,0,,Neptune,0.9651865830494872,0.25,25.0,-90.0,59132.0,0.0,285.0
20260811_184731__rp1p25__vinf25__inc60__toff59132__Om180__om345,2.397559465293937,0.07714883145584785,0.0457145450610873,0.0639292799342534,0,,Saturn,1.7715162302343708,1.25,25.0,60.0,59132.0,180.0,345.0
20260811_184731__rp1p25__vinf25__incm60__toff59132__Om0__om165,2.397559463915787,0.07714883117928129,0.045714545088617,0.0639292796881512,0,,Saturn,1.771516230231142,1.25,25.0,-60.0,59132.0,0.0,165.0
20260811_184731__rp1p5__vinf25__inc30__toff59132__Om180__om90,2.3963900573399037,0.12251971311823323,-0.0348260403604727,0.0744066224866213,0,,Uranus,1.95809869163139,1.5,25.0,30.0,59132.0,180.0,90.0
20260811_184731__rp1p5__vinf25__incm30__toff59132__Om0__om270,2.3963900547259733,0.12251971253485265,-0.0348260400719878,0.0744066221745387,0,,Uranus,1.9580986916313032,1.5,25.0,-30.0,59132.0,0.0,270.0
20260811_184731__rp0p75__vinf25__incm90__toff59132__Om90__om225,2.3963887545058222,0.09084111664768046,-0.0146032860416338,0.0630721933203868,0,,Mars,2.332461183894603,0.75,25.0,-90.0,59132.0,90.0,225.0
20260811_184731__rp0p75__vinf25__inc90__toff59132__Om270__om45,2.3963887538662374,0.09084111651961388,-0.0146032856630674,0.0630721935677662,0,,Mars,2.3324611838954366,0.75,25.0,90.0,59132.0,270.0,45.0
20260811_184731__rp0p25__vinf25__inc90__toff59132__Om90__om120,2.3930838660121267,0.07652710028492865,0.0031555064187133,0.0637458947582394,0,,Uranus,1.7654908721323803,0.25,25.0,90.0,59132.0,90.0,120.0
20260811_184731__rp0p25__vinf25__incm90__toff59132__Om270__om300,2.3930834231999523,0.07652701175269339,0.0031556953255896,0.0637458089003696,0,,Uranus,1.7654908721176976,0.25,25.0,-90.0,59132.0,270.0,300.0
20260811_184731__rp1p25__vinf25__incm60__toff59132__Om180__om240,2.3903802710118094,0.07941629770267997,0.0087953435418043,0.0662256578069661,0,,Uranus,1.6729417612018,1.25,25.0,-60.0,59132.0,180.0,240.0
20260811_184731__rp1p25__vinf25__inc60__toff59132__Om0__om60,2.3903802693287735,0.07941629909483704,0.0087953432455786,0.0662256590837999,0,,Uranus,1.672941761202587,1.25,25.0,60.0,59132.0,0.0,60.0
20260811_184731__rp1p5__vinf25__inc30__toff59132__Om270__om315,2.388680490227851,0.13084506294263637,-0.0490334426864238,0.0686969810525759,0,,Uranus,1.480012934836564,1.5,25.0,30.0,59132.0,270.0,315.0
20260811_184731__rp1p5__vinf25__incm30__toff59132__Om90__om135,2.388680490036602,0.1308450629043135,-0.0490334425887459,0.0686969811123359,0,,Uranus,1.480012934836508,1.5,25.0,-30.0,59132.0,90.0,135.0
20260811_184731__rp1p5__vinf25__inc30__toff59132__Om180__om345,2.3872299305874454,0.07902721021352133,0.0230897283200285,0.0656216024609778,0,,Neptune,1.906232920268128,1.5,25.0,30.0,59132.0,180.0,345.0
20260811_184731__rp1p5__vinf25__incm30__toff59132__Om0__om165,2.3872299239772383,0.07902720889124241,0.0230897302369698,0.0656216012441256,0,,Neptune,1.9062329202681063,1.5,25.0,-30.0,59132.0,0.0,165.0
20260811_184731__rp0p75__vinf25__inc60__toff59132__Om90__om285,2.3797229750505426,0.09443972245975743,0.0856807125642352,0.0110677410451427,1,Mars,Mars,4.160402244021362,0.75,25.0,60.0,59132.0,90.0,285.0
20260811_184731__rp0p75__vinf25__incm60__toff59132__Om270__om105,2.379722973562048,0.09443972216083844,0.0856807122280244,0.0110677405702696,1,Mars,Mars,4.160402243991652,0.75,25.0,-60.0,59132.0,270.0,105.0
20260811_184731__rp1p25__vinf25__inc90__toff59132__Om270__om15,2.379542860113302,0.08464880917694313,-0.0212980500169034,0.0506623891731229,0,,Mars,1.529863466546958,1.25,25.0,90.0,59132.0,270.0,15.0
20260811_184731__rp1p25__vinf25__incm90__toff59132__Om90__om195,2.379542856944201,0.08464880852186593,-0.0212980497276107,0.0506623888458353,0,,Mars,1.5298634672768117,1.25,25.0,-90.0,59132.0,90.0,195.0
20260811_184731__rp1p5__vinf25__incm60__toff59132__Om180__om180,2.378505126534685,0.0861157357600716,0.0790290157111116,0.0563689339225275,0,,Neptune,1.748862327335993,1.5,25.0,-60.0,59132.0,180.0,180.0
20260811_184731__rp1p5__vinf25__inc60__toff59132__Om0__om0,2.378505124396315,0.08611573533233019,0.0790290152691682,0.0563689340819031,0,,Neptune,1.7488623273360164,1.5,25.0,60.0,59132.0,0.0,0.0
20260811_184731__rp0p25__vinf25__inc60__toff59132__Om180__om120,2.3779528943834167,0.04468549386087219,-0.0171847230628043,0.0190172886689678,0,,Uranus,1.2171929944154134,0.25,25.0,60.0,59132.0,180.0,120.0
20260811_184731__rp0p25__vinf25__incm60__toff59132__Om0__om300,2.3779528916528285,0.044685493314477895,-0.0171847227733731,0.0190172884924116,0,,Uranus,1.2171929944153452,0.25,25.0,-60.0,59132.0,0.0,300.0
20260811_184731__rp0p5__vinf25__inc90__toff59132__Om90__om120,2.3774954169740363,0.15659574477243718,0.0890503143634705,0.1411402511557762,0,,Uranus,1.3118440910440226,0.5,25.0,90.0,59132.0,90.0,120.0
20260811_184731__rp0p5__vinf25__incm90__toff59132__Om270__om300,2.377494487350347,0.15659555885632467,0.0890505127820712,0.1411400576654916,0,,Uranus,1.3118440910445668,0.5,25.0,-90.0,59132.0,270.0,300.0
20260811_184731__rp1p25__vinf25__incm60__toff59132__Om0__om225,2.377251887688538,0.1197067885230178,-0.0367749479026118,0.0695642960504535,0,,Neptune,1.2798110813361616,1.25,25.0,-60.0,59132.0,0.0,225.0
20260811_184731__rp1p25__vinf25__inc60__toff59132__Om180__om45,2.377251885280799,0.119706788041305,-0.0367749476558979,0.0695642958053666,0,,Neptune,1.27981108133629,1.25,25.0,60.0,59132.0,180.0,45.0
20260811_184731__rp1p5__vinf25__inc0__toff59132__Om90__om150,2.375609432281898,0.1349345613157213,-0.0512886309795329,0.07072450108356,0,,Saturn,0.8751919202613359,1.5,25.0,0.0,59132.0,90.0,150.0
20260811_184731__rp1p5__vinf25__inc0__toff59132__Om270__om330,2.375609432122806,0.1349345612862107,-0.0512886307276492,0.0707245013113059,0,,Saturn,0.8751919202613034,1.5,25.0,0.0,59132.0,270.0,330.0
20260811_184731__rp1p5__vinf25__inc0__toff59132__Om0__om240,2.3756094320855885,0.1349345612753928,-0.0512886307222795,0.0707245013052767,0,,Saturn,0.8751919202614178,1.5,25.0,0.0,59132.0,0.0,240.0
20260811_184731__rp1p5__vinf25__inc0__toff59132__Om180__om60,2.375609431289685,0.13493456111397373,-0.051288629670645,0.0707245022153162,0,,Saturn,0.8751919202614413,1.5,25.0,0.0,59132.0,180.0,60.0
20260811_184731__rp1p5__vinf25__inc60__toff59132__Om270__om330,2.37317340473088,0.10498579472804494,-0.0350253086657046,0.0565144046832909,0,,Uranus,1.6064829388562587,1.5,25.0,60.0,59132.0,270.0,330.0
20260811_184731__rp1p5__vinf25__incm60__toff59132__Om90__om150,2.3731734047237096,0.1049857947067611,-0.035025308691505,0.0565144046362006,0,,Uranus,1.606482938857304,1.5,25.0,-60.0,59132.0,90.0,150.0
20260811_184731__rp1p25__vinf25__incm60__toff59132__Om270__om270,2.373076400581516,0.06966773919549929,-0.0061181212905483,0.0517710159839843,1,Neptune,Neptune,2.0951511444430904,1.25,25.0,-60.0,59132.0,270.0,270.0
20260811_184731__rp1p25__vinf25__inc60__toff59132__Om90__om90,2.3730764003664295,0.0696677391465929,-0.0061181210245268,0.0517710161972406,1,Neptune,Neptune,2.095151144442579,1.25,25.0,60.0,59132.0,90.0,90.0
20260811_184731__rp0p75__vinf25__inc90__toff59132__Om90__om105,2.3710632194412096,0.14727863403075694,0.1214555141976266,0.132199393170287,0,,Neptune,1.3388892045024494,0.75,25.0,90.0,59132.0,90.0,105.0
20260811_184731__rp0p75__vinf25__incm90__toff59132__Om270__om285,2.371063145630286,0.1472786192564095,0.12145552647029,0.1321993786557782,0,,Neptune,1.33888920450073,0.75,25.0,-90.0,59132.0,270.0,285.0
20260811_184731__rp1p5__vinf25__incm90__toff59132__Om180__om330,2.370375609881509,0.09726237747691804,0.0704829376927084,0.0825396528425744,0,,Neptune,1.7365492893731667,1.5,25.0,-90.0,59132.0,180.0,330.0
20260811_184731__rp1p5__vinf25__inc90__toff59132__Om0__om150,2.370375608699467,0.09726237724031685,0.070482937362622,0.0825396526176401,0,,Neptune,1.7365492893732406,1.5,25.0,90.0,59132.0,0.0,150.0
20260811_184731__rp1p25__vinf25__incm60__toff59132__Om0__om150,2.3664362299015167,0.09747818222878607,0.0771074741039533,0.0828911543680394,0,,Neptune,1.6824541513411415,1.25,25.0,-60.0,59132.0,0.0,150.0
20260811_184731__rp1p25__vinf25__inc60__toff59132__Om180__om330,2.3664362284604112,0.09747818194009619,0.0771074742620988,0.0828911541066437,0,,Neptune,1.6824541513411728,1.25,25.0,60.0,59132.0,180.0,330.0
20260811_184731__rp1p5__vinf25__inc30__toff59132__Om180__om0,2.3654968591485126,0.08259803953994675,-0.0108270491117398,0.0590153083561382,0,,Neptune,1.7775614604269485,1.5,25.0,30.0,59132.0,180.0,0.0
20260811_184731__rp1p5__vinf25__incm30__toff59132__Om0__om180,2.3654968508766565,0.08259803788587797,-0.010827048411495,0.059015307501021,0,,Neptune,1.7775614604268972,1.5,25.0,-30.0,59132.0,0.0,180.0
20260811_184731__rp1p25__vinf25__inc30__toff59132__Om180__om135,2.3654496811173797,0.06412669170122672,-0.0177921643490478,0.0353726990408673,0,,Neptune,2.1258366246890006,1.25,25.0,30.0,59132.0,180.0,135.0
20260811_184731__rp1p25__vinf25__incm30__toff59132__Om0__om315,2.3654496808592222,0.06412669164844349,-0.0177921643454576,0.0353726989973374,0,,Neptune,2.1258366246889766,1.25,25.0,-30.0,59132.0,0.0,315.0
20260811_184731__rp1__vinf25__incm90__toff59132__Om0__om225,2.365387740785307,0.10408342513390113,0.0068288032052393,0.089444795368076,0,,Neptune,1.8124738093769384,1.0,25.0,-90.0,59132.0,0.0,225.0
20260811_184731__rp1__vinf25__inc90__toff59132__Om180__om45,2.3653877388012914,0.10408342473750895,0.0068288027802499,0.0894447950012118,0,,Neptune,1.812473809376965,1.0,25.0,90.0,59132.0,180.0,45.0
20260811_184731__rp1p5__vinf25__incm30__toff59132__Om270__om105,2.3649656474044045,0.08780555625939938,0.0801946915419474,0.0428392358121097,1,Saturn,Saturn,2.749186925111133,1.5,25.0,-30.0,59132.0,270.0,105.0
20260811_184731__rp1p5__vinf25__inc30__toff59132__Om90__om285,2.3649656362450395,0.08780555402758577,0.0801946891879897,0.0428392354283198,1,Saturn,Saturn,2.7491869251110534,1.5,25.0,30.0,59132.0,90.0,285.0
20260811_184731__rp1p5__vinf25__inc0__toff59132__Om0__om285,2.359878713217441,0.10717893936598236,-0.0393496207979966,0.0543080542575988,0,,Uranus,1.77298333222918,1.5,25.0,0.0,59132.0,0.0,285.0
20260811_184731__rp1p5__vinf25__inc0__toff59132__Om90__om195,2.3598787125984204,0.10717893923297703,-0.0393496206708283,0.0543080542545354,0,,Uranus,1.7729833322291557,1.5,25.0,0.0,59132.0,90.0,195.0
20260811_184731__rp1p5__vinf25__inc0__toff59132__Om180__om105,2.3598787125984204,0.10717893923297703,-0.0393496206708283,0.0543080542545354,0,,Uranus,1.7729833322291557,1.5,25.0,0.0,59132.0,180.0,105.0
20260811_184731__rp1p5__vinf25__inc0__toff59132__Om270__om15,2.359878710333434,0.10717893878300234,-0.0393496202411989,0.0543080542435638,0,,Uranus,1.772983332229222,1.5,25.0,0.0,59132.0,270.0,15.0
20260811_184731__rp1p5__vinf25__inc30__toff59132__Om180__om75,2.358536949189541,0.11564325117683329,-0.0444887160366763,0.0575851760473571,1,Uranus,Uranus,2.444817543139962,1.5,25.0,30.0,59132.0,180.0,75.0
20260811_184731__rp1p5__vinf25__incm30__toff59132__Om0__om255,2.358536945185018,0.11564325037597152,-0.0444887152926811,0.0575851759940895,1,Uranus,Uranus,2.4448175431400623,1.5,25.0,-30.0,59132.0,0.0,255.0
20260811_184731__rp1p5__vinf25__incm30__toff59132__Om0__om285,2.3574852164164666,0.10386978655780457,-0.0360785549531672,0.054347295553534,0,,Jupiter,1.817136900014943,1.5,25.0,-30.0,59132.0,0.0,285.0
20260811_184731__rp1p5__vinf25__inc30__toff59132__Om180__om105,2.35748521385981,0.10386978671833141,-0.0360785550369552,0.05434729562713,0,,Jupiter,1.8171369000191606,1.5,25.0,30.0,59132.0,180.0,105.0
20260811_184731__rp1p5__vinf25__inc30__toff59132__Om90__om330,2.3570898677637535,0.08623413898509537,0.0403628248254238,0.0720886170543566,0,,Uranus,2.0411781967175004,1.5,25.0,30.0,59132.0,90.0,330.0
20260811_184731__rp1p5__vinf25__incm30__toff59132__Om270__om150,2.3570898657111963,0.08623413857407562,0.0403628243892059,0.0720886166788971,0,,Uranus,2.0411781967175036,1.5,25.0,-30.0,59132.0,270.0,150.0
20260811_184731__rp0p5__vinf25__incm90__toff59132__Om90__om225,2.3559832101512495,0.13156061921809353,-0.0286636798709186,0.0899043622786303,0,,Uranus,1.4451240871013067,0.5,25.0,-90.0,59132.0,90.0,225.0
20260811_184731__rp0p5__vinf25__inc90__toff59132__Om270__om45,2.355983205443156,0.13156061827676396,-0.0286636790275928,0.0899043621206263,0,,Uranus,1.4451240871012347,0.5,25.0,90.0,59132.0,270.0,45.0
20260811_184731__rp1p25__vinf25__incm30__toff59132__Om0__om45,2.353174496383855,0.12622735258984363,0.124995972677404,0.0699115596255376,0,,Saturn,1.4044583931727208,1.25,25.0,-30.0,59132.0,0.0,45.0
20260811_184731__rp1p25__vinf25__inc30__toff59132__Om180__om225,2.353174495831947,0.12622735247958478,0.1249959725364914,0.0699115595191626,0,,Saturn,1.4044583931727774,1.25,25.0,30.0,59132.0,180.0,225.0
20260811_184731__rp1p25__vinf25__inc90__toff59132__Om0__om345,2.352170024558078,0.08053831990729385,0.0733987549574631,0.0605573266248917,0,,Neptune,2.124884845863141,1.25,25.0,90.0,59132.0,0.0,345.0
20260811_184731__rp1p25__vinf25__incm90__toff59132__Om180__om165,2.352170023092321,0.08053831961380592,0.0733987546593145,0.0605573267513607,0,,Neptune,2.124884845863094,1.25,25.0,-90.0,59132.0,180.0,165.0
20260811_184731__rp0p5__vinf25__inc60__toff59132__Om270__om45,2.3509174466973866,0.10104862680103495,-0.037112985947752,0.0505225873025635,0,,Uranus,1.35406215241756,0.5,25.0,60.0,59132.0,270.0,45.0
20260811_184731__rp0p5__vinf25__incm60__toff59132__Om90__om225,2.3509174353161373,0.10104862452530505,-0.037112984847308,0.0505225861881333,0,,Uranus,1.3540621524175585,0.5,25.0,-60.0,59132.0,90.0,225.0
20260811_184731__rp1p5__vinf25__inc0__toff59132__Om180__om45,2.350859869135665,0.1421210577378917,-0.0551789854415339,0.0744595313802645,0,,Uranus,1.0134388400141907,1.5,25.0,0.0,59132.0,180.0,45.0
20260811_184731__rp1p5__vinf25__inc0__toff59132__Om0__om225,2.350859869135665,0.1421210577378917,-0.0551789854415339,0.0744595313802645,0,,Uranus,1.0134388400141907,1.5,25.0,0.0,59132.0,0.0,225.0
20260811_184731__rp1p5__vinf25__inc0__toff59132__Om270__om315,2.3508598688014777,0.14212105767112773,-0.0551789840260753,0.0744595327713432,0,,Uranus,1.0134388400141772,1.5,25.0,0.0,59132.0,270.0,315.0
20260811_184731__rp1p5__vinf25__inc0__toff59132__Om90__om135,2.350859868720882,0.14212105765508032,-0.0551789836969971,0.0744595330941814,0,,Uranus,1.0134388400142094,1.5,25.0,0.0,59132.0,90.0,135.0
20260811_184731__rp1p5__vinf25__inc60__toff59132__Om0__om285,2.3501997338489335,0.10375717405168018,-0.0392084849961872,0.0510571050646626,0,,Uranus,1.6453317029237362,1.5,25.0,60.0,59132.0,0.0,285.0
20260811_184731__rp1p5__vinf25__incm60__toff59132__Om180__om105,2.3501997337179605,0.10375717402558154,-0.0392084847345384,0.0510571053055168,0,,Uranus,1.6453317029237498,1.5,25.0,-60.0,59132.0,180.0,105.0
20260811_184731__rp1__vinf25__inc90__toff59132__Om0__om315,2.349658061909303,0.04827154141012367,-0.0098876428609666,0.0293207997447641,0,,Neptune,2.0383826392451594,1.0,25.0,90.0,59132.0,0.0,315.0
20260811_184731__rp1__vinf25__incm90__toff59132__Om180__om135,2.3496580608354627,0.04827154119439393,-0.0098876427212564,0.0293207996973626,0,,Neptune,2.0383826392451203,1.0,25.0,-90.0,59132.0,180.0,135.0
20260811_184731__rp0p25__vinf25__incm60__toff59132__Om270__om105,2.3479871566219774,0.11002782916077475,0.1038530143693009,0.0350507495686733,0,,Saturn,1.1510046315842328,0.25,25.0,-60.0,59132.0,270.0,105.0
20260811_184731__rp0p25__vinf25__inc60__toff59132__Om90__om285,2.3479871559665275,0.11002782903260921,0.1038530142202124,0.0350507494739206,0,,Saturn,1.1510046315838132,0.25,25.0,60.0,59132.0,90.0,285.0
20260811_184731__rp0p75__vinf25__inc90__toff59132__Om90__om270,2.346683287170135,0.09798774283034722,-0.0183654886247061,0.066232718775835,0,,Mars,1.97784033244061,0.75,25.0,90.0,59132.0,90.0,270.0
20260811_184731__rp0p75__vinf25__incm90__toff59132__Om270__om90,2.346683286990964,0.09798774279386155,-0.0183654883399397,0.0662327190191647,0,,Mars,1.9778403324446874,0.75,25.0,-90.0,59132.0,270.0,90.0
20260811_184731__rp1p5__vinf25__incm30__toff59132__Om270__om75,2.346336631672999,0.03870163266779372,0.0113367941244421,0.0307687669398561,0,,Neptune,1.8672383423331116,1.5,25.0,-30.0,59132.0,270.0,75.0
20260811_184731__rp1p5__vinf25__inc30__toff59132__Om90__om255,2.3463366304248594,0.038701632434043926,0.0113367946898678,0.0307687667435231,0,,Neptune,1.8672383423330952,1.5,25.0,30.0,59132.0,90.0,255.0
20260811_184731__rp1p5__vinf25__inc0__toff59132__Om270__om90,2.3462020070644467,0.08426107767534419,0.0771116659704335,0.0569188033258379,0,,Neptune,1.6048529835649268,1.5,25.0,0.0,59132.0,270.0,90.0
20260811_184731__rp1p5__vinf25__inc0__toff59132__Om180__om180,2.3462020070644467,0.08426107767534419,0.0771116659704335,0.0569188033258379,0,,Neptune,1.6048529835649268,1.5,25.0,0.0,59132.0,180.0,180.0
20260811_184731__rp1p5__vinf25__inc0__toff59132__Om90__om270,2.3462020070644467,0.08426107767534419,0.0771116659704335,0.0569188033258379,0,,Neptune,1.6048529835649268,1.5,25.0,0.0,59132.0,90.0,270.0
20260811_184731__rp1p5__vinf25__inc0__toff59132__Om0__om0,2.346202006752453,0.08426107761304408,0.0771116659055201,0.0569188033286314,0,,Neptune,1.6048529835644942,1.5,25.0,0.0,59132.0,0.0,0.0
20260811_184731__rp0p75__vinf25__inc60__toff59132__Om180__om270,2.343169164067281,0.2295707446122909,0.2152370897235799,0.2252887853858129,0,,Uranus,0.7616663874889327,0.75,25.0,60.0,59132.0,180.0,270.0
20260811_184731__rp0p75__vinf25__incm60__toff59132__Om0__om90,2.343169155581562,0.229570742918938,0.2152370902030799,0.2252887834270789,0,,Uranus,0.7616663874889048,0.75,25.0,-60.0,59132.0,0.0,90.0
20260811_184731__rp1p25__vinf25__incm30__toff59132__Om0__om345,2.3412400109075375,0.06861226503647454,0.061091892764249,0.0542938399616318,0,,Neptune,2.1522512747627833,1.25,25.0,-30.0,59132.0,0.0,345.0
20260811_184731__rp1p25__vinf25__inc30__toff59132__Om180__om165,2.341240007022507,0.06861226425978902,0.0610918919762518,0.0542938394234114,0,,Neptune,2.152251274762951,1.25,25.0,30.0,59132.0,180.0,165.0
20260811_184731__rp0p5__vinf25__incm90__toff59132__Om270__om90,2.339615974612635,0.1387676448499472,-0.0330009153874149,0.0932560021028302,0,,Uranus,1.5064394128659462,0.5,25.0,-90.0,59132.0,270.0,90.0
20260811_184731__rp0p5__vinf25__inc90__toff59132__Om90__om270,2.339615973723483,0.13876764467137165,-0.0330009153989552,0.0932560019007654,0,,Uranus,1.5064394128661358,0.5,25.0,90.0,59132.0,90.0,270.0
20260811_184731__rp0p25__vinf25__incm60__toff59132__Om0__om285,2.336660363539132,0.14232337160956027,-0.0766498366983617,0.0519450312111086,0,,Uranus,1.4087097815749057,0.25,25.0,-60.0,59132.0,0.0,285.0
20260811_184731__rp0p25__vinf25__inc60__toff59132__Om180__om105,2.336660361954019,0.14232337129491252,-0.0766498364993948,0.0519450310804462,0,,Uranus,1.4087097815751348,0.25,25.0,60.0,59132.0,180.0,105.0
20260811_184731__rp1p25__vinf25__inc60__toff59132__Om180__om15,2.3346240349422374,0.08163668184041392,-0.0064641471541275,0.0623404914442449,0,,Neptune,1.6790419399712642,1.25,25.0,60.0,59132.0,180.0,15.0
20260811_184731__rp1p25__vinf25__incm60__toff59132__Om0__om195,2.334624034753965,0.0816366818029137,-0.0064641471173934,0.0623404914449471,0,,Neptune,1.6790419399712115,1.25,25.0,-60.0,59132.0,0.0,195.0
20260811_184731__rp0p25__vinf25__inc60__toff59132__Om270__om75,2.3301722059329464,0.14273031860526586,0.1470458765736578,0.087823779332316,0,,Mars,1.2039830464439198,0.25,25.0,60.0,59132.0,270.0,75.0
20260811_184731__rp0p25__vinf25__incm60__toff59132__Om90__om255,2.330172203347301,0.1427303180909004,0.1470458758544482,0.0878237787082029,0,,Mars,1.2039830464293404,0.25,25.0,-60.0,59132.0,90.0,255.0
20260811_184731__rp1p5__vinf25__inc90__toff59132__Om270__om345,2.3295051430004237,0.07620434262968832,-0.0183207478955339,0.0457777003710241,0,,Uranus,1.5061341285965262,1.5,25.0,90.0,59132.0,270.0,345.0
20260811_184731__rp1p5__vinf25__incm90__toff59132__Om90__om165,2.329505141728862,0.07620434264887653,-0.0183207474373939,0.0457777008414411,0,,Uranus,1.5061341285930994,1.5,25.0,-90.0,59132.0,90.0,165.0
20260811_184731__rp0p75__vinf25__incm60__toff59132__Om0__om315,2.328928949931157,0.039598467064210566,0.0209273393894099,0.0315106699291643,0,,Neptune,1.7976564160761939,0.75,25.0,-60.0,59132.0,0.0,315.0
20260811_184731__rp0p75__vinf25__inc60__toff59132__Om180__om135,2.3289289464875766,0.03959846637202397,0.0209273414228913,0.0315106693651371,0,,Neptune,1.7976564160755606,0.75,25.0,60.0,59132.0,180.0,135.0
20260811_184731__rp1p5__vinf25__incm60__toff59132__Om90__om180,2.326976446148495,0.09448416056581367,-0.029911322837787,0.0514156507020929,0,,Uranus,1.507594449021059,1.5,25.0,-60.0,59132.0,90.0,180.0
20260811_184731__rp1p5__vinf25__inc60__toff59132__Om270__om0,2.326976434444626,0.09448415820953927,-0.0299113222935144,0.0514156489800248,0,,Uranus,1.5075944490200717,1.5,25.0,60.0,59132.0,270.0,0.0
20260811_184731__rp1p25__vinf25__inc60__toff59132__Om90__om150,2.3268463462530975,0.1467536561495135,-0.0722155470928671,0.0616206235809676,0,,Uranus,1.3889582855025708,1.25,25.0,60.0,59132.0,90.0,150.0
20260811_184731__rp1p25__vinf25__incm60__toff59132__Om270__om330,2.326846345435756,0.14675365598416693,-0.0722155465043082,0.0616206240278935,0,,Uranus,1.3889582855027078,1.25,25.0,-60.0,59132.0,270.0,330.0
20260811_184731__rp1p5__vinf25__incm60__toff59132__Om180__om60,2.3254612152947036,0.13090185976405702,-0.0492998226764844,0.0684835048596585,0,,Uranus,1.0782288312609578,1.5,25.0,-60.0,59132.0,180.0,60.0
20260811_184731__rp1p5__vinf25__inc60__toff59132__Om0__om240,2.325461214975415,0.13090185970023113,-0.0492998226305185,0.0684835048393851,0,,Uranus,1.078228831260783,1.5,25.0,60.0,59132.0,0.0,240.0
20260811_184731__rp1p5__vinf25__inc90__toff59132__Om0__om135,2.322673336961106,0.12335573074820864,0.0922748107426471,0.1076975332688668,0,,Neptune,1.6387560445898037,1.5,25.0,90.0,59132.0,0.0,135.0
20260811_184731__rp1p5__vinf25__incm90__toff59132__Om180__om315,2.3226733329827463,0.12335572995283069,0.0922748113005883,0.1076975325120484,0,,Neptune,1.6387560445898621,1.5,25.0,-90.0,59132.0,180.0,315.0
20260811_184731__rp1__vinf25__incm90__toff59132__Om90__om285,2.3203429528977635,0.11476683055146755,0.0829816279676639,0.0992235849973029,0,,Neptune,1.6336366667968127,1.0,25.0,-90.0,59132.0,90.0,285.0
20260811_184731__rp1__vinf25__inc90__toff59132__Om270__om105,2.3203429508364626,0.11476683013874969,0.0829816284912702,0.0992235846150499,0,,Neptune,1.6336366667971958,1.0,25.0,90.0,59132.0,270.0,105.0
20260811_184731__rp1p5__vinf25__inc90__toff59132__Om90__om210,2.320215705966418,0.07690477014231147,-0.0195840170620732,0.0451711520860344,0,,Uranus,1.5133117104042804,1.5,25.0,90.0,59132.0,90.0,210.0
20260811_184731__rp1p5__vinf25__incm90__toff59132__Om270__om30,2.3202157059580224,0.07690477014030522,-0.0195840170367164,0.0451711521093084,0,,Uranus,1.5133117104042473,1.5,25.0,-90.0,59132.0,270.0,30.0
20260811_184731__rp1p25__vinf25__incm30__toff59132__Om0__om330,2.3181935740616515,0.0514463924301974,0.0146065100167388,0.041467826446052,0,,Neptune,2.2179277577183614,1.25,25.0,-30.0,59132.0,0.0,330.0
20260811_184731__rp1p25__vinf25__inc30__toff59132__Om180__om150,2.3181935737643737,0.05144639237002415,0.014606508952088,0.041467826401804,0,,Neptune,2.2179277577182877,1.25,25.0,30.0,59132.0,180.0,150.0
20260811_184731__rp1p5__vinf25__incm60__toff59132__Om0__om15,2.3154747844512085,0.08132910614856145,0.0734722989404484,0.0425532588904988,0,,Neptune,1.851481900706148,1.5,25.0,-60.0,59132.0,0.0,15.0
20260811_184731__rp1p5__vinf25__inc60__toff59132__Om180__om195,2.3154747844512085,0.08132910614856145,0.0734722989404484,0.0425532588904988,0,,Neptune,1.851481900706148,1.5,25.0,60.0,59132.0,180.0,195.0
20260811_184731__rp1p5__vinf25__incm60__toff59132__Om90__om300,2.314468192824824,0.09335999974308593,0.0868264778043376,0.0794220512939924,0,,Uranus,1.8855707109774722,1.5,25.0,-60.0,59132.0,90.0,300.0
20260811_184731__rp1p5__vinf25__inc60__toff59132__Om270__om120,2.3144681904138773,0.09335999926087346,0.086826479028203,0.0794220508987928,0,,Uranus,1.885570710977155,1.5,25.0,60.0,59132.0,270.0,120.0
20260811_184731__rp1p25__vinf25__inc90__toff59132__Om180__om210,2.3143107298999936,0.055885265943740034,0.0480172828714443,0.0271428128866363,0,,Neptune,2.062981392515743,1.25,25.0,90.0,59132.0,180.0,210.0
20260811_184731__rp1p25__vinf25__incm90__toff59132__Om0__om30,2.31431072858436,0.05588526568042081,0.0480172826289274,0.0271428130485457,0,,Neptune,2.06298139251577,1.25,25.0,-90.0,59132.0,0.0,30.0
20260811_184731__rp1p5__vinf25__incm30__toff59132__Om270__om120,2.3085646073032144,0.114638577759047,0.1108312919052144,0.0630679910624794,1,Saturn,Saturn,2.236125026998898,1.5,25.0,-30.0,59132.0,270.0,120.0
20260811_184731__rp1p5__vinf25__inc30__toff59132__Om90__om300,2.3085646070173222,0.11463857770196526,0.1108312918463633,0.0630679911735584,1,Saturn,Saturn,2.2361250269983746,1.5,25.0,30.0,59132.0,90.0,300.0
20260811_184731__rp1p5__vinf25__inc90__toff59132__Om270__om330,2.3084442497091664,0.07760043346172714,-0.0216036759314561,0.0438071774714663,0,,Uranus,1.5438907272883713,1.5,25.0,90.0,59132.0,270.0,330.0
20260811_184731__rp1p5__vinf25__incm90__toff59132__Om90__om150,2.3084442413805686,0.0776004317961605,-0.0216036751555382,0.0438071767072631,0,,Uranus,1.5438907272884073,1.5,25.0,-90.0,59132.0,90.0,150.0
20260811_184731__rp1p5__vinf25__inc60__toff59132__Om270__om255,2.306108877065154,0.09962472935178276,-0.039066497782723,0.0471379856230379,0,,Neptune,1.284097348598213,1.5,25.0,60.0,59132.0,270.0,255.0
20260811_184731__rp1p5__vinf25__incm60__toff59132__Om90__om75,2.3061088728956736,0.09962472851833173,-0.0390664967857267,0.0471379858251126,0,,Neptune,1.2840973485996379,1.5,25.0,-60.0,59132.0,90.0,75.0
20260811_184731__rp1p5__vinf25__inc30__toff59132__Om90__om150,2.304519167315884,0.13152616789881916,-0.0525229232424041,0.0658231524110007,0,,Uranus,1.0663256183425245,1.5,25.0,30.0,59132.0,90.0,150.0
20260811_184731__rp1p5__vinf25__incm30__toff59132__Om270__om330,2.304519165009705,0.13152616743743392,-0.052522923024277,0.0658231521471935,0,,Uranus,1.0663256183424092,1.5,25.0,-30.0,59132.0,270.0,330.0
20260811_184731__rp1p5__vinf25__incm90__toff59132__Om180__om15,2.302383898459602,0.07998778514720072,-0.0140188529410769,0.053490074039265,0,,Neptune,1.5182172541478047,1.5,25.0,-90.0,59132.0,180.0,15.0
20260811_184731__rp1p5__vinf25__inc90__toff59132__Om0__om195,2.3023838977815196,0.07998778501156094,-0.0140188517429656,0.0534900750855708,0,,Neptune,1.5182172541478716,1.5,25.0,90.0,59132.0,0.0,195.0
20260811_184731__rp1p5__vinf25__incm90__toff59132__Om180__om345,2.298867155555672,0.0701109704531984,0.0369224631525487,0.0576291612979876,0,,Neptune,1.7559696698353147,1.5,25.0,-90.0,59132.0,180.0,345.0
20260811_184731__rp1p5__vinf25__inc90__toff59132__Om0__om165,2.2988671510288414,0.07011096954705129,0.0369224626158767,0.0576291604973662,0,,Neptune,1.7559696698311495,1.5,25.0,90.0,59132.0,0.0,165.0
20260811_184731__rp1p25__vinf25__inc90__toff59132__Om0__om300,2.2953690296311966,0.06667438997888504,-0.0326087139162397,0.0227313852750279,0,,Neptune,1.608338014874751,1.25,25.0,90.0,59132.0,0.0,300.0
20260811_184731__rp1p25__vinf25__incm90__toff59132__Om180__om120,2.295369023499449,0.06667438875117891,-0.0326087131497587,0.0227313849487829,0,,Neptune,1.6083380148745667,1.25,25.0,-90.0,59132.0,180.0,120.0
20260811_184731__rp1__vinf25__incm90__toff59132__Om180__om90,2.2931676015272533,0.15571603325992264,-0.0789838616765397,0.0643999146397711,0,,Uranus,1.7519202986678732,1.0,25.0,-90.0,59132.0,180.0,90.0
20260811_184731__rp1__vinf25__inc90__toff59132__Om0__om270,2.2931675979351205,0.15571603254372915,-0.0789838612327822,0.0643999143058425,0,,Uranus,1.7519202986678335,1.0,25.0,90.0,59132.0,0.0,270.0
20260811_184731__rp1p5__vinf25__incm90__toff59132__Om180__om30,2.2904260987851135,0.10038261302220729,-0.0286337281634502,0.058409844848201,0,,Saturn,1.3409678465891055,1.5,25.0,-90.0,59132.0,180.0,30.0
20260811_184731__rp1p5__vinf25__inc90__toff59132__Om0__om210,2.290426095409857,0.1003826123467752,-0.0286337278182621,0.0584098445340559,0,,Saturn,1.3409678465951003,1.5,25.0,90.0,59132.0,0.0,210.0
20260811_184731__rp1p5__vinf25__incm90__toff59132__Om270__om255,2.2901890891211565,0.1435320859515829,0.1469372630539881,0.0750359938893145,0,,Neptune,1.6406857552357579,1.5,25.0,-90.0,59132.0,270.0,255.0
20260811_184731__rp1p5__vinf25__inc90__toff59132__Om90__om75,2.290189078242017,0.14353208377615373,0.1469372604195465,0.075035995628967,0,,Neptune,1.6406857552358036,1.5,25.0,90.0,59132.0,90.0,75.0
20260811_184731__rp1p5__vinf25__inc60__toff59132__Om0__om345,2.2882248848423186,0.05373648377434454,0.0368948933125493,0.0434827967155317,0,,Neptune,1.9673477132380905,1.5,25.0,60.0,59132.0,0.0,345.0
20260811_184731__rp1p5__vinf25__incm60__toff59132__Om180__om165,2.288224882278854,0.053736483261648996,0.0368948930927183,0.0434827962781742,0,,Neptune,1.9673477132380601,1.5,25.0,-60.0,59132.0,180.0,165.0
20260811_184731__rp1p5__vinf25__incm60__toff59132__Om0__om0,2.285799787211779,0.07936614437484917,0.0718106806265971,0.0511771703177711,0,,Neptune,1.9713356296923954,1.5,25.0,-60.0,59132.0,0.0,0.0
20260811_184731__rp1p5__vinf25__inc60__toff59132__Om180__om180,2.285799785779785,0.07936614408871241,0.0718106803216166,0.0511771700197463,0,,Neptune,1.9713356296923774,1.5,25.0,60.0,59132.0,180.0,180.0
20260811_184731__rp1p5__vinf25__incm30__toff59132__Om0__om0,2.284137327332399,0.08443277149675335,0.0771828585361283,0.0544344307702944,0,,Neptune,1.8528194855245617,1.5,25.0,-30.0,59132.0,0.0,0.0
20260811_184731__rp1p5__vinf25__inc30__toff59132__Om180__om180,2.284137327260842,0.08443277148256004,0.0771828585217023,0.0544344307789585,0,,Neptune,1.8528194855246378,1.5,25.0,30.0,59132.0,180.0,180.0
20260811_184731__rp1p25__vinf25__incm90__toff59132__Om180__om150,2.283957661551174,0.0542726445937007,0.0283319016843496,0.0438649718222137,0,,Neptune,2.132223391277707,1.25,25.0,-90.0,59132.0,180.0,150.0
20260811_184731__rp1p25__vinf25__inc90__toff59132__Om0__om330,2.283957661528676,0.054272644588651886,0.0283319016821071,0.0438649718178995,0,,Neptune,2.1322233912776833,1.25,25.0,90.0,59132.0,0.0,330.0
20260811_184731__rp1p5__vinf25__incm60__toff59132__Om180__om225,2.280779525801597,0.09668527252971597,0.0915857690167386,0.0806594511307916,0,,Uranus,1.6451844780025278,1.5,25.0,-60.0,59132.0,180.0,225.0
20260811_184731__rp1p5__vinf25__inc60__toff59132__Om0__om45,2.280779525800549,0.09668527252952076,0.0915857690165459,0.0806594511312161,0,,Uranus,1.645184478002319,1.5,25.0,60.0,59132.0,0.0,45.0
20260811_184731__rp1__vinf25__inc90__toff59132__Om180__om135,2.2801507022385037,0.09307596228289597,0.067303602433998,0.0786310646883301,0,,Neptune,1.2712449209662444,1.0,25.0,90.0,59132.0,180.0,135.0
20260811_184731__rp1__vinf25__incm90__toff59132__Om0__om315,2.280150702067881,0.09307596224891045,0.0673036022408785,0.0786310646533731,0,,Neptune,1.2712449209654664,1.0,25.0,-90.0,59132.0,0.0,315.0
20260811_184731__rp1p5__vinf25__inc90__toff59132__Om90__om195,2.2787082852758243,0.07589749469326085,-0.0214009381024156,0.0424416951230353,0,,Uranus,1.5403101111638786,1.5,25.0,90.0,59132.0,90.0,195.0
20260811_184731__rp1p5__vinf25__incm90__toff59132__Om270__om15,2.278708278815678,0.075897493401311,-0.0214009375142602,0.0424416945216258,0,,Uranus,1.5403101111638866,1.5,25.0,-90.0,59132.0,270.0,15.0
20260811_184731__rp1p5__vinf25__inc90__toff59132__Om0__om30,2.2763582607924806,0.09372094779473823,0.0865780697601875,0.045514880924471,0,,Neptune,1.3170705631446635,1.5,25.0,90.0,59132.0,0.0,30.0
20260811_184731__rp1p5__vinf25__incm90__toff59132__Om180__om210,2.276358260648024,0.0937209477657315,0.0865780697278807,0.045514880897834,0,,Neptune,1.3170705631447177,1.5,25.0,-90.0,59132.0,180.0,210.0
20260811_184731__rp1p5__vinf25__incm60__toff59132__Om180__om45,2.2753898456843156,0.1363059485151183,-0.0516210824840156,0.0718497580607547,0,,Uranus,1.0652220060865136,1.5,25.0,-60.0,59132.0,180.0,45.0
20260811_184731__rp1p5__vinf25__inc60__toff59132__Om0__om225,2.2753898447893417,0.13630594833672105,-0.0516210820207969,0.0718497583463433,0,,Uranus,1.0652220060866024,1.5,25.0,60.0,59132.0,0.0,225.0
20260811_184731__rp1p5__vinf25__inc60__toff59132__Om90__om345,2.2746654364184353,0.0839267180679723,-0.0035440447075999,0.0672589919615422,0,,Uranus,1.758794795554114,1.5,25.0,60.0,59132.0,90.0,345.0
20260811_184731__rp1p5__vinf25__incm60__toff59132__Om270__om165,2.274665435836461,0.08392671795167576,-0.0035440446331165,0.0672589919248643,0,,Uranus,1.75879479555419,1.5,25.0,-60.0,59132.0,270.0,165.0
20260811_184731__rp1p5__vinf25__inc90__toff59132__Om0__om270,2.271746843015609,0.12292019866835643,-0.0415508500855928,0.0680470485028379,0,,Jupiter,1.8822062178672747,1.5,25.0,90.0,59132.0,0.0,270.0
20260811_184731__rp1p5__vinf25__incm90__toff59132__Om180__om90,2.2717415615672847,0.12292015400165783,-0.0415508303688039,0.0680470223179566,0,,Jupiter,1.8822062266613306,1.5,25.0,-90.0,59132.0,180.0,90.0
20260811_184731__rp1p25__vinf25__inc90__toff59132__Om180__om150,2.2717369611518814,0.08167713333278309,0.0644181342086765,0.06827381217514,0,,Neptune,1.6533668854049077,1.25,25.0,90.0,59132.0,180.0,150.0
20260811_184731__rp1p25__vinf25__incm90__toff59132__Om0__om330,2.2717369555370515,0.08167713220938587,0.0644181330677265,0.0682738111469756,0,,Neptune,1.6533668854058003,1.25,25.0,-90.0,59132.0,0.0,330.0
20260811_184731__rp1p25__vinf25__incm90__toff59132__Om180__om60,2.271159334667865,0.1448459739926089,-0.0593971910330306,0.0730584654021127,0,,Uranus,1.5887351548162665,1.25,25.0,-90.0,59132.0,180.0,60.0
20260811_184731__rp1p25__vinf25__inc90__toff59132__Om0__om240,2.271159332809499,0.1448459736210106,-0.0593971908651331,0.0730584651692626,0,,Uranus,1.5887351548165067,1.25,25.0,90.0,59132.0,0.0,240.0
20260811_184731__rp0p5__vinf25__incm90__toff59132__Om90__om75,2.2685160853437853,0.1487911447636103,0.0785528843551225,0.1329717254078037,0,,Uranus,1.397337049796926,0.5,25.0,-90.0,59132.0,90.0,75.0
20260811_184731__rp0p5__vinf25__inc90__toff59132__Om270__om255,2.268515818825821,0.1487910914600451,0.0785529166355761,0.1329716703710858,0,,Uranus,1.3973370497955429,0.5,25.0,90.0,59132.0,270.0,255.0
20260811_184731__rp1p5__vinf25__inc90__toff59132__Om0__om0,2.265720298708135,0.08516583588254086,0.077927105923523,0.0539518283680917,0,,Neptune,1.9141197180204848,1.5,25.0,90.0,59132.0,0.0,0.0
20260811_184731__rp1p5__vinf25__incm90__toff59132__Om180__om180,2.2657202962424705,0.08516583538913527,0.0779271054243958,0.0539518287446311,0,,Neptune,1.9141197180205118,1.5,25.0,-90.0,59132.0,180.0,180.0
20260811_184731__rp1p25__vinf25__inc60__toff59132__Om180__om0,2.2655083374901386,0.07011426219821565,0.0163418350504754,0.0577071245354121,0,,Neptune,1.761524059475305,1.25,25.0,60.0,59132.0,180.0,0.0
20260811_184731__rp1p25__vinf25__incm60__toff59132__Om0__om180,2.2655083365810094,0.07011426201652844,0.0163418348492413,0.057707124376468,0,,Neptune,1.7615240594755068,1.25,25.0,-60.0,59132.0,0.0,180.0
20260811_184731__rp1__vinf25__inc30__toff59132__Om270__om45,2.263939960957324,0.0902316394395343,-0.0351189446703135,0.0420748090895278,0,,Neptune,1.8146508254751086,1.0,25.0,30.0,59132.0,270.0,45.0
20260811_184731__rp1__vinf25__incm30__toff59132__Om90__om225,2.263939956054686,0.09023163845743819,-0.0351189442385004,0.0420748085899229,0,,Neptune,1.8146508254751343,1.0,25.0,-30.0,59132.0,90.0,225.0
20260811_184731__rp1__vinf25__inc90__toff59132__Om90__om330,2.263365777078541,0.11399731985750654,0.0819409047190026,0.0984672499320402,0,,Neptune,1.581865580381962,1.0,25.0,90.0,59132.0,90.0,330.0
20260811_184731__rp1__vinf25__incm90__toff59132__Om270__om150,2.2633657739942743,0.11399731924086749,0.0819409052161966,0.0984672493552045,0,,Neptune,1.5818655803820878,1.0,25.0,-90.0,59132.0,270.0,150.0
20260811_184731__rp1__vinf25__incm90__toff59132__Om90__om45,2.2630612893013007,0.17971073056006712,0.2061477634559133,0.1516094775793754,0,,Neptune,1.601308606769366,1.0,25.0,-90.0,59132.0,90.0,45.0
20260811_184731__rp1__vinf25__inc90__toff59132__Om270__om225,2.263061231932692,0.17971071908500086,0.2061477463599165,0.1516094809710995,0,,Neptune,1.6013086067688302,1.0,25.0,90.0,59132.0,270.0,225.0
20260811_184731__rp1p25__vinf25__inc60__toff59132__Om270__om240,2.263035450091024,0.06443723996201339,-0.0182645441869612,0.035180735041576,0,,Neptune,1.8069719098144552,1.25,25.0,60.0,59132.0,270.0,240.0
20260811_184731__rp1p25__vinf25__incm60__toff59132__Om90__om60,2.2630354470622684,0.06443723935450571,-0.0182645439641301,0.0351807347204398,0,,Neptune,1.8069719098150125,1.25,25.0,-60.0,59132.0,90.0,60.0
20260811_184731__rp0p5__vinf25__inc90__toff59132__Om90__om315,2.259054299734407,0.14230039988128862,0.1228803422233538,0.1272528103875331,0,,Neptune,1.5045660730373356,0.5,25.0,90.0,59132.0,90.0,315.0
20260811_184731__rp0p5__vinf25__incm90__toff59132__Om270__om135,2.259054262441543,0.14230039233440256,0.1228803314016525,0.1272528024715942,0,,Neptune,1.5045660730370076,0.5,25.0,-90.0,59132.0,270.0,135.0
20260811_184731__rp1p5__vinf25__incm30__toff59132__Om180__om60,2.258415545685868,0.13861790566932636,-0.0526879355290912,0.0732363533127525,0,,Jupiter,0.8309391102070689,1.5,25.0,-30.0,59132.0,180.0,60.0
20260811_184731__rp1p5__vinf25__inc30__toff59132__Om0__om240,2.2584155346352075,0.13861790345909542,-0.0526879347706141,0.0732363517113631,0,,Jupiter,0.8309391102069988,1.5,25.0,30.0,59132.0,0.0,240.0
20260811_184731__rp1p5__vinf25__inc90__toff59132__Om90__om225,2.2572550922549484,0.07394224725616032,-0.0179921980769798,0.0440323024381794,0,,Uranus,1.439094749996001,1.5,25.0,90.0,59132.0,90.0,225.0
20260811_184731__rp1p5__vinf25__incm90__toff59132__Om270__om45,2.2572550826469024,0.07394224533454838,-0.0179921971428181,0.0440323016079531,0,,Uranus,1.4390947499960345,1.5,25.0,-90.0,59132.0,270.0,45.0
20260811_184731__rp0p5__vinf25__incm90__toff59132__Om90__om270,2.256201794345729,0.14738172122481336,0.1310448978921795,0.1326448538279288,0,,Neptune,1.554308592155449,0.5,25.0,-90.0,59132.0,90.0,270.0
20260811_184731__rp0p5__vinf25__inc90__toff59132__Om270__om90,2.256201793905126,0.14738172113959186,0.1310448975277979,0.1326448537282216,0,,Neptune,1.5543085921554334,0.5,25.0,90.0,59132.0,270.0,90.0
20260811_184731__rp1p25__vinf25__inc60__toff59132__Om270__om285,2.2561612323589504,0.15272540842295834,-0.0752578145682607,0.0650339176140315,0,,Uranus,1.391549993958639,1.25,25.0,60.0,59132.0,270.0,285.0
20260811_184731__rp1p25__vinf25__incm60__toff59132__Om90__om105,2.2561612291059614,0.15272540777264393,-0.0752578142149287,0.065033917261061,0,,Uranus,1.3915499939585576,1.25,25.0,-60.0,59132.0,90.0,105.0
20260811_184731__rp1p5__vinf25__inc30__toff59132__Om180__om135,2.2532359090882315,0.05297408809537502,-0.0132149019001206,0.0300943713947487,0,,Neptune,2.066958025189966,1.5,25.0,30.0,59132.0,180.0,135.0
20260811_184731__rp1p5__vinf25__incm30__toff59132__Om0__om315,2.2532359086492377,0.052974088008208485,-0.013214901371749,0.0300943718413744,0,,Neptune,2.066958025189963,1.5,25.0,-30.0,59132.0,0.0,315.0
20260811_184731__rp1p25__vinf25__incm30__toff59132__Om0__om75,2.250530262775218,0.14862008159058238,-0.0625101625848909,0.0739698579694524,0,,Neptune,0.8855755227398959,1.25,25.0,-30.0,59132.0,0.0,75.0
20260811_184731__rp1p25__vinf25__inc30__toff59132__Om180__om255,2.250530262775218,0.14862008159058238,-0.0625101625848909,0.0739698579694524,0,,Neptune,0.8855755227398959,1.25,25.0,30.0,59132.0,180.0,255.0
20260811_184731__rp1p5__vinf25__inc30__toff59132__Om90__om315,2.2499321356117714,0.10981385818265442,0.1060157733372987,0.0747972020344237,0,,Uranus,1.5859869028912157,1.5,25.0,30.0,59132.0,90.0,315.0
20260811_184731__rp1p5__vinf25__incm30__toff59132__Om270__om135,2.2499321356030633,0.10981385818333066,0.1060157733381698,0.0747972020359653,0,,Uranus,1.5859869028912175,1.5,25.0,-30.0,59132.0,270.0,135.0
20260811_184731__rp1p5__vinf25__inc0__toff59132__Om0__om345,2.2496978411352266,0.05260821965158238,0.0290412583723659,0.0424530620828819,0,,Neptune,1.7969849117693955,1.5,25.0,0.0,59132.0,0.0,345.0
20260811_184731__rp1p5__vinf25__inc0__toff59132__Om90__om255,2.2496978411352266,0.05260821965158238,0.0290412583723659,0.0424530620828819,0,,Neptune,1.7969849117693955,1.5,25.0,0.0,59132.0,90.0,255.0
20260811_184731__rp1p5__vinf25__inc0__toff59132__Om270__om75,2.2496978406431287,0.05260821955402273,0.0290412583441485,0.0424530619999018,0,,Neptune,1.7969849117693741,1.5,25.0,0.0,59132.0,270.0,75.0
20260811_184731__rp1p5__vinf25__inc0__toff59132__Om180__om165,2.2496978402488015,0.05260821947484675,0.0290412583216946,0.0424530619325606,0,,Neptune,1.7969849117694805,1.5,25.0,0.0,59132.0,180.0,165.0
20260811_184731__rp0p75__vinf25__inc30__toff59132__Om180__om240,2.246328644020842,0.09519865270765995,0.0100185194546241,0.0808450504713706,0,,Saturn,1.2698876346101127,0.75,25.0,30.0,59132.0,180.0,240.0
20260811_184731__rp0p75__vinf25__incm30__toff59132__Om0__om60,2.2463285294159077,0.09519862978890696,0.0100184928193612,0.0808450296243321,0,,Saturn,1.2698876346100574,0.75,25.0,-30.0,59132.0,0.0,60.0
20260811_184731__rp1p25__vinf25__incm60__toff59132__Om270__om150,2.245736255144231,0.09436180803701204,0.0887482696283959,0.0751004434394497,0,,Uranus,1.5130236724216095,1.25,25.0,-60.0,59132.0,270.0,150.0
20260811_184731__rp1p25__vinf25__inc60__toff59132__Om90__om330,2.2457362407378794,0.09436180515557938,0.0887482665234823,0.0751004441821621,0,,Uranus,1.5130236724214265,1.25,25.0,60.0,59132.0,90.0,330.0
20260811_184731__rp1__vinf25__incm60__toff59132__Om0__om255,2.2450876118094243,0.14843790331691697,-0.0654147937715352,0.0707160485908418,0,,Uranus,1.8567468978995623,1.0,25.0,-60.0,59132.0,0.0,255.0
20260811_184731__rp1__vinf25__inc60__toff59132__Om180__om75,2.245087611729627,0.14843790330122467,-0.0654147936598188,0.0707160486911785,0,,Uranus,1.8567468978994868,1.0,25.0,60.0,59132.0,180.0,75.0
20260811_184731__rp0p75__vinf25__inc90__toff59132__Om180__om75,2.2422641075619407,0.13457515770494707,-0.0116135882684402,0.1094964972511282,0,,Neptune,1.4709230571441652,0.75,25.0,90.0,59132.0,180.0,75.0
20260811_184731__rp0p75__vinf25__incm90__toff59132__Om0__om255,2.2422641027101013,0.13457515673461273,-0.0116135871258455,0.1094964973170061,0,,Neptune,1.47092305714451,0.75,25.0,-90.0,59132.0,0.0,255.0
20260811_184731__rp1p5__vinf25__incm90__toff59132__Om90__om180,2.241248946013079,0.07260394880571298,-0.0174460289167944,0.0433527581917876,0,,Uranus,1.4380510814847647,1.5,25.0,-90.0,59132.0,90.0,180.0
20260811_184731__rp1p5__vinf25__inc90__toff59132__Om270__om0,2.2412489391834516,0.07260394743979383,-0.0174460282963044,0.0433527575624734,0,,Uranus,1.4380510814847454,1.5,25.0,90.0,59132.0,270.0,0.0
20260811_184731__rp1__vinf25__inc90__toff59132__Om270__om285,2.234193320719754,0.1259010840640504,-0.0708164568739376,0.0405406098755426,0,,Uranus,1.487868311288629,1.0,25.0,90.0,59132.0,270.0,285.0
20260811_184731__rp1__vinf25__incm90__toff59132__Om90__om105,2.2341933111248413,0.12590108214444398,-0.0708164558087921,0.0405406089965479,0,,Uranus,1.4878683112886097,1.0,25.0,-90.0,59132.0,90.0,105.0
20260811_184731__rp0p5__vinf25__incm30__toff59132__Om90__om240,2.2324105517900925,0.015061791769060338,0.0119976982317365,0.0066166820130028,0,,Neptune,1.8833288005351956,0.5,25.0,-30.0,59132.0,90.0,240.0
20260811_184731__rp0p5__vinf25__inc30__toff59132__Om270__om60,2.232410551414727,0.015061791691857654,0.0119976981691466,0.006616682069804,0,,Neptune,1.883328800534544,0.5,25.0,30.0,59132.0,270.0,60.0
20260811_184731__rp0p75__vinf25__inc90__toff59132__Om180__om300,2.2316134004603483,0.11927178099016829,0.104192673138615,0.1041239558568305,0,,Uranus,1.7902418184018682,0.75,25.0,90.0,59132.0,180.0,300.0
20260811_184731__rp0p75__vinf25__incm90__toff59132__Om0__om120,2.231613382030712,0.11927177730328153,0.1041926764709787,0.1041239524537519,0,,Uranus,1.7902418184021298,0.75,25.0,-90.0,59132.0,0.0,120.0
20260811_184731__rp1p25__vinf25__inc60__toff59132__Om90__om120,2.2314470215967104,0.15571684758135787,-0.0782149908195014,0.0652321954131839,0,,Neptune,1.2432321126191384,1.25,25.0,60.0,59132.0,90.0,120.0
20260811_184731__rp1p25__vinf25__incm60__toff59132__Om270__om300,2.2314470072863317,0.15571684472134248,-0.0782149893689091,0.0652321937303503,0,,Neptune,1.243232112615969,1.25,25.0,-60.0,59132.0,270.0,300.0
20260811_184731__rp1p5__vinf25__inc30__toff59132__Om90__om135,2.2311380835607797,0.1410082016748412,-0.0579050320456793,0.0704208354315947,0,,Neptune,0.9823182726770143,1.5,25.0,30.0,59132.0,90.0,135.0
20260811_184731__rp1p5__vinf25__incm30__toff59132__Om270__om315,2.231138082185215,0.14100820139868223,-0.0579050313777348,0.0704208358266892,0,,Neptune,0.9823182726770903,1.5,25.0,-30.0,59132.0,270.0,315.0
20260811_184731__rp1__vinf25__inc90__toff59132__Om180__om60,2.228982109450998,0.1062234041464213,-0.0042664095400062,0.0877888758804165,0,,Neptune,1.6272423737507096,1.0,25.0,90.0,59132.0,180.0,60.0
20260811_184731__rp1__vinf25__incm90__toff59132__Om0__om240,2.228982098690746,0.1062234019934885,-0.0042664084968042,0.0877888747652373,0,,Neptune,1.6272423737506165,1.0,25.0,-90.0,59132.0,0.0,240.0
20260811_184731__rp1p5__vinf25__incm60__toff59132__Om180__om270,2.2279145932171645,0.13743049896027962,-0.0942089056484288,0.0271178767726687,0,,Neptune,1.4507918443065133,1.5,25.0,-60.0,59132.0,180.0,270.0
20260811_184731__rp1p5__vinf25__inc60__toff59132__Om0__om90,2.227914593088866,0.13743049893218243,-0.0942089055323545,0.0271178768730862,0,,Neptune,1.4507918443062595,1.5,25.0,60.0,59132.0,0.0,90.0
20260811_184731__rp1p5__vinf25__incm30__toff59132__Om0__om225,2.227334023656553,0.12470060814787941,-0.0449438806584546,0.0664407896232344,0,,Uranus,1.1177478600745,1.5,25.0,-30.0,59132.0,0.0,225.0
20260811_184731__rp1p5__vinf25__inc30__toff59132__Om180__om45,2.2273340197803844,0.124700607372641,-0.0449438801903046,0.0664407892948567,0,,Uranus,1.1177478600744617,1.5,25.0,30.0,59132.0,180.0,45.0
20260811_184731__rp0p75__vinf25__inc60__toff59132__Om180__om120,2.2270262171277784,0.03517726999404329,-0.0153698889601789,0.0128148587624894,0,,Jupiter,2.084030476301214,0.75,25.0,60.0,59132.0,180.0,120.0
20260811_184731__rp0p75__vinf25__incm60__toff59132__Om0__om300,2.2270262100123577,0.03517726861922164,-0.0153698883705394,0.012814858206241,0,,Jupiter,2.084030476301127,0.75,25.0,-60.0,59132.0,0.0,300.0
20260811_184731__rp1p25__vinf25__inc60__toff59132__Om90__om255,2.2247912775186567,0.046343386263869926,-0.0066708499881837,0.0308291999251841,0,,Mars,1.576875573741446,1.25,25.0,60.0,59132.0,90.0,255.0
20260811_184731__rp1p25__vinf25__incm60__toff59132__Om270__om75,2.2247912743500375,0.04634338560466403,-0.0066708498081203,0.0308291995399035,0,,Mars,1.5768755743961986,1.25,25.0,-60.0,59132.0,270.0,75.0
20260811_184731__rp1p5__vinf25__inc60__toff59132__Om270__om315,2.223113487905432,0.10744234703363752,-0.0395722130622707,0.0543439486732627,0,,Uranus,1.5673002452769218,1.5,25.0,60.0,59132.0,270.0,315.0
20260811_184731__rp1p5__vinf25__incm60__toff59132__Om90__om135,2.2231134878593846,0.10744234702399767,-0.03957221220021,0.054343949541243,0,,Uranus,1.5673002452769507,1.5,25.0,-60.0,59132.0,90.0,135.0
20260811_184731__rp1p5__vinf25__incm30__toff59132__Om0__om330,2.221367400144633,0.043500716222590836,0.0097344347230504,0.0347821560145372,0,,Neptune,2.1215060456365338,1.5,25.0,-30.0,59132.0,0.0,330.0
20260811_184731__rp1p5__vinf25__inc30__toff59132__Om180__om150,2.221367399548637,0.04350071610375865,0.0097344350431546,0.0347821559122814,0,,Neptune,2.1215060456365094,1.5,25.0,30.0,59132.0,180.0,150.0
20260811_184731__rp0p75__vinf25__inc90__toff59132__Om270__om240,2.220683393171797,0.13407836997065872,0.1032934471045848,0.118472509036019,0,,Neptune,1.2483471549085794,0.75,25.0,90.0,59132.0,270.0,240.0
20260811_184731__rp0p75__vinf25__incm90__toff59132__Om90__om60,2.2206832557195906,0.13407834247695027,0.1032934122723975,0.1184724809322219,0,,Neptune,1.2483471549091247,0.75,25.0,-90.0,59132.0,90.0,60.0
20260811_184731__rp1p25__vinf25__inc90__toff59132__Om0__om315,2.2189970475247844,0.04370653703543429,-0.0073715862938225,0.0279036497248521,0,,Neptune,1.9593055102292667,1.25,25.0,90.0,59132.0,0.0,315.0
20260811_184731__rp1p25__vinf25__incm90__toff59132__Om180__om135,2.218997042842905,0.04370653609870586,-0.0073715854954219,0.0279036497146062,0,,Neptune,1.9593055102293069,1.25,25.0,-90.0,59132.0,180.0,135.0
20260811_184731__rp0p5__vinf25__incm90__toff59132__Om90__om90,2.21837565019933,0.11957598765438288,-0.0436764191378183,0.0624379277183642,0,,Uranus,1.790175182855764,0.5,25.0,-90.0,59132.0,90.0,90.0
20260811_184731__rp0p5__vinf25__inc90__toff59132__Om270__om270,2.21837565019492,0.11957598765493146,-0.043676419140216,0.0624379277164803,0,,Uranus,1.7901751828562682,0.5,25.0,90.0,59132.0,270.0,270.0
20260811_184731__rp1p25__vinf25__inc90__toff59132__Om0__om255,2.2171493490455747,0.1363280171194161,-0.0593193594353066,0.063882551474223,1,Uranus,Uranus,2.254117996412497,1.25,25.0,90.0,59132.0,0.0,255.0
20260811_184731__rp1p25__vinf25__incm90__toff59132__Om180__om75,2.21714934464402,0.13632801623942611,-0.0593193588862992,0.0638825511019157,1,Uranus,Uranus,2.2541179964126727,1.25,25.0,-90.0,59132.0,180.0,75.0
20260811_184731__rp1p5__vinf25__incm60__toff59132__Om270__om345,2.215556820746151,0.10507138348603358,-0.0427373891789703,0.0487502115812197,0,,Uranus,1.4043692011794922,1.5,25.0,-60.0,59132.0,270.0,345.0
20260811_184731__rp1p5__vinf25__inc60__toff59132__Om90__om165,2.215556820376702,0.10507138341196476,-0.0427373890756025,0.0487502116137432,0,,Uranus,1.4043692011794497,1.5,25.0,60.0,59132.0,90.0,165.0
20260811_184731__rp1p5__vinf25__inc30__toff59132__Om0__om345,2.2147023584565737,0.05253498411318622,0.0281442338429281,0.0423858010276251,0,,Neptune,1.432399440740943,1.5,25.0,30.0,59132.0,0.0,345.0
20260811_184731__rp1p5__vinf25__incm30__toff59132__Om180__om165,2.2147020990612196,0.05253498454993527,0.0281442341773011,0.0423858014002118,0,,Neptune,1.4323994407675902,1.5,25.0,-30.0,59132.0,180.0,165.0
20260811_184731__rp1p25__vinf25__inc60__toff59132__Om90__om135,2.2144929724617213,0.1531109169050643,-0.0782072666812923,0.0622881909346925,0,,Uranus,1.1339728946439878,1.25,25.0,60.0,59132.0,90.0,135.0
20260811_184731__rp1p25__vinf25__incm60__toff59132__Om270__om315,2.2144929683338335,0.15311091608117675,-0.0782072663903213,0.0622881903188663,0,,Uranus,1.1339728946440568,1.25,25.0,-60.0,59132.0,270.0,315.0
20260811_184731__rp1p25__vinf25__inc60__toff59132__Om180__om60,2.214224014704309,0.12360077050960112,-0.0442627259059265,0.0659935912816707,0,,Uranus,1.3102429626281094,1.25,25.0,60.0,59132.0,180.0,60.0
20260811_184731__rp1p25__vinf25__incm60__toff59132__Om0__om240,2.214224008719687,0.12360076931238172,-0.0442627251081287,0.0659935908537794,0,,Uranus,1.3102429626283747,1.25,25.0,-60.0,59132.0,0.0,240.0
20260811_184731__rp1p5__vinf25__incm90__toff59132__Om0__om0,2.2033053177883906,0.056394025673878356,0.0488648487972901,0.041174366968878,0,,Neptune,2.0246722383697615,1.5,25.0,-90.0,59132.0,0.0,0.0
20260811_184731__rp1p5__vinf25__inc90__toff59132__Om180__om180,2.203305315997098,0.056394025315919964,0.0488648484675914,0.0411743673037716,0,,Neptune,2.0246722383697366,1.5,25.0,90.0,59132.0,180.0,180.0
20260811_184731__rp0p5__vinf25__inc90__toff59132__Om90__om300,2.203005042928579,0.10422116261206571,0.0547319832421252,0.0888268532281667,0,,Mars,2.3914191752214826,0.5,25.0,90.0,59132.0,90.0,300.0
20260811_184731__rp0p5__vinf25__incm90__toff59132__Om270__om120,2.2030050429099197,0.10422116260835564,0.0547319833839651,0.0888268532253972,0,,Mars,2.3914191752219836,0.5,25.0,-90.0,59132.0,270.0,120.0
20260811_184731__rp1__vinf25__inc90__toff59132__Om180__om0,2.201624460764947,0.08089448975448701,0.0652403179958754,0.0675956468803069,0,,Neptune,1.8482314291099728,1.0,25.0,90.0,59132.0,180.0,0.0
20260811_184731__rp1__vinf25__incm90__toff59132__Om0__om180,2.2016244604366673,0.08089448969078437,0.0652403179706714,0.067595646823008,0,,Neptune,1.8482314291096757,1.0,25.0,-90.0,59132.0,0.0,180.0
20260811_184731__rp0p25__vinf25__inc60__toff59132__Om90__om270,2.2010012280691917,0.035079310372104655,0.0209009355619987,0.0277922504582482,0,,Uranus,1.462701827140914,0.25,25.0,60.0,59132.0,90.0,270.0
20260811_184731__rp0p25__vinf25__incm60__toff59132__Om270__om90,2.2010012274911905,0.03507931025009686,0.0209009342794664,0.0277922503507198,0,,Uranus,1.4627018271441818,0.25,25.0,-60.0,59132.0,270.0,90.0
20260811_184731__rp1p25__vinf25__incm60__toff59132__Om90__om75,2.200691733176241,0.12985972293236914,-0.062799182955917,0.0533043540898527,0,,Neptune,1.4082866842772532,1.25,25.0,-60.0,59132.0,90.0,75.0
20260811_184731__rp1p25__vinf25__inc60__toff59132__Om270__om255,2.2006917266905983,0.12985972163381557,-0.062799182108382,0.05330435360763,0,,Neptune,1.4082866842769284,1.25,25.0,60.0,59132.0,270.0,255.0
20260811_184731__rp1p5__vinf25__inc60__toff59132__Om270__om240,2.1987711127696676,0.06677949573856244,-0.0125966993312748,0.0428711470505977,0,,Jupiter,1.9250181651259066,1.5,25.0,60.0,59132.0,270.0,240.0
20260811_184731__rp1p5__vinf25__incm60__toff59132__Om90__om60,2.198771112377245,0.06677949565924558,-0.0125966992890255,0.0428711470210306,0,,Jupiter,1.9250181651251064,1.5,25.0,-60.0,59132.0,90.0,60.0
20260811_184731__rp1p25__vinf25__incm90__toff59132__Om90__om120,2.1972893663538993,0.09893533316480992,-0.0431992235125844,0.0422248348660595,0,,Uranus,1.5031850999889118,1.25,25.0,-90.0,59132.0,90.0,120.0
20260811_184731__rp1p25__vinf25__inc90__toff59132__Om270__om300,2.1972893662216855,0.09893533307292021,-0.0431992234108172,0.0422248348809227,0,,Uranus,1.5031850999895737,1.25,25.0,90.0,59132.0,270.0,300.0
20260811_184731__rp1__vinf25__inc60__toff59132__Om90__om315,2.1946812984736814,0.14365822758347993,0.147659378558202,0.0813184719415449,0,,Uranus,0.9458210485734867,1.0,25.0,60.0,59132.0,90.0,315.0
20260811_184731__rp1__vinf25__incm60__toff59132__Om270__om135,2.1946812983428168,0.14365822755964353,0.1476593785256578,0.0813184719209521,0,,Uranus,0.9458210485733096,1.0,25.0,-60.0,59132.0,270.0,135.0
20260811_184731__rp0p75__vinf25__incm90__toff59132__Om180__om255,2.1938422387737355,0.20194704513070866,0.1288516222050918,0.1910690088354652,0,,Neptune,0.829427304727539,0.75,25.0,-90.0,59132.0,180.0,255.0
20260811_184731__rp0p75__vinf25__inc90__toff59132__Om0__om75,2.19384223206021,0.2019470437812502,0.1288516240498493,0.1910690073136322,0,,Neptune,0.8294273047261632,0.75,25.0,90.0,59132.0,0.0,75.0
20260811_184731__rp1p25__vinf25__incm30__toff59132__Om270__om90,2.190806872048211,0.07068566342096919,0.0624990563492214,0.0354435719287733,0,,Neptune,1.6718389754168403,1.25,25.0,-30.0,59132.0,270.0,90.0
20260811_184731__rp1p25__vinf25__inc30__toff59132__Om90__om270,2.1908068691152183,0.07068566282654203,0.0624990557449126,0.0354435714122186,0,,Neptune,1.6718389754167493,1.25,25.0,30.0,59132.0,90.0,270.0
20260811_184731__rp1p5__vinf25__incm30__toff59132__Om0__om345,2.1902793366646716,0.053989176267654176,0.0412668807832318,0.043758985840882,0,,Neptune,2.0127498318278185,1.5,25.0,-30.0,59132.0,0.0,345.0
20260811_184731__rp1p5__vinf25__inc30__toff59132__Om180__om165,2.190279336591517,0.053989176253524354,0.0412668807620743,0.0437589858285838,0,,Neptune,2.0127498318278176,1.5,25.0,30.0,59132.0,180.0,165.0
20260811_184731__rp1p5__vinf25__inc60__toff59132__Om270__om225,2.18979326609917,0.06707350789774487,0.0591027974875296,0.0400022697564576,1,Neptune,Neptune,2.1372663181781144,1.5,25.0,60.0,59132.0,270.0,225.0
20260811_184731__rp1p5__vinf25__incm60__toff59132__Om90__om45,2.189793263646804,0.06707350740689239,0.0591027970069116,0.0400022697396474,1,Neptune,Neptune,2.1372663181781615,1.5,25.0,-60.0,59132.0,90.0,45.0
20260811_184731__rp1p25__vinf25__inc90__toff59132__Om180__om345,2.186161164384234,0.057906275496582026,0.0501518091425804,0.0357989799274572,0,,Saturn,1.6110731679016865,1.25,25.0,90.0,59132.0,180.0,345.0
20260811_184731__rp1p25__vinf25__incm90__toff59132__Om0__om165,2.186161162220963,0.057906275063620886,0.0501518087253592,0.0357989796727408,0,,Saturn,1.6110731679016816,1.25,25.0,-90.0,59132.0,0.0,165.0
20260811_184731__rp1p5__vinf25__incm30__toff59132__Om0__om75,2.184739755598901,0.1671115486737681,-0.0655003982479305,0.0918077066885997,0,,Neptune,0.7810241343265982,1.5,25.0,-30.0,59132.0,0.0,75.0
20260811_184731__rp1p5__vinf25__inc30__toff59132__Om180__om255,2.184739752523469,0.16711154805767436,-0.0655003980376454,0.0918077061940128,0,,Neptune,0.7810241343266376,1.5,25.0,30.0,59132.0,180.0,255.0
20260811_184731__rp0p75__vinf25__inc60__toff59132__Om270__om45,2.1808344698717566,0.07128119287832495,-0.025053897480743,0.0345687472720357,0,,Mars,1.590246141791967,0.75,25.0,60.0,59132.0,270.0,45.0
20260811_184731__rp0p75__vinf25__incm60__toff59132__Om90__om225,2.1808344688819257,0.07128119267870935,-0.0250538973870241,0.0345687471844586,0,,Mars,1.5902461417934455,0.75,25.0,-60.0,59132.0,90.0,225.0
20260811_184731__rp1p5__vinf25__inc90__toff59132__Om0__om180,2.1746602297229134,0.06038675961693673,0.0062598793825033,0.0492900227172936,0,,Neptune,1.6771431846129288,1.5,25.0,90.0,59132.0,0.0,180.0
20260811_184731__rp1p5__vinf25__incm90__toff59132__Om180__om0,2.1746602285156045,0.06038675937523485,0.0062598790057405,0.0492900225130219,0,,Neptune,1.6771431846129679,1.5,25.0,-90.0,59132.0,180.0,0.0
20260811_184731__rp1p5__vinf25__incm90__toff59132__Om180__om150,2.172428498193344,0.04330932165088362,0.0201464597907582,0.0345911631094833,0,,Neptune,2.010533622821777,1.5,25.0,-90.0,59132.0,180.0,150.0
20260811_184731__rp1p5__vinf25__inc90__toff59132__Om0__om330,2.17242849715465,0.04330932144285448,0.0201464599638315,0.034591162936218,0,,Neptune,2.010533622821774,1.5,25.0,90.0,59132.0,0.0,330.0
20260811_184731__rp0p5__vinf25__inc60__toff59132__Om90__om285,2.1719471205439254,0.10713388042777273,0.0998101156867071,0.0206161134529973,0,,Saturn,0.9490999350507494,0.5,25.0,60.0,59132.0,90.0,285.0
20260811_184731__rp0p5__vinf25__incm60__toff59132__Om270__om105,2.1719471204270153,0.10713388040682637,0.0998101156590792,0.020616113371131,0,,Saturn,0.9490999350501925,0.5,25.0,-60.0,59132.0,270.0,105.0
20260811_184731__rp1p5__vinf25__incm90__toff59132__Om90__om30,2.1690760739315484,0.13458451784490383,0.1349305686123315,0.0663094487054921,0,,Neptune,1.5764056276071754,1.5,25.0,-90.0,59132.0,90.0,30.0
20260811_184731__rp1p5__vinf25__inc90__toff59132__Om270__om210,2.1690760719500317,0.13458451744851882,0.134930568157113,0.066309449144821,0,,Neptune,1.57640562760732,1.5,25.0,90.0,59132.0,270.0,210.0
20260811_184731__rp0p5__vinf25__incm60__toff59132__Om0__om285,2.168480431352067,0.12701938264221466,-0.0786036881398773,0.0332496488903479,0,,Uranus,1.1802762497926993,0.5,25.0,-60.0,59132.0,0.0,285.0
20260811_184731__rp0p5__vinf25__inc60__toff59132__Om180__om105,2.1684804294857134,0.1270193822687049,-0.0786036879685507,0.0332496486810388,0,,Uranus,1.1802762497919277,0.5,25.0,60.0,59132.0,180.0,105.0
20260811_184731__rp1p25__vinf25__incm60__toff59132__Om0__om330,2.164284353105742,0.05878171707173617,0.0423426336224547,0.047853458283048,0,,Neptune,1.9604486332569935,1.25,25.0,-60.0,59132.0,0.0,330.0
20260811_184731__rp1p25__vinf25__inc60__toff59132__Om180__om150,2.1642843448229736,0.05878171541530444,0.0423426348354124,0.0478534568842993,0,,Neptune,1.9604486332571054,1.25,25.0,60.0,59132.0,180.0,150.0
20260811_184731__rp1p5__vinf25__inc60__toff59132__Om90__om105,2.1630108768397616,0.10595650851208895,-0.0388089374198735,0.0536424363374625,0,,Neptune,1.5211312526570855,1.5,25.0,60.0,59132.0,90.0,105.0
20260811_184731__rp1p5__vinf25__incm60__toff59132__Om270__om285,2.1630108765853184,0.10595650846123283,-0.0388089375131477,0.0536424361920944,0,,Neptune,1.5211312526571352,1.5,25.0,-60.0,59132.0,270.0,285.0
20260811_184731__rp1p5__vinf25__inc30__toff59132__Om180__om60,2.161426334514559,0.12242320630891085,-0.046018551717621,0.0629789030191055,0,,Uranus,1.2690262297398944,1.5,25.0,30.0,59132.0,180.0,60.0
20260811_184731__rp1p5__vinf25__incm30__toff59132__Om0__om240,2.1614263336683157,0.1224232061393821,-0.0460185515960085,0.0629789029681941,0,,Uranus,1.2690262297397177,1.5,25.0,-30.0,59132.0,0.0,240.0
20260811_184731__rp1p5__vinf25__inc90__toff59132__Om0__om345,2.1595483438150884,0.05707902842600642,0.0496333180671527,0.0456030439116821,0,,Neptune,2.010771492010476,1.5,25.0,90.0,59132.0,0.0,345.0
20260811_184731__rp1p5__vinf25__incm90__toff59132__Om180__om165,2.1595483398918445,0.057079027641155855,0.0496333173099418,0.045603043495686,0,,Neptune,2.010771492010456,1.5,25.0,-90.0,59132.0,180.0,165.0
20260811_184731__rp1__vinf25__inc90__toff59132__Om90__om150,2.1576554395975247,0.1234670720936605,-0.0699016473221607,0.0389630812134493,0,,Uranus,1.4471145983050486,1.0,25.0,90.0,59132.0,90.0,150.0
20260811_184731__rp1__vinf25__incm90__toff59132__Om270__om330,2.157655435277607,0.1234670712297853,-0.0699016463372491,0.0389630813683124,0,,Uranus,1.4471145983049332,1.0,25.0,-90.0,59132.0,270.0,330.0
20260811_184731__rp1p5__vinf25__inc60__toff59132__Om90__om240,2.1545988511956695,0.06390455533207115,-0.0147141629712936,0.0382210163475765,0,,Neptune,1.6279446364215988,1.5,25.0,60.0,59132.0,90.0,240.0
20260811_184731__rp1p5__vinf25__incm60__toff59132__Om270__om60,2.154598850317655,0.06390455515588278,-0.0147141637026088,0.0382210154691732,0,,Neptune,1.6279446364215775,1.5,25.0,-60.0,59132.0,270.0,60.0
20260811_184731__rp0p5__vinf25__inc60__toff59132__Om180__om120,2.1544228447589817,0.04313802158895333,-0.0344441000918548,-0.0065902911200553,0,,Jupiter,1.6851049588587896,0.5,25.0,60.0,59132.0,180.0,120.0
20260811_184731__rp0p5__vinf25__incm60__toff59132__Om0__om300,2.1544228417401334,0.043138021014050634,-0.0344440996252043,-0.0065902907048563,0,,Jupiter,1.6851049588590927,0.5,25.0,-60.0,59132.0,0.0,300.0
20260811_184731__rp1p5__vinf25__inc30__toff59132__Om180__om120,2.1522068254070517,0.07118355657751513,-0.0281209489904741,0.031388769663065,0,,Neptune,1.782565579416502,1.5,25.0,30.0,59132.0,180.0,120.0
20260811_184731__rp1p5__vinf25__incm30__toff59132__Om0__om300,2.152206824406849,0.07118355637726316,-0.0281209488230829,0.0313887696497626,0,,Neptune,1.7825655794164703,1.5,25.0,-30.0,59132.0,0.0,300.0
20260811_184731__rp1__vinf25__incm60__toff59132__Om180__om240,2.151218179795609,0.019240582414369985,0.0153983537521159,0.0030545917003524,0,,Uranus,1.7266959646447164,1.0,25.0,-60.0,59132.0,180.0,240.0
20260811_184731__rp1__vinf25__inc60__toff59132__Om0__om60,2.1512181779603523,0.019240582038005473,0.015398353432091,0.0030545904746021,0,,Uranus,1.7266959646527185,1.0,25.0,60.0,59132.0,0.0,60.0
20260811_184731__rp1p25__vinf25__incm90__toff59132__Om0__om180,2.1510950219538962,0.05340058880796383,0.0458605913645554,0.0337047170839915,0,,Neptune,1.6802380830206194,1.25,25.0,-90.0,59132.0,0.0,180.0
20260811_184731__rp1p25__vinf25__inc90__toff59132__Om180__om0,2.151095021941311,0.05340058880535534,0.0458605913620565,0.033704717081368,0,,Neptune,1.6802380830205723,1.25,25.0,90.0,59132.0,180.0,0.0
20260811_184731__rp1p25__vinf25__incm30__toff59132__Om90__om210,2.150503489217267,0.10804754853457196,-0.0424790114902792,0.0519801397599615,0,,Neptune,1.7530253488421375,1.25,25.0,-30.0,59132.0,90.0,210.0
20260811_184731__rp1p25__vinf25__inc30__toff59132__Om270__om30,2.1505034872895044,0.10804754814883098,-0.0424790111832872,0.0519801396887398,0,,Neptune,1.7530253488420562,1.25,25.0,30.0,59132.0,270.0,30.0
20260811_184731__rp1p25__vinf25__inc90__toff59132__Om90__om165,2.1495515385229793,0.0977991601792935,-0.0438623238037996,0.040429706002933,0,,Uranus,1.462967332566713,1.25,25.0,90.0,59132.0,90.0,165.0
20260811_184731__rp1p25__vinf25__incm90__toff59132__Om270__om345,2.149551536749813,0.09779915982470488,-0.0438623233631547,0.0404297061113616,0,,Uranus,1.4629673325666768,1.25,25.0,-90.0,59132.0,270.0,345.0
20260811_184731__rp1__vinf25__incm90__toff59132__Om0__om135,2.1480663159596323,0.08268285140902037,0.0680946857141046,0.0692595769625434,0,,Uranus,1.610058912083439,1.0,25.0,-90.0,59132.0,0.0,135.0
20260811_184731__rp1__vinf25__inc90__toff59132__Om180__om315,2.1480663154639648,0.08268285130960001,0.0680946853661831,0.0692595768650345,0,,Uranus,1.610058912083227,1.0,25.0,90.0,59132.0,180.0,315.0
20260811_184731__rp0p75__vinf25__inc30__toff59132__Om270__om60,2.1479049114082267,0.02516167159634187,0.0126137036991677,0.0197155383346375,0,,Neptune,1.7103728951449257,0.75,25.0,30.0,59132.0,270.0,60.0
20260811_184731__rp0p75__vinf25__incm30__toff59132__Om90__om240,2.1479049112738187,0.025161671568067315,0.0126137044321338,0.0197155383136131,0,,Neptune,1.710372895144809,0.75,25.0,-30.0,59132.0,90.0,240.0
20260811_184731__rp1p5__vinf25__inc90__toff59132__Om270__om315,2.1477939684996104,0.07407313014623244,-0.0243126770465588,0.037861726460303,0,,Uranus,1.4633348792823067,1.5,25.0,90.0,59132.0,270.0,315.0
20260811_184731__rp1p5__vinf25__incm90__toff59132__Om90__om135,2.1477939684921568,0.07407313014530631,-0.0243126769360708,0.0378617265701347,0,,Uranus,1.4633348792824603,1.5,25.0,-90.0,59132.0,90.0,135.0
20260811_184731__rp1p5__vinf25__incm60__toff59132__Om0__om210,2.1458145729612412,0.07347140781898903,-0.0123447128401279,0.049155452974828,0,,Neptune,1.3824766999685674,1.5,25.0,-60.0,59132.0,0.0,210.0
20260811_184731__rp1p5__vinf25__inc60__toff59132__Om180__om30,2.1458145633163683,0.07347140588961112,-0.0123447119629159,0.0491554520782513,0,,Neptune,1.3824766999684124,1.5,25.0,60.0,59132.0,180.0,30.0
20260811_184731__rp1__vinf25__incm60__toff59132__Om90__om270,2.1454923361436626,0.1397072836439576,0.1429018749867531,0.0847688340578498,0,,Uranus,0.9806376215169008,1.0,25.0,-60.0,59132.0,90.0,270.0
20260811_184731__rp1__vinf25__inc60__toff59132__Om270__om90,2.1454923319170627,0.1397072827975893,0.1429018738568775,0.0847688334627542,0,,Uranus,0.9806376215169732,1.0,25.0,60.0,59132.0,270.0,90.0
20260811_184731__rp0p25__vinf25__inc90__toff59132__Om270__om75,2.1438100272939735,0.13579053237046104,0.0721979646869551,0.1196874487380298,0,,Neptune,1.1959891141059387,0.25,25.0,90.0,59132.0,270.0,75.0
20260811_184731__rp0p25__vinf25__incm90__toff59132__Om90__om255,2.143810027068596,0.13579053232417665,0.0721979647582963,0.1196874486917274,0,,Neptune,1.1959891141060113,0.25,25.0,-90.0,59132.0,90.0,255.0
20260811_184731__rp1p5__vinf25__inc90__toff59132__Om270__om120,2.1391343489773194,0.07589173132258019,0.0156828910609482,0.0628897898857781,0,,Neptune,1.5698507201132519,1.5,25.0,90.0,59132.0,270.0,120.0
20260811_184731__rp1p5__vinf25__incm90__toff59132__Om90__om300,2.1391343489066785,0.07589173130831259,0.0156828911230541,0.0628897898719069,0,,Neptune,1.5698507201135306,1.5,25.0,-90.0,59132.0,90.0,300.0
20260811_184731__rp1p5__vinf25__inc90__toff59132__Om90__om345,2.1354594104244926,0.07577839487325838,0.0170055779701462,0.0627670327394425,0,,Neptune,1.5561365708218446,1.5,25.0,90.0,59132.0,90.0,345.0
20260811_184731__rp1p5__vinf25__incm90__toff59132__Om270__om165,2.1354594101409523,0.07577839481634203,0.017005577993529,0.0627670326878303,0,,Neptune,1.5561365708219135,1.5,25.0,-90.0,59132.0,270.0,165.0
20260811_184731__rp1__vinf25__inc60__toff59132__Om270__om240,2.133857619830252,0.01848359459339277,-0.0145091285683801,-0.0038711493468683,0,,Neptune,1.9685279188635183,1.0,25.0,60.0,59132.0,270.0,240.0
20260811_184731__rp1__vinf25__incm60__toff59132__Om90__om60,2.133857616589224,0.01848359394375947,-0.0145091280549974,-0.0038711488418938,0,,Neptune,1.9685279188631584,1.0,25.0,-60.0,59132.0,90.0,60.0
20260811_184731__rp1p5__vinf25__inc90__toff59132__Om0__om225,2.133838622256138,0.10866615234139404,-0.0354500811811807,0.0597409448497927,0,,Uranus,1.067878892254214,1.5,25.0,90.0,59132.0,0.0,225.0
20260811_184731__rp1p5__vinf25__incm90__toff59132__Om180__om45,2.1338386197911534,0.1086661518482225,-0.0354500804098631,0.0597409451357431,0,,Uranus,1.0678788922541602,1.5,25.0,-90.0,59132.0,180.0,45.0
20260811_184731__rp0p5__vinf25__inc90__toff59132__Om90__om135,2.133836916806854,0.11084673022655653,-0.0347501604413165,0.0626260330584399,0,,Uranus,1.7392404044420022,0.5,25.0,90.0,59132.0,90.0,135.0
20260811_184731__rp0p5__vinf25__incm90__toff59132__Om270__om315,2.133836902897523,0.11084672744872558,-0.0347501590577998,0.0626260316663594,0,,Uranus,1.7392404044414922,0.5,25.0,-90.0,59132.0,270.0,315.0
20260811_184731__rp1p25__vinf25__incm90__toff59132__Om180__om90,2.130327739614489,0.12356007583767166,-0.0563621211029148,0.0534485913116784,0,,Uranus,1.6800868234661779,1.25,25.0,-90.0,59132.0,180.0,90.0
20260811_184731__rp1p25__vinf25__inc90__toff59132__Om0__om270,2.1303277387108706,0.12356007565681472,-0.0563621210082266,0.0534485912221126,0,,Uranus,1.680086823466115,1.25,25.0,90.0,59132.0,0.0,270.0
20260811_184731__rp1p5__vinf25__incm60__toff59132__Om0__om30,2.1300615537693917,0.06705243625464863,0.0586119289170302,0.0253947377510828,0,,Neptune,1.5787220838852707,1.5,25.0,-60.0,59132.0,0.0,30.0
20260811_184731__rp1p5__vinf25__inc60__toff59132__Om180__om210,2.130061553171044,0.06705243613498175,0.0586119288007113,0.0253947377426476,0,,Neptune,1.5787220838852376,1.5,25.0,60.0,59132.0,180.0,210.0
20260811_184731__rp1p25__vinf25__incm90__toff59132__Om180__om225,2.129752920198811,0.10212210716046001,0.0959264568021643,0.0500129485221748,0,,Saturn,1.2573450341358503,1.25,25.0,-90.0,59132.0,180.0,225.0
20260811_184731__rp1p25__vinf25__inc90__toff59132__Om0__om45,2.1297529162547333,0.10212210637540155,0.0959264559585743,0.050012948906461,0,,Saturn,1.257345034135467,1.25,25.0,90.0,59132.0,0.0,45.0
20260811_184731__rp1p5__vinf25__incm30__toff59132__Om90__om270,2.127117834898205,0.09750334527156314,0.0915015276859153,0.0620129083163446,0,,Uranus,1.1750442635781866,1.5,25.0,-30.0,59132.0,90.0,270.0
20260811_184731__rp1p5__vinf25__inc30__toff59132__Om270__om90,2.127117832490643,0.09750334478990437,0.0915015271138567,0.0620129074460066,0,,Uranus,1.1750442635775653,1.5,25.0,30.0,59132.0,270.0,90.0
20260811_184731__rp0p5__vinf25__incm60__toff59132__Om90__om255,2.126349336508981,0.12469385796315395,0.122851493891617,0.0657944481990373,0,,Mars,1.8762143802480649,0.5,25.0,-60.0,59132.0,90.0,255.0
20260811_184731__rp0p5__vinf25__inc60__toff59132__Om270__om75,2.126349334593872,0.12469385758139097,0.1228514934067585,0.0657944478158132,0,,Mars,1.8762143802735194,0.5,25.0,60.0,59132.0,270.0,75.0
20260811_184731__rp1p5__vinf25__inc60__toff59132__Om180__om165,2.1245590607307268,0.06162323225086966,0.0540187819833161,0.0467898466998674,0,,Neptune,1.9842429662994314,1.5,25.0,60.0,59132.0,180.0,165.0
20260811_184731__rp1p5__vinf25__incm60__toff59132__Om0__om345,2.1245590600966016,0.06162323212383013,0.054018781864502,0.0467898468270773,0,,Neptune,1.9842429662995054,1.5,25.0,-60.0,59132.0,0.0,345.0
20260811_184731__rp0p75__vinf25__incm60__toff59132__Om0__om270,2.1225896121180177,0.15452538132422514,-0.0817735471511256,0.0600177492513361,0,,Uranus,1.3758255137379383,0.75,25.0,-60.0,59132.0,0.0,270.0
20260811_184731__rp0p75__vinf25__inc60__toff59132__Om180__om90,2.1225896119371455,0.15452538128690918,-0.081773547101867,0.0600177492626492,0,,Uranus,1.3758255137378153,0.75,25.0,60.0,59132.0,180.0,90.0
20260811_184731__rp1p5__vinf25__inc90__toff59132__Om180__om165,2.1223022986161837,0.05907243815432225,0.0500984744441214,0.0482417557465418,0,,Neptune,1.869012772625879,1.5,25.0,90.0,59132.0,180.0,165.0
20260811_184731__rp1p5__vinf25__incm90__toff59132__Om0__om345,2.122302297233327,0.05907243787717103,0.0500984741564572,0.0482417555041313,0,,Neptune,1.869012772625899,1.5,25.0,-90.0,59132.0,0.0,345.0
20260811_184731__rp1p5__vinf25__inc90__toff59132__Om90__om180,2.118576778203394,0.0728060396524445,-0.0247871746505552,0.0362270509689832,0,,Uranus,1.4417344766437616,1.5,25.0,90.0,59132.0,90.0,180.0
20260811_184731__rp1p5__vinf25__incm90__toff59132__Om270__om0,2.118576777560774,0.07280603952301765,-0.0247871750563227,0.0362270504436452,0,,Uranus,1.4417344766437956,1.5,25.0,-90.0,59132.0,270.0,0.0
20260811_184731__rp1p5__vinf25__incm60__toff59132__Om270__om270,2.117347672772382,0.06227642868810929,-0.0026668982708537,0.0485233112156887,0,,Neptune,1.9017136422452665,1.5,25.0,-60.0,59132.0,270.0,270.0
20260811_184731__rp1p5__vinf25__inc60__toff59132__Om90__om90,2.1173476672412868,0.06227642757970745,-0.0026668976655843,0.0485233108214838,0,,Neptune,1.9017136422451095,1.5,25.0,60.0,59132.0,90.0,90.0
20260811_184731__rp0p25__vinf25__inc90__toff59132__Om90__om300,2.116273784559456,0.13433090830528108,0.0621738695336718,0.118212342505781,0,,Neptune,1.123627982313477,0.25,25.0,90.0,59132.0,90.0,300.0
20260811_184731__rp0p25__vinf25__incm90__toff59132__Om270__om120,2.1162737840240826,0.1343309082049365,0.0621738698815491,0.1182123424035409,0,,Neptune,1.1236279823129425,0.25,25.0,-90.0,59132.0,270.0,120.0
20260811_184731__rp0p5__vinf25__incm90__toff59132__Om90__om255,2.113694816200848,0.10586912074319586,0.0619423991832742,0.0904380890147305,0,,Mars,1.956664836721928,0.5,25.0,-90.0,59132.0,90.0,255.0
20260811_184731__rp0p5__vinf25__inc90__toff59132__Om270__om75,2.1136948158479574,0.1058691206721977,0.0619423992481277,0.0904380889483506,0,,Mars,1.9566648367302997,0.5,25.0,90.0,59132.0,270.0,75.0
20260811_184731__rp1p5__vinf25__incm90__toff59132__Om180__om300,2.1114807092940007,0.11416152651560829,0.0750844937096703,0.0984936361512103,0,,Neptune,1.465065812292036,1.5,25.0,-90.0,59132.0,180.0,300.0
20260811_184731__rp1p5__vinf25__inc90__toff59132__Om0__om120,2.111480702913779,0.11416152523941459,0.075084491599226,0.0984936348960318,0,,Neptune,1.4650658122920117,1.5,25.0,90.0,59132.0,0.0,120.0
20260811_184731__rp1p5__vinf25__inc90__toff59132__Om180__om195,2.106776192536458,0.04389240672793867,0.0369341839433933,0.0242609971252663,0,,Neptune,2.0519987102844923,1.5,25.0,90.0,59132.0,180.0,195.0
20260811_184731__rp1p5__vinf25__incm90__toff59132__Om0__om15,2.1067761914489167,0.04389240651033443,0.0369341837454398,0.0242609970255305,0,,Neptune,2.0519987102844692,1.5,25.0,-90.0,59132.0,0.0,15.0
20260811_184731__rp1p25__vinf25__incm90__toff59132__Om0__om195,2.105087200815198,0.04934208838892599,0.0362004816068747,0.039766626586192,0,,Neptune,1.7662540298850196,1.25,25.0,-90.0,59132.0,0.0,195.0
20260811_184731__rp1p25__vinf25__inc90__toff59132__Om180__om15,2.105087197483797,0.04934208772259526,0.0362004813926307,0.0397666260238952,0,,Neptune,1.766254029885006,1.25,25.0,90.0,59132.0,180.0,15.0
20260811_184731__rp1p5__vinf25__inc60__toff59132__Om180__om15,2.103115764428988,0.05159265205749942,0.0021197935087166,0.0417508741070199,0,,Neptune,1.542076812008929,1.5,25.0,60.0,59132.0,180.0,15.0
20260811_184731__rp1p5__vinf25__incm60__toff59132__Om0__om195,2.103115760663426,0.05159265130440572,0.0021197928014154,0.0417508734739876,0,,Neptune,1.5420768120089698,1.5,25.0,-60.0,59132.0,0.0,195.0
20260811_184731__rp1p25__vinf25__incm90__toff59132__Om0__om210,2.1015420549307455,0.06020356351756486,0.0200452956364388,0.0489674955240214,0,,Neptune,1.7570510281010783,1.25,25.0,-90.0,59132.0,0.0,210.0
20260811_184731__rp1p25__vinf25__inc90__toff59132__Om180__om30,2.1015420548788666,0.060203563507261505,0.0200452956385736,0.0489674955150706,0,,Neptune,1.7570510281010636,1.25,25.0,90.0,59132.0,180.0,30.0
20260811_184731__rp1p5__vinf25__inc60__toff59132__Om270__om15,2.098702334189039,0.08226355784912723,-0.026200664833099,0.0435467955183035,0,,Uranus,1.328133125485871,1.5,25.0,60.0,59132.0,270.0,15.0
20260811_184731__rp1p5__vinf25__incm60__toff59132__Om90__om195,2.0987023280419708,0.08226355661964224,-0.0262006636785533,0.0435467955263569,0,,Uranus,1.3281331254859197,1.5,25.0,-60.0,59132.0,90.0,195.0
20260811_184731__rp1p5__vinf25__inc60__toff59132__Om180__om330,2.0960033616633758,0.06822182102812732,0.0514296781209205,0.0561498289380751,0,,Neptune,1.5075159034814112,1.5,25.0,60.0,59132.0,180.0,330.0
20260811_184731__rp1p5__vinf25__incm60__toff59132__Om0__om150,2.0960033541257848,0.06822181952056662,0.0514296794888798,0.0561498276512452,0,,Neptune,1.5075159034815508,1.5,25.0,-60.0,59132.0,0.0,150.0
20260811_184731__rp0p75__vinf25__incm60__toff59132__Om270__om90,2.0947638761549547,0.03407610179877932,0.0279633754610061,0.0063672440305837,0,,Mars,1.7872109516293908,0.75,25.0,-60.0,59132.0,270.0,90.0
20260811_184731__rp0p75__vinf25__inc60__toff59132__Om90__om270,2.0947638732266225,0.03407610121199816,0.0279633749463347,0.0063672435406923,0,,Mars,1.7872109516348202,0.75,25.0,60.0,59132.0,90.0,270.0
20260811_184731__rp1p5__vinf25__incm30__toff59132__Om90__om195,2.0904046483024192,0.09990411872748317,-0.0356417998296032,0.0508944600012542,0,,Neptune,1.572226419667519,1.5,25.0,-30.0,59132.0,90.0,195.0
20260811_184731__rp1p5__vinf25__inc30__toff59132__Om270__om15,2.0904046454760827,0.09990411816208329,-0.0356417997319539,0.050894459547447,0,,Neptune,1.572226419667541,1.5,25.0,30.0,59132.0,270.0,15.0
20260811_184731__rp1p5__vinf25__inc60__toff59132__Om270__om300,2.089901655757262,0.10806937123520985,-0.042521331851662,0.0519586153044502,0,,Uranus,1.4339289777114657,1.5,25.0,60.0,59132.0,270.0,300.0
20260811_184731__rp1p5__vinf25__incm60__toff59132__Om90__om120,2.089901654067523,0.10806937089749923,-0.04252133013244,0.0519586167275451,0,,Uranus,1.4339289777114903,1.5,25.0,-60.0,59132.0,90.0,120.0
20260811_184731__rp0p75__vinf25__inc90__toff59132__Om90__om135,2.0869206954577035,0.11898454832531587,-0.0781348918974895,0.0252964062789009,0,,Uranus,1.3775760276700995,0.75,25.0,90.0,59132.0,90.0,135.0
20260811_184731__rp0p75__vinf25__incm90__toff59132__Om270__om315,2.0869206950618127,0.11898454824788036,-0.0781348919477779,0.0252964061426819,0,,Uranus,1.377576027669803,0.75,25.0,-90.0,59132.0,270.0,315.0
20260811_184731__rp1p25__vinf25__inc90__toff59132__Om180__om45,2.0843703840719465,0.07076755993854478,0.0086329063760225,0.0584197693495014,0,,Neptune,1.6549839646271474,1.25,25.0,90.0,59132.0,180.0,45.0
20260811_184731__rp1p25__vinf25__incm90__toff59132__Om0__om225,2.0843703829915645,0.07076755972253157,0.0086329063018385,0.0584197691579143,0,,Neptune,1.6549839646271651,1.25,25.0,-90.0,59132.0,0.0,225.0
20260811_184731__rp1p5__vinf25__inc90__toff59132__Om0__om315,2.0827165080392605,0.03331656910305623,-0.0032853113699007,0.0232184527490574,0,,Neptune,1.8715568596935794,1.5,25.0,90.0,59132.0,0.0,315.0
20260811_184731__rp1p5__vinf25__incm90__toff59132__Om180__om135,2.082716506671879,0.03331656883022968,-0.0032853113386689,0.0232184525544654,0,,Neptune,1.871556859693536,1.5,25.0,-90.0,59132.0,180.0,135.0
20260811_184731__rp1p5__vinf25__incm30__toff59132__Om180__om180,2.0812001097323836,0.08414683531194035,0.0770591743316909,0.0584556404074868,0,,Neptune,1.5409188900550888,1.5,25.0,-30.0,59132.0,180.0,180.0
20260811_184731__rp1p5__vinf25__inc30__toff59132__Om0__om0,2.0812001087674346,0.08414683511862474,0.0770591741285199,0.0584556403785704,0,,Neptune,1.5409188900551394,1.5,25.0,30.0,59132.0,0.0,0.0
20260811_184731__rp1p5__vinf25__incm90__toff59132__Om180__om75,2.0807038399355897,0.10591302019488087,-0.0408558812115822,0.0515126924409242,1,Uranus,Uranus,2.2323715671463358,1.5,25.0,-90.0,59132.0,180.0,75.0
20260811_184731__rp1p5__vinf25__inc90__toff59132__Om0__om255,2.080703832197928,0.10591301864728454,-0.0408558804687018,0.0515126916616859,1,Uranus,Uranus,2.2323715671464153,1.5,25.0,90.0,59132.0,0.0,255.0
20260811_184731__rp1p5__vinf25__inc60__toff59132__Om180__om345,2.0775209630029488,0.052589882474921294,0.0398473722822233,0.0425538195144433,0,,Neptune,1.5997336222774077,1.5,25.0,60.0,59132.0,180.0,345.0
20260811_184731__rp1p5__vinf25__incm60__toff59132__Om0__om165,2.077520957303842,0.052589881335101854,0.0398473705827874,0.0425538185259658,0,,Neptune,1.5997336222774325,1.5,25.0,-60.0,59132.0,0.0,165.0
20260811_184731__rp1p25__vinf25__incm60__toff59132__Om90__om210,2.075025659177943,0.08265688611122665,-0.0285782324383517,0.0415269703277887,0,,Uranus,1.2019197209816315,1.25,25.0,-60.0,59132.0,90.0,210.0
20260811_184731__rp1p25__vinf25__inc60__toff59132__Om270__om30,2.07502565313306,0.08265688490354155,-0.0285782309168268,0.0415269707288035,0,,Uranus,1.201919720981757,1.25,25.0,60.0,59132.0,270.0,30.0
20260811_184731__rp1__vinf25__inc60__toff59132__Om180__om135,2.074867530790028,0.03288217307236474,0.0126317565136567,0.0259730901657271,0,,Neptune,1.768765855503131,1.0,25.0,60.0,59132.0,180.0,135.0
20260811_184731__rp1__vinf25__incm60__toff59132__Om0__om315,2.074867523792551,0.03288217167271828,0.0126317551557179,0.0259730890222622,0,,Neptune,1.7687658555033445,1.0,25.0,-60.0,59132.0,0.0,315.0
20260811_184731__rp0p75__vinf25__inc60__toff59132__Om180__om105,2.0732230404530565,0.10002251076638108,-0.0636701012886974,0.0217407961280885,0,,Jupiter,1.2170035229128242,0.75,25.0,60.0,59132.0,180.0,105.0
20260811_184731__rp0p75__vinf25__incm60__toff59132__Om0__om285,2.073223032783042,0.1000225092377612,-0.0636701005729727,0.0217407953818964,0,,Jupiter,1.2170035229128624,0.75,25.0,-60.0,59132.0,0.0,285.0
20260811_184731__rp1__vinf25__inc30__toff59132__Om180__om255,2.0714348516247787,0.08636012368979383,-0.0410485560546267,0.0323113467951881,0,,Neptune,1.0592610138040282,1.0,25.0,30.0,59132.0,180.0,255.0
20260811_184731__rp1__vinf25__incm30__toff59132__Om0__om75,2.071434848986771,0.08636012316107945,-0.0410485552134028,0.0323113471606815,0,,Neptune,1.0592610138045289,1.0,25.0,-30.0,59132.0,0.0,75.0
20260811_184731__rp1p25__vinf25__inc90__toff59132__Om0__om105,2.0702685274666353,0.13702879628624462,0.0725764756872046,0.1209369900254769,0,,Neptune,1.3541082825097548,1.25,25.0,90.0,59132.0,0.0,105.0
20260811_184731__rp1p25__vinf25__incm90__toff59132__Om180__om285,2.0702685233675764,0.13702879546764687,0.0725764764876132,0.1209369892022542,0,,Neptune,1.354108282509859,1.25,25.0,-90.0,59132.0,180.0,285.0
20260811_184731__rp0p75__vinf25__inc90__toff59132__Om270__om270,2.0665087229033925,0.1276447618858207,-0.0813000627943991,0.0309476302063256,0,,Uranus,1.4464087038150155,0.75,25.0,90.0,59132.0,270.0,270.0
20260811_184731__rp0p75__vinf25__incm90__toff59132__Om90__om90,2.066508722875806,0.12764476187985951,-0.0813000627808875,0.0309476302148823,0,,Uranus,1.4464087038145377,0.75,25.0,-90.0,59132.0,90.0,90.0
20260811_184731__rp1p5__vinf25__inc60__toff59132__Om180__om0,2.0636729330658974,0.045364812280516094,0.0204262062503594,0.0363108407994987,0,,Neptune,1.6035564200125458,1.5,25.0,60.0,59132.0,180.0,0.0
20260811_184731__rp1p5__vinf25__incm60__toff59132__Om0__om180,2.0636729238968434,0.04536481044665363,0.0204262042809021,0.036310839259511,0,,Neptune,1.6035564200126073,1.5,25.0,-60.0,59132.0,0.0,180.0
20260811_184731__rp1p5__vinf25__inc60__toff59132__Om180__om45,2.062692864727759,0.08830300201536612,-0.0228267723903693,0.0525870000985703,0,,Neptune,1.1840328625587895,1.5,25.0,60.0,59132.0,180.0,45.0
20260811_184731__rp1p5__vinf25__incm60__toff59132__Om0__om225,2.062692863497663,0.08830300176940326,-0.0228267709153489,0.0525870013291051,0,,Neptune,1.1840328625587762,1.5,25.0,-60.0,59132.0,0.0,225.0
20260811_184731__rp1p5__vinf25__incm60__toff59132__Om90__om285,2.061297797795836,0.09924608512230776,0.0938406789295468,0.0699819525763715,0,,Uranus,1.4583318872962092,1.5,25.0,-60.0,59132.0,90.0,285.0
20260811_184731__rp1p5__vinf25__inc60__toff59132__Om270__om105,2.0612977915724224,0.09924608387901208,0.0938406776060724,0.0699819535010032,0,,Uranus,1.4583318872962523,1.5,25.0,60.0,59132.0,270.0,105.0
20260811_184731__rp1p5__vinf25__incm90__toff59132__Om180__om105,2.057573442883358,0.07335375141411739,-0.0321468955002044,0.0292883862951448,0,,Jupiter,1.5156218908270538,1.5,25.0,-90.0,59132.0,180.0,105.0
20260811_184731__rp1p5__vinf25__inc90__toff59132__Om0__om285,2.0575734408328934,0.07335375100352734,-0.0321468949435139,0.0292883864852683,0,,Jupiter,1.5156218908270769,1.5,25.0,90.0,59132.0,0.0,285.0
20260811_184731__rp1__vinf25__incm60__toff59132__Om270__om90,2.0491909146063714,0.02979442621913665,0.0242850482525708,0.006377844033902,1,Mars,Mars,2.4812242189426144,1.0,25.0,-60.0,59132.0,270.0,90.0
20260811_184731__rp1__vinf25__inc60__toff59132__Om90__om270,2.0491909126217243,0.02979442582264528,0.024285047910339,0.0063778437290096,1,Mars,Mars,2.4812242189424785,1.0,25.0,60.0,59132.0,90.0,270.0
20260811_184731__rp1p25__vinf25__inc90__toff59132__Om180__om225,2.047965175590264,0.026896596174886944,0.0200388508288841,-0.0016335992947396,0,,Neptune,1.7902409900544238,1.25,25.0,90.0,59132.0,180.0,225.0
20260811_184731__rp1p25__vinf25__incm90__toff59132__Om0__om45,2.0479651731190796,0.026896595681109418,0.0200388505566874,-0.0016335991581072,0,,Neptune,1.790240990054402,1.25,25.0,-90.0,59132.0,0.0,45.0
20260811_184731__rp1p25__vinf25__inc60__toff59132__Om180__om300,2.0469077770288524,0.1065023611531131,0.0679887869323817,0.0911104630913352,0,,Neptune,1.2158134401992884,1.25,25.0,60.0,59132.0,180.0,300.0
20260811_184731__rp1p25__vinf25__incm60__toff59132__Om0__om120,2.0469077744350574,0.10650236063453832,0.0679887875797581,0.0911104626118326,0,,Neptune,1.2158134401991236,1.25,25.0,-60.0,59132.0,0.0,120.0
20260811_184731__rp1__vinf25__incm90__toff59132__Om90__om90,2.045663736624855,0.10447108537244447,-0.0682165729578339,0.0212696606100677,0,,Uranus,1.1988683682456596,1.0,25.0,-90.0,59132.0,90.0,90.0
20260811_184731__rp1__vinf25__inc90__toff59132__Om270__om270,2.0456637289074675,0.10447108382865389,-0.068216572082881,0.0212696600081856,0,,Uranus,1.1988683682458248,1.0,25.0,90.0,59132.0,270.0,270.0
20260811_184731__rp1p5__vinf25__incm90__toff59132__Om180__om120,2.0443223225527185,0.05051716787048125,-0.0219600763303459,0.0192373416306236,0,,Neptune,1.5867015141279714,1.5,25.0,-90.0,59132.0,180.0,120.0
20260811_184731__rp1p5__vinf25__inc90__toff59132__Om0__om300,2.044322320881826,0.05051716753696513,-0.0219600761830237,0.0192373414900466,0,,Neptune,1.5867015141280505,1.5,25.0,90.0,59132.0,0.0,300.0
20260811_184731__rp1p25__vinf25__incm60__toff59132__Om0__om45,2.0379559574988795,0.07380535706265388,0.0653493714173297,0.0286835123249288,0,,Saturn,1.2285551166240198,1.25,25.0,-60.0,59132.0,0.0,45.0
20260811_184731__rp1p25__vinf25__inc60__toff59132__Om180__om225,2.0379559571667816,0.07380535699659889,0.0653493713497354,0.0286835122686449,0,,Saturn,1.2285551166239266,1.25,25.0,60.0,59132.0,180.0,225.0
20260811_184731__rp1__vinf25__inc90__toff59132__Om180__om240,2.03325635461035,0.029601960228505815,0.0240945249125404,0.0042859557181182,0,,Neptune,1.475927264012038,1.0,25.0,90.0,59132.0,180.0,240.0
20260811_184731__rp1__vinf25__incm90__toff59132__Om0__om60,2.03325635082145,0.029601959470636596,0.0240945242737501,0.0042859562640959,0,,Neptune,1.4759272640120387,1.0,25.0,-90.0,59132.0,0.0,60.0
20260811_184731__rp1p25__vinf25__inc90__toff59132__Om270__om105,2.030452329811462,0.0872367410539036,0.0509111392936042,0.0730604919356673,0,,Neptune,1.4411391193122194,1.25,25.0,90.0,59132.0,270.0,105.0
20260811_184731__rp1p25__vinf25__incm90__toff59132__Om90__om285,2.030452329790654,0.08723674104978325,0.0509111393205582,0.0730604919321822,0,,Neptune,1.4411391193121927,1.25,25.0,-90.0,59132.0,90.0,285.0
20260811_184731__rp1p25__vinf25__incm90__toff59132__Om0__om150,2.0288532869922222,0.05277190240208124,0.0454074340359963,0.0391165944900647,0,,Neptune,1.349616315743006,1.25,25.0,-90.0,59132.0,0.0,150.0
20260811_184731__rp1p25__vinf25__inc90__toff59132__Om180__om330,2.028853286336678,0.05277190227096086,0.0454074339104136,0.0391165943636759,0,,Neptune,1.3496163157430252,1.25,25.0,90.0,59132.0,180.0,330.0
20260811_184731__rp1p5__vinf25__inc90__toff59132__Om90__om240,2.024178113459807,0.06525687111644299,-0.0144172374359711,0.0397196503117378,0,,Uranus,1.3294634577680602,1.5,25.0,90.0,59132.0,90.0,240.0
20260811_184731__rp1p5__vinf25__incm90__toff59132__Om270__om60,2.0241781132406276,0.06525687105882767,-0.0144172373224052,0.0397196503721948,0,,Uranus,1.3294634577680073,1.5,25.0,-90.0,59132.0,270.0,60.0
20260811_184731__rp1p5__vinf25__inc60__toff59132__Om270__om270,2.023936603383679,0.11098599267670305,-0.0481300890230607,0.0491138050883609,0,,Uranus,1.0162740439560747,1.5,25.0,60.0,59132.0,270.0,270.0
20260811_184731__rp1p5__vinf25__incm60__toff59132__Om90__om90,2.02393659425425,0.11098599085098158,-0.0481300879486037,0.0491138043577093,0,,Uranus,1.0162740439561464,1.5,25.0,-60.0,59132.0,90.0,90.0
20260811_184731__rp1__vinf25__incm90__toff59132__Om0__om255,2.0219215839273694,0.10109102126034768,-0.0099032415085281,0.0774295474045985,0,,Neptune,1.2771255260163998,1.0,25.0,-90.0,59132.0,0.0,255.0
20260811_184731__rp1__vinf25__inc90__toff59132__Om180__om75,2.0219215824778765,0.10109102097016633,-0.0099032414066848,0.0774295472215373,0,,Neptune,1.277125526016308,1.0,25.0,90.0,59132.0,180.0,75.0
20260811_184731__rp1p25__vinf25__incm90__toff59132__Om270__om75,2.0216444937838434,0.07263345664948266,-0.0172284313184811,0.0435945872480842,0,,Uranus,1.2159564366464262,1.25,25.0,-90.0,59132.0,270.0,75.0
20260811_184731__rp1p25__vinf25__inc90__toff59132__Om90__om255,2.0216444903382715,0.07263345596035344,-0.0172284306791581,0.0435945872527549,0,,Uranus,1.2159564366464042,1.25,25.0,90.0,59132.0,90.0,255.0
20260811_184731__rp1p5__vinf25__incm60__toff59132__Om0__om330,2.019397137436114,0.043945176941145685,0.0288464982343633,0.0351707961580612,0,,Neptune,1.8685884952637075,1.5,25.0,-60.0,59132.0,0.0,330.0
20260811_184731__rp1p5__vinf25__inc60__toff59132__Om180__om150,2.019397120956772,0.04394517364523758,0.0288465010615227,0.0351707934422384,0,,Neptune,1.8685884952637608,1.5,25.0,60.0,59132.0,180.0,150.0
20260811_184731__rp1__vinf25__incm60__toff59132__Om0__om285,2.0181410309106544,0.0806183787597189,-0.0479735586430822,0.0196744715968819,0,,Jupiter,1.775865020828641,1.0,25.0,-60.0,59132.0,0.0,285.0
20260811_184731__rp1__vinf25__inc60__toff59132__Om180__om105,2.018141030528245,0.08061837868340178,-0.0479735583551906,0.019674471827303,0,,Jupiter,1.7758650208285371,1.0,25.0,60.0,59132.0,180.0,105.0
20260811_184731__rp1p5__vinf25__incm60__toff59132__Om270__om150,2.0139523610030503,0.071285945026561,0.0568595941174031,0.0589305039538854,0,,Uranus,1.5269016703194955,1.5,25.0,-60.0,59132.0,270.0,150.0
20260811_184731__rp1p5__vinf25__inc60__toff59132__Om90__om330,2.0139523607718792,0.07128594498213464,0.0568595941549902,0.0589305039158567,0,,Uranus,1.5269016703195533,1.5,25.0,60.0,59132.0,90.0,330.0
20260811_184731__rp1__vinf25__inc90__toff59132__Om90__om135,2.0131412710335104,0.09881159046173199,-0.065192189770783,0.0188993487893883,0,,Uranus,1.139447495368923,1.0,25.0,90.0,59132.0,90.0,135.0
20260811_184731__rp1__vinf25__incm90__toff59132__Om270__om315,2.013141270994863,0.09881159045389915,-0.0651921899973924,0.0188993485367925,0,,Uranus,1.1394474953692435,1.0,25.0,-90.0,59132.0,270.0,315.0
20260811_184731__rp0p25__vinf25__incm90__toff59132__Om270__om105,2.0110641227687296,0.1375313242005331,-0.0106736114031875,0.1134863665336435,0,,Uranus,1.3919606706808498,0.25,25.0,-90.0,59132.0,270.0,105.0
20260811_184731__rp0p25__vinf25__inc90__toff59132__Om90__om285,2.011064122567002,0.13753132416104316,-0.0106736109741779,0.1134863668964636,0,,Uranus,1.391960670680611,0.25,25.0,90.0,59132.0,90.0,285.0
20260811_184731__rp1p5__vinf25__incm60__toff59132__Om0__om135,2.0074721989947273,0.07393751600071005,0.0482945998955869,0.0611109143381393,0,,Neptune,1.3594588098327556,1.5,25.0,-60.0,59132.0,0.0,135.0
20260811_184731__rp1p5__vinf25__inc60__toff59132__Om180__om315,2.0074721879899844,0.07393751379959153,0.0482946018646487,0.0611109124205921,0,,Neptune,1.3594588098332354,1.5,25.0,60.0,59132.0,180.0,315.0
20260811_184731__rp1p5__vinf25__incm90__toff59132__Om0__om330,2.003017819962263,0.055066221102883305,0.0413898705831831,0.0446736586761293,0,,Neptune,1.5785019496185715,1.5,25.0,-90.0,59132.0,0.0,330.0
20260811_184731__rp1p5__vinf25__inc90__toff59132__Om180__om150,2.0030178195005095,0.05506622101049421,0.0413898707676284,0.0446736586006292,0,,Neptune,1.5785019496185386,1.5,25.0,90.0,59132.0,180.0,150.0
20260811_184731__rp0p5__vinf25__incm90__toff59132__Om0__om270,2.0010413011382995,0.13363984529373846,0.0053182233596197,0.1190770582031488,0,,Neptune,1.2513701901616243,0.5,25.0,-90.0,59132.0,0.0,270.0
20260811_184731__rp0p5__vinf25__inc90__toff59132__Om180__om90,2.0010413004741405,0.13363984516008426,0.0053182228688101,0.1190770580914232,0,,Neptune,1.251370190161729,0.5,25.0,90.0,59132.0,180.0,90.0
20260811_184731__rp0p5__vinf25__inc90__toff59132__Om270__om60,2.0004395314305237,0.09294396634495321,0.0085509370466198,0.0787639655962741,0,,Mars,1.5358633188367496,0.5,25.0,90.0,59132.0,270.0,60.0
20260811_184731__rp0p5__vinf25__incm90__toff59132__Om90__om240,2.0004395309278458,0.09294396624396101,0.0085509371281587,0.0787639654987245,0,,Mars,1.5358633188354827,0.5,25.0,-90.0,59132.0,90.0,240.0
20260811_184731__rp1p5__vinf25__incm90__toff59132__Om180__om60,1.9994816886887163,0.11049296647715447,-0.0396009736161951,0.0573661254972568,0,,Uranus,1.2928843226640685,1.5,25.0,-90.0,59132.0,180.0,60.0
20260811_184731__rp1p5__vinf25__inc90__toff59132__Om0__om240,1.9994816873823824,0.11049296621621676,-0.0396009735117318,0.0573661253415187,0,,Uranus,1.2928843226639555,1.5,25.0,90.0,59132.0,0.0,240.0
20260811_184731__rp0p75__vinf25__inc90__toff59132__Om180__om255,1.995771079718492,0.053509551673375816,0.046120253805766,0.0400366489669118,0,,Uranus,1.35569620828981,0.75,25.0,90.0,59132.0,180.0,255.0
20260811_184731__rp0p75__vinf25__incm90__toff59132__Om0__om75,1.9957710712429573,0.053509549977106545,0.0461202522257507,0.0400366493223216,0,,Uranus,1.3556962082898174,0.75,25.0,-90.0,59132.0,0.0,75.0
20260811_184731__rp1p5__vinf25__inc30__toff59132__Om180__om225,1.9920705400109324,0.07890813548455984,0.0716493823941396,0.0588513575732008,0,,Saturn,1.2823871403212492,1.5,25.0,30.0,59132.0,180.0,225.0
20260811_184731__rp1p5__vinf25__incm30__toff59132__Om0__om45,1.9920705398462795,0.07890813545172602,0.0716493823595018,0.0588513575505695,0,,Saturn,1.2823871403212548,1.5,25.0,-30.0,59132.0,0.0,45.0
20260811_184731__rp1p25__vinf25__inc90__toff59132__Om90__om330,1.9893126957386924,0.0853596864751951,0.0523485505298303,0.0713730914106975,0,,Neptune,1.4122759420704871,1.25,25.0,90.0,59132.0,90.0,330.0
20260811_184731__rp1p25__vinf25__incm90__toff59132__Om270__om150,1.9893126872186901,0.08535968477154236,0.0523485530459816,0.0713730898985634,0,,Neptune,1.412275942070355,1.25,25.0,-90.0,59132.0,270.0,150.0
20260811_184731__rp1p5__vinf25__inc60__toff59132__Om270__om285,1.9876439235174774,0.11006705120523781,-0.0459272853033974,0.0504628862871771,0,,Uranus,1.2579983941611574,1.5,25.0,60.0,59132.0,270.0,285.0
20260811_184731__rp1p5__vinf25__incm60__toff59132__Om90__om105,1.9876439234757566,0.11006705119673822,-0.0459272853670704,0.0504628862130041,0,,Uranus,1.2579983941611708,1.5,25.0,-60.0,59132.0,90.0,105.0
20260811_184731__rp1p25__vinf25__inc60__toff59132__Om180__om75,1.9870736705642438,0.11464317743478421,-0.0457227865121884,0.0553012881288946,0,,Uranus,1.8254600934255716,1.25,25.0,60.0,59132.0,180.0,75.0
20260811_184731__rp1p25__vinf25__incm60__toff59132__Om0__om255,1.9870736690191884,0.11464317712583895,-0.04572278604411,0.0553012882959035,0,,Uranus,1.8254600934254808,1.25,25.0,-60.0,59132.0,0.0,255.0
20260811_184731__rp1p5__vinf25__incm90__toff59132__Om0__om30,1.9855871000953584,0.02646655839678549,0.0203030808567398,-0.001035767482518,0,,Neptune,1.9522543966142298,1.5,25.0,-90.0,59132.0,0.0,30.0
20260811_184731__rp1p5__vinf25__inc90__toff59132__Om180__om210,1.9855871000394536,0.026466558386015665,0.0203030808530636,-0.0010357674773845,0,,Neptune,1.952254396614207,1.5,25.0,90.0,59132.0,180.0,210.0
20260811_184731__rp1p5__vinf25__incm90__toff59132__Om0__om180,1.9832609099731457,0.03467430352003561,0.028557069681259,0.0114313148075176,0,,Saturn,1.616276332808681,1.5,25.0,-90.0,59132.0,0.0,180.0
20260811_184731__rp1p5__vinf25__inc90__toff59132__Om180__om0,1.983260908270414,0.03467430317956868,0.0285570693903897,0.011431315137056,0,,Saturn,1.6162763328087586,1.5,25.0,90.0,59132.0,180.0,0.0
20260811_184731__rp1__vinf25__incm60__toff59132__Om0__om300,1.9825671731311725,0.0317798187954514,-0.0251765455656667,-0.005432370320819,0,,Jupiter,1.6561839788621537,1.0,25.0,-60.0,59132.0,0.0,300.0
20260811_184731__rp1__vinf25__inc60__toff59132__Om180__om120,1.9825671711558885,0.031779818385981255,-0.0251765452305676,-0.0054323705642159,0,,Jupiter,1.6561839788621096,1.0,25.0,60.0,59132.0,180.0,120.0
20260811_184731__rp0p5__vinf25__inc60__toff59132__Om90__om270,1.9813050864445838,0.03432264657479353,0.0282594360010896,0.0119522336037592,0,,Neptune,1.2148392477118768,0.5,25.0,60.0,59132.0,90.0,270.0
20260811_184731__rp0p5__vinf25__incm60__toff59132__Om270__om90,1.9813050855581238,0.034322646389441665,0.0282594358396818,0.0119522335704633,0,,Neptune,1.2148392477119196,0.5,25.0,-60.0,59132.0,270.0,90.0
20260811_184731__rp1p5__vinf25__incm90__toff59132__Om0__om165,1.9771421531901854,0.03450233186084744,0.0284512541279299,0.0143434011145327,0,,Saturn,1.4446466832637772,1.5,25.0,-90.0,59132.0,0.0,165.0
20260811_184731__rp1p5__vinf25__inc90__toff59132__Om180__om345,1.9771421450879345,0.03450233024037372,0.0284512527388974,0.0143434024754989,0,,Saturn,1.444646683265396,1.5,25.0,90.0,59132.0,180.0,345.0
20260811_184731__rp1__vinf25__incm30__toff59132__Om0__om60,1.9756258943425278,0.059682300775629395,0.051636621494712,0.0285810723304854,0,,Saturn,1.1765658284058635,1.0,25.0,-30.0,59132.0,0.0,60.0
20260811_184731__rp1__vinf25__inc30__toff59132__Om180__om240,1.9756258934555646,0.059682300597552994,0.0516366213295521,0.0285810724678316,0,,Saturn,1.176565828406142,1.0,25.0,30.0,59132.0,180.0,240.0
20260811_184731__rp1p5__vinf25__incm60__toff59132__Om270__om330,1.9728314164486718,0.11026473083233765,-0.0480031241698443,0.0485178639018006,0,,Uranus,1.2328359267541147,1.5,25.0,-60.0,59132.0,270.0,330.0
20260811_184731__rp1p5__vinf25__inc60__toff59132__Om90__om150,1.9728314079211797,0.11026472912671416,-0.0480031220319715,0.0485178643961915,0,,Uranus,1.2328359267541418,1.5,25.0,60.0,59132.0,90.0,150.0
20260811_184731__rp1p25__vinf25__inc90__toff59132__Om180__om60,1.971490977731022,0.0745631232890671,-0.0026695130708129,0.0595086439724792,0,,Neptune,1.4450772449376734,1.25,25.0,90.0,59132.0,180.0,60.0
20260811_184731__rp1p25__vinf25__incm90__toff59132__Om0__om240,1.9714909739121291,0.07456312252535699,-0.0026695121858945,0.0595086441273924,0,,Neptune,1.4450772449375568,1.25,25.0,-90.0,59132.0,0.0,240.0
20260811_184731__rp1__vinf25__inc60__toff59132__Om180__om285,1.965763549833775,0.14661401989924677,0.0866120821849391,0.1307787871768197,0,,Neptune,1.0258583708701152,1.0,25.0,60.0,59132.0,180.0,285.0
20260811_184731__rp1__vinf25__incm60__toff59132__Om0__om105,1.9657635497547692,0.14661401988358366,0.0866120820216113,0.1307787871592186,0,,Neptune,1.0258583708694933,1.0,25.0,-60.0,59132.0,0.0,105.0
20260811_184731__rp0p75__vinf25__incm60__toff59132__Om270__om120,1.9654301904453908,0.14636257183247067,0.1494995972250071,0.0630655856016664,0,,Saturn,1.061672456798466,0.75,25.0,-60.0,59132.0,270.0,120.0
20260811_184731__rp0p75__vinf25__inc60__toff59132__Om90__om300,1.965430187352432,0.14636257121212445,0.149499596443461,0.0630655857659513,0,,Saturn,1.061672456798323,0.75,25.0,60.0,59132.0,90.0,300.0
20260811_184731__rp1__vinf25__inc30__toff59132__Om270__om75,1.9603970172789427,0.08904689512737109,0.0819279180381086,0.0522080293813119,0,,Saturn,1.0632826585048585,1.0,25.0,30.0,59132.0,270.0,75.0
20260811_184731__rp1__vinf25__incm30__toff59132__Om90__om255,1.960397014739605,0.08904689462613175,0.0819279174980532,0.0522080291613763,0,,Saturn,1.0632826585044997,1.0,25.0,-30.0,59132.0,90.0,255.0
20260811_184731__rp1__vinf25__incm90__toff59132__Om180__om270,1.9543730452622903,0.16580752911980023,0.0663993253580247,0.1510481853702709,0,,Neptune,1.1263490169713228,1.0,25.0,-90.0,59132.0,180.0,270.0
20260811_184731__rp1__vinf25__inc90__toff59132__Om0__om90,1.9543730445072565,0.1658075289679503,0.0663993244286557,0.1510481852205839,0,,Neptune,1.1263490169721395,1.0,25.0,90.0,59132.0,0.0,90.0
20260811_184731__rp1p5__vinf25__inc90__toff59132__Om270__om15,1.9520584649437192,0.06329789875725662,-0.0141705662179036,0.0382174089987,0,,Uranus,1.2804177261958016,1.5,25.0,90.0,59132.0,270.0,15.0
20260811_184731__rp1p5__vinf25__incm90__toff59132__Om90__om195,1.9520584632212579,0.06329789841273972,-0.0141705659319864,0.0382174089743146,0,,Uranus,1.28041772619581,1.5,25.0,-90.0,59132.0,90.0,195.0
20260811_184731__rp0p75__vinf25__inc90__toff59132__Om180__om120,1.9507508570233942,0.07097121789065121,0.0634116356855026,0.0535268926123419,0,,Jupiter,1.4946333836701817,0.75,25.0,90.0,59132.0,180.0,120.0
20260811_184731__rp0p75__vinf25__incm90__toff59132__Om0__om300,1.9507508533518485,0.07097121715913442,0.0634116349806231,0.0535268933301111,0,,Jupiter,1.4946333836703385,0.75,25.0,-90.0,59132.0,0.0,300.0
20260811_184731__rp1p25__vinf25__inc90__toff59132__Om180__om135,1.9497064639607582,0.06426103213182088,0.0417511471666253,0.0525625834003296,0,,Neptune,1.2144958747727297,1.25,25.0,90.0,59132.0,180.0,135.0
20260811_184731__rp1p25__vinf25__incm90__toff59132__Om0__om315,1.9497064638489667,0.06426103210938819,0.0417511471044357,0.05256258338014,0,,Neptune,1.2144958747728618,1.25,25.0,-90.0,59132.0,0.0,315.0
20260811_184731__rp0p75__vinf25__inc60__toff59132__Om180__om240,1.9474113786507659,0.10475671864948533,0.100818731420793,0.0842810446344052,0,,Saturn,1.264716617986481,0.75,25.0,60.0,59132.0,180.0,240.0
20260811_184731__rp0p75__vinf25__incm60__toff59132__Om0__om60,1.9474113772232269,0.10475671836395227,0.1008187311043212,0.0842810447632917,0,,Saturn,1.2647166179866371,0.75,25.0,-60.0,59132.0,0.0,60.0
20260811_184731__rp1__vinf25__inc90__toff59132__Om90__om270,1.9435948485592591,0.06803164961880333,-0.0104041009849079,0.0461388246987561,0,,Mars,1.2282958469242504,1.0,25.0,90.0,59132.0,90.0,270.0
20260811_184731__rp1__vinf25__incm90__toff59132__Om270__om90,1.9435948485407568,0.06803164961418197,-0.0104041010648061,0.0461388246166247,0,,Mars,1.2282958469238145,1.0,25.0,-90.0,59132.0,270.0,90.0
20260811_184731__rp1p25__vinf25__incm30__toff59132__Om0__om60,1.9382532922129427,0.06745755157569762,0.0265357672112792,0.0552787172154522,0,,Saturn,1.0808214609222557,1.25,25.0,-30.0,59132.0,0.0,60.0
20260811_184731__rp1p25__vinf25__inc30__toff59132__Om180__om240,1.9382532921208244,0.0674575515571446,0.0265357678960903,0.0552787171974192,0,,Saturn,1.0808214609221027,1.25,25.0,30.0,59132.0,180.0,240.0
20260811_184731__rp1p25__vinf25__incm60__toff59132__Om0__om315,1.937246847768697,0.028035957460772323,0.0088732382494324,0.0220344965898802,0,,Neptune,1.6788320275886233,1.25,25.0,-60.0,59132.0,0.0,315.0
20260811_184731__rp1p25__vinf25__inc60__toff59132__Om180__om135,1.9372468432491852,0.0280359565576384,0.0088732374390255,0.0220344958601278,0,,Neptune,1.6788320275885642,1.25,25.0,60.0,59132.0,180.0,135.0
20260811_184731__rp1p5__vinf25__inc60__toff59132__Om90__om120,1.9355363984388037,0.1204863915214053,-0.05244429415717,0.0543437484102095,0,,Neptune,1.1302496094645855,1.5,25.0,60.0,59132.0,90.0,120.0
20260811_184731__rp1p5__vinf25__incm60__toff59132__Om270__om300,1.9355363976268252,0.12048639135895996,-0.0524442941124032,0.0543437482887969,0,,Neptune,1.1302496094642918,1.5,25.0,-60.0,59132.0,270.0,300.0
20260811_184731__rp1p5__vinf25__incm90__toff59132__Om0__om195,1.9283591837591871,0.029920140844639984,0.0245354618441903,0.0175424970185045,0,,Neptune,1.6103332250756721,1.5,25.0,-90.0,59132.0,0.0,195.0
20260811_184731__rp1p5__vinf25__inc90__toff59132__Om180__om15,1.9283591794234654,0.029920139977589907,0.0245354610989524,0.0175424969746381,0,,Neptune,1.6103332250756126,1.5,25.0,90.0,59132.0,180.0,15.0
20260811_184731__rp1p5__vinf25__incm30__toff59132__Om0__om105,1.9274100509813774,0.1255383988076753,0.0778827074475493,0.1095517106419159,0,,Neptune,1.4684967404437446,1.5,25.0,-30.0,59132.0,0.0,105.0
20260811_184731__rp1p5__vinf25__inc30__toff59132__Om180__om285,1.9274100509690433,0.12553839880484086,0.0778827074485523,0.1095517106391503,0,,Neptune,1.4684967404437466,1.5,25.0,30.0,59132.0,180.0,285.0
20260811_184731__rp1p25__vinf25__incm60__toff59132__Om270__om135,1.9238250728003778,0.10697212971079957,0.1020117122286393,0.0620029426831186,0,,Uranus,1.0178802710670263,1.25,25.0,-60.0,59132.0,270.0,135.0
20260811_184731__rp1p25__vinf25__inc60__toff59132__Om90__om315,1.923825072518995,0.10697212965421862,0.1020117121656055,0.0620029426957875,0,,Uranus,1.0178802710669832,1.25,25.0,60.0,59132.0,90.0,315.0
20260811_184731__rp0p25__vinf25__inc60__toff59132__Om270__om60,1.922769300986245,0.042267160310832906,0.0284434359650377,0.0337731489012121,0,,Uranus,1.1116202896352878,0.25,25.0,60.0,59132.0,270.0,60.0
20260811_184731__rp0p25__vinf25__incm60__toff59132__Om90__om240,1.922769300407805,0.042267160201769446,0.0284434362312632,0.0337731488134,0,,Uranus,1.1116202896364762,0.25,25.0,-60.0,59132.0,90.0,240.0
20260811_184731__rp1p5__vinf25__incm30__toff59132__Om0__om60,1.920034626049016,0.08722204324038428,0.000298407855381,0.0736827210595899,0,,Uranus,1.0165922692620462,1.5,25.0,-30.0,59132.0,0.0,60.0
20260811_184731__rp1p5__vinf25__inc30__toff59132__Om180__om240,1.9200346240574866,0.08722204284364832,0.0002984069633681,0.0736827207222607,0,,Uranus,1.0165922692620686,1.5,25.0,30.0,59132.0,180.0,240.0
20260811_184731__rp1p25__vinf25__inc90__toff59132__Om270__om30,1.9171514355109025,0.0670667009545494,-0.015127532170436,0.0406393802411993,0,,Uranus,1.1831059754624935,1.25,25.0,90.0,59132.0,270.0,30.0
20260811_184731__rp1p25__vinf25__incm90__toff59132__Om90__om210,1.9171514340925064,0.06706670067094112,-0.0151275314091776,0.0406393807374085,0,,Uranus,1.1831059754654167,1.25,25.0,-90.0,59132.0,90.0,210.0
20260811_184731__rp1p5__vinf25__inc30__toff59132__Om90__om270,1.9068532850440079,0.04857130345569559,0.0412715892005767,0.028424410346559,0,,Neptune,1.5765586007544652,1.5,25.0,30.0,59132.0,90.0,270.0
20260811_184731__rp1p5__vinf25__incm30__toff59132__Om270__om90,1.9068532843913935,0.04857130332531384,0.0412715890901872,0.0284244107554384,0,,Neptune,1.5765586007543497,1.5,25.0,-30.0,59132.0,270.0,90.0
20260811_184731__rp1p25__vinf25__incm60__toff59132__Om0__om285,1.9056390346092513,0.05348025672719106,-0.0430974266556378,-0.0032307255822537,0,,Jupiter,1.9272453759542412,1.25,25.0,-60.0,59132.0,0.0,285.0
20260811_184731__rp1p25__vinf25__inc60__toff59132__Om180__om105,1.9056390265896122,0.053480255323262706,-0.0430974254590483,-0.0032307265936023,0,,Jupiter,1.9272453759540908,1.25,25.0,60.0,59132.0,180.0,105.0
20260811_184731__rp0p75__vinf25__incm90__toff59132__Om90__om270,1.904876091990681,0.11365665396287163,0.0915455208024077,0.0983843799473101,0,,Neptune,1.3990502698947314,0.75,25.0,-90.0,59132.0,90.0,270.0
20260811_184731__rp0p75__vinf25__inc90__toff59132__Om270__om90,1.904876091124845,0.113656653790341,0.0915455197780409,0.0983843797545603,0,,Neptune,1.399050269894799,0.75,25.0,90.0,59132.0,270.0,90.0
20260811_184731__rp1p25__vinf25__incm30__toff59132__Om90__om255,1.893145905852515,0.06694533914439113,0.0590490524628398,0.0422090386886521,0,,Neptune,0.9547100159805745,1.25,25.0,-30.0,59132.0,90.0,255.0
20260811_184731__rp1p25__vinf25__inc30__toff59132__Om270__om75,1.8931459058263915,0.0669453391381207,0.0590490524562091,0.0422090386734857,0,,Neptune,0.9547100159806313,1.25,25.0,30.0,59132.0,270.0,75.0
20260811_184731__rp1p5__vinf25__incm30__toff59132__Om90__om225,1.8879990161800542,0.0583207527789775,-0.0180428746374712,0.0299773809805624,0,,Neptune,1.6497745943284245,1.5,25.0,-30.0,59132.0,90.0,225.0
20260811_184731__rp1p5__vinf25__inc30__toff59132__Om270__om45,1.8879990148422743,0.05832075251146437,-0.0180428745290315,0.0299773808530181,0,,Neptune,1.6497745943283941,1.5,25.0,30.0,59132.0,270.0,45.0
20260811_184731__rp1p5__vinf25__incm90__toff59132__Om0__om225,1.8873399057051565,0.047200103852977474,0.0049379457672121,0.0379564083131573,0,,Neptune,1.4875864677270325,1.5,25.0,-90.0,59132.0,0.0,225.0
20260811_184731__rp1p5__vinf25__inc90__toff59132__Om180__om45,1.8873399053719044,0.04720010378625736,0.0049379457321229,0.0379564082570488,0,,Neptune,1.4875864677269162,1.5,25.0,90.0,59132.0,180.0,45.0
20260811_184731__rp1p5__vinf25__incm90__toff59132__Om0__om210,1.881251260346888,0.03640326209409579,0.0163205356628864,0.0288622784401037,0,,Neptune,1.5893616686589633,1.5,25.0,-90.0,59132.0,0.0,210.0
20260811_184731__rp1p5__vinf25__inc90__toff59132__Om180__om30,1.8812512578113616,0.036403261587048034,0.0163205355730592,0.0288622780227541,0,,Neptune,1.5893616686589638,1.5,25.0,90.0,59132.0,180.0,30.0
20260811_184731__rp1p5__vinf25__inc90__toff59132__Om270__om300,1.8811612142786593,0.06821778239153764,-0.0271712058602162,0.0296550240613149,0,,Uranus,1.330741711461791,1.5,25.0,90.0,59132.0,270.0,300.0
20260811_184731__rp1p5__vinf25__incm90__toff59132__Om90__om120,1.8811612139294933,0.06821778232167511,-0.0271712056382491,0.0296550242223759,0,,Uranus,1.3307417114617375,1.5,25.0,-90.0,59132.0,90.0,120.0
20260811_184731__rp0p25__vinf25__incm90__toff59132__Om90__om240,1.8749844600462937,0.12723531554912482,-0.0031639022442683,0.1098388489664809,0,,Uranus,1.3164494189275948,0.25,25.0,-90.0,59132.0,90.0,240.0
20260811_184731__rp0p25__vinf25__inc90__toff59132__Om270__om60,1.8749844594145073,0.1272353154205996,-0.0031639029894571,0.1098388481393273,0,,Uranus,1.3164494189277673,0.25,25.0,90.0,59132.0,270.0,60.0
20260811_184731__rp1__vinf25__inc60__toff59132__Om270__om45,1.869808822144776,0.05404957946258653,-0.0180275500742672,0.0262504117487101,0,,Mars,1.18113936005533,1.0,25.0,60.0,59132.0,270.0,45.0
20260811_184731__rp1__vinf25__incm60__toff59132__Om90__om225,1.869808809882965,0.05404957701101531,-0.0180275490417526,0.0262504106414945,0,,Mars,1.1811393600569722,1.0,25.0,-60.0,59132.0,90.0,225.0
20260811_184731__rp1p25__vinf25__incm30__toff59132__Om90__om225,1.8694614041875528,0.07275275280300848,-0.0253165067051901,0.0356469860353803,0,,Neptune,1.7100614198479969,1.25,25.0,-30.0,59132.0,90.0,225.0
20260811_184731__rp1p25__vinf25__inc30__toff59132__Om270__om45,1.8694614029468142,0.07275275255492883,-0.0253165061796637,0.0356469863366016,0,,Neptune,1.710061419847932,1.25,25.0,30.0,59132.0,270.0,45.0
20260811_184731__rp1p5__vinf25__incm60__toff59132__Om270__om75,1.8692573198431734,0.033246305947537,-0.0035466376867057,0.0229051172624751,0,,Neptune,1.4089385513981276,1.5,25.0,-60.0,59132.0,270.0,75.0
20260811_184731__rp1p5__vinf25__inc60__toff59132__Om90__om255,1.8692573120326048,0.033246304384990336,-0.0035466369177086,0.0229051167249562,0,,Neptune,1.4089385513981596,1.5,25.0,60.0,59132.0,90.0,255.0
20260811_184731__rp1p5__vinf25__inc60__toff59132__Om180__om60,1.864605449667538,0.09167323735057979,-0.0288891048040721,0.0497446751434261,0,,Uranus,1.1034942560322007,1.5,25.0,60.0,59132.0,180.0,60.0
20260811_184731__rp1p5__vinf25__incm60__toff59132__Om0__om240,1.8646054493064526,0.09167323727825097,-0.0288891047004469,0.0497446751782147,0,,Uranus,1.103494256032044,1.5,25.0,-60.0,59132.0,0.0,240.0
20260811_184731__rp1p25__vinf25__inc90__toff59132__Om270__om285,1.863915040671609,0.09010081888032494,-0.0471817757828881,0.0295232616137742,0,,Uranus,1.2881877275133522,1.25,25.0,90.0,59132.0,270.0,285.0
20260811_184731__rp1p25__vinf25__incm90__toff59132__Om90__om105,1.8639150002785967,0.09010081093858116,-0.0471817674493924,0.0295232626736564,0,,Uranus,1.2881877275157747,1.25,25.0,-90.0,59132.0,90.0,105.0
20260811_184731__rp1p5__vinf25__incm60__toff59132__Om270__om315,1.8503705770287797,0.11713909531323094,-0.0526393053557839,0.0506930274365863,0,,Uranus,1.0084504906786829,1.5,25.0,-60.0,59132.0,270.0,315.0
20260811_184731__rp1p5__vinf25__inc60__toff59132__Om90__om135,1.8503705725236759,0.11713909441187054,-0.0526393049497082,0.0506930269348076,0,,Uranus,1.008450490678618,1.5,25.0,60.0,59132.0,90.0,135.0
20260811_184731__rp1p5__vinf25__inc90__toff59132__Om90__om165,1.8415756868075914,0.066278582359036,-0.0273249110105231,0.0277485938687019,0,,Uranus,1.3184865062762998,1.5,25.0,90.0,59132.0,90.0,165.0
20260811_184731__rp1p5__vinf25__incm90__toff59132__Om270__om345,1.8415756867760367,0.06627858235339179,-0.0273249109934431,0.0277485938808953,0,,Uranus,1.318486506276435,1.5,25.0,-90.0,59132.0,270.0,345.0
20260811_184731__rp1p25__vinf25__incm90__toff59132__Om0__om135,1.837952215202173,0.040991117969620176,0.0312433331870968,0.0327491126324971,0,,Uranus,1.4105949416309123,1.25,25.0,-90.0,59132.0,0.0,135.0
20260811_184731__rp1p25__vinf25__inc90__toff59132__Om180__om315,1.8379522144995846,0.040991117829110184,0.0312433330273896,0.032749112514464,0,,Uranus,1.410594941630814,1.25,25.0,90.0,59132.0,180.0,315.0
20260811_184731__rp1__vinf25__inc60__toff59132__Om180__om90,1.8325309974584996,0.1209381447906595,-0.0607147908037775,0.0461362051437974,0,,Uranus,1.3153443301352423,1.0,25.0,60.0,59132.0,180.0,90.0
20260811_184731__rp1__vinf25__incm60__toff59132__Om0__om270,1.8325309914063057,0.12093814358050624,-0.0607147899472928,0.0461362047924278,0,,Uranus,1.3153443301352366,1.0,25.0,-60.0,59132.0,0.0,270.0
20260811_184731__rp1p5__vinf25__incm60__toff59132__Om0__om255,1.8292019366921233,0.08756635008892187,-0.0320875842691659,0.0426118012122457,0,,Uranus,1.742641500589379,1.5,25.0,-60.0,59132.0,0.0,255.0
20260811_184731__rp1p5__vinf25__inc60__toff59132__Om180__om75,1.8292019349802984,0.0875663497465272,-0.0320875839327745,0.0426118012278156,0,,Uranus,1.7426415005892362,1.5,25.0,60.0,59132.0,180.0,75.0
20260811_184731__rp0p5__vinf25__incm90__toff59132__Om270__om105,1.8203270596612784,0.09441806001524394,0.0038733265190459,0.0803122111625059,0,,Mars,1.128889414189318,0.5,25.0,-90.0,59132.0,270.0,105.0
20260811_184731__rp0p5__vinf25__inc90__toff59132__Om90__om285,1.8203270580045188,0.09441805968429769,0.0038733276175412,0.0803122108094417,0,,Mars,1.1288894141891623,0.5,25.0,90.0,59132.0,90.0,285.0
20260811_184731__rp1p25__vinf25__inc60__toff59132__Om270__om90,1.8193723416606162,0.10658303210043528,0.1015504730877528,0.0616121910038607,0,,Uranus,0.9650744462132268,1.25,25.0,60.0,59132.0,270.0,90.0
20260811_184731__rp1p25__vinf25__incm60__toff59132__Om90__om270,1.8193723389182725,0.10658303155163394,0.1015504724384436,0.061612190464547,0,,Uranus,0.965074446213092,1.25,25.0,-60.0,59132.0,90.0,270.0
20260811_184731__rp1p25__vinf25__incm90__toff59132__Om270__om270,1.8150326958438965,0.09868694049093317,0.0927689401084527,0.061471304311097,0,,Neptune,1.512574893898636,1.25,25.0,-90.0,59132.0,270.0,270.0
20260811_184731__rp1p25__vinf25__inc90__toff59132__Om90__om90,1.8150326954383011,0.09868694040878234,0.0927689400189862,0.0614713043231994,0,,Neptune,1.512574893898527,1.25,25.0,90.0,59132.0,90.0,90.0
20260811_184731__rp0p75__vinf25__incm90__toff59132__Om270__om135,1.814789241288967,0.11094770892735671,0.0869276188556663,0.0956950504403863,0,,Neptune,1.3109929583585156,0.75,25.0,-90.0,59132.0,270.0,135.0
20260811_184731__rp0p75__vinf25__inc90__toff59132__Om90__om315,1.814789234028726,0.11094770747524693,0.0869276202452654,0.0956950491065889,0,,Neptune,1.3109929583587665,0.75,25.0,90.0,59132.0,90.0,315.0
20260811_184731__rp1p25__vinf25__incm30__toff59132__Om0__om90,1.8146280030476274,0.1361639313408564,-0.0211979260097514,0.1020108082208714,0,,Neptune,1.2936513028257441,1.25,25.0,-30.0,59132.0,0.0,90.0
20260811_184731__rp1p25__vinf25__inc30__toff59132__Om180__om270,1.8146280030309327,0.13616393133777357,-0.0211979260456176,0.1020108081830289,0,,Neptune,1.2936513028254444,1.25,25.0,30.0,59132.0,180.0,270.0
20260811_184731__rp1p5__vinf25__inc60__toff59132__Om180__om135,1.8093575523191405,0.019735955530427608,0.0054304257335323,0.0153764313699191,0,,Neptune,1.6245899898221758,1.5,25.0,60.0,59132.0,180.0,135.0
20260811_184731__rp1p5__vinf25__incm60__toff59132__Om0__om315,1.80935754934141,0.019735954935039594,0.0054304261403711,0.0153764308949023,0,,Neptune,1.6245899898221337,1.5,25.0,-60.0,59132.0,0.0,315.0
20260811_184731__rp1p25__vinf25__inc60__toff59132__Om180__om120,1.8091488053173996,0.022758880692131722,-0.0179423549921581,-0.0016661665551741,0,,Neptune,1.2420747172478745,1.25,25.0,60.0,59132.0,180.0,120.0
20260811_184731__rp1p25__vinf25__incm60__toff59132__Om0__om300,1.8091488004628564,0.022758879720190184,-0.0179423542076991,-0.0016661671293767,0,,Neptune,1.242074717247914,1.25,25.0,-60.0,59132.0,0.0,300.0
20260811_184731__rp1__vinf25__inc90__toff59132__Om180__om120,1.7981510129904184,0.06376388767961529,0.0312938139309463,0.0520499801425461,0,,Jupiter,1.1693960404761194,1.0,25.0,90.0,59132.0,180.0,120.0
20260811_184731__rp1__vinf25__incm90__toff59132__Om0__om300,1.7981510127744722,0.06376388763723592,0.0312938138632868,0.0520499801054546,0,,Jupiter,1.1693960404762336,1.0,25.0,-90.0,59132.0,0.0,300.0
20260811_184731__rp1__vinf25__inc30__toff59132__Om270__om60,1.7975683115566965,0.0328069322819242,0.0097931702321051,0.0259175306678707,0,,Neptune,1.474033329007805,1.0,25.0,30.0,59132.0,270.0,60.0
20260811_184731__rp1__vinf25__incm30__toff59132__Om90__om240,1.7975683108364051,0.032806932135161344,0.0097931706626054,0.0259175305462247,0,,Neptune,1.474033329007642,1.0,25.0,-30.0,59132.0,90.0,240.0
20260811_184731__rp1p5__vinf25__inc90__toff59132__Om270__om105,1.7956824850764326,0.0628287252647856,0.0333871530631787,0.0512470390544047,0,,Neptune,1.3133585008452675,1.5,25.0,90.0,59132.0,270.0,105.0
20260811_184731__rp1p5__vinf25__incm90__toff59132__Om90__om285,1.7956824789030856,0.06282872403008312,0.0333871545280889,0.05124703799185,0,,Neptune,1.3133585008453232,1.5,25.0,-90.0,59132.0,90.0,285.0
20260811_184731__rp1__vinf25__incm90__toff59132__Om90__om225,1.7950276102271285,0.0610785104055157,-0.007775396569161,0.0425190492264398,0,,Uranus,0.9997334555479602,1.0,25.0,-90.0,59132.0,90.0,225.0
20260811_184731__rp1__vinf25__inc90__toff59132__Om270__om45,1.795027602568445,0.0610785087867444,-0.0077753962736375,0.0425190480872751,0,,Uranus,0.9997334555507864,1.0,25.0,90.0,59132.0,270.0,45.0
20260811_184731__rp1p5__vinf25__inc90__toff59132__Om0__om45,1.7924048801625732,0.05768346905537637,0.0501135212991118,0.0421412921984697,0,,Saturn,1.140568451999758,1.5,25.0,90.0,59132.0,0.0,45.0
20260811_184731__rp1p5__vinf25__incm90__toff59132__Om180__om225,1.7924048782209896,0.057683468668127576,0.0501135209263757,0.0421412920262015,0,,Saturn,1.1405684519998385,1.5,25.0,-90.0,59132.0,180.0,225.0
20260811_184731__rp1p25__vinf25__incm90__toff59132__Om270__om330,1.7823235901133998,0.08798637641974849,-0.0475525036355002,0.0271078601552619,0,,Uranus,1.2436678985361795,1.25,25.0,-90.0,59132.0,270.0,330.0
20260811_184731__rp1p25__vinf25__inc90__toff59132__Om90__om150,1.782323588921087,0.08798637618286392,-0.0475525029601601,0.027107860634515,0,,Uranus,1.2436678985363139,1.25,25.0,90.0,59132.0,90.0,150.0
20260811_184731__rp1p5__vinf25__inc90__toff59132__Om180__om135,1.78178136144893,0.03846711299241133,0.0249153311300086,0.030601810325136,0,,Neptune,1.1495329823225187,1.5,25.0,90.0,59132.0,180.0,135.0
20260811_184731__rp1p5__vinf25__incm90__toff59132__Om0__om315,1.781781360884073,0.03846711287939283,0.0249153311222679,0.0306018102320255,0,,Neptune,1.1495329823224036,1.5,25.0,-90.0,59132.0,0.0,315.0
20260811_184731__rp1p5__vinf25__incm90__toff59132__Om0__om150,1.7792940364142684,0.026932649339933022,0.021953060436029,0.0150642647133068,0,,Neptune,1.2336192646145367,1.5,25.0,-90.0,59132.0,0.0,150.0
20260811_184731__rp1p5__vinf25__inc90__toff59132__Om180__om330,1.7792940324784354,0.02693264855278228,0.0219530597613221,0.0150642642061081,0,,Neptune,1.2336192646145747,1.5,25.0,90.0,59132.0,180.0,330.0
20260811_184731__rp1__vinf25__incm90__toff59132__Om0__om120,1.7771274233231662,0.060548579944038734,0.0430572185966454,0.0493781616563292,0,,Uranus,1.5916903872528272,1.0,25.0,-90.0,59132.0,0.0,120.0
20260811_184731__rp1__vinf25__inc90__toff59132__Om180__om300,1.7771274190536546,0.06054857909009235,0.0430572193275581,0.0493781609339745,0,,Uranus,1.5916903872528305,1.0,25.0,90.0,59132.0,180.0,300.0
20260811_184731__rp0p5__vinf25__incm60__toff59132__Om90__om240,1.7729049616979256,0.032227242258876396,0.026438712906491,0.0114083047034902,0,,Mars,1.4851330329225638,0.5,25.0,-60.0,59132.0,90.0,240.0
20260811_184731__rp0p5__vinf25__inc60__toff59132__Om270__om60,1.772904956646641,0.0322272412453708,0.0264387120404595,0.0114083052684597,0,,Mars,1.4851330329169024,0.5,25.0,60.0,59132.0,270.0,60.0
20260811_184731__rp1p25__vinf25__incm90__toff59132__Om90__om90,1.7720839918467286,0.07926502482546278,-0.0490281296467455,0.0172937608754298,0,,Uranus,1.013423076986306,1.25,25.0,-90.0,59132.0,90.0,90.0
20260811_184731__rp1p25__vinf25__inc90__toff59132__Om270__om270,1.7720839821127692,0.07926502287868764,-0.0490281286228553,0.0172937601260869,0,,Uranus,1.0134230769862895,1.25,25.0,90.0,59132.0,270.0,270.0
20260811_184731__rp1p5__vinf25__incm30__toff59132__Om90__om255,1.7702119164348395,0.04834279284242598,0.0411900033157314,0.0341978671572182,0,,Neptune,0.9799041749858876,1.5,25.0,-30.0,59132.0,90.0,255.0
20260811_184731__rp1p5__vinf25__inc30__toff59132__Om270__om75,1.7702119149808357,0.048342792551718056,0.0411900030462278,0.0341978670446365,0,,Neptune,0.9799041749859907,1.5,25.0,30.0,59132.0,270.0,75.0
20260811_184731__rp1p5__vinf25__inc30__toff59132__Om270__om30,1.7672590669976218,0.08272829272045253,-0.0293762829490851,0.0407898163505233,0,,Neptune,1.602409832428954,1.5,25.0,30.0,59132.0,270.0,30.0
20260811_184731__rp1p5__vinf25__incm30__toff59132__Om90__om210,1.7672590641318704,0.08272829214747132,-0.0293762826964618,0.0407898160685117,0,,Neptune,1.6024098324289922,1.5,25.0,-30.0,59132.0,90.0,210.0
20260811_184731__rp1p5__vinf25__incm90__toff59132__Om0__om45,1.7652717859186895,0.005780355800744074,0.0045241220584576,0.0004209053101428,0,,Neptune,1.7150047146862437,1.5,25.0,-90.0,59132.0,0.0,45.0
20260811_184731__rp1p5__vinf25__inc90__toff59132__Om180__om225,1.7652717854917,0.0057803557153639695,0.0045241219912021,0.0004209053821312,0,,Neptune,1.7150047146861964,1.5,25.0,90.0,59132.0,180.0,225.0
20260811_184731__rp0p75__vinf25__incm90__toff59132__Om270__om105,1.7529323523596414,0.0661793038218654,0.008624552759373,0.0543394064238111,0,,Mars,1.7369275797339805,0.75,25.0,-90.0,59132.0,270.0,105.0
20260811_184731__rp0p75__vinf25__inc90__toff59132__Om90__om285,1.7529323514996267,0.06617930365079723,0.0086245529409135,0.0543394062690767,0,,Mars,1.7369275797305492,0.75,25.0,90.0,59132.0,90.0,285.0
20260811_184731__rp1p25__vinf25__inc30__toff59132__Om270__om60,1.7522260318353493,0.03283555701807516,0.0086854028704549,0.0259453879420612,0,,Neptune,1.176135763393297,1.25,25.0,30.0,59132.0,270.0,60.0
20260811_184731__rp1p25__vinf25__incm30__toff59132__Om90__om240,1.7522260302526695,0.032835556701665373,0.0086854028227952,0.0259453876830578,0,,Neptune,1.1761357633931808,1.25,25.0,-30.0,59132.0,90.0,240.0
20260811_184731__rp1p25__vinf25__inc90__toff59132__Om180__om75,1.7516531887887754,0.07274758013120321,-0.0067304559567942,0.0539561988081741,0,,Neptune,1.134681555098707,1.25,25.0,90.0,59132.0,180.0,75.0
20260811_184731__rp1p25__vinf25__incm90__toff59132__Om0__om255,1.7516531884627244,0.07274758006585078,-0.006730455952835,0.0539561987528536,0,,Neptune,1.134681555098736,1.25,25.0,-90.0,59132.0,0.0,255.0
20260811_184731__rp1p5__vinf25__inc90__toff59132__Om90__om330,1.7495486239379856,0.06203121189842154,0.0327063025164836,0.0505522905390578,0,,Neptune,1.255381384863484,1.5,25.0,90.0,59132.0,90.0,330.0
20260811_184731__rp1p5__vinf25__incm90__toff59132__Om270__om150,1.7495486234403286,0.06203121179885783,0.0327063026484045,0.0505522904535485,0,,Neptune,1.2553813848633915,1.5,25.0,-90.0,59132.0,270.0,150.0
20260811_184731__rp1p25__vinf25__incm90__toff59132__Om0__om60,1.7449802399789784,0.008252035434062346,0.000601391253643,0.0063538721302733,0,,Neptune,1.4254831891954685,1.25,25.0,-90.0,59132.0,0.0,60.0
20260811_184731__rp1p25__vinf25__inc90__toff59132__Om180__om240,1.7449802358241269,0.008252034603378235,0.0006013913179444,0.0063538714844224,0,,Neptune,1.4254831891954445,1.25,25.0,90.0,59132.0,180.0,240.0
20260811_184731__rp0p75__vinf25__incm90__toff59132__Om270__om300,1.7448409321311378,0.056907423671931114,-0.0250427685101073,0.0217086542594393,0,,Uranus,0.9997718340411214,0.75,25.0,-90.0,59132.0,270.0,300.0
20260811_184731__rp0p75__vinf25__inc90__toff59132__Om90__om120,1.744840930233265,0.05690742328430515,-0.025042767500893,0.021708654938433,0,,Uranus,0.9997718340401871,0.75,25.0,90.0,59132.0,90.0,120.0
20260811_184731__rp0p75__vinf25__incm90__toff59132__Om90__om75,1.7436574778103267,0.06480287986323967,-0.0349295015757258,0.0186614915523565,0,,Uranus,1.072816600735801,0.75,25.0,-90.0,59132.0,90.0,75.0
20260811_184731__rp0p75__vinf25__inc90__toff59132__Om270__om255,1.743657477709057,0.06480287984076376,-0.0349295015686619,0.0186614915393622,0,,Uranus,1.0728166007360955,0.75,25.0,90.0,59132.0,270.0,255.0
20260811_184731__rp1p5__vinf25__incm60__toff59132__Om0__om45,1.733796761892805,0.03804651701848102,0.0316717968579555,0.0215630738983998,0,,Neptune,1.1512191126916105,1.5,25.0,-60.0,59132.0,0.0,45.0
20260811_184731__rp1p5__vinf25__inc60__toff59132__Om180__om225,1.7337967616124437,0.038046516962613915,0.031671796807882,0.0215630738539773,0,,Neptune,1.1512191126915146,1.5,25.0,60.0,59132.0,180.0,225.0
20260811_184731__rp0p75__vinf25__inc90__toff59132__Om0__om60,1.7263669070527914,0.09136282688672713,0.069675256727466,0.0771191332895423,0,,Saturn,1.16672388872826,0.75,25.0,90.0,59132.0,0.0,60.0
20260811_184731__rp0p75__vinf25__incm90__toff59132__Om180__om240,1.7263669069259033,0.09136282686158737,0.0696752567055155,0.0771191332661729,0,,Saturn,1.166723888728417,0.75,25.0,-90.0,59132.0,180.0,240.0
20260811_184731__rp1p25__vinf25__inc60__toff59132__Om180__om90,1.7251663554680756,0.09468843459210355,-0.042833994097979,0.0384633170345136,0,,Uranus,1.2758602756427277,1.25,25.0,60.0,59132.0,180.0,90.0
20260811_184731__rp1p25__vinf25__incm60__toff59132__Om0__om270,1.7251663546329834,0.09468843442551088,-0.0428339939275025,0.0384633170488534,0,,Uranus,1.2758602756427633,1.25,25.0,-60.0,59132.0,0.0,270.0
20260811_184731__rp1__vinf25__incm90__toff59132__Om90__om75,1.7189593263630019,0.05848452955439087,-0.047262157302739,-0.0049677734182872,0,,Uranus,0.8478489034006004,1.0,25.0,-90.0,59132.0,90.0,75.0
20260811_184731__rp1__vinf25__inc90__toff59132__Om270__om255,1.7189593251307937,0.058484529241765226,-0.0472621570360417,-0.0049677735648359,0,,Uranus,0.8478489034009212,1.0,25.0,90.0,59132.0,270.0,255.0
20260811_184731__rp1p25__vinf25__inc90__toff59132__Om90__om135,1.7138275633558973,0.07466185872138914,-0.0460427816650527,0.0161355024224373,0,,Uranus,0.9772189009085251,1.25,25.0,90.0,59132.0,90.0,135.0
20260811_184731__rp1p25__vinf25__incm90__toff59132__Om270__om315,1.7138275629137008,0.07466185863215133,-0.0460427813875485,0.016135502630611,0,,Uranus,0.9772189009084807,1.25,25.0,-90.0,59132.0,270.0,315.0
20260811_184731__rp0p75__vinf25__inc90__toff59132__Om270__om60,1.7051919820142307,0.06526590495130746,0.0128541495356907,0.0534633948437011,0,,Mars,1.1052479503404866,0.75,25.0,90.0,59132.0,270.0,60.0
20260811_184731__rp0p75__vinf25__incm90__toff59132__Om90__om240,1.7051919814727885,0.06526590484284235,0.0128541497196051,0.0534633947455312,0,,Mars,1.1052479503627022,0.75,25.0,-90.0,59132.0,90.0,240.0
20260811_184731__rp1p5__vinf25__inc60__toff59132__Om90__om315,1.6975158392405194,0.07788340446316887,0.0701463270454022,0.0473578258896622,0,,Uranus,1.0310063483712373,1.5,25.0,60.0,59132.0,90.0,315.0
20260811_184731__rp1p5__vinf25__incm60__toff59132__Om270__om135,1.6975158374234784,0.07788340409977763,0.0701463266646719,0.0473578256027181,0,,Uranus,1.031006348371244,1.5,25.0,-60.0,59132.0,270.0,135.0
20260811_184731__rp1p5__vinf25__inc90__toff59132__Om180__om60,1.6902538134826985,0.05356096995312893,-0.0029173749446972,0.040673204774741,0,,Neptune,1.2971923504423335,1.5,25.0,90.0,59132.0,180.0,60.0
20260811_184731__rp1p5__vinf25__incm90__toff59132__Om0__om240,1.6902538126152828,0.05356096977944123,-0.0029173749848483,0.0406732045857736,0,,Neptune,1.2971923504423744,1.5,25.0,-90.0,59132.0,0.0,240.0
20260811_184731__rp1p5__vinf25__inc60__toff59132__Om270__om30,1.6849851049248925,0.0631993229306364,-0.0205303788428571,0.0318188243326692,0,,Neptune,1.146239247912936,1.5,25.0,60.0,59132.0,270.0,30.0
20260811_184731__rp1p5__vinf25__incm60__toff59132__Om90__om210,1.6849851046505484,0.06319932287546536,-0.020530377968697,0.0318188251566377,0,,Neptune,1.1462392479129355,1.5,25.0,-60.0,59132.0,90.0,210.0
20260811_184731__rp1p25__vinf25__inc90__toff59132__Om270__om225,1.6806503557390058,0.08661910401056071,0.0793760042723946,0.0523105505836358,0,,Neptune,1.4477510762477253,1.25,25.0,90.0,59132.0,270.0,225.0
20260811_184731__rp1p25__vinf25__incm90__toff59132__Om90__om45,1.6806503553990009,0.086619103943069,0.0793760042027486,0.0523105506093491,0,,Neptune,1.4477510762477157,1.25,25.0,-90.0,59132.0,90.0,45.0
20260811_184731__rp0p75__vinf25__inc90__toff59132__Om180__om285,1.679270815554597,0.08896094553530724,0.066970771364644,0.0748785943854166,0,,Uranus,1.672186154817126,0.75,25.0,90.0,59132.0,180.0,285.0
20260811_184731__rp0p75__vinf25__incm90__toff59132__Om0__om105,1.6792708127164657,0.08896094496790365,0.0669707728154037,0.074878593902762,0,,Uranus,1.672186154815562,0.75,25.0,-90.0,59132.0,0.0,105.0
20260811_184731__rp0p75__vinf25__inc60__toff59132__Om180__om255,1.676881388478773,0.13557190744384745,0.0980463080824315,0.1198209120644451,0,,Saturn,0.8431552595276277,0.75,25.0,60.0,59132.0,180.0,255.0
20260811_184731__rp0p75__vinf25__incm60__toff59132__Om0__om75,1.6768813822812372,0.13557190620485876,0.0980463060861124,0.1198209107876079,0,,Saturn,0.8431552595271625,0.75,25.0,-60.0,59132.0,0.0,75.0
20260811_184731__rp1p5__vinf25__incm60__toff59132__Om0__om270,1.6658627867701568,0.07477429200306056,-0.0294688918079578,0.0333130645524556,0,,Jupiter,1.5810574602782623,1.5,25.0,-60.0,59132.0,0.0,270.0
20260811_184731__rp1p5__vinf25__inc60__toff59132__Om180__om90,1.6658627839159386,0.07477429143232803,-0.0294688914038457,0.0333130644365699,0,,Jupiter,1.5810574602782568,1.5,25.0,60.0,59132.0,180.0,90.0
20260811_184731__rp1p5__vinf25__incm60__toff59132__Om0__om285,1.6647303925277828,0.046260777795315455,-0.0241513078167262,0.013350485377804,0,,Jupiter,1.5358419788779514,1.5,25.0,-60.0,59132.0,0.0,285.0
20260811_184731__rp1p5__vinf25__inc60__toff59132__Om180__om105,1.6647303923232035,0.046260777751122556,-0.0241513087415148,0.013350484402207,0,,Jupiter,1.535841978877929,1.5,25.0,60.0,59132.0,180.0,105.0
20260811_184731__rp1p5__vinf25__inc60__toff59132__Om180__om300,1.6635003907050423,0.054775457902822504,0.0284430746044751,0.0442943082955009,0,,Neptune,1.0977171246567945,1.5,25.0,60.0,59132.0,180.0,300.0
20260811_184731__rp1p5__vinf25__incm60__toff59132__Om0__om120,1.6635003886251494,0.05477545748695782,0.0284430743044391,0.0442943079392562,0,,Neptune,1.0977171246568016,1.5,25.0,-60.0,59132.0,0.0,120.0
20260811_184731__rp0p75__vinf25__incm60__toff59132__Om90__om255,1.6606083458853704,0.10247670774645344,0.0961373460299431,0.0467352381075003,0,,Mars,0.8367823382147607,0.75,25.0,-60.0,59132.0,90.0,255.0
20260811_184731__rp0p75__vinf25__inc60__toff59132__Om270__om75,1.6606083453840546,0.10247670764729978,0.0961373459047342,0.0467352378135388,0,,Mars,0.8367823382107333,0.75,25.0,60.0,59132.0,270.0,75.0
20260811_184731__rp1__vinf25__incm90__toff59132__Om270__om300,1.6605264059773943,0.052522238016411,-0.0422261737326797,-0.0066285420300258,0,,Uranus,0.7871687803158242,1.0,25.0,-90.0,59132.0,270.0,300.0
20260811_184731__rp1__vinf25__inc90__toff59132__Om90__om120,1.660526399666235,0.05252223675513953,-0.0422261727013498,-0.0066285409749117,0,,Uranus,0.787168780315729,1.0,25.0,90.0,59132.0,90.0,120.0
20260811_184731__rp1p5__vinf25__inc90__toff59132__Om180__om240,1.65395481131867,0.023315010096913433,-0.0038766579283061,0.0144802448685751,0,,Neptune,1.3916866070281928,1.5,25.0,90.0,59132.0,180.0,240.0
20260811_184731__rp1p5__vinf25__incm90__toff59132__Om0__om60,1.65395480787815,0.023315009408980777,-0.0038766573793624,0.0144802448528914,0,,Neptune,1.391686607028186,1.5,25.0,-90.0,59132.0,0.0,60.0
20260811_184731__rp0p5__vinf25__incm90__toff59132__Om0__om285,1.6490245177856655,0.12477770441790825,0.0399340821549391,0.1088566028035788,0,,Neptune,0.7149637956331463,0.5,25.0,-90.0,59132.0,0.0,285.0
20260811_184731__rp0p5__vinf25__inc90__toff59132__Om180__om105,1.6490245176851661,0.12477770440058503,0.0399340821336312,0.1088566027866725,0,,Neptune,0.7149637956327546,0.5,25.0,90.0,59132.0,180.0,105.0
20260811_184731__rp0p75__vinf25__incm90__toff59132__Om0__om90,1.6435113257254146,0.0583598065008098,0.0416043143193861,0.0474818427072698,0,,Uranus,1.5298297886468077,0.75,25.0,-90.0,59132.0,0.0,90.0
20260811_184731__rp0p75__vinf25__inc90__toff59132__Om180__om270,1.6435113246954178,0.05835980629568773,0.0416043144940602,0.047481842534452,0,,Uranus,1.529829788646938,0.75,25.0,90.0,59132.0,180.0,270.0
20260811_184731__rp1__vinf25__inc60__toff59132__Om180__om240,1.6386031216475085,0.06195206521451748,0.053847697653737,0.0302609109467029,0,,Saturn,1.1037451888527503,1.0,25.0,60.0,59132.0,180.0,240.0
20260811_184731__rp1__vinf25__incm60__toff59132__Om0__om60,1.638603121020488,0.06195206508732101,0.0538476975309666,0.0302609109103912,0,,Saturn,1.1037451888526713,1.0,25.0,-60.0,59132.0,0.0,60.0
20260811_184731__rp1__vinf25__incm90__toff59132__Om90__om270,1.6362076872986038,0.0852004084627847,0.0639077649811769,0.0714186070296562,0,,Neptune,1.2154717494349963,1.0,25.0,-90.0,59132.0,90.0,270.0
20260811_184731__rp1__vinf25__inc90__toff59132__Om270__om90,1.6362076861233654,0.08520040822683404,0.0639077646678077,0.0714186068108576,0,,Neptune,1.2154717494350924,1.0,25.0,90.0,59132.0,270.0,90.0
20260811_184731__rp0p75__vinf25__inc60__toff59132__Om270__om60,1.6336767031551824,0.036573386148357694,0.0244130438046158,-0.0053169976453096,0,,Mars,1.520153362156778,0.75,25.0,60.0,59132.0,270.0,60.0
20260811_184731__rp0p75__vinf25__incm60__toff59132__Om90__om240,1.6336766976002828,0.03657338503632286,0.0244130436707651,-0.0053169968609054,0,,Mars,1.5201533621496452,0.75,25.0,-60.0,59132.0,90.0,240.0
20260811_184731__rp1p5__vinf25__incm60__toff59132__Om0__om300,1.6244741900119317,0.014175652003826894,-0.0111058773453489,-0.0012703533672856,0,,Neptune,1.2409573980703794,1.5,25.0,-60.0,59132.0,0.0,300.0
20260811_184731__rp1p5__vinf25__inc60__toff59132__Om180__om120,1.6244741883762153,0.014175651676656532,-0.0111058770877083,-0.0012703531120535,0,,Neptune,1.2409573980703779,1.5,25.0,60.0,59132.0,180.0,120.0
20260811_184731__rp1__vinf25__incm90__toff59132__Om0__om75,1.622739747755705,0.010359717296101056,0.00409789424521,0.00799021962216,0,,Uranus,1.1605732673178928,1.0,25.0,-90.0,59132.0,0.0,75.0
20260811_184731__rp1__vinf25__inc90__toff59132__Om180__om255,1.6227397477079037,0.010359717286506188,0.0040978942270456,0.0079902196146785,0,,Uranus,1.1605732673178089,1.0,25.0,90.0,59132.0,180.0,255.0
20260811_184731__rp1p5__vinf25__inc90__toff59132__Om180__om315,1.6219905537880603,0.015479645992591218,0.0123532891590086,0.0089213847563347,0,,Uranus,1.2793064915429193,1.5,25.0,90.0,59132.0,180.0,315.0
20260811_184731__rp1p5__vinf25__incm90__toff59132__Om0__om135,1.6219905524750537,0.01547964572996929,0.0123532889423606,0.0089213844429621,0,,Uranus,1.279306491542991,1.5,25.0,-90.0,59132.0,0.0,135.0
20260811_184731__rp0p75__vinf25__inc90__toff59132__Om180__om90,1.6203340260359296,0.10350971365901254,-0.0030475419128526,0.0863007998415669,0,,Neptune,1.030223672607755,0.75,25.0,90.0,59132.0,180.0,90.0
20260811_184731__rp0p75__vinf25__incm90__toff59132__Om0__om270,1.62033402550948,0.1035097135541994,-0.0030475418723144,0.0863007997782371,0,,Neptune,1.0302236726077894,0.75,25.0,-90.0,59132.0,0.0,270.0
20260811_184731__rp1p5__vinf25__inc30__toff59132__Om270__om60,1.6177966665788197,0.02838972183733304,0.0046247788944192,0.0223406846438025,0,,Neptune,0.8789716434085801,1.5,25.0,30.0,59132.0,270.0,60.0
20260811_184731__rp1p5__vinf25__incm30__toff59132__Om90__om240,1.6177966657366056,0.028389721668752955,0.0046247787910166,0.0223406845075095,0,,Neptune,0.8789716434085526,1.5,25.0,-30.0,59132.0,90.0,240.0
20260811_184731__rp1p25__vinf25__incm90__toff59132__Om0__om300,1.6048739526243458,0.04299127771565423,0.0176772463663529,0.0343235937649406,0,,Jupiter,0.8752660295376344,1.25,25.0,-90.0,59132.0,0.0,300.0
20260811_184731__rp1p25__vinf25__inc90__toff59132__Om180__om120,1.604873946542727,0.04299127649938651,0.0176772477179266,0.0343235927491844,0,,Jupiter,0.8752660295375454,1.25,25.0,90.0,59132.0,180.0,120.0
20260811_184731__rp1p5__vinf25__incm90__toff59132__Om270__om75,1.6032673786333536,0.051781743357667914,-0.0103050754744639,0.0319303962214094,0,,Uranus,1.0981959915949444,1.5,25.0,-90.0,59132.0,270.0,75.0
20260811_184731__rp1p5__vinf25__inc90__toff59132__Om90__om255,1.6032673784482991,0.05178174332049911,-0.0103050751455706,0.0319303965126209,0,,Uranus,1.0981959915949087,1.5,25.0,90.0,59132.0,90.0,255.0
20260811_184731__rp1p25__vinf25__inc90__toff59132__Om270__om255,1.5821458842018155,0.059050887409871904,-0.0390533162007666,0.0092399291100538,0,,Uranus,0.6964922056149595,1.25,25.0,90.0,59132.0,270.0,255.0
20260811_184731__rp1p25__vinf25__incm90__toff59132__Om90__om75,1.582145883970894,0.05905088736370334,-0.0390533160305202,0.0092399292459823,0,,Uranus,0.6964922056149615,1.25,25.0,-90.0,59132.0,90.0,75.0
20260811_184731__rp1__vinf25__inc90__toff59132__Om0__om60,1.5807148719469155,0.06704435134918749,0.0589123991165422,0.035000053156516,0,,Saturn,1.0604330584718376,1.0,25.0,90.0,59132.0,0.0,60.0
20260811_184731__rp1__vinf25__incm90__toff59132__Om180__om240,1.5807148718848747,0.06704435133791921,0.0589123991053205,0.0350000531492773,0,,Saturn,1.0604330584718435,1.0,25.0,-90.0,59132.0,180.0,240.0
20260811_184731__rp1__vinf25__inc90__toff59132__Om270__om240,1.5797471898242772,0.03267481693416763,0.0145713655540945,0.0258039717024309,0,,Neptune,1.131746994549906,1.0,25.0,90.0,59132.0,270.0,240.0
20260811_184731__rp1__vinf25__incm90__toff59132__Om90__om60,1.5797471891899426,0.0326748168099434,0.0145713656516882,0.025803971601104,0,,Neptune,1.1317469945499405,1.0,25.0,-90.0,59132.0,90.0,60.0
20260811_184731__rp1__vinf25__incm90__toff59132__Om270__om135,1.5765968493990228,0.08205727108005623,0.0619467306203264,0.0685593117336569,0,,Neptune,1.1905395897830378,1.0,25.0,-90.0,59132.0,270.0,135.0
20260811_184731__rp1__vinf25__inc90__toff59132__Om90__om315,1.5765968443972365,0.08205727007956824,0.0619467316426635,0.0685593108606098,0,,Neptune,1.1905395897831355,1.0,25.0,90.0,59132.0,90.0,315.0
20260811_184731__rp1p5__vinf25__inc90__toff59132__Om270__om30,1.5672475293393793,0.05000797890934222,-0.0107538590710035,0.0299593451634022,0,,Uranus,1.0775642125188227,1.5,25.0,90.0,59132.0,270.0,30.0
20260811_184731__rp1p5__vinf25__incm90__toff59132__Om90__om210,1.5672475286849674,0.050007978778430814,-0.0107538588562817,0.0299593452621813,0,,Uranus,1.0775642125188372,1.5,25.0,-90.0,59132.0,90.0,210.0
20260811_184731__rp1__vinf25__inc90__toff59132__Om90__om105,1.5658204924701864,0.041430941826761804,0.0260913151920895,0.0330591066837588,0,,Neptune,1.1971370811241975,1.0,25.0,90.0,59132.0,90.0,105.0
20260811_184731__rp1__vinf25__incm90__toff59132__Om270__om285,1.5658204893812788,0.04143094120314102,0.0260913144069009,0.0330591061607932,0,,Neptune,1.1971370811234954,1.0,25.0,-90.0,59132.0,270.0,285.0
20260811_184731__rp1p25__vinf25__inc60__toff59132__Om90__om270,1.5656424863790157,0.020502547703668487,0.0164543073518635,0.0046488682458002,0,,Neptune,1.0619749832393721,1.25,25.0,60.0,59132.0,90.0,270.0
20260811_184731__rp1p25__vinf25__incm60__toff59132__Om270__om90,1.5656424847980768,0.0205025473874794,0.0164543070867188,0.004648867865329,0,,Neptune,1.0619749832393568,1.25,25.0,-60.0,59132.0,270.0,90.0
20260811_184731__rp1__vinf25__incm60__toff59132__Om270__om120,1.557864180239422,0.11611444886326411,0.1114525443670081,0.0462908789522232,0,,Saturn,0.9967991165014827,1.0,25.0,-60.0,59132.0,270.0,120.0
20260811_184731__rp1__vinf25__inc60__toff59132__Om90__om300,1.5578641799242319,0.11611444880074238,0.111452544290692,0.0462908788834317,0,,Saturn,0.9967991165013406,1.0,25.0,60.0,59132.0,90.0,300.0
20260811_184731__rp1p5__vinf25__incm30__toff59132__Om0__om90,1.5540681319704641,0.11073767574352876,-0.05174874487263,0.0451027152387903,0,,Neptune,1.1141431884317259,1.5,25.0,-30.0,59132.0,0.0,90.0
20260811_184731__rp1p5__vinf25__inc30__toff59132__Om180__om270,1.5540681307062414,0.11073767549127961,-0.051748744548356,0.045102715322168,0,,Neptune,1.1141431884316577,1.5,25.0,30.0,59132.0,180.0,270.0
20260811_184731__rp1p5__vinf25__inc60__toff59132__Om270__om90,1.5454530754011286,0.07624080266613625,0.0683215642508078,0.043177594441674,0,,Uranus,0.9706660342691582,1.5,25.0,60.0,59132.0,270.0,90.0
20260811_184731__rp1p5__vinf25__incm60__toff59132__Om90__om270,1.5454530749223898,0.07624080257033002,0.0683215641486992,0.0431775942982317,0,,Uranus,0.9706660342692381,1.5,25.0,-60.0,59132.0,90.0,270.0
20260811_184731__rp0p75__vinf25__inc90__toff59132__Om180__om105,1.5389162729742203,0.08799592789875656,0.0164753440265384,0.0739381873970708,0,,Jupiter,0.6012047995729379,0.75,25.0,90.0,59132.0,180.0,105.0
20260811_184731__rp0p75__vinf25__incm90__toff59132__Om0__om285,1.5389162714509566,0.08799592759735593,0.0164753436924306,0.0739381871248026,0,,Jupiter,0.6012047995729546,0.75,25.0,-90.0,59132.0,0.0,285.0
20260811_184731__rp1p25__vinf25__incm90__toff59132__Om0__om75,1.532771605296051,0.02553874667741799,-0.0051417842867854,0.0150353420541961,0,,Uranus,1.0388224807663478,1.25,25.0,-90.0,59132.0,0.0,75.0
20260811_184731__rp1p25__vinf25__inc90__toff59132__Om180__om255,1.5327716034967802,0.02553874631734075,-0.0051417836514745,0.015035342387112,0,,Uranus,1.038822480766385,1.25,25.0,90.0,59132.0,180.0,255.0
20260811_184731__rp1p5__vinf25__inc90__toff59132__Om270__om285,1.5248625787729493,0.06088967585957057,-0.0300744846129248,0.0201269428938496,0,,Uranus,1.143934598529056,1.5,25.0,90.0,59132.0,270.0,285.0
20260811_184731__rp1p5__vinf25__incm90__toff59132__Om90__om105,1.5248625783671335,0.06088967577738832,-0.0300744845171098,0.0201269429183399,0,,Uranus,1.1439345985290326,1.5,25.0,-90.0,59132.0,90.0,105.0
20260811_184731__rp1p25__vinf25__inc90__toff59132__Om0__om75,1.520771308112343,0.1054997774048215,-0.0284017274517425,0.0636607371767906,0,,Saturn,0.5850729965314618,1.25,25.0,90.0,59132.0,0.0,75.0
20260811_184731__rp1p25__vinf25__incm90__toff59132__Om180__om255,1.5207713074871387,0.10549977727901588,-0.0284017273919009,0.063660737112212,0,,Saturn,0.5850729965314624,1.25,25.0,-90.0,59132.0,180.0,255.0
20260811_184731__rp1p25__vinf25__incm90__toff59132__Om270__om300,1.517030896150235,0.05546356215257253,-0.0357136884221473,0.0095222907462258,0,,Neptune,0.6737907338380797,1.25,25.0,-90.0,59132.0,270.0,300.0
20260811_184731__rp1p25__vinf25__inc90__toff59132__Om90__om120,1.5170308904083138,0.0554635610041369,-0.0357136872409935,0.0095222909545423,0,,Neptune,0.6737907338379509,1.25,25.0,90.0,59132.0,90.0,120.0
20260811_184731__rp1p5__vinf25__incm90__toff59132__Om0__om255,1.510220061884701,0.055179483738011605,-0.0068732272560476,0.0382342590387485,0,,Uranus,1.0544439701889994,1.5,25.0,-90.0,59132.0,0.0,255.0
20260811_184731__rp1p5__vinf25__inc90__toff59132__Om180__om75,1.5102200615638037,0.05517948367383008,-0.0068732270649594,0.0382342591692194,0,,Uranus,1.0544439701889536,1.5,25.0,90.0,59132.0,180.0,75.0
20260811_184731__rp1__vinf25__inc60__toff59132__Om180__om270,1.5028169530136122,0.09465262877822671,0.0247750342806541,0.079986511440787,0,,Uranus,0.6415497246052225,1.0,25.0,60.0,59132.0,180.0,270.0
20260811_184731__rp1__vinf25__incm60__toff59132__Om0__om90,1.502816952189462,0.09465262861383755,0.0247750341714695,0.0799865112885243,0,,Uranus,0.6415497246052679,1.0,25.0,-60.0,59132.0,0.0,90.0
20260811_184731__rp1p25__vinf25__inc90__toff59132__Om180__om300,1.5021829339135344,0.021294206429665705,0.0164868062314625,0.0166443545387376,0,,Uranus,1.4556094749941804,1.25,25.0,90.0,59132.0,180.0,300.0
20260811_184731__rp1p25__vinf25__incm90__toff59132__Om0__om120,1.5021829283385622,0.021294205314652523,0.0164868029643626,0.0166443536283436,0,,Uranus,1.455609474994145,1.25,25.0,-90.0,59132.0,0.0,120.0
20260811_184731__rp1p5__vinf25__inc90__toff59132__Om0__om105,1.4979769428346663,0.05450847260116988,0.0199069836438782,0.0440589219633486,0,,Neptune,1.1736782850777856,1.5,25.0,90.0,59132.0,0.0,105.0
20260811_184731__rp1p5__vinf25__incm90__toff59132__Om180__om285,1.4979769421483393,0.054508472463996045,0.0199069840969731,0.0440589218445211,0,,Neptune,1.1736782850777596,1.5,25.0,-90.0,59132.0,180.0,285.0
20260811_184731__rp1__vinf25__inc90__toff59132__Om180__om105,1.4963550230042686,0.06043119426247601,0.0050722675861952,0.0493515345843287,0,,Jupiter,1.3064154034058766,1.0,25.0,90.0,59132.0,180.0,105.0
20260811_184731__rp1__vinf25__incm90__toff59132__Om0__om285,1.4963550205363139,0.06043119376693586,0.0050722677311471,0.0493515341480921,0,,Jupiter,1.306415403405802,1.0,25.0,-90.0,59132.0,0.0,285.0
20260811_184731__rp1__vinf25__inc60__toff59132__Om90__om285,1.487122701859499,0.07531550519615957,0.0659404630285717,0.0035257153563335,0,,Mars,0.6703099039149508,1.0,25.0,60.0,59132.0,90.0,285.0
20260811_184731__rp1__vinf25__incm60__toff59132__Om270__om105,1.487122701552156,0.07531550513509952,0.0659404629667402,0.0035257153059154,0,,Mars,0.6703099039126771,1.0,25.0,-60.0,59132.0,270.0,105.0
20260811_184731__rp1p5__vinf25__incm90__toff59132__Om90__om90,1.4846515834371892,0.056420520781892074,-0.0325875534431595,0.0135898790683012,0,,Uranus,0.8805651873084116,1.5,25.0,-90.0,59132.0,90.0,90.0
20260811_184731__rp1p5__vinf25__inc90__toff59132__Om270__om270,1.484651582014684,0.05642052049739181,-0.0325875532712798,0.0135898789936282,0,,Uranus,0.8805651873083571,1.5,25.0,90.0,59132.0,270.0,270.0
20260811_184731__rp1p5__vinf25__inc90__toff59132__Om90__om150,1.469069266853987,0.05852444877214735,-0.0296150619925124,0.0184938207700347,0,,Uranus,1.1015512017294549,1.5,25.0,90.0,59132.0,90.0,150.0
20260811_184731__rp1p5__vinf25__incm90__toff59132__Om270__om330,1.469069256154846,0.05852444663225133,-0.029615060386766,0.0184938205118192,0,,Uranus,1.1015512017295144,1.5,25.0,-90.0,59132.0,270.0,330.0
20260811_184731__rp1p25__vinf25__inc90__toff59132__Om0__om60,1.4614343718800544,0.05711978442371581,0.0248173215707111,0.046292861636145,0,,Saturn,0.950496407355275,1.25,25.0,90.0,59132.0,0.0,60.0
20260811_184731__rp1p25__vinf25__incm90__toff59132__Om180__om240,1.4614343713396853,0.05711978431673603,0.0248173215106505,0.0462928615441772,0,,Saturn,0.9504964073552141,1.25,25.0,-90.0,59132.0,180.0,240.0
20260811_184731__rp0p75__vinf25__incm90__toff59132__Om270__om120,1.4606246865493446,0.07774508365913538,0.0448401888280597,0.0644527171263624,0,,Neptune,0.8436533435270915,0.75,25.0,-90.0,59132.0,270.0,120.0
20260811_184731__rp0p75__vinf25__inc90__toff59132__Om90__om300,1.460624686413045,0.07774508363172838,0.0448401887102857,0.064452717100857,0,,Neptune,0.8436533435271779,0.75,25.0,90.0,59132.0,90.0,300.0
20260811_184731__rp1p25__vinf25__inc90__toff59132__Om270__om90,1.4550952824352865,0.06301948777633898,0.043116924460517,0.0515063966505374,0,,Neptune,1.1123900120600816,1.25,25.0,90.0,59132.0,270.0,90.0
20260811_184731__rp1p25__vinf25__incm90__toff59132__Om90__om270,1.455095277732199,0.06301948683579384,0.0431169232930584,0.0515063958223824,0,,Neptune,1.1123900120599908,1.25,25.0,-90.0,59132.0,90.0,270.0
20260811_184731__rp1p25__vinf25__inc90__toff59132__Om90__om270,1.4448350975834403,0.04736400937096157,-0.0069286831672725,0.0314472776067581,0,,Uranus,0.9119233859327981,1.25,25.0,90.0,59132.0,90.0,270.0
20260811_184731__rp1p25__vinf25__incm90__toff59132__Om270__om90,1.4448350972050223,0.04736400929497511,-0.006928681944662,0.0314472787378675,0,,Uranus,0.9119233859328197,1.25,25.0,-90.0,59132.0,270.0,90.0
20260811_184731__rp1p5__vinf25__incm90__toff59132__Om180__om240,1.4441907153772702,0.07146369089001683,0.001515482381137,0.0592174468696881,0,,Saturn,0.8641984512987745,1.5,25.0,-90.0,59132.0,180.0,240.0
20260811_184731__rp1p5__vinf25__inc90__toff59132__Om0__om60,1.4441907137429317,0.07146369056253639,0.0015154821688431,0.0592174465813595,0,,Saturn,0.8641984512987483,1.5,25.0,90.0,59132.0,0.0,60.0
20260811_184731__rp1p5__vinf25__inc90__toff59132__Om0__om75,1.4424263582171362,0.11348075445568133,-0.0319922803227505,0.0680359953074519,0,,Saturn,0.5305406917127806,1.5,25.0,90.0,59132.0,0.0,75.0
20260811_184731__rp1p5__vinf25__incm90__toff59132__Om180__om255,1.442426347955287,0.11348075240256629,-0.0319922791362657,0.0680359944252651,0,,Saturn,0.5305406917128144,1.5,25.0,-90.0,59132.0,180.0,255.0
20260811_184731__rp1p5__vinf25__incm90__toff59132__Om270__om315,1.4423554843259891,0.05445279009624654,-0.0315392017084217,0.0129327995975996,0,,Uranus,0.8559973120650647,1.5,25.0,-90.0,59132.0,270.0,315.0
20260811_184731__rp1p5__vinf25__inc90__toff59132__Om90__om135,1.4423554837005446,0.054452789971074195,-0.0315392009955011,0.0129328002190346,0,,Uranus,0.8559973120651165,1.5,25.0,90.0,59132.0,90.0,135.0
20260811_184731__rp1p5__vinf25__inc90__toff59132__Om180__om255,1.438205087370396,0.02694357147276765,-0.0056729202986556,0.0156542640183961,0,,Neptune,0.9722408723677289,1.5,25.0,90.0,59132.0,180.0,255.0
20260811_184731__rp1p5__vinf25__incm90__toff59132__Om0__om75,1.4382050837033757,0.026943570739429167,-0.0056729194053206,0.0156542643007125,0,,Neptune,0.9722408723677074,1.5,25.0,-90.0,59132.0,0.0,75.0
20260811_184731__rp1p5__vinf25__incm90__toff59132__Om90__om75,1.438066776936133,0.05109230354294311,-0.0267280353827622,0.0149099649289881,0,,Jupiter,0.596376218763075,1.5,25.0,-90.0,59132.0,90.0,75.0
20260811_184731__rp1p5__vinf25__inc90__toff59132__Om270__om255,1.438066776295024,0.051092303414710834,-0.026728035059321,0.014909965146461,0,,Jupiter,0.5963762187630389,1.5,25.0,90.0,59132.0,270.0,255.0
20260811_184731__rp1p25__vinf25__incm60__toff59132__Om0__om60,1.433258222340813,0.03690238186222137,0.0204447552509691,0.0292853048781049,0,,Saturn,0.9893176170769217,1.25,25.0,-60.0,59132.0,0.0,60.0
20260811_184731__rp1p25__vinf25__inc60__toff59132__Om180__om240,1.4332582221136048,0.03690238181634704,0.0204447550274803,0.0292853048393124,0,,Saturn,0.9893176170770155,1.25,25.0,60.0,59132.0,180.0,240.0
20260811_184731__rp1p25__vinf25__incm60__toff59132__Om90__om225,1.429679949281037,0.03935897079219779,-0.0118729208874707,0.0197976676415499,0,,Neptune,0.894386625410946,1.25,25.0,-60.0,59132.0,90.0,225.0
20260811_184731__rp1p25__vinf25__inc60__toff59132__Om270__om45,1.4296799455338913,0.03935897004263691,-0.0118729198168516,0.0197976680733028,0,,Neptune,0.8943866254110004,1.25,25.0,60.0,59132.0,270.0,45.0
20260811_184731__rp1p5__vinf25__incm90__toff59132__Om270__om270,1.4295263688167879,0.04946558070694311,0.0419930703639624,0.0240381259955853,0,,Neptune,1.3796359774863134,1.5,25.0,-90.0,59132.0,270.0,270.0
20260811_184731__rp1p5__vinf25__inc90__toff59132__Om90__om90,1.4295263678742143,0.04946558051867916,0.0419930701953746,0.0240381261714661,0,,Neptune,1.379635977486919,1.5,25.0,90.0,59132.0,90.0,90.0
20260811_184731__rp1p25__vinf25__incm60__toff59132__Om0__om105,1.4275312465639978,0.06930800701189191,0.0246291071642675,0.0569174711798487,0,,Neptune,0.8800920199120196,1.25,25.0,-60.0,59132.0,0.0,105.0
20260811_184731__rp1p25__vinf25__inc60__toff59132__Om180__om285,1.42753124558457,0.06930800681657225,0.0246291081603641,0.0569174710021672,0,,Neptune,0.8800920199119647,1.25,25.0,60.0,59132.0,180.0,285.0
20260811_184731__rp1__vinf25__incm90__toff59132__Om180__om255,1.4218337051182963,0.0611117854412645,-0.001937191803324,0.0482006208411292,0,,Neptune,0.6678440354378834,1.0,25.0,-90.0,59132.0,180.0,255.0
20260811_184731__rp1__vinf25__inc90__toff59132__Om0__om75,1.4218337049165228,0.061111785400355396,-0.001937192310923,0.0482006203166519,0,,Neptune,0.6678440354379306,1.0,25.0,90.0,59132.0,0.0,75.0
20260811_184731__rp1p5__vinf25__incm90__toff59132__Om270__om300,1.4144850195842809,0.04945433624354815,-0.0249901627334903,0.0152538394806389,0,,Jupiter,0.6425236383626753,1.5,25.0,-90.0,59132.0,270.0,300.0
20260811_184731__rp1p5__vinf25__inc90__toff59132__Om90__om120,1.4144850130013915,0.0494543349272581,-0.0249901620435449,0.0152538390408775,0,,Jupiter,0.6425236383626785,1.5,25.0,90.0,59132.0,90.0,120.0
20260811_184731__rp1p5__vinf25__incm90__toff59132__Om0__om300,1.4046979225556702,0.02372033852374864,0.0118763483009788,0.0185577238197151,0,,Jupiter,0.6691349866068204,1.5,25.0,-90.0,59132.0,0.0,300.0
20260811_184731__rp1p5__vinf25__inc90__toff59132__Om180__om120,1.404697922393684,0.023720338492017806,0.0118763483366072,0.0185577237943778,0,,Jupiter,0.6691349866068141,1.5,25.0,90.0,59132.0,180.0,120.0
20260811_184731__rp1p25__vinf25__incm90__toff59132__Om90__om225,1.404266306400032,0.04307204096164544,-0.0049590319811071,0.0297275249688881,0,,Uranus,0.8772599779705922,1.25,25.0,-90.0,59132.0,90.0,225.0
20260811_184731__rp1p25__vinf25__inc90__toff59132__Om270__om45,1.404266303914957,0.043072040464827745,-0.0049590317645088,0.0297275247607421,0,,Uranus,0.8772599779706113,1.25,25.0,90.0,59132.0,270.0,45.0
20260811_184731__rp0p75__vinf25__incm90__toff59132__Om90__om255,1.4012693924680308,0.07885503320321037,0.0478696517812226,0.0654738062478754,0,,Neptune,0.9290369091260594,0.75,25.0,-90.0,59132.0,90.0,255.0
20260811_184731__rp0p75__vinf25__inc90__toff59132__Om270__om75,1.40126939176821,0.07885503306349478,0.0478696513791091,0.0654738061186653,0,,Neptune,0.9290369091260753,0.75,25.0,90.0,59132.0,270.0,75.0
20260811_184731__rp1p25__vinf25__incm90__toff59132__Om180__om270,1.3990108007649154,0.10041447775481238,-0.0182048879343643,0.068737568176025,0,,Neptune,0.9783867332582612,1.25,25.0,-90.0,59132.0,180.0,270.0
20260811_184731__rp1p25__vinf25__inc90__toff59132__Om0__om90,1.3990108007570567,0.1004144777532452,-0.0182048880426184,0.0687375680687838,0,,Neptune,0.9783867332580991,1.25,25.0,90.0,59132.0,0.0,90.0
20260811_184731__rp1p5__vinf25__incm90__toff59132__Om90__om45,1.388721842645389,0.04431235124774238,0.0372663760175929,0.0219343762020544,0,,Neptune,1.317906401022042,1.5,25.0,-90.0,59132.0,90.0,45.0
20260811_184731__rp1p5__vinf25__inc90__toff59132__Om270__om225,1.388721842077846,0.04431235113429976,0.0372663759221559,0.0219343765412922,0,,Neptune,1.3179064010224326,1.5,25.0,90.0,59132.0,270.0,225.0
20260811_184731__rp1p25__vinf25__inc90__toff59132__Om90__om315,1.3684911299451583,0.06171225377653513,0.0418949034389058,0.0503625339775089,0,,Neptune,1.040124917028905,1.25,25.0,90.0,59132.0,90.0,315.0
20260811_184731__rp1p25__vinf25__incm90__toff59132__Om270__om135,1.3684911297542912,0.06171225373873937,0.0418949045507756,0.050362533959743,0,,Neptune,1.0401249170289688,1.25,25.0,-90.0,59132.0,270.0,135.0
20260811_184731__rp1p5__vinf25__inc90__toff59132__Om180__om90,1.3652307944996473,0.045107941480943756,-0.0065150751327103,0.0299309646415685,0,,Jupiter,1.1658464592038964,1.5,25.0,90.0,59132.0,180.0,90.0
20260811_184731__rp1p5__vinf25__incm90__toff59132__Om0__om270,1.3652307941217616,0.04510794140519648,-0.0065150750402716,0.0299309646676858,0,,Jupiter,1.1658464592039093,1.5,25.0,-90.0,59132.0,0.0,270.0
20260811_184731__rp1p5__vinf25__inc60__toff59132__Om180__om240,1.3596309806257438,0.04823866222552507,0.001012909871907,0.0389033306388673,0,,Saturn,0.869604849661973,1.5,25.0,60.0,59132.0,180.0,240.0
20260811_184731__rp1p5__vinf25__incm60__toff59132__Om0__om60,1.35963097960204,0.048238662020771775,0.0010129097995669,0.0389033304657352,0,,Saturn,0.8696048496619914,1.5,25.0,-60.0,59132.0,0.0,60.0
20260811_184731__rp1p5__vinf25__incm90__toff59132__Om0__om120,1.358731661765089,0.006316813434689336,0.0045745777615299,-0.0003638072079084,0,,Uranus,1.313610068736336,1.5,25.0,-90.0,59132.0,0.0,120.0
20260811_184731__rp1p5__vinf25__inc90__toff59132__Om180__om300,1.3587316594891574,0.006316812979491141,0.0045745776969151,-0.0003638069194954,0,,Uranus,1.3136100687363301,1.5,25.0,90.0,59132.0,180.0,300.0
20260811_184731__rp1p25__vinf25__incm60__toff59132__Om270__om105,1.3559545311066887,0.057901476283659686,0.0478840488216706,-0.001198159473068,0,,Saturn,0.6372446010963364,1.25,25.0,-60.0,59132.0,270.0,105.0
20260811_184731__rp1p25__vinf25__inc60__toff59132__Om90__om285,1.3559545286752472,0.05790147579704991,0.047884048596858,-0.0011981592652683,0,,Saturn,0.637244601096473,1.25,25.0,60.0,59132.0,90.0,285.0
20260811_184731__rp1p25__vinf25__incm90__toff59132__Om0__om270,1.3506792284762092,0.059908325821900185,-0.0065849697355608,0.0426474966083835,0,,Neptune,0.7008161923685663,1.25,25.0,-90.0,59132.0,0.0,270.0
20260811_184731__rp1p25__vinf25__inc90__toff59132__Om180__om90,1.3506792227175024,0.05990832467017033,-0.0065849686432745,0.04264749665824,0,,Neptune,0.7008161923685221,1.25,25.0,90.0,59132.0,180.0,90.0
20260811_184731__rp1p25__vinf25__incm90__toff59132__Om90__om60,1.3426335320429816,0.023629988175991247,-0.0061508232873349,0.0124959161798146,0,,Neptune,1.0258091994081928,1.25,25.0,-90.0,59132.0,90.0,60.0
20260811_184731__rp1p25__vinf25__inc90__toff59132__Om270__om240,1.342633531960137,0.02362998815958069,-0.0061508235515312,0.0124959159059078,0,,Neptune,1.0258091994083418,1.25,25.0,90.0,59132.0,270.0,240.0
20260811_184731__rp1p5__vinf25__incm60__toff59132__Om270__om105,1.3415761276840719,0.04403732674885579,0.0325527027725854,-0.0037803020155787,0,,Saturn,1.0556224481796432,1.5,25.0,-60.0,59132.0,270.0,105.0
20260811_184731__rp1p5__vinf25__inc60__toff59132__Om90__om285,1.3415761092729113,0.04403732306658191,0.0325527012693552,-0.0037803003690451,0,,Saturn,1.055622448179,1.5,25.0,60.0,59132.0,90.0,285.0
20260811_184731__rp1p5__vinf25__inc60__toff59132__Om90__om270,1.3400782245540444,0.01566854156330915,0.0124585191378417,0.0012835986181516,0,,Neptune,1.0105575951762749,1.5,25.0,60.0,59132.0,90.0,270.0
20260811_184731__rp1p5__vinf25__incm60__toff59132__Om270__om90,1.340078219883076,0.015668540629081514,0.0124585183814617,0.0012835993333958,0,,Neptune,1.010557595176281,1.5,25.0,-60.0,59132.0,270.0,90.0
20260811_184731__rp1p25__vinf25__inc60__toff59132__Om90__om300,1.3251229795724986,0.08928975281942765,0.0813599984318368,0.0342486516937994,0,,Saturn,0.9161898626066034,1.25,25.0,60.0,59132.0,90.0,300.0
20260811_184731__rp1p25__vinf25__incm60__toff59132__Om270__om120,1.3251229789839178,0.08928975270181475,0.0813599983064542,0.0342486516434465,0,,Saturn,0.9161898626065377,1.25,25.0,-60.0,59132.0,270.0,120.0
20260811_184731__rp1__vinf25__incm60__toff59132__Om90__om255,1.303289913593281,0.08074648198954454,0.0724255799672214,0.0313977362234935,0,,Saturn,0.6832718276941036,1.0,25.0,-60.0,59132.0,90.0,255.0
20260811_184731__rp1__vinf25__inc60__toff59132__Om270__om75,1.3032899121635906,0.08074648170302295,0.0724255796863942,0.0313977364843079,0,,Saturn,0.6832718276940329,1.0,25.0,60.0,59132.0,270.0,75.0
20260811_184731__rp1__vinf25__inc90__toff59132__Om180__om90,1.2967943035538885,0.08013835116891695,-0.0066130554844884,0.0608155681544498,0,,Neptune,0.8475883615376784,1.0,25.0,90.0,59132.0,180.0,90.0
20260811_184731__rp1__vinf25__incm90__toff59132__Om0__om270,1.2967942980036917,0.08013835005898523,-0.0066130544987621,0.0608155680819851,0,,Neptune,0.8475883615376943,1.0,25.0,-90.0,59132.0,0.0,270.0
20260811_184731__rp1p25__vinf25__incm90__toff59132__Om0__om285,1.2947483301540554,0.040619146339254834,0.0007000352305975,0.032472306431452,0,,Jupiter,1.306114067308843,1.25,25.0,-90.0,59132.0,0.0,285.0
20260811_184731__rp1p25__vinf25__inc90__toff59132__Om180__om105,1.2947483266757647,0.04061914564420837,0.0007000357831529,0.0324723058408333,0,,Jupiter,1.3061140673088727,1.25,25.0,90.0,59132.0,180.0,105.0
20260811_184731__rp1__vinf25__inc90__toff59132__Om180__om270,1.2931234534375458,0.02007941662407261,0.0042694490963423,0.0156535820102108,0,,Uranus,1.3110184135615315,1.0,25.0,90.0,59132.0,180.0,270.0
20260811_184731__rp1__vinf25__incm90__toff59132__Om0__om90,1.2931234532125602,0.020079416579114887,0.0042694488320828,0.0156535819753302,0,,Uranus,1.3110184135615524,1.0,25.0,-90.0,59132.0,0.0,90.0
20260811_184731__rp1__vinf25__inc60__toff59132__Om270__om60,1.2833576709796939,0.040690459102362686,0.0197359392940054,-0.013187273192044,0,,Uranus,0.562414274772762,1.0,25.0,60.0,59132.0,270.0,60.0
20260811_184731__rp1__vinf25__incm60__toff59132__Om90__om240,1.283357669122889,0.04069045873097068,0.0197359383474576,-0.0131872737944201,0,,Uranus,0.5624142747727682,1.0,25.0,-60.0,59132.0,90.0,240.0
20260811_184731__rp1p5__vinf25__incm90__toff59132__Om90__om270,1.2739348415990024,0.04481781858829148,0.0289919942069764,0.0358990076409789,0,,Neptune,0.9723594269289515,1.5,25.0,-90.0,59132.0,90.0,270.0
20260811_184731__rp1p5__vinf25__inc90__toff59132__Om270__om90,1.273934840712152,0.0448178184109427,0.0289919940925315,0.0358990074920588,0,,Neptune,0.9723594269290066,1.5,25.0,90.0,59132.0,270.0,90.0
20260811_184731__rp1__vinf25__incm90__toff59132__Om90__om240,1.269833970646768,0.04456342023664229,0.0118607883068421,0.0356594308682653,0,,Uranus,0.6023425501941428,1.0,25.0,-90.0,59132.0,90.0,240.0
20260811_184731__rp1__vinf25__inc90__toff59132__Om270__om60,1.2698339695484033,0.04456342001668204,0.0118607881135038,0.0356594306846464,0,,Uranus,0.6023425501941664,1.0,25.0,90.0,59132.0,270.0,60.0
20260811_184731__rp1__vinf25__inc90__toff59132__Om180__om285,1.2646022218257065,0.03235394056086132,0.0203442342453185,0.0255646809395044,0,,Uranus,1.469824790359285,1.0,25.0,90.0,59132.0,180.0,285.0
20260811_184731__rp1__vinf25__incm90__toff59132__Om0__om105,1.2646022214198256,0.03235394047974432,0.0203442343523935,0.0255646808742096,0,,Uranus,1.4698247903591943,1.0,25.0,-90.0,59132.0,0.0,105.0
20260811_184731__rp1p25__vinf25__inc90__toff59132__Om90__om105,1.2636956028212045,0.019481636947892407,0.0013294775007625,0.0151915508824028,0,,Neptune,1.0841027995712407,1.25,25.0,90.0,59132.0,90.0,105.0
20260811_184731__rp1p25__vinf25__incm90__toff59132__Om270__om285,1.2636955945274544,0.01948163528837064,0.0013294790874839,0.0151915495491842,0,,Neptune,1.084102799570852,1.25,25.0,-90.0,59132.0,270.0,285.0
20260811_184731__rp1p5__vinf25__incm90__toff59132__Om90__om60,1.2567206981687233,0.03175808818549243,-0.0085349085670126,0.0167757707785638,0,,Neptune,0.9458931121647619,1.5,25.0,-90.0,59132.0,90.0,60.0
20260811_184731__rp1p5__vinf25__inc90__toff59132__Om270__om240,1.2567206953540677,0.03175808762270201,-0.0085349079223199,0.0167757709516207,0,,Neptune,0.9458931121657188,1.5,25.0,90.0,59132.0,270.0,240.0
20260811_184731__rp1__vinf25__inc90__toff59132__Om90__om285,1.249666091221442,0.045354095232609616,0.008243545208027,0.0363548256265841,0,,Uranus,0.6657152471832934,1.0,25.0,90.0,59132.0,90.0,285.0
20260811_184731__rp1__vinf25__incm90__toff59132__Om270__om105,1.2496660849530958,0.04535409397992861,0.0082435466300018,0.0363548245556784,0,,Uranus,0.6657152471832002,1.0,25.0,-90.0,59132.0,270.0,105.0
20260811_184731__rp1p5__vinf25__inc90__toff59132__Om90__om105,1.2461609512918257,0.02832909514619379,-0.0058690676729697,0.0165909359223771,0,,Neptune,0.9913053134463239,1.5,25.0,90.0,59132.0,90.0,105.0
20260811_184731__rp1p5__vinf25__incm90__toff59132__Om270__om285,1.2461609497369817,0.02832909483692401,-0.0058690659388292,0.0165909373763374,0,,Neptune,0.9913053134450099,1.5,25.0,-90.0,59132.0,270.0,285.0
20260811_184731__rp1p25__vinf25__incm90__toff59132__Om0__om90,1.2137343382422872,0.01628336808993267,-0.003356564618703,0.0093666891549212,0,,Uranus,1.1575905999442004,1.25,25.0,-90.0,59132.0,0.0,90.0
20260811_184731__rp1p25__vinf25__inc90__toff59132__Om180__om270,1.2137343381498578,0.016283368071434066,-0.0033565646153811,0.0093666891435136,0,,Uranus,1.1575905999442528,1.25,25.0,90.0,59132.0,180.0,270.0
20260811_184731__rp1p5__vinf25__incm90__toff59132__Om270__om135,1.1978968978673739,0.042635555893501334,0.0284306025050943,0.0340785839733258,0,,Neptune,0.9421888354743926,1.5,25.0,-90.0,59132.0,270.0,135.0
20260811_184731__rp1p5__vinf25__inc90__toff59132__Om90__om315,1.1978968969412902,0.042635555708449485,0.0284306029372142,0.0340785838239384,0,,Neptune,0.9421888354743471,1.5,25.0,90.0,59132.0,90.0,315.0
20260811_184731__rp1p5__vinf25__inc90__toff59132__Om90__om270,1.1886361757420225,0.03109876856316897,-0.0034907739099909,0.0211923146480944,0,,Uranus,0.8091047758112562,1.5,25.0,90.0,59132.0,90.0,270.0
20260811_184731__rp1p5__vinf25__incm90__toff59132__Om270__om90,1.1886361727228723,0.03109876795930032,-0.0034907736869594,0.0211923143705201,0,,Uranus,0.8091047758112697,1.5,25.0,-90.0,59132.0,270.0,90.0
20260811_184731__rp1p5__vinf25__incm90__toff59132__Om90__om225,1.1787238223865057,0.0290365585611177,-0.0028873570270585,0.0200937726930155,0,,Uranus,0.7686876404362083,1.5,25.0,-90.0,59132.0,90.0,225.0
20260811_184731__rp1p5__vinf25__inc90__toff59132__Om270__om45,1.1787238221304162,0.029036558510063076,-0.0028873568767268,0.0200937727983201,0,,Uranus,0.7686876404361855,1.5,25.0,90.0,59132.0,270.0,45.0
20260811_184731__rp1p5__vinf25__incm60__toff59132__Om90__om225,1.1726944638039418,0.02831406276096704,-0.008256493402591,0.0142235208810933,0,,Neptune,0.8497393853851125,1.5,25.0,-60.0,59132.0,90.0,225.0
20260811_184731__rp1p5__vinf25__inc60__toff59132__Om270__om45,1.1726944630286527,0.028314062605923444,-0.0082564933123697,0.0142235208435367,0,,Neptune,0.8497393853850832,1.5,25.0,60.0,59132.0,270.0,45.0
20260811_184731__rp1p25__vinf25__incm60__toff59132__Om0__om90,1.172581718458155,0.06072935194257141,-0.0075001695366512,0.0424794015340119,0,,Uranus,0.5448116100101118,1.25,25.0,-60.0,59132.0,0.0,90.0
20260811_184731__rp1p25__vinf25__inc60__toff59132__Om180__om270,1.1725817182720715,0.06072935190554979,-0.0075001695093381,0.0424794015279974,0,,Uranus,0.5448116100100809,1.25,25.0,60.0,59132.0,180.0,270.0
20260811_184731__rp1p5__vinf25__incm60__toff59132__Om270__om120,1.1629821512048046,0.06436033642733915,0.0559444769753684,0.023162875502283,0,,Saturn,0.8008533342524966,1.5,25.0,-60.0,59132.0,270.0,120.0
20260811_184731__rp1p5__vinf25__inc60__toff59132__Om90__om300,1.1629821505530504,0.06436033629675698,0.0559444768518201,0.0231628755631654,0,,Saturn,0.8008533342524329,1.5,25.0,60.0,59132.0,90.0,300.0
20260811_184731__rp1p5__vinf25__incm90__toff59132__Om0__om90,1.1505606567832967,0.01281410663457759,-0.0033991873793204,0.0065832430076838,0,,Uranus,1.0470270043036454,1.5,25.0,-90.0,59132.0,0.0,90.0
20260811_184731__rp1p5__vinf25__inc90__toff59132__Om180__om270,1.150560655878271,0.012814106453703759,-0.0033991872865126,0.0065832429567764,0,,Uranus,1.0470270043035939,1.5,25.0,90.0,59132.0,180.0,270.0
20260811_184731__rp1p5__vinf25__incm90__toff59132__Om180__om270,1.143537488587286,0.07789024131240631,-0.0274075602843868,0.0382684630678397,0,,Neptune,0.831897861455195,1.5,25.0,-90.0,59132.0,180.0,270.0
20260811_184731__rp1p5__vinf25__inc90__toff59132__Om0__om90,1.1435374883995353,0.07789024127583517,-0.0274075602266185,0.038268463092136,0,,Neptune,0.831897861454701,1.5,25.0,90.0,59132.0,0.0,90.0
20260811_184731__rp1__vinf25__inc60__toff59132__Om180__om255,1.1230491494932857,0.050461524290082015,0.013022807626679,0.0406400926096327,0,,Saturn,0.7447351622447134,1.0,25.0,60.0,59132.0,180.0,255.0
20260811_184731__rp1__vinf25__incm60__toff59132__Om0__om75,1.1230491488477878,0.050461524160899336,0.0130228077432011,0.0406400924987556,0,,Saturn,0.7447351622447076,1.0,25.0,-60.0,59132.0,0.0,75.0
20260811_184731__rp1p5__vinf25__incm90__toff59132__Om0__om285,1.114201914277483,0.02325369281458051,0.0010440829086825,0.0182146150550648,0,,Jupiter,1.0231928828008363,1.5,25.0,-90.0,59132.0,0.0,285.0
20260811_184731__rp1p5__vinf25__inc90__toff59132__Om180__om105,1.1142019025511027,0.023253690469263243,0.0010440844977587,0.018214613155574,0,,Jupiter,1.023192882800796,1.5,25.0,90.0,59132.0,180.0,105.0
20260811_184731__rp1p25__vinf25__incm90__toff59132__Om0__om105,1.0872529158466901,0.006820609862278528,0.0042525934790674,0.0052421758775665,0,,Uranus,1.3136885802975817,1.25,25.0,-90.0,59132.0,0.0,105.0
20260811_184731__rp1p25__vinf25__inc90__toff59132__Om180__om285,1.0872529153448676,0.006820609761946149,0.0042525938221925,0.0052421758005029,0,,Uranus,1.3136885802975498,1.25,25.0,90.0,59132.0,180.0,285.0
20260811_184731__rp1p5__vinf25__incm60__toff59132__Om0__om105,1.083424030225907,0.023103408279200984,0.0048310452581777,0.0180704216141945,0,,Neptune,0.77150932092291,1.5,25.0,-60.0,59132.0,0.0,105.0
20260811_184731__rp1p5__vinf25__inc60__toff59132__Om180__om285,1.0834240286436279,0.023103407962914522,0.0048310443117122,0.0180704213644088,0,,Neptune,0.7715093209228735,1.5,25.0,60.0,59132.0,180.0,285.0
20260811_184731__rp1p25__vinf25__incm90__toff59132__Om90__om240,1.0725350842616648,0.029458860348161583,0.0085865533816932,0.023190071150606,0,,Saturn,0.6334754035874137,1.25,25.0,-90.0,59132.0,90.0,240.0
20260811_184731__rp1p25__vinf25__inc90__toff59132__Om270__om60,1.0725350841369723,0.02945886032310872,0.0085865534008168,0.0231900711301774,0,,Saturn,0.6334754035874586,1.25,25.0,90.0,59132.0,270.0,60.0
20260811_184731__rp1p25__vinf25__incm60__toff59132__Om0__om75,1.0703006503183699,0.06630404456149303,-0.0107215189805773,0.0442821841128986,0,,Saturn,0.6541583331628446,1.25,25.0,-60.0,59132.0,0.0,75.0
20260811_184731__rp1p25__vinf25__inc60__toff59132__Om180__om255,1.0703006487380358,0.06630404424533835,-0.0107215183648791,0.0442821844322459,0,,Saturn,0.6541583331628482,1.25,25.0,60.0,59132.0,180.0,255.0
20260811_184731__rp1p25__vinf25__incm60__toff59132__Om90__om255,1.0641403239308893,0.06179714242183022,0.0533902734968011,0.019608486766403,0,,Saturn,0.5411855471824997,1.25,25.0,-60.0,59132.0,90.0,255.0
20260811_184731__rp1p25__vinf25__inc60__toff59132__Om270__om75,1.0641403195676886,0.06179714154948325,0.0533902726894536,0.0196084875253785,0,,Saturn,0.541185547182445,1.25,25.0,60.0,59132.0,270.0,75.0
20260811_184731__rp1p5__vinf25__inc90__toff59132__Om180__om285,1.050441696817948,0.005918782754054564,0.0006288960969863,-0.0039266369510102,0,,Uranus,1.193419889192185,1.5,25.0,90.0,59132.0,180.0,285.0
20260811_184731__rp1p5__vinf25__incm90__toff59132__Om0__om105,1.0504416958278333,0.00591878255601914,0.0006288960134751,-0.0039266368801393,0,,Uranus,1.1934198891921683,1.5,25.0,-90.0,59132.0,0.0,105.0
20260811_184731__rp1p25__vinf25__incm90__toff59132__Om270__om105,1.0482894464145445,0.03043842148390312,0.0081203174005789,0.0239891006571489,0,,Saturn,0.5522778982456067,1.25,25.0,-90.0,59132.0,270.0,105.0
20260811_184731__rp1p25__vinf25__inc90__toff59132__Om90__om285,1.048289440379789,0.030438420277105593,0.0081203167321414,0.0239890996763774,0,,Saturn,0.5522778982455581,1.25,25.0,90.0,59132.0,90.0,285.0
20260811_184731__rp1__vinf25__inc90__toff59132__Om270__om75,1.041125222612206,0.05539055154443393,0.0369611453705406,0.044888458049518,0,,Neptune,0.8035450916478509,1.0,25.0,90.0,59132.0,270.0,75.0
20260811_184731__rp1__vinf25__incm90__toff59132__Om90__om255,1.0411252222289495,0.05539055146761043,0.0369611453342492,0.0448884579837184,0,,Neptune,0.8035450916478144,1.0,25.0,-90.0,59132.0,90.0,255.0
20260811_184731__rp1__vinf25__inc90__toff59132__Om90__om300,1.0320802341316184,0.05416885226086789,0.0325649432937501,0.0438046187523581,0,,Neptune,0.7513494893459454,1.0,25.0,90.0,59132.0,90.0,300.0
20260811_184731__rp1__vinf25__incm90__toff59132__Om270__om120,1.0320802319478382,0.05416885182396034,0.0325649436248799,0.0438046183836306,0,,Neptune,0.7513494893459242,1.0,25.0,-90.0,59132.0,270.0,120.0
20260811_184731__rp1p5__vinf25__incm60__toff59132__Om0__om75,0.9801374184157006,0.0704473924710535,-0.0144172793458524,0.0443826757430462,0,,Saturn,0.5900624036090061,1.5,25.0,-60.0,59132.0,0.0,75.0
20260811_184731__rp1p5__vinf25__inc60__toff59132__Om180__om255,0.9801374180887403,0.0704473924059059,-0.0144172797946577,0.0443826752429662,0,,Saturn,0.5900624036090334,1.5,25.0,60.0,59132.0,180.0,255.0
20260811_184731__rp1p25__vinf25__incm60__toff59132__Om90__om240,0.9730005487591935,0.03172502613244465,0.0137660659120922,-0.0115796810180539,0,,Uranus,0.4877961571504976,1.25,25.0,-60.0,59132.0,90.0,240.0
20260811_184731__rp1p25__vinf25__inc60__toff59132__Om270__om60,0.9730005485644055,0.03172502609296722,0.0137660655991475,-0.0115796812892814,0,,Uranus,0.48779615715054636,1.25,25.0,60.0,59132.0,270.0,60.0
20260811_184731__rp1p5__vinf25__inc60__toff59132__Om180__om270,0.9655841556523669,0.04443577253668487,-0.0104300181784975,0.025513975182954,0,,Uranus,0.4781537267654397,1.5,25.0,60.0,59132.0,180.0,270.0
20260811_184731__rp1p5__vinf25__incm60__toff59132__Om0__om90,0.9655841553465141,0.044435772474770756,-0.0104300186314523,0.0255139746835261,0,,Uranus,0.4781537267654067,1.5,25.0,-60.0,59132.0,0.0,90.0
20260811_184731__rp1p5__vinf25__incm90__toff59132__Om90__om240,0.9587124818381503,0.019139836145659745,0.0073755709601771,0.0148997761485078,0,,Saturn,0.7218503561629754,1.5,25.0,-90.0,59132.0,90.0,240.0
20260811_184731__rp1p5__vinf25__inc90__toff59132__Om270__om60,0.9587124774646956,0.019139835270976426,0.0073755701791632,0.0148997754539289,0,,Saturn,0.7218503561630021,1.5,25.0,90.0,59132.0,270.0,60.0
20260811_184731__rp1p5__vinf25__inc90__toff59132__Om90__om285,0.9284550905642114,0.01932185062046596,0.0046578357349876,0.0150488825108475,0,,Saturn,0.6629204936750531,1.5,25.0,90.0,59132.0,90.0,285.0
20260811_184731__rp1p5__vinf25__incm90__toff59132__Om270__om105,0.9284550883718428,0.01932185018168719,0.004657835692189,0.0150488821618181,0,,Saturn,0.662920493675088,1.5,25.0,-90.0,59132.0,270.0,105.0
20260811_184731__rp1p5__vinf25__inc60__toff59132__Om270__om60,0.9138675408694295,0.025007567790684814,0.0097654774850634,-0.0100295293069881,0,,Uranus,0.4337447870163713,1.5,25.0,60.0,59132.0,270.0,60.0
20260811_184731__rp1p5__vinf25__incm60__toff59132__Om90__om240,0.9138675395831448,0.025007567533417284,0.0097654771110636,-0.0100295294645448,0,,Uranus,0.4337447870164113,1.5,25.0,-60.0,59132.0,90.0,240.0
20260811_184731__rp1p5__vinf25__incm60__toff59132__Om90__om255,0.8800443751817744,0.044405130477450296,0.0371406366199017,0.0113636657192592,0,,Uranus,0.4310544663132453,1.5,25.0,-60.0,59132.0,90.0,255.0
20260811_184731__rp1p5__vinf25__inc60__toff59132__Om270__om75,0.8800443723312754,0.04440512990736477,0.0371406361159104,0.0113636660572221,0,,Uranus,0.43105446631321365,1.5,25.0,60.0,59132.0,270.0,75.0
20260811_184731__rp1p25__vinf25__incm90__toff59132__Om90__om255,0.8391235165320973,0.03888249655253046,0.025933361405629,0.0309526139920819,0,,Neptune,0.7176917400492577,1.25,25.0,-90.0,59132.0,90.0,255.0
20260811_184731__rp1p25__vinf25__inc90__toff59132__Om270__om75,0.8391235152545657,0.0388824962969926,0.0259333617463809,0.030952613784658,0,,Neptune,0.7176917400492181,1.25,25.0,90.0,59132.0,270.0,75.0
20260811_184731__rp1p25__vinf25__incm90__toff59132__Om270__om120,0.7866173507465972,0.03732726444144574,0.0242871527323661,0.0296593377003856,0,,Neptune,0.6854340726916942,1.25,25.0,-90.0,59132.0,270.0,120.0
20260811_184731__rp1p25__vinf25__inc90__toff59132__Om90__om300,0.786617345990167,0.03732726349005257,0.0242871517146158,0.0296593369106596,0,,Neptune,0.6854340726916134,1.25,25.0,90.0,59132.0,90.0,300.0
20260811_184731__rp1p5__vinf25__inc90__toff59132__Om270__om75,0.7644016304617636,0.02707334749661153,0.0195268324378968,0.0212875114517,0,,Neptune,0.6563330997326576,1.5,25.0,90.0,59132.0,270.0,75.0
20260811_184731__rp1p5__vinf25__incm90__toff59132__Om90__om255,0.7644016291961809,0.027073347243525968,0.019526832753027,0.0212875112506932,0,,Neptune,0.656333099732619,1.5,25.0,-90.0,59132.0,90.0,255.0
20260811_184731__rp1p5__vinf25__inc90__toff59132__Om90__om300,0.6691853785182365,0.026126728481981096,0.0173891892750216,0.0205114642658147,0,,Neptune,0.6191393498948544,1.5,25.0,90.0,59132.0,90.0,300.0
20260811_184731__rp1p5__vinf25__incm90__toff59132__Om270__om120,0.6691853748325954,0.026126727744910413,0.0173891898482948,0.0205114636774372,0,,Neptune,0.6191393498948888,1.5,25.0,-90.0,59132.0,270.0,120.0
